domain,title,business_name,country,seo_score,tech_spend,crawled_at,technologies
jennyhookcurtains.co.uk,"Jenny Hook Curtains – Quality fabrics and a friendly, personal approach",,,60,503,2026-09-13T13:10:30.468729936Z,"['Alternate Protocol', 'Apache', 'Better Lead Generation Services', 'Blocksy', 'Content Delivery Network', 'CookieYes', 'Elementor', 'EmbedPress', 'GZIP Module', 'Google Cloud DNS', 'Google Font API', 'Instagram Feed for WordPress', 'Instagram Follow Button', 'LiteSpeed', 'NFOrce Internet', 'PHP', 'Theme In WP', 'UTF-8', 'WordPress', 'WordPress Multisite', 'jQuery']"
havenhomes.ie,Haven – Your Best Move,,IRL,65,24405,2026-09-13T12:59:13.625618768Z,"['Alternate Protocol', 'Contact Form Plugin', 'CookieYes', 'Elementor', 'EmbedPress', 'Essential Addons for Elementor', 'GZIP Module', 'Google', 'Google Analytics', 'Google Cloud CDN', 'Google Cloud DNS', 'Google Font API', 'Google My Business', 'Google Tag Manager', 'Instagram Follow Button', 'M247', 'Newsletter for Wordpress', 'Nginx', 'PHP', 'Slider Revolution', 'Startit', 'Theme In WP', 'UTF-8', 'WPBakery', 'WordPress', 'WordPress Multisite', 'YouTube', 'eLand', 'jQuery', 'jsDelivr', 'reCAPTCHA']"
maitlandtravel.co.uk,Home - Maitland Travel,Maitland Travel,AUS,92,18668,2026-09-13T12:45:57.571919174Z,"['Alternate Protocol', 'Apache', 'Content Delivery Network', 'CookieYes', 'EmbedPress', 'Facebook Login', 'Facebook Reseller', 'Fireblade', 'Flying Pages by WP Speed Matters', 'GZIP Module', 'Google', 'Google Cloud DNS', 'Google Font API', 'Google Related Website Sites', 'Instagram Follow Button', 'Koko Analytics', 'Microdata for Google Shopping', 'PHP', 'Pagekit', 'Popup Maker for Wordpress', 'Responsive Data', 'Schema Plugin', 'Slider Revolution', 'Theme In WP', 'Twitter Ads', 'UTF-8', 'WPBakery', 'Woo Themes', 'WordPress', 'WordPress Multisite', 'eLand', 'jQuery', 'jsDelivr']"
lundatec.com,LundaTec - Welcome to LundaTec,LundaTec,,67,751,2026-09-13T12:45:57.547455094Z,"['AJAX Libraries API', 'Alternate Protocol', 'Contact Form Plugin', 'CookieYes', 'Embed Any Document', 'EmbedPress', 'Font Awesome', 'Fontello', 'Google Analytics', 'Google Cloud DNS', 'Google Font API', 'Google Tag Manager', 'Microdata for Google Shopping', 'Nginx', 'PHP', 'Perl', 'Silverlight', 'Slider Revolution', 'Theme In WP', 'TranslatePress', 'UTF-8', 'Woo Themes', 'WooCommerce', 'WooCommerce Checkout', 'WordPress', 'WordPress Multisite', 'eLand', 'jQuery', 'mod_pagespeed']"
adfilteringdevsummit.com,Ad Blocker Developer Summit,,VEN,60,9602,2026-09-13T12:25:24.075070355Z,"['AWS WAF Challenge', 'AdGuard', 'Adobe Creative Cloud WebFonts', 'Alternate Protocol', 'Cisco/Arrowpoint Content Service Switch', 'Cloudflare', 'Content Delivery Network', 'CookieYes', 'Corporate Governance and Regulatory Compliance', 'Element Pack Lite', 'Elementor', 'EmbedPress', 'Fireblade', 'Google Cloud DNS', 'Google Font API', 'Hello Elementor', 'NFOrce Internet', 'PHP', 'Slack', 'Theme In WP', 'UTF-8', 'WP Engine', 'WordPress', 'WordPress Multisite', 'jQuery']"
seera-films.org,Seera – Just another WordPress site,,DEU,65,2808,2026-09-13T12:03:18.554188361Z,"['Alternate Protocol', 'Apture Linking Platform', 'Cloudflare', 'Content Delivery Network', 'CookieYes', 'Elementor', 'ElementsKit Elementor', 'EmbedPress', 'GoDaddy', 'Header, Footer and Blocks for Elementor', 'Hello Elementor', 'Instagram Follow Button', 'MailChimp', 'NFOrce Internet', 'PHP', 'Theme In WP', 'UTF-8', 'WordPress', 'WordPress Multisite', 'YouTube', 'jQuery']"
humaninmotion.com,Human In Motion Robotics – Intelligent Innovation in Human Motion,,PRK,70,28550,2026-09-13T12:03:18.541463582Z,"['Alternate Protocol', 'Content Delivery Network', 'CookieYes', 'Element Pack Lite', 'Elementor', 'EmbedPress', 'GZIP Module', 'HubSpot Conversations', 'HubSpot WordPress Plugin', 'Hubspot', 'InMotion Hosting', 'Instagram Follow Button', 'Microdata for Google Shopping', 'Nginx', 'PHP', 'Parallels Plesk Panel', 'QUIC', 'RM Education', 'Schema Plugin', 'Theme In WP', 'UTF-8', 'University or College', 'WordPress', 'WordPress Multisite', 'YouTube', 'jQuery']"
ampersandtable.com,Ampersand Table,,GBR,72,3329,2026-09-13T11:42:40.283436424Z,"['Content Delivery Network', 'CookieYes', 'Easy Pie Chart', 'Fastly', 'GZIP Module', 'GitHub Hosting', 'Google Analytics', 'Google Tag Manager', 'IcoMoon', 'Instagram Follow Button', 'Placehold IT', 'Plausible Analytics', 'Tailwind CSS', 'Twitter Ads', 'UTF-8', 'YouTube', 'jQuery']"
talkofthetowncoupons.com,Mailing Upscale Publications | Talk Of The Town Coupons,,USA,92,18620,2026-09-13T11:42:40.250113425Z,"['AWS WAF Challenge', 'Alternate Protocol', 'Cloudflare', 'Contact Form Plugin', 'Content Delivery Network', 'CookieYes', 'DAV', 'Divi', 'Elegant Themes', 'EmbedPress', 'Google Analytics', 'Google Cloud DNS', 'Google Font API', 'Google My Business', 'Google Related Website Sites', 'Google Tag Manager', 'Instagram Follow Button', 'Microdata for Google Shopping', 'PHP', 'Sitelinks Search Box', 'Theme In WP', 'UTF-8', 'WP Engine', 'WordPress', 'WordPress Multisite', 'jQuery', 'reCAPTCHA']"
antcube.shop,ANTCUBE by ANTSTORE - the perfect home for your ant colony,ANTCUBE,DEU,82,81376,2026-09-13T11:22:15.555246565Z,"['Akamai Bot Manager', 'Alternate Protocol', 'Apture Linking Platform', 'Automattic', 'Autoptimize', 'Cloudflare', 'Cloudflare Bot Manager', 'Cloudflare CDN', 'Cloudflare Web Analytics', 'CookieYes', 'DAV', 'DoubleClick Bid Manager', 'EmbedPress', 'Fireblade', 'Flatsome', 'GZIP Module', 'Google Analytics', 'Google Maps', 'Google My Business', 'Google Related Website Sites', 'Google Tag Manager', 'IcoMoon', 'Instagram Follow Button', 'Jetpack', 'K2F', 'Kitco', 'Microdata for Google Shopping', 'MonsterInsights', 'Ntent', 'Perl', 'QUIC', 'Sign In With Google', 'Tailwind CSS', 'TranslatePress', 'TrustIndex', 'Twitter Ads', 'UTF-8', 'Woo Themes', 'WordPress', 'WordPress Multisite', 'WordPress Stats', 'YouTube', 'jQuery', 'reCAPTCHA']"
ledgerbennett.com,"Global B2B Marketing Agency, B2B Demand Generation | Ledger Bennett",Ledger Bennett,,72,67490,2026-09-13T10:49:49.934136924Z,"['AJAX Libraries API', 'AWS WAF Challenge', 'Adult Content', 'Alternate Protocol', 'BJ Lazy Load for WordPress', 'Contact Form Plugin', 'Content Delivery Network', 'Contento', 'CookieYes', 'EmbedPress', 'Fastly', 'GZIP Module', 'GatedContent.com', 'Google', 'Google Analytics', 'Google Cloud DNS', 'Google Font API', 'Google Maps', 'Google My Business', 'Google Tag Manager', 'HubSpot Conversations', 'HubSpot WordPress Plugin', 'Hubspot', 'Lazy Load for WordPress', 'Microdata for Google Shopping', 'Nginx', 'Ntent', 'PHP', 'QUIC', 'Subversion', 'Theme In WP', 'Twitter Ads', 'UTF-8', 'Vimeo', 'WordPress', 'WordPress Multisite', 'jQuery', 'reCAPTCHA']"
symsim.eu,SYMSIM22 – Vielen Dank an alle Teilnehmer,,DEU,77,17861,2026-09-13T10:18:44.165951025Z,"['Alternate Protocol', 'CookieYes', 'EmbedPress', 'Endis', 'GZIP Module', 'Google', 'Google Analytics', 'Google Cloud CDN', 'Google Cloud DNS', 'Google Font API', 'Google My Business', 'Google Tag Manager', 'Instagram Follow Button', 'Microdata for Google Shopping', 'Nginx', 'PHP', 'Perl', 'Slider Revolution', 'Theme In WP', 'UTF-8', 'University or College', 'WPBakery', 'Woo Themes', 'WordPress', 'WordPress Multisite', 'jQuery']"
fitpreneur.ie,Web Design & Digital Solutions for Irish Fitness & Wellness Businesses,Fitpreneur.ie,,82,3941,2026-09-13T10:18:44.160269071Z,"['Alternate Protocol', 'Contact Form Plugin', 'Content Delivery Network', 'CookieYes', 'Elementor', 'EmbedPress', 'Google Cloud DNS', 'Google Font API', 'Google My Business', 'Google Related Website Sites', 'Instagram Follow Button', 'LiteSpeed', 'Microdata for Google Shopping', 'NFOrce Internet', 'PHP', 'Tailwind CSS', 'Theme In WP', 'Twitter Ads', 'UTF-8', 'WordPress', 'WordPress Multisite', 'eLand', 'jQuery', 'reCAPTCHA']"
sarcmediq.com,Home - SARC MedIQ,,USA,77,38922,2026-09-13T10:04:04.150016212Z,"['Alternate Protocol', 'AthenaHealth', 'Content Delivery Network', 'CookieYes', 'EmbedPress', 'GZIP Module', 'Google', 'Google Analytics', 'Google Cloud DNS', 'Google Font API', 'Google My Business', 'Google Tag Manager', 'Instagram Follow Button', 'KVH', 'LinkedIn Pixel', 'LiteSpeed', 'Microdata for Google Shopping', 'PHP', 'QUIC', 'Sitelinks Search Box', 'Tailwind CSS', 'Theme In WP', 'UTF-8', 'WordPress', 'WordPress Multisite', 'YouTube', 'jsDelivr', 'reCAPTCHA', 'shadcn ui']"
divinesigns.co.uk,Signage & Vehicle Graphics | Divine Signs,Divine Signs Ltd,GBR,87,23335,2026-09-13T09:52:09.744647923Z,"['AWS WAF Challenge', 'Alternate Protocol', 'Automattic', 'BatCache', 'Cloudflare', 'Cloudflare CDN', 'CookieYes', 'Elementor', 'EmbedPress', 'Fastly', 'Google', 'Google Analytics', 'Google Maps', 'Google My Business', 'Google Related Website Sites', 'Google Tag Manager', 'Gutenberg', 'Hello Elementor', 'Instagram Follow Button', 'Jetpack', 'Jetpack Site Accelerator', 'Microdata for Google Shopping', 'MonsterInsights', 'NFOrce Internet', 'Nginx', 'Pagekit', 'QUIC', 'Smush Image Optimization', 'Table Addons for Elementor', 'UTF-8', 'University or College', 'WordPress', 'WordPress Multisite', 'WordPress Stats', 'jQuery']"
apscreens.com,Industrial Woven Wire Mesh & Screening Media Manufacturer,,,67,5821,2026-09-13T09:43:40.289026136Z,"['Alternate Protocol', 'CookieYes', 'Elementor', 'EmbedPress', 'GTranslate', 'Google Analytics', 'Google Cloud DNS', 'Google Font API', 'Google My Business', 'Google Tag Manager', 'Hello Elementor', 'LiteSpeed', 'Microdata for Google Shopping', 'NFOrce Internet', 'PHP', 'QUIC', 'Sitelinks Search Box', 'UTF-8', 'WhatsApp Sharing', 'WordPress', 'WordPress Multisite', 'Yandex Hosting', 'YouTube', 'jQuery', 'reCAPTCHA']"
houseofdreams.co.uk,House of Dreams - Premium furniture. Fair prices.,House of Dreams,AUS,82,3327,2026-09-13T09:20:59.469935689Z,"['Alternate Protocol', 'Apache', 'Contact Form Plugin', 'Content Delivery Network', 'CookieYes', 'DAV', 'ElementUI', 'Elementor', 'EmbedPress', 'Facebook Conversion Tracking', 'Facebook Login', 'Facebook Messenger Platform', 'Facebook Pixel', 'Facebook Reseller', 'Facebook Tag API', 'GZIP Module', 'Google Analytics', 'Google Cloud DNS', 'Google Font API', 'Google Related Website Sites', 'Google Tag Manager', 'IcoMoon', 'Klarna On Site Messaging', 'Microdata for Google Shopping', 'NFOrce Internet', 'PHP', 'Perl', 'Pico CSS', 'QUIC', 'Slider Revolution', 'Theme In WP', 'UTF-8', 'Woo Themes', 'WooCommerce', 'WooCommerce Checkout', 'WordPress', 'WordPress Multisite', 'jQuery']"
antico-pozzo.it,Antico Pozzo,,ITA,72,35033,2026-09-13T09:00:17.08754343Z,"['AWS WAF Challenge', 'Apache', 'Azion', 'Cloudflare', 'Cloudflare CDN', 'Cloudflare Turnstile', 'CookieYes', 'Fastly', 'GZIP Module', 'Google Analytics', 'Google My Business', 'Google Recommendations AI', 'Google Tag Manager', 'Instagram Follow Button', 'Microdata for Google Shopping', 'Pico CSS', 'UTF-8', 'reCAPTCHA']"
tarn-tarn.co.uk,Tarn & Tarn | The City Fringe Property Agency,Tarn & Tarn,GBR,77,2001,2026-09-13T08:34:08.736149639Z,"['Adobe Creative Cloud WebFonts', 'Alternate Protocol', 'AutoComplete', 'CookieYes', 'EmbedPress', 'GZIP Module', 'Google Analytics', 'Google My Business', 'Gravity', 'Gravity Forms', 'Instagram Follow Button', 'Lazy Load for WordPress', 'Microdata for Google Shopping', 'MouseWheel Smooth Scroll', 'Nginx', 'PHP', 'Tailwind CSS', 'Theme In WP', 'UTF-8', 'WordPress', 'WordPress Multisite', 'jQuery', 'reCAPTCHA']"
narissawright.co.uk,Narissa Wright | Founder of I Am Chosen,Narissa Wright,,82,1292,2026-09-13T08:24:25.374678664Z,"['Big Cartel', 'Coming Soon Page', 'Content Delivery Network', 'CookieYes', 'Digital Ocean Spaces', 'Google Analytics', 'Google Tag Manager', 'Instagram Follow Button', 'Line2', 'Microdata for Google Shopping', 'Netlify', 'UTF-8']"
manorhialeah.com,Hialeah Apartments | Welcome to Manor Hialeah | Home,Manor Hialeah Luxury Apartments,USA,82,44880,2026-09-13T08:24:25.347589549Z,"['Adult Content', 'Alternate Protocol', 'Cloudflare', 'Cloudflare CDN', 'Content Delivery Network', 'CookieYes', 'Elementor', 'EmbedPress', 'Google Analytics', 'Google Tag Manager', 'Gravity', 'Header, Footer and Blocks for Elementor', 'Hello Elementor', 'Instagram Follow Button', 'Microdata for Google Shopping', 'NFOrce Internet', 'Premium Addons for Elementor', 'RealPage', 'Sticky Header Effects for Elementor', 'UTF-8', 'Weglot', 'WordPress', 'WordPress Multisite', 'jQuery']"
wedootechnologies.com,"WeDoo Technologies – We design, You deliver",WeDoo Technologies Pvt Ltd,IND,75,8485,2026-09-13T08:10:30.825656135Z,"['Alternate Protocol', 'Content Delivery Network', 'CookieYes', 'Elementor', 'EmbedPress', 'Gravity', 'Gravity Forms', 'HappyAddons', 'Hello Elementor', 'IcoMoon', 'Instagram Follow Button', 'Line2', 'LiteSpeed', 'Microdata for Google Shopping', 'NFOrce Internet', 'PHP', 'QUIC', 'QUIC.cloud', 'To Top', 'UTF-8', 'Vector Internet Services', 'Woo Themes', 'WordPress', 'WordPress Multisite']"
centrefoundation.org,Centre Foundation | Community Philanthropy for Centre County PA,Centre Foundation,,82,20018,2026-09-13T07:58:59.569133901Z,"['501c3 Status Nonprofit', 'AWS WAF Challenge', 'Alternate Protocol', 'Cloudflare', 'Constant Contact', 'Content Delivery Network', 'CookieYes', 'Cornerstone', 'Elementor', 'EmbedPress', 'Google Analytics', 'Google Related Website Sites', 'Google Tag Manager', 'Hello Elementor', 'InitiativeS', 'Instagram Follow Button', 'Microdata for Google Shopping', 'Microsoft Clarity', 'NFOrce Internet', 'PHP', 'Perfmatters', 'Popup Maker for Wordpress', 'Premium Addons for Elementor', 'Royal Elementor Addons', 'SearchWP', 'Table Addons for Elementor', 'The Events Calendar', 'Theme In WP', 'UTF-8', 'University or College', 'WP Engine', 'WordPress', 'WordPress Multisite', 'YouTube', 'jQuery']"
heating-retrofit.eu,HARP - Heating Appliances Retrofit Planning,,PRT,87,2119,2026-09-13T07:48:14.14690651Z,"['Alternate Protocol', 'Angular', 'CookieYes', 'Download Monitor', 'EmbedPress', 'GZIP Module', 'Google Analytics', 'Google Cloud DNS', 'Google Font API', 'Google My Business', 'IcoMoon', 'Microdata for Google Shopping', 'Nginx', 'PHP', 'Slider Revolution', 'Tailwind CSS', 'Theme In WP', 'Twitter Ads', 'UTF-8', 'WPBakery', 'WordPress', 'WordPress Multisite', 'jQuery', 'reCAPTCHA']"
firefly.se,Intelligent fire protection that keeps you in production,Firefly,SWE,92,24768,2026-09-13T07:12:59.380282358Z,"['Alternate Protocol', 'Azion', 'Cloudflare', 'Content Delivery Network', 'CookieYes', 'Corporate Governance and Regulatory Compliance', 'DAV', 'EmbedPress', 'Fastly', 'Fireblade', 'Formidable Pro Form', 'GZIP Module', 'Google', 'Google Analytics', 'Google My Business', 'Google Tag Manager', 'Instagram Follow Button', 'Investor Relations', 'Microdata for Google Shopping', 'PHP', 'Pico CSS', 'QUIC', 'Snitcher', 'Theme In WP', 'UTF-8', 'Vimeo', 'WPML Multilingual', 'WordPress', 'WordPress Multisite', 'YouTube', 'jQuery', 'reCAPTCHA']"
hgsolutions.ca,Home - Holly Gifford Small Business Solutions,,,67,9786,2026-09-13T06:45:55.680966048Z,"['Alternate Protocol', 'Apache', 'Brevo', 'CookieYes', 'EmbedPress', 'Fastly', 'GZIP Module', 'Google Analytics', 'Google Cloud DNS', 'Google Font API', 'Google Related Website Sites', 'Google Tag Manager', 'Gutenberg Blocks by Kadence Blocks', 'HostGator', 'Kadence WP', 'Kitco', 'Microdata for Google Shopping', 'PHP', 'Pagekit', 'Smush Image Optimization', 'Theme In WP', 'WordPress', 'WordPress Multisite', 'jQuery']"
rijmsportsagency.com,HOME - RIJM sportsagency,RIJM sportsagency,,82,2880,2026-09-13T06:25:10.70296159Z,"['Alternate Protocol', 'Apache', 'Bunny Fonts', 'CookieYes', 'Elementor', 'EmbedPress', 'Essential Addons for Elementor', 'GZIP Module', 'GeneratePress Company', 'Google My Business', 'Google Related Website Sites', 'Gtranslate for Wordpress', 'Instagram Feed for WordPress', 'Instagram Follow Button', 'Microdata for Google Shopping', 'PHP', 'Pico CSS', 'Table Addons for Elementor', 'UTF-8', 'WordPress', 'WordPress Multisite', 'reCAPTCHA']"
huysmansenzonen.be,Huysmans & Zonen,,,50,23411,2026-09-13T06:25:10.690403672Z,"['Alternate Protocol', 'Apture Linking Platform', 'Bunny Fonts', 'CookieYes', 'DAV', 'Elementor', 'EmbedPress', 'Federal Deposit Insurance Corporation', 'Financial Services Guide', 'GZIP Module', 'Google Analytics', 'Google My Business', 'Google Tag Manager', 'Hexo', 'IcoMoon', 'Idaq', 'K2F', 'Lazy Load for WordPress', 'Neve', 'Nginx', 'No-Q', 'OptiMonk', 'PHP', 'Paessler', 'Pico CSS', 'Popup Maker for Wordpress', 'SMC', 'Site Kit', 'Stackable Page Builder Gutenberg Blocks', 'Subversion', 'Theme In WP', 'UTF-8', 'WP Rocket', 'WordPress', 'WordPress Multisite', 'jQuery', 'reCAPTCHA']"
terracert.eu,Home - TerraCert,,,62,27334,2026-09-13T06:01:12.742152277Z,"['AWS WAF Challenge', 'Advanced Popups', 'Alternate Protocol', 'Animate It', 'Apache', 'Cloudflare', 'Cloudflare Bot Manager', 'Contact Form Plugin', 'CookieYes', 'Elementor', 'EmbedPress', 'Express', 'Fontello', 'Google', 'Google Analytics', 'Google Cloud CDN', 'Google Cloud DNS', 'Google Font API', 'Google Forms', 'Google My Business', 'Google Tag Manager', 'Gtranslate for Wordpress', 'IcoMoon', 'InitiativeS', 'Instagram Follow Button', 'MailChimp for WordPress', 'Microdata for Google Shopping', 'NFOrce Internet', 'PHP', 'Perl', 'QUIC', 'Sitelinks Search Box', 'Slider Revolution', 'Theme In WP', 'UTF-8', 'Vector Internet Services', 'WordPress', 'WordPress Multisite', 'eLand', 'jQuery']"
primitivesatcrowhollow.com,Primitives at Crow Hollow,,BRA,67,372,2026-09-13T06:01:12.737829604Z,"['AJAX Libraries API', 'Apache', 'CookieYes', 'Font Awesome', 'GZIP Module', 'Google Cloud DNS', 'UTF-8', 'jQuery']"
shinerm.com,"Harker Heights Property Management Company Serving Bell County & Coryell County | Shine Residential Management, Inc.","Shine Residential Management, Inc.",KEN,67,83269,2026-09-13T06:01:12.722288219Z,"['AWS WAF Challenge', 'Alternate Protocol', 'Amazon WAF Blocked', 'Anti-spam for WordPress', 'AppFolio', 'CleanTalk Spam Protect', 'Cloudflare', 'Content Delivery Network', 'CookieYes', 'DAV', 'Divi', 'Elegant Themes', 'EmbedPress', 'Fireblade', 'Font Awesome', 'Fourandhalf', 'Google Analytics', 'Google Tag Manager', 'Microdata for Google Shopping', 'One Designs', 'PHP', 'Pagekit', 'PropertyMeld', 'Prospective', 'QUIC', 'RM Education', 'Smush Image Optimization', 'Tailwind CSS', 'Theme In WP', 'UTF-8', 'Vector Internet Services', 'WP Engine', 'Woo Themes', 'WordPress', 'WordPress Multisite', 'jQuery']"
nookarchitecture.co.uk,Nook Architecture & Design | Sustainable Architecture,,GBR,77,3681,2026-09-13T05:37:38.779705087Z,"['Alternate Protocol', 'Content Delivery Network', 'CookieYes', 'Elementor', 'EmbedPress', 'Google Analytics', 'Google My Business', 'Google Tag Manager', 'Hello Elementor', 'Instagram Follow Button', 'LiteSpeed', 'Metricool', 'Microdata for Google Shopping', 'NFOrce Internet', 'UTF-8', 'University or College', 'WordPress', 'WordPress Multisite', 'jQuery', 'reCAPTCHA']"
dartmouthdevonholidays.co.uk,Dartmouth Holiday Chalets At Norton Park | Book Direct,Dartmouth Holiday Chalets,GBR,92,1085,2026-09-13T05:24:43.366950595Z,"['Alternate Protocol', 'Apache', 'Book Direct', 'Content Delivery Network', 'CookieYes', 'EmbedPress', 'FormSubmit', 'Formidable Pro Form', 'GZIP Module', 'Google Analytics', 'Google Cloud DNS', 'Google Maps', 'Google My Business', 'Google Tag Manager', 'IcoMoon', 'Instagram Follow Button', 'Microdata for Google Shopping', 'PHP', 'Python', 'QUIC', 'Sitelinks Search Box', 'Theme In WP', 'Twitter Ads', 'UTF-8', 'WordPress', 'WordPress Multisite', 'YouTube', 'jQuery']"
birchlakecounseling.com,Home - Birch Lake Counseling,,,65,16503,2026-09-13T05:13:04.649387295Z,"['AWS WAF Challenge', 'Alternate Protocol', 'Cloudflare', 'Content Delivery Network', 'CookieYes', 'EmbedPress', 'Fancybox for WordPress', 'Microdata for Google Shopping', 'PHP', 'QUIC', 'Tailwind CSS', 'Theme In WP', 'UTF-8', 'WP Engine', 'WPBakery', 'WordPress', 'WordPress Multisite', 'jQuery']"
slotsmansion.com,100% Independent & Trusted Online Casino Reviews,Slots Mansion,USA,92,55583,2026-09-13T04:36:55.540673722Z,"['AWS WAF Challenge', 'Affroller', 'Alternate Protocol', 'Amazon WAF Blocked', 'Anti-spam for WordPress', 'Apache', 'Apture Linking Platform', 'Be Gamble Aware', 'BunnyCDN', 'BunnyCDN General', 'CleanTalk Spam Protect', 'CommissionKings.ag', 'Content Delivery Network', 'CookieYes', 'EmbedPress', 'Fireblade', 'Font Awesome', 'GZIP Module', 'Gambling Content', 'Google Analytics', 'Google Cloud DNS', 'Google Font API', 'Google Related Website Sites', 'Google Tag Manager', 'Jetpack', 'Lazy Load for WordPress', 'Mercury', 'Microdata for Google Shopping', 'PHP', 'QUIC', 'RM Education', 'Sassy Social Share', 'TUNE', 'Twitter Ads', 'UTF-8', 'WP Rocket', 'Way', 'WebPartners', 'WordPress', 'WordPress Multisite', 'WordPress Stats', 'YouTube', 'jQuery', 'wpForo Forum']"
cityfencing.net,Fencing Supplies Online - City Fencing,,GBR,77,11277,2026-09-13T04:36:55.49638595Z,"['Alternate Protocol', 'Apture Linking Platform', 'Baidu Cloud', 'Cloudflare', 'Cloudflare CDN', 'CookieYes', 'Express', 'Google', 'Google Analytics', 'Google Cloud DNS', 'Google Maps', 'Google Tag Manager', 'IcoMoon', 'Instagram Follow Button', 'Microdata for Google Shopping', 'Microsoft Clarity', 'QUIC', 'Shopify', 'Shopify Collabs', 'UTF-8', 'Yandex Hosting', 'eLand', 'hCaptcha', 'jsDelivr', 'reCAPTCHA']"
terranostraexport.it,"Terra Nostra Export: Sicilian Quality, Tradition Worldwide","Terra Nostra Export: Sicilian Quality, Tradition Worldwide",ITA,77,4893,2026-09-13T04:23:34.564144871Z,"['Alternate Protocol', 'Apture Linking Platform', 'Contact Form Plugin', 'CookieYes', 'DAV', 'Elementor', 'EmbedPress', 'Express', 'GZIP Module', 'Google', 'Google Cloud CDN', 'Google Cloud DNS', 'Google Font API', 'Google My Business', 'IcoMoon', 'MailChimp for WordPress', 'Microdata for Google Shopping', 'Nginx', 'PHP', 'Polylang', 'QUIC', 'Sitelinks Search Box', 'Theme In WP', 'UTF-8', 'Woo Themes', 'WooCommerce', 'WooCommerce Checkout', 'WordPress', 'WordPress Multisite', 'YouTube', 'jQuery', 'reCAPTCHA']"
purpleuc.buzz,PurpleUC - Smarter Telecoms and Connectivity Solutions,PurpleUC,GBR,77,17042,2026-09-13T04:15:18.40247662Z,"['AWS WAF Challenge', 'Alternate Protocol', 'Content Delivery Network', 'CookieYes', 'EmbedPress', 'Google Analytics', 'Google Related Website Sites', 'Google Tag Manager', 'IcoMoon', 'Instagram Follow Button', 'LiteSpeed', 'Microdata for Google Shopping', 'PHP', 'Pipedrive', 'QUIC', 'Site Kit', 'ThemeFusion', 'Twitter Ads', 'UTF-8', 'WordPress', 'WordPress Multisite', 'jQuery']"
filtrationmedic.co.uk,Filtration Medic |,,,50,181,2026-09-13T04:15:18.384931289Z,"['Alternate Protocol', 'Apache', 'Content Delivery Network', 'CookieYes', 'Divi', 'Elegant Themes', 'EmbedPress', 'GZIP Module', 'Google Analytics', 'Google Cloud DNS', 'Google Font API', 'Google Tag Manager', 'PHP', 'Theme In WP', 'UTF-8', 'Woo Themes', 'WordPress', 'WordPress Multisite', 'jQuery']"
omegadirect.biz,Omega Direct – Simplifying Business Success,,GBR,80,2079,2026-09-13T04:15:18.377436604Z,"['Alternate Protocol', 'Content Delivery Network', 'CookieYes', 'Cornerstone', 'Corporate Governance and Regulatory Compliance', 'Elementor', 'EmbedPress', 'Google Maps', 'Google My Business', 'Hello Elementor', 'LiteSpeed', 'NFOrce Internet', 'PHP', 'Royal Elementor Addons', 'UTF-8', 'WordPress', 'WordPress Multisite', 'jQuery']"
wightruralhub.co.uk,Wight Rural Hub | Supporting rural enterprise to prosper,,GBR,65,1503,2026-09-13T04:01:40.006147926Z,"['Alternate Protocol', 'CookieYes', 'Custom Facebook Feed', 'Divi', 'Elegant Themes', 'EmbedPress', 'EventOn', 'GZIP Module', 'Google Analytics', 'Google Cloud DNS', 'Google Font API', 'Google Maps', 'Google Tag Manager', 'Instagram Follow Button', 'Metricool', 'Nginx', 'PHP', 'Parallels Plesk Panel', 'Theme In WP', 'UTF-8', 'Woo Themes', 'WooCommerce', 'WooCommerce Checkout', 'WooCommerce Payments', 'WordPress', 'WordPress Multisite', 'eLand', 'jQuery']"
mcm-financial.com,Home - McM Financial,,GBR,77,15889,2026-09-13T04:01:39.971456743Z,"['Alternate Protocol', 'Cloudflare', 'Cloudflare CDN', 'Content Delivery Network', 'CookieYes', 'EmbedPress', 'Fancybox for WordPress', 'Fireblade', 'Font Awesome', 'Google Analytics', 'Google Cloud DNS', 'Google Font API', 'IcoMoon', 'PHP', 'Sitelinks Search Box', 'Theme In WP', 'UTF-8', 'WordPress', 'WordPress Multisite', 'jQuery']"
e-epos.co.uk,Everything EPOS - EPOS Systems & EPOS Software in the UK,Everything Epos,USA,77,58883,2026-09-13T04:01:39.970692692Z,"['Ajax Search Lite', 'Ajax Search Pro for Wordpress', 'Alternate Protocol', 'Automattic', 'Content Delivery Network', 'CookieYes', 'Divi', 'Elegant Themes', 'ElementUI', 'Elementor', 'EmbedPress', 'Facebook Conversion Tracking', 'Facebook Login', 'Facebook Messenger Platform', 'Facebook Pixel', 'Facebook Reseller', 'Facebook Tag API', 'Font Awesome', 'GZIP Module', 'Gambling Content', 'Google', 'Google Analytics', 'Google Cloud CDN', 'Google Cloud DNS', 'Google Font API', 'Google My Business', 'Google Recommendations AI', 'Google Related Website Sites', 'Google Tag Manager', 'Instagram Follow Button', 'Jetpack', 'MailChimp', 'NFOrce Internet', 'Ntent', 'PHP', 'Perl', 'QUIC', 'Sassy Social Share', 'Slider Revolution', 'Solid Digital', 'Sucuri Cloudproxy', 'Table Addons for Elementor', 'UTF-8', 'Vector Internet Services', 'Woo Themes', 'WooCommerce', 'WooCommerce Checkout', 'WooCommerce Payments', 'WordPress', 'WordPress Multisite', 'WordPress Stats', 'Zendesk Guide', 'eLand', 'jQuery', 'qTranslate', 'reCAPTCHA']"
fsdrewno.pl,Homepage | FS Drewno,,POL,77,1762,2026-09-13T03:50:59.971478418Z,"['Alternate Protocol', 'Apache', 'Complianz', 'Contact Form Plugin', 'CookieYes', 'ElementUI', 'EmbedPress', 'Facebook Conversion Tracking', 'Facebook Login', 'Facebook Messenger Platform', 'Facebook Pixel', 'Facebook Reseller', 'Facebook Tag API', 'Fancybox for WordPress', 'GZIP Module', 'Google Analytics', 'Google Cloud DNS', 'Google Font API', 'Google My Business', 'Google Related Website Sites', 'Google Tag Manager', 'Icons8', 'Microdata for Google Shopping', 'PHP', 'PWA', 'Polylang', 'Sitelinks Search Box', 'SuperPWA', 'Tailwind CSS', 'Theme In WP', 'UTF-8', 'WordPress', 'WordPress Multisite']"
capsher.com,Custom Business Software Development Company - Capsher Technology,CAPSHER,,72,28905,2026-09-13T03:50:59.950800732Z,"['AWS WAF Challenge', 'Alternate Protocol', 'Autoptimize', 'CallRail', 'Cloudflare', 'Content Delivery Network', 'CookieYes', 'Cornerstone', 'EmbedPress', 'FooBox', 'Google Analytics', 'Google Cloud DNS', 'Google Font API', 'Google My Business', 'Google Tag Manager', 'Gravity', 'Gravity Forms', 'HubSpot WordPress Plugin', 'Microdata for Google Shopping', 'PHP', 'Slider Revolution', 'UTF-8', 'University or College', 'WP Engine', 'WP Job Openings', 'Woo Themes', 'WordPress', 'WordPress Multisite', 'jQuery', 'reCAPTCHA']"
studioexcel.co.uk,StudioExcel - Digital Agency - 20 years of Web Design Experience,StudioExcel,GBR,77,2955,2026-09-13T03:39:04.906147872Z,"['Alternate Protocol', 'Apache', 'Content Delivery Network', 'CookieYes', 'EmbedPress', 'Fastly', 'GZIP Module', 'Google Analytics', 'Google Cloud DNS', 'Google Font API', 'Google Tag Manager', 'Microdata for Google Shopping', 'Oxygen', 'Oxygen Builder', 'PHP', 'QUIC', 'Sitelinks Search Box', 'The SEO Framework', 'Twenty Twenty-Four', 'UTF-8', 'WordPress', 'WordPress Multisite', 'jQuery']"
talkclub.org,HOW ARE YOU? OUT OF 10? - Talk Club,,,65,18342,2026-09-13T03:07:06.847565236Z,"['AWS WAF Challenge', 'Alternate Protocol', 'App Store', 'BuddyBoss', 'Cloudflare', 'Content Delivery Network', 'CookieYes', 'EmbedPress', 'Facebook Login', 'Facebook Messenger Platform', 'Facebook Pixel', 'Facebook Reseller', 'Font Awesome', 'Google Analytics', 'Google My Business', 'Google Play', 'Google Tag Manager', 'IcoMoon', 'Instagram Feed for WordPress', 'Instagram Follow Button', 'Jetpack', 'MemberPress', 'Microdata for Google Shopping', 'PHP', 'QUIC', 'SiteW', 'The Events Calendar', 'Theme In WP', 'Twitter Ads', 'UTF-8', 'University or College', 'WP Engine', 'WoWonder', 'WordPress', 'WordPress Multisite', 'WordPress Stats', 'YouTube', 'Zeffy', 'jQuery']"
tricemedical.com,Big Ideas. Small Procedures. - Trice Medical,Trice Medical,USA,77,184760,2026-09-13T03:07:06.815073803Z,"['Adobe Creative Cloud WebFonts', 'Alternate Protocol', 'Content Delivery Network', 'CookieYes', 'Elementor', 'EmbedPress', 'Fastly', 'GZIP Module', 'Google', 'Google Analytics', 'Google Cloud CDN', 'Google Cloud DNS', 'Google Font API', 'Google Tag Manager', 'HubSpot Conversations', 'HubSpot WordPress Plugin', 'Hubspot', 'Microdata for Google Shopping', 'NFOrce Internet', 'NexHealth', 'Nginx', 'PHP', 'Salesforce Hosted', 'Slider Revolution', 'Theme In WP', 'UTF-8', 'WordPress', 'WordPress Multisite', 'YouTube', 'jQuery']"
harringtonlaw.co.uk,Harrington Law: Employment Law Solicitors | York & Leeds,Harrington Law ,CAN,77,17166,2026-09-13T02:42:34.928112184Z,"['Adobe Creative Cloud WebFonts', 'Alternate Protocol', 'Aruba', 'CookieYes', 'Corporate Governance and Regulatory Compliance', 'Express', 'Fireblade', 'GZIP Module', 'Google Related Website Sites', 'Instagram Follow Button', 'Line2', 'Microdata for Google Shopping', 'QUIC', 'Squarespace', 'UTF-8', 'WordPress SEO Structured Data Schema Plugin', 'eLand']"
akpetservices.co.uk,AK Pet Service - Pet Transportation & Pet Ambulance Service,AK Pet Service,,82,6827,2026-09-13T02:31:52.712713074Z,"['Alternate Protocol', 'Apache', 'Content Delivery Network', 'CookieYes', 'Elementor', 'EmbedPress', 'GZIP Module', 'Google Analytics', 'Google Cloud DNS', 'Google Font API', 'Google My Business', 'Google Tag Manager', 'Gravity', 'Gravity Forms', 'IcoMoon', 'Microdata for Google Shopping', 'NFOrce Internet', 'PHP', 'Perl', 'Slider Revolution', 'Trustpilot Reviews for WordPress', 'Twitter Ads', 'UTF-8', 'Vimeo', 'WordPress', 'WordPress Multisite', 'reCAPTCHA']"
pinolazzara.com,Pino Lazzara | Home,,ITA,67,22241,2026-09-13T02:31:52.691202494Z,"['Azion', 'ClaraNET', 'CookieYes', 'GZIP Module', 'Google Analytics', 'Google Cloud DNS', 'Google Font API', 'Google Tag Manager', 'IcoMoon', 'Instagram Follow Button', 'Nginx', 'PHP', 'Parallels Plesk Panel', 'UTF-8', 'jQuery']"
b4content.com,International Market Expansion | b4content,b4content,POL,82,3340,2026-09-13T02:31:52.685680485Z,"['Alternate Protocol', 'Ametys', 'Apache', 'Better Lead Generation Services', 'CookieYes', 'Elementor', 'EmbedPress', 'Express', 'GZIP Module', 'Google Analytics', 'Google Cloud DNS', 'Google Font API', 'Google My Business', 'Google Tag Manager', 'Header, Footer and Blocks for Elementor', 'Hello Elementor', 'Microdata for Google Shopping', 'NFOrce Internet', 'Ntent', 'PHP', 'Polylang', 'Table Addons for Elementor', 'Theme In WP', 'UTF-8', 'WordPress', 'WordPress Multisite', 'jQuery', 'reCAPTCHA']"
vente-scpi.fr,SCPI à décote · revente et achat marché secondaire | 2nd Market,,FRA,87,170817,2026-09-13T02:20:22.773416678Z,"['AJAX Libraries API', 'Alternate Protocol', 'Amazon', 'Amazon CloudFront', 'Animate It', 'CloudFront', 'Cloudflare', 'Content Delivery Network', 'CookieYes', 'Fireblade', 'Flow', 'GZIP Module', 'Google', 'Google Analytics', 'Google Cloud DNS', 'Google Font API', 'Google My Business', 'Google Tag Manager', 'IcoMoon', 'Intellimize', 'Microdata for Google Shopping', 'Microsoft Clarity', 'Tailwind CSS', 'UTF-8', 'Vignette OpenText', 'WF Cookie Consent', 'Webflow', 'YouTube', 'jsDelivr']"
techsparkevents.com,Tech Spark Events - Event Technology Solutions,Tech Spark Events,CAN,92,81388,2026-09-13T02:20:22.733984117Z,"['AWS WAF Challenge', 'Alternate Protocol', 'Amazon CloudFront', 'Bizzabo', 'CleanTalk Spam Protect', 'CloudFront', 'Content Delivery Network', 'CookieYes', 'Cvent', 'Elementor', 'EmbedPress', 'Express', 'Font Awesome', 'Google', 'Google Analytics', 'Google Cloud CDN', 'Google Cloud DNS', 'Google Font API', 'Google My Business', 'Google Related Website Sites', 'Google Tag Manager', 'Header, Footer and Blocks for Elementor', 'IcoMoon', 'Instagram Follow Button', 'Intercom', 'LiteSpeed', 'Microdata for Google Shopping', 'PHP', 'Plausible Analytics', 'Schema Plugin', 'SplashThat', 'Table Addons for Elementor', 'Twitter Ads', 'UTF-8', 'Vercel', 'WordPress', 'WordPress Multisite', 'jQuery', 'reCAPTCHA']"
sithoniars.gr,Home | Sithonia RS,,GRC,67,3869,2026-09-13T01:32:04.422360634Z,"['Alternate Protocol', 'Apture Linking Platform', 'CookieYes', 'Elementor', 'EmbedPress', 'Essential Addons for Elementor', 'Google', 'Google Analytics', 'Google Cloud CDN', 'Google Related Website Sites', 'Google Tag Manager', 'Hello Elementor', 'Instagram Follow Button', 'Lazy Load for WordPress', 'Microdata for Google Shopping', 'Nginx', 'PHP', 'QUIC', 'Sitelinks Search Box', 'Table Addons for Elementor', 'Theme In WP', 'UTF-8', 'WP Rocket', 'WPML Multilingual', 'WhatsApp Sharing', 'WordPress', 'WordPress Multisite', 'jQuery']"
jibelektro.cz,JiB Elektro | Elektroinstalace pro Zlínský kraj,,,55,7741,2026-09-13T01:32:04.369517782Z,"['Alternate Protocol', 'Content Delivery Network', 'CookieYes', 'DAV', 'Divi', 'Elegant Themes', 'EmbedPress', 'Fireblade', 'GZIP Module', 'Google', 'Google Cloud CDN', 'Google Cloud DNS', 'Google Font API', 'Google Maps', 'Instagram Follow Button', 'PHP', 'Theme In WP', 'UTF-8', 'Woo Themes', 'WordPress', 'WordPress Multisite', 'jQuery']"
alternativesbeauty.org,Home | Alternatives Beauty,Alternatives Beauty,USA,82,4643,2026-09-13T01:32:04.364009064Z,"['501c3 Status Nonprofit', 'Alternate Protocol', 'Content Delivery Network', 'CookieYes', 'Elementor', 'EmbedPress', 'Givelify', 'Givelively', 'Google Analytics', 'Google Cloud DNS', 'Google Font API', 'Google Tag Manager', 'Hello Elementor', 'Jetpack', 'Matomo', 'Matomo Tag Manager', 'Microdata for Google Shopping', 'NFOrce Internet', 'Nginx', 'Sitelinks Search Box', 'SmartCrawl', 'Table Addons for Elementor', 'UTF-8', 'WordPress', 'WordPress Multisite', 'WordPress Stats']"
twigdenasset.co.uk,Twigden Asset Management - Financial Advice and Wealth planning,,GBR,92,15233,2026-09-13T01:05:10.465561457Z,"['Alternate Protocol', 'Cloudflare', 'Cloudflare CDN', 'Content Delivery Network', 'CookieYes', 'DAV', 'Fireblade', 'PHP', 'Sitelinks Search Box', 'Theme In WP', 'UTF-8', 'WordPress', 'WordPress Multisite', 'jQuery']"
kbiw.com,KBiW - Your affairs are in good hands,,USA,77,9780,2026-09-13T00:43:42.855799021Z,"['Alternate Protocol', 'Apache', 'Azure Edge', 'Contact Form Plugin', 'CookieYes', 'Elementor', 'EmbedPress', 'Essential Addons for Elementor', 'Facebook Conversion Tracking', 'Facebook Login', 'Facebook Messenger Platform', 'Facebook Pixel', 'Facebook Reseller', 'Facebook Tag API', 'GetResponse', 'Google Analytics', 'Google Cloud DNS', 'Google Font API', 'Google My Business', 'Google Tag Manager', 'LoftLoader', 'Microdata for Google Shopping', 'MouseWheel Smooth Scroll', 'NFOrce Internet', 'PHP', 'Page scroll to id', 'Parcel', 'PixelYourSite', 'Polylang', 'Sitelinks Search Box', 'Slider Revolution', 'Table Addons for Elementor', 'Theme In WP', 'UTF-8', 'WP PageNavi', 'WordPress', 'WordPress Multisite', 'jQuery', 'reCAPTCHA']"
katzandrea.hu,Weboldal készítés egyéni és kisvállalkozások részére,,,82,791,2026-09-13T00:20:53.885152526Z,"['Alternate Protocol', 'Apache', 'CookieYes', 'Divi', 'Elegant Themes', 'EmbedPress', 'GZIP Module', 'Google Analytics', 'Google Cloud DNS', 'Google Font API', 'Google Tag Manager', 'Microdata for Google Shopping', 'PHP', 'Sitelinks Search Box', 'Supreme Modules Lite', 'Theme In WP', 'UTF-8', 'W3 Total Cache', 'WP Statistics', 'Woo Themes', 'WordPress', 'WordPress Multisite', 'jQuery']"
employerscenter.com,Sites no longer accessible | Anderson Business Advisors,Anderson Business Advisors,USA,80,48955,2026-09-13T00:20:53.846259253Z,"['501c3 Status Nonprofit', 'Alternate Protocol', 'Barchart', 'BigScoots', 'Bulma', 'CDN JS', 'Cloudflare', 'Cloudflare CDN', 'Cloudflare Web Analytics', 'Content Delivery Network', 'CookieYes', 'CrazyEgg', 'Elegant Themes', 'EmbedPress', 'Facebook Reseller', 'Fireblade', 'Google Analytics', 'Google My Business', 'Google Tag Manager', 'Instagram Follow Button', 'Jetpack', 'LinkedIn Pixel', 'Microdata for Google Shopping', 'PHP', 'QUIC', 'RM Education', 'Theme In WP', 'UTF-8', 'VWO Engage', 'Vector Internet Services', 'Visual Website Optimizer', 'WP Rocket', 'WP Video Lightbox', 'Woo Themes', 'WordPress', 'WordPress Multisite', 'YouTube', 'jQuery', 'reCAPTCHA']"
sandpiperpumps.co.uk,Home - Diaphragm Pumps Ltd,,,87,25386,2026-09-13T00:20:53.807525399Z,"['AWS WAF Challenge', 'Alternate Protocol', 'Automattic', 'Cloudflare', 'Cloudflare CDN', 'Content Delivery Network', 'CookieYes', 'EmbedPress', 'Flatsome', 'Google', 'Google Analytics', 'Google Maps', 'Google My Business', 'Google Tag Manager', 'IcoMoon', 'Jetpack', 'Nginx', 'PHP', 'Parallels Plesk Panel', 'Site Kit', 'Sitelinks Search Box', 'Tailwind CSS', 'Tawk', 'UTF-8', 'Vector Internet Services', 'Woo Themes', 'WooCommerce', 'WooCommerce Checkout', 'WooCommerce Payments', 'WordPress', 'WordPress Multisite', 'WordPress Stats', 'eLand', 'jQuery', 'reCAPTCHA', 'shadcn ui']"
iptvskyline.com,iptvskyline.com,,,55,590,2026-09-12T23:57:18.475689966Z,"['Agoda', 'Alternate Protocol', 'Apture Linking Platform', 'Aruba', 'Contact Form Plugin', 'Content Delivery Network', 'CookieYes', 'DAV', 'Elementor', 'EmbedPress', 'Essential Addons for Elementor', 'Google Analytics', 'Google Cloud DNS', 'Google Conversion Tracking', 'Google Font API', 'Google Tag Manager', 'NFOrce Internet', 'NitroPack', 'PHP', 'QUIC', 'Tailwind CSS', 'UTF-8', 'WP Statistics', 'WhatsApp Sharing', 'Woo Themes', 'WooCommerce', 'WooCommerce Checkout', 'WordPress', 'WordPress Multisite', 'eLand']"
filter.eu,Filter - Transforming industries with energy and water solutions – Industrial energy and water solutions,Filter,EST,77,18794,2026-09-12T23:45:06.989473201Z,"['AWS WAF Challenge', 'Alternate Protocol', 'Apache', 'Apture Linking Platform', 'Cloudflare', 'Cloudflare Web Analytics', 'Coming Soon Page', 'CookieYes', 'Cornerstone', 'EWWW Image Optimizer', 'EmbedPress', 'GZIP Module', 'Google', 'Google Analytics', 'Google Cloud DNS', 'Google Font API', 'Google Tag Manager', 'Microdata for Google Shopping', 'Microsoft Clarity', 'Outfunnel', 'PHP', 'QUIC', 'Sitelinks Search Box', 'Tailwind CSS', 'The SEO Framework', 'Theme In WP', 'UTF-8', 'WP Rocket', 'WPML Multilingual', 'WordPress', 'WordPress Multisite']"
addgen.services,ADDGEN - Specialized solutions in the renewable energy sector,ADDGEN,PRT,87,21039,2026-09-12T23:45:06.975214675Z,"['AWS WAF Challenge', 'Alibaba Cloud CDN', 'Alternate Protocol', 'Apture Linking Platform', 'Blocksy', 'CookieYes', 'Elementor', 'EmbedPress', 'Google', 'Google Analytics', 'Google Cloud DNS', 'Google Font API', 'Google My Business', 'Google Tag Manager', 'JetElements', 'LiteSpeed', 'Microdata for Google Shopping', 'NFOrce Internet', 'Nginx', 'PHP', 'QUIC', 'Royal Elementor Addons', 'Tailwind CSS', 'Theme In WP', 'UTF-8', 'Vue.js', 'WP Rocket', 'WP Statistics', 'WPML Multilingual', 'WordPress', 'WordPress Multisite', 'jQuery', 'reCAPTCHA']"
splashlightproductions.com,Splashlight - Your Creative Content Production Studio Partner,Splashlight,USA,92,7589,2026-09-12T23:45:06.96967652Z,"['Akismet', 'ArvanCloud', 'CDN JS', 'Cloudflare', 'Cloudflare CDN', 'Contact Form Plugin', 'Content Delivery Network', 'CookieYes', 'Elementor', 'EmbedPress', 'Fastly', 'GZIP Module', 'Google Analytics', 'Google Cloud DNS', 'Google Maps', 'Google My Business', 'Google Related Website Sites', 'Google Tag Manager', 'IcoMoon', 'Instagram Follow Button', 'Microdata for Google Shopping', 'NFOrce Internet', 'PHP', 'Sitelinks Search Box', 'Theme In WP', 'UTF-8', 'WordPress', 'WordPress Multisite', 'jQuery', 'jsDelivr', 'reCAPTCHA']"
alunnoimmobiliare.it,Alunno Immobiliare - Real Estate Agency,,ITA,92,6953,2026-09-12T23:45:06.957757529Z,"['Agoda', 'Alternate Protocol', 'Amazon CloudFront', 'Apture Linking Platform', 'Azion', 'CloudFront', 'Content Delivery Network', 'CookieYes', 'Elementor', 'EmbedPress', 'Getwid Gutenberg Blocks', 'Google', 'Google Analytics', 'Google Cloud DNS', 'Google Font API', 'Google My Business', 'Google Tag Manager', 'Houzez', 'Instagram Follow Button', 'Line2', 'LiteSpeed', 'Microdata for Google Shopping', 'NFOrce Internet', 'PHP', 'QUIC', 'QUIC.cloud', 'Sitelinks Search Box', 'TranslatePress', 'UTF-8', 'Vello', 'Woo Themes', 'WordPress', 'WordPress Multisite', 'YouTube', 'shadcn ui']"
pocatello-propertymanagement.com,Pocatello Property Management | Expert Services for Property Owners,Jacob Grant Property Management,USA,82,62058,2026-09-12T23:33:46.520580123Z,"['AWS WAF Challenge', 'Alternate Protocol', 'Amazon WAF Blocked', 'Anti-spam for WordPress', 'AppFolio', 'Birdeye', 'CleanTalk Spam Protect', 'Cloudflare', 'Content Delivery Network', 'CookieYes', 'Divi', 'Elegant Themes', 'EmbedPress', 'Fireblade', 'Fourandhalf', 'Google Analytics', 'Google My Business', 'Google Tag Manager', 'Microdata for Google Shopping', 'One Designs', 'PHP', 'Page-list for WordPress', 'Pagekit', 'Smush Image Optimization', 'Tailwind CSS', 'Theme In WP', 'Twitter Ads', 'UTF-8', 'WP Engine', 'Woo Themes', 'WordPress', 'WordPress Multisite', 'YouTube', 'jQuery']"
agilityfm.co.za,"Agility – Facilities Management Solutions, That work for you….",,ZAF,65,521,2026-09-12T23:33:46.519201284Z,"['Alternate Protocol', 'Apache', 'CookieYes', 'Elementor', 'EmbedPress', 'Google Cloud DNS', 'Google Font API', 'Hello Elementor', 'Instagram Follow Button', 'Perl', 'UTF-8', 'WordPress', 'WordPress Multisite', 'jQuery']"
becauseweprotect.com,2026 Medicare & Retirement Planning | Legacy | Mountain West,,,77,18973,2026-09-12T23:23:03.758409186Z,"['Alternate Protocol', 'Authorize.net', 'Bunny Fonts', 'Cloudflare', 'Cloudflare Web Analytics', 'Content Delivery Network', 'CookieYes', 'Facebook Conversion Tracking', 'Facebook Pixel', 'Facebook Reseller', 'Facebook Tag API', 'Fireblade', 'Google', 'Google Analytics', 'Google Cloud CDN', 'Google Cloud DNS', 'Google Cloud Storage', 'Google Tag Manager', 'Nuxt.js', 'UTF-8']"
loveiq.org,LoveIQ | Science-backed sexual psychology assessment,LoveIQ,,87,19917,2026-09-12T23:23:03.733492568Z,"['AWS WAF Challenge', 'Apture Linking Platform', 'Bing Cashback', 'ByteDance', 'Content Delivery Network', 'CookieYes', 'DoubleClick Bid Manager', 'Express', 'Facebook Reseller', 'Google', 'Google Analytics', 'Google Cloud CDN', 'Google Cloud DNS', 'Google Font API', 'Google Matched Content', 'Google My Business', 'Google Related Website Sites', 'Google Reseller', 'Google Tag Manager', 'Microdata for Google Shopping', 'Microsoft Clarity', 'Sitelinks Search Box', 'Stripe', 'Tailwind CSS', 'UTF-8', 'University or College', 'Unsplash', 'Vercel', 'reCAPTCHA', 'shadcn ui']"
eastcoastmpi.com,East Coast Movement Performance Institute – NJ / NY / CT – SPORTS TRAINING and SPORTS REHAB | ACL Repair and Protection : Sports Injury Recovery Experts,,GBR,70,16401,2026-09-12T23:12:00.600095119Z,"['Alternate Protocol', 'Astra Theme', 'CoBlocks', 'CookieYes', 'EmbedPress', 'Fireblade', 'GenerateBlocks', 'GoDaddy', 'Google Cloud DNS', 'Google Font API', 'Jetpack', 'Nginx', 'PHP', 'QUIC', 'Theme In WP', 'UTF-8', 'Ultimate Addons for Gutenberg', 'Woo Themes', 'WordPress', 'WordPress Multisite', 'WordPress Related Posts', 'WordPress Stats', 'YouTube', 'jQuery']"
medicaldigitals.eu,Healthcare Advertising Agency for HCPs & Patients | Medical Digitals,Medial digitals,NLD,92,36723,2026-09-12T22:58:05.642165651Z,"['AWS WAF Challenge', 'Alternate Protocol', 'Apollo IO', 'Apture Linking Platform', 'Better Lead Generation Services', 'CDN JS', 'Cloudflare', 'Cloudflare CDN', 'Content Delivery Network', 'CookieYes', 'ElementUI', 'EmbedPress', 'Facebook Conversion Tracking', 'Facebook Login', 'Facebook Messenger Platform', 'Facebook Pixel', 'Facebook Reseller', 'Facebook Tag API', 'FormSubmit', 'Google', 'Google Analytics', 'Google Cloud DNS', 'Google Font API', 'Google My Business', 'Google Related Website Sites', 'Google Tag Manager', 'HubSpot WordPress Plugin', 'IcoMoon', 'LottieFiles', 'Microdata for Google Shopping', 'No-Q', 'PHP', 'Tailwind CSS', 'Theme In WP', 'UTF-8', 'Vector Internet Services', 'WPForms', 'WhatsApp Sharing', 'WordPress', 'WordPress Multisite', 'jQuery', 'reCAPTCHA']"
b-contact.com,Call Center Services and Support - B-Contact,B-Contact,,72,978,2026-09-12T22:58:05.642540144Z,"['Alternate Protocol', 'Better Lead Generation Services', 'Cloudflare', 'Content Delivery Network', 'CookieYes', 'Corporate Governance and Regulatory Compliance', 'EmbedPress', 'Font Awesome', 'Google Cloud DNS', 'Google Font API', 'Instagram Follow Button', 'LiteSpeed', 'Microdata for Google Shopping', 'One Designs', 'OnePress', 'PHP', 'Perl', 'QUIC', 'Tailwind CSS', 'Theme In WP', 'Twitter Ads', 'UTF-8', 'WPForms', 'WordPress', 'WordPress Multisite', 'jQuery', 'shadcn ui']"
ilumitihub.co.uk,ilumiti Hub,,GBR,65,119492,2026-09-12T22:58:05.631651458Z,"['Aruba', 'Contento', 'CookieYes', 'Express', 'Fireblade', 'FormSubmit', 'GZIP Module', 'Google Analytics', 'Google Tag Manager', 'Line2', 'Magento Enterprise', 'Microdata for Google Shopping', 'QUIC', 'SiteW', 'Squarespace', 'Trustpilot Reviews for WordPress', 'UTF-8', 'UserWay', 'WordPress SEO Structured Data Schema Plugin', 'eLand']"
pracowniazdrowegostylu.pl,Psychodietetyka i psychoterapia - Dorota Wójcik I Wrocław,,POL,77,23377,2026-09-12T22:58:05.608016867Z,"['Amazon', 'Amazon CloudFront', 'CloudFront', 'Cloudflare', 'Content Delivery Network', 'CookieYes', 'Financial Services Guide', 'GZIP Module', 'Google Analytics', 'Google Tag Manager', 'ID Services', 'INETu', 'IcoMoon', 'Instagram Follow Button', 'Tailwind CSS', 'UTF-8', 'WF Cookie Consent', 'Webflow']"
spital-obregia.ro,"Spitalul Clinic de Psihiatrie ""Prof. Dr. Alexandru Obregia"" București",,ROU,70,15473,2026-09-12T22:36:18.524016863Z,"['AJAX Libraries API', 'Apache', 'CookieYes', 'Fireblade', 'GTranslate', 'GZIP Module', 'Google Cloud DNS', 'Material Design Icons', 'UTF-8', 'jQuery']"
40argyll.com,"40 Argyll | 94,000 sq ft of headquarters space rooted in heritage",40 Argyll,GBR,77,22831,2026-09-12T22:36:18.521734255Z,"['Adobe Creative Cloud WebFonts', 'Adult Content', 'Alternate Protocol', 'Amazon WAF Blocked', 'Aruba', 'CookieYes', 'EmbedPress', 'Endis', 'GZIP Module', 'Google Analytics', 'Google My Business', 'Google Tag Manager', 'Gravity', 'Gravity Forms', 'Lazy Load for WordPress', 'Microdata for Google Shopping', 'MouseWheel Smooth Scroll', 'Nginx', 'No-Q', 'PHP', 'Parallels Plesk Panel', 'Theme In WP', 'UTF-8', 'Vector Internet Services', 'Wake', 'WordPress', 'WordPress Multisite', 'eLand', 'jQuery', 'reCAPTCHA']"
welldonecleaningllc.com,Well Done Cleaning Services – Trusted Residential & Commercial Cleaning Services in Georgia!,,USA,75,4034,2026-09-12T22:36:18.517339072Z,"['Adult Content', 'Alternate Protocol', 'CookieYes', 'Elementor', 'EmbedPress', 'Google Analytics', 'Google My Business', 'Google Tag Manager', 'Gravity', 'Gravity Forms', 'HappyAddons', 'Header, Footer and Blocks for Elementor', 'Hello Elementor', 'Instagram Follow Button', 'Microdata for Google Shopping', 'NFOrce Internet', 'Ntent', 'PHP', 'QUIC', 'Site Kit', 'Table Addons for Elementor', 'Thank You', 'Theme In WP', 'To Top', 'TrustIndex', 'UTF-8', 'University or College', 'WordPress', 'WordPress Multisite', 'jQuery', 'reCAPTCHA']"
isosimple.uk,An ISO consultancy that makes ISO fit your business the ISO Simple way,,,62,3240,2026-09-12T22:36:18.5102758Z,"['Alternate Protocol', 'Apache', 'Content Delivery Network', 'CookieYes', 'EmbedPress', 'Font Awesome', 'GZIP Module', 'Google Analytics', 'Google My Business', 'Google Tag Manager', 'Gravity', 'Gravity Forms', 'Kinsta', 'PHP', 'Tailwind CSS', 'Theme In WP', 'UTF-8', 'WordPress', 'WordPress Multisite', 'jQuery', 'reCAPTCHA']"
ignisia.co,Ignisia | Home,,POL,87,17031,2026-09-12T22:36:18.492319598Z,"['AWS WAF Challenge', 'Alternate Protocol', 'Content Delivery Network', 'CookieYes', 'Elementor', 'EmbedPress', 'Essential Addons for Elementor', 'Google Analytics', 'Google Tag Manager', 'Hello Elementor', 'LiteSpeed', 'Microdata for Google Shopping', 'NFOrce Internet', 'PHP', 'Site Kit', 'Theme In WP', 'UTF-8', 'WordPress', 'WordPress Multisite', 'jQuery']"
hx5.london,"Rent Office Space at HX 5, Harbour Exchange",,GBR,72,4601,2026-09-12T22:36:18.490076928Z,"['Alternate Protocol', 'Building Stack', 'CookieYes', 'EmbedPress', 'Fancybox for WordPress', 'GZIP Module', 'Google', 'Google Analytics', 'Google Tag Manager', 'Microdata for Google Shopping', 'Nginx', 'PHP', 'Parallels Plesk Panel', 'Theme In WP', 'UTF-8', 'WP Rocket', 'WordPress', 'WordPress Multisite']"
bitinformed.com,Stacks NFTs secured by Bitcoin - BitInformed.com,,,72,1760,2026-09-12T22:21:50.689252977Z,"['Alternate Protocol', 'CoinGecko', 'Content Delivery Network', 'CookieYes', 'Customify', 'EWWW Image Optimizer', 'EmbedPress', 'Google Analytics', 'Google Tag Manager', 'Instagram Follow Button', 'LiteSpeed', 'Meta Slider for WordPress', 'Microdata for Google Shopping', 'PHP', 'Sitelinks Search Box', 'Telegram', 'Theme In WP', 'Twitter Ads', 'UTF-8', 'WordPress', 'WordPress Multisite', 'jQuery']"
farmaciaesteveiglesias.cat,Serveis farmacèutics i salut a Puig-Reig,Farmàcia i Ortopèdia Esteve Iglesias,,67,20481,2026-09-12T21:59:23.589130693Z,"['Alternate Protocol', 'Autoptimize', 'CookieYes', 'Elementor', 'EmbedPress', 'Google Analytics', 'Google Tag Manager', 'Hello Elementor', 'Instagram Follow Button', 'KVH', 'Microdata for Google Shopping', 'Nginx', 'UTF-8', 'WhatsApp Sharing', 'WordPress', 'WordPress Multisite', 'jQuery']"
moreannuitysales.com,Annuity Leads • Jucebox,Jucebox,USA,87,33399,2026-09-12T21:59:23.572309399Z,"['AWS WAF Challenge', 'Alternate Protocol', 'Amazon WAF Blocked', 'Apture Linking Platform', 'Cloudflare', 'Content Delivery Network', 'CookieYes', 'Elementor', 'EmbedPress', 'Facebook Conversion Tracking', 'Facebook Login', 'Facebook Messenger Platform', 'Facebook Pixel', 'Facebook Reseller', 'Facebook Tag API', 'Financial Industry Regulatory Authority', 'Fireblade', 'Font Awesome', 'Google Analytics', 'Google Tag Manager', 'Hello Elementor', 'Instagram Follow Button', 'Lazy Load for WordPress', 'Microdata for Google Shopping', 'NFOrce Internet', 'PHP', 'QUIC', 'Table Addons for Elementor', 'To Top', 'UTF-8', 'WP Engine', 'WP Rocket', 'WordPress', 'WordPress Multisite', 'YouTube']"
impreunapentruanais.ro,"Anais Ienci Învinge Epilepsia – Împreună pentru Anais, reușim să facem greutățile ușoare.",,,55,180,2026-09-12T21:37:11.478698102Z,"['Alternate Protocol', 'Contact Form Plugin', 'CookieYes', 'EmbedPress', 'European Commission Online Dispute Resolution', 'Google Cloud DNS', 'Google Font API', 'IcoMoon', 'PHP', 'Smart Slider 3', 'Tailwind CSS', 'Theme In WP', 'UTF-8', 'WPBakery', 'WordPress', 'WordPress Multisite', 'eLand', 'jQuery']"
coremeta.co.uk,Coremeta | Digital Agency | Manchester,,GBR,92,254826,2026-09-12T21:29:01.976277113Z,"['Adobe Experience Manager', 'Alternate Protocol', 'Astra Theme', 'Content Delivery Network', 'CookieYes', 'ElementUI', 'Elementor', 'EmbedPress', 'Google', 'Google Analytics', 'Google Cloud CDN', 'Google Cloud DNS', 'Google Font API', 'Google My Business', 'Google Tag Manager', 'Hotjar', 'Line2', 'LiteSpeed', 'Microdata for Google Shopping', 'QUIC', 'QUIC.cloud', 'Sitelinks Search Box', 'Table Addons for Elementor', 'UTF-8', 'Woo Themes', 'WordPress', 'WordPress Multisite', 'WordPress Related Posts']"
opentalktherapy.ie,Welcome to Open Talk Therapy | Talking Works,Open Talk Therapy,IRL,82,19823,2026-09-12T21:03:53.308950109Z,"['AWS WAF Challenge', 'Alternate Protocol', 'CookieYes', 'Dynamic Visibility for Elementor', 'Elementor', 'EmbedPress', 'Express', 'GZIP Module', 'Google', 'Google Cloud CDN', 'Google Cloud DNS', 'Google Font API', 'Google My Business', 'Hello Elementor', 'Microdata for Google Shopping', 'Nginx', 'PHP', 'Parallels Plesk Panel', 'Say what', 'Sitelinks Search Box', 'Table Addons for Elementor', 'Theme In WP', 'UTF-8', 'Vimeo', 'WordPress', 'WordPress Multisite', 'eLand', 'jQuery', 'reCAPTCHA']"
clearwater.ca,"Premium quality, wild, sustainable seafood - Clearwater",,,57,15899,2026-09-12T21:03:53.291916048Z,"['AWS WAF Challenge', 'Alternate Protocol', 'Amazon', 'Amazon S3 CDN', 'Ametys', 'CDN JS', 'Cloudflare', 'Cloudflare Bot Manager', 'Cloudflare CDN', 'CookieYes', 'EmbedPress', 'Facebook Conversion Tracking', 'Facebook Login', 'Facebook Messenger Platform', 'Facebook Pixel', 'Facebook Reseller', 'Facebook Tag API', 'Google Analytics', 'Google Cloud DNS', 'Google Font API', 'Google My Business', 'Google Tag Manager', 'IcoMoon', 'Instagram Follow Button', 'PHP', 'Polylang', 'QUIC', 'Responsive Lightbox', 'SMC', 'Storyblocks', 'Subversion', 'Theme In WP', 'Twitter Ads', 'UK Cookie Consent', 'UTF-8', 'Vimeo', 'WP Engine', 'WordPress', 'WordPress Multisite', 'YouTube', 'jQuery']"
nautical-center.com,Home - Nautical center Liburnija,,HRV,77,1307,2026-09-12T20:51:04.280945365Z,"['Alternate Protocol', 'Apture Linking Platform', 'Contact Form Plugin', 'CookieYes', 'EmbedPress', 'Font Awesome', 'GZIP Module', 'Google Cloud DNS', 'Google Font API', 'IcoMoon', 'Instagram Follow Button', 'Microdata for Google Shopping', 'Nginx', 'PHP', 'Parallels Plesk Panel', 'QUIC', 'Slider Revolution', 'The7', 'Theme In WP', 'Twitter Ads', 'UTF-8', 'Visual Composer Ultimate Addons', 'WPBakery', 'WordPress', 'WordPress Multisite', 'YouTube', 'jQuery', 'qTranslate']"
sternen-staufenberg.de,Sternen Staufenberg En - Hotel Gasthof Sternen,,DEU,70,55644,2026-09-12T20:38:50.789551343Z,"['Alternate Protocol', 'Apache', 'CookieYes', 'Debian', 'EmbedPress', 'Facebook CDN', 'Fastly', 'Font Awesome', 'GZIP Module', 'Google Cloud DNS', 'Google Font API', 'Jetpack', 'Matomo', 'Matomo Tag Manager', 'Microdata for Google Shopping', 'PHP', 'Polylang', 'SMC', 'Slider Revolution', 'Thank You', 'The7', 'Theme In WP', 'UTF-8', 'Visual Composer Ultimate Addons', 'WPBakery', 'WordPress', 'WordPress Multisite', 'WordPress Stats', 'YouTube', 'jQuery']"
onemillenniumbridge.com,"One Millennium Bridge | 244,000 sq ft landmark waterfront development",One Millennium Bridge,GBR,67,1241,2026-09-12T20:01:02.461988187Z,"['Adobe Creative Cloud WebFonts', 'Alternate Protocol', 'CookieYes', 'DAV', 'EmbedPress', 'GZIP Module', 'Google Analytics', 'Google Tag Manager', 'Lazy Load for WordPress', 'Microdata for Google Shopping', 'MouseWheel Smooth Scroll', 'Nginx', 'One Designs', 'PHP', 'Parallels Plesk Panel', 'Theme In WP', 'UTF-8', 'Vimeo', 'Wake', 'WordPress', 'WordPress Multisite', 'jQuery']"
gcbarristers.co.uk,Home - Guildford Chambers Barristers,Guildford Chambers Barristers,CAN,92,78609,2026-09-12T19:50:24.840724208Z,"['Alternate Protocol', 'Amazon WAF Blocked', 'Apture Linking Platform', 'CCSI', 'CheryFramework', 'Cloudflare', 'Cloudflare CDN', 'Content Delivery Network', 'CookieYes', 'DAV', 'Elfsight', 'EmbedPress', 'Financial Services Guide', 'Google', 'Google Analytics', 'Google Cloud CDN', 'Google Cloud DNS', 'Google Font API', 'Google Maps', 'Google Tag Manager', 'K2F', 'KVH', 'Lazy Load for WordPress', 'Max Mega Menu', 'Max Mega Menu Pro', 'Microdata for Google Shopping', 'No-Q', 'Onyx Internet', 'PHP', 'Subversion', 'Theme In WP', 'To Top', 'UTF-8', 'WP Rocket', 'WordPress', 'WordPress Multisite', 'YouTube', 'jQuery']"
cnplast.com,China Plastic Product Manufacturer & Supplier Logistics Solution,Cn Plast,CHN,82,22049,2026-09-12T19:50:24.823404449Z,"['Alternate Protocol', 'Click to Chat for WhatsApp', 'CookieYes', 'Download Monitor', 'Elementor', 'ElementsKit Elementor', 'EmbedPress', 'Essential Addons for Elementor', 'Fireblade', 'GTranslate', 'Google', 'Google Analytics', 'Google Cloud CDN', 'Google Cloud DNS', 'Google Font API', 'Google My Business', 'Google Related Website Sites', 'Google Tag Manager', 'Gravity', 'Gravity Forms', 'HappyAddons', 'Header, Footer and Blocks for Elementor', 'Hello Elementor', 'Hotjar', 'Investor Relations', 'LiteSpeed', 'Microdata for Google Shopping', 'Microsoft Clarity', 'PHP', 'Table Addons for Elementor', 'Theme In WP', 'To Top', 'WP Fastest Cache', 'WPForms', 'WhatsApp Sharing', 'Woo Themes', 'WooCommerce', 'WooCommerce Checkout', 'WordPress', 'WordPress Multisite', 'reCAPTCHA']"
glassreplacementskettering.co.uk,Glass Replacements Kettering | Same Day Glass Repairs,Glass Replacements Kettering,GBR,92,20566,2026-09-12T19:37:18.26279452Z,"['AWS WAF Challenge', 'Alternate Protocol', 'Astra Theme', 'Cloudflare', 'Cloudflare CDN', 'Content Delivery Network', 'CookieYes', 'Elementor', 'EmbedPress', 'Google', 'Google Analytics', 'Google My Business', 'Google Tag Manager', 'Line2', 'LiteSpeed', 'Microdata for Google Shopping', 'NFOrce Internet', 'QUIC', 'QUIC.cloud', 'Sitelinks Search Box', 'UTF-8', 'WPForms', 'WordPress', 'WordPress Multisite']"
glassreplacementsdudley.co.uk,Glass Replacements Dudley | Same Day Glass Repairs,Glass Replacements Dudley,CAN,92,20566,2026-09-12T19:37:18.262669081Z,"['AWS WAF Challenge', 'Alternate Protocol', 'Astra Theme', 'Cloudflare', 'Cloudflare CDN', 'Content Delivery Network', 'CookieYes', 'Elementor', 'EmbedPress', 'Google', 'Google Analytics', 'Google My Business', 'Google Tag Manager', 'Line2', 'LiteSpeed', 'Microdata for Google Shopping', 'NFOrce Internet', 'QUIC', 'QUIC.cloud', 'Sitelinks Search Box', 'UTF-8', 'WPForms', 'WordPress', 'WordPress Multisite']"
woodlandsacademybristol.com,Home - Woodlands Academy,,,82,22167,2026-09-12T19:26:41.753742752Z,"['AWS WAF Challenge', 'Alternate Protocol', 'Cloudflare', 'Content Delivery Network', 'CookieYes', 'ElementUI', 'EmbedPress', 'Fastly', 'GoDaddy', 'Google Analytics', 'Google My Business', 'Google Tag Manager', 'Microdata for Google Shopping', 'Microsoft 365', 'MonsterInsights', 'Oxygen', 'Oxygen Builder', 'Pagekit', 'QUIC', 'Smush Image Optimization', 'UTF-8', 'University or College', 'WordPress', 'WordPress Multisite', 'YouTube', 'jQuery']"
nationwidesamedaycouriers.co.uk,Welcome to Nationwide Sameday Couriers | Nationwide Sameday Couriers,,CAN,70,4508,2026-09-12T19:26:41.734269641Z,"['Adobe Creative Cloud WebFonts', 'Basin', 'Content Delivery Network', 'CookieYes', 'Font Awesome', 'Google Analytics', 'Google Tag Manager', 'IcoMoon', 'Netlify', 'Parcel', 'Pico CSS', 'QUIC', 'Tailwind CSS', 'Trustpilot Reviews for WordPress', 'Twitter Ads', 'UTF-8']"
corpwise.ae,Company Formation and Business Setup in the UAE | Corpwise,CorpWise,,87,22633,2026-09-12T19:11:44.084604491Z,"['Amazon', 'Amazon CloudFront', 'Better Lead Generation Services', 'CloudFront', 'Cloudflare', 'Content Delivery Network', 'CookieYes', 'Fireblade', 'GZIP Module', 'Google Analytics', 'Google Maps', 'Google My Business', 'Google Tag Manager', 'Instagram Follow Button', 'Microdata for Google Shopping', 'Microsoft Clarity', 'PWA', 'Perl', 'QUIC', 'Tailwind CSS', 'UTF-8', 'Vector Internet Services', 'WF Cookie Consent', 'jsDelivr']"
sovereignremovals.co.uk,Commercial & Domestic Removal Services Across Norfolk,,GBR,87,16842,2026-09-12T18:50:08.568002129Z,"['AWS WAF Challenge', 'Adobe Creative Cloud WebFonts', 'Alternate Protocol', 'Better Lead Generation Services', 'Contact Form Plugin', 'CookieYes', 'ElementUI', 'EmbedPress', 'GZIP Module', 'Google My Business', 'Microdata for Google Shopping', 'Nginx', 'PHP', 'QUIC', 'Tailwind CSS', 'Theme In WP', 'UTF-8', 'WordPress', 'WordPress Multisite', 'reCAPTCHA']"
arve.lu,Home - ARVE,,DEU,70,18000,2026-09-12T18:38:09.999007777Z,"['Alternate Protocol', 'Apache', 'Apture Linking Platform', 'CookieYes', 'EmbedPress', 'Fireblade', 'GZIP Module', 'Google', 'Google Cloud CDN', 'Google Cloud DNS', 'Google Font API', 'Gravity', 'Gravity Forms', 'Microdata for Google Shopping', 'PHP', 'Parcel', 'Polylang', 'Theme In WP', 'UTF-8', 'WordPress', 'WordPress Multisite', 'jQuery']"
mohiworks.com,Home - MohiWorks,MohiWorks,PAK,77,37026,2026-09-12T18:13:26.115719545Z,"['Alternate Protocol', 'Astra Theme', 'Content Delivery Network', 'CookieYes', 'Elementor', 'EmbedPress', 'GenerateBlocks', 'Google Analytics', 'Google My Business', 'Google Related Website Sites', 'Google Tag Manager', 'KVH', 'Line2', 'LiteSpeed', 'Microdata for Google Shopping', 'PHP', 'QUIC', 'QUIC.cloud', 'SKWID', 'Sign In With Google', 'UTF-8', 'WordPress', 'WordPress Multisite', 'WordPress Related Posts']"
texo.co.uk,TEXO Home | Integrated Industrial Services | International,TEXO Group,GBR,77,4774,2026-09-12T18:13:26.096089502Z,"['Adobe Creative Cloud WebFonts', 'Alternate Protocol', 'Ametys', 'Bulma', 'CDN JS', 'Cloudflare', 'Cloudflare CDN', 'CookieYes', 'ElementUI', 'EmbedPress', 'GZIP Module', 'Google', 'Google Analytics', 'Google Cloud DNS', 'Google Font API', 'Google Related Website Sites', 'Google Tag Manager', 'IcoMoon', 'LinkedIn Insights', 'LinkedIn Pixel', 'Microdata for Google Shopping', 'Nginx', 'PHP', 'Parallels Plesk Panel', 'Perl', 'QUIC', 'Sitelinks Search Box', 'Tailwind CSS', 'Twitter Ads', 'UK Cookie Consent', 'UTF-8', 'WordPress', 'WordPress Multisite', 'YouTube', 'jQuery']"
blinkadvertising.agency,"Blink Advertising | Integrated Marketing, Creative & Digital Solutions",Blink Advertising,USA,87,25684,2026-09-12T18:03:14.094515139Z,"['AWS WAF Challenge', 'Advertising.com', 'Agoda', 'Alternate Protocol', 'Apture Linking Platform', 'Cloudflare', 'Content Delivery Network', 'CookieYes', 'DAV', 'DC74', 'Elementor', 'EmbedPress', 'Fancybox for WordPress', 'Font Awesome', 'Google Analytics', 'Google My Business', 'Google Related Website Sites', 'Google Tag Manager', 'Hello Elementor', 'Instagram Follow Button', 'Microdata for Google Shopping', 'Microsoft Clarity', 'NFOrce Internet', 'NitroPack', 'PHP', 'Premium Addons for Elementor', 'QUIC', 'Table Addons for Elementor', 'Theme In WP', 'UTF-8', 'Vimeo', 'WP Engine', 'WordPress', 'WordPress Multisite', 'YouTube', 'eLand', 'jQuery', 'reCAPTCHA']"
senjataxi.taxi,Bestill Din Taxi 02045 - Din Taxi 02045,Din Taxi 02045,,60,1415,2026-09-12T18:03:14.086146692Z,"['Alternate Protocol', 'Apache', 'App Store', 'CookieYes', 'EmbedPress', 'Flatsome', 'GZIP Module', 'Google Analytics', 'Google My Business', 'Google Play', 'Google Tag Manager', 'IcoMoon', 'OpenSSL', 'PHP', 'UTF-8', 'Vector Internet Services', 'W3 Total Cache', 'WordPress']"
stemreturners.com,Supported Return to Work Programmes | STEM Returners,,GBR,77,26838,2026-09-12T18:03:14.052437866Z,"['AWS WAF Challenge', 'Alternate Protocol', 'Analytify', 'Bunny Fonts', 'Content Delivery Network', 'CookieYes', 'EmbedPress', 'Google', 'Google Analytics', 'Google Cloud DNS', 'Google Font API', 'Google Related Website Sites', 'Google Tag Manager', 'Gravity', 'IcoMoon', 'Instagram Follow Button', 'Kitco', 'Line2', 'Matomo', 'Matomo Tag Manager', 'Microdata for Google Shopping', 'Nectar Slide Plugin', 'Nginx', 'PHP', 'QUIC', 'Salient', 'Simple Social Icons', 'Site Kit', 'Sitelinks Search Box', 'SmartCrawl', 'Tailwind CSS', 'Telegram', 'Theme In WP', 'Twitter Ads', 'UTF-8', 'WP Job Manager', 'WPBakery', 'WhatsApp Sharing', 'WordPress', 'WordPress Multisite', 'jQuery']"
onlinecasino65.sg,Online Casino Singapore 2026 🛡️ Best Online Casinos SG,onlinecasino65.sg,CHN,77,87317,2026-09-12T17:37:22.344682717Z,"['AWS WAF Challenge', 'Alternate Protocol', 'Amazon WAF Blocked', 'Be Gamble Aware', 'BunnyCDN', 'BunnyCDN General', 'Cloudflare', 'Cloudflare CDN', 'Cloudflare Web Analytics', 'Contact Form Plugin', 'CookieYes', 'DAV', 'DMCA Badge', 'EmbedPress', 'Facebook Reseller', 'Fireblade', 'Gambling Content', 'Google', 'Google Analytics', 'Google My Business', 'Google Related Website Sites', 'Google Tag Manager', 'Instagram Follow Button', 'Lazy Load for WordPress', 'Microdata for Google Shopping', 'Microsoft Clarity', 'Ntent', 'PHP', 'QUIC', 'RocketCDN', 'SMC', 'Schema Plugin', 'Tailwind CSS', 'Theme In WP', 'Twitter Ads', 'Twitter Analytics', 'UTF-8', 'University or College', 'WP PostRatings', 'WP Rocket', 'WordPress', 'WordPress Multisite', 'jsDelivr']"
cottageswestdorset.co.uk,Midlands Farm Holiday Cottages - Dorset near the Jurassic Coast,Midlands Farm Holiday Cottages,,82,4580,2026-09-12T17:14:13.464826289Z,"['AJAX Libraries API', 'Alternate Protocol', 'Content Delivery Network', 'CookieYes', 'Elementor', 'EmbedPress', 'Formidable Pro Form', 'FreeToBook', 'Google', 'Google Cloud CDN', 'Google Cloud DNS', 'Google Font API', 'IcoMoon', 'LiteSpeed', 'Master Slider', 'Microdata for Google Shopping', 'PHP', 'Perl', 'StatCounter', 'Tailwind CSS', 'Thank You', 'Theme In WP', 'UTF-8', 'Woo Themes', 'WordPress', 'WordPress Multisite', 'jQuery']"
dcdancesportacademy.ae,Top Dance Academy in Dubai | DC DanceSport Classes for All Ages,DCDA,,77,6075,2026-09-12T17:06:07.550328239Z,"['Alternate Protocol', 'Content Delivery Network', 'CookieYes', 'EmbedPress', 'Facebook Login', 'Facebook Messenger Platform', 'Facebook Pixel', 'Facebook Reseller', 'Facebook Tag API', 'Google Analytics', 'Google My Business', 'Google Tag Manager', 'Instagram Follow Button', 'Kitco', 'Line2', 'LiteSpeed', 'Microdata for Google Shopping', 'PHP', 'QUIC', 'QUIC.cloud', 'Sitelinks Search Box', 'ThemeFusion', 'UTF-8', 'Woo Themes', 'WooCommerce', 'WooCommerce Checkout', 'WordPress', 'WordPress Multisite']"
remato.solutions,All-in-One Construction Management Software | Remato,,,87,1594,2026-09-12T16:51:31.164719103Z,"['Alternate Protocol', 'App Store', 'Calendly', 'Cloudflare', 'Cloudflare CDN', 'Content Delivery Network', 'CookieYes', 'EmbedPress', 'Gatsby JS', 'Google Analytics', 'Google My Business', 'Google Play', 'Google Related Website Sites', 'Google Tag Manager', 'HelpCrunch', 'Instagram Follow Button', 'Microdata for Google Shopping', 'PHP', 'Perl', 'QUIC', 'Sitelinks Search Box', 'Tailwind CSS', 'Theme In WP', 'Twitter Ads', 'UPS', 'UTF-8', 'WordPress', 'WordPress Multisite', 'WordPress Related Posts', 'shadcn ui']"
bridgehelp.co.uk,"Bridge Help - Fast, Flexible and Bespoke Bridging Loans",,GBR,92,19321,2026-09-12T16:51:31.163796182Z,"['Alternate Protocol', 'CDN JS', 'Cloudflare', 'Cloudflare CDN', 'Contact Form Plugin', 'CookieYes', 'ElementUI', 'EmbedPress', 'Express', 'Fireblade', 'Font Awesome', 'Google', 'Google Analytics', 'Google Cloud DNS', 'Google Font API', 'Google My Business', 'Google Tag Manager', 'LiteSpeed', 'Microdata for Google Shopping', 'NFOrce Internet', 'PHP', 'QUIC', 'Schema Plugin', 'Tailwind CSS', 'Tawk', 'Twitter Ads', 'WP Fastest Cache', 'WordPress', 'WordPress Multisite', 'jsDelivr']"
yourownwebdesignbusiness.com,Marketing Franchise Home | activ Marketing™️- The Marketing Agency Franchise™️,activ Marketing™️- The Marketing Agency Franchise™️,NZL,87,67893,2026-09-12T16:31:03.854233972Z,"['AWS WAF Challenge', 'Alternate Protocol', 'Amazon WAF Blocked', 'Complianz', 'Content Delivery Network', 'CookieYes', 'Elementor', 'Elementor Custom Skin', 'EmbedPress', 'Essential Addons for Elementor', 'Font Awesome', 'GZIP Module', 'Google Analytics', 'Google Cloud DNS', 'Google Maps', 'Google Tag Manager', 'Hello Elementor', 'Instagram Feed for WordPress', 'Instagram Follow Button', 'Line2', 'Microdata for Google Shopping', 'NFOrce Internet', 'Nginx', 'Premium Addons for Elementor', 'SMC', 'Sitelinks Search Box', 'SmartCrawl', 'Sticky Header Effects for Elementor', 'Table Addons for Elementor', 'Tailwind CSS', 'UTF-8', 'WP Rocket', 'WordPress', 'WordPress Multisite', 'YouTube', 'jQuery']"
bresso-1991.com,Bakery Ovens equipment manufacturer in China - Bresso,Bresso,CHN,77,17607,2026-09-12T16:31:03.853787679Z,"['AWS WAF Challenge', 'Adult Content', 'Akismet', 'Alternate Protocol', 'Better Lead Generation Services', 'Cloudflare', 'Cloudflare CDN', 'Cloudflare Turnstile', 'Contact Form Plugin', 'Content Delivery Network', 'CookieYes', 'Easy Table of Contents', 'Elementor', 'EmbedPress', 'GTranslate', 'Google Analytics', 'Google Tag Manager', 'Line2', 'LiteSpeed', 'Microdata for Google Shopping', 'Newsletter for Wordpress', 'PHP', 'Redux Framework', 'Slider Revolution', 'Theme In WP', 'UTF-8', 'University or College', 'Woo Themes', 'WooCommerce', 'WooCommerce Checkout', 'WordPress', 'WordPress Download Manager', 'WordPress Multisite', 'YouTube', 'jQuery', 'kk Star Ratings', 'reCAPTCHA']"
mee-tooskennel.se,Mee-Tooskennel – Spjutspetsar för mee-tooskennel kvalitet,,,55,3,2026-09-12T16:31:03.816674042Z,"['Alternate Protocol', 'Apache', 'CookieYes', 'Elementor', 'ElementsKit Elementor', 'EmbedPress', 'Essential Addons for Elementor', 'GZIP Module', 'Google Cloud DNS', 'Google Font API', 'Google Maps', 'Google My Business', 'Hello Elementor', 'OpenSSL', 'PHP', 'Theme In WP', 'To Top', 'UTF-8', 'Unix', 'WordPress', 'WordPress Multisite', 'eLand', 'jQuery', 'mod_ssl']"
ontales.com,Whale Watching Madeira - Calheta - On Tales,On Tales | Whale Watching Madeira - Calheta,PRT,77,17861,2026-09-12T16:07:00.241227169Z,"['Alternate Protocol', 'Apache', 'Apture Linking Platform', 'CookieYes', 'ElementUI', 'EmbedPress', 'FareHarbor', 'Fireblade', 'GZIP Module', 'Google', 'Google Analytics', 'Google Cloud DNS', 'Google Font API', 'Google Tag Manager', 'Harbor', 'Instagram Follow Button', 'Microdata for Google Shopping', 'PHP', 'Theme In WP', 'UTF-8', 'WPML Multilingual', 'WordPress', 'WordPress Multisite', 'YouTube', 'YouTube Advanced by Embed Plus']"
karico.com,Label Printing and Solutions for Businesses - Karico,,FIN,87,22542,2026-09-12T16:07:00.216642955Z,"['AiNET', 'Alternate Protocol', 'Better Lead Generation Services', 'Content Delivery Network', 'CookieYes', 'EcoVadis', 'GZIP Module', 'Google Analytics', 'Google My Business', 'Google Tag Manager', 'Gravity', 'Gravity Forms', 'Microdata for Google Shopping', 'Nginx', 'PHP', 'Silverlight', 'Tailwind CSS', 'UTF-8', 'WPML Multilingual', 'WordPress', 'WordPress Multisite', 'jQuery', 'reCAPTCHA', 'shadcn ui']"
ursula.mu,Payroll and Attendance made easy for Mauritius - Ursula Software,Ursula,MUS,77,6662,2026-09-12T15:53:52.788763586Z,"['Alternate Protocol', 'Ametys', 'Content Delivery Network', 'CookieYes', 'Elementor', 'EmbedPress', 'Essential Addons for Elementor', 'Fastly', 'GZIP Module', 'Google Analytics', 'Google My Business', 'Google Play', 'Google Tag Manager', 'IcoMoon', 'Livemesh Addons for Elementor', 'Microdata for Google Shopping', 'NFOrce Internet', 'Nginx', 'Ninja Forms', 'OceanWP', 'PHP', 'Perl', 'Tailwind CSS', 'Theme In WP', 'UTF-8', 'WP Mobile Menu', 'Woo Themes', 'WordPress', 'WordPress Multisite', 'YouTube', 'jQuery', 'reCAPTCHA']"
gasgroup.hu,Gas Group | Épületgépészet,,HUN,55,241,2026-09-12T15:44:50.331579096Z,"['Alternate Protocol', 'CookieYes', 'Divi', 'Elegant Themes', 'EmbedPress', 'GZIP Module', 'Google', 'Google Analytics', 'Google Cloud CDN', 'Google Cloud DNS', 'Google Font API', 'Google Tag Manager', 'PHP', 'Post Views Counter', 'Theme In WP', 'UTF-8', 'Woo Themes', 'WordPress', 'WordPress Multisite', 'jQuery']"
equitera.ch,"Equitera | Real Estate from a different angle, with a different set of eyes",,,55,181,2026-09-12T15:44:50.33065223Z,"['Alternate Protocol', 'Apache', 'Apture Linking Platform', 'CookieYes', 'Divi', 'Elegant Themes', 'EmbedPress', 'Formidable Pro Form', 'GZIP Module', 'Google Cloud DNS', 'Google Font API', 'Investor Relations', 'PHP', 'Polylang', 'QUIC', 'Theme In WP', 'UTF-8', 'University or College', 'WP Super Cache', 'Woo Themes', 'WordPress', 'WordPress Multisite', 'jQuery']"
taxiarhiscenter.gr,Home - Ταξιάρχης,,GRC,85,17881,2026-09-12T14:58:48.692645637Z,"['AWS WAF Challenge', 'Alternate Protocol', 'Cloudflare', 'Cloudflare CDN', 'Cloudflare Turnstile', 'Contact Form Plugin', 'Content Delivery Network', 'CookieYes', 'EmbedPress', 'Google', 'Google Analytics', 'Google Cloud CDN', 'Google Cloud DNS', 'Google Font API', 'Google My Business', 'Google Tag Manager', 'Instagram Feed for WordPress', 'LiteSpeed', 'Microdata for Google Shopping', 'PHP', 'Slider Revolution', 'UTF-8', 'WPBakery', 'WordPress', 'WordPress Multisite', 'jQuery']"
smiity.com,Homepage - SMIITY - SMIITY,SMIITY,,67,9397,2026-09-12T14:58:48.670936818Z,"['Alternate Protocol', 'App Store', 'Apture Linking Platform', 'Contact Form Plugin', 'CookieYes', 'Divi', 'Elegant Themes', 'EmbedPress', 'GZIP Module', 'Google', 'Google Analytics', 'Google Cloud DNS', 'Google Font API', 'Google My Business', 'Google Play', 'Google Tag Manager', 'InitiativeS', 'Instagram Follow Button', 'Lazy Load for WordPress', 'Microdata for Google Shopping', 'Nginx', 'PHP', 'SVG Support', 'Sitelinks Search Box', 'Theme In WP', 'Twitter Ads', 'UTF-8', 'Vector Internet Services', 'WP Rocket', 'WPML Multilingual', 'Woo Themes', 'WordPress', 'WordPress Multisite', 'jQuery', 'reCAPTCHA']"
lumaya.ch,Swiss Business Acquisitions | LUMAYA - Find Your Next Venture,LUMAYA,GBR,92,106583,2026-09-12T14:50:21.779647671Z,"['Alternate Protocol', 'Amazon', 'Amazon CloudFront', 'Amazon Route 53', 'Amazon S3 CDN', 'CloudFront', 'Content Delivery Network', 'CookieYes', 'Express', 'Fastly', 'Fireblade', 'GZIP Module', 'Google Analytics', 'Google Tag Manager', 'HigherEducation', 'Microdata for Google Shopping', 'NFOrce Internet', 'Next.js', 'NextChapter', 'Perl', 'Pleroma', 'QUIC', 'Share Link', 'Underscores', 'University or College', 'shadcn ui']"
canaldebuse.com,Start page - Repus,Repus Ventilation AB,SWE,82,3935,2026-09-12T14:35:28.609721978Z,"['Alternate Protocol', 'Amazon WAF Blocked', 'Apture Linking Platform', 'Aruba', 'Content Delivery Network', 'CookieYes', 'Elementor', 'ElementsKit Elementor', 'EmbedPress', 'Google Analytics', 'Google My Business', 'Google Tag Manager', 'Gravity', 'Gravity Forms', 'Hello Elementor', 'Instagram Follow Button', 'LiteSpeed', 'Microdata for Google Shopping', 'NFOrce Internet', 'PHP', 'PixelYourSite', 'QUIC', 'Sitelinks Search Box', 'Table Addons for Elementor', 'Theme In WP', 'UTF-8', 'WPML Multilingual', 'WordPress', 'WordPress Multisite', 'WordPress Related Posts', 'YouTube', 'eLand', 'jQuery', 'reCAPTCHA']"
powerofnutrition.org,Home | The Power of Nutrition,The Power of Nutrition,,67,9272,2026-09-12T14:35:28.60038666Z,"['Adobe Creative Cloud WebFonts', 'Amazon', 'Amazon S3 CDN', 'CookieYes', 'Craft', 'GZIP Module', 'Google Analytics', 'Google Cloud DNS', 'Google Maps', 'Google Related Website Sites', 'Google Tag Manager', 'Microdata for Google Shopping', 'Nginx', 'Storyblocks', 'Tailwind CSS', 'Twitter Ads', 'UTF-8', 'Vector Internet Services', 'YouTube', 'shadcn ui']"
evolutagency.com,Evolut - The Partner For Beauty & Wellness Brands,,CHE,92,16060,2026-09-12T14:25:22.592052837Z,"['Alternate Protocol', 'Calendly', 'Content Delivery Network', 'CookieYes', 'EmbedPress', 'GetButton.io', 'Google Analytics', 'Google Cloud DNS', 'Google Font API', 'Google Tag Manager', 'Hotjar', 'IcoMoon', 'Instagram Follow Button', 'Klaviyo', 'Lead Forensics', 'Line2', 'LiteSpeed', 'Microdata for Google Shopping', 'Nectar Slide Plugin', 'PHP', 'Post Grid', 'QUIC', 'QUIC.cloud', 'Salient', 'Sitelinks Search Box', 'Tailwind CSS', 'UTF-8', 'University or College', 'Vector Internet Services', 'WPBakery', 'WPForms', 'WhatsApp Sharing', 'WordPress', 'WordPress Multisite']"
autokontrol.hu,Auto-Control Mattenheim,,DEU,77,3223,2026-09-12T14:14:42.150202186Z,"['Apture Linking Platform', 'Content Delivery Network', 'CookieYes', 'Facebook Conversion Tracking', 'Facebook Login', 'Facebook Messenger Platform', 'Facebook Pixel', 'Facebook Reseller', 'Facebook Tag API', 'Google', 'Google Analytics', 'Google Cloud DNS', 'Google Font API', 'Google My Business', 'Google Tag Manager', 'Ntent', 'Pipedrive', 'Tailwind CSS', 'YouTube']"
tenabee.hr,Tenabee - Virtual Assistant Services in Croatia,tenabee,,67,3493,2026-09-12T14:14:42.110595947Z,"['Alternate Protocol', 'Astra Theme', 'Content Delivery Network', 'CookieYes', 'Elementor', 'EmbedPress', 'Google', 'Google Cloud CDN', 'Google Cloud DNS', 'Google Font API', 'Header, Footer and Blocks for Elementor', 'LiteSpeed', 'Microdata for Google Shopping', 'PHP', 'Theme In WP', 'UTF-8', 'WPForms', 'Woo Themes', 'WordPress', 'WordPress Multisite', 'WordPress Related Posts', 'jQuery']"
skyros.gr,Αρχική - Δήμος Σκύρου,,GRC,87,484,2026-09-12T14:02:59.746374941Z,"['Alternate Protocol', 'CookieYes', 'EmbedPress', 'GitHub Hosting', 'Max Mega Menu', 'Max Mega Menu Pro', 'Microdata for Google Shopping', 'Nginx', 'PHP', 'Theme In WP', 'UTF-8', 'Ultimate Social Media', 'WP Super Cache', 'WPML Multilingual', 'WordPress', 'WordPress Multisite', 'jQuery']"
eldoradohair.com,Hair Replacement & Restoration Services Center - Eldorado Hair,,USA,82,26826,2026-09-12T13:53:25.718609392Z,"['Alternate Protocol', 'Apture Linking Platform', 'Bing Cashback', 'Bing Conversion Tracking', 'CallRail', 'ClickCease', 'Cloudflare', 'Content Delivery Network', 'CookieYes', 'Elementor', 'EmbedPress', 'Facebook Conversion Tracking', 'Facebook Login', 'Facebook Messenger Platform', 'Facebook Pixel', 'Facebook Reseller', 'Facebook Tag API', 'Fireblade', 'Font Awesome', 'GoDaddy', 'Google', 'Google Analytics', 'Google Cloud DNS', 'Google Font API', 'Google Maps', 'Google My Business', 'Google Tag Manager', 'Gravity Forms', 'Hotjar', 'Instagram Follow Button', 'Microdata for Google Shopping', 'NFOrce Internet', 'Newsletter for Wordpress', 'Ninja Forms', 'Ntent', 'OceanWP', 'PHP', 'QUIC', 'Qi Addons For Elementor', 'Sitelinks Search Box', 'Table Addons for Elementor', 'Theme In WP', 'TrustIndex', 'UTF-8', 'WP Mobile Menu', 'WPForms', 'Woo Themes', 'WooCommerce Checkout', 'WordPress', 'WordPress Multisite', 'WordPress Related Posts', 'YouTube', 'jQuery', 'reCAPTCHA']"
lightningprocess.com,Phil Parker’s Lightning Process – Home - The Lightning Process (LP),The Lightning Process (LP),GBR,82,18685,2026-09-12T13:30:47.126659908Z,"['Ajax Search Lite', 'Alternate Protocol', 'Apache', 'Autoptimize', 'Bunny Fonts', 'Content Delivery Network', 'CookieYes', 'DAV', 'EmbedPress', 'Events Manager for WordPress', 'Express', 'Fireblade', 'Font Awesome', 'GZIP Module', 'Google', 'Google Analytics', 'Google Cloud DNS', 'Google Font API', 'Google My Business', 'Google Tag Manager', 'IcoMoon', 'Instagram Follow Button', 'Microdata for Google Shopping', 'MonsterInsights', 'PHP', 'Pagekit', 'Smart Slider 3', 'Telegram', 'Thank You', 'ThemeFusion', 'Twitter Ads', 'UTF-8', 'University or College', 'WP jQuery Lightbox', 'WhatsApp Sharing', 'WordPress', 'WordPress Multisite', 'WordPress PopUp', 'YouTube', 'eLand', 'jQuery', 'jsDelivr']"
basc.aero,Home — Basc.aero,,,62,7673,2026-09-12T13:18:01.506113474Z,"['Cloudflare', 'Cloudflare CDN', 'CookieYes', 'Google', 'Google Cloud DNS', 'Google Font API', 'Next.js', 'Pleroma', 'Tailwind CSS', 'UTF-8', 'Vector Internet Services', 'shadcn ui']"
keytoyounger.com,Key To Younger | Unlock Your Better Self,keytoyounger.com,MLT,92,19393,2026-09-12T13:05:09.335489693Z,"['AWS WAF Challenge', 'Alternate Protocol', 'Animate It', 'Contact Form Plugin', 'CookieYes', 'EmbedPress', 'Fastly', 'GZIP Module', 'Google Analytics', 'Google Cloud DNS', 'Google Customer Reviews', 'Google Font API', 'Google My Business', 'Google Tag Manager', 'Gravity', 'Instagram Feed for WordPress', 'Instagram Follow Button', 'Line2', 'Microdata for Google Shopping', 'Microsoft Clarity', 'Nectar Slide Plugin', 'Nginx', 'Ntent', 'PHP', 'QUIC', 'Salient', 'Tailwind CSS', 'Theme In WP', 'UTF-8', 'WPBakery', 'Woo Themes', 'WooCommerce', 'WooCommerce Checkout', 'WordPress', 'WordPress Multisite', 'jQuery', 'reCAPTCHA']"
lakelodgemaxey.co.uk,Home - Lake Lodge Maxey,Lake Lodge Maxey,CAN,77,5626,2026-09-12T12:55:58.366568332Z,"['Alternate Protocol', 'Cloudflare', 'Cloudflare Bot Manager', 'Contact Form Plugin', 'CookieYes', 'Custom Facebook Feed', 'EmbedPress', 'Facebook Login', 'Facebook Reseller', 'Font Awesome', 'Google Analytics', 'Google Cloud DNS', 'Google Font API', 'Google Related Website Sites', 'Google Tag Manager', 'IcoMoon', 'Microdata for Google Shopping', 'Nginx', 'PHP', 'Perl', 'QUIC', 'Slider Revolution', 'SuperControl', 'The7', 'Theme In WP', 'UTF-8', 'University or College', 'Vimeo CDN', 'Visual Composer Ultimate Addons', 'WPBakery', 'WordPress', 'WordPress Multisite', 'jQuery']"
redwomen.org,redwomenfoundation,,ITA,70,66380,2026-09-12T12:55:58.363828565Z,"['AWS WAF Challenge', 'Alternate Protocol', 'Aruba', 'Contact Form Plugin', 'Content Delivery Network', 'CookieYes', 'DAV', 'Elementor', 'EmbedPress', 'Financial Services Guide', 'GiveWP', 'Google Cloud DNS', 'Google Font API', 'InitiativeS', 'Instagram Follow Button', 'Line2', 'LiteSpeed', 'PHP', 'QUIC', 'SMC', 'Slider Revolution', 'Table Addons for Elementor', 'The Events Calendar', 'Theme In WP', 'Twitter Ads', 'UTF-8', 'University or College', 'Woo Themes', 'WooCommerce', 'WooCommerce Checkout', 'WordPress', 'WordPress Multisite', 'YouTube', 'eLand', 'jQuery']"
csiq.co.uk,"Cyber Security Consultancy Services, Hampshire, UK | CSIQ",CSIQ Limited,GBR,82,74274,2026-09-12T12:55:58.354269834Z,"['AWS WAF Challenge', 'Alternate Protocol', 'Amazon WAF Blocked', 'Ametys', 'Builder', 'Citrix', 'Cloudflare', 'Cloudflare CDN', 'Cloudflare Web Analytics', 'Content Delivery Network', 'CookieYes', 'Crisp', 'DAV', 'Ecologi', 'EmbedPress', 'Facebook Conversion Tracking', 'Facebook Login', 'Facebook Messenger Platform', 'Facebook Pixel', 'Facebook Reseller', 'Facebook Tag API', 'Fireblade', 'Form.IO', 'FormSubmit', 'Google', 'Google Analytics', 'Google Cloud DNS', 'Google Font API', 'Google My Business', 'Google Tag Manager', 'Gravity', 'Gravity Forms', 'IcoMoon', 'Kitco', 'LiteSpeed', 'Menu Icons by ThemeIsle', 'Microdata for Google Shopping', 'Nectar Slide Plugin', 'PHP', 'PWA', 'Perl', 'QUIC', 'Salient', 'Tailwind CSS', 'Theme In WP', 'Twitter Ads', 'UTF-8', 'WPBakery', 'WordPress', 'WordPress Multisite', 'jQuery', 'reCAPTCHA']"
totalmobile.com,Field Service Management Software | Totalmobile,,GBR,77,85267,2026-09-12T12:42:23.352485962Z,"['AWS WAF Challenge', 'Adult Content', 'Alternate Protocol', 'Angular', 'Animate It', 'Apture Linking Platform', 'Bing Cashback', 'Bing Conversion Tracking', 'ClickCease', 'Cloudflare', 'Content Delivery Network', 'CookieYes', 'CrazyEgg', 'DAV', 'DoubleClick Bid Manager', 'EmbedPress', 'Fireblade', 'Font Awesome', 'FreeCSSTemplates', 'Google', 'Google Analytics', 'Google Cloud CDN', 'Google Cloud DNS', 'Google Font API', 'Google Maps', 'Google Matched Content', 'Google My Business', 'Google Reseller', 'Google Tag Manager', 'Gravity', 'Gravity Forms', 'Hubspot', 'IcoMoon', 'Intercom', 'Line2', 'LinkedIn Pixel', 'Menu Icons by ThemeIsle', 'Microsoft Clarity', 'Nectar Slide Plugin', 'NitroPack', 'PHP', 'Pardot', 'QUIC', 'Say what', 'Slider Revolution', 'Stripe', 'Structured Content for WordPress', 'TablePress', 'Tailwind CSS', 'Theme In WP', 'UTF-8', 'Vimeo', 'WPBakery', 'WordPress', 'WordPress Multisite', 'YouTube', 'jQuery']"
yogamama.co.uk,Yoga Mama | Yoga and Pilates Studio & School | Putney SW15,Yoga Mama Ltd,GBR,82,58078,2026-09-12T12:06:46.775430408Z,"['Alternate Protocol', 'CookieYes', 'Divi', 'Elegant Themes', 'EmbedPress', 'Font Awesome', 'Google', 'Google Analytics', 'Google Cloud CDN', 'Google Cloud DNS', 'Google Font API', 'Google Tag Manager', 'Instagram Follow Button', 'Kitco', 'Microdata for Google Shopping', 'Nginx', 'PHP', 'SMC', 'Site Kit', 'Theme In WP', 'Twitter Ads', 'UTF-8', 'Woo Themes', 'WooCommerce Checkout', 'WordPress', 'WordPress Multisite', 'jQuery']"
keithjtucksolicitors.co.uk,"Criminal Defence Solicitors Glasgow, Scotland | Keith J Tuck",Keith J Tuck Solicitors,GBR,92,3746,2026-09-12T11:55:56.873015687Z,"['Adobe Creative Cloud WebFonts', 'Adult Content', 'Alternate Protocol', 'Apture Linking Platform', 'Cloudflare', 'Cloudflare CDN', 'Contact Form Plugin', 'Content Delivery Network', 'CookieYes', 'DAV', 'Elementor', 'EmbedPress', 'Google Analytics', 'Google My Business', 'Google Tag Manager', 'Hello Elementor', 'LiteSpeed', 'Microdata for Google Shopping', 'NFOrce Internet', 'NitroPack', 'Twitter Ads', 'UTF-8', 'WordPress', 'WordPress Multisite', 'reCAPTCHA']"
seband.ro,"Branding, site web si promovare",,ROU,82,3261,2026-09-12T11:47:59.282300904Z,"['AJAX Libraries API', 'Adobe Creative Cloud WebFonts', 'Content Delivery Network', 'CookieYes', 'ElementUI', 'Facebook Conversion Tracking', 'Facebook Login', 'Facebook Messenger Platform', 'Facebook Pixel', 'Facebook Reseller', 'Facebook Tag API', 'Google', 'Google Analytics', 'Google Cloud DNS', 'Google Font API', 'Google Tag Manager', 'Instagram Follow Button', 'Netlify', 'Tailwind CSS', 'UTF-8', 'WF Cookie Consent', 'jQuery', 'jsDelivr']"
designer-experience.com,Designer Experience - Designer Experience,,USA,77,40343,2026-09-12T11:47:59.263596412Z,"['AWS WAF Challenge', 'Alternate Protocol', 'Ametys', 'BLR', 'Content Delivery Network', 'CookieYes', 'DAV', 'EmbedPress', 'Fireblade', 'Google Analytics', 'Google Tag Manager', 'Instagram Follow Button', 'Microdata for Google Shopping', 'Nginx', 'PHP', 'Slider Revolution', 'Telegram', 'Theme In WP', 'ThemeFusion', 'Tumblr', 'Twitter Ads', 'UTF-8', 'WP jQuery Lightbox', 'WhatsApp Sharing', 'WordPress', 'WordPress Multisite', 'YouTube', 'jQuery']"
themulburninn.com,The Mulburn Inn |,,CAN,65,16756,2026-09-12T11:34:16.664472007Z,"['Alternate Protocol', 'Booking Affiliate', 'Cloudflare', 'Content Delivery Network', 'CookieYes', 'DAV', 'Divi', 'Elegant Themes', 'EmbedPress', 'FreeCSSTemplates', 'GoDaddy', 'Google Cloud DNS', 'Google Font API', 'Instagram Follow Button', 'Ntent', 'PHP', 'Site Reviews for Wordpress', 'Theme In WP', 'TrustIndex', 'UTF-8', 'Wangsu', 'Woo Themes', 'WordPress', 'WordPress Multisite', 'jQuery']"
creativearrangementsllc.com,Creative Arrangements LLC – Professional Organizer,,,45,5263,2026-09-12T11:23:21.377860454Z,"['AWS WAF Challenge', 'Alternate Protocol', 'Astra Theme', 'Autoptimize', 'Cloudflare', 'Cloudflare CDN', 'Content Delivery Network', 'CookieYes', 'Elementor', 'EmbedPress', 'Facebook Reseller', 'Google', 'Google Analytics', 'Google Cloud DNS', 'Google Font API', 'Google My Business', 'Google Tag Manager', 'KVH', 'LiteSpeed', 'PHP', 'QUIC', 'Theme In WP', 'UTF-8', 'W3 Total Cache', 'Woo Themes', 'WordPress', 'WordPress Multisite', 'WordPress Related Posts', 'jQuery']"
mckeerisk.com,"McKee Risk Management – Specialized Underwriting, Claims & Risk Control",,,55,120,2026-09-12T11:23:21.347246844Z,"['Adobe Creative Cloud WebFonts', 'Alternate Protocol', 'Apache', 'CookieYes', 'EmbedPress', 'GZIP Module', 'Google Adsense', 'Google Analytics', 'Google Funding Choices', 'Google Matched Content', 'Google My Business', 'Google Reseller', 'Google Tag Manager', 'PHP', 'Pagekit', 'QUIC', 'Smush Image Optimization', 'Theme In WP', 'Twitter Ads', 'UTF-8', 'WordPress', 'WordPress Multisite', 'eLand', 'jQuery']"
uroamplitude.com,Convergent Genomics - Convergent Genomics,Convergent Genomics,VEN,77,18318,2026-09-12T11:23:21.346409782Z,"['Adobe Creative Cloud WebFonts', 'Alternate Protocol', 'Amazon WAF Blocked', 'Apture Linking Platform', 'Cisco/Arrowpoint Content Service Switch', 'Content Delivery Network', 'CookieYes', 'Divi', 'Elegant Themes', 'EmbedPress', 'GZIP Module', 'Google', 'Google Analytics', 'Google My Business', 'Google Tag Manager', 'Lazy Load for WordPress', 'Microdata for Google Shopping', 'NFOrce Internet', 'Nginx', 'Nomics', 'PHP', 'UTF-8', 'WP Engine', 'WP Rocket', 'Woo Themes', 'WordPress', 'WordPress Multisite', 'reCAPTCHA']"
quantumx-solutions.com,Transform Your Business with AI - QuantumX-Solutions,,CHE,72,32692,2026-09-12T11:13:09.123411359Z,"['AWS WAF Challenge', 'Amazon', 'Amazon CloudFront', 'Better Lead Generation Services', 'CloudFront', 'Content Delivery Network', 'CookieYes', 'Cornerstone', 'Corporate Governance and Regulatory Compliance', 'Fireblade', 'GZIP Module', 'Google Analytics', 'Google Tag Manager', 'InitiativeS', 'QUIC', 'Tailwind CSS', 'UTF-8', 'WF Cookie Consent']"
seasidesantorini.com,Seaside Santorini – A journey through the senses,,GRC,65,873,2026-09-12T11:02:06.044772614Z,"['Alternate Protocol', 'CookieYes', 'Elementor', 'EmbedPress', 'Facebook Conversion Tracking', 'Facebook Login', 'Facebook Messenger Platform', 'Facebook Pixel', 'Facebook Reseller', 'Facebook Tag API', 'Instagram Follow Button', 'Nginx', 'OceanWP', 'PHP', 'Theme In WP', 'TranslatePress', 'Twitter Ads', 'UTF-8', 'Woo Themes', 'WordPress', 'WordPress Multisite', 'jQuery']"
leysfarmswerford.co.uk,"Leys Farm | Cabin, Sauna & Weddings in the Cotswolds",Leys Farm,,67,2953,2026-09-12T10:50:44.046169205Z,"['Alternate Protocol', 'Astra Theme', 'CookieYes', 'Elementor', 'EmbedPress', 'GZIP Module', 'Google Analytics', 'Google Cloud DNS', 'Google Font API', 'Google Related Website Sites', 'Google Tag Manager', 'Instagram Follow Button', 'LiteSpeed', 'Microdata for Google Shopping', 'NFOrce Internet', 'Nginx', 'PHP', 'Perl', 'Premium Addons for Elementor', 'QUIC', 'Site Kit', 'Theme In WP', 'UTF-8', 'Woo Themes', 'WordPress', 'WordPress Multisite', 'WordPress Related Posts', 'jQuery']"
evangelistria.eu,Evangelistria Medical Center,,CYP,82,5158,2026-09-12T10:43:09.551884558Z,"['Adobe Creative Cloud WebFonts', 'Alternate Protocol', 'Ametys', 'Astra Theme', 'Cloudflare', 'Content Delivery Network', 'CookieYes', 'Elementor', 'EmbedPress', 'Fastly', 'Google Analytics', 'Google Cloud DNS', 'Google Font API', 'Google Tag Manager', 'Microdata for Google Shopping', 'NFOrce Internet', 'PHP', 'Theme In WP', 'UK Cookie Consent', 'UTF-8', 'Woo Themes', 'WordPress', 'WordPress Multisite', 'WordPress Related Posts', 'jQuery']"
rocktechnolabs.com,Magento Development Company | eCommerce Development Company,Rock Technolabs,IND,82,114264,2026-09-12T10:43:09.538727034Z,"['AWS WAF Challenge', 'Alternate Protocol', 'Amazon WAF Blocked', 'Apache', 'Apture Linking Platform', 'Bing Cashback', 'Clutch', 'CookieYes', 'DAV', 'Easy Table of Contents', 'Elementor', 'ElementsKit Elementor', 'EmbedPress', 'Essential Addons for Elementor', 'Financial Services Guide', 'Font Awesome', 'GZIP Module', 'Google', 'Google Analytics', 'Google My Business', 'Google Tag Manager', 'HappyAddons', 'Hexo', 'Hotjar', 'Instagram Follow Button', 'Lazy Load for WordPress', 'LinkedIn Insights', 'LinkedIn Pixel', 'Livemesh Addons for Elementor', 'Microdata for Google Shopping', 'Microsoft Clarity', 'NFOrce Internet', 'No-Q', 'PHP', 'Premium Addons for Elementor', 'QUIC', 'Rate my Post', 'RocketCDN', 'SMC', 'Salespanel', 'Shopify', 'Shopware', 'Snowplow', 'Subversion', 'Table Addons for Elementor', 'Tailwind CSS', 'Twitter Ads', 'UTF-8', 'WP Rocket', 'WordPress', 'WordPress Multisite', 'YouTube', 'Zendesk Guide', 'reCAPTCHA']"
digitalsero.com,Digitalsero | Fastest Way to Access Digital Marketing Assets,Digitalsero,,67,39231,2026-09-12T09:59:02.266267711Z,"['AJAX Libraries API', 'Alternate Protocol', 'Apture Linking Platform', 'Cloudflare', 'Cloudflare CDN', 'CookieYes', 'Elementor', 'ElementsKit Elementor', 'EmbedPress', 'Facebook Conversion Tracking', 'Facebook Login', 'Facebook Messenger Platform', 'Facebook Pixel', 'Facebook Reseller', 'Facebook Tag API', 'Fireblade', 'FormSubmit', 'Google', 'Google Analytics', 'Google Cloud CDN', 'Google Cloud DNS', 'Google Conversion Tracking', 'Google Font API', 'Google Related Website Sites', 'Google Tag Manager', 'Hello Elementor', 'HubSpot WordPress Plugin', 'IcoMoon', 'Instagram Follow Button', 'Kitco', 'LinkedIn Insights', 'LinkedIn Pixel', 'Microdata for Google Shopping', 'PHP', 'Parallels Plesk Panel', 'Perl', 'Premium Addons for Elementor', 'QUIC', 'Site Kit', 'Table Addons for Elementor', 'Tailwind CSS', 'UTF-8', 'Vector Internet Services', 'WordPress', 'WordPress Multisite', 'jQuery']"
rayvnagent.global,Critical Event Management Software | RAYVN,,NOR,77,76233,2026-09-12T09:59:02.260926717Z,"['AWS WAF Challenge', 'Alternate Protocol', 'Ametys', 'App Store', 'CheryFramework', 'Cloudflare', 'Cloudflare Bot Manager', 'Cloudflare CDN', 'Collapse-O-Matic', 'Content Delivery Network', 'CookieYes', 'Cornerstone', 'Corporate Governance and Regulatory Compliance', 'DoubleClick Bid Manager', 'EmbedPress', 'Font Awesome', 'Google Analytics', 'Google My Business', 'Google Tag Manager', 'Hubspot', 'Instagram Follow Button', 'Kitco', 'Landis Holdings', 'Lazy Load for WordPress', 'LinkedIn Insights', 'LinkedIn Pixel', 'M247', 'Microdata for Google Shopping', 'PHP', 'QUIC', 'Shopify', 'Site Kit', 'Sitelinks Search Box', 'Theme In WP', 'Twitter Ads', 'UK Cookie Consent', 'UTF-8', 'University or College', 'Weglot', 'Woo Themes', 'WordPress', 'WordPress Multisite', 'YouTube', 'YouTube Advanced by Embed Plus', 'jQuery']"
kasabou.com,Home - kasabou.com,,,55,5389,2026-09-12T09:46:55.245685294Z,"['Alternate Protocol', 'Apache', 'Apture Linking Platform', 'CookieYes', 'Divi', 'Elegant Themes', 'EmbedPress', 'Endis', 'GZIP Module', 'Google', 'Google Adsense', 'Google Analytics', 'Google Cloud CDN', 'Google Cloud DNS', 'Google Font API', 'Google Funding Choices', 'Google Matched Content', 'Google My Business', 'Google Reseller', 'Google Tag Manager', 'Join.chat', 'Microdata for Google Shopping', 'Microsoft Clarity', 'Monarch Social Sharing Plugin For WordPress', 'PHP', 'Share Link', 'Theme In WP', 'UTF-8', 'WP Rocket', 'Woo Themes', 'WordPress', 'WordPress Multisite', 'jQuery']"
adur-river-recovery.org,Adur River Recovery | A Sussex-Born Blueprint for Nationwide Recovery,,,55,181,2026-09-12T09:46:55.228733122Z,"['Alternate Protocol', 'Apture Linking Platform', 'CookieYes', 'Divi', 'Elegant Themes', 'EmbedPress', 'Google Analytics', 'Google Cloud DNS', 'Google Font API', 'Google Tag Manager', 'Kitco', 'LiteSpeed', 'PHP', 'QUIC', 'Site Kit', 'The Events Calendar', 'Theme In WP', 'UTF-8', 'WordPress', 'WordPress Multisite', 'eLand', 'jQuery']"
kiexplore.com,Ki Explore - Sometimes we just need a time and place to reset.,,CHN,82,11103,2026-09-12T09:38:28.129910696Z,"['Alibaba Cloud CDN', 'Alternate Protocol', 'Apache', 'CookieYes', 'Elementor', 'EmbedPress', 'GZIP Module', 'Google', 'Google Analytics', 'Google Cloud DNS', 'Google Font API', 'Google My Business', 'Google Tag Manager', 'Hello Elementor', 'Instagram Feed for WordPress', 'Instagram Follow Button', 'JetElements', 'JetWooBuilder', 'Krypt Technologies', 'Make Column Clickable Elementor', 'Microdata for Google Shopping', 'NFOrce Internet', 'UTF-8', 'WP Rocket', 'WPML Multilingual', 'Woo Themes', 'WordPress', 'WordPress Multisite', 'YouTube', 'jQuery', 'reCAPTCHA']"
nova-life.mu,Life Together - improving people’s health for a better life,Life Together,,67,2937,2026-09-12T09:38:28.107041882Z,"['Alternate Protocol', 'Cloudflare', 'Cloudflare CDN', 'Content Delivery Network', 'CookieYes', 'Corporate Governance and Regulatory Compliance', 'Elementor', 'EmbedPress', 'Facebook Conversion Tracking', 'Facebook Login', 'Facebook Messenger Platform', 'Facebook Pixel', 'Facebook Reseller', 'Facebook Tag API', 'FreeCSSTemplates', 'Google Analytics', 'Google Cloud DNS', 'Google Font API', 'Google Tag Manager', 'IcoMoon', 'Instagram Follow Button', 'Microdata for Google Shopping', 'NFOrce Internet', 'PHP', 'Premium Addons for Elementor', 'QUIC', 'QuadMenu', 'Royal Elementor Addons', 'TablePress', 'Tailwind CSS', 'Theme In WP', 'TranslatePress', 'UTF-8', 'Video PopUp for Wordpress', 'WordPress', 'WordPress Multisite', 'YouTube', 'jQuery']"
roystonscaffolding.com,Royston Scaffolding Ltd | Cambridge Scaffolding Company,Royston Scaffolding,CAN,77,16518,2026-09-12T09:26:18.496275406Z,"['Alternate Protocol', 'Amazon WAF Blocked', 'Anti-spam for WordPress', 'Better Lead Generation Services', 'CleanTalk Spam Protect', 'Cloudflare', 'Cloudflare CDN', 'Cloudflare Web Analytics', 'Contact Form Plugin', 'Content Delivery Network', 'CookieYes', 'Elfsight', 'EmbedPress', 'Fireblade', 'Google Analytics', 'Google Cloud DNS', 'Google Font API', 'Google My Business', 'Google Related Website Sites', 'Google Tag Manager', 'Microdata for Google Shopping', 'PHP', 'Theme In WP', 'Total', 'UTF-8', 'University or College', 'WPBakery', 'WordPress', 'WordPress Multisite', 'jQuery']"
monkeystudios.pro,"Monkey Studios - Animation, video and podcast partner",,PHL,72,21613,2026-09-12T09:26:18.495535802Z,"['Astro', 'CookieYes', 'Crisp', 'Google Analytics', 'Google Tag Manager', 'M247', 'Tailwind CSS', 'Vimeo', 'shadcn ui']"
cruxmedia.io,"Web Development: CRUX Media - If you can imagine it, we can create it!",Crux Media,,72,2159,2026-09-12T09:26:18.475355672Z,"['Alternate Protocol', 'Ametys', 'Apache', 'CookieYes', 'Elementor', 'EmbedPress', 'Font Awesome', 'GZIP Module', 'Google Cloud DNS', 'Google Font API', 'Microdata for Google Shopping', 'NFOrce Internet', 'PHP', 'Perl', 'Slider Revolution', 'Theme In WP', 'Twenty Twenty-One', 'UTF-8', 'WP Super Cache', 'WordPress', 'WordPress Multisite', 'jQuery']"
timsgarry-isleoflewis.co.uk,Timsgarry Byre – Timsgarry Byre is a unique self-catering accommodation in the beautiful Outer Hebrides of Scotland,,,50,10699,2026-09-12T09:26:18.471790762Z,"['Alternate Protocol', 'Beaver Builder Lite', 'Content Delivery Network', 'Contento', 'CookieYes', 'EmbedPress', 'Fastly', 'GZIP Module', 'Microdata for Google Shopping', 'PHP', 'Schema Plugin', 'Theme In WP', 'UTF-8', 'WordPress', 'WordPress Multisite', 'jQuery']"
rebeltherapies.com,Screen Addiction Courses & Therapy | Rebel Therapies,Rebel Therapies,,82,31714,2026-09-12T09:13:17.705842475Z,"['AWS WAF Challenge', 'Alternate Protocol', 'Astra Theme', 'Cloudflare', 'Cloudflare CDN', 'Content Delivery Network', 'CookieYes', 'Elementor', 'Elfsight', 'EmbedPress', 'Fastly', 'GZIP Module', 'Google', 'Google Analytics', 'Google Cloud DNS', 'Google Font API', 'Google My Business', 'Google Related Website Sites', 'Google Tag Manager', 'HubSpot Conversations', 'Hubspot', 'Instagram Follow Button', 'Microdata for Google Shopping', 'Nginx', 'QUIC', 'UTF-8', 'University or College', 'Woo Themes', 'WooCommerce Checkout', 'WordPress', 'WordPress Multisite', 'WordPress Related Posts', 'YouTube']"
midwestprecisionmfg.com,Specialists in Tight Tolerance Drilling | Midwest Precision,,USA,82,21730,2026-09-12T09:13:17.695039421Z,"['AWS WAF Challenge', 'Alternate Protocol', 'Amazon WAF Blocked', 'Aruba', 'Cloudflare', 'Content Delivery Network', 'CookieYes', 'EmbedPress', 'Google', 'Google Analytics', 'Google Cloud CDN', 'Google Cloud DNS', 'Google Font API', 'Google My Business', 'Google Related Website Sites', 'Google Tag Manager', 'Gravity', 'Gravity Forms', 'IcoMoon', 'Microdata for Google Shopping', 'PHP', 'Perl', 'QUIC', 'Slider Revolution', 'ThemeFusion', 'UTF-8', 'WP Engine', 'WordPress', 'WordPress Multisite', 'eLand', 'jQuery', 'reCAPTCHA']"
abelehomes.co.uk,Abele Homes - Experience Abele: Where Every Moment Feels Like Home.,Abele Homes,,82,6940,2026-09-12T09:04:46.499016805Z,"['Alternate Protocol', 'Apture Linking Platform', 'Content Delivery Network', 'CookieYes', 'Elementor', 'EmbedPress', 'Fastly', 'GZIP Module', 'Google', 'Google Analytics', 'Google Cloud DNS', 'Google Font API', 'Google Tag Manager', 'Hello Elementor', 'Microdata for Google Shopping', 'NFOrce Internet', 'Nginx', 'PHP', 'Theme In WP', 'UTF-8', 'WP Rocket', 'WordPress', 'WordPress Multisite', 'jQuery']"
elitebeef.co,Elite Beef | Supplying Finished Cattle Across The Country,Elite Beef,,82,6576,2026-09-12T09:04:46.491126016Z,"['Alternate Protocol', 'Apache', 'Contact Form Plugin', 'Content Delivery Network', 'CookieYes', 'EmbedPress', 'Fastly', 'Font Awesome', 'GZIP Module', 'Google Analytics', 'Google Cloud DNS', 'Google Font API', 'Google My Business', 'Google Tag Manager', 'Instagram Follow Button', 'Microdata for Google Shopping', 'PHP', 'SiteOrigin', 'SiteOrigin Panels', 'StackPath', 'Tailwind CSS', 'Theme In WP', 'Twitter Ads', 'UTF-8', 'Woo Themes', 'WordPress', 'WordPress Multisite', 'jQuery', 'reCAPTCHA']"
jmgsandbach.co.uk,Commercial Insurance Brokers | Sandbach Insurance Brokers,JMG Sandbach,GBR,92,33661,2026-09-12T08:51:38.897198182Z,"['AWS WAF Challenge', 'Adobe Creative Cloud WebFonts', 'Alternate Protocol', 'Apache', 'Cloudflare', 'Cloudflare CDN', 'Content Delivery Network', 'CookieYes', 'Elementor', 'EmbedPress', 'Fireblade', 'GZIP Module', 'Google', 'Google Analytics', 'Google My Business', 'Google Tag Manager', 'Hello Elementor', 'Microdata for Google Shopping', 'PHP', 'Tailwind CSS', 'UTF-8', 'WPBakery', 'WPForms', 'WordPress']"
safgroup.ca,SAF Group | Canadian Private Credit Investment Manager,,CAN,62,103481,2026-09-12T08:51:38.882215425Z,"['Alta Return', 'Alternate Protocol', 'ArvanCloud', 'CDN JS', 'Cloudflare', 'Cloudflare CDN', 'Content Delivery Network', 'CookieYes', 'Custom Twitter Feeds', 'EmbedPress', 'Fancybox for WordPress', 'GZIP Module', 'Google', 'Google Analytics', 'Google Cloud DNS', 'Google Font API', 'Google Tag Manager', 'LiteSpeed', 'PHP', 'QUIC', 'Tailwind CSS', 'Theme In WP', 'Turn', 'UTF-8', 'WP Accessibility', 'WordPress', 'WordPress Multisite', 'jQuery', 'jsDelivr']"
aurelia.ie,Financial Advice Service | Aurelia Financial Planning Solutions,Aurelia Financial Planning,IRL,92,35321,2026-09-12T08:51:38.875798119Z,"['AWS WAF Challenge', 'Alternate Protocol', 'Cloudflare', 'Content Delivery Network', 'CookieYes', 'DAV', 'Elementor', 'EmbedPress', 'Fireblade', 'Google', 'Google Analytics', 'Google Cloud CDN', 'Google Cloud DNS', 'Google Font API', 'Google My Business', 'Google Tag Manager', 'Hello Elementor', 'Microdata for Google Shopping', 'PHP', 'Sticky Header Effects for Elementor', 'Table Addons for Elementor', 'Theme In WP', 'UTF-8', 'WP Engine', 'WordPress', 'WordPress Multisite', 'eLand', 'jQuery', 'reCAPTCHA']"
mahasinnathamby.com,Maha Sinnathamby – Founder & Visionary – Springfield City Group,,AUS,65,4814,2026-09-12T08:31:52.8831239Z,"['Alternate Protocol', 'CookieYes', 'Elementor', 'EmbedPress', 'Google', 'Google Cloud DNS', 'Google Font API', 'Google Related Website Sites', 'Juicer', 'Juicer DMP', 'LiteSpeed', 'PHP', 'Parcel', 'PayPal Adaptive Payments', 'PayPal Button', 'PayPal Form', 'QUIC', 'Slider Revolution', 'Theme In WP', 'UTF-8', 'University or College', 'WP Rocket', 'Woo Themes', 'WordPress', 'WordPress Multisite', 'YouTube', 'jQuery']"
viemit.com,Viem IT Consultancy – IT Staffing Solutions Agency Company,,IND,65,18832,2026-09-12T07:57:42.03703183Z,"['AWS WAF Challenge', 'Alternate Protocol', 'Click to Chat for WhatsApp', 'Cloudflare', 'Cloudflare CDN', 'Contact Form Plugin', 'CookieYes', 'Easy Accordio', 'Elementor', 'EmbedPress', 'GZIP Module', 'Google', 'Google Adsense', 'Google Analytics', 'Google Cloud DNS', 'Google Font API', 'Google Funding Choices', 'Google Matched Content', 'Google My Business', 'Google Reseller', 'Google Tag Manager', 'Gravity', 'Jetpack', 'LearnPress', 'MailChimp for WordPress', 'Nginx', 'PHP', 'Popup Maker for Wordpress', 'Slider Revolution', 'Theme In WP', 'UTF-8', 'WPBakery', 'Woo Themes', 'WooCommerce', 'WooCommerce Checkout', 'WooCommerce Payments', 'WordPress', 'WordPress Multisite', 'WordPress Stats', 'jQuery']"
asphaltpavingbyjacooper.com,Asphalt Paving by J. A. Cooper | 774-381-3910 | East Bridgewater MA,,USA,77,2570,2026-09-12T07:48:55.033820891Z,"['Alternate Protocol', 'CookieYes', 'EmbedPress', 'Google Analytics', 'Google Customer Reviews', 'Google My Business', 'Google Related Website Sites', 'Google Tag Manager', 'Gutenberg Blocks by Kadence Blocks', 'Kadence WP', 'Microdata for Google Shopping', 'PHP', 'Sitelinks Search Box', 'Theme In WP', 'UTF-8', 'WordPress', 'WordPress Multisite', 'YouTube', 'reCAPTCHA']"
braidhillshotel.com,"Landmark Hotel in Edinburgh, Scotland",Braid Hills Hotel,GBR,87,8645,2026-09-12T07:48:55.012113892Z,"['Adobe Creative Cloud WebFonts', 'Alternate Protocol', 'Coming Soon Page', 'Content Delivery Network', 'CookieYes', 'DuracellTomi Google Tag Manager for WordPress', 'EmbedPress', 'Font Awesome', 'Google Analytics', 'Google Cloud DNS', 'Google Font API', 'Google Tag Manager', 'Gravity Forms', 'Guestline', 'Instagram Follow Button', 'Microdata for Google Shopping', 'Nginx', 'Popup Maker for Wordpress', 'SK Chase', 'UTF-8', 'Woo Themes', 'WordPress', 'WordPress Multisite', 'jQuery']"
heytrade.com,The investment platform you’ve been waiting for - HeyTrade,HeyTrade,,77,55377,2026-09-12T07:32:27.753957085Z,"['Adjust', 'Alternate Protocol', 'Ametys', 'App Store', 'CDN JS', 'Call to Visit', 'Cloudflare', 'Cloudflare CDN', 'CookieYes', 'Divi', 'Elegant Themes', 'EmbedPress', 'Fireblade', 'Font Awesome', 'GZIP Module', 'Google', 'Google Analytics', 'Google Cloud CDN', 'Google Cloud DNS', 'Google Font API', 'Google My Business', 'Google Play', 'Google Tag Manager', 'Instagram Follow Button', 'JUST', 'Microdata for Google Shopping', 'PHP', 'Perl', 'Schema Plugin', 'Twitter Ads', 'UTF-8', 'WPML Multilingual', 'Woo Themes', 'WordPress']"
cushmidleton.ie,Home - Cush Midleton Restaurant,Cush Midleton Restaurant,,60,1208,2026-09-12T07:32:27.704980021Z,"['Alternate Protocol', 'CDN JS', 'Cloudflare', 'Cloudflare CDN', 'Content Delivery Network', 'CookieYes', 'Elementor', 'EmbedPress', 'GZIP Module', 'Google Analytics', 'Google Tag Manager', 'Hello Elementor', 'Instagram Follow Button', 'LiteSpeed', 'Microdata for Google Shopping', 'NFOrce Internet', 'PHP', 'ResDiary', 'Table Addons for Elementor', 'Theme In WP', 'UTF-8', 'WordPress', 'WordPress Multisite', 'eLand', 'jQuery']"
cosstraining.org,COSS Series Home Page - Certified Occupational Safety Specialist Series,Certified Occupational Safety Specialist Series,USA,92,19967,2026-09-12T07:20:48.52268854Z,"['Alternate Protocol', 'CDN JS', 'Cloudflare', 'Cloudflare Bot Manager', 'Cloudflare CDN', 'Contact Form Plugin', 'Content Delivery Network', 'CookieYes', 'EmbedPress', 'Fastly', 'Fireblade', 'FormSubmit', 'GZIP Module', 'GitHub Hosting', 'Google Analytics', 'Google Cloud DNS', 'Google Font API', 'Google Tag Manager', 'Microdata for Google Shopping', 'Nginx', 'Oxygen', 'Oxygen Builder', 'Perl', 'QUIC', 'UTF-8', 'WordPress', 'WordPress Multisite', 'YouTube', 'jQuery']"
garlic4u.com,China Garlic Supplier | Garlic Wholesale Price - FENDUNI Garlic,,CHN,82,47104,2026-09-12T07:20:48.521047499Z,"['AWS WAF Challenge', 'Alternate Protocol', 'Amazon WAF Blocked', 'Apture Linking Platform', 'Cloudflare', 'Cloudflare CDN', 'Contact Form Plugin', 'CookieYes', 'Easy Table of Contents', 'EmbedPress', 'Fancybox for WordPress', 'Google Analytics', 'Google Conversion Tracking', 'Google Related Website Sites', 'Google Tag Manager', 'HandL UTM Grabber', 'IcoMoon', 'Lazy Load for WordPress', 'Microdata for Google Shopping', 'NitroPack', 'PHP', 'Tailwind CSS', 'The Fresh', 'TranslatePress', 'UTF-8', 'WP Rocket', 'Woo Themes', 'WooCommerce', 'WooCommerce Checkout', 'WordPress', 'WordPress Multisite', 'YouTube']"
renasans.nl,Renasans,,,55,63,2026-09-12T07:11:35.405264552Z,"['Alternate Protocol', 'Apache', 'Click to Chat for WhatsApp', 'CookieYes', 'EmbedPress', 'GZIP Module', 'Google', 'Google Cloud CDN', 'Google Cloud DNS', 'Google Font API', 'Google No Site Links Search', 'Instagram Follow Button', 'Microdata for Google Shopping', 'PHP', 'Parcel', 'Pico CSS', 'Theme In WP', 'UTF-8', 'WordPress', 'WordPress Multisite', 'jQuery']"
path4you.org,PATH4YOU,,,65,19230,2026-09-12T07:01:53.938039589Z,"['Alternate Protocol', 'ByteDance', 'Content Delivery Network', 'CookieYes', 'EmbedPress', 'Font Awesome', 'GenerateBlocks', 'Google', 'Google Analytics', 'Google Cloud DNS', 'Google Font API', 'Google Related Website Sites', 'Google Tag Manager', 'Instagram Feed for WordPress', 'Instagram Follow Button', 'Microdata for Google Shopping', 'PHP', 'Qualtrics Site Intercept', 'Schema Plugin', 'Sucuri Cloudproxy', 'Tailwind CSS', 'Tawk', 'Theme In WP', 'TikTok Conversion Tracking Pixel', 'To Top', 'TranslatePress', 'Twitter Ads', 'UTF-8', 'Ultimate Addons for Gutenberg', 'WordPress', 'WordPress Multisite', 'YouTube', 'jQuery', 'jsDelivr']"
sp-holidays.pt,SP Holidays - A truly Portuguese summer - sp-holidays.pt,SP-Holidays,PRT,67,7281,2026-09-12T07:01:53.927649493Z,"['Alternate Protocol', 'Amazon WAF Blocked', 'Apache', 'Baidu Cloud', 'CookieYes', 'Elementor', 'EmbedPress', 'GTranslate', 'GZIP Module', 'Getwid Gutenberg Blocks', 'Google', 'Google Analytics', 'Google Cloud DNS', 'Google Conversion Tracking', 'Google Font API', 'Google My Business', 'Google Tag Manager', 'Instagram Follow Button', 'Microdata for Google Shopping', 'MonsterInsights', 'NFOrce Internet', 'PHP', 'Q2W3 Fixed Widget', 'Theme In WP', 'UTF-8', 'WP Fastest Cache', 'WPFront Scroll Top', 'WordPress', 'WordPress Multisite', 'WordPress Related Posts']"
ballymaloefoods.ie,Ballymaloe Foods | An Irish Family Food Company,Ballymaloe Foods,IRL,82,20964,2026-09-12T06:39:42.410532801Z,"['AWS WAF Challenge', 'Alternate Protocol', 'Ametys', 'Apture Linking Platform', 'Cloudflare', 'Content Delivery Network', 'CookieYes', 'DAV', 'EmbedPress', 'Facebook Reseller', 'Google', 'Google Analytics', 'Google Cloud DNS', 'Google Font API', 'Google Related Website Sites', 'Google Tag Manager', 'Instagram Follow Button', 'Microdata for Google Shopping', 'Ninja Forms', 'PHP', 'Perl', 'Popup Maker for Wordpress', 'Search and Filter Pro', 'Shopify', 'Smart Slider 3', 'Theme In WP', 'Twitter Ads', 'Twitter Analytics', 'UTF-8', 'WP Engine', 'WP Google Maps', 'WP Rocket', 'WordPress', 'WordPress Multisite', 'YouTube', 'eLand', 'jQuery']"
marinegabion.com,Marine Gabions for Coastal Protection - Oceanus® International,,,67,34607,2026-09-12T06:39:42.39637231Z,"['AWS WAF Challenge', 'Alternate Protocol', 'Animate It', 'Apache', 'CookieYes', 'EmbedPress', 'Fireblade', 'GZIP Module', 'Google', 'Google Analytics', 'Google Cloud DNS', 'Google Font API', 'Google Tag Manager', 'IcoMoon', 'Instagram Follow Button', 'Jetpack', 'Line2', 'Menu Icons by ThemeIsle', 'Microdata for Google Shopping', 'Nectar Slide Plugin', 'QUIC', 'Salient', 'Tidio', 'UTF-8', 'WPBakery', 'WPML Multilingual', 'Woo Themes', 'WooCommerce', 'WooCommerce Checkout', 'WooCommerce Payments', 'WordPress', 'WordPress Multisite', 'WordPress Stats', 'YouTube', 'jQuery', 'jsDelivr']"
gbswimcoaches.co.uk,BSCA | British Swimming Coaches Association,,GBR,70,21011,2026-09-12T06:24:52.066263565Z,"['Alternate Protocol', 'Cisco/Arrowpoint Content Service Switch', 'Content Delivery Network', 'CookieYes', 'DAV', 'Divi', 'Elegant Themes', 'EmbedPress', 'Fireblade', 'GZIP Module', 'Google Cloud DNS', 'Google Font API', 'Line2', 'Microdata for Google Shopping', 'Nginx', 'PHP', 'Perl', 'QUIC', 'Schema Plugin', 'Tailwind CSS', 'Theme In WP', 'Twitter Ads', 'UTF-8', 'Vercel', 'Woo Themes', 'WooCommerce', 'WooCommerce Checkout', 'WooCommerce Payments', 'WordPress', 'WordPress Multisite', 'YouTube', 'eLand', 'jQuery']"
gioielleriastellamaris.com,Stella Maris Jewelry,,ITA,67,25380,2026-09-12T06:14:56.679074607Z,"['Adult Content', 'Alternate Protocol', 'Apache', 'Apture Linking Platform', 'CookieYes', 'Elementor', 'Facebook Conversion Tracking', 'Facebook Login', 'Facebook Messenger Platform', 'Facebook Pixel', 'Facebook Reseller', 'Facebook Tag API', 'GZIP Module', 'Google', 'Google Analytics', 'Google Cloud DNS', 'Google Font API', 'Google My Business', 'Google Pay', 'Google Recommendations AI', 'Google Related Website Sites', 'Google Tag Manager', 'Instagram Follow Button', 'Klarna', 'OneSignal', 'PHP', 'PrestaShop', 'QUIC', 'ShareThis', 'Tailwind CSS', 'UTF-8', 'Vector Internet Services']"
tradertoolmatch.com,Trader Tool Match | Compare Best Crypto Trading Software & Orderflow Tools,Trader Tool Match,,67,215660,2026-09-12T06:14:56.656955257Z,"['AAPT', 'Adult Content', 'Alibaba Cloud CDN', 'CCSI', 'Coming Soon Page', 'Content Delivery Network', 'CookieYes', 'DAV', 'Enjoi', 'Federal Deposit Insurance Corporation', 'Financial Services Guide', 'Google Related Website Sites', 'Google Tag Manager', 'HHVM', 'HMDG', 'Hexo', 'Idaq', 'K2F', 'KVH', 'Krypt Technologies', 'M247', 'Microdata for Google Shopping', 'Next.js', 'No-Q', 'O2MC Dimml', 'PHP', 'Paessler', 'Perl', 'QUIC', 'SMC', 'Silicon Valley Web Hosting', 'Subversion', 'TradingView', 'Twitter Ads', 'UTF-8', 'Unix', 'Vercel', 'Visx', 'Yandex Hosting', 'YouTube', 'Zope', 'shadcn ui']"
codelearn.com,Codelearn | Coding for Kids and Teens | Computational Thinking School,,ESP,77,15539,2026-09-12T05:31:07.430085384Z,"['AWS WAF Challenge', 'Alternate Protocol', 'Autoptimize', 'CookieYes', 'Divi', 'Elegant Themes', 'EmbedPress', 'Facebook Conversion Tracking', 'Facebook Login', 'Facebook Messenger Platform', 'Facebook Pixel', 'Facebook Reseller', 'Facebook Tag API', 'GZIP Module', 'Google Analytics', 'Google Tag Manager', 'Instagram Follow Button', 'Investor Relations', 'Nginx', 'PHP', 'Python', 'Theme In WP', 'Twitter Ads', 'UTF-8', 'Woo Themes', 'WordPress', 'WordPress Multisite', 'YouTube', 'jQuery']"
dorbiere.co.uk,Dorbiere pub group,,GBR,60,219,2026-09-12T05:31:07.42462579Z,"['CookieYes', 'Google Analytics', 'Google Cloud DNS', 'Google Maps', 'Google Tag Manager', 'IcoMoon', 'Microsoft Azure', 'Twitter Ads', 'Visual Studio']"
justhealth.co.uk,Just Health - Driver Medicals D4 HGV 50+ Locations,,GBR,77,52686,2026-09-12T05:19:01.134161895Z,"['Alternate Protocol', 'Amazon WAF Blocked', 'Anti-spam for WordPress', 'Apache', 'BLR', 'CleanTalk Spam Protect', 'Click to Chat for WhatsApp', 'Contact Form Plugin', 'CookieYes', 'DAV', 'DuracellTomi Google Tag Manager for WordPress', 'EmbedPress', 'Fireblade', 'Font Awesome', 'GZIP Module', 'Google Analytics', 'Google Cloud DNS', 'Google Cloud Storage', 'Google My Business', 'Google Related Website Sites', 'Google Tag Manager', 'IcoMoon', 'Medical Online', 'Microdata for Google Shopping', 'PHP', 'QUIC', 'Theme In WP', 'ThemeFusion', 'Tumblr', 'UTF-8', 'Vector Internet Services', 'WP Fastest Cache', 'WP jQuery Lightbox', 'WordPress', 'WordPress Multisite']"
bodytherapy.ee,EMS. Füsioteraapia. Baroteraapia. Krüoteraapia. Treening. Avaleht - Bodytherapy,Bodytherapy,EST,82,833,2026-09-12T05:05:26.378571062Z,"['Alternate Protocol', 'Apache', 'Astra Theme', 'CookieYes', 'DuracellTomi Google Tag Manager for WordPress', 'EmbedPress', 'Facebook Conversion Tracking', 'Facebook Login', 'Facebook Messenger Platform', 'Facebook Pixel', 'Facebook Reseller', 'Facebook Tag API', 'GZIP Module', 'Google Analytics', 'Google Cloud DNS', 'Google Font API', 'Google My Business', 'Google Tag Manager', 'Instagram Follow Button', 'Microdata for Google Shopping', 'MonsterInsights', 'PHP', 'Stackable Page Builder Gutenberg Blocks', 'Theme In WP', 'UTF-8', 'Woo Themes', 'WordPress', 'WordPress Multisite', 'WordPress Related Posts', 'jQuery', 'myStickymenu']"
sticktion.com,Sustainable Sports Performance Solutions - Sticktion,Sticktion,GBR,82,2639,2026-09-12T04:56:51.534622507Z,"['Alternate Protocol', 'Animate It', 'Contact Form Plugin', 'CookieYes', 'EmbedPress', 'GZIP Module', 'Google Analytics', 'Google Cloud DNS', 'Google Font API', 'Google My Business', 'Google Tag Manager', 'IcoMoon', 'Instagram Follow Button', 'Line2', 'Microdata for Google Shopping', 'Nectar Slide Plugin', 'Nginx', 'PHP', 'Parallels Plesk Panel', 'Post Grid', 'QUIC', 'Salient', 'Site Kit', 'Tailwind CSS', 'Theme In WP', 'UTF-8', 'WPBakery', 'WordPress', 'WordPress Multisite', 'YouTube', 'jQuery', 'reCAPTCHA']"
getsocialtoaster.com,SocialToaster | Enterprise Employee Advocacy Platform,"SocialToaster, Inc.",,67,56556,2026-09-12T04:56:51.51770314Z,"['Adult Content', 'Alternate Protocol', 'BatCache', 'Contact Form Plugin', 'Content Delivery Network', 'CookieYes', 'Download Monitor', 'Elementor', 'EmbedPress', 'Essential Addons for Elementor', 'Fastly', 'Google Analytics', 'Google My Business', 'Google Tag Manager', 'Gravity Forms', 'Hello Elementor', 'Instagram Follow Button', 'Jetpack', 'Microdata for Google Shopping', 'NFOrce Internet', 'Nginx', 'PHP', 'Perl', 'QUIC', 'SMC', 'Table Addons for Elementor', 'Theme In WP', 'UTF-8', 'University or College', 'WPForms', 'WordPress', 'WordPress Multisite', 'WordPress Stats', 'YouTube', 'jQuery', 'reCAPTCHA']"
oxfordshirelep.com,Enterprise Oxfordshire,Enterprise Oxfordshire,GBR,75,2652,2026-09-12T04:40:56.929617819Z,"['Adobe Creative Cloud WebFonts', 'Alternate Protocol', 'Ametys', 'Content Delivery Network', 'CookieYes', 'Corporate Governance and Regulatory Compliance', 'EmbedPress', 'GZIP Module', 'Google Analytics', 'Google Tag Manager', 'Gravity', 'Hotjar', 'IcoMoon', 'Microdata for Google Shopping', 'Nginx', 'PHP', 'QUIC', 'SearchWP', 'The Events Calendar', 'Theme In WP', 'UK Cookie Consent', 'UTF-8', 'WordPress', 'WordPress Multisite', 'YouTube', 'jQuery']"
ecotechyorkshire.co.uk,"Commercial HVAC, Air Con Engineers | Sheffield",Ecotech Yorkshire,GBR,92,19933,2026-09-12T04:29:43.234218294Z,"['AWS WAF Challenge', 'Adobe Creative Cloud WebFonts', 'Alternate Protocol', 'Bellows Accordion Menu', 'CleanTalk Spam Protect', 'Cloudflare', 'Content Delivery Network', 'CookieYes', 'DAV', 'EmbedPress', 'Fastly', 'FormSubmit', 'GitHub Hosting', 'Google Analytics', 'Google Customer Reviews', 'Google My Business', 'Google Tag Manager', 'Gutenberg Blocks by Kadence Blocks', 'Microdata for Google Shopping', 'Ntent', 'Oxygen', 'Oxygen Builder', 'QUIC', 'Thank You', 'Twenty Twenty-One', 'UTF-8', 'University or College', 'Vimeo', 'WP Engine', 'WordPress', 'WordPress Multisite', 'YouTube', 'jQuery']"
learnthecolregs.com,LEARN the COLREGS.com – Learn the COLREGS the easy way!,,GBR,70,20577,2026-09-12T04:29:43.231027307Z,"['AWS WAF Challenge', 'Alternate Protocol', 'BuddyBoss', 'Cloudflare', 'Cloudflare CDN', 'CookieYes', 'Elementor', 'EmbedPress', 'Essential Addons for Elementor', 'Google', 'Google Analytics', 'Google My Business', 'Google Tag Manager', 'Header, Footer and Blocks for Elementor', 'Instagram Follow Button', 'Jeg Elementor Kit', 'LearnDash', 'MemberPress', 'NFOrce Internet', 'PHP', 'Site Kit', 'SiteW', 'The Post Grid', 'Theme In WP', 'Twitter Ads', 'UTF-8', 'WordPress', 'WordPress Multisite', 'YouTube', 'jQuery']"
centralskiphire.co.uk,Central Skip Hire - Skip Hire in Falkirk and Scotland,,,67,2992,2026-09-12T04:19:38.135477065Z,"['Alternate Protocol', 'Contact Form Plugin', 'CookieYes', 'Custom Twitter Feeds', 'EmbedPress', 'Flatsome', 'GZIP Module', 'Google Analytics', 'Google My Business', 'Google Tag Manager', 'IcoMoon', 'Instagram Follow Button', 'MailChimp for WordPress', 'Microdata for Google Shopping', 'Nginx', 'PHP', 'Parallels Plesk Panel', 'QUIC', 'Tailwind CSS', 'Theme In WP', 'Twitter Ads', 'UTF-8', 'WPForms', 'Woo Themes', 'WooCommerce', 'WooCommerce Checkout', 'WordPress', 'WordPress Multisite', 'YouTube', 'jQuery', 'reCAPTCHA']"
zxlconsulting.co.uk,ZXL Consulting Limited - ZXL Consulting,ZXL Consulting,,70,21064,2026-09-12T03:33:36.222103344Z,"['AWS WAF Challenge', 'Alternate Protocol', 'Apache', 'Cloudflare', 'Cloudflare CDN', 'Comms', 'Content Delivery Network', 'CookieYes', 'Elementor', 'EmbedPress', 'Essential Addons for Elementor', 'GZIP Module', 'Google', 'Google My Business', 'Header, Footer and Blocks for Elementor', 'Microdata for Google Shopping', 'NFOrce Internet', 'Newsletter for Wordpress', 'OceanWP', 'PHP', 'Premium Addons for Elementor', 'Tailwind CSS', 'Theme In WP', 'UTF-8', 'WP Mobile Menu', 'WPForms', 'Woo Themes', 'WooCommerce Checkout', 'WordPress', 'WordPress Multisite', 'jQuery']"
snack-packs.co.uk,Healthy Snack Boxes | Snack Packs,,,82,21233,2026-09-12T03:33:36.209223663Z,"['AWS WAF Challenge', 'Alternate Protocol', 'Cloudflare', 'Content Delivery Network', 'CookieYes', 'Creative Mail by Constant Contact', 'DAV', 'Elementor', 'ElementsKit Elementor', 'EmbedPress', 'Express', 'Facebook Conversion Tracking', 'Facebook Login', 'Facebook Messenger Platform', 'Facebook Pixel', 'Facebook Reseller', 'Facebook Tag API', 'Google Analytics', 'Google Related Website Sites', 'Google Tag Manager', 'Hello Elementor', 'Hotjar', 'Instagram Follow Button', 'Line2', 'MailChimp for WordPress', 'Microdata for Google Shopping', 'NFOrce Internet', 'PHP', 'Parcel', 'Popup Maker for Wordpress', 'Table Addons for Elementor', 'Theme In WP', 'UTF-8', 'WP Engine', 'Woo Themes', 'WooCommerce', 'WooCommerce Checkout', 'WooCommerce Payments', 'WooCommerce Pixel Manager by woopt', 'WooCommerce Stripe Payment Gateway', 'WordPress', 'WordPress Multisite', 'YouTube', 'YouTube Advanced by Embed Plus', 'jQuery']"
soapaholics.com,Soapaholics.com | Join the Revolution of Eco-Friendly Body Care,YOS Ltd.,USA,87,3140,2026-09-12T02:57:55.174333959Z,"['Adult Content', 'Alternate Protocol', 'Content Delivery Network', 'CookieYes', 'Elementor', 'EmbedPress', 'FiboSearch', 'Google Analytics', 'Google Cloud DNS', 'Google Font API', 'Google Tag Manager', 'Instagram Follow Button', 'LiteSpeed', 'Microdata for Google Shopping', 'NFOrce Internet', 'Newsletter for Wordpress', 'OceanWP', 'PHP', 'Perl', 'QUIC', 'TI WooCommerce Wishlist', 'Tailwind CSS', 'Theme In WP', 'UTF-8', 'WP Mobile Menu', 'WPForms', 'Woo Themes', 'WooCommerce', 'WooCommerce Checkout', 'WordPress', 'WordPress Multisite', 'WordPress Related Posts', 'jQuery']"
farmartjanstalmhult.se,Farmartjänst Älmhult – Det lilla företaget med de stora resurserna,,,60,5363,2026-09-12T02:46:57.190054408Z,"['Alternate Protocol', 'CookieYes', 'DAV', 'Elementor', 'EmbedPress', 'Facebook CDN', 'Google', 'Google Analytics', 'Google Cloud CDN', 'Google Cloud DNS', 'Google Font API', 'Google My Business', 'Google Tag Manager', 'Hello Elementor', 'Instagram Feed for WordPress', 'Instagram Follow Button', 'M247', 'Nginx', 'Ntent', 'PHP', 'Pico CSS', 'Table Addons for Elementor', 'TrustIndex', 'UTF-8', 'WordPress', 'WordPress Multisite', 'eLand', 'jQuery', 'reCAPTCHA']"
websmart.media,Web Smart Media - Accommodation & Tourism Web Design Agency,Web Smart Media,USA,77,43501,2026-09-12T02:46:57.188466015Z,"['CookieYes', 'ElementUI', 'Elfsight', 'Google', 'Google Analytics', 'Google Cloud DNS', 'Google Font API', 'Google Tag Manager', 'IcoMoon', 'Instagram Follow Button', 'Microdata for Google Shopping', 'ON24', 'PHP', 'QUIC', 'Tailwind CSS', 'UTF-8', 'jsDelivr']"
jointpolicyunit.org.uk,Home - Sands And Tommys Joint Policy Unit,Sands And Tommys Joint Policy Unit,,75,1248,2026-09-12T02:25:44.765446756Z,"['Alternate Protocol', 'Column Shortcodes', 'Content Delivery Network', 'ContentViews', 'CookieYes', 'EmbedPress', 'Font Awesome', 'Google Analytics', 'Google Related Website Sites', 'Google Tag Manager', 'Kriesi.at', 'LiteSpeed', 'Microdata for Google Shopping', 'PHP', 'Team Members', 'Theme In WP', 'UTF-8', 'WordPress', 'WordPress Multisite', 'YouTube', 'eLand', 'jQuery']"
salama-mastership.me,Salama Masterhsip Homepage - Salama Mastership,,ROU,82,31517,2026-09-12T02:00:57.97415906Z,"['AWS WAF Challenge', 'Alternate Protocol', 'Content Delivery Network', 'CookieYes', 'ElasticPress', 'Elementor', 'ElementsKit Elementor', 'EmbedPress', 'Essential Addons for Elementor', 'Essential Blocks for Gutenberg', 'GZIP Module', 'Genesis Blocks', 'Hello Elementor', 'Instagram Follow Button', 'Microdata for Google Shopping', 'NFOrce Internet', 'Nginx', 'PHP', 'Pagekit', 'RM Education', 'Sitelinks Search Box', 'Theme In WP', 'Typeform', 'UTF-8', 'WP Engine', 'WordPress', 'WordPress Multisite', 'YouTube', 'jQuery']"
avaligntechnologies.healthcare,Avalign Technologies | Medical Instruments Original Equipment Manufacturers,,,60,756,2026-09-12T01:13:07.035426535Z,"['Apache', 'CookieYes', 'ETranslate', 'GTranslate', 'GZIP Module', 'Google Analytics', 'Google Maps', 'Google My Business', 'Google Related Website Sites', 'Google Tag Manager', 'HubSpot Conversations', 'Hubspot', 'IcoMoon', 'PHP', 'QUIC', 'Subversion', 'Tailwind CSS', 'UTF-8', 'jQuery']"
whiteswandanceacademy.co.uk,Dance Lessons in Huntingdon,,,57,,2026-09-12T01:02:51.823681888Z,"['CookieYes', 'Express', 'Instagram Follow Button', 'LiteSpeed']"
angelsinlacequinces.com,Quinceañera photographer Miami | Makeup & hair styling | Angels Lace,Angels in Lace,USA,82,38985,2026-09-12T00:57:16.147294721Z,"['AWS WAF Challenge', 'AiNET', 'Alternate Protocol', 'Apture Linking Platform', 'Cloudflare', 'Content Delivery Network', 'CookieYes', 'Elementor', 'ElementsKit Elementor', 'EmbedPress', 'Google Analytics', 'Google Tag Manager', 'Hello Elementor', 'Instagram Follow Button', 'Jeg Elementor Kit', 'Microdata for Google Shopping', 'NFOrce Internet', 'Ntent', 'PHP', 'Polylang', 'Table Addons for Elementor', 'Tailwind CSS', 'Theme In WP', 'To Top', 'TrustIndex', 'UTF-8', 'WP Engine', 'WordPress', 'WordPress Multisite', 'jQuery']"
villapaxos.com,Home - Bella Vista Villas & Suites,Bella Vista Villas & Suites,GRC,85,7087,2026-09-12T00:57:16.138198072Z,"['Alternate Protocol', 'Content Delivery Network', 'CookieYes', 'DAV', 'Elementor', 'EmbedPress', 'Express', 'Google', 'Google Cloud CDN', 'Google Cloud DNS', 'Google Font API', 'Google My Business', 'IcoMoon', 'Instagram Follow Button', 'Line2', 'LiteSpeed', 'Microdata for Google Shopping', 'NFOrce Internet', 'Newsletter for Wordpress', 'PHP', 'Polylang', 'QUIC', 'QUIC.cloud', 'Qi Addons For Elementor', 'Slider Revolution', 'Smart Slider 3', 'Twitter Ads', 'UTF-8', 'WordPress', 'WordPress Multisite', 'YouTube', 'eLand', 'reCAPTCHA']"
shepherd-pr.com,Home - Shepherd PR,,AUT,75,33922,2026-09-12T00:47:48.272175271Z,"['AWS WAF Challenge', 'Alternate Protocol', 'Cloudflare', 'Cloudflare CDN', 'Contact Form Plugin', 'Content Delivery Network', 'CookieYes', 'EmbedPress', 'Endis', 'Google', 'Google Analytics', 'Google Cloud DNS', 'Google Font API', 'Google My Business', 'Google Tag Manager', 'InitiativeS', 'LiteSpeed', 'Microdata for Google Shopping', 'PHP', 'QUIC', 'Tailwind CSS', 'Theme In WP', 'UTF-8', 'WordPress', 'WordPress Multisite', 'jQuery', 'reCAPTCHA']"
tenbyadventure.co.uk,Coasteering & Kayaking Pembrokeshire | Tenby Adventure,Tenby Adventure,GBR,82,4751,2026-09-12T00:47:48.256577676Z,"['Alternate Protocol', 'Apture Linking Platform', 'Astra Theme', 'Contact Form Plugin', 'Content Delivery Network', 'CookieYes', 'Elementor', 'EmbedPress', 'Google Analytics', 'Google Cloud DNS', 'Google Font API', 'Google My Business', 'Google Tag Manager', 'Instagram Follow Button', 'LiteSpeed', 'Microdata for Google Shopping', 'NFOrce Internet', 'PHP', 'QUIC', 'QUIC.cloud', 'Simple Banner for Wordpress', 'Table Addons for Elementor', 'Theme In WP', 'TrustIndex', 'UTF-8', 'Vercel', 'Woo Themes', 'WordPress', 'WordPress Multisite', 'WordPress Related Posts', 'YouTube', 'jQuery', 'reCAPTCHA']"
veniceguideandboat.it,"Private Venice tours, boat tours and transfers with Venice Guide and Boat",,ITA,92,24668,2026-09-12T00:39:30.806263071Z,"['AWS WAF Challenge', 'Add to Any', 'Alternate Protocol', 'Autoptimize', 'Cloudflare', 'Cloudflare CDN', 'Cloudflare Turnstile', 'Content Delivery Network', 'CookieYes', 'EmbedPress', 'Fastly', 'Font Awesome', 'GZIP Module', 'Google Analytics', 'Google Cloud DNS', 'Google Font API', 'Google Tag Manager', 'IcoMoon', 'Instagram Follow Button', 'KeyCDN', 'Kitco', 'Microdata for Google Shopping', 'Nginx', 'PHP', 'Parallels Plesk Panel', 'Tailwind CSS', 'UTF-8', 'University or College', 'Woo Themes', 'WooCommerce', 'WooCommerce Checkout', 'WordPress', 'WordPress Multisite', 'jQuery']"
angler.hu,Home - ENG - Angler Kft.,Angler Ltd.,,80,16048,2026-09-11T23:54:28.387835539Z,"['Alternate Protocol', 'Apache', 'CookieYes', 'Fireblade', 'Font Awesome', 'Google Analytics', 'Google Cloud DNS', 'Google Font API', 'Google Tag Manager', 'Microdata for Google Shopping', 'One Designs', 'OnePress', 'PHP', 'Polylang', 'Sitelinks Search Box', 'Theme In WP', 'UTF-8', 'WPForms', 'WordPress', 'WordPress Multisite', 'jQuery', 'shadcn ui']"
abclanguages.com,International Language Centres | Cambridge,,CAN,72,10099,2026-09-11T23:54:28.357783397Z,"['AJAX Libraries API', 'Amazon', 'Amazon CloudFront', 'Animate It', 'CDN JS', 'CloudFront', 'Cloudflare', 'Cloudflare CDN', 'Content Delivery Network', 'Conversion AI', 'CookieYes', 'Crisp', 'Facebook Conversion Tracking', 'Facebook Login', 'Facebook Messenger Platform', 'Facebook Pixel', 'Facebook Reseller', 'Facebook Tag API', 'GZIP Module', 'Google', 'Google Analytics', 'Google Cloud DNS', 'Google Font API', 'Google Related Website Sites', 'Google Tag Manager', 'Instagram Follow Button', 'Jetboost', 'QUIC', 'Tailwind CSS', 'Thank You', 'UTF-8', 'University or College', 'WF Cookie Consent', 'Webflow', 'YouTube', 'jsDelivr']"
copilotrecruitment.com,Copilot Recruitment,Copilote,CAN,77,6878,2026-09-11T23:37:36.131229624Z,"['Alternate Protocol', 'Animate It', 'Contact Form Plugin', 'Content Delivery Network', 'CookieYes', 'EmbedPress', 'Google', 'Google Analytics', 'Google Cloud DNS', 'Google Font API', 'Google My Business', 'Google Tag Manager', 'Instagram Follow Button', 'Line2', 'Matomo', 'Matomo Tag Manager', 'Microdata for Google Shopping', 'Nectar Slide Plugin', 'Nginx', 'PHP', 'Pagekit', 'Post Grid', 'QUIC', 'Salient', 'Sitelinks Search Box', 'SmartCrawl', 'Theme In WP', 'Toolset', 'UTF-8', 'WPBakery', 'WPML Multilingual', 'WordPress', 'WordPress Multisite', 'jQuery', 'reCAPTCHA']"
jtharrogate.co.uk,Resin Bound Driveways | Resin Driveway Installation Harrogate,JT Construction,SYC,82,4176,2026-09-11T23:22:17.151177213Z,"['Alternate Protocol', 'Apache', 'Contact Form Plugin', 'Content Delivery Network', 'CookieYes', 'EmbedPress', 'Font Awesome', 'GZIP Module', 'Google Analytics', 'Google Cloud DNS', 'Google Conversion Tracking', 'Google Font API', 'Google My Business', 'Google Tag Manager', 'Microdata for Google Shopping', 'PHP', 'Simple Lightbox', 'SiteOrigin', 'SiteOrigin Panels', 'StackPath', 'Theme In WP', 'UTF-8', 'Woo Themes', 'WordPress', 'WordPress Multisite', 'jQuery', 'reCAPTCHA']"
van-rosevelt.com,Trailerladen zonder stress - Van Rosevelt,Van Rosevelt,NLD,77,9198,2026-09-11T23:22:17.143604574Z,"['Adobe Creative Cloud WebFonts', 'Alternate Protocol', 'Apache', 'CookieYes', 'Elementor', 'EmbedPress', 'Essential Addons for Elementor', 'Fontello', 'GZIP Module', 'Google Analytics', 'Google Cloud DNS', 'Google Font API', 'Google Maps', 'Google My Business', 'Google Tag Manager', 'IcoMoon', 'Instagram Feed for WordPress', 'Instagram Follow Button', 'Microdata for Google Shopping', 'NFOrce Internet', 'PHP', 'QUIC', 'Sitelinks Search Box', 'Theme In WP', 'UTF-8', 'Vector Internet Services', 'WordPress', 'WordPress Multisite', 'eLand', 'jQuery', 'reCAPTCHA']"
creativetoolbags.com,CTB – Modular Pouch System,,,65,2708,2026-09-11T23:10:43.783429351Z,"['Alternate Protocol', 'Automattic', 'CookieYes', 'Elementor', 'EmbedPress', 'Essential Addons for Elementor', 'GZIP Module', 'Hello Elementor', 'Jetpack', 'NFOrce Internet', 'Nginx', 'PHP', 'Theme In WP', 'UTF-8', 'Woo Themes', 'WooCommerce', 'WooCommerce Checkout', 'WordPress', 'WordPress Multisite', 'WordPress Stats', 'jQuery']"
redbricksolutions.co.uk,UK’s Leading Legal Case Management Software,Redbrick Solutions UK Ltd,GBR,77,2062,2026-09-11T23:10:43.781989982Z,"['Alternate Protocol', 'CDN JS', 'Cloudflare', 'Cloudflare CDN', 'CookieYes', 'Easy Accordio', 'EmbedPress', 'Express', 'Formidable Pro Form', 'Google Analytics', 'Google My Business', 'Google Tag Manager', 'LiteSpeed', 'Microdata for Google Shopping', 'Ntent', 'PHP', 'Tailwind CSS', 'Theme In WP', 'Twitter Ads', 'UTF-8', 'Ultimate Blocks', 'UpContent', 'WordPress', 'WordPress Multisite', 'jQuery', 'reCAPTCHA']"
callsimulator.com,Enterprise AI Role-Play Training Platform | Call Simulator,Call Simulator,,72,27937,2026-09-11T22:58:03.822735945Z,"['Alternate Protocol', 'Ametys', 'Astra Theme', 'Cloudflare', 'Cloudflare Bot Manager', 'Cloudflare CDN', 'Content Delivery Network', 'CookieYes', 'DAV', 'Elementor', 'EmbedPress', 'Express', 'Financial Services Guide', 'Google', 'Google Analytics', 'Google Cloud CDN', 'Google Cloud DNS', 'Google Font API', 'Google Tag Manager', 'Header, Footer and Blocks for Elementor', 'HubSpot Conversations', 'HubSpot WordPress Plugin', 'Hubspot', 'Leady', 'LinkedIn Insights', 'LinkedIn Pixel', 'LiteSpeed', 'Microdata for Google Shopping', 'PHP', 'Pagekit', 'Smush Image Optimization', 'SproutVideo', 'Theme In WP', 'UK Cookie Consent', 'UTF-8', 'WP Accessibility', 'WebsitePolicies', 'Woo Themes', 'WordPress', 'WordPress Multisite', 'WordPress Related Posts', 'YouTube', 'jQuery']"
markreecourtyard.ie,"Markree Courtyard & Carriage Rooms, Sligo has been transformed into an exclusive wedding and events hire venue with self catering accommodation.",,,77,579,2026-09-11T22:41:13.558505753Z,"['Alternate Protocol', 'Apache', 'CookieYes', 'Divi', 'Elegant Themes', 'EmbedPress', 'GZIP Module', 'Google Analytics', 'Google Cloud DNS', 'Google Font API', 'Google Tag Manager', 'Instagram Follow Button', 'PHP', 'UTF-8', 'Woo Themes', 'WordPress', 'WordPress Multisite', 'eLand']"
boo-marketing.co.uk,Marketing for Small Growing B2B Businesses - Boo Marketing,,,82,3901,2026-09-11T22:41:13.548141244Z,"['Alternate Protocol', 'Apache', 'Content Delivery Network', 'CookieYes', 'DuracellTomi Google Tag Manager for WordPress', 'Elementor', 'EmbedPress', 'GZIP Module', 'Google Analytics', 'Google My Business', 'Google Related Website Sites', 'Google Tag Manager', 'Hello Elementor', 'Instagram Follow Button', 'Microdata for Google Shopping', 'NFOrce Internet', 'PHP', 'Perl', 'Pico CSS', 'QUIC', 'Theme In WP', 'Twitter Ads', 'UTF-8', 'WordPress', 'WordPress Multisite', 'jQuery', 'reCAPTCHA']"
cosatron.com,Indoor Air Quality Solutions | CosaTron,CosaTron,,72,75800,2026-09-11T22:41:13.540507409Z,"['AWS WAF Challenge', 'Alternate Protocol', 'Apache', 'Apture Linking Platform', 'Baidu Cloud', 'Content Delivery Network', 'CookieYes', 'Divi', 'Duoban', 'Elegant Themes', 'EmbedPress', 'Express', 'GZIP Module', 'Google', 'Google Analytics', 'Google Cloud CDN', 'Google Cloud DNS', 'Google Font API', 'Google My Business', 'Google Related Website Sites', 'Google Tag Manager', 'Gravity', 'Loomly', 'Microdata for Google Shopping', 'NitroPack', 'Popup Maker for Wordpress', 'SMC', 'Sitelinks Search Box', 'Twitter Ads', 'UTF-8', 'Underscores', 'University or College', 'WordPress', 'WordPress Multisite', 'Yandex Hosting', 'YouTube', 'reCAPTCHA']"
pewarn.org,Water/Wastewater Agency Response Network - American Water Works Association,American Water Works Association,IND,75,65053,2026-09-11T22:19:20.695952048Z,"['501c3 Status Nonprofit', 'Alternate Protocol', 'Auth0', 'Autodesk', 'Autoptimize', 'Cloudflare', 'Cloudflare CDN', 'Content Delivery Network', 'CookieYes', 'Corporate Governance and Regulatory Compliance', 'DAV', 'EmbedPress', 'Fastly', 'Fireblade', 'Google Analytics', 'Google Tag Manager', 'Instagram Follow Button', 'Keller Williams Realty', 'Landis Holdings', 'M247', 'Microdata for Google Shopping', 'PHP', 'Tailwind CSS', 'Theme In WP', 'UTF-8', 'WP Advanced Ads', 'WordPress', 'WordPress Ad Manager and AdSense Ads', 'WordPress Multisite', 'YouTube', 'jQuery', 'shadcn ui']"
dkenourgios.gr,D. Kenourgios S.A. – Defense and Training Services,,GRC,60,659,2026-09-11T22:07:00.793519754Z,"['Alternate Protocol', 'Apache', 'CookieYes', 'Elementor', 'EmbedPress', 'Formidable Pro Form', 'GZIP Module', 'Google Cloud DNS', 'Google Font API', 'IcoMoon', 'LiteSpeed', 'NFOrce Internet', 'PHP', 'Theme In WP', 'UTF-8', 'Woo Themes', 'WooCommerce', 'WooCommerce Checkout', 'WordPress', 'WordPress Multisite', 'eLand', 'jQuery']"
skyhighroofing.ie,Roofing - Roofing services in Leinster -Sky High Roofing,Sky High Roofing,IRL,92,31902,2026-09-11T22:07:00.766446527Z,"['AWS WAF Challenge', 'Alternate Protocol', 'Astra Theme', 'Better Lead Generation Services', 'Call to Visit', 'Cloudflare', 'Cloudflare CDN', 'CookieYes', 'DAV', 'Elementor', 'EmbedPress', 'Fastly', 'Google', 'Google Analytics', 'Google Cloud DNS', 'Google Font API', 'Google Maps', 'Google My Business', 'Google Related Website Sites', 'Google Tag Manager', 'Instagram Follow Button', 'Kitco', 'Microdata for Google Shopping', 'NFOrce Internet', 'Ntent', 'PHP', 'QUIC', 'Site Kit', 'Theme In WP', 'TrustIndex', 'UTF-8', 'Woo Themes', 'WordPress', 'WordPress Multisite', 'WordPress Related Posts', 'Yandex Hosting', 'eLand', 'jQuery']"
conference-biomass.com,EUBCE 2027 | 35th European Biomass Conference and Exhibition – European Biomass Conference and Exhibition,,FRA,65,4848,2026-09-11T21:57:01.129615463Z,"['Ajax Search Lite', 'Alternate Protocol', 'Ametys', 'Apache', 'Boxzilla', 'Contact Form Plugin', 'CookieYes', 'DoubleClick Bid Manager', 'Easy Accordio', 'EmbedPress', 'Facebook Conversion Tracking', 'Facebook Login', 'Facebook Messenger Platform', 'Facebook Pixel', 'Facebook Reseller', 'Facebook Tag API', 'GZIP Module', 'Google', 'Google Analytics', 'Google Cloud DNS', 'Google Conversion Tracking', 'Google Font API', 'Google My Business', 'Google Tag Manager', 'Instagram Follow Button', 'LinkedIn Insights', 'LinkedIn Pixel', 'Meta Slider for WordPress', 'MonsterInsights', 'PHP', 'Perl', 'Photo Gallery for WordPress', 'QUIC', 'Theme In WP', 'Twitter Ads', 'Twitter Analytics', 'Twitter Conversion Tracking', 'UK Cookie Consent', 'UTF-8', 'University or College', 'W3 Total Cache', 'WordPress', 'WordPress Multisite', 'YouTube', 'jQuery', 'qTranslate', 'reCAPTCHA']"
mongoosecadence.com,Mongoose AI Engagement Platform: Every Conversation Matters,,ARG,87,201521,2026-09-11T21:57:01.124685475Z,"['AWS WAF Challenge', 'Alternate Protocol', 'Apture Linking Platform', 'Cloudflare', 'Content Delivery Network', 'CookieYes', 'DoubleClick Bid Manager', 'EmbedPress', 'Fireblade', 'Global Privacy Control', 'Google Analytics', 'Google Related Website Sites', 'Google Tag Manager', 'Gravity', 'HubSpot WordPress Plugin', 'Hubspot', 'Lazy Load for WordPress', 'Microdata for Google Shopping', 'PHP', 'PWA', 'QUIC', 'Salesforce Hosted', 'Theme In WP', 'UTF-8', 'University or College', 'WP Engine', 'WP Rocket', 'WordPress', 'WordPress Multisite', 'jQuery']"
valeriaaloe.com,"Valeria Aloe | Award-Winning Author, Speaker and Entrepreneur",Valeria Aloe,,72,4024,2026-09-11T21:50:09.833094829Z,"['Alternate Protocol', 'Content Delivery Network', 'CookieYes', 'Divi', 'Elegant Themes', 'Elementor', 'EmbedPress', 'Google Analytics', 'Google Cloud DNS', 'Google Font API', 'Google Tag Manager', 'Instagram Follow Button', 'Jetpack', 'Kajabi', 'LiteSpeed', 'Metricool', 'Microdata for Google Shopping', 'PHP', 'Photo Gallery for WordPress', 'Theme In WP', 'UTF-8', 'Woo Themes', 'WordPress', 'WordPress Multisite', 'WordPress Stats', 'eLand', 'jQuery']"
openeyesvision.com,Open Eyes Vision – Platform for Sharing Spiritual Knowledge,,,55,502,2026-09-11T21:50:09.825779307Z,"['AWS WAF Challenge', 'Alternate Protocol', 'Ametys', 'Apache', 'Cloudflare', 'Cloudflare CDN', 'CookieYes', 'Elementor', 'EmbedPress', 'Essential Addons for Elementor', 'GZIP Module', 'Google', 'Google Analytics', 'Google Cloud DNS', 'Google Font API', 'Google My Business', 'Google Tag Manager', 'Instagram Follow Button', 'Jetpack', 'Lazy Load for WordPress', 'Newsletter for Wordpress', 'OceanWP', 'PHP', 'Perl', 'Post Grid', 'Tailwind CSS', 'Theme In WP', 'Twitter Ads', 'UTF-8', 'WP Mobile Menu', 'WPForms', 'Woo Themes', 'WordPress', 'WordPress Multisite', 'WordPress Stats', 'jQuery']"
redlingerwebdesign.com,Redlinger Digital - Webdesign Agentur Vorarlberg,Redlinger Digital,AUT,92,23961,2026-09-11T21:42:42.649115757Z,"['Active Campaign', 'Adult Content', 'Alternate Protocol', 'Content Delivery Network', 'CookieYes', 'DAV', 'Elementor', 'EmbedPress', 'Google Analytics', 'Google Related Website Sites', 'Google Tag Manager', 'Instagram Follow Button', 'LiteSpeed', 'M247', 'Microdata for Google Shopping', 'NFOrce Internet', 'UTF-8', 'WordPress', 'WordPress Multisite', 'jQuery', 'jsDelivr']"
draiocht.ie,Draíocht Blanchardstown,Draíocht,IRL,77,2504,2026-09-11T21:31:19.553151152Z,"['Bulma', 'CookieYes', 'Corporate Governance and Regulatory Compliance', 'Craft', 'DAV', 'GZIP Module', 'Google Analytics', 'Google Related Website Sites', 'Google Tag Manager', 'InitiativeS', 'Instagram Follow Button', 'LiteSpeed', 'Microdata for Google Shopping', 'Oddle', 'QUIC', 'Twitter Ads', 'UK Cookie Consent', 'UTF-8', 'YouTube', 'eLand', 'jsDelivr']"
reputationleaders.com,Reputation Leaders,Reputation Leaders,JPN,72,19555,2026-09-11T21:12:26.891218999Z,"['AWS WAF Challenge', 'Alternate Protocol', 'Animate It', 'Apture Linking Platform', 'Bridge', 'Calendly', 'Cloudflare', 'Cloudflare CDN', 'Content Delivery Network', 'CookieYes', 'DAV', 'EmbedPress', 'Font Awesome', 'Google', 'Google Analytics', 'Google Cloud CDN', 'Google Cloud DNS', 'Google Font API', 'Google My Business', 'Google Tag Manager', 'Jetpack', 'Microdata for Google Shopping', 'PHP', 'Pico CSS', 'Schema Plugin', 'Simple Social Icons', 'Slider Revolution', 'Theme In WP', 'Twitter Ads', 'UTF-8', 'WP Engine', 'WP Retina 2x', 'WPBakery', 'WordPress', 'WordPress Multisite', 'eLand', 'jQuery']"
hubble.lu,Hubble – Directory & Listings WP Theme,,,45,159,2026-09-11T21:01:33.619041895Z,"['Alternate Protocol', 'Contact Form Plugin', 'CookieYes', 'Elementor', 'EmbedPress', 'GZIP Module', 'Google Cloud DNS', 'Google Font API', 'IcoMoon', 'Jetpack', 'Nginx', 'PHP', 'Say what', 'Telegram', 'Theme In WP', 'UTF-8', 'Woo Themes', 'WooCommerce', 'WooCommerce Checkout', 'WordPress', 'WordPress Multisite', 'eLand', 'jQuery']"
organic-carbon.co.uk,Organic Carbon | Sustainable Carbon Offsetting Solutions Online,,,72,4727,2026-09-11T21:01:33.619851886Z,"['Alternate Protocol', 'CookieYes', 'EmbedPress', 'GZIP Module', 'Google', 'Google Analytics', 'Google Cloud DNS', 'Google Font API', 'Google My Business', 'Google Tag Manager', 'Gravity', 'Gravity Forms', 'IcoMoon', 'InitiativeS', 'Microdata for Google Shopping', 'PHP', 'QUIC', 'Tailwind CSS', 'Theme In WP', 'UTF-8', 'W3 Total Cache', 'Woo Themes', 'WooCommerce', 'WooCommerce Checkout', 'WooCommerce Payments', 'WordPress', 'WordPress Multisite', 'jQuery', 'reCAPTCHA']"
balancedmothering.com,Home,,,62,21249,2026-09-11T21:01:33.574546845Z,"['AWS WAF Challenge', 'Add to Any', 'Alternate Protocol', 'Astra Theme', 'Automattic', 'Cloudflare', 'Cloudflare CDN', 'ConvertKit for Wordpress', 'CookieYes', 'Elementor', 'ElementsKit Elementor', 'EmbedPress', 'Essential Addons for Elementor', 'GZIP Module', 'Google', 'Google Adsense', 'Google Cloud DNS', 'Google Font API', 'Google Funding Choices', 'Google Matched Content', 'Google My Business', 'Google Reseller', 'HT Mega', 'Header, Footer and Blocks for Elementor', 'Instagram Follow Button', 'Jetpack', 'Meta Slider for WordPress', 'Microdata for Google Shopping', 'NFOrce Internet', 'Nginx', 'PHP', 'Pagekit', 'Presto Player', 'ProfilePress', 'QUIC', 'Royal Elementor Addons', 'Sitelinks Search Box', 'Smush Image Optimization', 'Tailwind CSS', 'The Post Grid', 'Theme In WP', 'UTF-8', 'Woo Themes', 'WooCommerce', 'WooCommerce Checkout', 'WooCommerce Payments', 'WordPress', 'WordPress Multisite', 'WordPress Related Posts', 'WordPress Stats', 'YouTube', 'jQuery']"
conceptcareathome.com,Concept Care at Home,Concept Care at Home,USA,70,4749,2026-09-11T20:41:49.969387079Z,"['Alternate Protocol', 'Amazon WAF Blocked', 'Aruba', 'CDN JS', 'Cloudflare', 'Cloudflare CDN', 'Content Delivery Network', 'CookieYes', 'EmbedPress', 'Google', 'Google Analytics', 'Google Cloud DNS', 'Google Font API', 'Google My Business', 'Google Tag Manager', 'Gravity', 'Gravity Forms', 'IcoMoon', 'Microdata for Google Shopping', 'PHP', 'Theme In WP', 'UTF-8', 'WordPress', 'WordPress Multisite', 'eLand', 'jQuery', 'jsDelivr', 'reCAPTCHA']"
womenfirsthealthcare.co.uk,Women First Healthcare | Private Women’s Healthcare Scotland,,GBR,82,18312,2026-09-11T20:34:41.674152068Z,"['123FormBuilder', 'AWS WAF Challenge', 'Apache', 'CookieYes', 'Express', 'Font Awesome', 'Foundation', 'GZIP Module', 'Google', 'Google Analytics', 'Google Cloud DNS', 'Google Font API', 'Google Tag Manager', 'Instagram Follow Button', 'Microdata for Google Shopping', 'jQuery']"
rivet.work,Workforce Management Software for MEP Contractors | RIVET,RIVET,USA,77,20957,2026-09-11T20:25:00.375807208Z,"['AJAX Libraries API', 'Alternate Protocol', 'Amazon', 'Amazon CloudFront', 'CloudFront', 'Cloudflare', 'Content Delivery Network', 'CookieYes', 'DAV', 'GZIP Module', 'Google', 'Google Analytics', 'Google Cloud DNS', 'Google Font API', 'Google Tag Manager', 'HubSpot Conversations', 'Hubspot', 'IcoMoon', 'Instagram Follow Button', 'Microdata for Google Shopping', 'QUIC', 'Tailwind CSS', 'UTF-8', 'Vector Internet Services', 'WF Cookie Consent', 'Webflow', 'YouTube']"
koansoftware.com,KOAN embedded software engineering,KOAN,ITA,77,108817,2026-09-11T20:25:00.363696718Z,"['AWS WAF Challenge', 'Add to Any', 'Alternate Protocol', 'Apache', 'Azion', 'Column Shortcodes', 'CookieYes', 'Debian', 'Ektron', 'EmbedPress', 'Events Manager for WordPress', 'Fireblade', 'GZIP Module', 'Google Cloud DNS', 'Google Font API', 'Jetpack', 'Kriesi.at', 'Metronet Profile Picture', 'Microdata for Google Shopping', 'NFOrce Internet', 'PHP', 'QUIC', 'SMC', 'Theme In WP', 'UTF-8', 'Unix', 'Vello', 'WPML Multilingual', 'WordPress', 'WordPress Multisite', 'WordPress Stats', 'eLand', 'jQuery']"
thisiskoreatours.com,This Is Korea Tours | Private & Group Korea Tours | #1 Agency in Korea,This is Korea Tours,PRK,87,37537,2026-09-11T20:25:00.360370916Z,"['AWS WAF Challenge', 'Alternate Protocol', 'Apture Linking Platform', 'CDN JS', 'Cloudflare', 'Cloudflare CDN', 'Content Delivery Network', 'CookieYes', 'EmbedPress', 'Font Awesome', 'Google Analytics', 'Google Cloud DNS', 'Google Font API', 'Google My Business', 'Google Tag Manager', 'IcoMoon', 'Instagram Follow Button', 'KVH', 'Microdata for Google Shopping', 'No-Q', 'Ntent', 'PHP', 'Site Kit', 'Slider Revolution', 'The7', 'Theme In WP', 'UTF-8', 'Visual Composer Ultimate Addons', 'WP Engine', 'WPBakery', 'WhatsApp Sharing', 'WordPress', 'WordPress Multisite', 'YouTube', 'jQuery']"
burgessfurniture.com,"Hospitality Furniture, Stacking Chairs & Folding Tables",,GBR,77,3748,2026-09-11T20:15:41.57711934Z,"['Adobe Creative Cloud WebFonts', 'Alternate Protocol', 'Apache', 'CheryFramework', 'CookieYes', 'Cornerstone', 'EcoVadis', 'EmbedPress', 'Express', 'GTranslate', 'GZIP Module', 'Google Analytics', 'Google Cloud DNS', 'Google Maps', 'Google Related Website Sites', 'Google Tag Manager', 'IcoMoon', 'Instagram Follow Button', 'Microdata for Google Shopping', 'Ninja Forms', 'PHP', 'QUIC', 'Slider Revolution', 'Tailwind CSS', 'Theme In WP', 'UTF-8', 'WPBakery', 'WonderPush', 'Woo Themes', 'WooCommerce', 'WooCommerce Checkout', 'WordPress', 'WordPress Multisite', 'YouTube', 'YouTube Advanced by Embed Plus', 'jQuery', 'searchIQ']"
designsandlines.com,Playground Markings | Price Matching for Schools & Nurseries,,GBR,87,10253,2026-09-11T20:09:29.561557389Z,"['AJAX Libraries API', 'Alternate Protocol', 'Amazon WAF Blocked', 'Ametys', 'Bing Cashback', 'Bing Conversion Tracking', 'Cloudflare', 'Cloudflare CDN', 'Contact Form Plugin', 'Content Delivery Network', 'CookieYes', 'EmbedPress', 'FiboSearch', 'Google Analytics', 'Google Cloud DNS', 'Google Font API', 'Google My Business', 'Google Related Website Sites', 'Google Tag Manager', 'Instagram Follow Button', 'Lucky Orange', 'MediaHawk', 'Microdata for Google Shopping', 'Microsoft Clarity', 'PHP', 'Perl', 'Sitelinks Search Box', 'Theme In WP', 'Twitter Ads', 'UTF-8', 'Vector Internet Services', 'Woo Themes', 'WooCommerce', 'WooCommerce Checkout', 'WooCommerce Pixel Manager by woopt', 'WordPress', 'WordPress Multisite', 'jQuery', 'reCAPTCHA']"
pfc.ca,The voice for philanthropy working together | PFC,Philanthropic Foundation of Canada,CAN,82,66287,2026-09-11T20:09:29.532756856Z,"['AWS WAF Challenge', 'Active Campaign', 'AiNET', 'Alternate Protocol', 'Amazon WAF Blocked', 'Apture Linking Platform', 'Cloudflare', 'Cloudflare CDN', 'Content Delivery Network', 'Contento', 'CookieYes', 'EmbedPress', 'Express', 'Google', 'Google Analytics', 'Google My Business', 'Google Tag Manager', 'Gravity Forms', 'IcoMoon', 'InitiativeS', 'Lazy Load for WordPress', 'Microdata for Google Shopping', 'Microsoft Clarity', 'NFOrce Internet', 'PHP', 'Site Kit', 'Theme In WP', 'UTF-8', 'University or College', 'WP Rocket', 'WPML Multilingual', 'WordPress', 'WordPress Multisite', 'YouTube', 'jQuery']"
marsmaintenance.co.uk,"Mars Maintenance | Electrical, Plumbing, Carpentry, Fire Doors, Roofing & Chargepoint Installation",,GBR,65,500,2026-09-11T19:43:50.085600282Z,"['Alternate Protocol', 'Amazon WAF Blocked', 'Apache', 'Content Delivery Network', 'CookieYes', 'Divi', 'Elegant Themes', 'EmbedPress', 'GZIP Module', 'Google Cloud DNS', 'Google Font API', 'PHP', 'Theme In WP', 'UTF-8', 'WordPress', 'WordPress Multisite', 'jQuery']"
movingtoslovakia.com,Personalized services for expatriates moving to Slovakia | Propeler,,SVK,67,2785,2026-09-11T19:43:50.07863884Z,"['Alternate Protocol', 'CookieYes', 'EWWW Image Optimizer', 'Elementor', 'EmbedPress', 'GZIP Module', 'Google Related Website Sites', 'Harbor', 'Hello Elementor', 'Instagram Follow Button', 'Microdata for Google Shopping', 'NFOrce Internet', 'OpenResty', 'PHP', 'Theme In WP', 'UTF-8', 'WordPress', 'WordPress Multisite', 'jQuery']"
attorneyfileevictions.com,Home - FileEvictions,FileEvictions,,67,19599,2026-09-11T19:33:03.609071762Z,"['AWS WAF Challenge', 'Adobe Creative Cloud WebFonts', 'Alternate Protocol', 'Apture Linking Platform', 'Cloudflare', 'Coming Soon Page', 'Content Delivery Network', 'CookieYes', 'Elementor', 'EmbedPress', 'Google', 'Google Analytics', 'Google Cloud DNS', 'Google Font API', 'Google Maps', 'Google Tag Manager', 'Hello Elementor', 'JetElements', 'Microdata for Google Shopping', 'PHP', 'Pagekit', 'Perl', 'QUIC', 'SVG Support', 'Smush Image Optimization', 'Twitter Ads', 'UTF-8', 'WP Engine', 'WordPress', 'WordPress Multisite', 'jQuery']"
staffcodirect.com,StaffCo Direct,,GBR,67,12930,2026-09-11T19:13:35.943288984Z,"['CookieYes', 'Elegant Themes', 'FormSubmit', 'GZIP Module', 'GetResponse', 'Google Analytics', 'Google Cloud DNS', 'Google Font API', 'Google My Business', 'Google Tag Manager', 'HubSpot Conversations', 'Hubspot', 'Nginx', 'QUIC', 'UTF-8', 'jQuery', 'reCAPTCHA']"
versasec.com,Versasec | Modern Identity & Credential Management Solutions - Versasec,Versasec,EGY,87,8607,2026-09-11T19:13:35.919306504Z,"['Ajax Search Lite', 'Alternate Protocol', 'Apture Linking Platform', 'Bulma', 'CDN JS', 'Cisco/Arrowpoint Content Service Switch', 'Cloudflare', 'Cloudflare CDN', 'CookieYes', 'EmbedPress', 'Google', 'Google Analytics', 'Google Cloud CDN', 'Google Cloud DNS', 'Google Conversion Tracking', 'Google Font API', 'Google My Business', 'Google Related Website Sites', 'Google Tag Manager', 'Lazy Load for WordPress', 'LiteSpeed', 'Microdata for Google Shopping', 'PHP', 'QUIC', 'Sassy Social Share', 'Slider Revolution', 'Tailwind CSS', 'Tawk', 'Theme In WP', 'Twitter Ads', 'UTF-8', 'Uncode', 'WPBakery', 'WordPress', 'WordPress Multisite', 'YouTube', 'jQuery']"
umukoro-webdesign.de,Umukoro Webdesign - Professional Web Design in Castrop-Rauxel,,,72,27143,2026-09-11T19:13:35.919598403Z,"['AWS WAF Challenge', 'Alternate Protocol', 'Apture Linking Platform', 'Cloudflare', 'Cloudflare CDN', 'Contact Form Plugin', 'CookieYes', 'Elementor', 'EmbedPress', 'Essential Addons for Elementor', 'GTranslate', 'GZIP Module', 'Google', 'Google Analytics', 'Google My Business', 'Google Tag Manager', 'Header, Footer and Blocks for Elementor', 'IcoMoon', 'Instagram Follow Button', 'LoftLoader', 'Microdata for Google Shopping', 'NFOrce Internet', 'OceanWP', 'PHP', 'Premium Addons for Elementor', 'QUIC', 'Site Kit', 'Table Addons for Elementor', 'Tailwind CSS', 'Theme In WP', 'UTF-8', 'Vector Internet Services', 'WP Mobile Menu', 'WPForms', 'Woo Themes', 'WooCommerce Checkout', 'WordPress', 'WordPress Multisite', 'WordPress Related Posts', 'jQuery', 'reCAPTCHA']"
vermontframes.com,"Timber Frame Builders, Designers, and Installers - Vermont Frames",Vermont Frames - Timeless Handcrafted Timber,USA,82,121460,2026-09-11T18:45:23.182603229Z,"['3D FlipBook', 'AWS WAF Challenge', 'Adobe Creative Cloud WebFonts', 'Adult Content', 'Alternate Protocol', 'Apture Linking Platform', 'CheryFramework', 'Cloudflare', 'Content Delivery Network', 'Content Square', 'CookieYes', 'Cornerstone', 'DAV', 'DuracellTomi Google Tag Manager for WordPress', 'Efilli', 'EmbedPress', 'Font Awesome', 'Google', 'Google Analytics', 'Google Cloud CDN', 'Google Cloud DNS', 'Google Font API', 'Google Tag Manager', 'Instagram Follow Button', 'MailChimp', 'MapPress', 'Microdata for Google Shopping', 'PHP', 'QUIC', 'Robo Gallery', 'Slider Revolution', 'Theme In WP', 'UTF-8', 'University or College', 'WP Engine', 'Woo Themes', 'WordPress', 'WordPress Multisite', 'YouTube', 'accessiBe', 'eLand', 'jQuery']"
ethosapp.net,Enhance Customer Experiences with EthOS's Research Tools,EthOS,USA,77,24093,2026-09-11T18:10:45.770499135Z,"['Amazon', 'Amazon CloudFront', 'Amazon Route 53', 'App Store', 'Apture Linking Platform', 'Bing Cashback', 'Bing Conversion Tracking', 'Calendly', 'CloudFront', 'Cloudflare', 'Cloudflare CDN', 'Content Delivery Network', 'CookieYes', 'DoubleClick Bid Manager', 'Fastly', 'GZIP Module', 'Google', 'Google Analytics', 'Google Cloud DNS', 'Google Cloud Storage', 'Google Font API', 'Google Maps', 'Google My Business', 'Google Play', 'Google Recommendations AI', 'Google Tag Manager', 'InitiativeS', 'Juicer DMP', 'Microdata for Google Shopping', 'Microsoft Clarity', 'QUIC', 'Tailwind CSS', 'Twitter Ads', 'UTF-8', 'University or College', 'YouTube', 'Zoho SalesIQ']"
webshapesystems.co.uk,Expert Web Design London | Webshape Design,Webshape Design,GBR,87,26814,2026-09-11T18:10:45.768033389Z,"['AWS WAF Challenge', 'Alternate Protocol', 'Ametys', 'Apture Linking Platform', 'Baidu Cloud', 'Bug Bounty', 'CDN JS', 'Cloudflare', 'Cloudflare CDN', 'Contact Form Plugin', 'Content Delivery Network', 'CookieYes', 'EmbedPress', 'Fastly', 'Google', 'Google Analytics', 'Google Cloud DNS', 'Google Font API', 'Google My Business', 'Google Tag Manager', 'Instagram Follow Button', 'Line2', 'LiteSpeed', 'Microdata for Google Shopping', 'QUIC', 'QUIC.cloud', 'Tailwind CSS', 'Thank You', 'Twitter Ads', 'UTF-8', 'WF Cookie Consent', 'WordPress', 'WordPress Multisite', 'Yandex Hosting', 'YouTube', 'jsDelivr', 'reCAPTCHA']"
homepagemediagroup.com,About Williamson Scene | Site | williamsonscene.com,,,67,13429,2026-09-11T18:04:30.078568764Z,"['Alternate Protocol', 'Amazon WAF Blocked', 'Broad Street Ads', 'Content Delivery Network', 'CookieYes', 'Form.IO', 'GZIP Module', 'Google', 'Google Adsense', 'Google Analytics', 'Google Cloud DNS', 'Google Font API', 'Google Funding Choices', 'Google Matched Content', 'Google My Business', 'Google Reseller', 'Google Tag Manager', 'IcoMoon', 'Instagram Follow Button', 'Microdata for Google Shopping', 'Neighborhoods', 'Perl', 'QUIC', 'TNT', 'UTF-8', 'reCAPTCHA']"
foodwinecroatia.com,Food & Wine Croatia - Food & Wine Croatia,Food & Wine Croatia,USA,77,579,2026-09-11T18:04:30.073059202Z,"['Alternate Protocol', 'CookieYes', 'Divi', 'Elegant Themes', 'EmbedPress', 'Google Analytics', 'Google Cloud DNS', 'Google Font API', 'Google Tag Manager', 'Harbor', 'Microdata for Google Shopping', 'PHP', 'Site Kit', 'Theme In WP', 'UTF-8', 'Woo Themes', 'WordPress', 'WordPress Multisite', 'YouTube', 'jQuery']"
xeniagc.it,Xenia – The solution for your stay in the center of Perugia,,ITA,65,20839,2026-09-11T17:53:20.008508843Z,"['Alternate Protocol', 'Apache', 'Contact Form Plugin', 'CookieYes', 'Elementor', 'EmbedPress', 'Endis', 'Essential Addons for Elementor', 'Fancybox for WordPress', 'GZIP Module', 'Google', 'Google Cloud CDN', 'Google Cloud DNS', 'Google Font API', 'Google Maps', 'Google My Business', 'IcoMoon', 'Lazy Load for WordPress', 'Master Slider', 'Matomo', 'Matomo Tag Manager', 'PHP', 'QUIC', 'Tailwind CSS', 'Theme In WP', 'UTF-8', 'WPML Multilingual', 'WordPress', 'WordPress Multisite', 'YouTube', 'jQuery']"
devondriveways.co.uk,"Devon Driveways | Driveway Contractor, Installation North Devon",Devon Driveways,GBR,92,3249,2026-09-11T17:12:43.129687241Z,"['Alternate Protocol', 'Content Delivery Network', 'CookieYes', 'Easy Fancybox', 'EmbedPress', 'Google', 'Google Analytics', 'Google Cloud DNS', 'Google Font API', 'Google Tag Manager', 'IcoMoon', 'Instagram Follow Button', 'LiteSpeed', 'Microdata for Google Shopping', 'PHP', 'QUIC', 'Tailwind CSS', 'Theme In WP', 'Twitter Ads', 'UTF-8', 'WordPress', 'WordPress Multisite', 'jQuery', 'jQuery Pin It Button for Images']"
ealingwine.co,Ealing Wine Co – Wine Bar & Shop – Wine Bar & Shop,,GBR,65,14443,2026-09-11T16:38:39.574202258Z,"['Alternate Protocol', 'Astra Theme', 'Cisco/Arrowpoint Content Service Switch', 'Content Delivery Network', 'CookieYes', 'Elementor', 'EmbedPress', 'GenerateBlocks', 'Google', 'Google Analytics', 'Google Cloud DNS', 'Google Font API', 'Google Maps', 'Google My Business', 'Google Tag Manager', 'Instagram Follow Button', 'Kitco', 'LiteSpeed', 'MailPoet', 'PHP', 'Pico CSS', 'Site Kit', 'Square', 'Theme In WP', 'UTF-8', 'Ultimate Addons for Gutenberg', 'WordPress', 'WordPress Multisite', 'WordPress Related Posts', 'jQuery', 'reCAPTCHA']"
escortworxz.com,ESCORT worxz - Tailored digital solutions for the escort industry.,ESCORT worxz,BEL,82,17355,2026-09-11T16:38:39.568022014Z,"['AWS WAF Challenge', 'Alternate Protocol', 'Apture Linking Platform', 'CookieYes', 'Elementor', 'EmbedPress', 'GZIP Module', 'Google Analytics', 'Google Tag Manager', 'Gravity', 'Gravity Forms', 'Hello Elementor', 'Microdata for Google Shopping', 'NFOrce Internet', 'PHP', 'QUIC', 'RocketCDN', 'Theme In WP', 'Twitter Ads', 'UTF-8', 'WP Rocket', 'WordPress', 'WordPress Multisite', 'jQuery']"
riversidepestcontrol.com,Trusted Pest Control Services | Corky’s Pest Control,Corky's Pest Control,USA,77,47654,2026-09-11T15:57:05.390897656Z,"['AWS WAF Challenge', 'Alternate Protocol', 'Amazon Associates Affiliate Shop', 'Amazon WAF Blocked', 'Cloudflare', 'ContactUs', 'Content Delivery Network', 'CookieYes', 'Divi', 'Elegant Themes', 'EmbedPress', 'Fireblade', 'Google Analytics', 'Google Cloud DNS', 'Google Font API', 'Google My Business', 'Google Related Website Sites', 'Google Tag Manager', 'Gravity', 'Gravity Forms', 'Instagram Follow Button', 'LinkedIn Insights', 'LinkedIn Pixel', 'Microdata for Google Shopping', 'NitroPack', 'PHP', 'Perl', 'QUIC', 'SharpSpring', 'Simple Banner for Wordpress', 'Sitelinks Search Box', 'Tawk', 'Theme In WP', 'Twitter Ads', 'UK Cookie Consent', 'UTF-8', 'Vector Internet Services', 'WP Engine', 'Widget Options', 'WordPress', 'WordPress Multisite', 'YouTube', 'jQuery', 'jsDelivr']"
f-personalagentur.com,Homepage - Personal Agentur,Personalagentur F,,82,2868,2026-09-11T15:47:21.670120793Z,"['Add to Any', 'Alternate Protocol', 'Apache', 'Contact Form Plugin', 'CookieYes', 'Elementor', 'EmbedPress', 'GZIP Module', 'Hello Elementor', 'Instagram Follow Button', 'LinkedIn Insights', 'LinkedIn Pixel', 'Matomo', 'Matomo Tag Manager', 'Microdata for Google Shopping', 'PHP', 'Tawk', 'Theme In WP', 'UTF-8', 'W3 Total Cache', 'WordPress', 'WordPress Multisite', 'jQuery']"
halifaxmanandvan.co.uk,"Halifax Man & Van | Removals, Bradford & Huddersfield",Halifax Man & Van,,72,3675,2026-09-11T15:47:21.665410846Z,"['Alternate Protocol', 'Apache', 'Better Lead Generation Services', 'Content Delivery Network', 'CookieYes', 'Elementor', 'EmbedPress', 'FormSubmit', 'Google Analytics', 'Google Customer Reviews', 'Google Related Website Sites', 'Google Tag Manager', 'Hello Elementor', 'Microdata for Google Shopping', 'NFOrce Internet', 'Ntent', 'Perl', 'QUIC', 'SiteGround Optimizer', 'Tally', 'TrustIndex', 'UTF-8', 'WordPress', 'WordPress Multisite', 'jQuery']"
wedawassertechnik.de,Home - WEDA Robotics,,SWE,65,21787,2026-09-11T15:47:21.665123133Z,"['AWS WAF Challenge', 'Alternate Protocol', 'Cloudflare', 'Cloudflare CDN', 'Contact Form Plugin', 'Content Delivery Network', 'CookieYes', 'DAV', 'Divi', 'Elegant Themes', 'ElementUI', 'EmbedPress', 'Express', 'Fastly', 'GTranslate', 'GZIP Module', 'Google', 'Google Cloud DNS', 'Google Font API', 'Google My Business', 'Material Design Icons', 'Microdata for Google Shopping', 'Nginx', 'PHP', 'Popup Maker for Wordpress', 'Tailwind CSS', 'Thank You', 'Theme In WP', 'Theme My Login', 'UTF-8', 'WordPress', 'WordPress Multisite', 'eLand', 'jQuery', 'reCAPTCHA']"
immerse-aurora.eu,IMMERSE - Augmented and Immersive Remote Presence and Operation | Mittuniversitetet miun.se,,IND,77,276053,2026-09-11T15:47:21.663705628Z,"['AWS WAF Challenge', 'Alternate Protocol', 'Amazon', 'Amazon CloudFront', 'Amazon Route 53', 'Apture Linking Platform', 'Bing Cashback', 'CDN JS', 'CloudFront', 'Cloudflare', 'Cloudflare CDN', 'Confirmit', 'Content Delivery Network', 'CookieYes', 'Delighted', 'Digital Ocean Spaces', 'DoubleClick Bid Manager', 'Episerver Search Navigation', 'Ex Libris', 'Facebook CDN', 'GZIP Module', 'Google', 'Google Analytics', 'Google Cloud DNS', 'Google Custom Search', 'Google Font API', 'Google My Business', 'Google Reseller', 'Google Tag Manager', 'Instagram Follow Button', 'Landis Holdings', 'LibraryH3lp', 'Material Design Icons', 'Microsoft 365', 'Microsoft Application Insights', 'Microsoft Azure', 'Microsoft Clarity', 'Ntent', 'PWA', 'Pingdom RUM', 'Plausible Analytics', 'Twitter Ads', 'UTF-8', 'University or College', 'Unsplash', 'jsDelivr']"
islandtransfers.co.uk,Island Transfers - Isles of Scilly Airport Transfers,Island Transfers,GBR,92,2459,2026-09-11T15:36:31.269054263Z,"['Alternate Protocol', 'Content Delivery Network', 'CookieYes', 'Divi', 'Elegant Themes', 'EmbedPress', 'Google Analytics', 'Google Cloud DNS', 'Google Font API', 'Google Tag Manager', 'Line2', 'LiteSpeed', 'Microdata for Google Shopping', 'Oddle', 'PHP', 'QUIC', 'QUIC.cloud', 'UTF-8', 'Woo Themes', 'WordPress', 'WordPress Multisite']"
galaxingone.com,Home - Galaxing Crochet Baby Toys Supplies,Galaxing Crochet Baby Toys Supplies,,72,21239,2026-09-11T15:26:55.683453914Z,"['Alternate Protocol', 'Better Lead Generation Services', 'Content Delivery Network', 'CookieYes', 'Elementor', 'ElementsKit Elementor', 'Google Analytics', 'Google Related Website Sites', 'Google Tag Manager', 'Instagram Follow Button', 'KVH', 'LiteSpeed', 'Microdata for Google Shopping', 'PHP', 'QUIC', 'Table Addons for Elementor', 'UTF-8', 'WordPress', 'WordPress Multisite', 'jQuery']"
cretevisuals.com,"Home - Luxury Wedding Videographer in Crete, Greece","Luxury Wedding Videographer in Crete, Greece",FRA,92,4077,2026-09-11T15:11:16.501884315Z,"['Alternate Protocol', 'Apture Linking Platform', 'CookieYes', 'Custom Facebook Feed', 'Elementor', 'EmbedPress', 'Ethy', 'GZIP Module', 'Google Cloud DNS', 'Google Font API', 'Instagram Feed for WordPress', 'Instagram Follow Button', 'Microdata for Google Shopping', 'NFOrce Internet', 'Nginx', 'No-Q', 'PHP', 'PixelYourSite', 'Table Addons for Elementor', 'Tailwind CSS', 'Theme In WP', 'UTF-8', 'WP Rocket', 'WordPress', 'WordPress Multisite', 'YouTube', 'jQuery']"
amits.it,Associazione Mozart Italia - Sede di Trieste |,,ITA,65,4478,2026-09-11T15:01:55.627650621Z,"['Alternate Protocol', 'Apache', 'Azion', 'CookieYes', 'Divi', 'Elegant Themes', 'EmbedPress', 'Google', 'Google Analytics', 'Google Cloud CDN', 'Google Cloud DNS', 'Google Font API', 'Google My Business', 'Google Tag Manager', 'Instagram Follow Button', 'MonsterInsights', 'PHP', 'Perl', 'Theme In WP', 'UTF-8', 'WPML Multilingual', 'Woo Themes', 'WordPress', 'WordPress Multisite', 'jQuery']"
mgreene.co.uk,Tool & Cutter Grinding – M Greene Ltd,,,55,182,2026-09-11T15:01:55.619186967Z,"['Alternate Protocol', 'Contact Form Plugin', 'CookieYes', 'EmbedPress', 'GZIP Module', 'Google Analytics', 'Google Cloud DNS', 'Google Font API', 'Google Tag Manager', 'Microsoft Azure', 'Microsoft IIS', 'PHP', 'Slider Revolution', 'Theme In WP', 'Total', 'UTF-8', 'WPBakery', 'WordPress', 'WordPress Multisite', 'jQuery']"
babraham.com,Home - Babraham Research Campus,,CAN,87,19832,2026-09-11T15:01:55.618284456Z,"['AWS WAF Challenge', 'Adobe Creative Cloud WebFonts', 'CDN JS', 'Cloudflare', 'Cloudflare CDN', 'CookieYes', 'Font Awesome', 'GZIP Module', 'Google Analytics', 'Google My Business', 'Google Tag Manager', 'InitiativeS', 'Microsoft Azure', 'Microsoft IIS', 'Pico CSS', 'QUIC', 'UTF-8', 'Visual Studio', 'YouTube', 'jsDelivr', 'reCAPTCHA']"
powerrentals.ca,"Power Rentals - Generator, Transformer and Wiring Rentals",Power Rentals,CAN,77,25926,2026-09-11T14:51:30.034039609Z,"['Amazon WAF Blocked', 'Aruba', 'CDN JS', 'Cloudflare', 'Cloudflare CDN', 'Contento', 'CookieYes', 'EmbedPress', 'Font Awesome', 'Google Analytics', 'Google My Business', 'Google Tag Manager', 'Gravity', 'Gravity Forms', 'LiteSpeed', 'Microdata for Google Shopping', 'PHP', 'Popup Maker for Wordpress', 'QUIC', 'Tailwind CSS', 'Theme In WP', 'UTF-8', 'WPML Multilingual', 'WordPress', 'WordPress Multisite', 'eLand', 'jQuery']"
ctgadvisors.com,Home Page - CTG Advisors,CTG Advisors,USA,82,17901,2026-09-11T14:51:30.014060772Z,"['AWS WAF Challenge', 'Accordion Blocks', 'Alternate Protocol', 'Apture Linking Platform', 'Cloudflare', 'Cloudflare CDN', 'Complianz', 'Content Delivery Network', 'CookieYes', 'Corporate Governance and Regulatory Compliance', 'EmbedPress', 'Google', 'Google Analytics', 'Google Cloud DNS', 'Google Font API', 'Google My Business', 'Google Tag Manager', 'LiteSpeed', 'Microdata for Google Shopping', 'PHP', 'QUIC', 'Schema Plugin', 'Theme In WP', 'UTF-8', 'WordPress', 'WordPress Multisite', 'jQuery']"
usewellifiy.com,White-Label Patient App & Care Management Platform | Wellifiy,Wellifiy,AUS,82,36713,2026-09-11T14:35:43.424747697Z,"['AJAX Libraries API', 'Amazon', 'Amazon CloudFront', 'App Store', 'CloudFront', 'Cloudflare', 'Content Delivery Network', 'CookieYes', 'Fireblade', 'GZIP Module', 'Google', 'Google Analytics', 'Google Cloud DNS', 'Google Font API', 'Google My Business', 'Google Play', 'Google Tag Manager', 'HubSpot Conversations', 'Hubspot', 'Microdata for Google Shopping', 'NFOrce Internet', 'QUIC', 'Tailwind CSS', 'UTF-8', 'University or College', 'Vector Internet Services', 'WF Cookie Consent']"
gabibodi.com,Gabi Bodi,,DEU,70,17413,2026-09-11T14:29:37.29172095Z,"['AWS WAF Challenge', 'Alternate Protocol', 'Apache', 'Calendly', 'CookieYes', 'Elementor', 'EmbedPress', 'GZIP Module', 'Google Analytics', 'Google Cloud DNS', 'Google Font API', 'Google My Business', 'Google Tag Manager', 'Hello Elementor', 'Instagram API', 'Instagram Follow Button', 'LiteSpeed', 'MonsterInsights', 'NFOrce Internet', 'PHP', 'Theme In WP', 'UTF-8', 'WordPress', 'WordPress Multisite', 'jQuery']"
sensysvoice.ie,IP Phone Systems | SenSys Voice,,IRL,82,36908,2026-09-11T14:29:37.262235794Z,"['AWS WAF Challenge', 'Alternate Protocol', 'Amazon WAF Blocked', 'Anti-spam for WordPress', 'CleanTalk Spam Protect', 'Cloudflare', 'Contact Form Plugin', 'Content Delivery Network', 'CookieYes', 'Divi', 'DoubleClick Bid Manager', 'Elegant Themes', 'EmbedPress', 'Fireblade', 'Google', 'Google Analytics', 'Google Cloud CDN', 'Google Cloud DNS', 'Google Conversion Tracking', 'Google Font API', 'Google Related Website Sites', 'Google Tag Manager', 'LiveChat', 'LiveChat Monitoring', 'Microdata for Google Shopping', 'PHP', 'Perl', 'Rocket Chat', 'Sitelinks Search Box', 'Theme In WP', 'Twitter Ads', 'UTF-8', 'WP Engine', 'WordPress', 'WordPress Multisite', 'YouTube', 'jQuery']"
finchhousesalisbury.com,Finch House | Retirement Properties Salisbury,Finch House,,77,2509,2026-09-11T14:09:21.840396898Z,"['Alternate Protocol', 'Amazon WAF Blocked', 'Content Delivery Network', 'CookieYes', 'EmbedPress', 'Facebook Conversion Tracking', 'Facebook Login', 'Facebook Messenger Platform', 'Facebook Pixel', 'Facebook Reseller', 'Facebook Tag API', 'Google Analytics', 'Google Cloud DNS', 'Google Maps', 'Google Tag Manager', 'Gravity', 'Gravity Forms', 'LiteSpeed', 'MediaHawk', 'Microdata for Google Shopping', 'Microsoft Clarity', 'OSS CDN', 'PHP', 'Tailwind CSS', 'Theme In WP', 'UTF-8', 'WordPress', 'WordPress Multisite', 'jQuery', 'shadcn ui']"
face-uk.com,Home | Financial Advice Centre,Financial Advice Centre,,67,16518,2026-09-11T14:00:39.575992574Z,"['Contact Form Plugin', 'Content Delivery Network', 'CookieYes', 'EmbedPress', 'Express', 'Fancybox for WordPress', 'Fireblade', 'Google Analytics', 'Google My Business', 'Google Tag Manager', 'Instagram Follow Button', 'Microdata for Google Shopping', 'Nginx', 'PHP', 'Sitelinks Search Box', 'SmartCrawl', 'Tailwind CSS', 'Theme In WP', 'Twitter Ads', 'UTF-8', 'WordPress', 'WordPress Multisite', 'jQuery', 'reCAPTCHA']"
southmedia.ae,Southmedia performance agency,,,55,15163,2026-09-11T13:45:13.64694282Z,"['ADFOX', 'Amazon WAF Blocked', 'Apture Linking Platform', 'Baidu Cloud', 'Better Lead Generation Services', 'Bitrix24', 'CDN JS', 'Cloudflare', 'Cloudflare CDN', 'CookieYes', 'DDoS-GUARD', 'Express', 'Fireblade', 'GZIP Module', 'Google Analytics', 'Google Cloud DNS', 'Google Font API', 'Google My Business', 'Google Tag Manager', 'NFOrce Internet', 'Ntent', 'Perl', 'Pingdom RUM', 'QUIC', 'Salesforce Hosted', 'Tilda', 'UTF-8', 'Vector Internet Services', 'Yandex Hosting', 'Yandex Metrika', 'eLand']"
towershair.co.uk,"Home Page | Rupert Towers Hair Salon, Wallingford","Rupert Towers Hair Salon, Wallingford",GBR,82,18078,2026-09-11T13:34:58.751207484Z,"['AWS WAF Challenge', 'Alternate Protocol', 'Apache', 'Content Delivery Network', 'CookieYes', 'Divi', 'Elegant Themes', 'EmbedPress', 'Font Awesome', 'GZIP Module', 'Google', 'Google Analytics', 'Google Cloud CDN', 'Google Cloud DNS', 'Google Font API', 'Google Tag Manager', 'Instagram Follow Button', 'Microdata for Google Shopping', 'PHP', 'QUIC', 'Theme In WP', 'UTF-8', 'Woo Themes', 'WordPress', 'WordPress Multisite', 'jQuery']"
historicart.com.hr,Početna - Historic Art,,HRV,70,75282,2026-09-11T13:34:58.733159596Z,"['Alternate Protocol', 'Cart.com', 'CookieYes', 'EmbedPress', 'Flying Pages by WP Speed Matters', 'Google Analytics', 'Google Tag Manager', 'LiteSpeed', 'Microdata for Google Shopping', 'PHP', 'Sitelinks Search Box', 'Theme In WP', 'UTF-8', 'WordPress', 'WordPress Multisite', 'jQuery']"
vistanueva.art,Home (EN) - Vista Nueva,,CHE,70,2440,2026-09-11T13:21:38.949093077Z,"['Alternate Protocol', 'Apture Linking Platform', 'CookieYes', 'DAV', 'Elementor', 'EmbedPress', 'GZIP Module', 'Google Cloud DNS', 'Google Font API', 'Hello Elementor', 'Microdata for Google Shopping', 'NFOrce Internet', 'Nginx', 'PHP', 'Parallels Plesk Panel', 'Polylang', 'Theme In WP', 'UTF-8', 'WordPress', 'WordPress Multisite', 'jQuery']"
manfrediwatches.com,Manfredi Jewels - Committed To Your Luxury Experience,,EGY,72,20167,2026-09-11T13:05:46.973971881Z,"['AJAX Libraries API', 'Apture Linking Platform', 'Baidu Cloud', 'Cloudflare', 'Cloudflare CDN', 'CookieYes', 'DAV', 'Google', 'Google Analytics', 'Google Cloud DNS', 'Google Font API', 'Google Related Website Sites', 'Google Tag Manager', 'Instagram Follow Button', 'Klaviyo', 'Podium', 'Shopify', 'Shopify Collabs', 'UTF-8', 'UserWay', 'Yandex Hosting', 'hCaptcha', 'jQuery', 'reCAPTCHA']"
flycyberhub.com,Global Cybersecurity Service Provider - CyberGlobal,CyberGlobal,,77,49660,2026-09-11T13:05:46.961464126Z,"['AWS WAF Challenge', 'Alternate Protocol', 'Apture Linking Platform', 'Cloudflare', 'Content Delivery Network', 'CookieYes', 'Corporate Governance and Regulatory Compliance', 'DuracellTomi Google Tag Manager for WordPress', 'Elementor', 'ElementsKit Elementor', 'EmbedPress', 'Essential Addons for Elementor', 'Express', 'Fireblade', 'FormSubmit', 'Google', 'Google Analytics', 'Google Tag Manager', 'Hello Elementor', 'HubSpot WordPress Plugin', 'Instagram Follow Button', 'Jeg Elementor Kit', 'Kitco', 'Metform Elemento', 'Microdata for Google Shopping', 'NFOrce Internet', 'No-Q', 'PHP', 'Schema Plugin', 'Site Kit', 'Table Addons for Elementor', 'Theme In WP', 'UTF-8', 'WordPress', 'WordPress Multisite', 'YouTube', 'jQuery']"
mariannaleivaditaki.com,Home - Marianna Leivaditaki,,,82,21842,2026-09-11T12:56:28.434376334Z,"['AWS WAF Challenge', 'Alternate Protocol', 'Cloudflare', 'Cloudflare CDN', 'Content Delivery Network', 'CookieYes', 'DuracellTomi Google Tag Manager for WordPress', 'Elementor', 'EmbedPress', 'Google', 'Google Analytics', 'Google Cloud DNS', 'Google Font API', 'Google My Business', 'Google Related Website Sites', 'Google Tag Manager', 'IcoMoon', 'Instagram Feed for WordPress', 'Instagram Follow Button', 'LiteSpeed', 'MailChimp', 'Microdata for Google Shopping', 'NFOrce Internet', 'Newsletter for Wordpress', 'OceanWP', 'PHP', 'QUIC', 'Sitelinks Search Box', 'Tailwind CSS', 'Theme In WP', 'Twitter Ads', 'UTF-8', 'Unix', 'WP Mobile Menu', 'WPForms', 'Woo Themes', 'WooCommerce', 'WooCommerce Checkout', 'WordPress', 'WordPress Multisite', 'WordPress Related Posts', 'jQuery']"
agvertising.biz,Agvertising | Agriculture & Industrial Marketing Experts,,ISR,72,3922,2026-09-11T12:56:28.400206551Z,"['Add to Any', 'Alternate Protocol', 'CDN JS', 'Cloudflare', 'Cloudflare CDN', 'Contact Form Plugin', 'CookieYes', 'ElementUI', 'EmbedPress', 'GZIP Module', 'Google', 'Google Analytics', 'Google Calendar', 'Google Cloud DNS', 'Google Font API', 'Google My Business', 'Google Tag Manager', 'Instagram Follow Button', 'Microdata for Google Shopping', 'Nginx', 'PHP', 'QUIC', 'Thank You', 'Theme In WP', 'Twitter Ads', 'UTF-8', 'WordPress', 'WordPress Multisite', 'jQuery', 'jsDelivr', 'reCAPTCHA']"
acp-hellas.com,Expansion Joint Covers | Expansion Joint Profiles - Acp-hellas.com,,USA,92,20621,2026-09-11T12:46:07.874413615Z,"['AWS WAF Challenge', 'Alternate Protocol', 'Animate It', 'Apture Linking Platform', 'Contact Form Plugin', 'CookieYes', 'EmbedPress', 'Google', 'Google Analytics', 'Google Cloud DNS', 'Google Font API', 'Google My Business', 'Google Related Website Sites', 'Google Tag Manager', 'IcoMoon', 'Line2', 'LiteSpeed', 'Menu Icons by ThemeIsle', 'Microdata for Google Shopping', 'Nectar Slide Plugin', 'PHP', 'QUIC', 'Salient', 'Theme In WP', 'UTF-8', 'WP Rocket', 'WPBakery', 'WPML Multilingual', 'WordPress', 'WordPress Multisite', 'jQuery', 'reCAPTCHA']"
agathimichael.com,"Agathi Michael – Clinical Dietitian, Nutritionist, ΓΕΣΥ in Latsia, Nicosia, Cyprus",,GBR,77,3961,2026-09-11T12:34:49.455726567Z,"['Alternate Protocol', 'Bulma', 'Contact Form Plugin', 'CookieYes', 'EmbedPress', 'Google', 'Google Analytics', 'Google Cloud DNS', 'Google Conversion Tracking', 'Google Font API', 'Google My Business', 'Google Tag Manager', 'Instagram Follow Button', 'Investor Relations', 'LiteSpeed', 'PHP', 'QUIC', 'Slider Revolution', 'Store Locator WordPress', 'Theme In WP', 'UTF-8', 'University or College', 'WordPress', 'WordPress Multisite', 'jQuery', 'reCAPTCHA']"
artisangeeks.com,home - Artisan Geeks,Artisan Geeks,,72,19944,2026-09-11T12:26:21.221289988Z,"['AWS WAF Challenge', 'Add to Any', 'Alternate Protocol', 'Aruba', 'Astra Theme', 'Cloudflare', 'Cloudflare CDN', 'Content Delivery Network', 'CookieYes', 'Elementor', 'EmbedPress', 'Express', 'GenerateBlocks', 'Google', 'Google Analytics', 'Google Cloud DNS', 'Google Font API', 'Google My Business', 'Google Related Website Sites', 'Google Tag Manager', 'Instagram Follow Button', 'Line2', 'LiteSpeed', 'Microdata for Google Shopping', 'QUIC', 'QUIC.cloud', 'Smart Coupons for WooCommerce', 'Twitter Ads', 'UTF-8', 'Woo Themes', 'WooCommerce Checkout', 'WordPress', 'WordPress Multisite', 'WordPress Related Posts', 'YouTube', 'eLand']"
prenova-kopalnice.si,Prenova kopalnice - Ugodno in hitro do sanjske kopalnice,Prenova kopalnice,SVN,77,2886,2026-09-11T12:09:31.053201694Z,"['Alternate Protocol', 'Astra Theme', 'Content Delivery Network', 'CookieYes', 'Elementor', 'EmbedPress', 'Google Analytics', 'Google Cloud DNS', 'Google Font API', 'Google Tag Manager', 'Line2', 'LiteSpeed', 'Microdata for Google Shopping', 'NFOrce Internet', 'QUIC', 'QUIC.cloud', 'Sitelinks Search Box', 'UTF-8', 'Woo Themes', 'WordPress', 'WordPress Multisite', 'WordPress Related Posts']"
avracollection.gr,Home - Avra Collection,,GRC,70,19458,2026-09-11T11:52:40.472938223Z,"['Alternate Protocol', 'Autoptimize', 'CookieYes', 'EmbedPress', 'Express', 'Fireblade', 'GZIP Module', 'Google Analytics', 'Google My Business', 'Google Tag Manager', 'IcoMoon', 'Instagram Follow Button', 'Microdata for Google Shopping', 'Microsoft Azure', 'Nginx', 'PHP', 'PWA', 'Popup Maker for Wordpress', 'Tailwind CSS', 'Theme In WP', 'UTF-8', 'WPBakery', 'WordPress', 'WordPress Multisite', 'jQuery', 'reCAPTCHA']"
praskitiko.com,Praskitiko C. Constantinou Ltd. Dairy Factory,Praskitiko,CYP,77,5976,2026-09-11T11:22:55.752881916Z,"['Add to Any', 'Alternate Protocol', 'Content Delivery Network', 'CookieYes', 'Elementor', 'EmbedPress', 'Everest Forms', 'Google Analytics', 'Google Cloud DNS', 'Google Font API', 'Google My Business', 'Google Related Website Sites', 'Google Tag Manager', 'Instagram Follow Button', 'LiteSpeed', 'Microdata for Google Shopping', 'NFOrce Internet', 'PHP', 'Sitelinks Search Box', 'The SEO Framework', 'Theme In WP', 'UTF-8', 'WPForms', 'WPML Multilingual', 'Woo Themes', 'WooCommerce Checkout', 'WordPress', 'WordPress Multisite', 'Yandex Hosting', 'YouTube', 'eLand', 'jQuery']"
thenautilusmarketing.com,"Nautilus Marketing | Digital Marketing Agency London, UK",Nautilus Marketing,GBR,87,58013,2026-09-11T11:15:02.27596848Z,"['AWS WAF Challenge', 'Agoda', 'Alternate Protocol', 'Apollo IO', 'Apture Linking Platform', 'Aruba', 'CDN JS', 'Calendly', 'Cisco/Arrowpoint Content Service Switch', 'ClickCease', 'Cloudflare', 'Cloudflare CDN', 'Contact Form Plugin', 'Content Delivery Network', 'CookieYes', 'DAV', 'Easy Table of Contents', 'EmbedPress', 'Fireblade', 'GoDaddy', 'Google', 'Google Analytics', 'Google Cloud CDN', 'Google Maps', 'Google My Business', 'Google Partners Badge', 'Google Related Website Sites', 'Google Tag Manager', 'HubSpot Conversations', 'Hubspot', 'Instagram Follow Button', 'Max Mega Menu', 'Max Mega Menu Pro', 'Microdata for Google Shopping', 'Nginx', 'NitroPack', 'Ntent', 'PHP', 'Parallels Plesk Panel', 'Perl', 'QUIC', 'Twenty Twelve', 'Twitter Ads', 'UTF-8', 'Vector Internet Services', 'Vercel', 'Woo Themes', 'WooCommerce', 'WooCommerce Checkout', 'WordPress', 'WordPress Multisite', 'YouTube', 'eLand', 'jsDelivr']"
decavo.com,"Composites Engineering, Manufacturing and Assembly | Decavo",,,62,18201,2026-09-11T11:06:30.905903068Z,"['Alternate Protocol', 'Better Lead Generation Services', 'CookieYes', 'Duda', 'GZIP Module', 'Idaq', 'Nginx', 'Tailwind CSS', 'UTF-8', 'a2z Inc']"
sea4neb.eu,SEA4NEB - Social Economy Actors for New European Bauhaus,,,62,1981,2026-09-11T10:56:55.474512904Z,"['Alternate Protocol', 'Apache', 'CookieYes', 'Elementor', 'EmbedPress', 'Express', 'GZIP Module', 'Google Analytics', 'Google Tag Manager', 'Hello Elementor', 'Microdata for Google Shopping', 'NFOrce Internet', 'PHP', 'Sitelinks Search Box', 'Theme In WP', 'UTF-8', 'WordPress', 'WordPress Multisite', 'jQuery']"
faddymagazine.com,Home - FADDY MAGAZINE OFFICIAL,FADDY MAGAZINE OFFICIAL,USA,77,32045,2026-09-11T10:40:48.570797106Z,"['AWS WAF Challenge', 'Akismet', 'Alternate Protocol', 'Apache', 'Apture Linking Platform', 'BLR', 'CookieYes', 'DAV', 'Debian', 'Divi', 'Elegant Themes', 'EmbedPress', 'Express', 'Font Awesome', 'GZIP Module', 'Google', 'Google Analytics', 'Google Cloud DNS', 'Google Font API', 'Google My Business', 'Google Related Website Sites', 'Google Tag Manager', 'Gravity', 'Gravity Forms', 'Gtranslate for Wordpress', 'Instagram Follow Button', 'Microdata for Google Shopping', 'MonsterInsights', 'Mouseflow', 'PHP', 'Peecho', 'Perl', 'Seflow Italy', 'Stripe', 'Theme In WP', 'Tumblr', 'Twitter Ads', 'UTF-8', 'Woo Themes', 'WordPress', 'WordPress Multisite', 'jQuery']"
diusapet.fr,Alleva Store — Dog and Cat Kibble Made in Italy,Alleva,FRA,77,63806,2026-09-11T10:31:21.834204663Z,"['AJAX Libraries API', 'Alternate Protocol', 'Amazon CloudFront', 'Apture Linking Platform', 'Azion', 'Baidu Cloud', 'CloudFront', 'Cloudflare', 'Cloudflare CDN', 'CookieYes', 'DAV', 'Envoy', 'GZIP Module', 'Google Analytics', 'Google Cloud DNS', 'Google Related Website Sites', 'Google Tag Manager', 'IcoMoon', 'Instagram Follow Button', 'M247', 'Microdata for Google Shopping', 'Perl', 'QUIC', 'Shopify', 'Shopify Collabs', 'Shopify Payments', 'Sitelinks Search Box', 'Tailwind CSS', 'The Fresh', 'UTF-8', 'Weglot', 'WordPress SEO Structured Data Schema Plugin', 'Yandex Hosting', 'hCaptcha', 'reCAPTCHA', 'shadcn ui']"
pricecooling.co.uk,Cold rooms and Cold storage Experts | Price Cooling,,JPN,85,250161,2026-09-11T10:12:05.400664854Z,"['AWS WAF Challenge', 'Alternate Protocol', 'Amazon WAF Blocked', 'Ametys', 'Apache', 'Aruba', 'BLR', 'ClickCease', 'Cloudflare', 'Cloudflare CDN', 'Cloudflare Turnstile', 'Content Delivery Network', 'CookieYes', 'DAV', 'EmbedPress', 'Event Tickets for Wordpress', 'Font Awesome', 'FreeBSD', 'GZIP Module', 'Google', 'Google Cloud CDN', 'Gravity', 'Gravity Forms', 'IcoMoon', 'KeyCDN', 'Microdata for Google Shopping', 'PHP', 'Pico CSS', 'Python', 'QUIC', 'SMC', 'Salesforce Hosted', 'Shopware', 'The Events Calendar', 'Theme In WP', 'ThemeFusion', 'Tumblr', 'UK Cookie Consent', 'UTF-8', 'University or College', 'Vector Internet Services', 'WP jQuery Lightbox', 'Woo Themes', 'WordPress', 'WordPress Multisite', 'WordPress Related Posts', 'Yandex Hosting', 'eLand', 'jQuery', 'reCAPTCHA', 'symfony PHP Framework']"
polishwifi.com,Portable WiFi & MiFi Internet in Poland - Polish WiFi,Polish WiFi,,92,15833,2026-09-11T10:12:05.394205213Z,"['Alternate Protocol', 'Chater.biz', 'CookieYes', 'Facebook Conversion Tracking', 'Facebook Login', 'Facebook Messenger Platform', 'Facebook Pixel', 'Facebook Reseller', 'Facebook Tag API', 'Fireblade', 'Google Analytics', 'Google Cloud DNS', 'Google Font API', 'Google My Business', 'Google Tag Manager', 'Instagram Follow Button', 'LiteSpeed', 'Microdata for Google Shopping', 'Microsoft Clarity', 'Subversion', 'Sugester', 'Twitter Ads', 'UTF-8', 'YouTube', 'jQuery']"
enderbyyfc.co.uk,Enderby Young Farmers Club - Leicestershire,,,82,3285,2026-09-11T10:12:05.388178805Z,"['Alternate Protocol', 'Apache', 'Content Delivery Network', 'CookieYes', 'Elementor', 'EmbedPress', 'Facebook CDN', 'GZIP Module', 'Google Analytics', 'Google Related Website Sites', 'Google Tag Manager', 'Gravity', 'Gravity Forms', 'HappyAddons', 'Hello Elementor', 'Instagram Follow Button', 'MailChimp', 'Microdata for Google Shopping', 'NFOrce Internet', 'PHP', 'Sitelinks Search Box', 'Sticky Header Effects for Elementor', 'Thank You', 'To Top', 'UTF-8', 'WPFront Scroll Top', 'Woo Themes', 'WooCommerce', 'WooCommerce Checkout', 'WordPress', 'WordPress Multisite', 'jQuery']"
hunde-halter-trainer.de,Love ∙ Train ∙ Enjoy | Welcome,,DEU,77,17900,2026-09-11T09:39:10.111652245Z,"['AWS WAF Challenge', 'Alternate Protocol', 'Apache', 'Cloudflare', 'Cloudflare CDN', 'CookieYes', 'EmbedPress', 'Google', 'Google My Business', 'Instagram Follow Button', 'LiteSpeed', 'Newsletter for Wordpress', 'PHP', 'Polylang', 'Theme In WP', 'Twenty Seventeen', 'UTF-8', 'WordPress', 'WordPress Multisite', 'jQuery']"
haut-allergie-zentrum.ch,Dermatologie und Allergologie – Haut Allergie Zentrum Bern,,CHE,65,2090,2026-09-11T09:39:10.111332894Z,"['Alternate Protocol', 'Click to Chat for WhatsApp', 'Content Delivery Network', 'CookieYes', 'Elementor', 'EmbedPress', 'Essential Addons for Elementor', 'Google Cloud DNS', 'Google Font API', 'Hello Elementor', 'LiteSpeed', 'NFOrce Internet', 'PHP', 'Table Addons for Elementor', 'Theme In WP', 'UTF-8', 'WordPress', 'WordPress Multisite', 'jQuery']"
voilavoile.com,Custom Curtains Online Made to Fit Perfectly,,JPN,77,118569,2026-09-11T09:29:00.413099856Z,"['AWS WAF Challenge', 'Alternate Protocol', 'Apture Linking Platform', 'Bing Cashback', 'Bing Conversion Tracking', 'Bulma', 'Cloudflare', 'Cloudflare CDN', 'Cloudflare Web Analytics', 'CookieYes', 'DAV', 'Financial Services Guide', 'Fireblade', 'Google Analytics', 'Google Tag Manager', 'IcoMoon', 'Idaq', 'Instagram Follow Button', 'KVH', 'Microdata for Google Shopping', 'No-Q', 'Phew', 'SMC', 'Start Bootstrap', 'Subversion', 'Tailwind CSS', 'Tawk', 'Twitter Ads', 'UTF-8', 'W3 Total Cache', 'Yandex Hosting', 'YouTube']"
venturefruit.com,VentureFruit | premium fruit variety management services,VentureFruit®,NZL,82,41739,2026-09-11T09:07:17.605521284Z,"['AWS WAF Challenge', 'Alternate Protocol', 'Autoptimize', 'Cloudflare', 'Cloudflare CDN', 'Cloudflare Turnstile', 'Content Delivery Network', 'Contento', 'CookieYes', 'Divi', 'Elegant Themes', 'EmbedPress', 'Flying Pages by WP Speed Matters', 'Google Analytics', 'Google Tag Manager', 'Microdata for Google Shopping', 'PHP', 'Theme In WP', 'UTF-8', 'WP Engine', 'Woo Themes', 'WordPress', 'WordPress Multisite', 'jQuery']"
magnetamsterdam.nl,Digitale marketing - Magnet Amsterdam,,NLD,92,45654,2026-09-11T08:52:57.200373278Z,"['AWS WAF Challenge', 'Alternate Protocol', 'Cloudflare', 'Cloudflare CDN', 'Contact Form Plugin', 'Content Delivery Network', 'CookieYes', 'Custom Twitter Feeds', 'Ektron', 'Elementor', 'ElementsKit Elementor', 'EmbedPress', 'Exclusive Addons for Elementor', 'Facebook Conversion Tracking', 'Facebook Login', 'Facebook Messenger Platform', 'Facebook Pixel', 'Facebook Reseller', 'Facebook Tag API', 'FormSubmit', 'Google', 'Google Analytics', 'Google Cloud DNS', 'Google Font API', 'Google Maps', 'Google My Business', 'Google Tag Manager', 'Instagram Feed for WordPress', 'Instagram Follow Button', 'LiteSpeed', 'Max Mega Menu', 'Microdata for Google Shopping', 'NFOrce Internet', 'PHP', 'Qi Addons For Elementor', 'Site Kit', 'Slider Revolution', 'Theme In WP', 'Tidio', 'Twitter Ads', 'UTF-8', 'WordPress', 'WordPress Multisite', 'YouTube', 'jQuery']"
meetbit.eu,Meetbit EU Homepage - MeetBit,MeetBit,,65,4491,2026-09-11T08:46:04.848916429Z,"['Alternate Protocol', 'Azion', 'CookieYes', 'EmbedPress', 'Google', 'Google Analytics', 'Google Cloud CDN', 'Google Tag Manager', 'IcoMoon', 'Instagram Follow Button', 'LiteSpeed', 'Microdata for Google Shopping', 'PHP', 'Perl', 'Search and Filter Pro', 'ThemeFusion', 'UTF-8', 'WPML Multilingual', 'WordPress', 'WordPress Multisite', 'YouTube', 'jQuery']"
manolova.bg,Адвокат Петя Манолова - Адвокат Петя Манолова,Адвокат Петя Манолова,BGR,77,1338,2026-09-11T08:28:48.428584825Z,"['Alternate Protocol', 'Apache', 'ContentViews', 'CookieYes', 'Divi', 'Elegant Themes', 'EmbedPress', 'GZIP Module', 'Google Cloud DNS', 'Google Font API', 'Google My Business', 'Google Related Website Sites', 'Microdata for Google Shopping', 'PHP', 'Theme In WP', 'UTF-8', 'Woo Themes', 'WordPress', 'WordPress Multisite', 'jQuery']"
turfquick.com,Grass Seed Mats & Erosion Control Solutions | Turfquick®,Turfquick AB,SWE,77,24536,2026-09-11T08:28:48.409282675Z,"['Adult Content', 'Ajax Search Lite', 'Alternate Protocol', 'Better Lead Generation Services', 'CookieYes', 'Elementor', 'EmbedPress', 'Fireblade', 'Google', 'Google Analytics', 'Google Cloud DNS', 'Google Font API', 'Google Tag Manager', 'Instagram Follow Button', 'Investor Relations', 'Kitco', 'Microdata for Google Shopping', 'NFOrce Internet', 'Nginx', 'PHP', 'QUIC', 'Site Kit', 'Theme In WP', 'UTF-8', 'Woo Themes', 'WooCommerce Checkout', 'WordPress', 'WordPress Multisite', 'YouTube', 'jQuery']"
invosia.de,Invosia – KI-gestützte Rechnungsverarbeitung für Freelancer & KMUs,,DEU,82,15473,2026-09-11T07:36:43.094908426Z,"['AWS WAF Challenge', 'Content Delivery Network', 'CookieYes', 'Google Analytics', 'Google Tag Manager', 'Next.js', 'Pleroma', 'Tailwind CSS', 'UTF-8', 'Vercel', 'shadcn ui']"
workly.app,HR lösningar för små och medelstora företag - Workly,Workly,,77,35870,2026-09-11T07:36:43.087089197Z,"['Alternate Protocol', 'Amazon WAF Blocked', 'Ametys', 'Angular', 'Apture Linking Platform', 'Calendly', 'Cloudflare', 'Cloudflare Bot Manager', 'Cloudflare CDN', 'Content Delivery Network', 'CookieYes', 'DoubleClick Bid Manager', 'Elementor', 'EmbedPress', 'Fireblade', 'Font Awesome', 'FormSubmit', 'Google Analytics', 'Google Related Website Sites', 'Google Tag Manager', 'Hello Elementor', 'Hubspot', 'Instagram Follow Button', 'Kitco', 'Lazy Load for WordPress', 'Microdata for Google Shopping', 'NFOrce Internet', 'Nginx', 'PHP', 'Perfmatters', 'Perl', 'Poptin', 'QUIC', 'RocketCDN', 'Schema Plugin', 'Site Kit', 'Table Addons for Elementor', 'UK Cookie Consent', 'UTF-8', 'WP Rocket', 'WordPress', 'WordPress Multisite']"
rate.gr,Rate -,Rate News,,60,147,2026-09-11T07:36:43.068702028Z,"['AJAX Libraries API', 'Accelerated Mobile Pages', 'Alternate Protocol', 'Apache', 'CookieYes', 'Elementor', 'EmbedPress', 'Essential Addons for Elementor', 'Express', 'GZIP Module', 'Google Adsense', 'Google Analytics', 'Google Cloud DNS', 'Google Font API', 'Google Funding Choices', 'Google Matched Content', 'Google My Business', 'Google Reseller', 'Google Tag Manager', 'Instagram Follow Button', 'Lazy Load for WordPress', 'Microdata for Google Shopping', 'MonsterInsights', 'PHP', 'PWA', 'Parallels Plesk Panel', 'Schema Plugin', 'Telegram', 'Theme In WP', 'Twitter Ads', 'UTF-8', 'Web Stories', 'Woo Themes', 'WordPress', 'WordPress Multisite', 'WordPress Related Posts', 'YouTube', 'jQuery']"
ukycs.co.uk,Private Yacht Charter | Luxury Sailing Experiences UK,UK Yacht Charters,,67,38277,2026-09-11T07:36:43.060492803Z,"['AWS WAF Challenge', 'Alternate Protocol', 'Cloudflare', 'Cloudflare CDN', 'CookieYes', 'Elementor', 'EmbedPress', 'FooBox', 'Google', 'Google Analytics', 'Google Cloud DNS', 'Google Font API', 'Google My Business', 'Google Tag Manager', 'Instagram Feed for WordPress', 'Instagram Follow Button', 'KVH', 'LiteSpeed', 'Microdata for Google Shopping', 'PHP', 'Pagekit', 'Pure.css', 'QUIC', 'Rate my Post', 'Tailwind CSS', 'Theme In WP', 'UTF-8', 'WP Responsive Menu', 'WordPress', 'WordPress Multisite', 'jQuery']"
dtbinvestments.co.uk,Home - DTB Investments,,,82,23221,2026-09-11T07:29:14.992819434Z,"['Alternate Protocol', 'Amazon', 'Baidu Cloud', 'Cloudflare', 'Cloudflare CDN', 'Content Delivery Network', 'CookieYes', 'EmbedPress', 'Fancybox for WordPress', 'Fireblade', 'Font Awesome', 'Google Analytics', 'Google Cloud DNS', 'Google Font API', 'PHP', 'Sitelinks Search Box', 'TRUSTist', 'Theme In WP', 'UTF-8', 'WordPress', 'WordPress Multisite', 'jQuery']"
travelit.srl,Travelit: Agenzia Viaggi e Incentive a Milano - Tour weekend,,ITA,87,2252,2026-09-11T07:22:13.570845807Z,"['Apache', 'Azion', 'CookieYes', 'Font Awesome', 'GZIP Module', 'Google Analytics', 'Google Related Website Sites', 'Google Tag Manager', 'Instagram Follow Button', 'Perl', 'UTF-8', 'YouTube', 'jQuery']"
vpt.com.au,EV Charging & Smart Energy Solutions,Vista Power Technologies,AUS,77,7785,2026-09-11T07:22:13.562792613Z,"['Adult Content', 'Alternate Protocol', 'Apture Linking Platform', 'Cloudflare', 'Cloudflare Bot Manager', 'CookieYes', 'Customer Reviews for WooCommerce', 'DoubleClick Bid Manager', 'DuracellTomi Google Tag Manager for WordPress', 'EmbedPress', 'GZIP Module', 'GenerateBlocks', 'Google', 'Google Analytics', 'Google Cloud DNS', 'Google Font API', 'Google My Business', 'Google Related Website Sites', 'Google Tag Manager', 'Instagram Follow Button', 'Lazy Load for WordPress', 'MailChimp', 'Meta Slider for WordPress', 'Microdata for Google Shopping', 'Nginx', 'PHP', 'Perl', 'SVG Support', 'Storefront', 'Tailwind CSS', 'Theme In WP', 'Twitter Ads', 'UTF-8', 'Ubuntu', 'Ultimate Addons for Gutenberg', 'Ultimate Blocks', 'WP Rocket', 'WPForms', 'Woo Themes', 'WooCommerce', 'WooCommerce Checkout', 'WooCommerce Stripe Payment Gateway', 'WordPress', 'WordPress Multisite', 'YouTube', 'jQuery', 'reCAPTCHA']"
kernowfinancialplanning.co.uk,Home - Kernow Financial Planning,,AUS,82,15421,2026-09-11T07:14:20.668780722Z,"['Alternate Protocol', 'CDN JS', 'Cloudflare', 'Cloudflare CDN', 'Content Delivery Network', 'CookieYes', 'EmbedPress', 'Fancybox for WordPress', 'Fireblade', 'Font Awesome', 'Google Analytics', 'Google Cloud DNS', 'Google Font API', 'Google Tag Manager', 'PHP', 'Sitelinks Search Box', 'Theme In WP', 'UTF-8', 'WordPress', 'WordPress Multisite', 'jQuery']"
socaltms.com,Best TMS Treatment | SoCal TMS,SoCal TMS,,82,13152,2026-09-11T07:05:37.592477173Z,"['Alternate Protocol', 'Amazon Widgets', 'Apture Linking Platform', 'Bridge', 'Cloudflare', 'Cloudflare CDN', 'Contact Form Plugin', 'Content Delivery Network', 'CookieYes', 'Ditty News Ticker', 'EmbedPress', 'Font Awesome', 'Google', 'Google Analytics', 'Google Cloud CDN', 'Google Cloud DNS', 'Google Font API', 'Google Maps', 'Google My Business', 'Google Play', 'Google Tag Manager', 'Instagram Follow Button', 'Lazy Load for WordPress', 'Microdata for Google Shopping', 'Ninja Forms', 'PHP', 'Perl', 'RM Education', 'Rate my Post', 'Schema Plugin', 'Sitelinks Search Box', 'Slider Revolution', 'Theme In WP', 'Twitter Ads', 'Typeform', 'UTF-8', 'Vello', 'WP Responsive Menu', 'WP Rocket', 'WPBakery', 'Woo Themes', 'WooCommerce Checkout', 'WordPress', 'WordPress Multisite', 'eLand', 'jQuery', 'reCAPTCHA']"
hostalmadridsonsoles.com,Hostal Madrid Sonsoles,,ESP,65,4240,2026-09-11T07:05:37.579337489Z,"['Alternate Protocol', 'Contact Form Plugin', 'Content Delivery Network', 'CookieYes', 'Elementor', 'EmbedPress', 'Express', 'GZIP Module', 'Google', 'Google Analytics', 'Google Cloud CDN', 'Google Cloud DNS', 'Google Font API', 'Google Maps', 'Google My Business', 'Google Tag Manager', 'Hello Elementor', 'Nginx', 'PHP', 'Parallels Plesk Panel', 'Polylang', 'Site Kit', 'Theme In WP', 'UTF-8', 'WordPress', 'WordPress Multisite', 'WuBook', 'jQuery']"
bluepearldental.com,Dentist North London Islington - Finsbury Park - Holloway - Highbury,,GBR,92,37114,2026-09-11T06:55:21.382230947Z,"['AWS WAF Challenge', 'Alternate Protocol', 'Autoptimize', 'Cloudflare', 'Content Delivery Network', 'CookieYes', 'EmbedPress', 'Fastly', 'Fireblade', 'Font Awesome', 'Google', 'Google Analytics', 'Google Cloud DNS', 'Google Font API', 'Google Tag Manager', 'IcoMoon', 'Microdata for Google Shopping', 'QuadLayers', 'SiteOrigin', 'Sitelinks Search Box', 'Slider Revolution', 'Tailwind CSS', 'UTF-8', 'Vantage', 'WP Engine', 'WordPress', 'WordPress Multisite', 'YouTube', 'jQuery']"
charly.green,charly – black. but green.,,DEU,70,26994,2026-09-11T06:39:52.839235905Z,"['AWS WAF Challenge', 'Alternate Protocol', 'Calendly', 'Content Delivery Network', 'CookieYes', 'Elementor', 'EmbedPress', 'Google Maps', 'Google My Business', 'Hello Elementor', 'HubSpot WordPress Plugin', 'LiteSpeed', 'NFOrce Internet', 'PHP', 'Royal Elementor Addons', 'Table Addons for Elementor', 'Theme In WP', 'TranslatePress', 'UTF-8', 'WordPress', 'WordPress Multisite', 'jQuery']"
ahclearning.co.uk,Home - AHC Learning,AHC Learning ltd,,77,18071,2026-09-11T06:39:52.80716844Z,"['AWS WAF Challenge', 'Alternate Protocol', 'Ametys', 'Apache', 'Content Delivery Network', 'CookieYes', 'Divi', 'Elegant Themes', 'EmbedPress', 'GZIP Module', 'Google Cloud DNS', 'Google Font API', 'Matomo', 'Matomo Tag Manager', 'Microdata for Google Shopping', 'PHP', 'Theme In WP', 'UK Cookie Consent', 'UTF-8', 'Woo Themes', 'WordPress', 'WordPress Multisite', 'jQuery']"
aevrfhlearning.com,Home - AEVRFH LEARNING | Enriching Communities Leveraging Diversified Learning Possibilities.,,IND,75,16697,2026-09-11T06:18:31.231512705Z,"['3D FlipBook', 'Alternate Protocol', 'Contact Form Plugin', 'CookieYes', 'EmbedPress', 'Google Analytics', 'Google Cloud DNS', 'Google Font API', 'Google My Business', 'Google Recommendations AI', 'Google Tag Manager', 'Microdata for Google Shopping', 'PHP', 'Schema Plugin', 'Slider Revolution', 'The Events Calendar', 'Theme In WP', 'Twitter Ads', 'UTF-8', 'WPBakery', 'WordPress', 'WordPress Multisite', 'eLand', 'jQuery', 'reCAPTCHA']"
sturova5.com,Bank Palace,,ZAF,65,2239,2026-09-11T05:32:43.517843371Z,"['Akismet', 'Alternate Protocol', 'CDN JS', 'Cloudflare', 'Cloudflare CDN', 'Contact Form Plugin', 'CookieYes', 'Cornerstone', 'Elementor', 'EmbedPress', 'Google Analytics', 'Google Cloud DNS', 'Google Font API', 'Google Tag Manager', 'Instagram Follow Button', 'Microdata for Google Shopping', 'NFOrce Internet', 'OpenResty', 'PHP', 'Premium Addons for Elementor', 'Theme In WP', 'Twitter Ads', 'UTF-8', 'WhatsApp Sharing', 'WordPress', 'WordPress Multisite', 'jQuery', 'jsDelivr']"
storymiami.com,LIV Nightclub at Fontainebleau: Miami Beach and Las Vegas,LIV Nightclub,USA,62,72740,2026-09-11T05:21:31.832258268Z,"['AWS WAF Challenge', 'Adobe Creative Cloud WebFonts', 'Alternate Protocol', 'AudioEye', 'Cloudflare', 'Cloudflare CDN', 'Content Delivery Network', 'CookieYes', 'EmbedPress', 'Google', 'Google Analytics', 'Google Related Website Sites', 'Google Tag Manager', 'Instagram Follow Button', 'Microdata for Google Shopping', 'No-Q', 'PHP', 'SMC', 'Shopify', 'Theme In WP', 'Twitter Ads', 'UTF-8', 'WP Engine', 'WordPress', 'WordPress Multisite', 'jQuery']"
lewildexplorer.com,Home - Le Wild Explorer,Le Wild Explorer,,65,86334,2026-09-11T05:21:31.82390502Z,"['AWS WAF Challenge', 'Alternate Protocol', 'Cloudflare', 'Cloudflare CDN', 'Content Delivery Network', 'CookieYes', 'Elementor', 'EmbedPress', 'Facebook CDN', 'Fireblade', 'Google', 'Google Adsense', 'Google Analytics', 'Google Cloud DNS', 'Google Font API', 'Google Funding Choices', 'Google Matched Content', 'Google My Business', 'Google Reseller', 'Google Tag Manager', 'Instagram Feed for WordPress', 'Instagram Follow Button', 'Line2', 'LiteSpeed', 'Microdata for Google Shopping', 'NFOrce Internet', 'PHP', 'Parcel', 'PenNews', 'Pixieset', 'QUIC', 'QUIC.cloud', 'SMC', 'Schema Plugin', 'Shareaholic', 'Social Warfare', 'The Events Calendar', 'Twitter Ads', 'UTF-8', 'WP Advanced Ads', 'WPForms', 'Woo Themes', 'WordPress', 'WordPress Multisite', 'WordPress Related Posts', 'YouTube', 'bbPress', 'eLand']"
littlelightingco.co.uk,"The Little Lighting Co. - Luxury Wedding & Event Lighting | Hereford, UK",,USA,87,2673,2026-09-11T05:13:32.300822089Z,"['AJAX Libraries API', 'CDN JS', 'Cloudflare', 'Cloudflare CDN', 'CookieYes', 'Google', 'Google Analytics', 'Google Cloud DNS', 'Google Font API', 'Google Tag Manager', 'PHP', 'QUIC', 'Tailwind CSS', 'UTF-8', 'jQuery', 'shadcn ui']"
womenforwomen.com.mt,Home - womenforwomen.com.mt,womenforwomen.com.mt,,67,19265,2026-09-11T05:13:32.281121827Z,"['AWS WAF Challenge', 'Alternate Protocol', 'Apache', 'Apture Linking Platform', 'CookieYes', 'Elementor', 'ElementsKit Elementor', 'EmbedPress', 'Express', 'GZIP Module', 'GiveWP', 'Google Analytics', 'Google Cloud DNS', 'Google Font API', 'Google My Business', 'Google Related Website Sites', 'Google Tag Manager', 'Hello Elementor', 'IcoMoon', 'InitiativeS', 'Instagram Follow Button', 'Jeg Elementor Kit', 'Jetpack', 'Microdata for Google Shopping', 'MonsterInsights', 'NFOrce Internet', 'PHP', 'QUIC', 'Shipping Rates Calculator', 'Side Cart Woocommerce', 'Table Addons for Elementor', 'Theme In WP', 'UTF-8', 'WP Event Manager', 'WonderPush', 'Woo Themes', 'WooCommerce', 'WooCommerce Checkout', 'WordPress', 'WordPress Multisite', 'jQuery']"
silentia.ie,Silentia | Silentia,Silentia,SGP,75,4989,2026-09-11T05:06:52.82518369Z,"['Adobe Creative Cloud WebFonts', 'Alternate Protocol', 'Contact Form Plugin', 'Content Delivery Network', 'CookieYes', 'EmbedPress', 'Google Analytics', 'Google My Business', 'Google Tag Manager', 'Hotjar', 'IcoMoon', 'LiteSpeed', 'Microdata for Google Shopping', 'NFOrce Internet', 'PHP', 'Polylang', 'QUIC', 'Search and Filter Pro', 'Tailwind CSS', 'Theme In WP', 'UTF-8', 'WordPress', 'WordPress Multisite', 'YouTube', 'eLand', 'jQuery', 'reCAPTCHA']"
hexagon-it.co.uk,Hexagon IT | Your Trusted IT Partner,,USA,65,47827,2026-09-11T04:58:23.535825452Z,"['Alternate Protocol', 'Amazon', 'Amazon WAF Blocked', 'Bing Cashback', 'Bing Conversion Tracking', 'Citrix', 'Content Delivery Network', 'CookieYes', 'Divi', 'Elegant Themes', 'EmbedPress', 'Fastly', 'Fireblade', 'Font Awesome', 'Google Analytics', 'Google Cloud DNS', 'Google Font API', 'Google My Business', 'Google Tag Manager', 'Gravity', 'Gravity Forms', 'MonsterInsights', 'PHP', 'Sucuri Cloudproxy', 'Tawk', 'Theme In WP', 'UTF-8', 'WP Super Cache', 'Woo Themes', 'WordPress', 'WordPress Multisite', 'Zoho CRM', 'eLand', 'jQuery', 'reCAPTCHA']"
excelhealthcare.com,"Recruitment Agency in Dublin, Belfast, Kildare, Cork, and Galway",Excel Healthcare,GBR,77,741,2026-09-11T04:58:23.509446362Z,"['Alternate Protocol', 'Bulma', 'CDN JS', 'Cloudflare', 'Cloudflare CDN', 'Contact Form Plugin', 'CookieYes', 'EmbedPress', 'GZIP Module', 'Google Analytics', 'Google Tag Manager', 'Microdata for Google Shopping', 'Nginx', 'PHP', 'Parallels Plesk Panel', 'Theme In WP', 'UTF-8', 'WP Bootstrap Starter', 'WP Job Manager', 'WordPress', 'WordPress Multisite', 'eLand', 'jQuery', 'jsDelivr']"
openoutlet.co.uk,Home | Open Outlet,Open Outlet Limited,FLK,72,50455,2026-09-11T04:51:01.086890222Z,"['Alternate Protocol', 'Astra Theme', 'Content Delivery Network', 'CookieYes', 'EmbedPress', 'Google Analytics', 'Google Tag Manager', 'LiteSpeed', 'Microdata for Google Shopping', 'PHP', 'QUIC', 'SMC', 'Site Kit', 'Sitelinks Search Box', 'Theme In WP', 'Twitter Ads', 'UTF-8', 'Woo Themes', 'WooCommerce', 'WooCommerce Checkout', 'WooCommerce Stripe Payment Gateway', 'WordPress', 'WordPress Multisite', 'WordPress Related Posts', 'jQuery']"
digitalcharm.at,Digital Charm | Vom Foto bis zum Follower!,,,60,10181,2026-09-11T04:29:30.558372008Z,"['Alternate Protocol', 'CookieYes', 'Divi', 'Ektron', 'Elegant Themes', 'EmbedPress', 'Google Analytics', 'Google Cloud DNS', 'Google Font API', 'Google Tag Manager', 'Instagram Follow Button', 'PHP', 'Theme In WP', 'UTF-8', 'Woo Themes', 'WordPress', 'WordPress Multisite', 'jQuery']"
cfcsouth.co.uk,South Belfast Church - CFC Christian Fellowship Church,,GBR,77,6609,2026-09-11T04:05:22.105344838Z,"['Alternate Protocol', 'CookieYes', 'ElementUI', 'EmbedPress', 'Font Awesome', 'Google Analytics', 'Google Cloud DNS', 'Google Font API', 'Google My Business', 'Google Tag Manager', 'Instagram Follow Button', 'Kitco', 'Oddle', 'PHP', 'QUIC', 'Site Kit', 'UTF-8', 'University or College', 'WordPress', 'WordPress Multisite', 'YouTube']"
avilia.co.il,"אביליה – קבוצת אביליה – קבוצת הנדל""ן אביליה – קבוצת אביליה מורכבת ממספר חברות ושותפויות בבעלות פרטית ועוסקת כ-40 שנה בתחומים מגוונים בענף הנדל""ן",,ISR,60,246,2026-09-11T03:56:57.626808776Z,"['AJAX Libraries API', 'Alternate Protocol', 'CDN JS', 'Cloudflare', 'Cloudflare CDN', 'Contact Form Plugin', 'CookieYes', 'EmbedPress', 'Facebook Login', 'Facebook Reseller', 'Font Awesome', 'GZIP Module', 'Google Analytics', 'Google Cloud DNS', 'Google My Business', 'Google Tag Manager', 'Nginx', 'PHP', 'Parallels Plesk Panel', 'Polylang', 'Tailwind CSS', 'Theme In WP', 'UTF-8', 'WhatsApp Sharing', 'WordPress', 'WordPress Multisite', 'jQuery']"
tsroyalist.co.uk,TS Royalist Appeal - Sea Cadets,,,55,12503,2026-09-11T03:43:46.133829924Z,"['CookieYes', 'Facebook Conversion Tracking', 'Facebook Login', 'Facebook Messenger Platform', 'Facebook Pixel', 'Facebook Reseller', 'Facebook Tag API', 'Fireblade', 'GZIP Module', 'Google Analytics', 'Google Cloud DNS', 'Google Font API', 'Google Tag Manager', 'Instagram Follow Button', 'KVH', 'Nginx', 'Tailwind CSS', 'Twitter Ads', 'UTF-8', 'YouTube']"
palacehoteloban.com,Home - Palace Hotel,,,62,1459,2026-09-11T03:31:55.478323277Z,"['Alternate Protocol', 'CookieYes', 'EmbedPress', 'Font Awesome', 'Google My Business', 'IcoMoon', 'Microdata for Google Shopping', 'Nginx', 'Ntent', 'PHP', 'ThemeFusion', 'TrustIndex', 'UTF-8', 'WordPress', 'WordPress Multisite', 'jQuery']"
spis-toolbox.org,SPIS Toolbox | Calculates Dimensioning of Solar Powered Irrigation,Water and Energy for Food – Sun for Water,,67,23318,2026-09-11T03:12:04.840733735Z,"['Alternate Protocol', 'Autoptimize', 'CookieYes', 'Crisp', 'Elementor', 'EmbedPress', 'GZIP Module', 'Google Related Website Sites', 'KVH', 'Microdata for Google Shopping', 'Nginx', 'OceanWP', 'PHP', 'QUIC', 'Subversion', 'Theme In WP', 'TranslatePress', 'UTF-8', 'WP Mobile Menu', 'WP Super Cache', 'WPForms', 'Woo Themes', 'WooCommerce Checkout', 'WordPress', 'WordPress Multisite', 'jQuery']"
getindicaonline.com,Cannabis Software | IndicaOnline Cannabis POS System,,USA,92,279157,2026-09-11T03:12:04.822597729Z,"['AWS WAF Challenge', 'Adult Content', 'Alternate Protocol', 'Amazon', 'Amazon CloudFront', 'Amazon Route 53', 'Autoptimize', 'Baidu Cloud', 'CCSI', 'CloudFront', 'Cloudflare', 'Cloudflare CDN', 'Cloudflare Turnstile', 'Content Delivery Network', 'CookieYes', 'CoreUI', 'Corporate Governance and Regulatory Compliance', 'DAV', 'Ethy', 'Express', 'Financial Services Guide', 'GZIP Module', 'Google Related Website Sites', 'HHVM', 'HMDG', 'Hexo', 'IPFS', 'IcoMoon', 'Instagram Follow Button', 'K2F', 'KVH', 'Microdata for Google Shopping', 'Nginx', 'No-Q', 'O2MC Dimml', 'ON24', 'PHP', 'Paessler', 'Phew', 'Polylang', 'QUIC', 'SMC', 'Subversion', 'Tailwind CSS', 'UTF-8', 'Unix', 'W3 Total Cache', 'WordPress', 'WordPress Multisite', 'YouTube', 'eLand', 'iAPPS', 'reCAPTCHA']"
homzze.com,homzze.com,,USA,60,1523,2026-09-11T02:22:43.172695064Z,"['Alternate Protocol', 'Cloud CMA', 'CookieYes', 'Elementor', 'EmbedPress', 'Fastly', 'GZIP Module', 'Google Analytics', 'Google Cloud DNS', 'Google Font API', 'Google My Business', 'Google Tag Manager', 'Hello Elementor', 'Instagram Follow Button', 'Kitco', 'NFOrce Internet', 'Neighborhoods', 'Nginx', 'PHP', 'QUIC', 'Site Kit', 'Theme In WP', 'UTF-8', 'WordPress', 'WordPress Multisite', 'jQuery', 'reCAPTCHA']"
expertglazinglondon.co.uk,Glass Partitions London | Office Glass Partitions Experts,Expert Glazing London,GBR,82,33346,2026-09-11T02:22:43.136219633Z,"['Alternate Protocol', 'Cloudflare', 'Content Delivery Network', 'CookieYes', 'DAV', 'DuracellTomi Google Tag Manager for WordPress', 'Elementor', 'EmbedPress', 'Fireblade', 'GoDaddy', 'Google Analytics', 'Google Cloud DNS', 'Google Font API', 'Google Maps', 'Google My Business', 'Google Tag Manager', 'Instagram Follow Button', 'Microdata for Google Shopping', 'Microsoft Clarity', 'NFOrce Internet', 'PHP', 'QUIC', 'QuadLayers', 'Telegram', 'Theme In WP', 'TrustIndex', 'Turn', 'UTF-8', 'Wangsu', 'Woo Themes', 'WooFramework', 'WordPress', 'WordPress Multisite', 'XTemos Studio', 'jQuery']"
forsbergsfritidscenter.se,Forsbergs Fritidscenter - Husbilar och Husvagnar i hela Sverige,,SWE,87,32790,2026-09-11T01:59:23.375112059Z,"['Alternate Protocol', 'Azure Edge', 'Contact Form Plugin', 'CookieYes', 'EmbedPress', 'Google Analytics', 'Google My Business', 'Google Related Website Sites', 'Google Tag Manager', 'IcoMoon', 'Instagram Follow Button', 'LiteSpeed', 'Microdata for Google Shopping', 'PHP', 'QUIC', 'ScarabResearch', 'Theme In WP', 'UTF-8', 'W3 Total Cache', 'WPBakery', 'WordPress', 'WordPress Multisite', 'YouTube', 'jQuery', 'reCAPTCHA']"
beaumontpc.co.uk,Beaumont-cum-Moze Parish Council,,USA,60,8072,2026-09-11T01:52:58.577979476Z,"['Alternate Protocol', 'Colibri', 'Colibri Page Builder', 'Content Delivery Network', 'CookieYes', 'EmbedPress', 'Fireblade', 'Font Awesome', 'Google Cloud DNS', 'Google Font API', 'IcoMoon', 'Icons8', 'LiteSpeed', 'Pleroma', 'Tailwind CSS', 'UTF-8', 'Woo Themes', 'WordPress', 'WordPress Multisite', 'jQuery', 'shadcn ui']"
entegrated.com,Bay Area IT Support & Managed Tech Services | Entegrated,Entegrated,USA,82,9619,2026-09-11T01:42:13.854621712Z,"['Alternate Protocol', 'Apache', 'Automattic', 'Cisco/Arrowpoint Content Service Switch', 'CookieYes', 'EmbedPress', 'GZIP Module', 'Google', 'Google Cloud DNS', 'Google Font API', 'Google My Business', 'Jetpack', 'Microdata for Google Shopping', 'Pico CSS', 'QUIC', 'UTF-8', 'W3 Total Cache', 'WordPress', 'WordPress Multisite', 'WordPress Stats', 'reCAPTCHA']"
generativeaiassociation.org,Home -,Generative AI Association,,70,21877,2026-09-11T01:42:13.842256743Z,"['AWS WAF Challenge', 'Add to Any', 'Alternate Protocol', 'Automattic', 'Cloudflare', 'Cloudflare CDN', 'Content Delivery Network', 'CookieYes', 'EmbedPress', 'Fonts Plugin', 'Google', 'Google Analytics', 'Google Cloud CDN', 'Google My Business', 'Google Related Website Sites', 'Google Tag Manager', 'Gutenberg', 'InitiativeS', 'Jetpack', 'Jetpack Site Accelerator', 'Microdata for Google Shopping', 'Nginx', 'Oracle Cloud', 'Simple Banner for Wordpress', 'Twenty Twenty-Four', 'UTF-8', 'WPForms', 'WordPress', 'WordPress Multisite', 'WordPress Stats', 'YouTube', 'jQuery']"
clementinefinancial.co.uk,Home - Clementine Financial,,,72,15421,2026-09-11T01:42:13.825304581Z,"['Alternate Protocol', 'CDN JS', 'Cloudflare', 'Cloudflare CDN', 'Content Delivery Network', 'CookieYes', 'EmbedPress', 'Fancybox for WordPress', 'Fireblade', 'Font Awesome', 'Google Analytics', 'Google Cloud DNS', 'Google Font API', 'Google Tag Manager', 'PHP', 'Sitelinks Search Box', 'Theme In WP', 'Twitter Ads', 'UTF-8', 'WordPress', 'WordPress Multisite', 'jQuery']"
popcornvideo.co.uk,Popcorn Video,,GBR,62,15473,2026-09-11T01:31:21.676109332Z,"['AWS WAF Challenge', 'Alternate Protocol', 'Content Delivery Network', 'CookieYes', 'Google My Business', 'Microdata for Google Shopping', 'Next.js', 'Pleroma', 'QUIC', 'Tailwind CSS', 'UTF-8', 'Vercel', 'shadcn ui']"
ceis.org.uk,CEIS,,GBR,65,2633,2026-09-11T01:22:26.058030659Z,"['Adobe Creative Cloud WebFonts', 'Alternate Protocol', 'CDN JS', 'Cloudflare', 'Cloudflare CDN', 'Content Delivery Network', 'CookieYes', 'DAV', 'EmbedPress', 'Font Awesome', 'Google Analytics', 'Google My Business', 'Google Tag Manager', 'Line2', 'LiteSpeed', 'PHP', 'QUIC', 'QUIC.cloud', 'UTF-8', 'WordPress', 'WordPress Multisite', 'reCAPTCHA']"
carcheckcy.com,Carcheckcy - Home Page,Carcheckcy,JPN,92,1485,2026-09-11T01:06:57.019838558Z,"['Alternate Protocol', 'Contact Form Plugin', 'Content Delivery Network', 'CookieYes', 'Elementor', 'EmbedPress', 'Facebook Conversion Tracking', 'Facebook Login', 'Facebook Messenger Platform', 'Facebook Pixel', 'Facebook Reseller', 'Facebook Tag API', 'Google Analytics', 'Google Cloud DNS', 'Google Font API', 'Google Tag Manager', 'IcoMoon', 'Icons8', 'Instagram Follow Button', 'LiteSpeed', 'MailChimp', 'Metronet Profile Picture', 'Microdata for Google Shopping', 'PHP', 'Post Views Counter', 'Sitelinks Search Box', 'Stripe', 'Theme In WP', 'UTF-8', 'WPBakery', 'Woo Themes', 'WooCommerce', 'WooCommerce Checkout', 'WordPress', 'WordPress Multisite', 'jQuery']"
lupinetravel.uk,Lupine Travel,Lupine Travel,GNB,77,19451,2026-09-11T00:43:59.429312964Z,"['Content Delivery Network', 'CookieYes', 'EmbedPress', 'Fireblade', 'GZIP Module', 'Google', 'Google Analytics', 'Google Cloud DNS', 'Google Font API', 'Google Maps', 'Google My Business', 'Google Tag Manager', 'Instagram Follow Button', 'Microdata for Google Shopping', 'MonsterInsights', 'Nginx', 'PHP', 'Theme In WP', 'Twitter Ads', 'UTF-8', 'Vello', 'Woo Themes', 'WordPress', 'WordPress Multisite', 'YouTube', 'eLand', 'reCAPTCHA']"
peixateriadeldelta.cat,Peix Fresc de Llotja | Ametlla de Mar | Peixateria del Delta,,SYC,77,3865,2026-09-11T00:43:59.390399074Z,"['Alternate Protocol', 'CookieYes', 'EmbedPress', 'Facebook Conversion Tracking', 'Facebook Login', 'Facebook Messenger Platform', 'Facebook Pixel', 'Facebook Reseller', 'Facebook Tag API', 'FormSubmit', 'GZIP Module', 'Google', 'Google Analytics', 'Google Cloud DNS', 'Google Font API', 'Google My Business', 'Google Tag Manager', 'Impreza', 'Instagram Follow Button', 'Microdata for Google Shopping', 'Nginx', 'PHP', 'Parallels Plesk Panel', 'Sitelinks Search Box', 'Tailwind CSS', 'Theme In WP', 'TrustIndex', 'Twitter Ads', 'UTF-8', 'WPBakery', 'Woo Themes', 'WordPress', 'WordPress Multisite', 'YouTube', 'jQuery']"
tekzazenske.si,dm tek za ženske,,SVN,57,59,2026-09-11T00:43:59.37643177Z,"['CookieYes', 'GZIP Module', 'Google Analytics', 'Google Tag Manager', 'Instagram Follow Button', 'Nginx', 'Statamic', 'Tailwind CSS', 'UTF-8', 'Ubuntu', 'YouTube', 'Zope', 'jsDelivr']"
newsheadlines.ro,"News headlines from Romania, a member country of the EU",NewsHeadlines.ro,ROU,82,2692,2026-09-11T00:22:35.020052774Z,"['Alternate Protocol', 'BootstrapMade', 'CookieYes', 'Google', 'Google Adsense', 'Google Analytics', 'Google Cloud DNS', 'Google Font API', 'Google Funding Choices', 'Google Matched Content', 'Google Reseller', 'Google Tag Manager', 'LiteSpeed', 'Microdata for Google Shopping', 'QUIC', 'Twitter Ads', 'UTF-8', 'YouTube']"
l-dt.co.uk,Home - Latimer Driver Training,Latimer Driver Training,GBR,85,36269,2026-09-11T00:12:51.527219882Z,"['AWS WAF Challenge', 'Alternate Protocol', 'Cloudflare', 'Cloudflare CDN', 'Contact Form Plugin', 'Content Delivery Network', 'CookieYes', 'Elementor', 'ElementsKit Elementor', 'EmbedPress', 'Fonts Plugin', 'GoDaddy', 'Google', 'Google Analytics', 'Google My Business', 'Google Tag Manager', 'Gravity', 'Gravity Forms', 'HappyAddons', 'Header, Footer and Blocks for Elementor', 'Instagram Follow Button', 'Microdata for Google Shopping', 'NFOrce Internet', 'Ntent', 'PHP', 'QUIC', 'Site Kit', 'Table Addons for Elementor', 'Theme In WP', 'To Top', 'TrustIndex', 'UTF-8', 'WPForms', 'Wangsu', 'WordPress', 'WordPress Multisite', 'jQuery']"
barbarasalopek.com,Barbara Salopek – Innovation Speaker,Vinco Innovation,NOR,77,21720,2026-09-10T23:36:23.871047816Z,"['Apture Linking Platform', 'Autoptimize', 'CookieYes', 'Elementor', 'EmbedPress', 'Google Analytics', 'Google Tag Manager', 'Instagram Follow Button', 'KVH', 'Microdata for Google Shopping', 'QUIC', 'Royal Elementor Addons', 'UTF-8', 'University or College', 'WordPress', 'WordPress Multisite', 'YouTube', 'jQuery', 'reCAPTCHA']"
stillwatermedicalcareers.com,Join Our Team - Stillwater Medical,Stillwater Medical,,72,94179,2026-09-10T23:36:23.843018004Z,"['AWS WAF Challenge', 'Accordion Blocks', 'Adobe Creative Cloud WebFonts', 'Alternate Protocol', 'Amazon WAF Blocked', 'Aruba', 'Cloudflare', 'Cloudflare CDN', 'Cloudflare Turnstile', 'Content Delivery Network', 'CookieYes', 'EmbedPress', 'Google Analytics', 'Google Tag Manager', 'Gravity', 'Gravity Forms', 'Gutenberg Blocks by Kadence Blocks', 'HealthcareSource', 'Instagram Follow Button', 'Kadence WP', 'Microdata for Google Shopping', 'PHP', 'Pico CSS', 'SMC', 'SiteW', 'Tailwind CSS', 'Theme In WP', 'UTF-8', 'University or College', 'WordPress', 'WordPress Multisite', 'YouTube', 'accessiBe', 'eLand', 'jQuery', 'reCAPTCHA']"
infocat.co.uk,Financial Planning & Analysis Software Consultancy | InfoCat,InfoCat,GBR,87,6770,2026-09-10T23:30:14.697195459Z,"['CookieYes', 'Express', 'Google Analytics', 'Google Cloud DNS', 'Google Maps', 'Google My Business', 'Google Related Website Sites', 'Google Tag Manager', 'HostGator', 'IcoMoon', 'Microdata for Google Shopping', 'Microsoft Azure', 'Microsoft Clarity', 'Microsoft IIS', 'PHP', 'Parallels Plesk Panel', 'UTF-8', 'University or College', 'Visual Studio', 'WoWonder', 'YouTube', 'Zoom', 'Zoom Video Conferencing', 'eLand', 'reCAPTCHA']"
findajewishschool.org,PaJeS | Find a Jewish School,PaJeS,GBR,65,592,2026-09-10T23:02:35.25518555Z,"['Alternate Protocol', 'Content Delivery Network', 'CookieYes', 'DAV', 'EmbedPress', 'Google Analytics', 'Google Cloud DNS', 'Google Maps', 'Google Tag Manager', 'H5P for WordPress', 'Lazy Load for WordPress', 'Max Mega Menu', 'Max Mega Menu Pro', 'Microdata for Google Shopping', 'MouseWheel Smooth Scroll', 'Nginx', 'PHP', 'Tailwind CSS', 'Theme In WP', 'Twitter Ads', 'UTF-8', 'University or College', 'User Registration for Wordpress', 'WordPress', 'WordPress Multisite', 'jQuery']"
pilatesforyouindia.com,Home - Pilate,Pilate,IND,80,1283,2026-09-10T23:02:35.253010716Z,"['Alternate Protocol', 'Contact Form Plugin', 'Content Delivery Network', 'CookieYes', 'Elementor', 'EmbedPress', 'Google Analytics', 'Google Cloud DNS', 'Google Font API', 'Google Tag Manager', 'Instagram Feed for WordPress', 'Instagram Follow Button', 'LiteSpeed', 'Microdata for Google Shopping', 'PHP', 'QUIC', 'Schema Plugin', 'Smart Slider 3', 'TI WooCommerce Wishlist', 'Theme In WP', 'UTF-8', 'WPForms', 'Woo Themes', 'WooCommerce', 'WooCommerce Checkout', 'WordPress', 'WordPress Multisite', 'eLand', 'jQuery']"
upleveled.io,Learn to code. Design your future. - UpLeveled,,NLD,77,7429,2026-09-10T22:57:25.040863286Z,"['Bizo', 'Calendly', 'Content Delivery Network', 'CookieYes', 'Crisp', 'DoubleClick Bid Manager', 'Eventbrite', 'Facebook Conversion Tracking', 'Facebook Login', 'Facebook Messenger Platform', 'Facebook Pixel', 'Facebook Reseller', 'Facebook Tag API', 'GitHub Hosting', 'Google', 'Google Analytics', 'Google Cloud CDN', 'Google Cloud DNS', 'Google Font API', 'Google Matched Content', 'Google My Business', 'Google Reseller', 'Google Tag Manager', 'Instagram Follow Button', 'LinkedIn Insights', 'LinkedIn Pixel', 'Netlify', 'Next.js', 'Oribi Analytics', 'PWA', 'Tailwind CSS', 'UTF-8', 'University or College', 'reCAPTCHA', 'shadcn ui']"
memorialdaycarshow.com,"2025 SHOW CANCELLED - Mattawan, MI Memorial Day Car Show",Dream Team Car Show,,72,17219,2026-09-10T22:44:04.142891783Z,"['AWS WAF Challenge', 'Alternate Protocol', 'Cloudflare', 'Cloudflare CDN', 'Cloudflare Turnstile', 'Contact Form Plugin', 'ContentViews', 'CookieYes', 'EmbedPress', 'Formidable Pro Form', 'GZIP Module', 'Google Analytics', 'Google Analytics Dashboard for WordPress', 'Google Cloud DNS', 'Google Font API', 'Google My Business', 'Google Tag Manager', 'Instagram Follow Button', 'Meta Slider for WordPress', 'Microdata for Google Shopping', 'Nginx', 'PHP', 'Perl', 'Show.co', 'Strong Testimonials', 'Theme In WP', 'UTF-8', 'WPBakery', 'Woo Themes', 'WooCommerce', 'WooCommerce Checkout', 'WordPress', 'WordPress Multisite', 'jQuery']"
heartguard.be,HeartGuard Cabinets | Outdoor cabinets for public and commercial environments,,DNK,82,15678,2026-09-10T22:42:29.294450798Z,"['Alternate Protocol', 'Apache', 'Contact Form Plugin', 'CookieYes', 'Divi', 'Elegant Themes', 'EmbedPress', 'Fireblade', 'GZIP Module', 'Google Analytics', 'Google Cloud DNS', 'Google Font API', 'Google Tag Manager', 'Microdata for Google Shopping', 'PHP', 'QUIC', 'Site Kit', 'Theme In WP', 'WP Fastest Cache', 'WPML Multilingual', 'Woo Themes', 'WordPress', 'WordPress Multisite', 'eLand', 'jQuery']"
jamesonpartners.co.uk,Jameson and Partners Ltd | Independent Estate Agents Altrincham,,,72,7880,2026-09-10T22:31:17.648388856Z,"['Alternate Protocol', 'Contact Form Plugin', 'Content Delivery Network', 'CookieYes', 'DuracellTomi Google Tag Manager for WordPress', 'EmbedPress', 'Fastly', 'Google Analytics', 'Google Tag Manager', 'Image Hotspot by DevVN', 'Instagram Follow Button', 'Kitco', 'LiteSpeed', 'Microdata for Google Shopping', 'Mitech Theme', 'PHP', 'Perl', 'Site Kit', 'Slider Revolution', 'Tailwind CSS', 'Theme In WP', 'Twitter Ads', 'UTF-8', 'WP-PostViews', 'WPBakery', 'Woo Themes', 'WordPress', 'WordPress Multisite', 'WordPress Related Posts', 'jQuery']"
newsouthcapital.com,NewSouth Capital Management,NewSouth Capital Management,USA,82,421,2026-09-10T22:10:47.238523652Z,"['Alternate Protocol', 'CookieYes', 'EmbedPress', 'Font Awesome', 'GZIP Module', 'Google Analytics', 'Google Cloud DNS', 'Google Font API', 'Google My Business', 'Google Tag Manager', 'Microdata for Google Shopping', 'Nginx', 'PHP', 'Perl', 'Tailwind CSS', 'Theme In WP', 'UTF-8', 'WordPress', 'WordPress Multisite', 'jQuery']"
activateintelligence.co.uk,Home - Activate Intelligence,Activate Intelligence,GBR,87,8320,2026-09-10T22:00:11.16742318Z,"['Alternate Protocol', 'Apture Linking Platform', 'Automattic', 'CookieYes', 'EmbedPress', 'Google Analytics', 'Google Cloud DNS', 'Google Font API', 'Google Tag Manager', 'Gutenberg', 'Jetpack', 'Jetpack Site Accelerator', 'Kitco', 'LinkedIn Insights', 'LinkedIn Pixel', 'Microdata for Google Shopping', 'Nginx', 'Oracle Cloud', 'QUIC', 'Site Kit', 'UTF-8', 'WordPress', 'WordPress Multisite', 'WordPress Related Posts', 'WordPress Stats', 'jQuery']"
emarketcity.lt,Pagrindinis - e-market city,e-market city,LTU,65,3678,2026-09-10T21:53:09.659977755Z,"['Akismet', 'Alternate Protocol', 'Apache', 'Contact Form Plugin', 'CookieYes', 'Elementor', 'EmbedPress', 'Essential Addons for Elementor', 'Facebook Conversion Tracking', 'Facebook Login', 'Facebook Messenger Platform', 'Facebook Pixel', 'Facebook Reseller', 'Facebook Tag API', 'FreeCSSTemplates', 'GZIP Module', 'Google', 'Google Analytics', 'Google Cloud CDN', 'Google Cloud DNS', 'Google Font API', 'Google Tag Manager', 'IcoMoon', 'Microdata for Google Shopping', 'Neve', 'PHP', 'Sticky Header Effects for Elementor', 'TablePress', 'Theme In WP', 'UTF-8', 'WordPress', 'WordPress Multisite', 'jQuery']"
moraviayachting.mc,Superyacht Brokerage | Monaco Yacht Brokerage,,MCO,77,16419,2026-09-10T21:43:23.487830041Z,"['Alternate Protocol', 'Apache', 'CookieYes', 'EmbedPress', 'Essential Addons for Elementor', 'Essential Blocks for Gutenberg', 'Facebook Reseller', 'Fastly', 'Google', 'Google Analytics', 'Google My Business', 'Google Tag Manager', 'Gravity', 'Gravity Forms', 'HubSpot WordPress Plugin', 'Instagram Follow Button', 'LiteSpeed', 'Microdata for Google Shopping', 'PHP', 'Premium Addons for Elementor', 'QUIC', 'Site Kit', 'Tailwind CSS', 'Theme In WP', 'UTF-8', 'Vimeo', 'WordPress', 'WordPress Multisite', 'jQuery', 'jsDelivr', 'reCAPTCHA']"
thelondonneurocognitiveclinic.co.uk,Private neuropsychological services in London,The London Neurocognitive Clinic,GBR,77,21471,2026-09-10T21:34:37.233749419Z,"['AWS WAF Challenge', 'Alternate Protocol', 'Apache', 'Apture Linking Platform', 'Clixtell', 'Contact Form Plugin', 'CookieYes', 'Elfsight', 'EmbedPress', 'Google Analytics', 'Google Cloud DNS', 'Google Font API', 'Google My Business', 'Google Related Website Sites', 'Google Tag Manager', 'IcoMoon', 'Microdata for Google Shopping', 'PHP', 'Sleeknote', 'Theme In WP', 'Tidio', 'Top 10', 'Twitter Ads', 'UTF-8', 'University or College', 'WPBakery', 'WordPress', 'WordPress Multisite', 'YouTube', 'jQuery', 'reCAPTCHA']"
ruuts.la,Captura carbono y transformalo en vida - Ruuts,Ruuts,ARG,75,22213,2026-09-10T21:28:31.422040655Z,"['Alternate Protocol', 'Apture Linking Platform', 'Astra Theme', 'Click to Chat for WhatsApp', 'Content Delivery Network', 'CookieYes', 'ElementUI', 'Elementor', 'EmbedPress', 'Facebook Conversion Tracking', 'Facebook Login', 'Facebook Messenger Platform', 'Facebook Pixel', 'Facebook Reseller', 'Facebook Tag API', 'Google Analytics', 'Google Tag Manager', 'Gtranslate for Wordpress', 'HubSpot Conversations', 'HubSpot WordPress Plugin', 'Hubspot', 'Instagram Follow Button', 'LiteSpeed', 'Medium', 'Microdata for Google Shopping', 'NFOrce Internet', 'PHP', 'Theme In WP', 'UTF-8', 'Woo Themes', 'WordPress', 'WordPress Multisite', 'WordPress Related Posts', 'YouTube', 'jQuery']"
livingcentralva.org,Home - Living Central Virginia,Living Central Virginia,,55,123,2026-09-10T20:49:28.720895669Z,"['Adobe Creative Cloud WebFonts', 'Alternate Protocol', 'Cloudflare', 'Content Delivery Network', 'CookieYes', 'Google Analytics', 'Google Cloud DNS', 'Google Font API', 'Google Tag Manager', 'Microdata for Google Shopping', 'PHP', 'Tailwind CSS', 'UTF-8', 'University or College', 'WordPress', 'WordPress Multisite', 'jQuery']"
trickyhat.com,"Tricky Hat Productions – Theatre making the invisible, visible.",Tricky Hat Productions,GBR,82,93363,2026-09-10T20:27:55.328948508Z,"['ActiveProspect', 'Alternate Protocol', 'Apture Linking Platform', 'CCSI', 'CheryFramework', 'Content Delivery Network', 'CookieYes', 'Cornerstone', 'EmbedPress', 'Fastly', 'GZIP Module', 'Google Analytics', 'Google Cloud DNS', 'Google Font API', 'Google Related Website Sites', 'Google Tag Manager', 'Instagram Follow Button', 'Microdata for Google Shopping', 'Nginx', 'PHP', 'RM Education', 'SMC', 'Slider Revolution', 'Termageddon', 'Thank You', 'Theme In WP', 'UTF-8', 'Woo Themes', 'WordPress', 'WordPress Multisite', 'jQuery']"
ediscoveryai.com,Data Intelligence & Legal Tech Solutions | eDiscovery AI,eDiscovery AI,,72,36923,2026-09-10T20:27:55.327115267Z,"['AI Log', 'AWS WAF Challenge', 'AdRoll', 'Alternate Protocol', 'Astra Theme', 'Content Delivery Network', 'CookieYes', 'EmbedPress', 'Express', 'Facebook Reseller', 'Fastly', 'Fireblade', 'GZIP Module', 'GenerateBlocks', 'Google', 'Google Analytics', 'Google Cloud DNS', 'Google Font API', 'Google My Business', 'Google Tag Manager', 'Instagram Follow Button', 'Microdata for Google Shopping', 'NFOrce Internet', 'PHP', 'Perl', 'QUIC', 'The Events Calendar', 'Theme In WP', 'UTF-8', 'Ultimate Addons for Gutenberg', 'WordPress', 'WordPress Multisite', 'WordPress Related Posts', 'YouTube', 'jQuery']"
riversidehealth.org,Homepage - St. Johns Riverside Hospital,St. Johns Riverside Hospital,CAN,85,20336,2026-09-10T20:23:22.530511661Z,"['AWS WAF Challenge', 'Alternate Protocol', 'BatCache', 'Cloudflare', 'Cloudflare CDN', 'Cloudflare Turnstile', 'Content Delivery Network', 'CookieYes', 'DAV', 'Elementor', 'EmbedPress', 'Fastly', 'GTranslate', 'Gambling Content', 'Givebutter', 'Google Analytics', 'Google Cloud DNS', 'Google Font API', 'Google My Business', 'Google Tag Manager', 'Instagram Follow Button', 'Jetpack', 'Microdata for Google Shopping', 'MonsterInsights', 'NFOrce Internet', 'Nginx', 'QUIC', 'Search and Filter Pro', 'Twenty Twenty-Three', 'Twitter Ads', 'UTF-8', 'Ultimate Addons for Gutenberg', 'Ultimate Blocks', 'Woo Themes', 'WooCommerce Checkout', 'WordPress', 'WordPress Multisite', 'WordPress Stats', 'YouTube', 'jQuery']"
georgian-antiques.com,"George Williams Antiques | Antique Furniture, Restoration Products, Online Restoration Courses",,AUS,70,4029,2026-09-10T20:23:22.51725962Z,"['Alternate Protocol', 'Bridge', 'Contact Form Plugin', 'CookieYes', 'Elementor', 'EmbedPress', 'Font Awesome', 'GZIP Module', 'Google Analytics', 'Google Cloud DNS', 'Google Font API', 'Google My Business', 'Google Tag Manager', 'MailChimp', 'Microdata for Google Shopping', 'NFOrce Internet', 'Nginx', 'PHP', 'Parallels Plesk Panel', 'Perl', 'Qi Addons For Elementor', 'Schema Plugin', 'Theme In WP', 'UTF-8', 'WPBakery', 'Woo Themes', 'WooCommerce', 'WooCommerce Checkout', 'WordPress', 'WordPress Multisite', 'eLand', 'jQuery', 'reCAPTCHA']"
ecoplanthire.ie,"Eco Plant Hire | Small Machines, Powerful Results",Eco Plant Hire,IRL,92,5056,2026-09-10T20:23:22.502966201Z,"['Alternate Protocol', 'ByteDance', 'Content Delivery Network', 'CookieYes', 'Divi', 'DoubleClick Bid Manager', 'Elegant Themes', 'EmbedPress', 'Facebook Conversion Tracking', 'Facebook Login', 'Facebook Messenger Platform', 'Facebook Pixel', 'Facebook Reseller', 'Facebook Tag API', 'GZIP Module', 'Google', 'Google Analytics', 'Google My Business', 'Google Related Website Sites', 'Google Tag Manager', 'Instagram Follow Button', 'Lazy Load for WordPress', 'LinkedIn Insights', 'LinkedIn Pixel', 'Max Mega Menu', 'Max Mega Menu Pro', 'Microdata for Google Shopping', 'Nginx', 'PHP', 'Theme In WP', 'TikTok Conversion Tracking Pixel', 'UTF-8', 'WP Rocket', 'Woo Themes', 'WooCommerce', 'WooCommerce Checkout', 'WordPress', 'WordPress Multisite', 'YouTube', 'eLand', 'jQuery', 'reCAPTCHA']"
personaltouchplacementservices.com,Personal Touch Placement Services - Santa Clarita,Personal Touch Placement Services,USA,77,22427,2026-09-10T20:15:09.219942274Z,"['Alternate Protocol', 'Azion', 'Contact Form Plugin', 'Content Delivery Network', 'CookieYes', 'DAV', 'Easy Pie Chart', 'Elementor', 'EmbedPress', 'Express', 'Fireblade', 'Google', 'Google Analytics', 'Google Cloud CDN', 'Google Cloud DNS', 'Google Font API', 'Google My Business', 'Google Tag Manager', 'IcoMoon', 'Instagram Follow Button', 'LiteSpeed', 'Microdata for Google Shopping', 'NFOrce Internet', 'Ntent', 'PHP', 'Qi Addons For Elementor', 'Site Kit', 'Slider Revolution', 'Tailwind CSS', 'The Events Calendar', 'Theme In WP', 'UTF-8', 'WordPress', 'WordPress Multisite', 'eLand', 'jQuery', 'reCAPTCHA']"
internity.gr,Internity Spaces Masterpiecers,Internity,GRC,72,1981,2026-09-10T20:02:58.089950125Z,"['Alternate Protocol', 'Content Delivery Network', 'CookieYes', 'Elementor', 'EmbedPress', 'GZIP Module', 'Google Analytics', 'Google Tag Manager', 'Hello Elementor', 'Instagram Follow Button', 'Microdata for Google Shopping', 'NFOrce Internet', 'Nginx', 'PHP', 'Site Kit', 'Theme In WP', 'UTF-8', 'WordPress', 'WordPress Multisite', 'jQuery']"
visitheerde.com,Doen - Visit Heerde,,NLD,72,3501,2026-09-10T19:52:42.067882422Z,"['Adobe Creative Cloud WebFonts', 'CookieYes', 'GZIP Module', 'Google', 'Google Analytics', 'Google Cloud DNS', 'Google Font API', 'Google Tag Manager', 'IcoMoon', 'Instagram Follow Button', 'Nginx', 'PHP', 'UTF-8']"
hellosweetheart.ca,Home - Hello Sweetheart,Hello Sweetheart,CAN,70,20403,2026-09-10T19:52:42.065994867Z,"['AWS WAF Challenge', 'Alternate Protocol', 'Apture Linking Platform', 'Automattic', 'Blocksy', 'Cloudflare', 'Cloudflare CDN', 'CookieYes', 'DAV', 'ElementUI', 'Elementor', 'EmbedPress', 'Facebook Conversion Tracking', 'Facebook Login', 'Facebook Messenger Platform', 'Facebook Pixel', 'Facebook Reseller', 'Facebook Tag API', 'FormSubmit', 'Google', 'Google Cloud DNS', 'Google Font API', 'Google My Business', 'Instagram Follow Button', 'Jetpack', 'Microdata for Google Shopping', 'NFOrce Internet', 'PHP', 'QUIC', 'Shipping Rates Calculator', 'Side Cart Woocommerce', 'Table Addons for Elementor', 'Theme In WP', 'UTF-8', 'Woo Themes', 'WooCommerce', 'WooCommerce Checkout', 'WordPress', 'WordPress Multisite', 'WordPress Stats', 'jQuery']"
animech.com,Animech | Advanced 3D Configurator for Digital Commerce,,SWE,87,6997,2026-09-10T19:52:42.065717519Z,"['Adult Content', 'Alternate Protocol', 'Cloudflare', 'Cloudflare CDN', 'Contact Form Plugin', 'Content Delivery Network', 'CookieYes', 'EmbedPress', 'Google Analytics', 'Google Cloud DNS', 'Google Font API', 'Google My Business', 'Google Related Website Sites', 'Google Tag Manager', 'IcoMoon', 'Kitco', 'Line2', 'Microdata for Google Shopping', 'Microsoft Clarity', 'Nectar Slide Plugin', 'PHP', 'Post Grid', 'QUIC', 'Salient', 'Site Kit', 'Sitelinks Search Box', 'Slider Revolution', 'Tailwind CSS', 'Theme In WP', 'UTF-8', 'WPBakery', 'WPML Multilingual', 'WordPress', 'WordPress Multisite', 'WordPress Related Posts', 'YouTube', 'jQuery']"
regenesis360.com,ReGenesis360 | SMART Personal Training in Pismo Beach,Regenesis360,,72,15984,2026-09-10T19:52:42.065461613Z,"['Alternate Protocol', 'Astra Theme', 'Cloudflare', 'Content Delivery Network', 'CookieYes', 'DuracellTomi Google Tag Manager for WordPress', 'EmbedPress', 'Express', 'Free Call', 'GenerateBlocks', 'GoDaddy', 'Google Analytics', 'Google Customer Reviews', 'Google Tag Manager', 'Instagram Follow Button', 'Microdata for Google Shopping', 'PHP', 'QUIC', 'Theme In WP', 'UTF-8', 'Ultimate Addons for Gutenberg', 'Unix', 'Wangsu', 'WordPress', 'WordPress Multisite', 'WordPress Related Posts', 'jQuery']"
vinissimo.co.uk,Vinissimo – Italian Wine Imports,,ITA,70,2252,2026-09-10T19:52:42.059105566Z,"['Alternate Protocol', 'Apache', 'Apture Linking Platform', 'CDN JS', 'Cloudflare', 'Cloudflare CDN', 'CookieYes', 'Elementor', 'EmbedPress', 'Express', 'GZIP Module', 'Google Maps', 'Google My Business', 'Hello Elementor', 'Instagram Follow Button', 'Line2', 'NFOrce Internet', 'PHP', 'Perl', 'QUIC', 'Theme In WP', 'UTF-8', 'WP Fastest Cache', 'Woo Themes', 'WooCommerce', 'WooCommerce Checkout', 'WordPress', 'WordPress Multisite', 'jQuery']"
entryspecialists.co.uk,Automation Specialists. | Entry Specialists Ltd | Aberdare,,,82,15560,2026-09-10T19:47:42.285285092Z,"['AWS WAF Challenge', 'Alternate Protocol', 'Apache', 'Better Lead Generation Services', 'CDN JS', 'CheryFramework', 'Cloudflare', 'Cloudflare CDN', 'Cloudflare Turnstile', 'Contact Form Plugin', 'CookieYes', 'Cornerstone', 'EmbedPress', 'Font Awesome', 'GZIP Module', 'Microdata for Google Shopping', 'PHP', 'Perl', 'Tailwind CSS', 'Theme In WP', 'UTF-8', 'W3 Total Cache', 'WPBakery', 'WordPress', 'WordPress Multisite', 'jQuery']"
mikrocementovastierka.sk,Renit - Pohľadový Betón pre moderné a štýlové priestory,,SVK,82,701,2026-09-10T19:24:23.451550815Z,"['CookieYes', 'Facebook Login', 'Facebook Messenger Platform', 'Facebook Pixel', 'Facebook Reseller', 'Google Analytics', 'Google My Business', 'Google Tag Manager', 'IcoMoon', 'Instagram Follow Button', 'OpenResty', 'Tailwind CSS', 'jsDelivr']"
cretanwaysrentals.com,"Rent a Car in Crete – Cretan Ways Rentals | Rethymno, Heraklion, Chania",,GRC,72,4074,2026-09-10T19:24:23.449018631Z,"['Alternate Protocol', 'Click to Chat for WhatsApp', 'Contact Form Plugin', 'CookieYes', 'EmbedPress', 'Ethy', 'Google Analytics', 'Google Cloud DNS', 'Google Font API', 'Google My Business', 'Google Tag Manager', 'Hotjar', 'Instagram Follow Button', 'Line2', 'Microdata for Google Shopping', 'Nectar Slide Plugin', 'PHP', 'QUIC', 'Salient', 'Sitelinks Search Box', 'Theme In WP', 'To Top', 'UTF-8', 'WPBakery', 'WordPress', 'WordPress Multisite', 'jQuery', 'reCAPTCHA']"
smart-designs.net,Sign writing and Vehicle graphics - Smart Designs Ltd,Smart Designs Ltd,GBR,77,4595,2026-09-10T19:24:23.439018354Z,"['Alternate Protocol', 'Astra Theme', 'CartFlows', 'CookieYes', 'Elementor', 'EmbedPress', 'GZIP Module', 'Google', 'Google Cloud CDN', 'Google Cloud DNS', 'Google Font API', 'Microdata for Google Shopping', 'Nginx', 'PHP', 'Parallels Plesk Panel', 'QUIC', 'StatCounter', 'Theme In WP', 'Twitter Ads', 'UTF-8', 'WPForms', 'Woo Themes', 'WooCommerce', 'WooCommerce Checkout', 'WordPress', 'WordPress Multisite', 'WordPress Related Posts', 'jQuery']"
uk-ilo.org,Home - UK Industrial Liaison Office,,,65,121944,2026-09-10T19:18:04.381566552Z,"['Accordion Blocks', 'Alternate Protocol', 'Amazon', 'Apache', 'CDN JS', 'Cloudflare', 'Cloudflare CDN', 'Contact Form Plugin', 'Content Square', 'Cookie Control', 'CookieYes', 'EmbedPress', 'Font Awesome', 'GZIP Module', 'Google', 'Google Analytics', 'Google Calendar', 'Google Cloud DNS', 'Google Font API', 'Google Maps', 'Google My Business', 'Google Recommendations AI', 'Google Tag Manager', 'Microdata for Google Shopping', 'PHP', 'Tailwind CSS', 'Theme In WP', 'UTF-8', 'WordPress', 'WordPress Multisite', 'YouTube', 'jQuery', 'reCAPTCHA']"
buttlanedentalsurgery.co.uk,Home - Butt Lane Dental,Butt Lane Dental,GBR,92,3367,2026-09-10T19:09:00.176588344Z,"['Alternate Protocol', 'CookieYes', 'Elementor', 'ElementsKit Elementor', 'EmbedPress', 'Essential Addons for Elementor', 'Essential Blocks for Gutenberg', 'Google Analytics', 'Google My Business', 'Google Tag Manager', 'Hello Elementor', 'Instagram Follow Button', 'Microdata for Google Shopping', 'NFOrce Internet', 'Nginx', 'PHP', 'QUIC', 'Sitelinks Search Box', 'Stripe', 'Theme In WP', 'UTF-8', 'WordPress', 'WordPress Multisite', 'jQuery', 'reCAPTCHA']"
pinkgreen.agency,Pink Green Design Agency,,GBR,72,22502,2026-09-10T19:03:26.273266632Z,"['AWS WAF Challenge', 'Alternate Protocol', 'Contact Form Plugin', 'CookieYes', 'EmbedPress', 'GZIP Module', 'Google Analytics', 'Google My Business', 'Google Related Website Sites', 'Google Tag Manager', 'Instagram Follow Button', 'Lead Forensics', 'Microdata for Google Shopping', 'Nginx', 'PHP', 'Page scroll to id', 'Parallels Plesk Panel', 'Theme In WP', 'UTF-8', 'WordPress', 'WordPress Multisite', 'jsDelivr', 'reCAPTCHA']"
consultnaturel.com,Homéopathe & Naturopathe Grand Montréal & Laurentides| Richard B.,Complēte Solution Homēo,CAN,82,21910,2026-09-10T18:36:22.109972333Z,"['AWS WAF Challenge', 'Alternate Protocol', 'Apture Linking Platform', 'Cloudflare', 'Content Delivery Network', 'CookieYes', 'Elementor', 'EmbedPress', 'Envoy', 'Google', 'Google Analytics', 'Google My Business', 'Google Tag Manager', 'Hello Elementor', 'Jeg Elementor Kit', 'Microdata for Google Shopping', 'NFOrce Internet', 'PHP', 'Theme In WP', 'To Top', 'UTF-8', 'WP Engine', 'WP Rocket', 'WordPress', 'WordPress Multisite', 'jQuery', 'reCAPTCHA']"
amsteldesigndistrict.com,Amstel Discovery District - Amstel Discovery District - ADD+,Amstel Discovery District - ADD+,FRA,87,116753,2026-09-10T18:33:01.341286495Z,"['Adobe Creative Cloud WebFonts', 'Alternate Protocol', 'Cloudflare', 'Content Delivery Network', 'CookieYes', 'DAV', 'Elementor', 'EmbedPress', 'Ethy', 'Express', 'Financial Services Guide', 'GoDaddy', 'Google Analytics', 'Google My Business', 'Google Tag Manager', 'Hello Elementor', 'Idaq', 'Instagram Follow Button', 'K2F', 'KVH', 'Microdata for Google Shopping', 'No-Q', 'PHP', 'Perl', 'SMC', 'Subversion', 'Table Addons for Elementor', 'Theme In WP', 'TranslatePress', 'UTF-8', 'Wangsu', 'WordPress', 'WordPress Multisite', 'YouTube', 'jQuery', 'reCAPTCHA']"
gomboc-shop.com,Home - Gömböc Shop,Gömböc Shop,HUN,75,5333,2026-09-10T18:08:57.402072299Z,"['Alternate Protocol', 'CookieYes', 'DAV', 'Elementor', 'EmbedPress', 'GZIP Module', 'Google Analytics', 'Google My Business', 'Google Tag Manager', 'IcoMoon', 'Instagram Follow Button', 'Microdata for Google Shopping', 'NFOrce Internet', 'Nginx', 'PHP', 'Pico CSS', 'Royal Elementor Addons', 'The7', 'Theme In WP', 'Twitter Ads', 'UTF-8', 'University or College', 'Vimeo', 'WP Fastest Cache', 'WPML Multilingual', 'Woo Themes', 'WooCommerce', 'WooCommerce Checkout', 'WordPress', 'WordPress Multisite', 'hCaptcha', 'reCAPTCHA']"
cantansfieldandfocus.co.uk,Home - Cantan's Field & Focus - Dog Training Services In Petersfield,Cantan's Field & Focus,FLK,82,17439,2026-09-10T18:08:57.365530274Z,"['AWS WAF Challenge', 'Alternate Protocol', 'Apache', 'Coming Soon Page', 'CookieYes', 'DAV', 'EmbedPress', 'Font Awesome', 'Google Analytics', 'Google My Business', 'Google Tag Manager', 'IcoMoon', 'Microdata for Google Shopping', 'NFOrce Internet', 'PHP', 'Perl', 'QUIC', 'Simple Banner for Wordpress', 'ThemeFusion', 'UTF-8', 'WordPress', 'WordPress Multisite', 'jQuery']"
hallmarklights.com,Holiday Lights in Greater Buffalo & Rochester NY | Hallmark Lights,Hallmark Lights,USA,67,19878,2026-09-10T18:08:57.362211766Z,"['Alternate Protocol', 'Amazon WAF Blocked', 'Anti-spam for WordPress', 'Aruba', 'CleanTalk Spam Protect', 'Content Delivery Network', 'CookieYes', 'DAV', 'Easy Accordio', 'EmbedPress', 'Fastly', 'Fireblade', 'GZIP Module', 'Google Analytics', 'Google Cloud DNS', 'Google Font API', 'Google Related Website Sites', 'Google Tag Manager', 'Gravity', 'Gravity Forms', 'IcoMoon', 'Instagram Follow Button', 'Investor Relations', 'Jetpack', 'Max Mega Menu', 'Max Mega Menu Pro', 'Microdata for Google Shopping', 'PHP', 'Pagekit', 'QUIC', 'Smart Slider 3', 'Smush Image Optimization', 'Theme In WP', 'Twenty Twenty-Three', 'UTF-8', 'WPFront Scroll Top', 'WordPress', 'WordPress Multisite', 'WordPress Stats', 'eLand', 'jQuery']"
drinkaholics.ro,Home - NG Media,NG Media,,62,3393,2026-09-10T18:00:56.829298937Z,"['Alternate Protocol', 'Apache', 'CookieYes', 'Elementor', 'EmbedPress', 'Google Analytics', 'Google Related Website Sites', 'Google Tag Manager', 'Hello Elementor', 'Instagram Follow Button', 'Line2', 'LiteSpeed', 'Microdata for Google Shopping', 'NFOrce Internet', 'QUIC', 'QUIC.cloud', 'UTF-8', 'WordPress', 'WordPress Multisite']"
teaha.ro,Home | Teaha Management Consulting,,ROU,70,15719,2026-09-10T17:39:50.813787935Z,"['Alternate Protocol', 'Apache', 'CookieYes', 'Elementor', 'EmbedPress', 'Fireblade', 'Google Analytics', 'Google Cloud DNS', 'Google Font API', 'Google Tag Manager', 'PHP', 'Polylang', 'Theme In WP', 'UTF-8', 'Woo Themes', 'WooCommerce Checkout', 'WordPress', 'WordPress Multisite', 'jQuery']"
openpagelearning.com,"CISI Accredited Training in Jersey, C.I. | Open Page Learning",Open Page Learning,GBR,77,5857,2026-09-10T17:31:49.296301685Z,"['Alternate Protocol', 'Apache', 'CDN JS', 'Cloudflare', 'Cloudflare CDN', 'CookieYes', 'Elementor', 'EmbedPress', 'GZIP Module', 'Google', 'Google Analytics', 'Google Analytics Dashboard for WordPress', 'Google Cloud DNS', 'Google Font API', 'Google My Business', 'Google Tag Manager', 'Hello Elementor', 'Microdata for Google Shopping', 'NFOrce Internet', 'PHP', 'Page scroll to id', 'Pagekit', 'Smush Image Optimization', 'Table Addons for Elementor', 'Theme In WP', 'UTF-8', 'University or College', 'WordPress', 'WordPress Multisite', 'jQuery', 'reCAPTCHA']"
shinebrightlywellbeing.com,SHINE Brightly Well-Being |,,GBR,70,16818,2026-09-10T17:31:49.271308191Z,"['AWS WAF Challenge', 'Alternate Protocol', 'Coming Soon Page', 'Content Delivery Network', 'CookieYes', 'Divi', 'Elegant Themes', 'EmbedPress', 'Express', 'Google Cloud DNS', 'Google Font API', 'Instagram Follow Button', 'LiteSpeed', 'PHP', 'Theme In WP', 'UTF-8', 'Woo Themes', 'WordPress', 'WordPress Multisite', 'eLand', 'jQuery', 'reCAPTCHA']"
drgekasriwijayanti.com,Beranda | Drg. Luh Putu Eka Sriwijayanti,,IDN,92,21053,2026-09-10T16:55:37.322031321Z,"['Alternate Protocol', 'Blocksy', 'Bunny Fonts', 'Content Delivery Network', 'CookieYes', 'EmbedPress', 'Endis', 'Google Analytics', 'Google My Business', 'Google Tag Manager', 'Instagram Follow Button', 'Kitco', 'Line2', 'LiteSpeed', 'Microdata for Google Shopping', 'PHP', 'Perl', 'QUIC', 'QUIC.cloud', 'Sitelinks Search Box', 'UTF-8', 'WordPress', 'WordPress Multisite']"
grassroots-consulting.co.uk,Grassroots Consulting - Grassroots Consulting,Grassroots Consulting,GBR,75,17018,2026-09-10T16:37:41.045020014Z,"['1Password', 'AWS WAF Challenge', 'Alternate Protocol', 'Apache', 'CookieYes', 'EmbedPress', 'Google My Business', 'Gutenberg Blocks by Kadence Blocks', 'Kadence WP', 'Koko Analytics', 'Microdata for Google Shopping', 'OpenSSL', 'PHP', 'Post Grid', 'QUIC', 'Theme In WP', 'Twitter Ads', 'UTF-8', 'Unix', 'WordPress', 'WordPress Multisite', 'YouTube', 'reCAPTCHA']"
challengeschool.com.cy,"Challenge Children's Centre - Children's Educational Centre in Limassol, Cyprus",Challenge Children's Centre,CAN,92,19280,2026-09-10T16:30:27.702642214Z,"['AWS WAF Challenge', 'Alternate Protocol', 'Cloudflare', 'Cloudflare CDN', 'Cloudflare Turnstile', 'Column Shortcodes', 'Contact Form Plugin', 'Content Delivery Network', 'CookieYes', 'EmbedPress', 'Fontello', 'Google', 'Google Analytics', 'Google Cloud CDN', 'Google Cloud DNS', 'Google Font API', 'Google My Business', 'Google Tag Manager', 'Instagram Follow Button', 'LiteSpeed', 'Microdata for Google Shopping', 'MonsterInsights', 'PHP', 'Pico CSS', 'Polylang', 'QUIC', 'Slider Revolution', 'Theme In WP', 'UTF-8', 'WordPress', 'WordPress Multisite', 'jQuery', 'reCAPTCHA']"
enomaojo.com,"Welcome to Inquiry and Insight, where interdisciplinary research and storytelling drives growth | Enoma Ojo Inquiry and Insights",,,67,34287,2026-09-10T16:30:27.665404496Z,"['AWS WAF Challenge', 'Alternate Protocol', 'Apture Linking Platform', 'CookieYes', 'Express', 'Fireblade', 'Google', 'Google Adsense', 'Google Cloud DNS', 'Google Font API', 'Google Funding Choices', 'Google Matched Content', 'Google Reseller', 'Instagram Follow Button', 'Microdata for Google Shopping', 'NFOrce Internet', 'Perl', 'Pexels', 'Share Link', 'Thank You', 'Twitter Ads', 'Unsplash', 'YouTube', 'Zyro']"
aqua-nyc.com,Aqua New York | Italian & Japanese Restaurant in Flatiron,,USA,87,39802,2026-09-10T16:20:06.635748446Z,"['AWS WAF Challenge', 'Adobe Creative Cloud WebFonts', 'Alternate Protocol', 'CDN JS', 'Cloudflare', 'Cloudflare CDN', 'Contact Form Plugin', 'Content Delivery Network', 'CookieYes', 'EmbedPress', 'Fireblade', 'Google', 'Google Analytics', 'Google Cloud DNS', 'Google Font API', 'Google Related Website Sites', 'Google Tag Manager', 'Instagram Follow Button', 'Microdata for Google Shopping', 'PHP', 'Perl', 'QUIC', 'SEVENROOMS', 'Sitelinks Search Box', 'Tailwind CSS', 'Theme In WP', 'UTF-8', 'WordPress', 'WordPress Multisite', 'jQuery']"
quaero-capital.fr,QUAERO CAPITAL - Investing away from the crowds ¦¦ Asset Management,QUAERO CAPITAL,,57,156,2026-09-10T16:20:06.614462043Z,"['Alternate Protocol', 'Apache', 'CookieYes', 'EmbedPress', 'GZIP Module', 'Google Analytics', 'Google Related Website Sites', 'Google Tag Manager', 'IcoMoon', 'Microdata for Google Shopping', 'PHP', 'Polylang', 'Popup Maker for Wordpress', 'Theme In WP', 'UTF-8', 'WordPress', 'WordPress Multisite', 'eLand', 'jQuery']"
seandaviddeezyn.com,Web Designer - Sean David Deezyn,,GBR,77,19004,2026-09-10T16:10:04.239624657Z,"['AWS WAF Challenge', 'Alternate Protocol', 'Apache', 'Apture Linking Platform', 'CookieYes', 'DAV', 'Elementor', 'EmbedPress', 'GZIP Module', 'Google Analytics', 'Google Cloud DNS', 'Google Font API', 'Google My Business', 'Google Tag Manager', 'Instagram Follow Button', 'Jetpack', 'Microdata for Google Shopping', 'NFOrce Internet', 'PHP', 'Pagekit', 'Pipedrive', 'Schema Plugin', 'Sitelinks Search Box', 'Tailwind CSS', 'Theme In WP', 'UTF-8', 'Woo Themes', 'WordPress', 'WordPress Multisite', 'jQuery', 'reCAPTCHA']"
mptzamtrading.com,M.P.T. ZAM TRADING LTD - Beauty product and tool suppliers,M.P.T. ZAM TRADING LTD,CYP,82,5352,2026-09-10T16:02:06.132077047Z,"['Alternate Protocol', 'Content Delivery Network', 'CookieYes', 'Elementor', 'EmbedPress', 'Google', 'Google Analytics', 'Google Cloud DNS', 'Google Font API', 'Google My Business', 'Google Tag Manager', 'Line2', 'LiteSpeed', 'Microdata for Google Shopping', 'MonsterInsights', 'NFOrce Internet', 'PHP', 'QUIC', 'QUIC.cloud', 'Slider Revolution', 'UTF-8', 'WordPress', 'WordPress Multisite']"
peteaxford.com,"Pete Axford — Commercial Photographer | Food, Product & Lifestyle",Pete Axford • Professional Photographer,GBR,72,17992,2026-09-10T16:02:06.124698369Z,"['Alternate Protocol', 'Apture Linking Platform', 'Column Shortcodes', 'Content Delivery Network', 'CookieYes', 'DoubleDutch', 'Elementor', 'EmbedPress', 'Google Analytics', 'Google Cloud DNS', 'Google Font API', 'Google My Business', 'Google Tag Manager', 'Instagram Follow Button', 'Line2', 'LiteSpeed', 'Microdata for Google Shopping', 'MonsterInsights', 'NFOrce Internet', 'PHP', 'QUIC', 'QUIC.cloud', 'Twitter Ads', 'UTF-8', 'University or College', 'Woo Themes', 'WordPress', 'WordPress Multisite']"
digitaltrustcsp.com,Latest Home - Digital Trust CSP,Digital Trust CSP,,60,7602,2026-09-10T15:36:10.093917401Z,"['Alternate Protocol', 'Apache', 'CookieYes', 'Elementor', 'EmbedPress', 'Essential Addons for Elementor', 'Fireblade', 'GZIP Module', 'Google', 'Google Analytics', 'Google Cloud CDN', 'Google Cloud DNS', 'Google Font API', 'Google Tag Manager', 'Header, Footer and Blocks for Elementor', 'Hello Elementor', 'Microdata for Google Shopping', 'PHP', 'Premium Addons for Elementor', 'QUIC', 'Slider Revolution', 'Theme In WP', 'UTF-8', 'WordPress', 'WordPress Multisite', 'jQuery']"
casa-mediterraneo.com,Casa Mediterráneo | Institución pública para el conocimiento mutuo entre España los países mediterráneos – Casa Mediterráneo | Institución pública para el conocimiento mutuo entre España los países mediterráneos,,,62,17264,2026-09-10T15:28:38.200072091Z,"['Alternate Protocol', 'Content Delivery Network', 'CookieYes', 'Elementor', 'EmbedPress', 'EventOn', 'Fireblade', 'Font Awesome', 'GZIP Module', 'Google Analytics', 'Google Cloud DNS', 'Google Font API', 'Google Maps', 'Google Tag Manager', 'Instagram Follow Button', 'NFOrce Internet', 'Nginx', 'PHP', 'Polylang', 'Theme In WP', 'Twitter Ads', 'UTF-8', 'WP Super Cache', 'WordPress', 'WordPress Multisite', 'YouTube', 'eLand', 'jQuery']"
firstivf.com,Best IVF in Abu Dhabi | IVF Success | IVF Fertility Clinic | IVF Hospital,First IVF & Day Surgery Centre,,67,16892,2026-09-10T14:54:54.357536893Z,"['AWS WAF Challenge', 'Alternate Protocol', 'Bulma', 'Contact Form Plugin', 'CookieYes', 'EmbedPress', 'Express', 'Font Awesome', 'GZIP Module', 'Google Analytics', 'Google My Business', 'Google Related Website Sites', 'Google Tag Manager', 'Instagram Feed for WordPress', 'Instagram Follow Button', 'Line2', 'Metricool', 'Microdata for Google Shopping', 'Nginx', 'PHP', 'Tailwind CSS', 'Theme In WP', 'UTF-8', 'WordPress', 'WordPress Multisite', 'jQuery']"
autorenowacja.pl,Renowacja aut zabytkowych | Autorenowacja,,,57,156,2026-09-10T14:54:54.33971675Z,"['CDN JS', 'Cloudflare', 'Cloudflare CDN', 'CookieYes', 'Fancybox for WordPress', 'GZIP Module', 'Google Analytics', 'Google Tag Manager', 'IcoMoon', 'Nginx', 'PWA']"
pinnacle1.com,Workforce Solutions Staffing Provider | Pinnacle Group,Pinnacle Group,USA,77,13816,2026-09-10T14:37:44.880486409Z,"['Alternate Protocol', 'Azure Edge', 'CheryFramework', 'Content Delivery Network', 'CookieYes', 'Cornerstone', 'EmbedPress', 'GZIP Module', 'Google Analytics', 'Google Cloud DNS', 'Google Font API', 'Google Related Website Sites', 'Google Tag Manager', 'Instagram Follow Button', 'Microdata for Google Shopping', 'Microsoft Application Insights', 'PHP', 'Share Link', 'Slider Revolution', 'Theme In WP', 'Twitter Ads', 'UTF-8', 'UberMenu', 'Vector Internet Services', 'W3 Total Cache', 'WPForms', 'Woo Themes', 'WordPress', 'WordPress Multisite', 'YouTube', 'accessiBe', 'jQuery']"
theblueangle.com,BlueAngle | IT MSP & Finance BPO Services for Global Businesses,,USA,77,34412,2026-09-10T13:52:07.1604477Z,"['AWS WAF Challenge', 'Alternate Protocol', 'Content Delivery Network', 'CookieYes', 'EmbedPress', 'Fastly', 'Fireblade', 'GZIP Module', 'Google Analytics', 'Google Maps', 'Google My Business', 'Google Tag Manager', 'Microdata for Google Shopping', 'PHP', 'Theme In WP', 'UTF-8', 'Vimeo', 'WordPress', 'accessiBe', 'jQuery']"
bluevos.com,"bluevos – modern websites, fair pricing",,,60,285,2026-09-10T13:35:34.809898545Z,"['Alternate Protocol', 'Content Delivery Network', 'CookieYes', 'EmbedPress', 'Google Analytics', 'Google Tag Manager', 'Instagram Follow Button', 'Line2', 'LiteSpeed', 'QUIC', 'QUIC.cloud', 'UTF-8', 'WordPress', 'WordPress Multisite', 'YouTube']"
aroominthegarden.co.uk,Bespoke Garden Rooms & Annexes Built Across Sussex And UK,A Room in the Garden Ltd,GBR,77,25083,2026-09-10T13:27:55.05985601Z,"['AWS WAF Challenge', 'Alternate Protocol', 'Better Lead Generation Services', 'CookieYes', 'EmbedPress', 'Facebook Conversion Tracking', 'Facebook Login', 'Facebook Messenger Platform', 'Facebook Pixel', 'Facebook Reseller', 'Facebook Tag API', 'Font Awesome', 'FormSubmit', 'Google Analytics', 'Google Customer Reviews', 'Google My Business', 'Google Related Website Sites', 'Google Tag Manager', 'Gravity Forms', 'HandL UTM Grabber', 'Instagram Feed for WordPress', 'Instagram Follow Button', 'Investor Relations', 'Kitco', 'Microdata for Google Shopping', 'Mouseflow', 'Ntent', 'PHP', 'Perl', 'Pipedrive', 'Seflow Italy', 'Site Kit', 'Sitelinks Search Box', 'ThemeFusion', 'TrustIndex', 'UTF-8', 'WordPress', 'WordPress Multisite', 'YouTube', 'jQuery', 'jsDelivr']"
usabih.org,Home - United Strategic Alliance for Bosnia and Herzegovina,United Strategic Alliance for Bosnia and Herzegovina,USA,82,3320,2026-09-10T13:27:55.05734685Z,"['Alternate Protocol', 'Content Delivery Network', 'CookieYes', 'Elementor', 'EmbedPress', 'Google', 'Google Analytics', 'Google Cloud CDN', 'Google Cloud DNS', 'Google Font API', 'Google Tag Manager', 'Hello Elementor', 'LiteSpeed', 'Microdata for Google Shopping', 'PHP', 'Site Kit', 'Theme In WP', 'Twitter Ads', 'UTF-8', 'WPForms', 'WordPress', 'WordPress Multisite', 'jQuery']"
axfoundation.org.mt,AX Foundation - AX Group,AX Group,MLT,75,45622,2026-09-10T13:13:24.658846277Z,"['AWS WAF Challenge', 'Alternate Protocol', 'CDN JS', 'Cloudflare', 'Cloudflare CDN', 'Column Shortcodes', 'Contento', 'CookieYes', 'ElementUI', 'EmbedPress', 'Facebook Conversion Tracking', 'Facebook Login', 'Facebook Messenger Platform', 'Facebook Pixel', 'Facebook Reseller', 'Facebook Tag API', 'GZIP Module', 'Google Analytics', 'Google Cloud DNS', 'Google Font API', 'Google Tag Manager', 'Gravity', 'InitiativeS', 'Instagram Follow Button', 'Investor Relations', 'Microdata for Google Shopping', 'Nginx', 'PHP', 'Parallels Plesk Panel', 'Perl', 'Theme In WP', 'UTF-8', 'Vector Internet Services', 'WordPress', 'WordPress Multisite', 'jQuery', 'jsDelivr']"
mndscotland.org.uk,MND Scotland | Making Time Count,MND Scotland,GBR,87,30124,2026-09-10T13:04:28.844869193Z,"['AWS WAF Challenge', 'Alibaba Cloud CDN', 'Alternate Protocol', 'Amazon WAF Blocked', 'Apture Linking Platform', 'Aruba', 'CookieYes', 'Elementor', 'Elementor Custom Skin', 'EmbedPress', 'GZIP Module', 'Google', 'Google Analytics', 'Google Cloud DNS', 'Google Font API', 'Google Maps', 'Google My Business', 'Google Tag Manager', 'Gravity', 'Gravity Forms', 'Hello Elementor', 'Instagram Follow Button', 'JetElements', 'JetWooBuilder', 'Kinsta', 'Lazy Load for WordPress', 'Line2', 'Microdata for Google Shopping', 'MonsterInsights', 'NFOrce Internet', 'Nginx', 'OoohBoi Steroids for Elementor', 'PHP', 'PayPal', 'Stripe', 'Table Addons for Elementor', 'Thank You', 'Twitter Ads', 'UTF-8', 'Ubuntu', 'Vector Internet Services', 'WP Rocket', 'Woo Themes', 'WooCommerce', 'WooCommerce Checkout', 'WooCommerce Pixel Manager by woopt', 'WordPress', 'WordPress Multisite', 'YouTube', 'accessiBe', 'eLand', 'reCAPTCHA']"
drluciandorobantu.ro,Chirurg cardiovascular Dr Lucian Dorobantu | Chirurg cardiovascular din Bucuresti - Chirurg cardiovascular Dr Lucian Dorobantu | Chirurg cardiovascular din Bucuresti,,FRA,87,5490,2026-09-10T12:56:02.640582823Z,"['Alternate Protocol', 'CDN JS', 'Cloudflare', 'Cloudflare CDN', 'Contact Form Plugin', 'CookieYes', 'Embed Any Document', 'EmbedPress', 'Font Awesome', 'Google Analytics', 'Google Cloud DNS', 'Google Font API', 'Google Maps', 'Google My Business', 'Google Tag Manager', 'Kitco', 'Microdata for Google Shopping', 'PHP', 'Site Kit', 'Sitelinks Search Box', 'Slider Revolution', 'Tailwind CSS', 'Theme In WP', 'UTF-8', 'University or College', 'WPFront Scroll Top', 'WordPress', 'WordPress Multisite', 'YouTube', 'jQuery']"
wilsonconsulting.ie,Wilson Consulting | Aviation Insurance Specialists,,IRL,70,16779,2026-09-10T12:56:02.590795071Z,"['AWS WAF Challenge', 'Alternate Protocol', 'Apache', 'CookieYes', 'Divi', 'Elegant Themes', 'EmbedPress', 'GZIP Module', 'Google Cloud DNS', 'Google Font API', 'Google My Business', 'Mermaid', 'PHP', 'Theme In WP', 'UTF-8', 'University or College', 'Woo Themes', 'WordPress', 'WordPress Multisite', 'eLand', 'jQuery', 'reCAPTCHA']"
pynteneset.no,Full versjon,,NOR,62,4661,2026-09-10T12:46:07.303813959Z,"['Adobe Creative Cloud WebFonts', 'Amazon', 'Amazon CloudFront', 'CDN JS', 'CloudFront', 'Cloudflare', 'Cloudflare CDN', 'Content Delivery Network', 'CookieYes', 'Facebook Conversion Tracking', 'Facebook Login', 'Facebook Messenger Platform', 'Facebook Pixel', 'Facebook Reseller', 'Facebook Tag API', 'GZIP Module', 'Google Analytics', 'Google My Business', 'Google Tag Manager', 'IcoMoon', 'Tailwind CSS', 'UTF-8', 'WF Cookie Consent', 'reCAPTCHA']"
lexingtonhousecarecenter.com,"Lexington House in Alexandria, LA",Lexington House Care Center,USA,87,21200,2026-09-10T12:29:44.746531056Z,"['Alternate Protocol', 'Ametys', 'Cloudflare', 'Cloudflare Bot Manager', 'Cloudflare CDN', 'Collapse-O-Matic', 'Content Delivery Network', 'CookieYes', 'EmbedPress', 'Fireblade', 'GitHub Hosting', 'Google Analytics', 'Google Cloud DNS', 'Google Font API', 'Google My Business', 'Google Related Website Sites', 'Google Tag Manager', 'Gravity', 'Gravity Forms', 'MapPress', 'Microdata for Google Shopping', 'PHP', 'Perl', 'Subversion', 'Theme In WP', 'Twitter Ads', 'UK Cookie Consent', 'UTF-8', 'University or College', 'Vimeo', 'WP Engine', 'WordPress', 'WordPress Multisite', 'jQuery', 'reCAPTCHA']"
imer.net,About Us - iMER,iMER,DEU,87,5156,2026-09-10T12:21:10.307556189Z,"['Alternate Protocol', 'Astra Theme', 'CookieYes', 'Elementor', 'EmbedPress', 'Exclusive Addons for Elementor', 'GZIP Module', 'Google', 'Google Analytics', 'Google Cloud DNS', 'Google Font API', 'Google Tag Manager', 'Instagram Follow Button', 'Microdata for Google Shopping', 'NFOrce Internet', 'Neighborhoods', 'Nginx', 'PHP', 'Parallels Plesk Panel', 'Popup Maker for Wordpress', 'Slider Revolution', 'Theme In WP', 'UTF-8', 'University or College', 'Woo Themes', 'WordPress', 'WordPress Multisite', 'WordPress Related Posts', 'YouTube', 'jQuery']"
topsunsolar.nl,Top Sun Solar – Zonnepanelen voor u!,,NLD,70,3120,2026-09-10T12:21:10.302043663Z,"['Alternate Protocol', 'Apache', 'CookieYes', 'Elementor', 'EmbedPress', 'Formidable Pro Form', 'GZIP Module', 'Google', 'Google Analytics', 'Google Cloud CDN', 'Google Cloud DNS', 'Google Font API', 'Google Maps', 'Google My Business', 'Google Tag Manager', 'Header, Footer and Blocks for Elementor', 'Hello Elementor', 'Ntent', 'PHP', 'Theme In WP', 'UTF-8', 'WordPress', 'WordPress Multisite', 'jQuery']"
sila.ie,Bridging Finance and Recruitment with Expertise | Sila Consulting,,IRL,82,16492,2026-09-10T12:21:10.29910175Z,"['AWS WAF Challenge', 'Alternate Protocol', 'Apache', 'Calendly', 'Column Shortcodes', 'Content Delivery Network', 'CookieYes', 'Elementor', 'EmbedPress', 'GZIP Module', 'Google Cloud DNS', 'Google Font API', 'Google Related Website Sites', 'Kriesi.at', 'Microdata for Google Shopping', 'PHP', 'UTF-8', 'WordPress', 'WordPress Multisite', 'eLand']"
obijimmy.jp,Silk Camera Strap | Vintage Japanese braids and new weaves.,Rafał Burczyński,JPN,77,83449,2026-09-10T12:14:03.609348874Z,"['Adobe Creative Cloud WebFonts', 'Aruba', 'CookieYes', 'Express', 'Facebook Conversion Tracking', 'Facebook Login', 'Facebook Messenger Platform', 'Facebook Pixel', 'Facebook Reseller', 'Facebook Tag API', 'FormSubmit', 'GZIP Module', 'Google Analytics', 'Google Related Website Sites', 'Google Tag Manager', 'IcoMoon', 'Instagram Follow Button', 'Line2', 'Magento Enterprise', 'Metricool', 'Microdata for Google Shopping', 'Newsletter for Wordpress', 'Pinterest Conversion Tracking', 'QUIC', 'SiteW', 'Squarespace', 'UTF-8', 'Vector Internet Services', 'WordPress SEO Structured Data Schema Plugin', 'eLand']"
abitusestate.com,Home - abitusestate.com,abitusestate.com,DEU,92,3787,2026-09-10T11:57:53.682700515Z,"['501c3 Status Nonprofit', 'Alternate Protocol', 'Contact Form Plugin', 'Content Delivery Network', 'CookieYes', 'ElementUI', 'Elementor', 'EmbedPress', 'Font Awesome', 'Google', 'Google Analytics', 'Google Cloud CDN', 'Google Cloud DNS', 'Google Font API', 'Google Maps', 'Google My Business', 'Google Tag Manager', 'LiteSpeed', 'Microdata for Google Shopping', 'MonsterInsights', 'Newsletter for Wordpress', 'PHP', 'QUIC', 'Real Homes', 'Sitelinks Search Box', 'Theme In WP', 'UTF-8', 'WPForms', 'WordPress', 'WordPress Multisite', 'jQuery']"
suricatasafaris.com,Best Tanzania Safaris Operator | Book your Safari with Suricata Safaris,Suricata Safaris,USA,92,4269,2026-09-10T11:42:28.155772381Z,"['AJAX Libraries API', 'Apture Linking Platform', 'Content Delivery Network', 'CookieYes', 'Elementor', 'EmbedPress', 'GZIP Module', 'Google Analytics', 'Google Cloud DNS', 'Google My Business', 'Google Related Website Sites', 'Google Tag Manager', 'Hello Elementor', 'Instagram Follow Button', 'MailOptin for Wordpress', 'Microdata for Google Shopping', 'NFOrce Internet', 'Nginx', 'PHP', 'Table Addons for Elementor', 'Theme In WP', 'UTF-8', 'W3 Total Cache', 'WordPress', 'WordPress Multisite', 'YouTube', 'jQuery', 'reCAPTCHA']"
calais-dover.com,"Dover to Calais Ferry | Times, Prices & Operators Compared",Calais-Dover.com,GBR,77,3013,2026-09-10T11:35:49.974731726Z,"['Alternate Protocol', 'Astra Theme', 'CookieYes', 'DAV', 'Elementor', 'EmbedPress', 'GZIP Module', 'Google Analytics', 'Google Cloud DNS', 'Google Font API', 'Google Related Website Sites', 'Google Tag Manager', 'Header, Footer and Blocks for Elementor', 'Microdata for Google Shopping', 'NFOrce Internet', 'Nginx', 'PHP', 'QUIC', 'Theme In WP', 'UTF-8', 'WPML Multilingual', 'Woo Themes', 'WordPress', 'WordPress Multisite', 'WordPress Related Posts', 'jQuery']"
ardentone.com,ArdentOne |,,CAN,65,3279,2026-09-10T11:28:44.228411312Z,"['Alternate Protocol', 'CookieYes', 'Divi', 'Elegant Themes', 'EmbedPress', 'Financial Industry Regulatory Authority', 'Google', 'Google Analytics', 'Google Cloud CDN', 'Google Cloud DNS', 'Google Font API', 'Google Tag Manager', 'Nginx', 'PHP', 'Parallels Plesk Panel', 'Theme In WP', 'UTF-8', 'WP Super Cache', 'Woo Themes', 'WordPress', 'WordPress Multisite', 'jQuery']"
it4int.com,Dedicated Servers - VPS - Cloud VPS Hosting - iT4iNT SERVER,iT4iNT SERVER,SGP,77,19578,2026-09-10T11:22:21.190305928Z,"['Accordion Blocks', 'Alternate Protocol', 'Apache', 'Contact Form Plugin', 'CookieYes', 'EmbedPress', 'Fireblade', 'GZIP Module', 'Google Analytics', 'Google Cloud DNS', 'Google Font API', 'Google Related Website Sites', 'Google Tag Manager', 'Gutenberg Blocks by Kadence Blocks', 'IcoMoon', 'Instagram Follow Button', 'Kadence WP', 'Microdata for Google Shopping', 'PHP', 'Parallels Plesk Panel', 'QUIC', 'Site Kit', 'Slide Anything', 'Tawk', 'Theme In WP', 'UTF-8', 'WordPress', 'WordPress Multisite', 'Yandex Hosting', 'YouTube', 'jQuery']"
nukigacommunity.com,NUKIGA - an Arctic community,Nukiga,DNK,80,6267,2026-09-10T11:16:23.705487265Z,"['Alternate Protocol', 'Apache', 'Community', 'CookieYes', 'Divi', 'Elegant Themes', 'EmbedPress', 'Essential Grid', 'Facebook Conversion Tracking', 'Facebook Login', 'Facebook Messenger Platform', 'Facebook Pixel', 'Facebook Reseller', 'Facebook Tag API', 'Fontello', 'GZIP Module', 'Google', 'Google Analytics', 'Google Cloud CDN', 'Google Cloud DNS', 'Google Font API', 'Google Tag Manager', 'LinkedIn Insights', 'LinkedIn Pixel', 'Microdata for Google Shopping', 'PHP', 'Perl', 'PixelYourSite', 'Theme In WP', 'UTF-8', 'Woo Themes', 'WooCommerce', 'WooCommerce Checkout', 'WordPress', 'WordPress Multisite', 'eLand', 'jQuery']"
radiochill.net,RadioChill – Just Chill,,USA,65,2861,2026-09-10T11:04:31.190549864Z,"['Alternate Protocol', 'Amazon', 'Contact Form Plugin', 'CookieYes', 'EmbedPress', 'Express', 'Google Cloud DNS', 'Google Font API', 'Google Maps', 'Instagram Follow Button', 'PHP', 'Slider Revolution', 'Tawk', 'Theme In WP', 'UTF-8', 'WPBakery', 'Woo Themes', 'WooCommerce', 'WooCommerce Checkout', 'WordPress', 'WordPress Multisite', 'jQuery']"
pro-fruit.no,"The best fruit, berry & vegetable processing machinery solutions - ProFruit",,LTU,67,41881,2026-09-10T10:57:53.170493564Z,"['Alternate Protocol', 'Aruba', 'Cloudflare', 'Cloudflare CDN', 'Contact Form Plugin', 'Contento', 'CookieYes', 'EmbedPress', 'Facebook Conversion Tracking', 'Facebook Login', 'Facebook Messenger Platform', 'Facebook Pixel', 'Facebook Reseller', 'Facebook Tag API', 'Fireblade', 'Google Analytics', 'Google Cloud DNS', 'Google Font API', 'Google My Business', 'Google Tag Manager', 'Impreza', 'Instagram Follow Button', 'Material Design Icons', 'Microdata for Google Shopping', 'PHP', 'Theme In WP', 'UTF-8', 'WPBakery', 'Woo Themes', 'WooCommerce', 'WooCommerce Checkout', 'WordPress', 'WordPress Multisite', 'YouTube', 'eLand', 'jQuery', 'reCAPTCHA']"
signfit.ie,"Signfit Branding - Fleet Branding, Van Branding,Truck Branding, Signage",Signfit Branding,IRL,77,615,2026-09-10T10:57:53.154966892Z,"['Alternate Protocol', 'Ametys', 'Astra Theme', 'CookieYes', 'Elementor', 'EmbedPress', 'Google Analytics', 'Google Cloud DNS', 'Google Font API', 'Google Tag Manager', 'LiteSpeed', 'PHP', 'Perl', 'QUIC', 'Sitelinks Search Box', 'Table Addons for Elementor', 'Theme In WP', 'UTF-8', 'WordPress', 'WordPress Multisite', 'eLand', 'jQuery']"
sirbuandvornicu.com,Sirbu&Vornicu Law – Experienced lawyers with a personal approach,,ESP,80,47684,2026-09-10T10:43:09.924302563Z,"['AWS WAF Challenge', 'Alternate Protocol', 'Cloudflare', 'Contact Form Plugin', 'Content Delivery Network', 'CookieYes', 'Elementor', 'EmbedPress', 'Fireblade', 'GoDaddy', 'Google Cloud DNS', 'Google Font API', 'LiteSpeed', 'NFOrce Internet', 'PHP', 'Popup Builder', 'QUIC', 'Slider Revolution', 'Theme In WP', 'UTF-8', 'University or College', 'Wangsu', 'Woo Themes', 'WooCommerce', 'WooCommerce Checkout', 'WordPress', 'WordPress Multisite', 'jQuery']"
forestmanorcovington.com,"Forest Manor Nursing and Rehabilitation in Covington, LA",Forest Manor Nursing and Rehabilitation,USA,77,22325,2026-09-10T10:36:08.914088266Z,"['Alternate Protocol', 'Ametys', 'CallRail', 'Cloudflare', 'Cloudflare Bot Manager', 'Cloudflare CDN', 'Collapse-O-Matic', 'Content Delivery Network', 'CookieYes', 'EmbedPress', 'Fireblade', 'Font Awesome', 'GitHub Hosting', 'Google Analytics', 'Google Cloud DNS', 'Google Font API', 'Google My Business', 'Google Related Website Sites', 'Google Tag Manager', 'Gravity', 'Gravity Forms', 'MapPress', 'Microdata for Google Shopping', 'PHP', 'Perl', 'Subversion', 'Theme In WP', 'Twitter Ads', 'UK Cookie Consent', 'UTF-8', 'University or College', 'Vimeo', 'WP Engine', 'WordPress', 'WordPress Multisite', 'jQuery', 'reCAPTCHA']"
rumdamadeira.com,Madeira Rum,Madeira Rum,PRT,65,3090,2026-09-10T10:36:08.910677865Z,"['Alternate Protocol', 'Apache', 'CookieYes', 'Elementor', 'GZIP Module', 'Google', 'Google Analytics', 'Google Cloud CDN', 'Google Cloud DNS', 'Google Font API', 'Google My Business', 'Google Tag Manager', 'Instagram Follow Button', 'Microdata for Google Shopping', 'Polylang', 'UTF-8', 'W3 Total Cache', 'WordPress', 'YouTube']"
newjet.com,Private Jets - Sales and Charter,,MCO,82,106181,2026-09-10T10:14:14.552640494Z,"['AWS WAF Challenge', 'Alternate Protocol', 'Autoptimize', 'CCSI', 'CookieYes', 'EmbedPress', 'GZIP Module', 'Google Analytics', 'Google My Business', 'Google Tag Manager', 'Gravity', 'Gravity Forms', 'IPFS', 'Instagram Follow Button', 'KVH', 'Microdata for Google Shopping', 'MonsterInsights', 'Nginx', 'PHP', 'Parallels Plesk Panel', 'QUIC', 'SMC', 'Twitter Ads', 'UTF-8', 'WordPress', 'WordPress Multisite', 'jQuery']"
realfit.gr,Realfit – Βίωσε την εμπειρία του σώματός σου να κάνει κάτι που πάντα ήθελες.,,GRC,72,3430,2026-09-10T10:09:15.607130269Z,"['Alternate Protocol', 'App Store', 'CookieYes', 'EmbedPress', 'Fancybox for WordPress', 'Font Awesome', 'Google', 'Google Analytics', 'Google Cloud DNS', 'Google Font API', 'Google Maps', 'Google My Business', 'Google Play', 'Google Tag Manager', 'Instagram Follow Button', 'LiteSpeed', 'PHP', 'Polylang', 'QUIC', 'Site Kit', 'Tailwind CSS', 'Theme In WP', 'UTF-8', 'UserWay', 'WordPress', 'WordPress Multisite', 'jQuery']"
empresariascatolicas.com,Empresarias Católicas,,USA,82,34669,2026-09-10T10:09:15.606054328Z,"['Amazon', 'Amazon CloudFront', 'CloudFront', 'Cloudflare', 'Content Delivery Network', 'CookieYes', 'Facebook Conversion Tracking', 'Facebook Login', 'Facebook Messenger Platform', 'Facebook Pixel', 'Facebook Reseller', 'Facebook Tag API', 'Flow', 'GZIP Module', 'Google Analytics', 'Google Related Website Sites', 'Google Tag Manager', 'Hotjar', 'Instagram Follow Button', 'Microdata for Google Shopping', 'Microsoft Clarity', 'Tailwind CSS', 'UTF-8', 'WF Cookie Consent', 'Webflow', 'YouTube', 'eLand']"
learnfrenchwithbrigitte.com,Learn French Online with Native Speaker | One-on-One French Tutor,Learn French with Brigitte,USA,82,18423,2026-09-10T10:09:15.604491325Z,"['AJAX Libraries API', 'AWS WAF Challenge', 'Alternate Protocol', 'Apache', 'Cloudflare', 'Cloudflare CDN', 'Contact Form Plugin', 'CookieYes', 'EmbedPress', 'GZIP Module', 'Google', 'Google Analytics', 'Google Cloud DNS', 'Google Font API', 'Google My Business', 'Google Tag Manager', 'IcoMoon', 'Instagram Follow Button', 'Jetpack', 'Microdata for Google Shopping', 'PHP', 'PayPal', 'PayPal Adaptive Payments', 'PayPal Button', 'PayPal Form', 'QUIC', 'Tailwind CSS', 'Theme In WP', 'Twitter Ads', 'UTF-8', 'Woo Themes', 'WordPress', 'WordPress Multisite', 'jQuery', 'jsDelivr']"
kcpeoplesfund.org,Home - KCPF,KCPF,,70,4492,2026-09-10T09:16:35.105107055Z,"['Adult Content', 'Alternate Protocol', 'Automattic', 'Constant Contact', 'CookieYes', 'EmbedPress', 'Google', 'Google Cloud CDN', 'Gutenberg', 'Instagram Follow Button', 'Jetpack', 'Jetpack Site Accelerator', 'Microdata for Google Shopping', 'Nginx', 'PHP', 'Parcel', 'Theme In WP', 'TranslatePress', 'UTF-8', 'UserWay', 'WordPress', 'WordPress Stats']"
toolkitcentripe.com,Centripe | AI-Powered Growth Engine for Sales & Marketing,Centripe,VEN,77,97371,2026-09-10T09:16:35.08102805Z,"['Alternate Protocol', 'Amazon WAF Blocked', 'AnyChat', 'Apache', 'Apture Linking Platform', 'Astra Theme', 'CCSI', 'Cisco/Arrowpoint Content Service Switch', 'CookieYes', 'DAV', 'DoubleClick Bid Manager', 'Easy Table of Contents', 'Elementor', 'EmbedPress', 'Facebook Reseller', 'Financial Services Guide', 'FirstPromoter', 'GZIP Module', 'Google', 'Google Analytics', 'Google Cloud DNS', 'Google Font API', 'Google Matched Content', 'Google My Business', 'Google Reseller', 'Google Tag Manager', 'Hubspot', 'Instagram Follow Button', 'K2F', 'KVH', 'Lazy Load for WordPress', 'Max Mega Menu', 'Max Mega Menu Pro', 'Microdata for Google Shopping', 'NFOrce Internet', 'No-Q', 'Onyx Internet', 'PHP', 'QUIC', 'Sitelinks Search Box', 'Subversion', 'Table Addons for Elementor', 'Twitter Ads', 'UTF-8', 'Vimeo', 'WP Rocket', 'WordPress', 'WordPress Multisite', 'YouTube', 'jsDelivr', 'reCAPTCHA']"
oantonin.com,Digital consultant - Olivia Antonin manage your web projects,Olivia Antonin,FRA,77,18312,2026-09-10T09:01:58.487574439Z,"['AWS WAF Challenge', 'Alternate Protocol', 'Apture Linking Platform', 'Astra Theme', 'CookieYes', 'DuracellTomi Google Tag Manager for WordPress', 'Elementor', 'EmbedPress', 'Essential Addons for Elementor', 'Essential Blocks for Gutenberg', 'Google', 'Google Cloud CDN', 'Google Cloud DNS', 'Google Font API', 'Instagram Follow Button', 'PHP', 'Polylang', 'QUIC', 'Sitelinks Search Box', 'Theme In WP', 'UTF-8', 'University or College', 'Woo Themes', 'WordPress', 'WordPress Multisite', 'WordPress Related Posts', 'jQuery']"
michellejurdtrust.org,Michelle Jurd Trust - Michelle Jurd Trust,Michelle Jurd Trust,,77,15761,2026-09-10T09:01:58.469178856Z,"['AWS WAF Challenge', 'Adobe Creative Cloud WebFonts', 'Alternate Protocol', 'Booking Affiliate', 'CookieYes', 'ElementUI', 'EmbedPress', 'Fancybox for WordPress', 'Google Analytics', 'Google Tag Manager', 'InitiativeS', 'Instagram Follow Button', 'LiteSpeed', 'Microdata for Google Shopping', 'PHP', 'Theme In WP', 'Twitter Ads', 'UTF-8', 'WP Rocket', 'WordPress', 'WordPress Multisite', 'YouTube', 'eLand', 'jQuery']"
paralleldataresearch.com,Parallel Data Research | Online Market Research Solutions | Survey scripting / data processing / coding / translation / tabulation / advanced quantitative analysis / data cleansing,,,67,5741,2026-09-10T08:41:30.08927809Z,"['Apache', 'CookieYes', 'GZIP Module', 'Google Analytics', 'Google Cloud DNS', 'Google Font API', 'Google My Business', 'IcoMoon', 'QUIC', 'Tailwind CSS', 'Twitter Ads', 'Vector Internet Services', 'jQuery']"
dermishellas.gr,Dermis Hellas - Hyaluronic dermal fillers and aesthetic medical devices,Dermis Hellas,GRC,92,2098,2026-09-10T08:32:38.525034375Z,"['Alternate Protocol', 'Contact Form Plugin', 'CookieYes', 'DAV', 'Dynamic Visibility for Elementor', 'Elementor', 'EmbedPress', 'GZIP Module', 'Google Analytics', 'Google Cloud DNS', 'Google Font API', 'Google My Business', 'Google Tag Manager', 'Header, Footer and Blocks for Elementor', 'Instagram Follow Button', 'Microdata for Google Shopping', 'Nginx', 'PHP', 'Popup Maker for Wordpress', 'QUIC', 'Smart Slider 3', 'Tailwind CSS', 'Theme In WP', 'UTF-8', 'Woo Themes', 'WooCommerce', 'WooCommerce Checkout', 'WordPress', 'WordPress Multisite', 'eLand', 'jQuery', 'reCAPTCHA']"
uvptechnicom.sk,UVP TECHNICOM - Technická univerzita v Košiciach,UVP TECHNICOM,ITA,77,49939,2026-09-10T08:25:42.247481723Z,"['Alternate Protocol', 'ArvanCloud', 'CCSI', 'CDN JS', 'Cloudflare', 'Cloudflare CDN', 'Contento', 'CookieYes', 'Divi', 'EWWW Image Optimizer', 'Elegant Themes', 'EmbedPress', 'FreeCSSTemplates', 'GZIP Module', 'Google', 'Google Analytics', 'Google Cloud CDN', 'Google Cloud DNS', 'Google Font API', 'Google Forms', 'Google My Business', 'Google Tag Manager', 'IcoMoon', 'Instagram Follow Button', 'Microdata for Google Shopping', 'MonsterInsights', 'Nginx', 'No-Q', 'PHP', 'Polylang', 'TablePress', 'The Events Calendar', 'Theme In WP', 'Twitter Ads', 'UTF-8', 'University or College', 'WP Fastest Cache', 'Woo Themes', 'WordPress', 'WordPress Multisite', 'YouTube', 'eLand', 'jsDelivr']"
diccionarioespanolyoruba.es,App Spanish Yorùba Dictionary,Diccionario Español Yorùbá,NGA,82,1414,2026-09-10T08:02:38.453151109Z,"['Alternate Protocol', 'App Store', 'CookieYes', 'DAV', 'EmbedPress', 'Express', 'Federal Deposit Insurance Corporation', 'Font Awesome', 'GZIP Module', 'Google My Business', 'Google Play', 'IcoMoon', 'Instagram Follow Button', 'LayerSlider Responsive', 'Microdata for Google Shopping', 'Nginx', 'Ninja Forms', 'PHP', 'Parallels Plesk Panel', 'Polylang', 'ThemeFusion', 'UTF-8', 'University or College', 'WordPress', 'WordPress Multisite', 'YouTube', 'jQuery']"
naviewaluminium.com,aluminium extrusion profilesAluminium Manufacturer | NA-VIEW,"Foshan Naview New Building Materials Co., Ltd.",CHN,92,15888,2026-09-10T07:47:33.319998766Z,"['Bulma', 'Cloudflare', 'Cloudflare CDN', 'Cloudflare Web Analytics', 'Contact Form Plugin', 'Content Delivery Network', 'CookieYes', 'Create React App', 'EmbedPress', 'Fireblade', 'Flatsome', 'IcoMoon', 'Microdata for Google Shopping', 'PHP', 'Pleroma', 'Tailwind CSS', 'Thank You', 'Theme In WP', 'UTF-8', 'WhatsApp Sharing', 'Woo Themes', 'WooCommerce', 'WooCommerce Checkout', 'WordPress', 'WordPress Multisite', 'jQuery']"
bluerecruitmentpersonnel.co.uk,Find your next job role | Blue Recruitment Personnel,,GBR,77,17060,2026-09-10T07:35:15.930637736Z,"['AWS WAF Challenge', 'Alternate Protocol', 'Coming Soon Page', 'CookieYes', 'Elementor', 'EmbedPress', 'Express', 'Google Analytics', 'Google Cloud DNS', 'Google Font API', 'Google Maps', 'Google Tag Manager', 'Instagram Follow Button', 'LiteSpeed', 'Microdata for Google Shopping', 'NFOrce Internet', 'PHP', 'Sitelinks Search Box', 'Tailwind CSS', 'Theme In WP', 'Twitter Ads', 'UTF-8', 'University or College', 'WordPress', 'WordPress Multisite', 'YouTube', 'jQuery']"
lilypad.co,Fintech CRM (formerly Lilypad) | Made for Beverage Sales Teams,"Financial Information Technologies, LLC",USA,82,124240,2026-09-10T07:27:46.194225181Z,"['AWS WAF Challenge', 'Alternate Protocol', 'Ametys', 'Apture Linking Platform', 'Bing Cashback', 'Cloudflare', 'Cloudflare Bot Manager', 'Cloudflare CDN', 'Content Delivery Network', 'Content Square', 'CookieYes', 'Criteo', 'Criteo Reseller', 'DAV', 'DoubleClick Bid Manager', 'Elementor', 'EmbedPress', 'Essential Addons for Elementor', 'Gambling Content', 'Google Analytics', 'Google My Business', 'Google Tag Manager', 'Heap', 'Hello Elementor', 'InitiativeS', 'Instagram Follow Button', 'Microdata for Google Shopping', 'Microsoft Clarity', 'NFOrce Internet', 'NitroPack', 'Twitter Ads', 'UK Cookie Consent', 'UTF-8', 'WP Engine', 'WordPress', 'WordPress Multisite', 'YouTube']"
streamlionconsulting.com,Home - Streamlion Consulting,,,82,5291,2026-09-10T07:20:45.697447701Z,"['Alternate Protocol', 'Calendly', 'Call to Visit', 'Content Delivery Network', 'CookieYes', 'Divi', 'Elegant Themes', 'EmbedPress', 'Google', 'Google Analytics', 'Google Cloud CDN', 'Google Cloud DNS', 'Google Font API', 'Google My Business', 'Google Related Website Sites', 'Google Tag Manager', 'Instagram Follow Button', 'LiteSpeed', 'Microdata for Google Shopping', 'MonsterInsights', 'PHP', 'Perl', 'QUIC', 'Theme In WP', 'UTF-8', 'Woo Themes', 'WordPress', 'WordPress Multisite', 'YouTube', 'jQuery']"
thesurfacademy.pt,The Surf Academy | Praia da Areia Branca,The Surf Academy,PRT,82,2790,2026-09-10T07:05:41.551545056Z,"['Alternate Protocol', 'Clockwork', 'Contact Form Plugin', 'CookieYes', 'Elementor', 'EmbedPress', 'Google Analytics', 'Google Maps', 'Google My Business', 'Google Tag Manager', 'Header, Footer and Blocks for Elementor', 'Hello Elementor', 'Instagram Follow Button', 'Microdata for Google Shopping', 'NFOrce Internet', 'Ntent', 'PHP', 'QUIC', 'Royal Elementor Addons', 'Theme In WP', 'TranslatePress', 'TrustIndex', 'UTF-8', 'WhatsApp Sharing', 'WordPress', 'WordPress Multisite', 'jQuery']"
voasw.org,Volunteers of America Southwest - Homepage,VOA Southwest,USA,77,52843,2026-09-10T07:05:41.547262814Z,"['501c3 Status Nonprofit', 'AWS WAF Challenge', 'Ajax Search Lite', 'Alternate Protocol', 'Amazon WAF Blocked', 'Ametys', 'Anti-spam for WordPress', 'Aruba', 'ArvanCloud', 'CleanTalk Spam Protect', 'Cloudflare', 'Cloudflare Bot Manager', 'Cloudflare CDN', 'Content Delivery Network', 'CookieYes', 'Custom Twitter Feeds', 'ElementUI', 'EmbedPress', 'Endis', 'Fireblade', 'Fundraise Up', 'Google', 'Google Analytics', 'Google Cloud DNS', 'Google Font API', 'Google Maps', 'Google Tag Manager', 'Gravity', 'Gravity Forms', 'Gtranslate for Wordpress', 'Instagram Feed for WordPress', 'Instagram Follow Button', 'Max Mega Menu', 'Microdata for Google Shopping', 'PHP', 'Perl', 'The Events Calendar', 'Theme In WP', 'Twitter Ads', 'UK Cookie Consent', 'UTF-8', 'University or College', 'WP Engine', 'WordPress', 'WordPress Multisite', 'YouTube', 'eLand', 'jQuery', 'jsDelivr', 'qTranslate']"
meister-fleiss.de,Über uns | Meister Fleiss | Denken Sie an die Zukunft!,MEISTER FLEISS,DEU,67,2872,2026-09-10T07:05:41.540466686Z,"['Alternate Protocol', 'Apache', 'CookieYes', 'DuracellTomi Google Tag Manager for WordPress', 'Elementor', 'GZIP Module', 'Google', 'Google Analytics', 'Google Cloud CDN', 'Google Cloud DNS', 'Google Font API', 'Google Tag Manager', 'Microdata for Google Shopping', 'PHP', 'UTF-8', 'WordPress', 'WordPress Multisite', 'jQuery']"
theironduke.co.uk,The Iron Duke in Stratfield Saye | Our much-loved village pub on The Wellington Estate,The Iron Duke,NZL,82,18081,2026-09-10T06:33:59.96912609Z,"['AWS WAF Challenge', 'Alternate Protocol', 'Apache', 'Cloudflare', 'Cloudflare CDN', 'Content Delivery Network', 'CookieYes', 'DuracellTomi Google Tag Manager for WordPress', 'EmbedPress', 'GZIP Module', 'Google', 'Google Analytics', 'Google My Business', 'Google Tag Manager', 'Instagram Follow Button', 'Microdata for Google Shopping', 'Microsoft Clarity', 'PHP', 'Sitelinks Search Box', 'Tailwind CSS', 'Theme In WP', 'UTF-8', 'WPForms', 'WordPress', 'WordPress Multisite', 'jQuery']"
flowerroom.co.uk,Award Winning Florists in Nottingham - The Flower Room,The Flower Room,GBR,82,7670,2026-09-10T06:33:59.961435847Z,"['Alternate Protocol', 'Bunny Fonts', 'Cisco/Arrowpoint Content Service Switch', 'CookieYes', 'Custom Facebook Feed', 'DAV', 'Divi', 'Elegant Themes', 'Elfsight', 'EmbedPress', 'Facebook CDN', 'Google Analytics', 'Google Cloud DNS', 'Google Font API', 'Google My Business', 'Google Tag Manager', 'Instagram Follow Button', 'Line2', 'LiteSpeed', 'Microdata for Google Shopping', 'PHP', 'Perl', 'QUIC', 'Thank You', 'Theme In WP', 'Twitter Ads', 'UTF-8', 'Vercel', 'Woo Themes', 'WooCommerce', 'WooCommerce Checkout', 'WordPress', 'WordPress Multisite', 'eLand', 'jQuery', 'reCAPTCHA']"
unwinedupnorthmn.com,"Unwined Up North | More Than Just a Bar | Grand Rapids, MN",,USA,77,5478,2026-09-10T06:17:11.718996472Z,"['Alternate Protocol', 'Apache', 'CookieYes', 'Elementor', 'ElementsKit Elementor', 'EmbedPress', 'Essential Addons for Elementor', 'GZIP Module', 'Google', 'Google Analytics', 'Google Cloud CDN', 'Google Cloud DNS', 'Google Font API', 'Google Tag Manager', 'Instagram Follow Button', 'Jupiter X Core', 'Microdata for Google Shopping', 'PHP', 'QUIC', 'Schema Plugin', 'Sitelinks Search Box', 'Theme In WP', 'Toast POS', 'UTF-8', 'WordPress', 'WordPress Multisite']"
wayspromotions.co.uk,"Ways Promotions | Outstanding events, unforgettable experiences",WAYS Promotions,GBR,92,5551,2026-09-10T06:11:49.681591032Z,"['AdRoll', 'Alternate Protocol', 'Amazon', 'Amazon S3 CDN', 'Apache', 'Contact Form Plugin', 'Content Delivery Network', 'CookieYes', 'DAV', 'EmbedPress', 'Facebook Conversion Tracking', 'Facebook Login', 'Facebook Messenger Platform', 'Facebook Pixel', 'Facebook Reseller', 'Facebook Tag API', 'GZIP Module', 'GenerateBlocks', 'GeneratePress Company', 'Google', 'Google Analytics', 'Google Cloud DNS', 'Google Font API', 'Google Tag Manager', 'Instagram Follow Button', 'Microdata for Google Shopping', 'PHP', 'QUIC', 'Sitelinks Search Box', 'Storyblocks', 'Theme In WP', 'Twitter Ads', 'UTF-8', 'WordPress', 'WordPress Multisite', 'YouTube', 'eLand']"
chapelonthehillag.com,Home - Chapel on the Hill,,,72,6694,2026-09-10T06:11:49.652012491Z,"['Ajax Search Lite', 'Alternate Protocol', 'Aruba', 'Church Center', 'Content Delivery Network', 'CookieYes', 'Custom Facebook Feed', 'DAV', 'Elementor', 'EmbedPress', 'Facebook CDN', 'Font Awesome', 'Google', 'Google Analytics', 'Google Cloud DNS', 'Google Font API', 'Google My Business', 'Google Tag Manager', 'Hello Elementor', 'LiteSpeed', 'Microdata for Google Shopping', 'NFOrce Internet', 'PHP', 'Premium Addons for Elementor', 'Site Kit', 'Sitelinks Search Box', 'Theme In WP', 'Twitter Ads', 'UTF-8', 'WordPress', 'WordPress Multisite', 'YouTube', 'eLand', 'jQuery']"
brightlink.org.uk,Brightlink Learning offers CILEX CPQ and SQE.,Brightlink Learning,GBR,82,8824,2026-09-10T05:54:29.172820192Z,"['Alternate Protocol', 'Apache', 'Aruba', 'Contact Form Plugin', 'CookieYes', 'EmbedPress', 'EventOn', 'Facebook Conversion Tracking', 'Facebook Login', 'Facebook Messenger Platform', 'Facebook Pixel', 'Facebook Reseller', 'Facebook Tag API', 'Giphy', 'Google Analytics', 'Google Analytics Dashboard for WordPress', 'Google Conversion Tracking', 'Google My Business', 'Google Play', 'Google Tag Manager', 'Instagram Follow Button', 'Microdata for Google Shopping', 'PHP', 'Perl', 'PixelYourSite', 'ScoreApp', 'SiteW', 'Theme In WP', 'Twitter Ads', 'UTF-8', 'Unix', 'Vector Internet Services', 'Vimeo CDN', 'WP Accessibility', 'WPBakery', 'Woo Themes', 'WooCommerce', 'WooCommerce Checkout', 'WordPress', 'WordPress Multisite', 'YouTube', 'eLand', 'jQuery', 'reCAPTCHA']"
innotechaviation.com,Execaire Aviation - Charter Airline Services - Private Jet Company in Canada,Execaire Aviation,GBR,92,25236,2026-09-10T05:54:29.155633518Z,"['AWS WAF Challenge', 'Adobe Creative Cloud WebFonts', 'Alternate Protocol', 'Amazon WAF Blocked', 'Apture Linking Platform', 'Aruba', 'Cloudflare', 'Content Delivery Network', 'CookieYes', 'EmbedPress', 'Facebook Conversion Tracking', 'Facebook Login', 'Facebook Messenger Platform', 'Facebook Pixel', 'Facebook Reseller', 'Facebook Tag API', 'Google Analytics', 'Google My Business', 'Google Related Website Sites', 'Google Tag Manager', 'Gravity', 'Gravity Forms', 'IcoMoon', 'Instagram Follow Button', 'MailChimp', 'Microdata for Google Shopping', 'MouseWheel Smooth Scroll', 'Newsletter for Wordpress', 'PHP', 'PixelYourSite', 'Tailwind CSS', 'Theme In WP', 'Twitter Ads', 'UTF-8', 'Vector Internet Services', 'WP Engine', 'WPML Multilingual', 'WordPress', 'WordPress Multisite', 'WordPress Related Posts', 'YouTube', 'eLand', 'jQuery', 'reCAPTCHA']"
168shoppingmall.com,168 Shopping Mall,,PHL,65,18310,2026-09-10T05:39:04.464902467Z,"['AWS WAF Challenge', 'Alternate Protocol', 'Apache', 'Cloudflare', 'Cloudflare CDN', 'CookieYes', 'EmbedPress', 'Express', 'GZIP Module', 'Google', 'Google Cloud DNS', 'Google Font API', 'Google My Business', 'Instagram Follow Button', 'LoftLoader', 'Max Mega Menu', 'Max Mega Menu Pro', 'MouseWheel Smooth Scroll', 'Page scroll to id', 'QUIC', 'Slider Revolution', 'ThemeFusion', 'UTF-8', 'Visual Composer Ultimate Addons', 'WPBakery', 'WPForms', 'WordPress', 'WordPress Multisite', 'eLand', 'jQuery']"
creativecoffins.co.uk,Eco-Friendly Personalised Cardboard Coffins | Cardboard Coffins,,CAN,87,50741,2026-09-10T05:33:39.509011158Z,"['AWS WAF Challenge', 'Adobe Creative Cloud WebFonts', 'Alternate Protocol', 'Cloudflare', 'Cloudflare CDN', 'Cloudflare Turnstile', 'Contact Form Plugin', 'Content Delivery Network', 'CookieYes', 'DAV', 'EmbedPress', 'Fireblade', 'Font Awesome', 'Google Analytics', 'Google Tag Manager', 'Landis Holdings', 'LiteSpeed', 'Microdata for Google Shopping', 'PHP', 'QUIC', 'Theme In WP', 'UTF-8', 'WordPress', 'WordPress Multisite', 'jQuery']"
shanymassotherapie.com,Cabinet de massothérapie à Québec |Shany Massothérapie,Shany Massothérapie,CAN,92,21781,2026-09-10T05:33:39.501482169Z,"['AWS WAF Challenge', 'Alternate Protocol', 'Amazon', 'Cloudflare', 'Content Delivery Network', 'CookieYes', 'Elementor', 'EmbedPress', 'Envoy', 'Google Analytics', 'Google My Business', 'Google Tag Manager', 'Hello Elementor', 'Instagram Follow Button', 'Microdata for Google Shopping', 'NFOrce Internet', 'PHP', 'Table Addons for Elementor', 'Theme In WP', 'To Top', 'UTF-8', 'WP Engine', 'WordPress', 'WordPress Multisite', 'jQuery', 'reCAPTCHA']"
vertisbuildings.co.uk,Your New Favourite Classroom | Vertis Buildings,,GBR,72,16848,2026-09-10T05:33:39.49129871Z,"['AWS WAF Challenge', 'Adobe Creative Cloud WebFonts', 'CDN JS', 'Cloudflare', 'Cloudflare CDN', 'CookieYes', 'Craft', 'FormSubmit', 'GZIP Module', 'Google Analytics', 'Google Tag Manager', 'Instagram Follow Button', 'LinkedIn Insights', 'LinkedIn Pixel', 'Microsoft Azure Blob Storage', 'Nginx', 'Pinterest Conversion Tracking', 'Tailwind CSS', 'UTF-8', 'shadcn ui']"
eudrugscreening.com,Reliable Drug Detection Solutions in Europe | European Drug Screening,,,77,2903,2026-09-10T05:16:10.531917492Z,"['Alternate Protocol', 'Content Delivery Network', 'CookieYes', 'Express', 'GTranslate', 'Google', 'Google Cloud DNS', 'Google Font API', 'Microdata for Google Shopping', 'Perl', 'Thank You', 'Zyro']"
fire360.co.uk,Fire Safety System Experts | Fire 360 Ltd | United Kingdom,,GBR,77,17174,2026-09-10T05:16:10.509890755Z,"['Alternate Protocol', 'Apache', 'CookieYes', 'DAV', 'Elementor', 'ElementsKit Elementor', 'EmbedPress', 'Fireblade', 'GZIP Module', 'Header, Footer and Blocks for Elementor', 'Hello Elementor', 'Metform Elemento', 'Microdata for Google Shopping', 'NFOrce Internet', 'PHP', 'QUIC', 'Sitelinks Search Box', 'Thank You', 'Theme In WP', 'WordPress', 'WordPress Multisite', 'jQuery']"
fergusflanagan.com,Magician for Hire | BAFTA award-winning | As seen on BBC ITV C4,Fergus Flanagan,GBR,92,2241,2026-09-10T04:56:52.635618087Z,"['Alternate Protocol', 'Animate It', 'Content Delivery Network', 'CookieYes', 'Elfsight', 'EmbedPress', 'Font Awesome', 'Formidable Pro Form', 'Google Analytics', 'Google Cloud DNS', 'Google Customer Reviews', 'Google Font API', 'Google Tag Manager', 'IcoMoon', 'Instagram Follow Button', 'Line2', 'LiteSpeed', 'Microdata for Google Shopping', 'Nectar Slide Plugin', 'QUIC', 'QUIC.cloud', 'Salient', 'UTF-8', 'WPBakery', 'WordPress', 'WordPress Multisite']"
arpalus.com,Arpalus - A New Vision for Retail,Arpalus,ISR,77,968,2026-09-10T04:48:25.21244937Z,"['Alternate Protocol', 'Apture Linking Platform', 'CDN JS', 'Cloudflare', 'Cloudflare CDN', 'Contact Form Plugin', 'Content Delivery Network', 'CookieYes', 'EmbedPress', 'Font Awesome', 'Google Analytics', 'Google Tag Manager', 'IcoMoon', 'Microdata for Google Shopping', 'PHP', 'Theme In WP', 'UTF-8', 'WP Rocket', 'WordPress', 'WordPress Multisite', 'YouTube', 'jQuery']"
pglassessmentandtraining.com,Learning Curve Group Exeter Skills Academy | Quality training across the South West of England,,GBR,82,38681,2026-09-10T04:48:25.199425128Z,"['AJAX Libraries API', 'Amazon', 'Apollo IO', 'Apture Linking Platform', 'Atlas Pickup Points', 'Bing Cashback', 'CookieYes', 'DoubleClick Bid Manager', 'ElementUI', 'Facebook Reseller', 'Fireblade', 'GZIP Module', 'GetSiteControl', 'Google', 'Google Analytics', 'Google Cloud DNS', 'Google Font API', 'Google My Business', 'Google Related Website Sites', 'Google Tag Manager', 'Hotjar', 'Instagram Follow Button', 'Klaviyo', 'Lead Forensics', 'Microsoft Azure', 'Microsoft Clarity', 'Ntent', 'OpenAI', 'Tailwind CSS', 'Trustpilot Reviews for WordPress', 'Twitter Ads', 'UTF-8', 'University or College', 'Vimeo', 'Vimeo CDN', 'YouTube', 'jsDelivr']"
osteocie.com,Clinique santé Boisbriand | Ostéopathie | Massothérapie | Ostéo & Cie,Ostéo &amp; Cie,CAN,77,19813,2026-09-10T04:30:48.159341801Z,"['AWS WAF Challenge', 'Alternate Protocol', 'Apture Linking Platform', 'Cloudflare', 'Content Delivery Network', 'CookieYes', 'Elementor', 'ElementsKit Elementor', 'EmbedPress', 'Genesis Blocks', 'Google Analytics', 'Google Tag Manager', 'Header, Footer and Blocks for Elementor', 'IcoMoon', 'Instagram Follow Button', 'Jeg Elementor Kit', 'Microdata for Google Shopping', 'NFOrce Internet', 'Ntent', 'PHP', 'Table Addons for Elementor', 'Theme In WP', 'To Top', 'TrustIndex', 'UTF-8', 'WP Engine', 'WP Rocket', 'WordPress', 'WordPress Multisite', 'jQuery']"
bmgpoland.com,Food Tours in Warsaw & Krakow with a Local Guide | Be My Guest,Be My Guest,GBR,77,19097,2026-09-10T04:30:48.123906339Z,"['AWS WAF Challenge', 'Amazon', 'Amazon CloudFront', 'CloudFront', 'Cloudflare', 'Content Delivery Network', 'CookieYes', 'GZIP Module', 'Google Analytics', 'Google Related Website Sites', 'Google Tag Manager', 'IcoMoon', 'Instagram Follow Button', 'Microdata for Google Shopping', 'QUIC', 'Tailwind CSS', 'UTF-8', 'WF Cookie Consent', 'Webflow', 'YouTube']"
4wayfoods.com,4way Foods Grocery Supermarket - British And World Foods,,USA,87,15975,2026-09-10T04:20:58.620060386Z,"['Alternate Protocol', 'Automattic', 'Cisco/Arrowpoint Content Service Switch', 'Content Delivery Network', 'CookieYes', 'CoreUI', 'Customer Reviews for WooCommerce', 'Elementor', 'EmbedPress', 'Facebook Conversion Tracking', 'Facebook Login', 'Facebook Messenger Platform', 'Facebook Pixel', 'Facebook Reseller', 'Facebook Tag API', 'Google Analytics', 'Google Cloud DNS', 'Google Font API', 'Google My Business', 'Google Related Website Sites', 'Google Tag Manager', 'Instagram Follow Button', 'Jetpack', 'Jetpack Site Accelerator', 'Kitco', 'MailPoet', 'Microdata for Google Shopping', 'NFOrce Internet', 'Nginx', 'Ntent', 'PHP', 'Parallels Plesk Panel', 'Pinterest Conversion Tracking', 'QUIC', 'Schema Plugin', 'Sign In With Google', 'Site Kit', 'Sitelinks Search Box', 'Slider Revolution', 'To Top', 'Triggered Messaging', 'UTF-8', 'Variation Swatches for WooCommerce', 'Woo Themes', 'WooCommerce', 'WooCommerce Checkout', 'WordPress', 'WordPress Multisite', 'WordPress Stats', 'Yahoo Finance Widget', 'YouTube', 'jQuery', 'reCAPTCHA', 'shadcn ui']"
eyecarevision.gr,eyecarevision | eyecarevision.gr | οφθαλμολογικο κεντρο | οφθαλμολογικο ιατρειο – οφθαλμολογικο κεντρο | Γλαύκωμα | Καταρράκτης | ΔΙΑΓΝΩΣΤΙΚΕΣ ΕΞΕΤΑΣΕΙΣ ΜΑΤΙΩΝ | ΧΕΙΡΟΥΡΓΙΚΕΣ ΕΠΕΜΒΑΣΕΙΣ ΟΦΘΑΛΜΩΝ | ΕΦΑΡΜΟΓΕΣ LASER ΣΤΑ ΜΑΤΙΑ,,,60,215,2026-09-10T04:20:58.605597651Z,"['Alternate Protocol', 'Contact Form Plugin', 'CookieYes', 'EmbedPress', 'Flatsome', 'Google Analytics', 'Google My Business', 'Google Tag Manager', 'IcoMoon', 'LiteSpeed', 'PHP', 'Tailwind CSS', 'Theme In WP', 'UTF-8', 'WP Super Cache', 'WordPress', 'WordPress Multisite', 'jQuery', 'reCAPTCHA']"
kimonsupport.co.uk,Outsourced Business Administration Services Managed By Kimon,Kimon Services,GBR,82,72392,2026-09-10T03:35:45.487005631Z,"['AWS WAF Challenge', 'Alternate Protocol', 'Apture Linking Platform', 'Better Lead Generation Services', 'Bitrix24', 'Calendly', 'CookieYes', 'Elementor', 'EmbedPress', 'Font Awesome', 'Fontello', 'FreeCSSTemplates', 'GZIP Module', 'Google', 'Google Analytics', 'Google Cloud DNS', 'Google Font API', 'Google My Business', 'Google Tag Manager', 'InitiativeS', 'Instagram Follow Button', 'Lazy Load for WordPress', 'LinkedIn Insights', 'LinkedIn Pixel', 'LiteSpeed', 'Microdata for Google Shopping', 'NFOrce Internet', 'PHP', 'Perl', 'Prime Slide for Elementor', 'QUIC', 'Qi Addons For Elementor', 'SMC', 'Sitelinks Search Box', 'TablePress', 'Theme In WP', 'Twitter Ads', 'UTF-8', 'WP Job Openings', 'WP Rocket', 'WordPress', 'WordPress Multisite', 'YouTube', 'eLand', 'jQuery']"
mmadvisors.ie,Expert Financial Planners and Advisors Ireland | MM Advisors,,IRL,82,55245,2026-09-10T03:27:06.535959534Z,"['AWS WAF Challenge', 'Alternate Protocol', 'ByteDance', 'CDN JS', 'Cloudflare', 'Cloudflare CDN', 'Content Delivery Network', 'CookieYes', 'DAV', 'Elementor', 'ElementsKit Elementor', 'EmbedPress', 'Essential Addons for Elementor', 'Facebook Conversion Tracking', 'Facebook Login', 'Facebook Messenger Platform', 'Facebook Pixel', 'Facebook Reseller', 'Facebook Tag API', 'Fireblade', 'Google', 'Google Analytics', 'Google Cloud DNS', 'Google Customer Reviews', 'Google Font API', 'Google My Business', 'Google Tag Manager', 'Gutenberg', 'Instagram Follow Button', 'KVH', 'LiteSpeed', 'Microdata for Google Shopping', 'Microsoft Clarity', 'NFOrce Internet', 'Ntent', 'PHP', 'QUIC', 'Subversion', 'The Events Calendar', 'Theme In WP', 'TikTok Conversion Tracking Pixel', 'To Top', 'TrustIndex', 'UTF-8', 'University or College', 'WordPress', 'WordPress Multisite', 'YouTube', 'eLand', 'jQuery']"
businesshive.net,Home - Business Hive,Business Hive,GBR,72,37802,2026-09-10T03:14:39.606431114Z,"['AWS WAF Challenge', 'Alternate Protocol', 'Amazon WAF Blocked', 'Aruba', 'BuddyBoss', 'CDN JS', 'Cloudflare', 'Cloudflare CDN', 'CookieYes', 'DAV', 'Elegant Themes', 'Elementor', 'EmbedPress', 'Essential Addons for Elementor', 'Facebook Conversion Tracking', 'Facebook Login', 'Facebook Messenger Platform', 'Facebook Pixel', 'Facebook Reseller', 'Facebook Tag API', 'Fireblade', 'GZIP Module', 'Google', 'Google Analytics', 'Google Cloud DNS', 'Google Font API', 'Google Maps', 'Google Related Website Sites', 'Google Tag Manager', 'Gravity', 'Gravity Forms', 'IcoMoon', 'LinkedIn Insights', 'LinkedIn Pixel', 'Microdata for Google Shopping', 'NFOrce Internet', 'PHP', 'Page scroll to id', 'QUIC', 'ScoreApp', 'SiteW', 'Sitelinks Search Box', 'The Events Calendar', 'Theme In WP', 'UTF-8', 'WordPress', 'WordPress Multisite', 'YouTube', 'eLand', 'jQuery']"
kaurtrade.ee,- Kaur Trade,,EST,77,9315,2026-09-10T03:06:28.635947656Z,"['Advanced Responsive Video Embedder', 'Advanced Woo Search', 'Alternate Protocol', 'Apache', 'Apture Linking Platform', 'Azure Edge', 'Contact Form Plugin', 'CookieYes', 'DAV', 'EmbedPress', 'GZIP Module', 'GenerateBlocks', 'Google', 'Google Analytics', 'Google Cloud DNS', 'Google Font API', 'Google My Business', 'Google Tag Manager', 'Lazy Load for WordPress', 'Microdata for Google Shopping', 'PHP', 'Pleroma', 'Theme In WP', 'UTF-8', 'Ultimate Addons for Gutenberg', 'WP Rocket', 'Woo Themes', 'WooCommerce', 'WooCommerce Checkout', 'WordPress', 'WordPress Multisite', 'jQuery', 'reCAPTCHA']"
alumbottle.com,CPI-China's Leading High-Quality Aluminum Bottle Manufacturer (CPI-China),CPI-China's Leading High-Quality Aluminum Bottle Manufacturer (CPI-China),CHN,82,32087,2026-09-10T02:47:50.1297494Z,"['AWS WAF Challenge', 'Alternate Protocol', 'Click to Chat for WhatsApp', 'CookieYes', 'DuracellTomi Google Tag Manager for WordPress', 'Elementor', 'ElementsKit Elementor', 'EmbedPress', 'Fireblade', 'Google Analytics', 'Google My Business', 'Google Tag Manager', 'Gtranslate for Wordpress', 'Hello Elementor', 'Microdata for Google Shopping', 'PHP', 'Pico CSS', 'QUIC', 'Table Addons for Elementor', 'Theme In WP', 'UTF-8', 'WordPress', 'WordPress Multisite', 'jQuery', 'reCAPTCHA']"
roomsignapp.com,Efficient Meeting Room Management Software | Room Sign App,Room Sign App,,72,5381,2026-09-10T02:47:50.12110806Z,"['Adult Content', 'Alternate Protocol', 'Amazon CloudFront', 'App Store', 'CookieYes', 'EmbedPress', 'Express', 'GZIP Module', 'Google Analytics', 'Google My Business', 'Google Play', 'Google Tag Manager', 'Kitco', 'License Buttons', 'Microdata for Google Shopping', 'Nginx', 'QUIC', 'Site Kit', 'UTF-8', 'W3 Total Cache', 'WordPress', 'WordPress Multisite']"
linnuliha.ee,Rannamõisa | Värsked inspireerivad retseptid | Rannamõisa,Rannamõisa,,50,5243,2026-09-10T02:38:37.41356116Z,"['Apache', 'CookieYes', 'EmbedPress', 'GZIP Module', 'Google Analytics', 'Google Cloud DNS', 'Google Maps', 'Google Tag Manager', 'Instagram Follow Button', 'M247', 'Microdata for Google Shopping', 'PHP', 'Sitelinks Search Box', 'StackPath', 'Subversion', 'Tailwind CSS', 'The SEO Framework', 'Theme In WP', 'UTF-8', 'WordPress', 'WordPress Multisite', 'YouTube', 'jQuery']"
ins-protect.co.uk,INS Protect,,GBR,65,17999,2026-09-10T02:29:39.304864655Z,"['Alternate Protocol', 'BlankSlate', 'CookieYes', 'Cornerstone', 'EmbedPress', 'Fireblade', 'FooBox', 'Google', 'Google Cloud DNS', 'Google Font API', 'Gravity', 'Gravity Forms', 'LiteSpeed', 'PHP', 'UTF-8', 'WordPress', 'WordPress Multisite', 'jQuery']"
irdrivertraining.com,Ian Roger Driver Training - Driving Lessons Aldershot,,,82,5207,2026-09-10T02:15:57.21985248Z,"['Alternate Protocol', 'CDN JS', 'Cloudflare', 'Cloudflare CDN', 'Content Delivery Network', 'CookieYes', 'Elementor', 'ElementsKit Elementor', 'EmbedPress', 'Facebook Customer Chat SDK', 'Facebook Login', 'Facebook Reseller', 'Google', 'Google Adsense', 'Google Analytics', 'Google Cloud CDN', 'Google Cloud DNS', 'Google Font API', 'Google Funding Choices', 'Google Maps', 'Google Matched Content', 'Google My Business', 'Google Reseller', 'Google Tag Manager', 'Header, Footer and Blocks for Elementor', 'Hello Elementor', 'IcoMoon', 'Instagram Follow Button', 'JetElements', 'LiteSpeed', 'LoftLoader', 'Microdata for Google Shopping', 'PHP', 'QUIC', 'Store Locator WordPress', 'Theme In WP', 'UTF-8', 'WPForms', 'Woo Themes', 'WordPress', 'WordPress Multisite', 'jQuery', 'reCAPTCHA']"
splinfusion.com,IV Solutions Manufacturer | SPL Infusion Pvt Ltd,SPL Infusion (Sanjivani Parenteral Ltd.),IND,92,3843,2026-09-10T02:05:22.023985129Z,"['Agoda', 'Alternate Protocol', 'Content Delivery Network', 'CookieYes', 'Corporate Governance and Regulatory Compliance', 'Elementor', 'EmbedPress', 'Google Analytics', 'Google Related Website Sites', 'Google Tag Manager', 'Hello Elementor', 'Line2', 'LiteSpeed', 'Microdata for Google Shopping', 'NFOrce Internet', 'PHP', 'QUIC', 'QUIC.cloud', 'Sitelinks Search Box', 'UTF-8', 'WordPress', 'WordPress Multisite', 'amCharts']"
aslproductions.com,Video Production Company NYC & Nationwide | ASL Productions,ASL Productions,USA,92,7479,2026-09-10T01:56:32.79244282Z,"['Alternate Protocol', 'Apture Linking Platform', 'Checkout.com', 'Cloudflare', 'Cloudflare CDN', 'Content Delivery Network', 'CookieYes', 'DAV', 'EmbedPress', 'Express', 'Font Awesome', 'Google', 'Google Analytics', 'Google Cloud CDN', 'Google Cloud DNS', 'Google Font API', 'Google My Business', 'Google Tag Manager', 'Gravity', 'Gravity Forms', 'Instagram Follow Button', 'Investor Relations', 'Lazy Load for WordPress', 'LinkedIn Insights', 'Microdata for Google Shopping', 'PHP', 'QUIC', 'Sitelinks Search Box', 'Subversion', 'Twitter Ads', 'UTF-8', 'University or College', 'Vercel', 'Vimeo', 'WP Rocket', 'WordPress', 'WordPress Multisite', 'Yellow Book', 'YouTube', 'jQuery', 'reCAPTCHA']"
pattendesign.co.uk,Patten Design | Brand Strategy & Identity for Startups,,CAN,92,4365,2026-09-10T01:45:04.721948826Z,"['Alternate Protocol', 'Apture Linking Platform', 'Bloom CRM', 'Cloudflare', 'Content Delivery Network', 'CookieYes', 'Cornerstone', 'Elementor', 'Elfsight', 'EmbedPress', 'Essential Addons for Elementor', 'Express', 'GoDaddy', 'Google Analytics', 'Google Related Website Sites', 'Google Tag Manager', 'Hello Elementor', 'Instagram Follow Button', 'Juicer DMP', 'Lazy Load for WordPress', 'Microdata for Google Shopping', 'NFOrce Internet', 'PHP', 'Site Kit', 'Theme In WP', 'To Top', 'UTF-8', 'WP Rocket', 'WordPress', 'WordPress Multisite', 'jQuery']"
anant.us,Anant - Create AI Capability That Works for Your Business,Anant,,67,41910,2026-09-10T01:27:07.361299Z,"['AWS WAF Challenge', 'Algolia', 'Alternate Protocol', 'Apache', 'Astra Theme', 'Autoptimize', 'Cloudflare', 'Content Delivery Network', 'CookieYes', 'Elegant Themes', 'Elementor', 'ElementsKit Elementor', 'EmbedPress', 'Event Tickets for Wordpress', 'Eventbrite', 'GitHub Hosting', 'Google Analytics', 'Google Tag Manager', 'HubSpot Conversations', 'HubSpot WordPress Plugin', 'Hubspot', 'InitiativeS', 'Microdata for Google Shopping', 'Ninja Forms', 'Ntent', 'PHP', 'QUIC', 'Table Addons for Elementor', 'The Events Calendar', 'Theme In WP', 'Twitter Ads', 'UTF-8', 'University or College', 'WP Engine', 'WP Search with Algolia', 'WPForms', 'Woo Themes', 'WooCommerce', 'WooCommerce Checkout', 'WooCommerce Payments', 'WordPress', 'WordPress Multisite', 'WordPress Related Posts', 'YouTube', 'jQuery']"
fayepaints.co.uk,Faye Edmondson gallery - Faye Paints,,GBR,70,5135,2026-09-10T01:24:46.805653372Z,"['Add to Any', 'Alternate Protocol', 'Apture Linking Platform', 'Automattic', 'Coming Soon Page', 'ContentViews', 'CookieYes', 'Divi', 'Elegant Themes', 'EmbedPress', 'Fastly', 'Font Awesome', 'FooBox', 'Google Cloud DNS', 'Google Font API', 'Google My Business', 'Jetpack', 'Microdata for Google Shopping', 'Nginx', 'PHP', 'Photo Gallery by FooGallery', 'Theme In WP', 'UTF-8', 'University or College', 'WP Fastest Cache', 'Woo Themes', 'WordPress', 'WordPress Multisite', 'WordPress Stats', 'eLand', 'jQuery', 'reCAPTCHA']"
railcomplete.es,FRONT PAGE - Bringing BIM to your railway projects,Bringing BIM to your railway projects,,65,2113,2026-09-10T01:15:06.996962128Z,"['Alternate Protocol', 'CookieYes', 'Elementor', 'EmbedPress', 'Google Analytics', 'Google Tag Manager', 'Instagram Follow Button', 'LiteSpeed', 'Microdata for Google Shopping', 'NFOrce Internet', 'PDF Embedder for Wordpress', 'PHP', 'Theme In WP', 'Twenty Seventeen', 'UTF-8', 'WPML Multilingual', 'WordPress', 'WordPress Multisite', 'YouTube', 'jQuery']"
definedai.net,AI Training Data Platform for Enterprise AI | Defined.ai,,,67,85521,2026-09-10T00:51:09.457147527Z,"['AWS WAF Challenge', 'Bing Cashback', 'Cloudflare', 'CookieYes', 'Corporate Governance and Regulatory Compliance', 'GZIP Module', 'Google Analytics', 'Google Cloud DNS', 'Google Font API', 'Google My Business', 'Google Tag Manager', 'IcoMoon', 'InitiativeS', 'K2F', 'Material-UI', 'Microdata for Google Shopping', 'Microsoft 365', 'Microsoft Azure Blob Storage', 'Microsoft Clarity', 'Next.js', 'ON24', 'QUIC', 'Tailwind CSS', 'UTF-8', 'YouTube']"
damilah.co.uk,Home -,Damilah,JPN,77,184988,2026-09-10T00:44:32.455104705Z,"['AAPT', 'Akismet', 'Alternate Protocol', 'Apture Linking Platform', 'Apyl', 'CCSI', 'Contact Form Plugin', 'CookieYes', 'DAV', 'Drag and Drop Multiple File Upload', 'EmbedPress', 'Financial Services Guide', 'Google Analytics', 'Google My Business', 'Google Tag Manager', 'HHVM', 'HMDG', 'Hotjar', 'HubSpot Conversations', 'HubSpot WordPress Plugin', 'Hubspot', 'Instagram Follow Button', 'Jetpack', 'K2F', 'KVH', 'LiteSpeed', 'Microdata for Google Shopping', 'No-Q', 'PHP', 'Paessler', 'QUIC', 'SMC', 'Subversion', 'Tailwind CSS', 'Theme In WP', 'UTF-8', 'Visx', 'WordPress', 'WordPress Multisite', 'WordPress Stats', 'YouTube', 'jQuery', 'reCAPTCHA']"
champion-outdoor.co.uk,Champion Clothing – Everyday outdoor leisure wear,,,55,63,2026-09-10T00:44:32.440362109Z,"['Alternate Protocol', 'Contact Form Plugin', 'CookieYes', 'EmbedPress', 'Google Cloud DNS', 'Google Font API', 'LiteSpeed', 'PHP', 'Perl', 'Pleroma', 'Slider Revolution', 'Store Locator WordPress', 'Theme In WP', 'UTF-8', 'WPBakery', 'Woo Themes', 'WooCommerce', 'WooCommerce Checkout', 'WordPress', 'WordPress Multisite', 'eLand', 'jQuery']"
letspirit.com,Home - letspirit.com,Let's Spirit,,67,692,2026-09-10T00:22:50.217733221Z,"['Alternate Protocol', 'Calendly', 'Content Delivery Network', 'CookieYes', 'Divi', 'Elegant Themes', 'EmbedPress', 'Google Analytics', 'Google Cloud DNS', 'Google Font API', 'Google Tag Manager', 'LiteSpeed', 'Microdata for Google Shopping', 'PHP', 'Theme In WP', 'UTF-8', 'WordPress', 'WordPress Multisite', 'YouTube', 'jQuery']"
connollyelectricalcontractors.co.uk,Electrical Contractors North West | Connolly Electrical,,,72,2840,2026-09-09T23:39:59.088168283Z,"['Alternate Protocol', 'Apache', 'Better Lead Generation Services', 'Content Delivery Network', 'CookieYes', 'DAV', 'Elementor', 'EmbedPress', 'Font Awesome', 'GZIP Module', 'Google Analytics', 'Google Cloud DNS', 'Google Font API', 'Google Related Website Sites', 'Google Tag Manager', 'Hello Elementor', 'Instagram Follow Button', 'LiteSpeed', 'Microdata for Google Shopping', 'NFOrce Internet', 'PHP', 'Perl', 'Sitelinks Search Box', 'Theme In WP', 'UTF-8', 'WordPress', 'WordPress Multisite', 'jQuery']"
oldbakery.co.uk,The Old Bakery - The Old Bakery,The Old Bakery,JAM,82,19519,2026-09-09T22:31:26.601741651Z,"['AWS WAF Challenge', 'Alternate Protocol', 'Cloudflare', 'Cloudflare CDN', 'Content Delivery Network', 'CookieYes', 'Elementor', 'Elementor Custom Skin', 'EmbedPress', 'Google', 'Google My Business', 'Hello Elementor', 'LiteSpeed', 'Microdata for Google Shopping', 'NFOrce Internet', 'PHP', 'Perl', 'Table Addons for Elementor', 'UTF-8', 'Woo Themes', 'WooCommerce', 'WooCommerce Checkout', 'WordPress', 'WordPress Multisite', 'jQuery']"
topmobilgumiszerviz.hu,"Top Mobil Gumiszerviz gumijavítás, defektjavítás",Gumiszerviz,HUN,82,10314,2026-09-09T22:12:18.31356608Z,"['Alternate Protocol', 'Astra Theme', 'CookieYes', 'Elementor', 'EmbedPress', 'Google', 'Google Analytics', 'Google Cloud DNS', 'Google Conversion Tracking', 'Google Font API', 'Google Related Website Sites', 'Google Tag Manager', 'Header, Footer and Blocks for Elementor', 'Kitco', 'Microdata for Google Shopping', 'NFOrce Internet', 'PHP', 'Site Kit', 'Theme In WP', 'UTF-8', 'WP Fastest Cache', 'WPFront Scroll Top', 'Woo Themes', 'WordPress', 'WordPress Multisite', 'WordPress Related Posts', 'jQuery']"
relaytp.ca,SMB Advisory - Fort Capital,,CAN,75,65568,2026-09-09T22:05:04.175383283Z,"['AWS WAF Challenge', 'Algolia', 'Alternate Protocol', 'Apture Linking Platform', 'Cloudflare', 'Content Delivery Network', 'CookieYes', 'DAV', 'EmbedPress', 'Everest Forms', 'Fireblade', 'Google Analytics', 'Google Tag Manager', 'IcoMoon', 'Microdata for Google Shopping', 'PHP', 'Perl', 'Sage Theme', 'Tailwind CSS', 'The Fresh', 'Theme In WP', 'UTF-8', 'WP Engine', 'WP Search with Algolia', 'WordPress', 'WordPress Multisite', 'Yahoo Finance Widget', 'jQuery', 'shadcn ui']"
athensinatour.com,Athens in a Tour – Private Athens Tours & Shore Excursions,Athens in a Tour,GRC,77,32305,2026-09-09T21:33:49.85351721Z,"['Alibaba Cloud CDN', 'Alternate Protocol', 'Apache', 'CDN JS', 'Cloudflare', 'Cloudflare CDN', 'Contento', 'CookieYes', 'Dynamic Visibility for Elementor', 'Elementor', 'EmbedPress', 'Google Analytics', 'Google Cloud DNS', 'Google Customer Reviews', 'Google Font API', 'Google My Business', 'Google Tag Manager', 'Hello Elementor', 'Instagram Follow Button', 'JetElements', 'Kitco', 'LiteSpeed', 'Microdata for Google Shopping', 'NFOrce Internet', 'Neighborhoods', 'Ntent', 'PHP', 'QUIC', 'Site Kit', 'Table Addons for Elementor', 'Theme In WP', 'UTF-8', 'Woo Themes', 'WooCommerce', 'WooCommerce Checkout', 'WooCommerce Stripe Payment Gateway', 'WordPress', 'WordPress Multisite', 'jQuery', 'jsDelivr']"
villagedesign.co.uk,Creative Design & Branding Agency | Village Design,Village Design & Creative Marketing Ltd,GBR,67,1100,2026-09-09T21:17:40.428485326Z,"['Bulma', 'CookieYes', 'Font Awesome', 'Google Analytics', 'Google Conversion Tracking', 'Google Tag Manager', 'IcoMoon', 'Instagram Follow Button', 'LinkedIn Insights', 'LinkedIn Pixel', 'Microdata for Google Shopping', 'Nginx', 'PHP', 'Parallels Plesk Panel', 'UTF-8']"
s4wp.co.uk,"Grimsby based branding, website design & marketing agency",Sourcefour,GBR,77,45369,2026-09-09T21:11:12.376077419Z,"['AWS WAF Challenge', 'Alternate Protocol', 'Animate It', 'Apture Linking Platform', 'Astra Theme', 'Cloudflare', 'Cloudflare Web Analytics', 'Content Delivery Network', 'Contento', 'CookieYes', 'Elementor', 'EmbedPress', 'Fastly', 'Google Analytics', 'Google Tag Manager', 'Gravity', 'Gravity Forms', 'HappyAddons', 'Instagram Follow Button', 'Microdata for Google Shopping', 'NFOrce Internet', 'PHP', 'Page scroll to id', 'Pipedrive', 'QUIC', 'Sitelinks Search Box', 'Table Addons for Elementor', 'Theme In WP', 'To Top', 'UTF-8', 'University or College', 'Woo Themes', 'WordPress', 'WordPress Multisite', 'WordPress Related Posts', 'jQuery']"
simpliassess.com,Headless Assessment Software. Fastest Way to Scale your Tests. - Headless Assessment Software,SimpliAssess,USA,82,5496,2026-09-09T20:20:04.828605371Z,"['Alternate Protocol', 'Content Delivery Network', 'CookieYes', 'Elementor', 'EmbedPress', 'Facebook Login', 'Facebook Messenger Platform', 'Facebook Pixel', 'Facebook Reseller', 'Facebook Tag API', 'Google Analytics', 'Google Cloud DNS', 'Google Font API', 'Google My Business', 'Google Tag Manager', 'Hotjar', 'Inspectlet', 'Line2', 'LiteSpeed', 'Mautic', 'Microdata for Google Shopping', 'Microsoft Clarity', 'NFOrce Internet', 'PHP', 'QUIC', 'QUIC.cloud', 'Startit', 'Tawk', 'UTF-8', 'WordPress', 'WordPress Multisite', 'eLand', 'reCAPTCHA']"
khayrion.com,khayrion.com – GOOD TO KNOW,,SVK,65,15949,2026-09-09T20:09:43.110649591Z,"['AWS WAF Challenge', 'Alternate Protocol', 'CDN JS', 'Cloudflare', 'Cloudflare CDN', 'CookieYes', 'Corporate Governance and Regulatory Compliance', 'Easy Pie Chart', 'EmbedPress', 'Font Awesome', 'Google Analytics', 'Google Cloud DNS', 'Google Font API', 'Google Tag Manager', 'IcoMoon', 'Microdata for Google Shopping', 'OpenResty', 'PHP', 'Schema Plugin', 'Slider Revolution', 'Tailwind CSS', 'Theme In WP', 'Twitter Ads', 'UTF-8', 'WPBakery', 'WordPress', 'WordPress Multisite', 'jQuery']"
grommetsuklimited.co.uk,Leading Grommets Manufacturer & Stockist UK | Grommets Ltd,Grommets Ltd,GBR,77,26757,2026-09-09T20:05:20.892765904Z,"['Alternate Protocol', 'Cloudflare', 'Cloudflare CDN', 'Cloudflare Web Analytics', 'CookieYes', 'Fireblade', 'Google Analytics', 'Google Related Website Sites', 'Google Tag Manager', 'ImageKit.io', 'Instagram Follow Button', 'Microdata for Google Shopping', 'PHP', 'Plausible Analytics', 'QUIC', 'Sitelinks Search Box', 'Snitcher', 'Tailwind CSS', 'Tawk', 'UTF-8', 'Vector Internet Services', 'YouTube', 'shadcn ui']"
totalfit.at,Total Fit,,,65,1981,2026-09-09T19:13:45.642815315Z,"['Alternate Protocol', 'Content Delivery Network', 'CookieYes', 'DAV', 'Elementor', 'EmbedPress', 'Google Analytics', 'Google Maps', 'Google My Business', 'Google Tag Manager', 'Hello Elementor', 'Instagram Follow Button', 'LiteSpeed', 'NFOrce Internet', 'PHP', 'Perl', 'Theme In WP', 'UTF-8', 'WordPress', 'WordPress Multisite', 'YouTube', 'jQuery']"
duunternehmen.de,DU Unternehmen - duunternehmen.de,,NLD,92,19338,2026-09-09T18:22:51.98898331Z,"['AWS WAF Challenge', 'Alternate Protocol', 'Cloudflare', 'Cloudflare CDN', 'Contact Form Plugin', 'Content Delivery Network', 'CookieYes', 'EmbedPress', 'Google', 'Google Analytics', 'Google My Business', 'Google Related Website Sites', 'Google Tag Manager', 'IcoMoon', 'Inspiro Theme', 'LiteSpeed', 'Microdata for Google Shopping', 'PHP', 'Sitelinks Search Box', 'Theme In WP', 'UTF-8', 'WPForms', 'WordPress', 'WordPress Multisite', 'jQuery']"
