domain,title,business_name,country,seo_score,tech_spend,crawled_at,technologies
adept-partners.com,Professional Facility Services | Adept National Facility Resources,Adept National Facility Resources,USA,67,33071,2026-09-13T14:12:34.492102969Z,"['AWS WAF Challenge', 'Alternate Protocol', 'Amazon WAF Blocked', 'Anti-spam for WordPress', 'CleanTalk Spam Protect', 'Cloudflare', 'Content Delivery Network', 'Elementor', 'ElementsKit Elementor', 'EmbedPress', 'Fireblade', 'Hello Elementor', 'Microdata for Google Shopping', 'NFOrce Internet', 'PHP', 'QUIC', 'Table Addons for Elementor', 'UTF-8', 'WP Engine', 'WordPress', 'WordPress Multisite', 'jQuery']"
mikesshedsstore.com,"Storage Sheds for Sale N. Clarendon, VT | Mikes Shed Store",,,62,25612,2026-09-13T14:12:34.491432127Z,"['1Password', 'Amazon S3 CDN', 'Cloudflare', 'Cloudflare CDN', 'Cloudflare Web Analytics', 'Fancybox for WordPress', 'Fireblade', 'HubSpot Conversations', 'Hubspot', 'Instagram Follow Button', 'Storyblocks', 'UTF-8', 'jsDelivr']"
geneseiysfoundation.org,Geneseiys Foundation - Welcome !,,USA,77,2460,2026-09-13T14:12:34.490407834Z,"['CDN JS', 'Cloudflare', 'Cloudflare CDN', 'Content Delivery Network', 'Google', 'Google Cloud DNS', 'Google Font API', 'QUIC', 'Tailwind CSS', 'Thank You', 'htmlcodex.com', 'jsDelivr', 'shadcn ui']"
takeashotathunger.com,Algonquin-Lake in the Hills Food Pantry Golf Fundraiser,,,60,15159,2026-09-13T14:12:34.49009293Z,"['CDN JS', 'Cloudflare', 'Cloudflare CDN', 'Coming Soon Page', 'Express', 'Google Cloud DNS', 'Google Font API', 'Instagram Follow Button', 'LiteSpeed', 'MailChimp', 'PHP', 'PayPal', 'SMC', 'Tailwind CSS', 'Thank You', 'Twitter Ads', 'UTF-8', 'jsDelivr']"
montereybayexperience.com,The Santa Cruz Experience | Wine & Beer tours in California,The Santa Cruz Experience,BOL,77,22323,2026-09-13T14:12:34.489545625Z,"['Alternate Protocol', 'Amazon WAF Blocked', 'Apache', 'Apture Linking Platform', 'Automattic', 'CDN JS', 'Cloudflare', 'Cloudflare CDN', 'Cloudflare Web Analytics', 'Content Delivery Network', 'Content ad', 'ETranslate', 'EmbedPress', 'FareHarbor', 'Fireblade', 'GitHub Hosting', 'Google Analytics', 'Google Related Website Sites', 'Google Tag Manager', 'Harbor', 'Instagram Follow Button', 'Jetpack', 'Microdata for Google Shopping', 'Mixpanel', 'PHP', 'QUIC', 'Tailwind CSS', 'Theme In WP', 'Twitter Ads', 'UTF-8', 'WordPress', 'WordPress Multisite', 'jQuery']"
lafayette250.org,Lafayette250 - Semiquincentennial of Lafayette and the American Revolution,,USA,60,33299,2026-09-13T14:12:34.487781968Z,"['CDN JS', 'Cloudflare', 'Cloudflare CDN', 'Content Delivery Network', 'Drift', 'Font Awesome', 'GZIP Module', 'Givelively', 'Instagram Follow Button', 'StyleShout', 'Sucuri Cloudproxy', 'Twitter Ads', 'UTF-8', 'Wangsu', 'YouTube']"
ds3rxsupply.com,New Accounts | DS3 Rx,,USA,67,9889,2026-09-13T14:12:34.487607124Z,"['Alternate Protocol', 'Cloudflare', 'Content Delivery Network', 'EmbedPress', 'Font Awesome', 'Google Analytics', 'Google Tag Manager', 'HubSpot WordPress Plugin', 'Microdata for Google Shopping', 'PHP', 'Site Kit', 'ThemeFusion', 'UTF-8', 'WP Rocket', 'WordPress', 'WordPress Multisite', 'jQuery']"
tiqbal.com,Tariq Iqbal,,USA,60,600,2026-09-13T14:12:34.487682989Z,"['Alternate Protocol', 'CDN JS', 'Cloudflare', 'Cloudflare CDN', 'Content Delivery Network', 'Fastly', 'GZIP Module', 'GitHub Hosting', 'Google Analytics', 'Google My Business', 'Google Tag Manager', 'Jekyll', 'Microdata for Google Shopping', 'PWA', 'Schema Plugin', 'UTF-8', 'University or College']"
speedsafe.co.uk,GPS Tracking Systems for Cars Vehicles and Fleets | Rewire Security,Rewire Security,GBR,77,53898,2026-09-13T14:12:34.486610813Z,"['AWS WAF Challenge', 'Alternate Protocol', 'Blocksy', 'Cloudflare', 'Cloudflare CDN', 'Cloudflare Turnstile', 'Contact Form Plugin', 'Content Delivery Network', 'Cybot', 'DoubleClick Bid Manager', 'EmbedPress', 'Express', 'Font Awesome', 'GZIP Module', 'Google', 'Google Analytics', 'Google Cloud DNS', 'Google Font API', 'Google My Business', 'Google Reseller', 'Google Tag Manager', 'Gravity', 'Gravity Forms', 'Instagram Follow Button', 'Jetpack Site Accelerator', 'Line2', 'LiteSpeed', 'Microdata for Google Shopping', 'NFOrce Internet', 'On The Map', 'PayPal Adaptive Payments', 'Pico CSS', 'Sysnet Global Solutions', 'Tailwind CSS', 'Trustpilot Reviews for WordPress', 'Twitter Ads', 'UTF-8', 'Woo Themes', 'WordPress', 'YouTube', 'Zendesk Embeddables', 'Zendesk Guide', 'reCAPTCHA']"
mizukibuffet.shop,"Mizuki Buffet: Savor Joyful Asian Flavors in a Warm, Lively Setting",,USA,72,79,2026-09-13T14:12:34.483696492Z,"['Cloudflare', 'Cloudflare CDN', 'Cloudflare Web Analytics', 'Google Adsense', 'Google Analytics', 'Google Cloud DNS', 'Google Font API', 'Google Funding Choices', 'Google Matched Content', 'Google My Business', 'Google Reseller', 'Google Tag Manager', 'Instagram Follow Button', 'Lineicons', 'QUIC', 'Twitter Ads', 'UTF-8', 'YouTube']"
herestoyou.net.au,Here's To You - VIDEO GUEST BOOK,,,67,2440,2026-09-13T14:12:34.482738208Z,"['AJAX Libraries API', 'Apture Linking Platform', 'CDN JS', 'Cloudflare', 'Cloudflare CDN', 'Express', 'GZIP Module', 'Google', 'Google Analytics', 'Google Cloud DNS', 'Google Font API', 'Google Tag Manager', 'Instagram Follow Button', 'UTF-8', 'YouTube', 'jQuery']"
aimonpoint.com,Home - OnPoint Range,OnPoint Range,USA,77,36899,2026-09-13T14:12:34.481798212Z,"['AWS WAF Challenge', 'Alternate Protocol', 'Cloudflare', 'Cloudflare CDN', 'Contact Form Plugin', 'Content Delivery Network', 'EZFacility', 'Elfsight', 'EmbedPress', 'Fireblade', 'Google', 'Google Analytics', 'Google Cloud DNS', 'Google Font API', 'Google My Business', 'Google Tag Manager', 'Instagram Follow Button', 'Jetpack', 'LayerSlider Responsive', 'MailChimp for WordPress', 'Microdata for Google Shopping', 'PHP', 'Site Kit', 'Theme In WP', 'UTF-8', 'WP Engine', 'WPBakery', 'WordPress', 'WordPress Multisite', 'WordPress Stats', 'eLand', 'jQuery']"
andy-tucker.co.uk,"Andy Tucker, Local Painter and Decorator in Mold",,,67,379,2026-09-13T14:12:34.480908751Z,"['AutoComplete', 'CDN JS', 'Cloudflare', 'Cloudflare CDN', 'Content Delivery Network', 'CookieConsent', 'Facebook Login', 'Facebook Messenger Platform', 'Facebook Reseller', 'Fontello', 'Google Analytics', 'Google Cloud DNS', 'Google Font API', 'Google Maps', 'Google Tag Manager', 'Nginx', 'PWA', 'Parallels Plesk Panel', 'Slider Revolution', 'Twitter Ads']"
teamq3adv.com,Roth IRA Conversion Planning | Q3 Advisors,,IMN,87,39198,2026-09-13T14:12:34.47451704Z,"['AWS WAF Challenge', 'Alternate Protocol', 'Amazon WAF Blocked', 'Apture Linking Platform', 'Cloudflare', 'Content Delivery Network', 'EmbedPress', 'Google', 'Google Analytics', 'Google Cloud DNS', 'Google Font API', 'Google Tag Manager', 'HubSpot WordPress Plugin', 'Hubspot', 'Investor Relations', 'Lazy Load for WordPress', 'Microdata for Google Shopping', 'Microsoft Clarity', 'PHP', 'Perl', 'QUIC', 'Sentry', 'Sitelinks Search Box', 'UTF-8', 'WP Engine', 'WP Rocket', 'Wistia', 'WordPress', 'WordPress Multisite', 'YouTube']"
playtorix.com,PlayTorix - Fresh Chicken Products and Services,,ESP,62,158,2026-09-13T14:12:34.473217162Z,"['CDN JS', 'Cloudflare', 'Cloudflare CDN', 'Cloudflare Web Analytics', 'Cornerstone', 'Font Awesome', 'Share Link', 'Tailwind CSS', 'UTF-8']"
lindasavycelebrant.com.au,Linda Savy Marriage Celebrant - Yarrawonga and Mulwala region,,SYC,77,40111,2026-09-13T14:12:34.472434783Z,"['AWS WAF Challenge', 'Alternate Protocol', 'Apture Linking Platform', 'Astra Theme', 'Cloudflare', 'Cloudflare CDN', 'Cloudflare Turnstile', 'Content Delivery Network', 'Elementor', 'EmbedPress', 'Google Analytics', 'Google Related Website Sites', 'Google Tag Manager', 'Instagram Follow Button', 'KVH', 'Microdata for Google Shopping', 'NFOrce Internet', 'Ntent', 'PHP', 'Pixieset', 'QUIC', 'Schema Plugin', 'Sitelinks Search Box', 'Theme In WP', 'TrustIndex', 'UTF-8', 'UserWay', 'WP Engine', 'Woo Themes', 'WooCommerce Checkout', 'WordPress', 'WordPress Multisite', 'WordPress Related Posts', 'jQuery']"
accessiblesta.org,Accessible & Short Term Accommodation | NDIS Provider Sunshine Coast,,AUS,77,19813,2026-09-13T14:12:34.47113793Z,"['AWS WAF Challenge', 'Alternate Protocol', 'Apache', 'Cloudflare', 'Cloudflare CDN', 'Elementor', 'ElementsKit Elementor', 'EmbedPress', 'Facebook Conversion Tracking', 'Facebook Login', 'Facebook Messenger Platform', 'Facebook Pixel', 'Facebook Reseller', 'Facebook Tag API', 'GZIP Module', 'Google', 'Google Analytics', 'Google Cloud DNS', 'Google Font API', 'Google My Business', 'Google Tag Manager', 'Hello Elementor', 'Microdata for Google Shopping', 'NFOrce Internet', 'PHP', 'PixelYourSite', 'Sitelinks Search Box', 'Tailwind CSS', 'Theme In WP', 'UTF-8', 'Vello', 'Woo Themes', 'WordPress', 'WordPress Multisite']"
stickerlandusa.com,Stickerland USA – The Leader in Custom Printing,,USA,70,17248,2026-09-13T14:12:34.471645274Z,"['Alternate Protocol', 'Cloudflare', 'Content Delivery Network', 'Elementor', 'EmbedPress', 'GoDaddy', 'Google Maps', 'Google My Business', 'Hello Elementor', 'NFOrce Internet', 'PHP', 'Theme In WP', 'UTF-8', 'Wangsu', 'WordPress', 'WordPress Multisite', 'jQuery']"
jainscomputer.com,Best Computer Institute in Jaipur | Jains Computer,,IND,72,30120,2026-09-13T14:12:34.469361453Z,"['AWS WAF Challenge', 'Alternate Protocol', 'Cloudflare', 'Cloudflare CDN', 'Cloudflare Web Analytics', 'Fireblade', 'Google Analytics', 'Google Customer Reviews', 'Google My Business', 'Google Tag Manager', 'Instagram Follow Button', 'LiteSpeed', 'Microdata for Google Shopping', 'Next.js', 'SiteW', 'YouTube']"
destinyenviro.com,Destinyenviro,,IND,65,34361,2026-09-13T14:12:34.46906117Z,"['AWS WAF Challenge', 'Alternate Protocol', 'Astra Theme', 'Cloudflare', 'Cloudflare CDN', 'Elementor', 'EmbedPress', 'Fireblade', 'GZIP Module', 'Google', 'Google Cloud DNS', 'Google Font API', 'Google My Business', 'LiteSpeed', 'NFOrce Internet', 'Nginx', 'PHP', 'QUIC', 'Theme In WP', 'UTF-8', 'Woo Themes', 'WordPress', 'WordPress Multisite', 'WordPress Related Posts', 'jQuery']"
rapidsense.app,RapidSense,,,50,8198,2026-09-13T14:12:34.467925319Z,"['Canva Websites', 'Cloudflare', 'Fireblade', 'Google My Business', 'NFOrce Internet', 'No-Q', 'UTF-8', 'reCAPTCHA']"
hindustan-agro.com,Hindustan Agro,,,55,9762,2026-09-13T14:12:34.467456633Z,"['Bulma', 'CDN JS', 'Cloudflare', 'Cloudflare CDN', 'Font Awesome', 'Google', 'Google Cloud DNS', 'Google Font API', 'Onyx Internet', 'PHP', 'QUIC', 'UTF-8', 'Verse.io', 'jsDelivr']"
resultants.agency,Business Profit Resultants| No consultants.,,,62,2731,2026-09-13T14:12:34.466273681Z,"['Apache', 'Bulma', 'CDN JS', 'Cloudflare', 'Cloudflare CDN', 'Font Awesome', 'GZIP Module', 'Google Cloud DNS', 'Google Font API', 'Line2', 'QUIC', 'StackPath', 'Tailwind CSS', 'YouTube']"
archanadarekar.com,Home - Welcome to Archana Darekar's Real Estate,Welcome to Archana Darekar&#039;s Real Estate,USA,75,13102,2026-09-13T14:12:34.4638576Z,"['Alternate Protocol', 'Cloudflare', 'CoBlocks', 'Content Delivery Network', 'Elementor', 'EmbedPress', 'GoDaddy', 'Google Cloud DNS', 'Google Font API', 'Google My Business', 'Gtranslate for Wordpress', 'IDX Broker', 'IDXBroker', 'Instagram Follow Button', 'Microdata for Google Shopping', 'NFOrce Internet', 'Negate', 'Newsletter for Wordpress', 'OceanWP', 'PHP', 'Tailwind CSS', 'Theme In WP', 'UTF-8', 'University or College', 'WP Mobile Menu', 'WPForms', 'Woo Themes', 'WooCommerce Checkout', 'WordPress', 'WordPress Multisite', 'WordPress Related Posts', 'jQuery']"
worldwidemigration.net,Worldwide Migration,Worldwide Migration,AUS,72,25691,2026-09-13T14:12:34.462641598Z,"['AWS WAF Challenge', 'Alternate Protocol', 'B12', 'Cloudflare', 'Cloudflare CDN', 'Coming Soon Page', 'Content Delivery Network', 'Elementor', 'EmbedPress', 'Exclusive Addons for Elementor', 'Google', 'Google Cloud CDN', 'Google My Business', 'Gtranslate for Wordpress', 'Kitco', 'LiteSpeed', 'Microdata for Google Shopping', 'MouseWheel Smooth Scroll', 'NFOrce Internet', 'PHP', 'Tailwind CSS', 'UTF-8', 'WordPress', 'WordPress Multisite', 'jQuery']"
blackoceanmarketing.com,Black Ocean Marketing & Creative Agency,,USA,92,34708,2026-09-13T14:12:34.461001587Z,"['AWS WAF Challenge', 'Alternate Protocol', 'Amazon WAF Blocked', 'Apture Linking Platform', 'Authorize.net', 'CDN JS', 'Cloudflare', 'Cloudflare CDN', 'Cloudflare Web Analytics', 'Content Delivery Network', 'Fireblade', 'Google', 'Google Cloud CDN', 'Google Cloud DNS', 'Google Cloud Storage', 'Google Font API', 'IcoMoon', 'Instagram Follow Button', 'Metricool', 'Microdata for Google Shopping', 'Nuxt.js', 'QUIC', 'Tailwind CSS', 'UTF-8', 'shadcn ui']"
hayman.co.uk,Hayman's Gin - London’s Family Gin Distillery,Hayman's Gin Distillery,GBR,77,6665,2026-09-13T14:12:34.460342723Z,"['Alternate Protocol', 'Amazon WAF Blocked', 'Cloudflare', 'Cloudflare CDN', 'Content Delivery Network', 'Elementor', 'EmbedPress', 'Facebook Login', 'Facebook Messenger Platform', 'Facebook Pixel', 'Facebook Reseller', 'Fancybox for WordPress', 'Google', 'Google Analytics', 'Google My Business', 'Google Related Website Sites', 'Google Tag Manager', 'Gravity', 'Gravity Forms', 'Instagram Follow Button', 'Lazy Load for WordPress', 'MailChimp', 'Microdata for Google Shopping', 'NFOrce Internet', 'PHP', 'Theme In WP', 'Twitter Ads', 'UTF-8', 'WP Rocket', 'Woo Themes', 'WooCommerce', 'WooCommerce Checkout', 'WordPress', 'WordPress Multisite', 'YouTube', 'jQuery', 'reCAPTCHA']"
tarimdecor.com,home - tarimdecor.com,tarimdecor.com,USA,82,38258,2026-09-13T14:12:34.460592881Z,"['AWS WAF Challenge', 'Alternate Protocol', 'Cloudflare', 'Cloudflare CDN', 'Content Delivery Network', 'Elementor', 'Google', 'Google Analytics', 'Google My Business', 'Google Tag Manager', 'Gravity', 'Gravity Forms', 'Instagram Follow Button', 'KVH', 'LiteSpeed', 'Microdata for Google Shopping', 'PHP', 'QUIC', 'QUIC.cloud', 'Table Addons for Elementor', 'Tailwind CSS', 'To Top', 'UTF-8', 'WordPress', 'WordPress Multisite', 'jQuery']"
connectway-pro.com,Connectway Pro,,SGP,60,3652,2026-09-13T14:12:34.457375222Z,"['Alternate Protocol', 'Barchart', 'Blocksy', 'CDN JS', 'Cloudflare', 'Cloudflare CDN', 'Content Delivery Network', 'Elementor', 'ElementsKit Elementor', 'EmbedPress', 'Essential Addons for Elementor', 'Google Analytics', 'Google Cloud DNS', 'Google Font API', 'Google Related Website Sites', 'Google Tag Manager', 'Header, Footer and Blocks for Elementor', 'Jeg Elementor Kit', 'LiteSpeed', 'Metform Elemento', 'NFOrce Internet', 'PHP', 'Premium Addons for Elementor', 'RM Education', 'Royal Elementor Addons', 'Theme In WP', 'UTF-8', 'WordPress', 'WordPress Multisite', 'jQuery']"
calylcoaching.com,Create a Life You Love Coaching,,,62,36140,2026-09-13T14:12:34.45179838Z,"['AWS WAF Challenge', 'Alternate Protocol', 'Amazon', 'Amazon WAF Blocked', 'Authorize.net', 'Bunny Fonts', 'Cloudflare', 'Cloudflare CDN', 'Cloudflare Web Analytics', 'Content Delivery Network', 'Facebook Conversion Tracking', 'Facebook Pixel', 'Facebook Reseller', 'Facebook Tag API', 'Fireblade', 'Google', 'Google Cloud CDN', 'Google Cloud DNS', 'Google Cloud Storage', 'Google Font API', 'Instagram Follow Button', 'Nuxt.js', 'Subversion', 'Tailwind CSS', 'Twitter Ads', 'UTF-8', 'YouTube', 'shadcn ui']"
mystreetmarketing.com,My Street Marketing - Local Digital Marketing Agency Costa Mesa,My Street Marketing,USA,77,20358,2026-09-13T14:04:43.902020866Z,"['AWS WAF Challenge', 'Alternate Protocol', 'Astra Theme', 'Automattic', 'Cloudflare', 'Cloudflare CDN', 'Elementor', 'EmbedPress', 'GZIP Module', 'Google', 'Google Analytics', 'Google Cloud DNS', 'Google Font API', 'Google My Business', 'Google Tag Manager', 'Header, Footer and Blocks for Elementor', 'Instagram Follow Button', 'Jetpack', 'Lazy Load for WordPress', 'Microdata for Google Shopping', 'NFOrce Internet', 'Nginx', 'PHP', 'QUIC', 'Site Kit', 'Table Addons for Elementor', 'Theme In WP', 'UTF-8', 'WPForms', 'Woo Themes', 'WordPress', 'WordPress Multisite', 'WordPress Related Posts', 'WordPress Stats', 'jQuery']"
kenoil.com,Vessel Operations Singapore | Singapore Bunker Services | Ship and Bunker Singapore - Kenoil Marine Services,,SGP,67,17471,2026-09-13T14:04:43.901351948Z,"['AWS WAF Challenge', 'CDN JS', 'Cloudflare', 'Cloudflare CDN', 'Font Awesome', 'Fontello', 'FreeCSSTemplates', 'GZIP Module', 'GetResponse', 'Google Analytics', 'Google Cloud DNS', 'Google Font API', 'Google My Business', 'Google Tag Manager', 'Joomla!', 'LiteSpeed', 'PHP', 'QUIC', 'RokNavMenu', 'Thank You', 'Twitter Ads', 'UTF-8', 'Unix', 'jQuery', 'reCAPTCHA']"
lafayettedental.net,Lige F. Dunaway - General & Orofacial Pain Dentist in Lafayette LA,,USA,77,29641,2026-09-13T14:04:43.901230696Z,"['Alternate Protocol', 'Beaver Builder Lite', 'CDN JS', 'Cloudflare', 'Cloudflare CDN', 'Content Delivery Network', 'Contento', 'DAV', 'EmbedPress', 'Express', 'Facebook Conversion Tracking', 'Facebook Login', 'Facebook Messenger Platform', 'Facebook Pixel', 'Facebook Reseller', 'Facebook Tag API', 'Google', 'Google Analytics', 'Google Cloud DNS', 'Google Conversion Tracking', 'Google Font API', 'Google My Business', 'Google Related Website Sites', 'Google Tag Manager', 'Gravity', 'Instagram Follow Button', 'Microdata for Google Shopping', 'Nginx', 'PHP', 'Pico CSS', 'Schema Plugin', 'Theme In WP', 'UTF-8', 'University or College', 'Way', 'WordPress', 'WordPress Multisite', 'jQuery', 'reCAPTCHA']"
zykmimarlik.com,"İstanbul iç Mimarlık Ofisi, Uyglama Proje, Tasarım, Tadilat",,TUR,77,3487,2026-09-13T14:04:43.898830608Z,"['CDN JS', 'Cloudflare', 'Cloudflare CDN', 'Content Delivery Network', 'Font Awesome', 'Google', 'Google Analytics', 'Google Cloud DNS', 'Google Font API', 'Google Related Website Sites', 'Google Tag Manager', 'Instagram Follow Button', 'Netlify', 'Tailwind CSS', 'UTF-8', 'WhatsApp Sharing', 'YouTube', 'shadcn ui']"
solohahotels.com,Bespoke boutique hotel in Keong Saik and Chinatown | Hotel Soloha,Hotel Soloha,SGP,77,2818,2026-09-13T14:04:43.897539923Z,"['Adobe Creative Cloud WebFonts', 'Alternate Protocol', 'Apache', 'CDN JS', 'Cloudflare', 'Cloudflare CDN', 'Elementor', 'EmbedPress', 'Express', 'GZIP Module', 'Google Analytics', 'Google Cloud DNS', 'Google Font API', 'Google Tag Manager', 'Instagram Follow Button', 'JetElements', 'Lazy Load for WordPress', 'Microdata for Google Shopping', 'NFOrce Internet', 'OceanWP', 'PHP', 'Perl', 'Schema Plugin', 'Sitelinks Search Box', 'Smart Slider 3', 'Sojern', 'Tailwind CSS', 'Theme In WP', 'TranslatePress', 'UTF-8', 'WP Mobile Menu', 'Woo Themes', 'WordPress', 'WordPress Multisite', 'eLand', 'jQuery']"
ozzyclothing.co.id,Ozzy Clothing - Grosir Kaos Polo Polos Jogja Siap Bordir,Ozzy Clothing,IDN,77,52440,2026-09-13T14:04:43.897194622Z,"['CDN JS', 'Cloudflare', 'Cloudflare CDN', 'Contento', 'Facebook Conversion Tracking', 'Facebook Login', 'Facebook Messenger Platform', 'Facebook Pixel', 'Facebook Reseller', 'Facebook Tag API', 'GZIP Module', 'Google', 'Google Analytics', 'Google Cloud DNS', 'Google Font API', 'Google My Business', 'Google Play', 'Google Tag Manager', 'Instagram Follow Button', 'K2F', 'Microdata for Google Shopping', 'Nginx', 'QUIC', 'Tailwind CSS', 'UTF-8', 'WhatsApp Sharing', 'YouTube', 'jQuery', 'jsDelivr']"
abcarehub.com,Patient Dashboard - abcarehub.com,abcarehub.com,SAU,72,22135,2026-09-13T14:04:43.896808871Z,"['AWS WAF Challenge', 'Alternate Protocol', 'Baidu Cloud', 'Cloudflare', 'Cloudflare CDN', 'Contact Form Plugin', 'Content Delivery Network', 'Elementor', 'EmbedPress', 'Google', 'Google Analytics', 'Google Cloud DNS', 'Google Font API', 'Google My Business', 'Google Tag Manager', 'IcoMoon', 'Instagram Follow Button', 'LiteSpeed', 'Microdata for Google Shopping', 'NFOrce Internet', 'PHP', 'QUIC', 'Tailwind CSS', 'Theme In WP', 'UTF-8', 'Woo Themes', 'WooCommerce', 'WooCommerce Checkout', 'WordPress', 'WordPress Multisite', 'jQuery']"
sonoitarealty.com,Sonoita Realty | Trusted Arizona Real Estate Since 1991,,BOL,82,10166,2026-09-13T14:04:43.896997095Z,"['Alternate Protocol', 'Apache', 'Apture Linking Platform', 'Cloudflare', 'Cloudflare Web Analytics', 'Dynamic Visibility for Elementor', 'Elementor', 'EmbedPress', 'Essential Addons for Elementor', 'Font Awesome', 'Fonts Plugin', 'Formidable Pro Form', 'GZIP Module', 'Google', 'Google Analytics', 'Google Cloud CDN', 'Google Cloud DNS', 'Google Font API', 'Google Tag Manager', 'Microdata for Google Shopping', 'NFOrce Internet', 'Nginx', 'PHP', 'Parallels Plesk Panel', 'Site Kit', 'Sitelinks Search Box', 'Theme In WP', 'UTF-8', 'University or College', 'Vector Internet Services', 'WP Rocket', 'WordPress', 'WordPress Multisite', 'jQuery']"
nygatan.se,Restaurang SARAHS på Nygatan,,FRA,82,41979,2026-09-13T14:04:43.89373622Z,"['AWS WAF Challenge', 'BokaBord', 'CDN JS', 'Cloudflare', 'Cloudflare CDN', 'Fireblade', 'Font Awesome', 'Google', 'Google Cloud DNS', 'Google Font API', 'Instagram Follow Button', 'Microsoft Azure', 'PWA', 'Vector Internet Services', 'Visual Studio']"
alhi.com.au,Publications - 4DMedical,4DMedical,USA,70,230575,2026-09-13T14:04:43.892496051Z,"['AWS WAF Challenge', 'Adobe Analytics', 'Adobe Marketing Cloud', 'Alternate Protocol', 'Amazon', 'Amazon CloudFront', 'Amazon Route 53', 'CloudFront', 'Cloudflare', 'Cloudflare CDN', 'Content Delivery Network', 'Corporate Governance and Regulatory Compliance', 'Elementor', 'EmbedPress', 'Essential Addons for Elementor', 'GZIP Module', 'Google', 'Google Analytics', 'Google My Business', 'Google Tag Manager', 'Gravity', 'Gravity Forms', 'Hello Elementor', 'Instagram Follow Button', 'Investor Relations', 'Max Mega Menu', 'Microdata for Google Shopping', 'MonsterInsights', 'NFOrce Internet', 'Nginx', 'PHP', 'Parallels Plesk Panel', 'Prospective', 'Slider Revolution', 'Store Locator WordPress', 'Table Addons for Elementor', 'Theme In WP', 'UTF-8', 'WordPress', 'WordPress Multisite', 'YouTube', 'jQuery', 'reCAPTCHA']"
gilbertplains.com,Municipality of Gilbert Plains - Home,,USA,77,6580,2026-09-13T14:04:43.892314467Z,"['AJAX Libraries API', 'Alternate Protocol', 'CDN JS', 'Cloudflare', 'Cloudflare CDN', 'Facebook Embedded Posts', 'FreeCSSTemplates', 'GZIP Module', 'Google Analytics', 'Google Cloud DNS', 'Google My Business', 'Google Tag Manager', 'Microsoft Azure', 'OpenResty', 'Pico CSS', 'Prefix Free', 'QUIC', 'StackPath', 'Twitter Ads', 'UTF-8', 'Visual Studio', 'jQuery', 'reCAPTCHA']"
modernsupremecables.com,Modern Supreme Wire & Cable – Modern Supreme,,PAK,65,34408,2026-09-13T14:04:43.892102578Z,"['AWS WAF Challenge', 'Alternate Protocol', 'Apture Linking Platform', 'Astra Theme', 'Cloudflare', 'Cloudflare CDN', 'Content Delivery Network', 'Elementor', 'ElementsKit Elementor', 'EmbedPress', 'Fireblade', 'Google', 'Google My Business', 'Header, Footer and Blocks for Elementor', 'LiteSpeed', 'NFOrce Internet', 'PHP', 'Table Addons for Elementor', 'Theme In WP', 'UTF-8', 'Woo Themes', 'WordPress', 'WordPress Multisite', 'WordPress Related Posts', 'jQuery']"
amgardens.org,Funeral Home and Crematory | The Arlington Memorial Gardens,Arlington Memorial Gardens,USA,82,40202,2026-09-13T14:04:43.891102801Z,"['AWS WAF Challenge', 'Alternate Protocol', 'Amazon', 'Amazon WAF Blocked', 'Aruba', 'ArvanCloud', 'Cloudflare', 'Coming Soon Page', 'Content Delivery Network', 'DAV', 'EmbedPress', 'Financial Services Guide', 'Fireblade', 'FreeCSSTemplates', 'Google', 'Google Analytics', 'Google Cloud DNS', 'Google Customer Reviews', 'Google Font API', 'Google My Business', 'Google Related Website Sites', 'Google Tag Manager', 'Gravity', 'Gravity Forms', 'IcoMoon', 'Microdata for Google Shopping', 'PHP', 'Simple Lightbox', 'TablePress', 'Tailwind CSS', 'Theme In WP', 'TrustIndex', 'UTF-8', 'WP Engine', 'Woo Themes', 'WooCommerce', 'WooCommerce Checkout', 'WordPress', 'WordPress Multisite', 'YouTube', 'eLand', 'jQuery', 'jsDelivr', 'reCAPTCHA']"
jccvahousing.gov,"James City County Housing Portal, VA | Official Website",,,55,10063,2026-09-13T14:04:43.890005978Z,"['Apture Linking Platform', 'AutoComplete', 'CivicPlus', 'Cloudflare', 'Cloudflare CDN', 'GZIP Module', 'Google Analytics', 'Google Cloud DNS', 'Google Font API', 'Google Tag Manager', 'Material-UI', 'Microsoft Azure', 'QUIC', 'SiteW', 'Twitter Ads', 'UTF-8', 'University or College', 'Visual Studio', 'YouTube', 'jQuery']"
stoneleafbuilders.ca,Stone Leaf Builders | Edmonton Home Renovation & Design-Build Contractor,,CAN,77,2440,2026-09-13T14:04:43.887180339Z,"['Cloudflare', 'GZIP Module', 'Google', 'Google Analytics', 'Google Cloud DNS', 'Google Font API', 'Google Tag Manager', 'Microdata for Google Shopping', 'Perl', 'Tailwind CSS', 'UTF-8', 'shadcn ui']"
rentredrockrv.com,Home Page,,USA,82,15552,2026-09-13T14:04:43.886528778Z,"['Cloudflare', 'Cloudflare Web Analytics', 'Digital Ocean Spaces', 'Fireblade', 'Google My Business', 'Line2', 'Next.js', 'Pleroma', 'Tailwind CSS', 'UTF-8', 'YouTube', 'shadcn ui']"
bsw.am,Business Single Window,,,55,243,2026-09-13T14:04:43.886208655Z,"['AJAX Libraries API', 'Bulma', 'CDN JS', 'Cloudflare', 'Cloudflare CDN', 'GZIP Module', 'Google Cloud DNS', 'Nginx', 'StackPath', 'Subversion', 'UTF-8', 'jQuery', 'jsDelivr']"
ekyami.com,eKAMI – eKentucky Advanced Manufacturing,,MYS,75,20960,2026-09-13T14:04:43.883991033Z,"['AWS WAF Challenge', 'Alternate Protocol', 'Astra Theme', 'Cloudflare', 'Content Delivery Network', 'Elementor', 'EmbedPress', 'Google', 'Google Cloud DNS', 'Google Font API', 'Google Maps', 'Google My Business', 'Microdata for Google Shopping', 'NFOrce Internet', 'PHP', 'Theme In WP', 'UTF-8', 'University or College', 'Vimeo', 'WP Engine', 'WP Job Manager', 'Woo Themes', 'WordPress', 'WordPress Multisite', 'WordPress Related Posts', 'YouTube', 'jQuery']"
prairieskydogrescue.ca,Prairie Sky Dog Rescue,,CAN,70,40,2026-09-13T14:04:43.883648526Z,"['AutoComplete', 'Bulma', 'Cloudflare', 'Cloudflare CDN', 'Facebook Login', 'Facebook Messenger Platform', 'Facebook Pixel', 'Facebook Reseller', 'Fancybox for WordPress', 'Google Analytics', 'Google Cloud DNS', 'Google Font API', 'Google Maps', 'Google My Business', 'Instagram Follow Button', 'Microdata for Google Shopping', 'ShareThis', 'Thank You', 'UTF-8']"
matchmachinery.com,Home - MATCH MACHINERY,Match Machinery,,65,24021,2026-09-13T14:04:43.881590154Z,"['AWS WAF Challenge', 'Alternate Protocol', 'Cloudflare', 'Content Delivery Network', 'Elementor', 'EmbedPress', 'Font Awesome', 'Google Analytics', 'Google Cloud DNS', 'Google Font API', 'Google Tag Manager', 'Gtranslate for Wordpress', 'LayerSlider Responsive', 'Microdata for Google Shopping', 'NFOrce Internet', 'OceanWP', 'PHP', 'QUIC', 'Site Kit', 'Theme In WP', 'UTF-8', 'Vector Internet Services', 'WP Engine', 'WPForms', 'WPFront Scroll Top', 'Woo Themes', 'WooCommerce', 'WooCommerce Checkout', 'WordPress', 'WordPress Multisite', 'jQuery']"
timbercreekvirtual.com,Timber Creek Virtual - Executive Virtual Assistants to Improve Business Cashflow,Timber Creek Virtual,,72,18770,2026-09-13T14:04:43.879703901Z,"['AWS WAF Challenge', 'Alternate Protocol', 'Apture Linking Platform', 'Better Lead Generation Services', 'Cloudflare', 'Cloudflare CDN', 'EmbedPress', 'Font Awesome', 'GZIP Module', 'Google', 'Google Analytics', 'Google My Business', 'Google Tag Manager', 'Help.com', 'Instagram Follow Button', 'Microdata for Google Shopping', 'Nginx', 'PHP', 'Pico CSS', 'QUIC', 'Thank You', 'ThemeFusion', 'Twitter Ads', 'UTF-8', 'WordPress', 'WordPress Multisite', 'YouTube', 'jQuery', 'reCAPTCHA']"
sailing-expeditions.com,Active Sailing Holidays – Expeditions,,NLD,60,802,2026-09-13T14:04:43.877926733Z,"['AWS WAF Challenge', 'Alternate Protocol', 'Apache', 'Cloudflare', 'Cloudflare CDN', 'Easy Accordio', 'Elementor', 'Elfsight', 'EmbedPress', 'FreeCSSTemplates', 'GZIP Module', 'GeneratePress Company', 'Google', 'Google Cloud DNS', 'Google Font API', 'Google My Business', 'Instagram Follow Button', 'NFOrce Internet', 'PHP', 'Polylang', 'Responsive Lightbox', 'Simple Social Icons', 'TablePress', 'Theme In WP', 'UTF-8', 'Vimeo', 'WordPress', 'WordPress Multisite', 'YouTube', 'jQuery', 'jsDelivr']"
mabelholidays.com,Mabel Holidays,,,40,3,2026-09-13T14:04:43.876453382Z,"['Cloudflare', 'Cloudflare CDN', 'Foundation', 'Google Cloud DNS', 'Google Font API', 'Twitter Ads', 'YouTube']"
computerrescue.com,"Comprehensive IT Services | Dallas, TX | Computer Rescue",,USA,82,43521,2026-09-13T14:04:43.87658446Z,"['Alternate Protocol', 'Beaver Builder Lite', 'CDN JS', 'Cloudflare', 'Cloudflare CDN', 'CoBlocks', 'Content Delivery Network', 'Contento', 'EmbedPress', 'GoDaddy', 'Google', 'Google Cloud DNS', 'Google Font API', 'Microdata for Google Shopping', 'PHP', 'Pagekit', 'Schema Plugin', 'SiteW', 'Theme In WP', 'UTF-8', 'Wangsu', 'Website Tonight', 'WordPress', 'WordPress Multisite', 'jQuery']"
rescomcleaners.com,BEST RESIDENTIAL AND COMMERCIAL CLEANING SERVICE,,,77,3740,2026-09-13T14:04:43.874320117Z,"['Alternate Protocol', 'Authorize.net', 'Cloudflare', 'Cloudflare Web Analytics', 'Content Delivery Network', 'Google', 'Google Cloud CDN', 'Google Cloud DNS', 'Google Cloud Storage', 'Google Font API', 'ID Services', 'Nuxt.js', 'UTF-8', 'shadcn ui']"
coloniefire.org,Colonie Fire Co – Serving Colonie Village Since 1931,,USA,80,17988,2026-09-13T14:04:43.872025729Z,"['AWS WAF Challenge', 'Alternate Protocol', 'Apture Linking Platform', 'Cloudflare', 'Contact Form Plugin', 'Content Delivery Network', 'ContentBox', 'Custom Facebook Feed', 'EWWW Image Optimizer', 'EmbedPress', 'Font Awesome', 'Google My Business', 'PHP', 'Shield Security for Wordpress', 'Theme In WP', 'Twitter Ads', 'UTF-8', 'WP Engine', 'WP-Members', 'WordPress', 'WordPress Multisite', 'jQuery', 'reCAPTCHA']"
safegroupoficial.com.br,SafeGroup - Seguranca Inteligente,,BRA,87,567,2026-09-13T14:04:43.870406128Z,"['CDN JS', 'Cloudflare', 'Cloudflare CDN', 'Font Awesome', 'IcoMoon', 'Instagram Follow Button', 'Nginx', 'Tailwind CSS', 'UTF-8', 'jsDelivr']"
concreteinnovations.ie,Polished Concrete Home Page - Concrete Innovations,Concrete Innovations,,72,23186,2026-09-13T14:04:43.866065125Z,"['AWS WAF Challenge', 'Alternate Protocol', 'Cisco/Arrowpoint Content Service Switch', 'Cloudflare', 'Contact Form Plugin', 'Content Delivery Network', 'DAV', 'Divi', 'Elegant Themes', 'EmbedPress', 'Google Analytics', 'Google Cloud DNS', 'Google Font API', 'Google My Business', 'Google Tag Manager', 'HHVM', 'Instagram Follow Button', 'Microdata for Google Shopping', 'MonsterInsights', 'PHP', 'Perl', 'QUIC', 'Theme In WP', 'Twitter Ads', 'UTF-8', 'Vercel', 'WP Engine', 'Woo Themes', 'WooCommerce', 'WooCommerce Checkout', 'WordPress', 'WordPress Multisite', 'eLand', 'jQuery', 'reCAPTCHA']"
noyens.be,"NOYENS | Constructeur aanhangwagens , opleggers en carrosseriebouw | Olen - Kasterlee Noyens nv - A&C Noyens NV │Aanhangwagens & Carrosseriebouw - A&C NOYENS nv OLEN",,BEL,87,508,2026-09-13T14:04:43.865075975Z,"['Bulma', 'CDN JS', 'Cloudflare', 'Cloudflare CDN', 'Content Delivery Network', 'Easy Pie Chart', 'GZIP Module', 'Google Analytics', 'Google Cloud DNS', 'Google Font API', 'IcoMoon', 'Joomla!', 'K2', 'Nginx', 'RokNavMenu', 'Tailwind CSS', 'UTF-8', 'VirtueMart', 'YouTube', 'jQuery']"
sideofthewoods.com,"Nature-Inspired Clothing in Woodside, CA - Side of the Woods",,,72,46773,2026-09-13T14:04:43.865586804Z,"['Alternate Protocol', 'Amazon WAF Blocked', 'Apture Linking Platform', 'Beaver Builder Lite', 'Cloudflare', 'CoBlocks', 'Content Delivery Network', 'Contento', 'EmbedPress', 'FiboSearch', 'GitHub Hosting', 'GoDaddy', 'Google', 'Google Cloud DNS', 'Google Font API', 'Google My Business', 'Gravity Forms', 'Instagram Follow Button', 'Line2', 'Max Mega Menu Pro', 'Microdata for Google Shopping', 'PHP', 'Pagekit', 'QUIC', 'Schema Plugin', 'Simple Banner for Wordpress', 'SiteW', 'TI WooCommerce Wishlist', 'UTF-8', 'WP Rocket', 'Wangsu', 'Website Tonight', 'Woo Themes', 'WooCommerce', 'WooCommerce Checkout', 'WordPress', 'WordPress Multisite', 'Yandex Hosting', 'YouTube', 'jQuery']"
velcontractors.com,Home - Fireproofing Protection & Electrical Works | VEL Construction Pte Ltd,,SGP,77,66366,2026-09-13T14:04:43.863780613Z,"['Alternate Protocol', 'CDN JS', 'Cloudflare', 'Cloudflare CDN', 'Divi', 'Elegant Themes', 'EmbedPress', 'Fireblade', 'Google Cloud DNS', 'Google Font API', 'Google Related Website Sites', 'Gtranslate for Wordpress', 'Instagram Follow Button', 'LiteSpeed', 'Microdata for Google Shopping', 'PHP', 'QUIC', 'SMC', 'Theme In WP', 'UTF-8', 'WhatsApp Sharing', 'Woo Themes', 'WordPress', 'WordPress Multisite', 'YouTube', 'jQuery']"
mariachismexicanisimoencharlotte.com,Home | Mariachi Mexicanisimo,,USA,77,597,2026-09-13T14:04:43.863614082Z,"['Apache', 'CDN JS', 'Cloudflare', 'Cloudflare CDN', 'Fancybox for WordPress', 'Flat Icon', 'GZIP Module', 'IcoMoon', 'Lineicons', 'jQuery']"
intlherald.com,International Herald - A Journal of Global Thought & Economic History,,,62,83999,2026-09-13T14:04:43.862962069Z,"['AWS WAF Challenge', 'Apture Linking Platform', 'Cloudflare', 'Cloudflare CDN', 'Cornerstone', 'Express', 'Fireblade', 'Google', 'Google Adsense', 'Google Cloud DNS', 'Google Font API', 'Google Funding Choices', 'Google Matched Content', 'Google Reseller', 'Gravity', 'InitiativeS', 'NFOrce Internet', 'Next.js', 'Pleroma', 'QUIC', 'SMC', 'UTF-8', 'Underscores', 'eLand']"
hamsonapparels.com,Buy Hamson products online at best prices on https://hamsonapparels.com,,IND,72,3400,2026-09-13T14:04:43.862173891Z,"['AJAX Libraries API', 'Amazon', 'Amazon CloudFront', 'Apture Linking Platform', 'CDN JS', 'CloudFront', 'Cloudflare', 'Cloudflare CDN', 'Express', 'Facebook Login', 'Facebook Messenger Platform', 'Facebook Pixel', 'Facebook Reseller', 'GZIP Module', 'Google Analytics', 'Google Cloud DNS', 'Google Related Website Sites', 'Google Tag Manager', 'Instagram Follow Button', 'Microsoft Clarity', 'Nginx', 'Sentry', 'UTF-8']"
thedoshierteam.com,Outer Banks Real Estate | OBX Realtors | Outer Banks Realty,The Doshier Team,USA,87,20006,2026-09-13T14:04:43.857623172Z,"['Alternate Protocol', 'CDN JS', 'Cloudflare', 'Cloudflare CDN', 'Content Delivery Network', 'EmbedPress', 'Fastly', 'Fireblade', 'GenerateBlocks', 'Google My Business', 'Microdata for Google Shopping', 'Microsoft Clarity', 'PHP', 'QUIC', 'Sitelinks Search Box', 'StackPath', 'Theme In WP', 'UTF-8', 'Ultimate Addons for Gutenberg', 'Widget Options', 'WordPress', 'WordPress Multisite', 'jQuery']"
garagedoorrepairbc.ca,Garage Door Repair Vancouver: 15 Min Response | Abell Garage Doors,,CAN,77,249306,2026-09-13T14:04:43.856767332Z,"['Alternate Protocol', 'Autoptimize', 'Birdeye', 'CCSI', 'Cloudflare', 'DAV', 'EmbedPress', 'Express', 'Fireblade', 'Font Awesome', 'FreeBSD', 'GZIP Module', 'GitHub Hosting', 'Google Analytics', 'Google My Business', 'Google Related Website Sites', 'Google Tag Manager', 'Instagram Follow Button', 'KVH', 'KeyCDN', 'Microdata for Google Shopping', 'Nginx', 'PHP', 'Perl', 'Python', 'QUIC', 'Salesforce Hosted', 'Shopware', 'Sitelinks Search Box', 'Theme In WP', 'UTF-8', 'University or College', 'Vector Internet Services', 'WP Fastest Cache', 'Waveform Technology', 'WordPress', 'WordPress Related Posts', 'Yandex Hosting', 'Yelp Badge', 'YouTube', 'reCAPTCHA', 'symfony PHP Framework']"
globecollege.co.uk,Explore Education Excellence With Us - Globe College,Globe College,,82,19831,2026-09-13T14:04:43.8542114Z,"['Adult Content', 'Alternate Protocol', 'Cloudflare', 'Content Delivery Network', 'EmbedPress', 'Everest Forms', 'GoDaddy', 'Google', 'Google Cloud DNS', 'Google Font API', 'Microdata for Google Shopping', 'NFOrce Internet', 'PHP', 'QUIC', 'Theme In WP', 'UTF-8', 'University or College', 'Wangsu', 'Woo Themes', 'WordPress', 'WordPress Multisite', 'ZAKRA', 'jQuery']"
unbankablebrand.com,unBankable Brand,,USA,82,18740,2026-09-13T14:04:43.853519798Z,"['Alternate Protocol', 'Authorize.net', 'Cloudflare', 'Cloudflare Web Analytics', 'Content Delivery Network', 'DAV', 'Fireblade', 'Google', 'Google Cloud CDN', 'Google Cloud DNS', 'Google Cloud Storage', 'Google Font API', 'Instagram Follow Button', 'Investor Relations', 'Nuxt.js', 'Thank You', 'UTF-8', 'YouTube']"
chinahousemi966.com,China House Chinese Restaurant,,GBR,62,420,2026-09-13T14:04:43.853444194Z,"['CDN JS', 'Cloudflare', 'Cloudflare CDN', 'Content Delivery Network', 'Google Analytics', 'Google My Business', 'Google Tag Manager', 'Line2', 'Netlify', 'Next.js', 'Pleroma', 'UTF-8']"
cyrilvincentmusic.com,Cyril Vincent | Compositeur,,FRA,75,2539,2026-09-13T14:04:43.850210359Z,"['AJAX Libraries API', 'CDN JS', 'Cloudflare', 'Cloudflare CDN', 'Facebook Login', 'Facebook Reseller', 'Font Awesome', 'Google', 'Google Cloud DNS', 'Google Font API', 'Instagram Follow Button', 'PHP', 'Tailwind CSS', 'Twitter Ads', 'UTF-8', 'jQuery']"
princewilliamcommercialrealestate.com,Commercial Real Estate Services in Northern Virginia | Weber Rector,,USA,77,38519,2026-09-13T14:04:43.850319935Z,"['AWS WAF Challenge', 'Alternate Protocol', 'Amazon WAF Blocked', 'Authorize.net', 'Buildout', 'Bunny Fonts', 'Cloudflare', 'Cloudflare CDN', 'Cloudflare Web Analytics', 'Content Delivery Network', 'Cornerstone', 'Fireblade', 'Google', 'Google Analytics', 'Google Cloud CDN', 'Google Cloud DNS', 'Google Cloud Storage', 'Google Related Website Sites', 'Google Tag Manager', 'Nuxt.js', 'QUIC', 'Tailwind CSS', 'UTF-8']"
buildx.uk,"BuildX Builders, Norwich",BuildX Builders Ltd - Norwich BuildX Builders,GBR,92,18870,2026-09-13T14:04:43.846560519Z,"['AWS WAF Challenge', 'Alternate Protocol', 'Astra Theme', 'Cloudflare', 'Cloudflare CDN', 'Contact Form Plugin', 'Content Delivery Network', 'Elementor', 'EmbedPress', 'GenerateBlocks', 'Google', 'Google Analytics', 'Google Cloud CDN', 'Google Cloud DNS', 'Google Font API', 'Google My Business', 'Google Related Website Sites', 'Google Tag Manager', 'Instagram Follow Button', 'LiteSpeed', 'Microdata for Google Shopping', 'MonsterInsights', 'PHP', 'Photo Gallery for WordPress', 'UTF-8', 'Ultimate Addons for Gutenberg', 'WordPress', 'WordPress Multisite', 'jQuery']"
prostate-online.com,Prostate Online,,GBR,75,15218,2026-09-13T14:04:43.841049682Z,"['Adult Content', 'Alternate Protocol', 'Cloudflare', 'Cloudflare CDN', 'Content Delivery Network', 'EmbedPress', 'Fireblade', 'Google Cloud DNS', 'Google Font API', 'LiteSpeed', 'Microdata for Google Shopping', 'Newsmag', 'Newspaper', 'PHP', 'UTF-8', 'WPBakery', 'WordPress', 'WordPress Multisite', 'jQuery', 'tagDiv Cloud Library']"
dhavalkrpatel.com,Home - dhavalkrpatel.com,dhavalkrpatel.com,AUS,82,20091,2026-09-13T14:04:43.841144896Z,"['AWS WAF Challenge', 'Alternate Protocol', 'Astra Theme', 'Cloudflare', 'Cloudflare CDN', 'Content Delivery Network', 'EmbedPress', 'GenerateBlocks', 'Google', 'Google Analytics', 'Google Cloud DNS', 'Google Font API', 'Google My Business', 'Google Tag Manager', 'LiteSpeed', 'Microdata for Google Shopping', 'Oracle Cloud', 'PHP', 'Theme In WP', 'UTF-8', 'Ultimate Addons for Gutenberg', 'University or College', 'WordPress', 'WordPress Multisite', 'WordPress Related Posts']"
relentlessfitnessandnutrition.com,Relentless Fitness & Nutrition,,,67,18740,2026-09-13T14:04:43.84080249Z,"['Alternate Protocol', 'Authorize.net', 'Cloudflare', 'Cloudflare Web Analytics', 'Content Delivery Network', 'Fireblade', 'Google', 'Google Cloud CDN', 'Google Cloud DNS', 'Google Cloud Storage', 'Google Font API', 'Instagram Follow Button', 'Nuxt.js', 'UTF-8', 'YouTube']"
briarbeautyspala.com,Briar Beauty Spa & Handong Salon,,IDN,62,420,2026-09-13T14:04:43.83743857Z,"['CDN JS', 'Cloudflare', 'Cloudflare CDN', 'Content Delivery Network', 'Google Analytics', 'Google My Business', 'Google Tag Manager', 'Line2', 'Netlify', 'Next.js', 'Pleroma', 'UTF-8']"
altraenterprise.in,Stainless Steel Supplier in Gujarat | SS 304 & 316 Dealer,Altra Enterprise,IND,92,74462,2026-09-13T14:04:43.836747599Z,"['AWS WAF Challenge', 'Adult Content', 'Alternate Protocol', 'Astra Theme', 'CartFlows', 'Cloudflare', 'Cloudflare CDN', 'Content Delivery Network', 'DAV', 'Elementor', 'EmbedPress', 'Ethy', 'Fireblade', 'Gambling Content', 'Google', 'Google Adsense', 'Google Analytics', 'Google Cloud DNS', 'Google Font API', 'Google Funding Choices', 'Google Maps', 'Google Matched Content', 'Google My Business', 'Google Related Website Sites', 'Google Reseller', 'Google Tag Manager', 'Hello Bar', 'Instagram Follow Button', 'Interchange', 'Kitco', 'Line2', 'LiteSpeed', 'Microdata for Google Shopping', 'Microsoft Clarity', 'NFOrce Internet', 'PHP', 'Perl', 'QUIC', 'QUIC.cloud', 'Table Addons for Elementor', 'Thank You', 'The Fresh', 'UTF-8', 'WPForms', 'Woo Themes', 'WooCommerce Checkout', 'WordPress', 'WordPress Multisite', 'YouTube', 'reCAPTCHA', 'shadcn ui']"
makethemostoflife.in,Saloni Sawnani | Clinical Psychologist | Trauma-Informed Therapist,,IND,82,19824,2026-09-13T14:04:43.834574785Z,"['AWS WAF Challenge', 'Alternate Protocol', 'Astra Theme', 'Cloudflare', 'Cloudflare CDN', 'Content Delivery Network', 'Elementor', 'EmbedPress', 'Google', 'Google Cloud DNS', 'Google Font API', 'Google My Business', 'Instagram Follow Button', 'Join.chat', 'LiteSpeed', 'Microdata for Google Shopping', 'NFOrce Internet', 'PHP', 'Theme In WP', 'UTF-8', 'WPForms', 'Woo Themes', 'WordPress', 'WordPress Multisite', 'WordPress Related Posts', 'YouTube', 'jQuery']"
leeacuherbs.com,LEE ACUPUNCTURE AND HERBS – YOUR HEALTH IS YOUR WEALTH,,USA,70,830,2026-09-13T14:04:43.832025301Z,"['Alternate Protocol', 'Cloudflare', 'CoBlocks', 'Contact Form Plugin', 'Content Delivery Network', 'ElementUI', 'EmbedPress', 'GoDaddy', 'Google Cloud DNS', 'Google Font API', 'Instagram Feed for WordPress', 'Instagram Follow Button', 'PHP', 'Slider Revolution', 'Theme In WP', 'UTF-8', 'University or College', 'WP Responsive Menu', 'WPBakery', 'WordPress', 'WordPress Multisite', 'jQuery']"
capitalharbor.us,"Online Trading | Trade CFDs on Crypto, Forex & more with Exnesse Live Exchange",,,77,18266,2026-09-13T14:04:43.82797022Z,"['App Store', 'CDN JS', 'Cloudflare', 'Cloudflare CDN', 'Coming Soon Page', 'ElementUI', 'Financial Services Guide', 'Fireblade', 'Gambling Content', 'Google My Business', 'Google Play', 'JivoSite', 'LiteSpeed', 'QUIC', 'TradingView', 'Trustpilot Reviews for WordPress', 'UTF-8', 'University or College', 'YouTube']"
balianaccountancy.com,Balian Accountancy Inc. – Sales Tax Professionals,,USA,70,17648,2026-09-13T14:04:43.827463666Z,"['501c3 Status Nonprofit', 'AWS WAF Challenge', 'Apture Linking Platform', 'CDN JS', 'Cloudflare', 'Cloudflare CDN', 'Content Delivery Network', 'EmbedPress', 'Fastly', 'Formidable Pro Form', 'GZIP Module', 'Nginx', 'PHP', 'Tailwind CSS', 'Theme In WP', 'UTF-8', 'WordPress', 'WordPress Multisite', 'jQuery']"
stgregoriososcmangalore.com,St.Gregorios Orthodox Syrian Church,,IND,65,2440,2026-09-13T14:04:43.826030527Z,"['CDN JS', 'Cloudflare', 'Cloudflare CDN', 'Google', 'Google Adsense', 'Google Cloud DNS', 'Google Font API', 'Google Funding Choices', 'Google Matched Content', 'Google My Business', 'Google Reseller', 'LiteSpeed', 'QUIC', 'Tailwind CSS', 'UTF-8', 'jsDelivr', 'shadcn ui']"
k5thehometeam.com,K5,,PHL,87,207100,2026-09-13T14:04:43.826453344Z,"['Adult Content', 'Amazon', 'Amazon Associates Affiliate Shop', 'Amazon CloudFront', 'Amazon WAF Blocked', 'CDN JS', 'Chartbeat', 'CloudFront', 'Cloudflare', 'Cloudflare CDN', 'Contento', 'Fastly CDN', 'FreeCSSTemplates', 'GZIP Module', 'Google Analytics', 'Google Tag Manager', 'Microdata for Google Shopping', 'OpenResty', 'Perl', 'Piano', 'PubMatic Direct', 'Pubmatic', 'Queryly', 'Smart App Banner', 'Taboola Direct', 'Taboola Reseller', 'Tailwind CSS', 'UTF-8', 'University or College', 'shadcn ui']"
meemwebtech.com,Meem Webtech – SEO & Web Development Company in Himatnagar,Anjuman Ranavadiya,IND,82,1926,2026-09-13T14:04:43.826640957Z,"['Alternate Protocol', 'CDN JS', 'Cloudflare', 'Cloudflare CDN', 'Contact Form Plugin', 'Elementor', 'EmbedPress', 'Google Cloud DNS', 'Google Font API', 'Instagram Follow Button', 'Microdata for Google Shopping', 'NFOrce Internet', 'PHP', 'QUIC', 'QuadLayers', 'Royal Elementor Addons', 'Sitelinks Search Box', 'UTF-8', 'WordPress', 'WordPress Multisite', 'jQuery']"
boxtoboxfootball.com.au,Box To Box Football | Premium Football Training Kits Australia,Box To Box Football,AUS,77,8280,2026-09-13T14:04:26.151363224Z,"['Apture Linking Platform', 'Baidu Cloud', 'Cloudflare', 'Cloudflare CDN', 'Cowlendar', 'Microdata for Google Shopping', 'QUIC', 'Shopify', 'Shopify Collabs', 'Shopify Payments', 'UTF-8', 'Yandex Hosting', 'eLand', 'hCaptcha', 'reCAPTCHA']"
postdragondirect.com,PostDragon — Targeted Direct Mail for Home Service Contractors,PostDragon,USA,77,,2026-09-13T14:01:26.155329604Z,"['Better Lead Generation Services', 'Cloudflare', 'Cloudflare CDN', 'Cloudflare Web Analytics', 'Content Delivery Network', 'Microdata for Google Shopping', 'Next.js', 'Pleroma', 'Tailwind CSS', 'UTF-8', 'shadcn ui']"
pikevilleymca.org,Welcome to the Y | Pikeville Area Family YMCA,,GBR,70,3839,2026-09-13T13:50:29.739318159Z,"['Backdrop', 'CDN JS', 'Cloudflare', 'Cloudflare CDN', 'Content Delivery Network', 'Create React App', 'DAV', 'Drupal', 'ETranslate', 'Font Awesome', 'GTranslate', 'GZIP Module', 'Google Cloud DNS', 'Google Cloud Storage', 'Google My Business', 'Instagram Follow Button', 'Nginx', 'PHP', 'Pleroma', 'UTF-8', 'jQuery']"
tadecapital.com,Tade Capital,,USA,75,2498,2026-09-13T13:50:29.738107215Z,"['Alternate Protocol', 'Cloudflare', 'CoBlocks', 'Content Delivery Network', 'Elementor', 'EmbedPress', 'GoDaddy', 'NFOrce Internet', 'PHP', 'QUIC', 'Table Addons for Elementor', 'Theme In WP', 'UTF-8', 'University or College', 'Vello', 'WordPress', 'WordPress Multisite', 'jQuery']"
worldwateracademy.com,World Water Academy – Interactive practical training for professionals in the watersector,,NLD,65,27010,2026-09-13T13:50:29.738777685Z,"['Alternate Protocol', 'Amazon', 'Amazon WAF Blocked', 'CDN JS', 'Cloudflare', 'Cloudflare CDN', 'Corporate Governance and Regulatory Compliance', 'Cybot', 'EmbedPress', 'Fireblade', 'Font Awesome', 'GZIP Module', 'Google', 'Google Analytics', 'Google My Business', 'Google Tag Manager', 'Gravity', 'Gravity Forms', 'Lazy Load for WordPress', 'QUIC', 'SearchWP', 'Tailwind CSS', 'UTF-8', 'University or College', 'Vector Internet Services', 'WP Rocket', 'WordPress', 'WordPress Multisite', 'YouTube', 'jQuery', 'reCAPTCHA', 'shadcn ui']"
gochrist.com,"Discover Your Purpose in Christ | Awaken, Repent, Return with goChrist",,,67,3740,2026-09-13T13:50:29.736029426Z,"['Alternate Protocol', 'Authorize.net', 'Cloudflare', 'Cloudflare Web Analytics', 'Content Delivery Network', 'Google', 'Google Analytics', 'Google Cloud CDN', 'Google Cloud DNS', 'Google Cloud Storage', 'Google Font API', 'Google Tag Manager', 'Instagram Follow Button', 'Nuxt.js', 'UTF-8', 'YouTube']"
xocogan.com,Xocogan,,USA,72,17176,2026-09-13T13:50:29.735086797Z,"['Alternate Protocol', 'Aruba', 'Cloudflare', 'Cloudflare CDN', 'Content Delivery Network', 'Fireblade', 'Giropay', 'Google Tag Manager', 'IcoMoon', 'Nuxt.js', 'Oddle', 'SiteW', 'Subversion', 'Tailwind CSS', 'Umbler', 'eLand', 'shadcn ui']"
wiseowlglassandmetal.com,Wise Owl Glass & Metal,,USA,60,163,2026-09-13T13:50:29.735793872Z,"['Agoda', 'Alternate Protocol', 'Cloudflare', 'CoBlocks', 'Content Delivery Network', 'EmbedPress', 'GoDaddy', 'Google', 'Google Cloud DNS', 'Google Font API', 'PHP', 'Theme In WP', 'UTF-8', 'WordPress', 'WordPress Multisite', 'jQuery']"
vpfarms.com,VPFarms / Vertical Paradise Farms,,,55,22799,2026-09-13T13:50:29.735251064Z,"['AWS WAF Challenge', 'CDN JS', 'Cloudflare', 'Cloudflare CDN', 'Fireblade', 'Font Awesome', 'Foundation', 'Google Analytics', 'KVH', 'Tailwind CSS', 'The Fresh', 'Twitter Ads', 'UTF-8', 'jQuery', 'jsDelivr']"
abyssiniabusinessnetwork.com,Abyssinia Business Network - Abyssinia Business Network,,ETH,70,41910,2026-09-13T13:50:29.733431653Z,"['Cloudflare', 'Cloudflare CDN', 'EmbedPress', 'Fastly', 'Fireblade', 'Google', 'Google Adsense', 'Google Cloud CDN', 'Google Cloud DNS', 'Google Font API', 'Google Funding Choices', 'Google Matched Content', 'Google Reseller', 'HMDG', 'InitiativeS', 'LiteSpeed', 'Microdata for Google Shopping', 'NFOrce Internet', 'PHP', 'QUIC', 'QUIC.cloud', 'Schema Plugin', 'Tailwind CSS', 'Twitter Ads', 'UTF-8', 'WPBakery', 'WordPress', 'WordPress Multisite', 'WordPress Related Posts', 'YouTube']"
bepnamboxua.com,Bích Vân HomeStay,,THA,60,63,2026-09-13T13:50:29.732961245Z,"['CDN JS', 'Cloudflare', 'Cloudflare CDN', 'Google', 'Google Cloud DNS', 'Google Font API', 'Google My Business', 'LiteSpeed', 'PHP', 'Tailwind CSS', 'UTF-8', 'jsDelivr', 'shadcn ui']"
sharecuterieottawa.ca,Charcuterie & Grazing Boards Ottawa | Sharecuterie 2 Go,,USA,77,321836,2026-09-13T13:50:29.731163427Z,"['34SP.com', 'AAPT', 'Adult Content', 'Alternate Protocol', 'Amazon WAF Blocked', 'Apache', 'Apture Linking Platform', 'Apyl', 'CCSI', 'CDN JS', 'Cloudflare', 'Cloudflare CDN', 'Coming Soon Page', 'DAV', 'Endis', 'Ethy', 'Fastly', 'Federal Deposit Insurance Corporation', 'Financial Services Guide', 'GZIP Module', 'Google', 'Google Analytics', 'Google Cloud DNS', 'Google Font API', 'Google My Business', 'Google Tag Manager', 'HHVM', 'HMDG', 'Hexo', 'IPFS', 'Idaq', 'Instagram Follow Button', 'K2F', 'KVH', 'Krypt Technologies', 'M247', 'Microdata for Google Shopping', 'NFOrce Internet', 'Nationwide Mortgage Licensing System and Registry', 'No-Q', 'O2MC Dimml', 'ON24', 'Onyx Internet', 'PWA', 'Perl', 'Phew', 'QUIC', 'SMC', 'Shopify', 'Silicon Valley Web Hosting', 'Subversion', 'Thank You', 'The Fresh', 'UTF-8', 'University or College', 'Unix', 'Vimeo', 'W3 Total Cache', 'YouTube', 'Zope', 'eLand', 'jsDelivr']"
alexandergates.net,Alexander Gates,,GBR,77,5167,2026-09-13T13:50:29.729936589Z,"['Alternate Protocol', 'Apture Linking Platform', 'Bulma', 'CDN JS', 'Cloudflare', 'Cloudflare CDN', 'Content Delivery Network', 'Fastly', 'Font Awesome', 'GZIP Module', 'GitHub Hosting', 'Google', 'Google Cloud DNS', 'Google Font API', 'Google My Business', 'Microdata for Google Shopping', 'Netlify', 'Python', 'Twitter Ads', 'UTF-8', 'University or College', 'jQuery']"
bowmanpaintinginc.com,Interior and Exterior Painting | Bowman Painting Inc.,,USA,82,43679,2026-09-13T13:50:29.729044646Z,"['Alternate Protocol', 'Apture Linking Platform', 'Beaver Builder Lite', 'Cloudflare', 'CoBlocks', 'Content Delivery Network', 'Contento', 'EmbedPress', 'GoDaddy', 'Google', 'Google Cloud DNS', 'Google Font API', 'Gravity Forms', 'Instagram Follow Button', 'Microdata for Google Shopping', 'PHP', 'Pagekit', 'Schema Plugin', 'Theme In WP', 'Twitter Ads', 'UTF-8', 'WP Rocket', 'Wangsu', 'Website Tonight', 'WordPress', 'WordPress Multisite', 'Yelp Badge', 'jQuery']"
msahti.com,Msahti - Home,,JOR,67,15000,2026-09-13T13:50:29.728773297Z,"['Bulma', 'Cloudflare', 'Cloudflare CDN', 'Fireblade', 'LiteSpeed', 'UTF-8', 'jQuery']"
solana.az,Home | Solana Azerbaijan,,AZE,62,40,2026-09-13T13:50:29.728174866Z,"['Cloudflare', 'Cloudflare CDN', 'Cloudflare Web Analytics', 'Google Cloud DNS', 'Google Font API', 'Telegram', 'Twitter Ads', 'UTF-8']"
northernweldingandrepair.com,"Welding Services in Inman, SC | Northern Welding & Repair",,USA,77,3767,2026-09-13T13:50:29.727575563Z,"['Adult Content', 'Alternate Protocol', 'Cloudflare', 'Elementor', 'EmbedPress', 'FormSubmit', 'Google', 'Google Cloud CDN', 'Google Cloud DNS', 'Google Font API', 'Google My Business', 'Header, Footer and Blocks for Elementor', 'Hello Elementor', 'IcoMoon', 'Jeg Elementor Kit', 'LiteSpeed', 'Metform Elemento', 'Microdata for Google Shopping', 'PHP', 'QUIC', 'Theme In WP', 'UTF-8', 'WPForms', 'WordPress', 'WordPress Multisite', 'jQuery']"
ripleychanton.com.au,Home - Ripley Chanton ®,Ripley Chanton ®,,70,34887,2026-09-13T13:50:29.725865407Z,"['AWS WAF Challenge', 'Alternate Protocol', 'Cloudflare', 'Cloudflare CDN', 'Coming Soon Page', 'Content Delivery Network', 'EmbedPress', 'GoDaddy', 'Google', 'Google My Business', 'Instagram Follow Button', 'Microdata for Google Shopping', 'NFOrce Internet', 'Twenty Twenty-Four', 'Twitter Ads', 'UTF-8', 'WPForms', 'Wangsu', 'WordPress', 'WordPress Multisite']"
p4mcoaching.com,Performance Coaching That Compounds | P4M Coaching,P4M Coaching,GBR,82,19900,2026-09-13T13:50:29.725609582Z,"['AWS WAF Challenge', 'Adult Content', 'Alternate Protocol', 'Astra Theme', 'Cloudflare', 'Cloudflare CDN', 'Content Delivery Network', 'Elementor', 'EmbedPress', 'GoDaddy', 'Google', 'Google Analytics', 'Google Cloud DNS', 'Google Font API', 'Google My Business', 'Google Tag Manager', 'Header, Footer and Blocks for Elementor', 'Instagram Follow Button', 'Microdata for Google Shopping', 'NFOrce Internet', 'PHP', 'QUIC', 'Site Kit', 'The Post Grid', 'Theme In WP', 'UTF-8', 'Woo Themes', 'WordPress', 'WordPress Multisite', 'WordPress Related Posts', 'jQuery']"
homesurround.com,"Homesurround - Audio/Video, Computers, IT/Network Design Install -","Homesurround - Audio/Video, Computers, IT/Network Design Install",USA,87,19496,2026-09-13T13:50:29.723767237Z,"['AWS WAF Challenge', 'Alternate Protocol', 'Aruba', 'Better Lead Generation Services', 'Cloudflare', 'Cloudflare CDN', 'Content Delivery Network', 'Elementor', 'EmbedPress', 'Futurio', 'Google', 'Google My Business', 'LiteSpeed', 'Microdata for Google Shopping', 'NFOrce Internet', 'PHP', 'QUIC', 'Tailwind CSS', 'Theme In WP', 'UTF-8', 'Woo Themes', 'WordPress', 'WordPress Multisite', 'jQuery']"
angiemayopsychotherapy.com,"Angie Mayo Psychotherapy in Charlotte, NC",Angie Mayo Psychotherapy,USA,92,66309,2026-09-13T13:50:29.721879143Z,"['Adobe Creative Cloud WebFonts', 'Alternate Protocol', 'Aruba', 'Cloudflare', 'Cloudflare CDN', 'Express', 'Fireblade', 'FormSubmit', 'Google Analytics', 'Google Tag Manager', 'Line2', 'Microdata for Google Shopping', 'QUIC', 'SMC', 'Squarespace', 'UTF-8', 'University or College', 'WordPress SEO Structured Data Schema Plugin', 'eLand']"
istanbulsultansacademy.com,Anasayfa -,,TUR,62,18061,2026-09-13T13:50:29.720116209Z,"['AWS WAF Challenge', 'Alternate Protocol', 'Astra Theme', 'Cloudflare', 'Cloudflare CDN', 'Elementor', 'EmbedPress', 'Google', 'Google Analytics', 'Google Cloud CDN', 'Google Cloud DNS', 'Google Font API', 'Google My Business', 'Google Tag Manager', 'Instagram Follow Button', 'Microdata for Google Shopping', 'MonsterInsights', 'PHP', 'Sitelinks Search Box', 'Theme In WP', 'UTF-8', 'Woo Themes', 'WordPress', 'WordPress Multisite', 'WordPress Related Posts', 'jQuery']"
frankvescirealtor.com,Frank Vesci,,USA,72,38720,2026-09-13T13:50:29.720640467Z,"['AJAX Libraries API', 'Alternate Protocol', 'Apache', 'Apture Linking Platform', 'Beaver Builder Lite', 'Bulma', 'CDN JS', 'Cloudflare', 'Cloudflare CDN', 'Debian', 'DuracellTomi Google Tag Manager for WordPress', 'EmbedPress', 'Font Awesome', 'GZIP Module', 'Google Analytics', 'Google Cloud DNS', 'Google Font API', 'Google Maps', 'Google My Business', 'Google Tag Manager', 'Homes.com CMS', 'LeadRouter', 'MoxiWorks', 'PHP', 'Prospective', 'QUIC', 'Sitelinks Search Box', 'Thank You', 'Twitter Ads', 'UTF-8', 'WordPress', 'WordPress Multisite', 'jQuery', 'jsDelivr', 'reCAPTCHA']"
axamate.com,Modern Luxury Chandelier & Custom Light Fixture – Axamate Lighting,Axamate Lighting,,77,28594,2026-09-13T13:50:29.720731385Z,"['AJAX Libraries API', 'Alternate Protocol', 'Amazon WAF Blocked', 'Apture Linking Platform', 'Baidu Cloud', 'Bing Cashback', 'Bing Conversion Tracking', 'ByteDance', 'Cloudflare', 'Cloudflare CDN', 'Express', 'Facebook Conversion Tracking', 'Facebook Login', 'Facebook Messenger Platform', 'Facebook Pixel', 'Facebook Reseller', 'Facebook Tag API', 'Fancybox for WordPress', 'Fireblade', 'Google Analytics', 'Google Cloud DNS', 'Google Related Website Sites', 'Google Tag Manager', 'IcoMoon', 'Instagram Follow Button', 'Microdata for Google Shopping', 'Microsoft Clarity', 'NFOrce Internet', 'No-Q', 'OpenAI', 'Pinterest Conversion Tracking', 'QUIC', 'Reddit Conversion Tracking', 'Shopify', 'Shopify Collabs', 'Thank You', 'TikTok Conversion Tracking Pixel', 'Twitter Ads', 'Twitter Analytics', 'UTF-8', 'Yandex Hosting', 'YouTube', 'hCaptcha', 'reCAPTCHA']"
leacademy.asia,Le Academy - Hệ thông đào tạo Lập trình viên & Kiểm thử phần mềm chuyên nghiệp,,THA,82,7240,2026-09-13T13:50:29.716002974Z,"['CDN JS', 'Cloudflare', 'Cloudflare CDN', 'Content Delivery Network', 'Facebook Conversion Tracking', 'Facebook Customer Chat SDK', 'Facebook Login', 'Facebook Messenger Platform', 'Facebook Pixel', 'Facebook Reseller', 'Facebook Tag API', 'Fastly', 'GZIP Module', 'GitHub Hosting', 'Google', 'Google Analytics', 'Google Cloud DNS', 'Google Font API', 'Google Tag Manager', 'Jekyll', 'Microdata for Google Shopping', 'QUIC', 'StackPath', 'Tailwind CSS', 'UTF-8', 'YouTube']"
daveswooddesign.com,Daves Wood Designs | Handcrafted Wooden Gifts,,,62,90493,2026-09-13T13:50:29.714617876Z,"['Alternate Protocol', 'Amazon WAF Blocked', 'Apture Linking Platform', 'Cloudflare', 'Content Delivery Network', 'DAV', 'Ecwid Ecommerce Shopping Cart', 'Express', 'Fastly', 'Fastly CDN', 'GZIP Module', 'Google Related Website Sites', 'Microdata for Google Shopping', 'NFOrce Internet', 'POWr', 'PWA', 'QUIC', 'SMC', 'Seflow Italy', 'Sentry', 'SiteW', 'Sitelinks Search Box', 'Thank You', 'UTF-8', 'Vector Internet Services', 'Wix', 'Wix Media', 'mlcom']"
devraiartvillage.com,"Devrai Art Village | Handcrafted Art, Metal Craft & Workshops in Panchgani",Devrai Art Village,IND,77,64170,2026-09-13T13:50:29.711214762Z,"['AWS WAF Challenge', 'Alternate Protocol', 'CDN JS', 'Cloudflare', 'Cloudflare CDN', 'ElementUI', 'Elementor', 'EmbedPress', 'Express', 'Facebook Conversion Tracking', 'Facebook Login', 'Facebook Messenger Platform', 'Facebook Pixel', 'Facebook Reseller', 'Facebook Tag API', 'FiboSearch', 'Financial Services Guide', 'FormSubmit', 'Google Analytics', 'Google Cloud DNS', 'Google Font API', 'Google Maps', 'Google My Business', 'Google Tag Manager', 'HMDG', 'Hello Elementor', 'Instagram Follow Button', 'K2F', 'LiteSpeed', 'Microdata for Google Shopping', 'NFOrce Internet', 'No-Q', 'PHP', 'Subversion', 'Theme In WP', 'TrustIndex', 'UTF-8', 'University or College', 'Woo Themes', 'WooCommerce', 'WooCommerce Checkout', 'WordPress', 'WordPress Multisite', 'YouTube', 'jQuery', 'reCAPTCHA']"
melville18.co.uk,"Melville and Co Chartered Accountants Barrow in Furness, Cumbria",,GBR,77,186116,2026-09-13T13:50:29.710380344Z,"['Alternate Protocol', 'Amazon WAF Blocked', 'Cloudflare', 'Content Delivery Network', 'DAV', 'DuracellTomi Google Tag Manager for WordPress', 'EmbedPress', 'Event Tickets for Wordpress', 'Fireblade', 'FreeBSD', 'Google', 'Google Analytics', 'Google Cloud CDN', 'Gravity', 'Gravity Forms', 'KeyCDN', 'LiteSpeed', 'Microdata for Google Shopping', 'PHP', 'Python', 'QUIC', 'Salesforce Hosted', 'Shopware', 'SiteW', 'Slider Revolution', 'The Events Calendar', 'ThemeFusion', 'Twitter Ads', 'UTF-8', 'University or College', 'Vector Internet Services', 'Woo Themes', 'WordPress', 'WordPress Multisite', 'WordPress Related Posts', 'Yandex Hosting', 'eLand', 'jQuery', 'symfony PHP Framework']"
vinhphatsg.com,Dịch Vụ Booking PR Báo Điện Tử - Vinh Phát SG | Nhận Booking PR Báo Chí,Vinh Phát SG,THA,77,17254,2026-09-13T13:50:29.709092726Z,"['Alternate Protocol', 'Cloudflare', 'Cloudflare CDN', 'Cloudflare Web Analytics', 'Content Delivery Network', 'EmbedPress', 'Express', 'Fireblade', 'Flatsome', 'Font Awesome', 'Google Analytics', 'Google Tag Manager', 'IcoMoon', 'LiteSpeed', 'Microdata for Google Shopping', 'NFOrce Internet', 'PHP', 'Sitelinks Search Box', 'Tailwind CSS', 'UTF-8', 'Woo Themes', 'WordPress', 'WordPress Multisite', 'jQuery']"
habitatinvestors.com,Habitat Real Estate Investments - We Buy Houses in Miami,,USA,70,3256,2026-09-13T13:50:29.708873444Z,"['AJAX Libraries API', 'CDN JS', 'Cloudflare', 'Cloudflare CDN', 'Content Delivery Network', 'Fastly', 'Font Awesome', 'Formspree', 'GZIP Module', 'GitHub Hosting', 'Google Cloud DNS', 'IcoMoon', 'QUIC', 'Thank You', 'UTF-8', 'jQuery']"
hvdatashiftue.ru,Истёк срок регистрации домена,,UKR,55,3,2026-09-13T13:50:29.707384813Z,"['CDN JS', 'Cloudflare', 'Cloudflare CDN', 'GZIP Module', 'Google Cloud DNS', 'Google Font API', 'Nginx']"
fpstravelcover.org.uk,Forces Pension Service Travel Insurance,,,82,231644,2026-09-13T13:50:29.706803357Z,"['Alternate Protocol', 'Amazon WAF Blocked', 'BLR', 'Cloudflare', 'Column Shortcodes', 'Content Delivery Network', 'DAV', 'EmbedPress', 'Event Tickets for Wordpress', 'Font Awesome', 'FreeBSD', 'Google', 'Google Analytics', 'Google Cloud CDN', 'Google Tag Manager', 'Gravity', 'Gravity Forms', 'IcoMoon', 'KeyCDN', 'LiteSpeed', 'Microdata for Google Shopping', 'PHP', 'Python', 'QUIC', 'SMC', 'Salesforce Hosted', 'Shopware', 'SiteW', 'The Events Calendar', 'Theme In WP', 'ThemeFusion', 'Tumblr', 'UTF-8', 'University or College', 'Vector Internet Services', 'WP jQuery Lightbox', 'Woo Themes', 'WordPress', 'WordPress Multisite', 'WordPress Related Posts', 'Yandex Hosting', 'jQuery', 'symfony PHP Framework']"
undiruv.uz,Undiruv.uz - Қарздорликни ундириш эко тизими,,,67,40,2026-09-13T13:50:29.705638403Z,"['CDN JS', 'Cloudflare', 'Cloudflare CDN', 'Content Delivery Network', 'Engintron', 'GZIP Module', 'Google Analytics', 'Google Cloud DNS', 'Google Maps', 'Nginx', 'PWA', 'Placehold IT']"
anwaargroup.com,Anwaar Group,,GHA,65,20463,2026-09-13T13:50:29.704887191Z,"['AWS WAF Challenge', 'Alternate Protocol', 'Apture Linking Platform', 'Automattic', 'Cloudflare', 'Cloudflare CDN', 'Contact Form Plugin', 'Content Delivery Network', 'Cornerstone', 'Elementor', 'EmbedPress', 'GoDaddy', 'Google', 'Google Cloud DNS', 'Google Font API', 'Google My Business', 'Jetpack', 'NFOrce Internet', 'PHP', 'QUIC', 'Slider Revolution', 'Table Addons for Elementor', 'Theme In WP', 'UTF-8', 'Woo Themes', 'WordPress', 'WordPress Multisite', 'WordPress Related Posts', 'WordPress Stats', 'jQuery']"
toadallyivy.com,Illustrations - Ivy Chen Illustration,,,42,8856,2026-09-13T13:50:29.700187393Z,"['Apture Linking Platform', 'Cloudflare', 'Content Delivery Network', 'DC74', 'Fireblade', 'Format', 'FreeBSD', 'GitHub Hosting', 'Google Analytics', 'Google Tag Manager', 'Heroku', 'Instagram Follow Button', 'UTF-8']"
id-rent-that.com,Boise Trailer Rentals,,,67,22304,2026-09-13T13:50:29.700835498Z,"['Alternate Protocol', 'Authorize.net', 'Bunny Fonts', 'Cloudflare', 'Cloudflare Web Analytics', 'Content Delivery Network', 'Fireblade', 'Google', 'Google Cloud CDN', 'Google Cloud DNS', 'Google Cloud Storage', 'HighLevel', 'Nuxt.js', 'UTF-8']"
theintlpost.com,The International Post,,,52,26323,2026-09-13T13:50:29.699048897Z,"['AWS WAF Challenge', 'Amazon', 'Apture Linking Platform', 'Booking Affiliate', 'Cloudflare', 'Cloudflare CDN', 'Corporate Governance and Regulatory Compliance', 'Express', 'Fireblade', 'Google', 'Google Adsense', 'Google Cloud DNS', 'Google Font API', 'Google Funding Choices', 'Google Matched Content', 'Google Reseller', 'Gravity', 'ID Services', 'NFOrce Internet', 'Next.js', 'Pleroma', 'Prospective', 'QUIC', 'SMC', 'Tailwind CSS', 'UTF-8', 'Underscores', 'University or College', 'eLand']"
mimstech.com,Engineering Re-imagined | MIMS Tech,,SGP,67,13200,2026-09-13T13:50:29.694510912Z,"['Cloudflare', 'Content Delivery Network', 'Fastly', 'Google Analytics', 'Google Tag Manager', 'Hubspot Knowledge Base', 'UTF-8']"
flygirlmediagroup.com,Fly Girl Media Group,,,52,7963,2026-09-13T13:50:29.692193211Z,"['Alternate Protocol', 'Authorize.net', 'Cloudflare', 'Cloudflare Web Analytics', 'Content Delivery Network', 'Fireblade', 'Google', 'Google Cloud CDN', 'Google Cloud DNS', 'Google Cloud Storage', 'Google Font API', 'Nuxt.js', 'UTF-8']"
grapplinggarden.ca,The Grappling Garden | Jiu-Jitsu Gym in Hamilton,,CAN,77,21380,2026-09-13T13:50:29.692575257Z,"['Alternate Protocol', 'Authorize.net', 'Cloudflare', 'Cloudflare Web Analytics', 'Content Delivery Network', 'Facebook Conversion Tracking', 'Facebook Pixel', 'Facebook Reseller', 'Facebook Tag API', 'Fireblade', 'Google', 'Google Analytics', 'Google Cloud CDN', 'Google Cloud DNS', 'Google Cloud Storage', 'Google Font API', 'Google Tag Manager', 'Instagram Follow Button', 'Nuxt.js', 'UTF-8', 'Vimeo', 'Vimeo CDN', 'Zen Planner', 'shadcn ui']"
dreamboudoirphotography.com,#1 Toronto Boudoir Photographer | Unleash Your Inner Goddess,,CAN,77,38274,2026-09-13T13:50:29.691979058Z,"['AWS WAF Challenge', 'Adult Content', 'Alternate Protocol', 'Amazon WAF Blocked', 'Apture Linking Platform', 'Authorize.net', 'Cloudflare', 'Cloudflare CDN', 'Cloudflare Web Analytics', 'Content Delivery Network', 'Elegant Themes', 'EmbedPress', 'Express', 'Facebook Conversion Tracking', 'Facebook Pixel', 'Facebook Reseller', 'Facebook Tag API', 'Financial Services Guide', 'Fireblade', 'Font Awesome', 'FreeBSD', 'Google', 'Google Analytics', 'Google Cloud CDN', 'Google Cloud DNS', 'Google Cloud Storage', 'Google Font API', 'Google My Business', 'Google Tag Manager', 'IcoMoon', 'Instagram Feed for WordPress', 'Instagram Follow Button', 'KeyCDN', 'No-Q', 'Ntent', 'Nuxt.js', 'Python', 'QUIC', 'Tailwind CSS', 'Thank You', 'UTF-8', 'University or College', 'WordPress', 'Yandex Hosting', 'YouTube', 'shadcn ui']"
dandp-solutions.com,Home - dandp-solutions.com,dandp-solutions.com,,67,19361,2026-09-13T13:50:29.690914986Z,"['AWS WAF Challenge', 'Alternate Protocol', 'Astra Theme', 'Cloudflare', 'Cloudflare CDN', 'Elementor', 'EmbedPress', 'Google', 'Google Cloud DNS', 'Google Font API', 'Google My Business', 'Microdata for Google Shopping', 'NFOrce Internet', 'PHP', 'Theme In WP', 'UTF-8', 'Woo Themes', 'WordPress', 'WordPress Multisite', 'WordPress Related Posts', 'jQuery']"
elakkiyahtours.in,Elakkiyah Tours & Travels,,IND,77,819,2026-09-13T13:39:36.109173241Z,"['CDN JS', 'Cloudflare', 'Cloudflare CDN', 'Font Awesome', 'Google My Business', 'Google Related Website Sites', 'Instagram Follow Button', 'QUIC', 'Tailwind CSS', 'jsDelivr']"
beyondestimator.com,BEYOND ESTIMATOR,,,57,3243,2026-09-13T13:39:36.109706024Z,"['Apache', 'Bulma', 'CDN JS', 'Cloudflare', 'Cloudflare CDN', 'GZIP Module', 'Google Cloud DNS', 'Google Font API', 'SiteW', 'StackPath', 'Wangsu', 'YouTube']"
stayalivemedical.org,Home - Stay Alive Medicals,Stay Alive Medicals,NGA,70,20640,2026-09-13T13:39:36.107022012Z,"['AWS WAF Challenge', 'Alternate Protocol', 'Astra Theme', 'Automattic', 'Cloudflare', 'Cloudflare CDN', 'Creative Mail by Constant Contact', 'Elementor', 'EmbedPress', 'GZIP Module', 'Google', 'Google Cloud DNS', 'Google Font API', 'Google Maps', 'Google My Business', 'Header, Footer and Blocks for Elementor', 'Jetpack', 'Microdata for Google Shopping', 'NFOrce Internet', 'Nginx', 'PHP', 'Table Addons for Elementor', 'Theme In WP', 'UTF-8', 'WPForms', 'Woo Themes', 'WordPress', 'WordPress Multisite', 'WordPress Related Posts', 'WordPress Stats', 'jQuery']"
door-spec.com,Welcome > Integrated Door Systems > DOORspec,,USA,82,16561,2026-09-13T13:39:36.107179529Z,"['AWS WAF Challenge', 'Alternate Protocol', 'Cloudflare', 'Column Shortcodes', 'Contact Form Plugin', 'Content Delivery Network', 'DoubleClick Bid Manager', 'EmbedPress', 'Express', 'Google Analytics', 'Google Cloud DNS', 'Google Flights Conversion Tracking', 'Google Font API', 'Google My Business', 'Google Related Website Sites', 'Gravity', 'IcoMoon', 'LayerSlider Responsive', 'Microdata for Google Shopping', 'PHP', 'Pleroma', 'QUIC', 'Slider Revolution', 'Theme In WP', 'ThemeFusion', 'UTF-8', 'W3 Total Cache', 'WPML Multilingual', 'WordPress', 'WordPress Multisite', 'WordPress Related Posts', 'jQuery']"
klj-schoonbroek.be,KLJ Schoonbroek: da's voor het leven,,,57,162,2026-09-13T13:39:36.107773043Z,"['Apache', 'Bulma', 'CDN JS', 'Cloudflare', 'Cloudflare CDN', 'Font Awesome', 'GZIP Module', 'Google', 'Google Cloud DNS', 'Google Font API', 'Google Related Website Sites', 'Instagram Follow Button', 'Next.js', 'Pleroma', 'Tailwind CSS']"
waffl.haus,Waffl Haus Homepage,,,52,2263,2026-09-13T13:39:36.105596776Z,"['CDN JS', 'Cloudflare', 'Cloudflare CDN', 'Content Delivery Network', 'Google', 'Google Cloud DNS', 'Google Font API', 'Google Forms', 'Google My Business', 'Netlify', 'RM Education', 'Tailwind CSS', 'Typeform', 'UTF-8', 'Universe']"
irs-whistleblowers.com,Home - Tax Whistleblower Attorney Group,,,75,17050,2026-09-13T13:39:36.101047346Z,"['AWS WAF Challenge', 'Alternate Protocol', 'Cloudflare', 'Content Delivery Network', 'DAV', 'EmbedPress', 'Google Analytics', 'Google Cloud DNS', 'Google Font API', 'Google Tag Manager', 'IcoMoon', 'Line2', 'Microdata for Google Shopping', 'Nectar Slide Plugin', 'PHP', 'QUIC', 'Salient', 'Theme In WP', 'UTF-8', 'WP Engine', 'WPBakery', 'WordPress', 'WordPress Multisite', 'WordPress Related Posts', 'jQuery']"
sfballoonmagic.com,San Francisco's Balloon Magic,San Francisco&#39;s Balloon Magic,VEN,77,13136,2026-09-13T13:39:36.100574805Z,"['Apture Linking Platform', 'Baidu Cloud', 'Cisco/Arrowpoint Content Service Switch', 'Cloudflare', 'Cloudflare CDN', 'Microdata for Google Shopping', 'QUIC', 'Shopify', 'Shopify Collabs', 'UTF-8', 'Yandex Hosting', 'hCaptcha', 'reCAPTCHA']"
floral.so,Gather your company’s knowledge. Put it to work. | Floral,Floral,,82,30000,2026-09-13T13:39:36.098349594Z,"['AWS WAF Challenge', 'Alternate Protocol', 'Apture Linking Platform', 'Cloudflare', 'Cloudflare CDN', 'Content Delivery Network', 'Fireblade', 'GitHub Hosting', 'Microdata for Google Shopping', 'Next.js', 'Tailwind CSS', 'UTF-8', 'shadcn ui']"
tangaroablue.org,Tangaroa Blue - Tangaroa Blue Foundation,Tangaroa Blue,AUS,92,53444,2026-09-13T13:39:36.096753621Z,"['AWS WAF Challenge', 'Agoda', 'Alternate Protocol', 'Astra Theme', 'Cloudflare', 'Content Delivery Network', 'Elegant Themes', 'Elementor', 'EmbedPress', 'Fireblade', 'GiveWP', 'Google Analytics', 'Google My Business', 'Google Tag Manager', 'HubSpot Conversations', 'HubSpot WordPress Plugin', 'Hubspot', 'Instagram Feed for WordPress', 'Instagram Follow Button', 'Lazy Load for WordPress', 'LiteSpeed', 'MailChimp for WordPress', 'Microdata for Google Shopping', 'NFOrce Internet', 'PHP', 'QUIC', 'Stripe', 'Table Addons for Elementor', 'Theme In WP', 'Twitter Ads', 'UTF-8', 'WP Statistics', 'Woo Themes', 'WooCommerce', 'WooCommerce Checkout', 'WordPress', 'WordPress Multisite', 'WordPress Related Posts', 'YouTube', 'jQuery', 'reCAPTCHA']"
rotarydistrict9920.org,Home Page | District 9920,,NZL,75,24468,2026-09-13T13:39:36.096938379Z,"['AWS WAF Challenge', 'Apture Linking Platform', 'AutoComplete', 'Bulma', 'Cloudflare', 'DAV', 'Express', 'Facebook Login', 'Facebook Messenger Platform', 'Facebook Reseller', 'GZIP Module', 'Google', 'Google Analytics', 'Google Tag Manager', 'IcoMoon', 'InitiativeS', 'Microsoft Application Insights', 'Microsoft Azure Blob Storage', 'Perl', 'Tailwind CSS', 'Vector Internet Services']"
buzzsuite.co,Home - Buzzsuite,,,62,29417,2026-09-13T13:39:36.095589879Z,"['AJAX Libraries API', 'AWS WAF Challenge', 'Alternate Protocol', 'Cloudflare', 'Cloudflare CDN', 'Contact Form Plugin', 'Elementor', 'EmbedPress', 'Google', 'Google Analytics', 'Google Cloud DNS', 'Google Font API', 'Google My Business', 'Google Tag Manager', 'Instagram Follow Button', 'Kitco', 'LiteSpeed', 'MailOptin for Wordpress', 'Microdata for Google Shopping', 'Microsoft Clarity', 'NFOrce Internet', 'PHP', 'Site Kit', 'Sitelinks Search Box', 'Theme In WP', 'UTF-8', 'Vector Internet Services', 'WordPress', 'WordPress Multisite', 'YouTube', 'jQuery']"
theembsayeastbypost.com,"The Embsay & Eastby Post – information, news & village history",,GBR,87,20639,2026-09-13T13:39:36.095438671Z,"['AWS WAF Challenge', 'Alternate Protocol', 'Automattic', 'Automattic Direct', 'BatCache', 'Cloudflare', 'Cloudflare CDN', 'EmbedPress', 'Fastly', 'Google', 'Google My Business', 'Gutenberg', 'Jetpack', 'Jetpack Site Accelerator', 'Nginx', 'PHP', 'Perl', 'UTF-8', 'WP Ulike', 'WordPress', 'WordPress Multisite', 'WordPress Stats', 'jQuery']"
cureblindness.org,Cure Blindness Project | Help us create a world in which no one is…,,GBR,87,54401,2026-09-13T13:39:36.094309791Z,"['501c3 Status Nonprofit', 'AJAX Libraries API', 'AWS WAF Challenge', 'Amazon CloudFront', 'CDN JS', 'Charity Navigator', 'Classy', 'CloudFront', 'Cloudflare', 'Cloudflare CDN', 'Curator', 'ETranslate', 'Financial Services Guide', 'Fireblade', 'Font Awesome', 'Google Analytics', 'Google Cloud DNS', 'Google Related Website Sites', 'Google Tag Manager', 'Instagram Follow Button', 'Microdata for Google Shopping', 'ShareThis', 'Twitter Ads', 'VWO Engage', 'Visual Website Optimizer', 'YouTube', 'accessiBe', 'jQuery']"
miniswingacademy.com,Mini Swing Academy | Early Childhood Golf Enrichment Program,,,67,75808,2026-09-13T13:39:36.090598474Z,"['Alternate Protocol', 'Amazon', 'Authorize.net', 'Cloudflare', 'Cloudflare Web Analytics', 'Content Delivery Network', 'Fireblade', 'Google', 'Google Cloud CDN', 'Google Cloud DNS', 'Google Cloud Storage', 'Google Font API', 'Instagram Follow Button', 'NFOrce Internet', 'Nuxt.js', 'REI Reply', 'Replyco', 'SMC', 'Subversion', 'UTF-8', 'ePly', 'shadcn ui']"
freecopygenerator.com,FREE Copy Generator,,,67,38740,2026-09-13T13:39:36.090338723Z,"['Alternate Protocol', 'Authorize.net', 'Cloudflare', 'Cloudflare Web Analytics', 'Content Delivery Network', 'Fireblade', 'Google', 'Google Cloud CDN', 'Google Cloud DNS', 'Google Cloud Storage', 'Google Font API', 'KVH', 'Nuxt.js', 'UTF-8']"
newwayautomation.in,Brionis Casino - Official Site and Play Online Now,Brionis Casino,GBR,87,15468,2026-09-13T13:39:36.088359533Z,"['Alternate Protocol', 'Amazon WAF Blocked', 'Cloudflare', 'Cloudflare CDN', 'Content Delivery Network', 'Fireblade', 'Gambling Content', 'IcoMoon', 'Microdata for Google Shopping', 'Perl', 'QUIC', 'Tailwind CSS']"
cgarchery.in,CHHATTISGARH PRADESH ARCHERY ASSOCIATION,,IND,70,99,2026-09-13T13:39:36.087863105Z,"['Apache', 'CDN JS', 'Cloudflare', 'Cloudflare CDN', 'Content Delivery Network', 'Font Awesome', 'GZIP Module', 'PHP', 'Tailwind CSS', 'UTF-8', 'shadcn ui']"
innotech-med.com,Innotech Medical,,,67,2440,2026-09-13T13:39:36.085953109Z,"['AJAX Libraries API', 'Bulma', 'CDN JS', 'Cloudflare', 'Cloudflare CDN', 'Google', 'Google Cloud DNS', 'Google Font API', 'QUIC', 'Tailwind CSS', 'jQuery', 'jsDelivr']"
losco.com,LOUISIANA OFFICE SOLUTIONS CO.,,,60,10912,2026-09-13T13:39:36.084357907Z,"['AWS WAF Challenge', 'Alternate Protocol', 'Cloudflare', 'Content Delivery Network', 'Contento', 'EmbedPress', 'Google Cloud DNS', 'Google Font API', 'Google My Business', 'IcoMoon', 'Line2', 'Muffin Group', 'PHP', 'QUIC', 'Slider Revolution', 'Subversion', 'Tailwind CSS', 'Theme In WP', 'Twitter Ads', 'UTF-8', 'Visual Composer Ultimate Addons', 'WP Engine', 'WPBakery', 'Woo Themes', 'WordPress', 'WordPress Multisite', 'jQuery']"
hreikin.co.uk,hreikin,,,62,2440,2026-09-13T13:39:36.084449495Z,"['Alternate Protocol', 'CDN JS', 'Cloudflare', 'Cloudflare CDN', 'Content Delivery Network', 'Fastly', 'GZIP Module', 'GitHub Hosting', 'Google Cloud DNS', 'Google Font API', 'Python', 'UTF-8']"
academy-cats.com,Home - CATS Academy,CATS Academy,IND,77,22055,2026-09-13T13:39:36.082156924Z,"['AWS WAF Challenge', 'Alternate Protocol', 'Astra Theme', 'Click to Chat for WhatsApp', 'Cloudflare', 'Cloudflare CDN', 'Content Delivery Network', 'Elementor', 'EmbedPress', 'Essential Addons for Elementor', 'Google', 'Google My Business', 'Gravity', 'Gravity Forms', 'HappyAddons', 'LiteSpeed', 'Microdata for Google Shopping', 'NFOrce Internet', 'Oracle Cloud', 'PHP', 'QUIC', 'Sitelinks Search Box', 'Theme In WP', 'To Top', 'UTF-8', 'Woo Themes', 'WordPress', 'WordPress Multisite', 'WordPress Related Posts', 'YouTube', 'jQuery']"
hermescreative.net,Publishing + Branding + Design,,,55,260,2026-09-13T13:39:36.081870963Z,"['AWS WAF Challenge', 'Alternate Protocol', 'Automattic', 'Cloudflare', 'Cloudflare CDN', 'EmbedPress', 'GZIP Module', 'Google', 'Google My Business', 'Jetpack', 'Nginx', 'PHP', 'Theme In WP', 'Twenty Seventeen', 'UTF-8', 'Woo Themes', 'WooCommerce', 'WooCommerce Checkout', 'WordPress', 'WordPress Multisite', 'WordPress Stats', 'jQuery']"
got2bradio.com,GOT 2 B | got2bradio,,,45,26896,2026-09-13T13:39:36.080265525Z,"['Amazon WAF Blocked', 'Apture Linking Platform', 'Cloudflare', 'Content Delivery Network', 'Express', 'Fastly', 'Fastly CDN', 'Microdata for Google Shopping', 'NFOrce Internet', 'PWA', 'QUIC', 'SMC', 'Seflow Italy', 'Sentry', 'UTF-8', 'Vector Internet Services', 'Wix', 'Wix Media', 'eLand', 'mlcom']"
elite-enterprise.in,Home Appliances Repair Service,,IND,65,2460,2026-09-13T13:39:36.079081073Z,"['CDN JS', 'Cloudflare', 'Cloudflare CDN', 'Google', 'Google Analytics', 'Google Cloud DNS', 'Google Conversion Tracking', 'Google Font API', 'Google Tag Manager', 'PHP', 'QUIC', 'Tailwind CSS', 'Thank You', 'UTF-8', 'htmlcodex.com', 'jsDelivr', 'shadcn ui']"
insurancebci.com,ibc | impact business consultants,,USA,80,33246,2026-09-13T13:39:36.075692941Z,"['AWS WAF Challenge', 'Alternate Protocol', 'Cloudflare', 'CoBlocks', 'Content Delivery Network', 'Divi', 'Elegant Themes', 'EmbedPress', 'Fireblade', 'GoDaddy', 'Google', 'Google Cloud CDN', 'Google Cloud DNS', 'Google Font API', 'PHP', 'Perl', 'Theme In WP', 'UTF-8', 'Woo Themes', 'WordPress', 'WordPress Multisite', 'jQuery']"
goodmancf.com,Business Financing Solutions | Goodman Capital Finance,Goodman Capital Finance,USA,77,67828,2026-09-13T13:39:36.074942562Z,"['Alternate Protocol', 'Apache', 'Better Lead Generation Services', 'CDN JS', 'Cloudflare', 'Cloudflare CDN', 'EmbedPress', 'GZIP Module', 'Google Analytics', 'Google My Business', 'Google Related Website Sites', 'Google Tag Manager', 'Microdata for Google Shopping', 'PHP', 'ProfitStars', 'Prospective', 'Theme In WP', 'UTF-8', 'WP Paginate', 'WordPress', 'WordPress Multisite', 'jQuery']"
petdietsafety.com,"PetDietSafety | Pure Nutrition, Safer Love",,,62,2440,2026-09-13T13:39:36.073426238Z,"['Cloudflare', 'Cloudflare CDN', 'Corporate Governance and Regulatory Compliance', 'Google', 'Google Adsense', 'Google Cloud DNS', 'Google Font API', 'Google Funding Choices', 'Google Matched Content', 'Google Reseller', 'Next.js', 'Pleroma', 'QUIC', 'Tailwind CSS', 'UTF-8']"
globalpartnerships.us,"Educational Consultant, Global | Pennsylvania Center for International Exchange and Partnership",,GRC,92,43560,2026-09-13T13:39:36.073752478Z,"['Alternate Protocol', 'Apture Linking Platform', 'Beaver Builder Lite', 'Cloudflare', 'CoBlocks', 'Content Delivery Network', 'Contento', 'EmbedPress', 'GoDaddy', 'Google', 'Google Cloud DNS', 'Google Font API', 'Gravity Forms', 'Microdata for Google Shopping', 'PHP', 'Pagekit', 'Schema Plugin', 'Theme In WP', 'UTF-8', 'University or College', 'Wangsu', 'Website Tonight', 'WordPress', 'WordPress Multisite', 'jQuery']"
nahaprints.com,"Clothe Best Gift For Family Daughter, Dad, Mother, Granpa",,GBR,72,17176,2026-09-13T13:39:36.072164968Z,"['AWS WAF Challenge', 'Alternate Protocol', 'Aruba', 'Cloudflare', 'Cloudflare CDN', 'Content Delivery Network', 'Giropay', 'Google Tag Manager', 'IcoMoon', 'Nuxt.js', 'Oddle', 'SiteW', 'Subversion', 'Tailwind CSS', 'Umbler', 'eLand', 'shadcn ui']"
mehfilaenawabhookah.com,Mehfil Ae Nawab Hookah Catering,,IND,65,69277,2026-09-13T13:30:34.736092285Z,"['AWS WAF Challenge', 'Alternate Protocol', 'Cloudflare', 'Cloudflare CDN', 'Contact Form Plugin', 'Content Delivery Network', 'Elementor', 'Elementor Addon Elements', 'EmbedPress', 'Essential Addons for Elementor', 'Google', 'Google Analytics', 'Google Cloud DNS', 'Google Font API', 'Google My Business', 'Google Tag Manager', 'Instagram Follow Button', 'LiteSpeed', 'NFOrce Internet', 'PHP', 'Premium Addons for Elementor', 'SMC', 'Site Kit', 'Table Addons for Elementor', 'Theme In WP', 'UTF-8', 'WhatsApp Sharing', 'WordPress', 'WordPress Multisite', 'jQuery']"
scholarsinaction.academy,Scholars In Action Learning Academy,,USA,87,38804,2026-09-13T13:30:34.73658741Z,"['AWS WAF Challenge', 'Alternate Protocol', 'Authorize.net', 'Cloudflare', 'Cloudflare Web Analytics', 'Content Delivery Network', 'Express', 'Fireblade', 'Google', 'Google Cloud CDN', 'Google Cloud DNS', 'Google Cloud Storage', 'Google Font API', 'HighLevel', 'Instagram Follow Button', 'NFOrce Internet', 'Nuxt.js', 'Twitter Ads', 'UTF-8']"
theloftsatdowntownsalem.com,The Lofts at Downtown Salem | Official Website,,,82,49560,2026-09-13T13:30:34.735697309Z,"['AWS WAF Challenge', 'Cloudflare', 'Cloudflare Web Analytics', 'GZIP Module', 'Google', 'Google Analytics', 'Google Cloud DNS', 'Google Font API', 'Google My Business', 'Google Tag Manager', 'Instagram Follow Button', 'Microdata for Google Shopping', 'Siteimprove', 'Snowplow', 'Termly', 'Thank You', 'UTF-8', 'University or College']"
tricar.com,New Condos and Rentals | Tricar | The Height of Living,Tricar,GBR,77,26343,2026-09-13T13:30:34.734644344Z,"['Alternate Protocol', 'Amazon', 'Amazon S3 CDN', 'Apyl', 'Birdeye', 'Bulma', 'CDN JS', 'Cloudflare', 'Cloudflare CDN', 'Coming Soon Page', 'Content Delivery Network', 'Endis', 'Facebook Login', 'Facebook Messenger Platform', 'Facebook Pixel', 'Facebook Reseller', 'Facebook Tag API', 'Gambling Content', 'Google', 'Google Analytics', 'Google Cloud CDN', 'Google Cloud DNS', 'Google Font API', 'Google My Business', 'Google Tag Manager', 'Gravity', 'Gravity Forms', 'Hotjar', 'IcoMoon', 'Instagram Follow Button', 'Microdata for Google Shopping', 'PHP', 'Parcel', 'Perl', 'Plausible Analytics', 'QUIC', 'Storyblocks', 'Twitter Ads', 'UTF-8', 'WPBakery', 'WordPress', 'WordPress Multisite', 'YouTube', 'eLand', 'jQuery']"
taosfoodcoop.com,Taos Food Coop - Who Owns Your Grocery Store?,,,65,18138,2026-09-13T13:30:34.731599867Z,"['Alternate Protocol', 'Cloudflare', 'Content Delivery Network', 'EmbedPress', 'Fastly', 'GoDaddy', 'Google Analytics', 'Google Cloud DNS', 'Google Font API', 'Google My Business', 'Google Tag Manager', 'Oxygen', 'Oxygen Builder', 'Twenty Twenty-Four', 'UTF-8', 'Wangsu', 'WordPress', 'WordPress Multisite', 'jQuery']"
mhalgaddah.com,MH Al Gaddah Auto spare parts and components Trading LLC,,,55,10959,2026-09-13T13:30:34.731772066Z,"['Apache', 'CDN JS', 'Cloudflare', 'Cloudflare CDN', 'Fireblade', 'GZIP Module', 'Google', 'Google Cloud DNS', 'Google Font API', 'Google My Business', 'IcoMoon', 'Instagram Follow Button', 'StackPath', 'Tailwind CSS', 'Wangsu', 'jsDelivr']"
aga-wis.org,AGA Southern Wisconsin Chapter – Association of Government Accountants,,USA,70,18547,2026-09-13T13:30:34.731666187Z,"['AWS WAF Challenge', 'Alternate Protocol', 'Automattic', 'Cloudflare', 'Cloudflare CDN', 'Content Delivery Network', 'EmbedPress', 'GoDaddy', 'Google', 'Google My Business', 'Jetpack', 'PHP', 'Theme In WP', 'Twenty Seventeen', 'UTF-8', 'WordPress', 'WordPress Multisite', 'WordPress Stats', 'jQuery']"
nicolettitileinc.com,Nicoletti Tile | Commercial and Residential Tiling,,CAN,77,43740,2026-09-13T13:30:34.730674574Z,"['AWS WAF Challenge', 'Alternate Protocol', 'Amazon WAF Blocked', 'Authorize.net', 'Better Lead Generation Services', 'Cloudflare', 'Cloudflare CDN', 'Content Delivery Network', 'DAV', 'Financial Services Guide', 'GZIP Module', 'Google', 'Google Cloud CDN', 'Google Cloud DNS', 'Google Cloud Storage', 'Google Font API', 'Instagram Follow Button', 'K2F', 'Ntent', 'Nuxt.js', 'QUIC', 'Tailwind CSS', 'UTF-8', 'YouTube']"
jbpestcontrolinc.com,JB Pest Control Inc – London Ontario & Area Pest Control,,,45,99,2026-09-13T13:30:34.730831389Z,"['Alternate Protocol', 'Apache', 'Beaver Builder Lite', 'CDN JS', 'Cloudflare', 'Cloudflare CDN', 'EmbedPress', 'GZIP Module', 'GeneratePress Company', 'Google My Business', 'Pico CSS', 'Smart Slider 3', 'UTF-8', 'WordPress', 'WordPress Multisite', 'eLand', 'jQuery', 'reCAPTCHA']"
bethmarieevents.com,Home,,USA,72,2440,2026-09-13T13:30:34.730528283Z,"['AJAX Libraries API', 'CDN JS', 'Cloudflare', 'Cloudflare CDN', 'GZIP Module', 'Google', 'Google Cloud DNS', 'Google Font API', 'Instagram Follow Button', 'QUIC', 'UTF-8', 'jQuery']"
3392ph.com,92ph | Explore Exciting Games and Boost Your Skills with 92ph,,,62,15000,2026-09-13T13:30:34.729371721Z,"['AWS WAF Challenge', 'Apture Linking Platform', 'Cloudflare', 'Cloudflare CDN', 'Gambling Content', 'Microdata for Google Shopping', 'PWA', 'QUIC', 'UTF-8']"
mediciticon.edu.in,MediCiti College of Nursing,,IND,77,2356,2026-09-13T13:30:34.729806436Z,"['AutoComplete', 'CDN JS', 'Cloudflare', 'Cloudflare CDN', 'Font Awesome', 'IcoMoon', 'NFOrce Internet', 'QUIC', 'Slider Revolution', 'Tailwind CSS', 'UTF-8', 'University or College', 'Vello']"
patientcarebridge.info,Patient Care Bridge | Premium Healthcare & Wellness Services in USA,,USA,87,15158,2026-09-13T13:30:34.728856854Z,"['Adult Content', 'CDN JS', 'Cloudflare', 'Cloudflare CDN', 'DAV', 'ElementUI', 'Fireblade', 'Freepik', 'Google Cloud DNS', 'Google Font API', 'ID Services', 'LiteSpeed', 'Perl', 'QUIC', 'Thank You']"
barwickpartners.com,Home | Barwick Partners,,,45,120,2026-09-13T13:30:34.727216554Z,"['Adobe Creative Cloud WebFonts', 'Apache', 'CDN JS', 'Cloudflare', 'Cloudflare CDN', 'GZIP Module', 'Perl', 'UTF-8']"
andreapozza.dev,Andrea Pozza Portfolio,,ESP,65,2400,2026-09-13T13:30:34.724525961Z,"['App Store', 'CDN JS', 'Cloudflare', 'Cloudflare CDN', 'Content Delivery Network', 'ElementUI', 'Fastly', 'GZIP Module', 'GitHub Hosting', 'Google My Business', 'Google Play', 'PHP', 'QUIC', 'UTF-8']"
bizadviseconsulting.com,Tax & Business Services Pakistan – BizAdvise Consulting,Biz Advice Consultants,PAK,92,35275,2026-09-13T13:30:34.723415028Z,"['AWS WAF Challenge', 'Alternate Protocol', 'Astra Theme', 'Cloudflare', 'Cloudflare CDN', 'Content Delivery Network', 'Cornerstone', 'Elementor', 'ElementsKit Elementor', 'EmbedPress', 'Fireblade', 'Google', 'Google Analytics', 'Google Cloud DNS', 'Google Font API', 'Google My Business', 'Google Tag Manager', 'Gtranslate for Wordpress', 'Header, Footer and Blocks for Elementor', 'IcoMoon', 'Instagram Follow Button', 'LiteSpeed', 'Microdata for Google Shopping', 'NFOrce Internet', 'PHP', 'QUIC', 'Theme In WP', 'UTF-8', 'Woo Themes', 'WordPress', 'WordPress Multisite', 'WordPress Related Posts', 'YouTube', 'jQuery']"
mazingminds.com.au,Therapeutic Coaching & Hypnotherapy | Sydney or Online | Mazing Minds,Mazing Minds,NZL,77,33740,2026-09-13T13:30:34.722373278Z,"['AWS WAF Challenge', 'Alternate Protocol', 'Amazon WAF Blocked', 'Authorize.net', 'Cloudflare', 'Cloudflare CDN', 'Cloudflare Web Analytics', 'Content Delivery Network', 'Fireblade', 'Goldstar', 'Google', 'Google Analytics', 'Google Cloud CDN', 'Google Cloud DNS', 'Google Cloud Storage', 'Google Font API', 'Google Tag Manager', 'Instagram Follow Button', 'Microdata for Google Shopping', 'Nuxt.js', 'Tailwind CSS', 'Thank You', 'UTF-8']"
interspacebuildersanddevelopers.com,IS - InterSpace Builders & Developers,,IND,65,3059,2026-09-13T13:30:34.7206149Z,"['AJAX Libraries API', 'CDN JS', 'Cloudflare', 'Cloudflare CDN', 'Font Awesome', 'Google', 'Google Cloud DNS', 'Google Font API', 'LiteSpeed', 'QUIC', 'Tailwind CSS', 'Triggered Messaging', 'htmlcodex.com', 'jQuery', 'jsDelivr']"
aberdeendocumentstorage.com,United Supplies Document Storage - Aberdeen,United Supplies Document Storage,GBR,92,17717,2026-09-13T13:30:34.720436792Z,"['AWS WAF Challenge', 'Alternate Protocol', 'Cloudflare', 'Cloudflare CDN', 'Complianz', 'Content Delivery Network', 'DAV', 'EmbedPress', 'Google', 'Google Analytics', 'Google Cloud DNS', 'Google Font API', 'Google My Business', 'Google Tag Manager', 'LiteSpeed', 'Microdata for Google Shopping', 'PHP', 'Site Kit', 'Smart Slider 3', 'Twenty Twenty-Four', 'UTF-8', 'WordPress', 'WordPress Multisite', 'eLand', 'jQuery']"
packersmoversinmeerut.com,Best Packers and Movers in Meerut | Harshita Packers and Movers,,IND,72,39,2026-09-13T13:30:34.719723347Z,"['Apache', 'Better Lead Generation Services', 'CDN JS', 'Cloudflare', 'Cloudflare CDN', 'ElementUI', 'FreeCSSTemplates', 'Google My Business', 'QUIC', 'Slider Revolution', 'Tailwind CSS', 'UTF-8']"
apex-properties.net,Apex Properties – We Buy Houses For Cash!,,USA,80,34775,2026-09-13T13:30:34.71882914Z,"['AWS WAF Challenge', 'Alternate Protocol', 'Cloudflare', 'Contact Form Plugin', 'Content Delivery Network', 'Elementor', 'ElementsKit Elementor', 'EmbedPress', 'GoDaddy', 'Google', 'Google Cloud DNS', 'Google Font API', 'Header, Footer and Blocks for Elementor', 'NFOrce Internet', 'PHP', 'QUIC', 'Theme In WP', 'To Top', 'UTF-8', 'Wangsu', 'WordPress', 'WordPress Multisite', 'go Theme', 'jQuery']"
yuusleep.com,Yu Sleep® [OFFICIAL] Restorative Sleep Formula,,USA,72,34070,2026-09-13T13:30:34.717861832Z,"['AWS WAF Challenge', 'Alternate Protocol', 'Authorize.net', 'Cloudflare', 'Cloudflare Web Analytics', 'Content Delivery Network', 'Fireblade', 'Google', 'Google Analytics', 'Google Cloud CDN', 'Google Cloud DNS', 'Google Cloud Storage', 'Google Font API', 'Google Tag Manager', 'No-Q', 'Nuxt.js', 'Perl', 'QUIC', 'Tailwind CSS', 'UTF-8', 'eLand', 'jsDelivr', 'shadcn ui']"
ward.consulting,Home - Ward Consulting,Ward Consulting,DEU,77,31420,2026-09-13T13:30:34.713867715Z,"['AWS WAF Challenge', 'Adult Content', 'Alternate Protocol', 'Amazon WAF Blocked', 'Anti-spam for WordPress', 'CDN JS', 'CleanTalk Spam Protect', 'Cloudflare', 'Cloudflare CDN', 'Content Delivery Network', 'EmbedPress', 'Fireblade', 'Font Awesome', 'Google Analytics', 'Google Tag Manager', 'Instagram Follow Button', 'Microdata for Google Shopping', 'PHP', 'Pagekit', 'Smush Image Optimization', 'Tailwind CSS', 'Theme In WP', 'Twitter Ads', 'UTF-8', 'WP Engine', 'WP Fastest Cache', 'WordPress', 'WordPress Multisite', 'YouTube']"
woopsamarketplace.com,Woopsa – Powered by Jamison,,,60,758,2026-09-13T13:30:34.713689618Z,"['Alternate Protocol', 'CDN JS', 'Cloudflare', 'Cloudflare CDN', 'Contact Form Plugin', 'Elementor', 'EmbedPress', 'Font Awesome', 'GZIP Module', 'Google Cloud DNS', 'Google Font API', 'HubSpot Conversations', 'HubSpot WordPress Plugin', 'Hubspot', 'IcoMoon', 'NFOrce Internet', 'Neve', 'Nginx', 'PHP', 'Popup Builder', 'QUIC', 'Theme In WP', 'UTF-8', 'Ultimate Blocks', 'WordPress', 'WordPress Multisite', 'jQuery']"
terrybritton.com,Home - Terry Leigh Britton,Terry Leigh Britton - Creator's Media Tools,USA,70,15777,2026-09-13T13:30:34.712533797Z,"['Alternate Protocol', 'Apture Linking Platform', 'Cloudflare', 'Cloudflare CDN', 'CoBlocks', 'EmbedPress', 'Facebook Conversion Tracking', 'Facebook Login', 'Facebook Messenger Platform', 'Facebook Pixel', 'Facebook Reseller', 'Facebook Tag API', 'Fireblade', 'FormSubmit', 'GoDaddy', 'Microdata for Google Shopping', 'PHP', 'Shield Security for Wordpress', 'Twenty Twenty-Two', 'UTF-8', 'WordPress', 'WordPress Multisite']"
thedawnlouise.com,"The Dawn Louise – Author, Writer, & Storyteller",,FRA,65,17647,2026-09-13T13:30:34.712096098Z,"['AWS WAF Challenge', 'Alternate Protocol', 'Blocksy', 'Cloudflare', 'Cloudflare CDN', 'Content Delivery Network', 'EmbedPress', 'Google', 'Google Analytics', 'Google Cloud DNS', 'Google Font API', 'Google My Business', 'Google Tag Manager', 'LiteSpeed', 'PHP', 'Theme In WP', 'UTF-8', 'Woo Themes', 'WooCommerce', 'WooCommerce Checkout', 'WordPress', 'WordPress Multisite', 'jQuery']"
peoplentransition.com,"People in Transition Christian Counseling Network LLC | Howell Township, NJ",People N Transition Christian Counseling Network LLC,USA,82,103842,2026-09-13T13:30:34.712286304Z,"['AWS WAF Challenge', 'About Cookies', 'Apture Linking Platform', 'Cloudflare', 'Cloudflare CDN', 'Coming Soon Page', 'Commoninja', 'Cornerstone', 'Elfsight', 'Express', 'Financial Services Guide', 'Fireblade', 'Font Awesome', 'Google Analytics', 'Google Maps', 'Google My Business', 'Google Tag Manager', 'Gravity', 'InitiativeS', 'Instagram Follow Button', 'Investor Relations', 'Line2', 'M247', 'Material-UI', 'NFOrce Internet', 'Network Advertising Initiative', 'Oddle', 'Pico CSS', 'QUIC', 'SMC', 'Tailwind CSS', 'Thank You', 'Twitter Ads', 'UENI', 'UTF-8', 'Underscores', 'University or College', 'Yelp Badge']"
danielsheritage.com,Daniels heritage,,,55,1700,2026-09-13T13:30:34.70986112Z,"['Canva Websites', 'Cloudflare', 'DC74', 'Google My Business', 'NFOrce Internet', 'UTF-8', 'reCAPTCHA']"
crspcrst.ca,CRSP® & CRST® Online Exam Preparation Courses | WSC,,,72,5148,2026-09-13T13:30:34.707799245Z,"['Alternate Protocol', 'CallRail', 'Cloudflare', 'Content Delivery Network', 'Divi', 'DuracellTomi Google Tag Manager for WordPress', 'Elegant Themes', 'Elementor', 'EmbedPress', 'Font Awesome', 'Frontend Reset Password', 'GoDaddy', 'Google', 'Google Analytics', 'Google Cloud CDN', 'Google Cloud DNS', 'Google Font API', 'Google Tag Manager', 'LearnDash', 'Microdata for Google Shopping', 'PHP', 'Simple Banner for Wordpress', 'Theme In WP', 'UTF-8', 'Woo Themes', 'WooCommerce', 'WooCommerce Checkout', 'WooCommerce Payments', 'WordPress', 'WordPress Multisite', 'Zoho SalesIQ', 'eLand', 'jQuery']"
capitolgastro.com,Capitol Gastro – Gastroenterologist in Texas,,,70,35068,2026-09-13T13:30:34.706170622Z,"['AWS WAF Challenge', 'Alternate Protocol', 'Astra Theme', 'Cloudflare', 'Cloudflare CDN', 'Contact Form Plugin', 'Content Delivery Network', 'Element Pack Lite', 'Elementor', 'EmbedPress', 'GoDaddy', 'Google', 'Google Analytics', 'Google Cloud DNS', 'Google Font API', 'Google My Business', 'Google Tag Manager', 'Header, Footer and Blocks for Elementor', 'Microdata for Google Shopping', 'NFOrce Internet', 'PHP', 'Royal Elementor Addons', 'Schema Plugin', 'The Post Grid', 'Theme In WP', 'UTF-8', 'Wangsu', 'Woo Themes', 'WordPress', 'WordPress Multisite', 'WordPress Related Posts', 'jQuery']"
jadegardeneccles.co.uk,Jade Garden,,GBR,72,110792,2026-09-13T13:30:34.704873267Z,"['AWS WAF Challenge', 'BunnyCDN', 'BunnyCDN General', 'Cloudflare', 'Cloudflare CDN', 'Cloudflare Web Analytics', 'Express', 'Fireblade', 'Line2', 'O2MC Dimml', 'Perl', 'Prospective', 'QUIC', 'SMC', 'Squid', 'Svelte', 'Tailwind CSS', 'shadcn ui']"
pcrrealty.net,Best Real Estate CRM & Marketing Automation | IXACT Contact,IXACT Contact,USA,77,24291,2026-09-13T13:30:34.70063304Z,"['AJAX Libraries API', 'AWS WAF Challenge', 'Alternate Protocol', 'Apture Linking Platform', 'Autoptimize', 'Better Lead Generation Services', 'Cloudflare', 'Content Delivery Network', 'Elevate Elm Street', 'EmbedPress', 'Facebook Conversion Tracking', 'Facebook Login', 'Facebook Messenger Platform', 'Facebook Pixel', 'Facebook Reseller', 'Facebook Tag API', 'FormSubmit', 'Google', 'Google Analytics', 'Google Cloud DNS', 'Google Font API', 'Google My Business', 'Google Tag Manager', 'Hotjar', 'IXACT Contact', 'Instagram Follow Button', 'Jetpack', 'LinkedIn Insights', 'LinkedIn Pixel', 'Microdata for Google Shopping', 'PHP', 'QUIC', 'UTF-8', 'WP Engine', 'WordPress', 'WordPress Multisite', 'WordPress Stats', 'YouTube', 'jQuery', 'reCAPTCHA']"
headheartsynergy.com,Head Heart Synergy,,,62,33740,2026-09-13T13:30:34.696745603Z,"['AWS WAF Challenge', 'Alternate Protocol', 'Authorize.net', 'Cloudflare', 'Cloudflare Web Analytics', 'Content Delivery Network', 'Fireblade', 'Google', 'Google Cloud CDN', 'Google Cloud DNS', 'Google Cloud Storage', 'Google Font API', 'Nuxt.js', 'Thank You', 'UTF-8', 'YouTube']"
hobacksports.com,Hoback Sports | Hoback Sports,,IND,82,17435,2026-09-13T13:30:34.696608917Z,"['AWS WAF Challenge', 'Adobe Creative Cloud WebFonts', 'Alternate Protocol', 'Bulma', 'Cloudflare', 'Content Delivery Network', 'DAV', 'EmbedPress', 'Google Analytics', 'Google Cloud DNS', 'Google Maps', 'Google My Business', 'Google Tag Manager', 'Gravity', 'IcoMoon', 'Instagram Feed for WordPress', 'Instagram Follow Button', 'Microdata for Google Shopping', 'PHP', 'Pagekit', 'Schema Plugin', 'SiteW', 'Tailwind CSS', 'The Events Calendar', 'Theme In WP', 'UTF-8', 'WP Engine', 'WordPress', 'WordPress Multisite', 'jQuery']"
invasivereport.com,Invasive Report,,CAN,65,17700,2026-09-13T13:30:34.695028297Z,"['CDN JS', 'Cloudflare', 'Cloudflare CDN', 'GZIP Module', 'Nginx', 'PHP', 'Parallels Plesk Panel', 'QUIC', 'Qualtrics Site Intercept', 'StackPath', 'UTF-8', 'University or College']"
atarealestatesolutions.com,Home,,USA,65,19070,2026-09-13T13:30:34.693002035Z,"['AWS WAF Challenge', 'Alternate Protocol', 'Amazon WAF Blocked', 'Authorize.net', 'Cloudflare', 'Cloudflare CDN', 'Content Delivery Network', 'GZIP Module', 'Google', 'Google Cloud CDN', 'Google Cloud DNS', 'Google Cloud Storage', 'Google Font API', 'Google My Business', 'No-Q', 'Nuxt.js', 'QUIC', 'Subversion', 'Tailwind CSS', 'UTF-8']"
propertiesever.com,"Real Estate Agent in Chennai, Properties Ever",,IND,82,28975,2026-09-13T13:30:34.69257382Z,"['AWS WAF Challenge', 'Alternate Protocol', 'Apture Linking Platform', 'Cloudflare', 'Cloudflare CDN', 'Content Delivery Network', 'Elementor', 'EmbedPress', 'Google', 'Google Cloud CDN', 'Google Cloud DNS', 'Google Font API', 'Google My Business', 'Houzez', 'HubSpot WordPress Plugin', 'Investor Relations', 'LiteSpeed', 'Microdata for Google Shopping', 'NFOrce Internet', 'PHP', 'QUIC', 'Slider Revolution', 'Tailwind CSS', 'Thank You', 'Theme In WP', 'UTF-8', 'Woo Themes', 'WordPress', 'WordPress Multisite', 'jQuery']"
chorleywoodcabs.co.uk,Chorleywood Cabs | Chorleywood Cabs and Taxi Service,,GBR,87,840,2026-09-13T13:30:34.691632532Z,"['App Store', 'CDN JS', 'Cloudflare', 'Cloudflare CDN', 'Font Awesome', 'Google Analytics', 'Google My Business', 'Google Play', 'Google Related Website Sites', 'Google Tag Manager', 'Microdata for Google Shopping', 'PHP', 'Schema Plugin', 'UTF-8', 'WPBakery']"
plyfastner.com,Plyfastner Plus© | Advanced Hurricane Protection System,Plyfastner Plus©,USA,82,19124,2026-09-13T13:30:34.691743489Z,"['Alternate Protocol', 'Amazon WAF Blocked', 'Apture Linking Platform', 'Cloudflare', 'Content Delivery Network', 'Divi', 'Elegant Themes', 'EmbedPress', 'Fireblade', 'Font Awesome', 'Google', 'Google Analytics', 'Google My Business', 'Google Tag Manager', 'Lazy Load for WordPress', 'Microdata for Google Shopping', 'Microsoft Clarity', 'PHP', 'Perl', 'QUIC', 'Sitelinks Search Box', 'Theme In WP', 'UTF-8', 'WP Rocket', 'Woo Themes', 'WooCommerce', 'WooCommerce Checkout', 'WooCommerce Payments', 'WordPress', 'WordPress Multisite', 'jQuery', 'reCAPTCHA']"
afodak.com,Welcome to AFODAK,,NGA,60,5123,2026-09-13T13:30:34.689701242Z,"['CDN JS', 'Cloudflare', 'Cloudflare CDN', 'Content Delivery Network', 'Endis', 'FormSubmit', 'Google', 'Google Cloud DNS', 'Google Font API', 'Netlify', 'QUIC', 'Tailwind CSS', 'UTF-8', 'jsDelivr']"
heniifer.com,Buy Heniifer products online at best prices on https://heniifer.com,,IND,67,5130,2026-09-13T13:30:34.688423408Z,"['AJAX Libraries API', 'Amazon', 'Amazon CloudFront', 'Amazon Route 53', 'Apture Linking Platform', 'CDN JS', 'CloudFront', 'Cloudflare', 'Cloudflare CDN', 'Content Delivery Network', 'Express', 'Facebook Login', 'Facebook Messenger Platform', 'Facebook Pixel', 'Facebook Reseller', 'Fastly', 'Financial Services Guide', 'GZIP Module', 'Google Analytics', 'Google Cloud DNS', 'Google Tag Manager', 'Instagram Follow Button', 'Microsoft Clarity', 'Nginx', 'Sentry', 'UTF-8']"
cinemasiete.com,Cinema Siete – Video Productions That Engage Your Audience!,,USA,65,1162,2026-09-13T13:19:55.046054589Z,"['Alternate Protocol', 'Apache', 'CDN JS', 'Cloudflare', 'Cloudflare CDN', 'Contact Form Plugin', 'ConvertPlug', 'EmbedPress', 'Font Awesome', 'GZIP Module', 'Go Pricing', 'Google Analytics', 'Google Cloud DNS', 'Google Font API', 'Google Related Website Sites', 'LayerSlider Responsive', 'PHP', 'Recent Tweets Widget for WordPress', 'Slider Revolution', 'The7', 'Theme In WP', 'UTF-8', 'Visual Composer Ultimate Addons', 'WPBakery', 'WordPress', 'WordPress Multisite', 'jQuery']"
cozumelsailing.com,Tucan Sailing,,PHL,82,23740,2026-09-13T13:19:55.045450399Z,"['Alternate Protocol', 'Apture Linking Platform', 'Authorize.net', 'Cloudflare', 'Cloudflare Web Analytics', 'Content Delivery Network', 'DC74', 'FareHarbor', 'Fireblade', 'Google', 'Google Cloud CDN', 'Google Cloud DNS', 'Google Cloud Storage', 'Google Font API', 'Google My Business', 'Harbor', 'Nuxt.js', 'UTF-8', 'WhatsApp Sharing']"
boudoirbychristina.com,Boudoir by Christina | Fine Art Boudoir Photographer,,USA,77,4790,2026-09-13T13:19:55.045731643Z,"['17hats', 'AJAX Libraries API', 'Apture Linking Platform', 'BigScoots', 'CDN JS', 'Cloudflare', 'Cloudflare CDN', 'Content Delivery Network', 'Google', 'Google Analytics', 'Google Cloud DNS', 'Google Font API', 'Google Related Website Sites', 'Google Tag Manager', 'Instagram Follow Button', 'No-Q', 'UTF-8', 'jQuery']"
cyprustaxi24.com,Cyprus Taxi 24/7 – Paphos Airport & Larnaca Airport Transfers,Taxi Cyprus | Larnaca & Paphos Airport Transfers 24/7,CYP,92,11419,2026-09-13T13:19:55.043730128Z,"['Alternate Protocol', 'CDN JS', 'Cisco/Arrowpoint Content Service Switch', 'Cloudflare', 'Cloudflare CDN', 'Content Delivery Network', 'DAV', 'EmbedPress', 'Express', 'FreeCSSTemplates', 'Google Analytics', 'Google Cloud DNS', 'Google Font API', 'Google Maps', 'Google Tag Manager', 'IcoMoon', 'Icons8', 'Instagram Follow Button', 'Jetpack', 'Kitco', 'LiteSpeed', 'Microdata for Google Shopping', 'PHP', 'Perl', 'QUIC', 'Schema Plugin', 'Site Kit', 'Site Reviews for Wordpress', 'Telegram', 'Theme In WP', 'UTF-8', 'Vercel', 'Woo Themes', 'WooCommerce', 'WooCommerce Checkout', 'WordPress', 'WordPress Multisite', 'WordPress Related Posts', 'WordPress Stats', 'eLand', 'jQuery', 'jsDelivr']"
mundanepros.com,"Dedicated Virtual Assistant Partner, AI-Powered | MundanePros",,PHL,82,20437,2026-09-13T13:19:55.043434432Z,"['AWS WAF Challenge', 'Alternate Protocol', 'Cloudflare', 'Cloudflare CDN', 'EmbedPress', 'Fastly', 'Google', 'Google Cloud DNS', 'Google Font API', 'Google My Business', 'InitiativeS', 'Instagram Follow Button', 'LiteSpeed', 'Microdata for Google Shopping', 'Oxygen', 'Oxygen Builder', 'PHP', 'QUIC', 'UTF-8', 'WPForms', 'WordPress', 'WordPress Multisite', 'jQuery']"
stonemart-india.in,Stonemart India,,,30,163,2026-09-13T13:19:55.042132289Z,"['CDN JS', 'Cloudflare', 'Cloudflare CDN', 'GTranslate', 'Google', 'Google Cloud DNS', 'Google Font API', 'Google My Business', 'Instagram Follow Button', 'QUIC', 'YouTube', 'jsDelivr']"
mallory-electric.com,Mallory-Electric.com – The home of Mallory Electrical Contractors LLC located in Mechanicsville Va,,,57,21994,2026-09-13T13:19:55.039398441Z,"['Alternate Protocol', 'Amazon WAF Blocked', 'Apache', 'Cloudflare', 'DAV', 'EmbedPress', 'Event Tickets for Wordpress', 'Facebook Login', 'Facebook Messenger Platform', 'Facebook Reseller', 'FreeBSD', 'GZIP Module', 'Google', 'Google Cloud CDN', 'Gravity', 'Gravity Forms', 'KeyCDN', 'PHP', 'Python', 'QUIC', 'Quform', 'SMC', 'Salesforce Hosted', 'Shopware', 'SiteW', 'The Events Calendar', 'ThemeFusion', 'UTF-8', 'University or College', 'Vector Internet Services', 'Woo Themes', 'WordPress', 'WordPress Multisite', 'WordPress Related Posts', 'Yandex Hosting', 'jQuery', 'symfony PHP Framework']"
lebentech.com.mx,Lebentech,,,45,222,2026-09-13T13:19:55.038258714Z,"['CDN JS', 'Cloudflare', 'Cloudflare CDN', 'Font Awesome', 'GZIP Module', 'Google', 'Google Cloud DNS', 'Google Font API', 'Microsoft Azure', 'Microsoft IIS', 'Tailwind CSS', 'Visual Studio', 'jsDelivr', 'shadcn ui']"
tryeldenringapp.com,Welcome to EldenRing VPN for China | EldenRing VPN for China,EldenRing VPN for China,,72,15039,2026-09-13T13:19:55.037118427Z,"['Alternate Protocol', 'Cloudflare', 'Cloudflare CDN', 'Coming Soon Page', 'Content Delivery Network', 'Drupal', 'Fireblade', 'Google Analytics', 'Google Tag Manager', 'Harbor', 'QUIC', 'Tailwind CSS', 'UTF-8', 'shadcn ui']"
inovurallc.com,"Inovura - Managed IT, Cybersecurity & Software Development",,,57,8700,2026-09-13T13:19:55.036877323Z,"['CDN JS', 'Cloudflare', 'Cloudflare CDN', 'Fireblade', 'GZIP Module', 'Nginx', 'Vector Internet Services']"
zardadintl.com,Welcome to Zardad International,,,72,3208,2026-09-13T13:19:55.035005002Z,"['AJAX Libraries API', 'AutoComplete', 'CDN JS', 'Cloudflare', 'Cloudflare CDN', 'ETranslate', 'FreeCSSTemplates', 'GTranslate', 'Google Cloud DNS', 'Google My Business', 'IcoMoon', 'PHP', 'QUIC', 'UTF-8', 'jQuery']"
ifitsphysicalitstherapy.net,Physical Therapy Associates Spokane,Physical Therapy Associates,USA,87,101333,2026-09-13T13:19:55.035736884Z,"['Adobe Creative Cloud WebFonts', 'Aruba', 'CDN JS', 'Cloudflare', 'Cloudflare CDN', 'Contento', 'Express', 'GZIP Module', 'Google Analytics', 'Google My Business', 'Google Tag Manager', 'Instagram Follow Button', 'Line2', 'Magento Enterprise', 'Microdata for Google Shopping', 'QUIC', 'SiteW', 'Squarespace', 'UTF-8', 'WordPress SEO Structured Data Schema Plugin', 'YouTube', 'eLand', 'jQuery']"
williamsfencecompany.com,Williams Fence Company | Long Island's Premier Fence Installation & Services,,USA,57,7500,2026-09-13T13:19:55.034382494Z,"['Better Lead Generation Services', 'Cloudflare', 'Cloudflare CDN', 'Cloudflare Web Analytics', 'Express', 'Fireblade', 'Instagram Follow Button', 'Next.js', 'Pleroma', 'Tailwind CSS', 'UTF-8', 'Vercel', 'shadcn ui']"
peras.top,Peras TM - Global Media Agency,,,67,182440,2026-09-13T13:19:55.029186045Z,"['AWS WAF Challenge', 'Cloudflare', 'Cloudflare CDN', 'Cloudflare Web Analytics', 'Fireblade', 'Google', 'Google Cloud DNS', 'Google Font API', 'QUIC', 'Salesforce Hosted', 'UTF-8']"
pavilionsatlenswood.com.au,Pavilions at Lenswood | Luxury Accommodation Adelaide Hills,Pavilions At Lenswood,AUS,77,814,2026-09-13T13:19:55.02849261Z,"['Alternate Protocol', 'Amazon WAF Blocked', 'Apture Linking Platform', 'Booking Affiliate', 'Bulma', 'ByteDance', 'CDN JS', 'Cloudflare', 'Cloudflare CDN', 'Contact Form Plugin', 'DoubleClick Bid Manager', 'EmbedPress', 'Facebook Customer Chat SDK', 'Facebook Login', 'Facebook Reseller', 'Font Awesome', 'Google Analytics', 'Google Maps', 'Google My Business', 'Google Tag Manager', 'IcoMoon', 'Instagram Follow Button', 'Lazy Load for WordPress', 'LiteSpeed', 'Microdata for Google Shopping', 'PHP', 'QUIC', 'Tailwind CSS', 'UTF-8', 'WP Rocket', 'Woo Themes', 'WooCommerce', 'WooCommerce Checkout', 'WordPress', 'WordPress Multisite']"
triunityconsulting.com,Maintenance Mode,,,42,5000,2026-09-13T13:19:55.028438319Z,"['Alternate Protocol', 'Bunny Fonts', 'Cloudflare', 'Coming Soon Page', 'Content Delivery Network', 'EmbedPress', 'K2F', 'Thank You', 'UTF-8', 'WordPress', 'WordPress Multisite', 'jQuery']"
tashamaephoto.com,Tasha Mae Photography Home | Mt. Pleasant Iowa Photographer,,,62,3440,2026-09-13T13:19:55.027377131Z,"['AJAX Libraries API', 'Apture Linking Platform', 'BigScoots', 'CDN JS', 'Cloudflare', 'Cloudflare CDN', 'Content Delivery Network', 'Google', 'Google Analytics', 'Google Cloud DNS', 'Google Font API', 'Google Tag Manager', 'Instagram Follow Button', 'QUIC', 'UTF-8', 'jQuery']"
handbellrefurb.com,"Refurbishing Handbells and Chimes in Olympia Fields, IL",,USA,77,43521,2026-09-13T13:19:55.025041952Z,"['Alternate Protocol', 'Apture Linking Platform', 'Beaver Builder Lite', 'Cloudflare', 'CoBlocks', 'Content Delivery Network', 'Contento', 'EmbedPress', 'GoDaddy', 'Google', 'Google Cloud DNS', 'Google Font API', 'Microdata for Google Shopping', 'PHP', 'Pagekit', 'Schema Plugin', 'SiteW', 'Theme In WP', 'UTF-8', 'Wangsu', 'Website Tonight', 'WordPress', 'WordPress Multisite', 'jQuery']"
thebreakfastfortwo.com,Coming Soon,,,45,423,2026-09-13T13:19:55.025262795Z,"['AJAX Libraries API', 'BigScoots', 'CDN JS', 'Cloudflare', 'Cloudflare CDN', 'Coming Soon Page', 'Content Delivery Network', 'Google', 'Google Cloud DNS', 'Google Font API', 'UTF-8', 'jQuery']"
mjwindowsltd.uk,M and J Windows - Brochure,,,77,36140,2026-09-13T13:19:55.023010962Z,"['AWS WAF Challenge', 'Alternate Protocol', 'Amazon', 'Amazon WAF Blocked', 'Authorize.net', 'Cloudflare', 'Cloudflare CDN', 'Cloudflare Web Analytics', 'Content Delivery Network', 'Facebook Conversion Tracking', 'Facebook Pixel', 'Facebook Reseller', 'Facebook Tag API', 'Fireblade', 'Google', 'Google Cloud CDN', 'Google Cloud DNS', 'Google Cloud Storage', 'Google Font API', 'Nuxt.js', 'Tailwind CSS', 'UTF-8']"
commongroundacoustic.com,Common Ground Acoustic,,BRA,60,603,2026-09-13T13:19:55.01943862Z,"['Alternate Protocol', 'Astra Theme', 'Bandsintown', 'Cloudflare', 'Content Delivery Network', 'DAV', 'Elementor', 'ElementsKit Elementor', 'EmbedPress', 'Essential Addons for Elementor', 'GoDaddy', 'Google Cloud DNS', 'Google Font API', 'Header, Footer and Blocks for Elementor', 'NFOrce Internet', 'PHP', 'Premium Addons for Elementor', 'Royal Elementor Addons', 'Theme In WP', 'UTF-8', 'Woo Themes', 'WordPress', 'WordPress Multisite', 'WordPress Related Posts', 'jQuery']"
hitekprofessionalcarpetcare.com,Hi Tek Professional Carpet Cleaning - Home,,,57,7620,2026-09-13T13:19:55.019328875Z,"['Cloudflare', 'Content Delivery Network', 'Fireblade', 'GZIP Module', 'Google Analytics', 'Google Customer Reviews', 'Google My Business', 'Google Tag Manager', 'UTF-8', 'Weebly', 'reCAPTCHA']"
coclectureship1945.org,Home | 2027 National Lectureship,,USA,77,89421,2026-09-13T13:19:55.018490992Z,"['Amazon WAF Blocked', 'Apture Linking Platform', 'Cloudflare', 'Content Delivery Network', 'DAV', 'Express', 'Fastly', 'Fastly CDN', 'GZIP Module', 'Google My Business', 'Microdata for Google Shopping', 'NFOrce Internet', 'PWA', 'Perl', 'QUIC', 'RegFox', 'SMC', 'Seflow Italy', 'Sentry', 'SiteW', 'Thank You', 'UTF-8', 'Vector Internet Services', 'WP Booking Calendar', 'Wix', 'Wix Media', 'mlcom']"
ambervickermanphotography.com,Brandon MB Birth and Lifestyle Newborn Photographer,,CAN,77,2440,2026-09-13T13:19:55.015343141Z,"['AJAX Libraries API', 'CDN JS', 'Cloudflare', 'Cloudflare CDN', 'Facebook Conversion Tracking', 'Facebook Login', 'Facebook Messenger Platform', 'Facebook Pixel', 'Facebook Reseller', 'Facebook Tag API', 'GZIP Module', 'Google', 'Google Analytics', 'Google Cloud DNS', 'Google Font API', 'Google Tag Manager', 'Instagram Follow Button', 'QUIC', 'UTF-8', 'jQuery']"
365streamtv.online,"Football Scores Updates, Fixtures, Results | 365StreamTV",,USA,77,39158,2026-09-13T13:19:55.015813909Z,"['AWS WAF Challenge', 'Alternate Protocol', 'AutoComplete', 'BunnyCDN', 'BunnyCDN General', 'Cisco/Arrowpoint Content Service Switch', 'Cloudflare', 'Cloudflare CDN', 'DAV', 'Fireblade', 'Flat Icon', 'Google Analytics', 'Google My Business', 'Google Tag Manager', 'IcoMoon', 'Ntent', 'Perl', 'Pixabay', 'Tailwind CSS', 'Tawk', 'Telegram', 'UTF-8', 'Unix', 'eLand', 'jQuery']"
qlongstudio.cn,Qlong工作室 | QlongStudio,,,42,918,2026-09-13T13:19:55.015736333Z,"['Baidu Cloud', 'Bulma', 'CDN JS', 'Cloudflare', 'Cloudflare CDN', 'Content Delivery Network', 'FastClick', 'Fastly', 'Font Awesome', 'GZIP Module', 'GitHub Hosting', 'Google Cloud DNS', 'Google Font API', 'Google Related Website Sites', 'IcoMoon', 'Jekyll', 'PWA', 'UTF-8', 'jQuery']"
drhariyadav.com,Dr. Hari Yadav | Headache Specialist | Neurologist in Noida,,IND,72,18219,2026-09-13T13:19:55.013519433Z,"['AWS WAF Challenge', 'Alternate Protocol', 'Amazon', 'Amazon CloudFront', 'CDN JS', 'CloudFront', 'Cloudflare', 'Cloudflare CDN', 'DAV', 'Font Awesome', 'Google Related Website Sites', 'Instagram Follow Button', 'QUIC', 'Tailwind CSS', 'Twitter Ads', 'YouTube', 'jQuery']"
myfeaturedfilms.com,Les Merson Director - An Award-Winning Documentary Filmmaker,,,72,18057,2026-09-13T13:19:55.009507719Z,"['Alternate Protocol', 'Cloudflare', 'Content Delivery Network', 'DAV', 'Elementor', 'EmbedPress', 'GoDaddy', 'Google Analytics', 'Google Cloud DNS', 'Google Font API', 'Google Related Website Sites', 'Google Tag Manager', 'Hello Elementor', 'Microdata for Google Shopping', 'NFOrce Internet', 'PHP', 'Smart Slider 3', 'Theme In WP', 'UTF-8', 'Wangsu', 'WordPress', 'WordPress Multisite', 'eLand', 'jQuery']"
ridgewaysfp.co.uk,Home - Ridgeways FP,,,70,4007,2026-09-13T13:19:55.006508089Z,"['Alternate Protocol', 'Amazon', 'Amazon WAF Blocked', 'CDN JS', 'Cloudflare', 'Cloudflare CDN', 'Content Delivery Network', 'DAV', 'ElementUI', 'EmbedPress', 'Font Awesome', 'Getwid Gutenberg Blocks', 'Google Analytics', 'Google Cloud DNS', 'Google Font API', 'Google My Business', 'Gravity', 'Gravity Forms', 'Microdata for Google Shopping', 'PHP', 'QUIC', 'Tailwind CSS', 'Theme In WP', 'UTF-8', 'WordPress', 'WordPress Multisite', 'jQuery', 'reCAPTCHA', 'shadcn ui']"
diegodelavegae.com,Diego De la Vega - Software Engineer,,DOM,67,2908,2026-09-13T13:19:55.005242271Z,"['Bulma', 'CDN JS', 'Cloudflare', 'Cloudflare CDN', 'Content Delivery Network', 'ElementUI', 'Fastly', 'GitHub Hosting', 'Google Cloud DNS', 'Google Font API', 'Google My Business', 'Google Play', 'IcoMoon', 'Tailwind CSS', 'UTF-8', 'jQuery']"
hrfcs.com,Fasteners in Virginia Beach - Construction Supplies,Hampton Roads Fastener & Construction Supply Inc.,USA,77,64048,2026-09-13T13:19:55.005120288Z,"['Alternate Protocol', 'Apture Linking Platform', 'Beaver Builder Lite', 'Cloudflare', 'CoBlocks', 'Content Delivery Network', 'Contento', 'DAV', 'EmbedPress', 'GitHub Hosting', 'GoDaddy', 'Google', 'Google Cloud DNS', 'Google Font API', 'Google My Business', 'InsideSales', 'Max Mega Menu Pro', 'Microdata for Google Shopping', 'PHP', 'Pagekit', 'QUIC', 'Schema Plugin', 'Theme In WP', 'UTF-8', 'WP Rocket', 'Wangsu', 'Website Tonight', 'Woo Themes', 'WordPress', 'WordPress Multisite', 'Yandex Hosting', 'YouTube', 'jQuery']"
calpac.us,"Cal Pac Painting of Nevada, Inc",,USA,70,1649,2026-09-13T13:19:55.004960557Z,"['Alternate Protocol', 'Amazon S3 CDN', 'CDN JS', 'Cloudflare', 'Cloudflare CDN', 'Contact Form Plugin', 'EmbedPress', 'GZIP Module', 'Google Cloud DNS', 'Google Font API', 'Google Maps', 'Google My Business', 'Microdata for Google Shopping', 'Nginx', 'PHP', 'Pico CSS', 'Schema Plugin', 'Storyblocks', 'Subversion', 'Thank You', 'Theme In WP', 'Twitter Ads', 'UTF-8', 'WordPress', 'WordPress Multisite', 'YouTube', 'jQuery', 'reCAPTCHA']"
glossierdirect.shop,Glossier | Glossier,,,62,17640,2026-09-13T13:19:26.160251222Z,"['Aruba', 'Cloudflare', 'Express', 'Financial Services Guide', 'Fireblade', 'GZIP Module', 'Google', 'Google Cloud DNS', 'Google Font API', 'Microdata for Google Shopping', 'Next.js', 'Pleroma', 'QUIC', 'Sitelinks Search Box', 'Subversion', 'Tailwind CSS', 'UTF-8', 'eLand', 'shadcn ui']"
sophiaedisonsmithnotary.com,SME Notary,,USA,82,18824,2026-09-13T13:10:30.493205529Z,"['Alternate Protocol', 'Authorize.net', 'Cloudflare', 'Cloudflare Web Analytics', 'Content Delivery Network', 'DAV', 'Fireblade', 'Google', 'Google Cloud CDN', 'Google Cloud DNS', 'Google Cloud Storage', 'Google Font API', 'Nuxt.js', 'Subversion', 'UTF-8', 'Unsplash']"
vpnbuilders.com,VPN Builders - Custom VPN Setup and Tuning,,,67,18456,2026-09-13T13:10:30.493287673Z,"['Alternate Protocol', 'Better Lead Generation Services', 'Cloudflare', 'Cloudflare CDN', 'Contact Form Plugin', 'EmbedPress', 'Essential Grid', 'Fireblade', 'Fontello', 'GDPR Cookie Compliance', 'Google Analytics', 'Google Cloud DNS', 'Google Font API', 'Google My Business', 'Google Tag Manager', 'IcoMoon', 'NFOrce Internet', 'PHP', 'QUIC', 'Slider Revolution', 'Theme In WP', 'UTF-8', 'WPBakery', 'WordPress', 'WordPress Multisite', 'WordPress Related Posts', 'jQuery', 'reCAPTCHA']"
zouddha.org,Instant Quantum Shift,,USA,72,66540,2026-09-13T13:10:30.492542861Z,"['AWS WAF Challenge', 'Amazon WAF Blocked', 'Cloudflare', 'Cloudflare CDN', 'Cloudflare Web Analytics', 'Facebook Conversion Tracking', 'Facebook Login', 'Facebook Messenger Platform', 'Facebook Pixel', 'Facebook Reseller', 'Facebook Tag API', 'Google Analytics', 'Google Cloud DNS', 'Google Font API', 'Google Tag Manager', 'Microdata for Google Shopping', 'NFOrce Internet', 'QUIC', 'SMC', 'Schema Plugin', 'Tailwind CSS', 'UTF-8', 'University or College', 'YouTube']"
mrscogginsandassociates.com,Mr. Scoggins & Associates LLC.,,USA,65,33847,2026-09-13T13:10:30.492412405Z,"['Alternate Protocol', 'Cloudflare', 'Content Delivery Network', 'Elementor', 'EmbedPress', 'Fireblade', 'GoDaddy', 'Google My Business', 'Hello Elementor', 'LiteSpeed', 'NFOrce Internet', 'PHP', 'Theme In WP', 'UTF-8', 'WPForms', 'Wangsu', 'WordPress', 'WordPress Multisite', 'jQuery', 'reCAPTCHA']"
canadianmaplewealth.ca,Canadian Maple Strategic Wealth Management LP,,CAN,55,216,2026-09-13T13:10:30.489300998Z,"['Amazon', 'Cloudflare', 'Cloudflare CDN', 'IcoMoon', 'PHP', 'QUIC', 'UTF-8']"
eliteeventcaterers.co.uk,Elite Event Caterers — London Asian Wedding Caterers,,GBR,72,3440,2026-09-13T13:10:30.488928105Z,"['Better Lead Generation Services', 'Cloudflare', 'GZIP Module', 'Google', 'Google Cloud DNS', 'Google Cloud Storage', 'Google Customer Reviews', 'Google Font API', 'Google My Business', 'Instagram Follow Button', 'QUIC', 'Tailwind CSS', 'UTF-8', 'shadcn ui']"
bashkiabelsh.al,Kreu • Bashkia Belsh,,,65,29071,2026-09-13T13:10:30.488391878Z,"['AddThis', 'AddThis for Wordpress', 'Alternate Protocol', 'Ametys', 'Apache', 'Automattic', 'CDN JS', 'Cloudflare', 'Cloudflare CDN', 'Ektron', 'Elementor', 'EmbedPress', 'FreeCSSTemplates', 'GZIP Module', 'Google', 'Google Cloud CDN', 'Google Cloud DNS', 'Google Font API', 'Google Maps', 'Google My Business', 'Google Related Website Sites', 'Jetpack', 'Mesocolumn', 'Microdata for Google Shopping', 'PHP', 'Photo Gallery for WordPress', 'Schema Plugin', 'TablePress', 'Theme In WP', 'UTF-8', 'Ubuntu', 'W3 Total Cache', 'WP Responsive Recent Post Slider', 'WordPress', 'WordPress Multisite', 'YouTube', 'jQuery', 'jsDelivr']"
omarjee.mu,"OMARJEE Official Website | Sports equipment, Footwear & More",Omarjee,MUS,82,3848,2026-09-13T13:10:30.488753973Z,"['3 Products', 'Alternate Protocol', 'Apache', 'Apture Linking Platform', 'CDN JS', 'Cloudflare', 'Cloudflare CDN', 'Customer Reviews for WooCommerce', 'Elementor', 'EmbedPress', 'Facebook Login', 'Facebook Messenger Platform', 'Facebook Reseller', 'Font Awesome', 'GZIP Module', 'Google', 'Google Analytics', 'Google Cloud DNS', 'Google Font API', 'Google Maps', 'Google Tag Manager', 'Instagram Follow Button', 'Lazy Load for WordPress', 'Max Mega Menu', 'Max Mega Menu Pro', 'Microdata for Google Shopping', 'PHP', 'Popup Maker for Wordpress', 'Post Views Counter', 'Smart Slider 3', 'Storefront', 'Theme In WP', 'UTF-8', 'WP Rocket', 'WPForms', 'Woo Themes', 'WooCommerce', 'WooCommerce Checkout', 'WordPress', 'WordPress Multisite', 'eLand', 'jQuery']"
countrysidevetstjoe.com,"Countryside Veterinary Clinic, Veterinarian in St. Joseph, MO",Countryside Veterinary Clinic,USA,82,11420,2026-09-13T13:10:30.486962074Z,"['Alternate Protocol', 'Cloudflare', 'Cloudflare CDN', 'Content Delivery Network', 'Facebook Conversion Tracking', 'Facebook Login', 'Facebook Messenger Platform', 'Facebook Pixel', 'Facebook Reseller', 'Facebook Tag API', 'Google Analytics', 'Google Customer Reviews', 'Google My Business', 'Google Related Website Sites', 'Google Tag Manager', 'Kinsta', 'Microdata for Google Shopping', 'PHP', 'Paycor', 'PetDesk', 'Tailwind CSS', 'Theme In WP', 'UTF-8', 'WordPress']"
larustichellatruffles.com,La Rustichella Truffle | Best Truffle Sauce | Truffle Made in Italy,,SGP,72,25524,2026-09-13T13:10:30.486822624Z,"['501c3 Status Nonprofit', 'Alternate Protocol', 'Apture Linking Platform', 'Azion', 'Baidu Cloud', 'Cloudflare', 'Cloudflare CDN', 'DAV', 'Endis', 'Express', 'Google Related Website Sites', 'IcoMoon', 'Microdata for Google Shopping', 'QUIC', 'Schema Plugin', 'Shopify', 'Shopify Collabs', 'UTF-8', 'Underscores', 'Yandex Hosting', 'YouTube', 'eLand', 'hCaptcha', 'reCAPTCHA']"
gardnerrotary.org,Home Page | Rotary Club of Gardner,,,60,316,2026-09-13T13:10:30.48519418Z,"['Apture Linking Platform', 'AutoComplete', 'Bulma', 'Cloudflare', 'Facebook Login', 'Facebook Messenger Platform', 'Facebook Reseller', 'GZIP Module', 'Google', 'Google Tag Manager', 'IcoMoon', 'Microsoft Application Insights', 'Microsoft Azure Blob Storage', 'Perl', 'Subversion']"
chubont-luggage.com,Chubont-Custom Luggage and Backpacks Manufacturer,CHUBONT-LUGGAGE,CHN,77,5720,2026-09-13T13:10:30.483942405Z,"['Alternate Protocol', 'Amazon Widgets', 'Cloudflare', 'Google Analytics', 'Google Related Website Sites', 'Google Tag Manager', 'Instagram Follow Button', 'Microdata for Google Shopping', 'Pico CSS', 'QUIC', 'UEESHOP', 'UTF-8', 'WhatsApp Sharing', 'YouTube']"
4horntraffic.com,Home - 4-Horn Traffic & Barricade,,USA,77,16906,2026-09-13T13:10:30.483134117Z,"['AWS WAF Challenge', 'Alternate Protocol', 'Cloudflare', 'Content Delivery Network', 'Divi', 'Elegant Themes', 'EmbedPress', 'Genesis Blocks', 'Google Analytics', 'Google Cloud DNS', 'Google Font API', 'Google Tag Manager', 'Instagram Follow Button', 'Microdata for Google Shopping', 'PHP', 'Sitelinks Search Box', 'Theme In WP', 'UTF-8', 'WP Engine', 'Woo Themes', 'WordPress', 'WordPress Multisite', 'eLand', 'jQuery']"
openfells.com,Open Fells,,,57,63,2026-09-13T13:10:30.48029528Z,"['Alternate Protocol', 'Cloudflare', 'Content Delivery Network', 'GZIP Module', 'Google Cloud DNS', 'Google Font API', 'Heroku', 'Microdata for Google Shopping', 'Twitter Ads', 'UTF-8']"
communication.vrt.be,VRT - Flemish Public Broadcasting Company,VRT - Flemish Public Broadcasting Company,,72,2440,2026-09-13T13:10:30.479548605Z,"['Alternate Protocol', 'Cloudflare', 'Cloudflare Web Analytics', 'Content Delivery Network', 'Gambling Content', 'Google', 'Google Cloud DNS', 'Google Font API', 'Headless UI', 'Instagram Follow Button', 'Microdata for Google Shopping', 'Next.js', 'Pleroma', 'QUIC', 'Twitter Ads', 'UTF-8', 'eLand']"
govsignal.com,Govsignal,,,67,30228,2026-09-13T13:10:30.478068957Z,"['AWS WAF Challenge', 'Cloudflare', 'Cloudflare CDN', 'Cloudflare Web Analytics', 'Fireblade', 'InitiativeS', 'Next.js', 'Pico CSS', 'Plausible Analytics', 'Pleroma', 'Tailwind CSS', 'UTF-8']"
b4change.co.uk,Bantaba4Change - Best Temp Agency in Southampton,Bantaba4Change 11716140,GBR,87,128535,2026-09-13T13:10:30.475288507Z,"['34SP.com', 'About Cookies', 'Cloudflare', 'Cloudflare CDN', 'Coming Soon Page', 'DAV', 'Express', 'Financial Services Guide', 'Fireblade', 'Font Awesome', 'Google Analytics', 'Google Maps', 'Google My Business', 'Google Tag Manager', 'M247', 'Material-UI', 'NFOrce Internet', 'Network Advertising Initiative', 'ON24', 'Oddle', 'Pico CSS', 'SMC', 'Tailwind CSS', 'Thank You', 'Twitter Ads', 'UENI', 'UTF-8']"
texasladdercreations.com,Home,,,30,,2026-09-13T13:10:30.475244101Z,"['CDN JS', 'Cloudflare', 'Cloudflare CDN', 'Content Delivery Network', 'Pico CSS', 'SiteW', 'UTF-8']"
islandsvilla.ca,"Home - Islands' Villa - Lewisporte, Newfoundland",,ZAF,92,17156,2026-09-13T13:10:30.474690286Z,"['AWS WAF Challenge', 'Adobe Creative Cloud WebFonts', 'Alternate Protocol', 'Amazon WAF Blocked', 'Aruba', 'Cloudflare', 'Content Delivery Network', 'EmbedPress', 'Fancybox for WordPress', 'Font Awesome', 'Google Analytics', 'Google Tag Manager', 'Gravity', 'Gravity Forms', 'Instagram Follow Button', 'Microdata for Google Shopping', 'PHP', 'QUIC', 'Sassy Social Share', 'Tailwind CSS', 'Theme In WP', 'UTF-8', 'WP Engine', 'WP Google Maps', 'Woo Themes', 'WooCommerce', 'WooCommerce Checkout', 'WordPress', 'WordPress Multisite', 'eLand', 'jQuery']"
wingmanmusic.no,Wingman Music,,,60,156,2026-09-13T13:10:30.474219256Z,"['CDN JS', 'Cloudflare', 'Cloudflare CDN', 'CookieConsent', 'GZIP Module', 'IcoMoon', 'Instagram Follow Button', 'Nginx', 'QUIC', 'Tailwind CSS', 'Twitter Ads', 'YouTube', 'jQuery']"
georgiaasyd.org,GA ASYD,,,65,19170,2026-09-13T13:10:30.473988869Z,"['AWS WAF Challenge', 'Alternate Protocol', 'Amazon', 'Amazon S3 CDN', 'Cloudflare', 'Content Delivery Network', 'EmbedPress', 'PHP', 'Storyblocks', 'The Events Calendar', 'Theme In WP', 'ThemeFusion', 'UTF-8', 'Visual Composer Ultimate Addons', 'WP Engine', 'WP jQuery Lightbox', 'WPBakery', 'WordPress', 'WordPress Multisite', 'jQuery']"
mywingsofhope.org,Wings of Hope – Wings of Hope,,GBR,70,23932,2026-09-13T13:10:30.471109632Z,"['AWS WAF Challenge', 'Alternate Protocol', 'Amazon', 'Bunny Fonts', 'Cloudflare', 'Content Delivery Network', 'DAV', 'EWWW Image Optimizer', 'EmbedPress', 'Financial Services Guide', 'Formidable Pro Form', 'PHP', 'Theme In WP', 'Twenty Twenty-One', 'UTF-8', 'Vector Internet Services', 'WP Engine', 'WordPress', 'WordPress Multisite', 'jQuery']"
laconcierge-rit.fr,La Concierge-Rit,,REU,50,5310,2026-09-13T13:10:30.470725903Z,"['Apache', 'CDN JS', 'Cloudflare', 'Cloudflare CDN', 'Endis', 'Envoy', 'Flat Icon', 'Font Awesome', 'Freepik', 'GZIP Module', 'Google Cloud DNS', 'Google Font API', 'License Buttons', 'PHP', 'QUIC', 'Tailwind CSS', 'UTF-8', 'jQuery']"
autoprestanda.com,"Reparación de Motores en Torrevieja, Alicante",,ESP,80,5140,2026-09-13T13:10:30.46980749Z,"['AJAX Libraries API', 'CDN JS', 'Cloudflare', 'Cloudflare CDN', 'ETranslate', 'GTranslate', 'Google', 'Google Analytics', 'Google Cloud DNS', 'Google Font API', 'Google My Business', 'Google Tag Manager', 'Nginx', 'Tailwind CSS', 'jQuery']"
drsainaelahi.com,"Dr. Saina Elahi, contact no +919637907716, Root canal in Kasba Peth, dental implant in Kasba Peth pune",,IND,65,40,2026-09-13T13:10:30.469512085Z,"['Apache', 'CDN JS', 'Cloudflare', 'Cloudflare CDN', 'ElementUI', 'Facebook Login', 'Facebook Reseller', 'GZIP Module', 'Google Analytics', 'Google Cloud DNS', 'Google Font API', 'Google My Business', 'Google Tag Manager', 'Instagram Follow Button', 'QUIC', 'Tailwind CSS', 'Twitter Ads', 'UTF-8', 'University or College', 'WhatsApp Sharing']"
tradetower.in,Trade Tower,,IND,60,2664,2026-09-13T13:10:30.468528643Z,"['CDN JS', 'Cloudflare', 'Cloudflare CDN', 'Font Awesome', 'Instagram Follow Button', 'Line2', 'Onyx Internet', 'University or College']"
essydopolitics.blog,Essydo Politics | Politics Through Wisdom.,,KGZ,87,26151,2026-09-13T13:10:30.467372381Z,"['AWS WAF Challenge', 'Alternate Protocol', 'Automattic', 'BJ Lazy Load for WordPress', 'BatCache', 'Brevo', 'CDN JS', 'Cloudflare', 'Cloudflare CDN', 'Content Delivery Network', 'Cornerstone', 'EmbedPress', 'Fastly', 'Gomag', 'Google Adsense', 'Google Analytics', 'Google Funding Choices', 'Google Matched Content', 'Google My Business', 'Google Related Website Sites', 'Google Reseller', 'Google Tag Manager', 'Gtranslate for Wordpress', 'IcoMoon', 'Instagram Feed for WordPress', 'Instagram Follow Button', 'Jetpack', 'Jetpack Site Accelerator', 'Microdata for Google Shopping', 'Newsletter for Wordpress', 'Nginx', 'PHP', 'QUIC', 'Sitelinks Search Box', 'Tailwind CSS', 'Theme In WP', 'Twitter Ads', 'UTF-8', 'Vector Internet Services', 'WonderPush', 'Woo Themes', 'WooCommerce', 'WooCommerce Checkout', 'WordPress', 'WordPress Multisite', 'WordPress Stats', 'YouTube', 'a3 Lazy Load', 'eLand', 'jQuery']"
waivium.io,"Waivium || Website Design & Digital Marketing Agency in Rock Falls, IL",,CAN,77,118841,2026-09-13T13:10:30.467565051Z,"['Alternate Protocol', 'Amazon WAF Blocked', 'Apture Linking Platform', 'Cloudflare', 'Clutch', 'Content Delivery Network', 'DAV', 'ElementUI', 'Express', 'Facebook Conversion Tracking', 'Facebook Login', 'Facebook Messenger Platform', 'Facebook Pixel', 'Facebook Reseller', 'Facebook Tag API', 'Fastly', 'Fastly CDN', 'Fireblade', 'GZIP Module', 'GitHub Hosting', 'Google Analytics', 'Google Related Website Sites', 'Google Tag Manager', 'Microdata for Google Shopping', 'NFOrce Internet', 'PWA', 'Perl', 'QUIC', 'Rush', 'SMC', 'Seflow Italy', 'Semrush', 'Sentry', 'SiteW', 'Thank You', 'UTF-8', 'Vector Internet Services', 'WP Booking Calendar', 'Wix', 'Wix Media', 'mlcom']"
nwafinaltouch.com,Home - nwafinaltouch.com,nwafinaltouch.com,,72,17787,2026-09-13T13:10:30.467282786Z,"['AWS WAF Challenge', 'Alternate Protocol', 'Astra Theme', 'Cloudflare', 'Cloudflare CDN', 'Content Delivery Network', 'EmbedPress', 'FormSubmit', 'GenerateBlocks', 'Google', 'Google Analytics', 'Google Cloud DNS', 'Google Font API', 'Google My Business', 'Google Tag Manager', 'LiteSpeed', 'Microdata for Google Shopping', 'PHP', 'QUIC', 'Theme In WP', 'Twitter Ads', 'UTF-8', 'Ultimate Addons for Gutenberg', 'WordPress', 'WordPress Multisite', 'WordPress Related Posts']"
beachclubssi.com,"Beach Luxury Vacation Rental in St. Simons, GA",,USA,82,43499,2026-09-13T13:10:30.466929684Z,"['Alternate Protocol', 'Apture Linking Platform', 'Beaver Builder Lite', 'Cloudflare', 'CoBlocks', 'Content Delivery Network', 'Contento', 'EmbedPress', 'GoDaddy', 'Google', 'Google Analytics', 'Google Cloud DNS', 'Google Font API', 'Google Tag Manager', 'Gravity', 'Gravity Forms', 'Microdata for Google Shopping', 'PHP', 'Pagekit', 'Schema Plugin', 'Theme In WP', 'UTF-8', 'WP Rocket', 'Wangsu', 'WordPress', 'WordPress Multisite', 'jQuery']"
spurbz.com,SpurBz,,USA,60,7515,2026-09-13T13:10:30.466711165Z,"['Adult Content', 'Apache', 'Aruba', 'CDN JS', 'Cloudflare', 'Cloudflare CDN', 'Fireblade', 'GZIP Module', 'Instagram Follow Button', 'PHP', 'UTF-8', 'eLand', 'jQuery']"
fordv8foundation.org,Early Ford V-8 Foundation Museum,,,77,327,2026-09-13T13:10:30.465930509Z,"['501c3 Status Nonprofit', 'Alternate Protocol', 'CDN JS', 'Cloudflare', 'Cloudflare CDN', 'Content Delivery Network', 'DAV', 'Font Awesome', 'Google My Business', 'Instagram Follow Button', 'Microdata for Google Shopping', 'Netlify', 'Square', 'Tailwind CSS', 'UTF-8', 'University or College', 'YouTube']"
dorisfrancis.com,Doris Francis,,,65,45168,2026-09-13T13:10:30.465015149Z,"['AWS WAF Challenge', 'Alternate Protocol', 'Amazon WAF Blocked', 'Authorize.net', 'Cloudflare', 'Cloudflare CDN', 'Cloudflare Web Analytics', 'Content Delivery Network', 'Fireblade', 'Google', 'Google Cloud CDN', 'Google Cloud DNS', 'Google Cloud Storage', 'Google Font API', 'ImageKit.io', 'Nuxt.js', 'QUIC', 'RM Education', 'Tailwind CSS', 'Thank You', 'UTF-8']"
faithfulhouses.com,Home,,,65,33740,2026-09-13T13:10:30.465720152Z,"['AWS WAF Challenge', 'Alternate Protocol', 'Amazon WAF Blocked', 'Authorize.net', 'Cloudflare', 'Cloudflare CDN', 'Cloudflare Web Analytics', 'Content Delivery Network', 'DAV', 'Fireblade', 'Google', 'Google Cloud CDN', 'Google Cloud DNS', 'Google Cloud Storage', 'Google Font API', 'Nuxt.js', 'QUIC', 'Tailwind CSS', 'UTF-8']"
fantofanplaybyplay.com,Home | Fan To Fan Play By Play,,USA,65,25120,2026-09-13T13:10:30.46526145Z,"['AWS WAF Challenge', 'CDN JS', 'Cloudflare', 'Cloudflare CDN', 'Content Delivery Network', 'Onyx Internet', 'Pico CSS', 'SiteW', 'UTF-8', 'University or College']"
alispears.org,"Ali Spears Foundation, Inc. – We want to make childhood cancer a thing of the past.",,USA,70,19611,2026-09-13T13:10:30.464839415Z,"['501c3 Status Nonprofit', 'AWS WAF Challenge', 'Alternate Protocol', 'Astra Theme', 'Cloudflare', 'Cloudflare CDN', 'Content Delivery Network', 'Elementor', 'EmbedPress', 'GiveWP', 'Google', 'Google Cloud DNS', 'Google Font API', 'Google My Business', 'Header, Footer and Blocks for Elementor', 'Help.com', 'NFOrce Internet', 'Nginx', 'PHP', 'Stripe', 'Theme In WP', 'UTF-8', 'University or College', 'Woo Themes', 'WordPress', 'WordPress Multisite', 'WordPress Related Posts', 'jQuery']"
yeelengvang.com,Real Estate Website,,,52,1700,2026-09-13T13:10:30.4630767Z,"['Canva Websites', 'Cloudflare', 'Google Forms', 'Google My Business', 'NFOrce Internet', 'Neighborhoods', 'UTF-8', 'Vector Internet Services', 'reCAPTCHA']"
click-bazar.shop,Click Bazar,,BGD,30,7500,2026-09-13T13:10:30.462196473Z,"['Cloudflare', 'Cloudflare CDN', 'Cloudflare Web Analytics', 'Fireblade', 'Next.js', 'Pleroma', 'UTF-8', 'shadcn ui']"
bayviewhub.me,"Bayview Hub | Cultural Estate, Mornington Peninsula — Art, Music, Hospitality & Mendpress",Bayview Hub,,87,720,2026-09-13T13:10:30.462384607Z,"['Cloudflare', 'Cloudflare CDN', 'Content Delivery Network', 'Google Analytics', 'Google My Business', 'Google Related Website Sites', 'Google Tag Manager', 'Instagram Follow Button', 'Microdata for Google Shopping', 'Next.js', 'Pleroma', 'Tailwind CSS', 'Twitter Ads', 'UTF-8', 'shadcn ui']"
cutnstyles.co.uk,Cut N Styles – Barber Shop,,,55,7708,2026-09-13T13:10:30.462107098Z,"['Alternate Protocol', 'Apache', 'Apture Linking Platform', 'Cloudflare', 'DAV', 'EmbedPress', 'Font Awesome', 'FreeBSD', 'GZIP Module', 'Google', 'Google Cloud CDN', 'Google Cloud DNS', 'Google Customer Reviews', 'Google Font API', 'KeyCDN', 'Oddle', 'PHP', 'Perl', 'Python', 'QUIC', 'Salesforce Hosted', 'Shopware', 'Slider Revolution', 'Tailwind CSS', 'The7', 'UTF-8', 'University or College', 'Vector Internet Services', 'Visual Composer Ultimate Addons', 'WPBakery', 'WordPress', 'WordPress Multisite', 'Yandex Hosting', 'symfony PHP Framework']"
involutionpublishing.com,Wolfe Wisdom | Involution Publishing,,BRA,87,151846,2026-09-13T13:10:30.461216036Z,"['123FormBuilder', 'Alternate Protocol', 'Amazon WAF Blocked', 'Amazon Widgets', 'Apture Linking Platform', 'Cloudflare', 'Content Delivery Network', 'DAV', 'Ecwid Ecommerce Shopping Cart', 'Express', 'Fastly', 'Fastly CDN', 'Fireblade', 'GZIP Module', 'Google Related Website Sites', 'Heroku', 'Instagram Follow Button', 'K2F', 'KVH', 'Microdata for Google Shopping', 'NFOrce Internet', 'POWr', 'PWA', 'Perl', 'QUIC', 'SMC', 'Seflow Italy', 'Sentry', 'Share Link', 'SiteW', 'Subversion', 'UTF-8', 'Vector Internet Services', 'WP Booking Calendar', 'Wix', 'Wix Media', 'YouTube', 'eLand', 'mlcom']"
mb-septic.com,"MB Septic LLC. - Vestaburg, Mi.",,SYC,72,44070,2026-09-13T13:10:30.456384688Z,"['AWS WAF Challenge', 'Alternate Protocol', 'Amazon WAF Blocked', 'Authorize.net', 'Cloudflare', 'Cloudflare CDN', 'Cloudflare Web Analytics', 'Content Delivery Network', 'Google', 'Google Cloud CDN', 'Google Cloud DNS', 'Google Cloud Storage', 'Google Font API', 'K2F', 'No-Q', 'Nuxt.js', 'QUIC', 'Tailwind CSS', 'UTF-8']"
phosphorstudio.com,Video and Audio Production in Kansas City | Phosphor Studio,Phosphor Studio,USA,82,2367,2026-09-13T13:10:30.45568949Z,"['Alternate Protocol', 'Apture Linking Platform', 'Cloudflare', 'Content Delivery Network', 'Elfsight', 'EmbedPress', 'Font Awesome', 'GoDaddy', 'Google Analytics', 'Google Maps', 'Google My Business', 'Google Tag Manager', 'Gravity', 'Gravity Forms', 'Instagram Follow Button', 'Microdata for Google Shopping', 'PHP', 'Theme In WP', 'Twitter Ads', 'UTF-8', 'WordPress', 'WordPress Multisite', 'jQuery', 'jsDelivr', 'reCAPTCHA']"
jovaraz.com,Home Page,,,45,12500,2026-09-13T13:10:30.45592169Z,"['Apture Linking Platform', 'Cloudflare', 'Cloudflare CDN', 'Fireblade', 'K2F', 'Next.js', 'Radix UI', 'UTF-8', 'shadcn ui']"
libertypca.org,"Home - Liberty Church, PCA",Liberty Church PCA,USA,72,48008,2026-09-13T13:10:30.454604055Z,"['AWS WAF Challenge', 'Alternate Protocol', 'Apture Linking Platform', 'Church Center', 'Cloudflare', 'Cloudflare CDN', 'Content Delivery Network', 'Contento', 'EmbedPress', 'Fastly', 'Google', 'Google Analytics', 'Google Calendar', 'Google Cloud CDN', 'Google My Business', 'Google Tag Manager', 'Impreza', 'Lazy Load for WordPress', 'Microdata for Google Shopping', 'PHP', 'Sitelinks Search Box', 'Theme In WP', 'UTF-8', 'WP Engine', 'WPBakery', 'Woo Themes', 'WordPress', 'WordPress Multisite', 'YouTube', 'jQuery']"
ratemycourses.net,Rate My Course,,,32,7500,2026-09-13T13:10:30.454916526Z,"['Cloudflare', 'Cloudflare CDN', 'Content Delivery Network', 'Fireblade', 'Next.js', 'Pleroma', 'UTF-8']"
totalinsulat.com,Mechanical Insulation | TIMI Services and Solutions,,USA,77,43401,2026-09-13T13:10:30.453307902Z,"['Alternate Protocol', 'Beaver Builder Lite', 'Cloudflare', 'CoBlocks', 'Content Delivery Network', 'Contento', 'EmbedPress', 'GoDaddy', 'Google', 'Google Cloud DNS', 'Google Font API', 'Microdata for Google Shopping', 'PHP', 'Pagekit', 'Perl', 'Schema Plugin', 'Theme In WP', 'UTF-8', 'Wangsu', 'Website Tonight', 'WordPress', 'WordPress Multisite', 'jQuery']"
hadleywoodminicabs.co.uk,"Hadley Wood Minicabs: Your Choice for Hadley Wood Taxi, cabs",,GBR,87,298,2026-09-13T13:10:30.449565474Z,"['App Store', 'CDN JS', 'Cloudflare', 'Cloudflare CDN', 'Elementor', 'Font Awesome', 'Google My Business', 'Google Play', 'PHP', 'Perl', 'QUIC', 'Twitter Ads', 'UTF-8']"
drivingschoolpreston.co.uk,Manual Driving School Preston | Automatic Driving Lessons Preston,,GBR,77,44641,2026-09-13T13:10:30.448634101Z,"['AWS WAF Challenge', 'Alternate Protocol', 'Apache', 'Click to Chat for WhatsApp', 'Cloudflare', 'Cloudflare CDN', 'Contento', 'Divi', 'Elegant Themes', 'EmbedPress', 'Essential Grid', 'Font Awesome', 'Fontello', 'GZIP Module', 'Google', 'Google Cloud CDN', 'Google Cloud DNS', 'Google Font API', 'Google My Business', 'Google Related Website Sites', 'Instagram Follow Button', 'LiteSpeed', 'Microdata for Google Shopping', 'PHP', 'Parallels Plesk Panel', 'QUIC', 'Slider Revolution', 'Storyblocks', 'Strong Testimonials', 'Tailwind CSS', 'Thank You', 'Theme In WP', 'UTF-8', 'WP Mobile Menu', 'WPBakery', 'Woo Themes', 'WooCommerce', 'WooCommerce Checkout', 'WordPress', 'WordPress Multisite', 'YouTube', 'jQuery']"
imageriegandhi.fr,Imagerie Gandhi | Centre de radiologie et imagerie médicale,,FRA,72,20560,2026-09-13T13:10:30.447532121Z,"['AJAX Libraries API', 'Amazon', 'Amazon CloudFront', 'CloudFront', 'Cloudflare', 'Content Delivery Network', 'Fireblade', 'GZIP Module', 'Google', 'Google Analytics', 'Google Cloud DNS', 'Google Font API', 'Google Related Website Sites', 'Google Tag Manager', 'Graphiq', 'Instagram Follow Button', 'Tailwind CSS', 'UTF-8', 'WF Cookie Consent', 'YouTube']"
synergylife.coach,Synergy Life Coaching,Synergy Life Coaching,USA,77,37251,2026-09-13T13:10:30.447100631Z,"['AWS WAF Challenge', 'CleanTalk Spam Protect', 'Cloudflare', 'Cloudflare CDN', 'Cloudflare Web Analytics', 'Content Delivery Network', 'DAV', 'Elementor', 'EmbedPress', 'Fastly', 'Fireblade', 'Google', 'Google Cloud CDN', 'Google Cloud DNS', 'Google Font API', 'Google Related Website Sites', 'Gravity Forms', 'Hello Elementor', 'Microdata for Google Shopping', 'Pantheon', 'Sitelinks Search Box', 'UTF-8', 'WordPress', 'WordPress Multisite', 'jQuery']"
ilovechristopher.org,"Christopher's Collection – ""Based on a true story of real animals, these heartwarming tales celebrate the joy of belonging and the magic of new beginnings.""",,GBR,65,448,2026-09-13T13:10:30.446916013Z,"['Alternate Protocol', 'Apache', 'Apture Linking Platform', 'Cloudflare', 'Content Delivery Network', 'EmbedPress', 'GZIP Module', 'Instagram Follow Button', 'PHP', 'Theme In WP', 'Twitter Ads', 'UTF-8', 'WPForms', 'WordPress', 'WordPress Multisite', 'jQuery']"
coreccltd.co.uk,CORE (CABLE CONTRACTORS) Ltd,,GBR,77,15508,2026-09-13T13:07:26.150691807Z,"['AWS WAF Challenge', 'Adobe Creative Cloud WebFonts', 'Alternate Protocol', 'CDN JS', 'Cloudflare', 'Cloudflare CDN', 'Contact Form Plugin', 'EmbedPress', 'Font Awesome', 'Nginx', 'PHP', 'Theme In WP', 'UTF-8', 'WordPress', 'WordPress Multisite', 'jQuery', 'shadcn ui']"
swevolts.com,Swevolts - swevolts,swevolts,SWE,72,19561,2026-09-13T12:59:13.667679376Z,"['AWS WAF Challenge', 'Alternate Protocol', 'Cloudflare', 'Cloudflare CDN', 'Contact Form Plugin', 'Content Delivery Network', 'Elementor', 'EmbedPress', 'Google', 'Google Cloud DNS', 'Google Font API', 'Google My Business', 'Instagram Follow Button', 'LayerSlider Responsive', 'LiteSpeed', 'Microdata for Google Shopping', 'NFOrce Internet', 'PHP', 'Popup Maker for Wordpress', 'QUIC', 'Tailwind CSS', 'Theme In WP', 'TranslatePress', 'UTF-8', 'Woo Themes', 'WooCommerce', 'WooCommerce Checkout', 'WordPress', 'WordPress Multisite', 'jQuery']"
pkparts.ca,PK Parts | Montreal's Expert Parts & AI Troubleshooting Hub,,,65,18740,2026-09-13T12:59:13.665079969Z,"['Alternate Protocol', 'Authorize.net', 'Cloudflare', 'Cloudflare Web Analytics', 'Content Delivery Network', 'Fireblade', 'Google', 'Google Cloud CDN', 'Google Cloud DNS', 'Google Cloud Storage', 'Google Font API', 'Nuxt.js', 'Tailwind CSS', 'UTF-8']"
lax2evn.org,ANCA Strategic Survey On Non-Stop US to Yerevan Flights - LAX to EVN Non-Stop FLights,,COL,85,17591,2026-09-13T12:59:13.665288955Z,"['AWS WAF Challenge', 'Alternate Protocol', 'Amazon WAF Blocked', 'Cloudflare', 'Content Delivery Network', 'EmbedPress', 'Facebook Conversion Tracking', 'Facebook Login', 'Facebook Messenger Platform', 'Facebook Pixel', 'Facebook Reseller', 'Facebook Tag API', 'Google Analytics', 'Google Cloud DNS', 'Google Font API', 'Google Tag Manager', 'Gravity', 'Gravity Forms', 'Microdata for Google Shopping', 'PHP', 'PixelYourSite', 'QUIC', 'Sassy Social Share', 'Simple Social Icons', 'StudioPress', 'Theme In WP', 'Twitter Ads', 'UTF-8', 'WP Engine', 'WhatsApp Sharing', 'WordPress', 'WordPress Multisite', 'jQuery', 'qTranslate']"
airlanded.com,AirLanded | Escuela de Formación Aeronáutica Oficial AESA,AirLanded,ESP,77,22610,2026-09-13T12:59:13.664694309Z,"['AWS WAF Challenge', 'Alternate Protocol', 'Amazon WAF Blocked', 'Ametys', 'Astra Theme', 'Cloudflare', 'Cloudflare CDN', 'Complianz', 'DuracellTomi Google Tag Manager for WordPress', 'Elementor', 'EmbedPress', 'Express', 'Facebook Conversion Tracking', 'Facebook Login', 'Facebook Messenger Platform', 'Facebook Pixel', 'Facebook Reseller', 'Facebook Tag API', 'Google', 'Google Analytics', 'Google Cloud DNS', 'Google Font API', 'Google My Business', 'Google Related Website Sites', 'Google Tag Manager', 'Instagram Feed for WordPress', 'Instagram Follow Button', 'Join.chat', 'Microdata for Google Shopping', 'NFOrce Internet', 'Nginx', 'Ntent', 'PHP', 'Schema Plugin', 'Theme In WP', 'TrustIndex', 'Twitter Ads', 'UTF-8', 'Unix', 'WPForms', 'Woo Themes', 'WordPress', 'WordPress Multisite', 'WordPress Related Posts', 'jQuery', 'reCAPTCHA']"
qstechnologies.com.au,Home - QS Technologies,QS Technologies,AUS,77,24794,2026-09-13T12:59:13.659676731Z,"['AWS WAF Challenge', 'Alternate Protocol', 'Better Lead Generation Services', 'Cloudflare', 'Cloudflare CDN', 'Contact Form Plugin', 'Content Delivery Network', 'Elementor', 'EmbedPress', 'Font Awesome', 'Google', 'Google Analytics', 'Google Cloud CDN', 'Google Cloud DNS', 'Google Font API', 'Google Maps', 'Google My Business', 'Google Tag Manager', 'IcoMoon', 'LiteSpeed', 'Microdata for Google Shopping', 'NFOrce Internet', 'PHP', 'Slider Revolution', 'Table Addons for Elementor', 'Tailwind CSS', 'Theme In WP', 'UTF-8', 'Vector Internet Services', 'WordPress', 'WordPress Multisite', 'YouTube', 'jQuery']"
brianpaulstudios.com,"Brian Paul Studios, Inc",,,77,53246,2026-09-13T12:59:13.658656835Z,"['Alternate Protocol', 'Apture Linking Platform', 'Cloudflare', 'Content Delivery Network', 'Divi', 'Elegant Themes', 'EmbedPress', 'GoDaddy', 'Google', 'Google Cloud CDN', 'Google Cloud DNS', 'Google Font API', 'Google My Business', 'Gravity', 'Instagram Follow Button', 'Microdata for Google Shopping', 'Ntent', 'PHP', 'QUIC', 'SMC', 'Schema Plugin', 'Theme In WP', 'Twitter Ads', 'UTF-8', 'Woo Themes', 'WordPress', 'WordPress Multisite', 'jQuery']"
smarthomeoakland.com,Smart Home Oakland – Realizing your vision,,USA,87,18545,2026-09-13T12:59:13.658534971Z,"['AJAX Libraries API', 'Alternate Protocol', 'Cloudflare', 'Contact Form Plugin', 'Content Delivery Network', 'EmbedPress', 'Gambling Content', 'GoDaddy', 'Google Analytics', 'Google Cloud DNS', 'Google Font API', 'Google Maps', 'Google My Business', 'Google Tag Manager', 'IcoMoon', 'Oddle', 'PHP', 'SVG Support', 'Tailwind CSS', 'Theme In WP', 'UTF-8', 'WPBakery', 'Wangsu', 'Woo Themes', 'WooCommerce', 'WooCommerce Checkout', 'WordPress', 'WordPress Multisite', 'jQuery', 'reCAPTCHA']"
outboundlabsintel.com,Home | OutboundLabs,,USA,60,391,2026-09-13T12:59:13.657920776Z,"['AJAX Libraries API', 'Amazon', 'Amazon CloudFront', 'Animate It', 'Calendly', 'CloudFront', 'Cloudflare', 'Content Delivery Network', 'GZIP Module', 'Google', 'Google Cloud DNS', 'Google Font API', 'Microsoft Azure Blob Storage', 'QUIC', 'Tailwind CSS', 'UTF-8', 'WF Cookie Consent', 'Webflow']"
midwaycorporatebusiness.in,Midway Corporate Business,,IND,72,99,2026-09-13T12:59:13.655856426Z,"['Better Lead Generation Services', 'Bulma', 'CDN JS', 'Cloudflare', 'Cloudflare CDN', 'Font Awesome', 'Instagram Follow Button', 'PHP', 'QUIC', 'UTF-8', 'YouTube', 'jsDelivr']"
hanafy.ai,Hanafy® Company,Hanafy® Company,THA,82,73996,2026-09-13T12:59:13.655059595Z,"['Alternate Protocol', 'Amazon WAF Blocked', 'Apture Linking Platform', 'Baidu Cloud', 'Cloudflare', 'Cloudflare CDN', 'Content ad', 'Google', 'Google Cloud CDN', 'Google Related Website Sites', 'Instagram Follow Button', 'Klaviyo', 'Microdata for Google Shopping', 'Microsoft Clarity', 'NFOrce Internet', 'OpenAI', 'QUIC', 'SMC', 'Shopify', 'Shopify Collabs', 'Thank You', 'UTF-8', 'UpPromote', 'Vector Internet Services', 'Yandex Hosting', 'YouTube', 'hCaptcha', 'reCAPTCHA']"
horizonhotelromblon.com,Horizon Hotel - Located in the heart of the Municipality of Romblon.,,,62,4668,2026-09-13T12:59:13.654552282Z,"['Amazon CloudFront', 'Apture Linking Platform', 'CDN JS', 'CloudFront', 'Cloudbeds', 'Cloudflare', 'Cloudflare CDN', 'DAV', 'Duda', 'GZIP Module', 'GitHub Hosting', 'Google Analytics', 'Google Tag Manager', 'Microdata for Google Shopping', 'Nginx', 'Tailwind CSS', 'UTF-8', 'jsDelivr']"
afterittraining.com,"Transformations, Strength | Group + Personal Training | After It Training",,,67,33740,2026-09-13T12:59:13.653017559Z,"['AWS WAF Challenge', 'Alternate Protocol', 'Amazon WAF Blocked', 'App Store', 'Authorize.net', 'Cloudflare', 'Cloudflare CDN', 'Cloudflare Web Analytics', 'Content Delivery Network', 'DAV', 'Facebook Conversion Tracking', 'Facebook Pixel', 'Facebook Reseller', 'Facebook Tag API', 'Fireblade', 'Google', 'Google Analytics', 'Google Cloud CDN', 'Google Cloud DNS', 'Google Cloud Storage', 'Google Font API', 'Google My Business', 'Google Play', 'Google Tag Manager', 'Instagram Follow Button', 'Nuxt.js', 'Tailwind CSS', 'Twitter Ads', 'UTF-8', 'YouTube']"
plesefuneralservices.com,"Plese Professional Funeral & Cremation Services | Joliet, IL",,USA,75,53112,2026-09-13T12:59:13.653271993Z,"['Amazon CloudFront', 'CDN JS', 'CloudFront', 'Cloudflare', 'Cloudflare CDN', 'Coming Soon Page', 'DAV', 'Duda', 'Ethy', 'Font Awesome', 'FormSubmit', 'GZIP Module', 'Google Analytics', 'Google Related Website Sites', 'Google Tag Manager', 'Microdata for Google Shopping', 'Nginx', 'PWA', 'SMC', 'Tailwind CSS', 'UTF-8', 'UserWay']"
lakeoconeestorageunits.com,"Climate-Controlled Storage Units & Outdoor Parking in Eatonton, GA | Lake Oconee Storage Units",Lake Oconee Storage Units,,72,98362,2026-09-13T12:59:13.653568499Z,"['34SP.com', 'Alternate Protocol', 'Cloudflare', 'Cloudflare Web Analytics', 'ContentBox', 'DAV', 'Financial Services Guide', 'GZIP Module', 'GitHub Hosting', 'Google', 'Google Analytics', 'Google Cloud DNS', 'Google Font API', 'Google Tag Manager', 'Hexo', 'Idaq', 'KVH', 'Line2', 'MediaPlatform', 'No-Q', 'Phew', 'QUIC', 'Sitelinks Search Box', 'Subversion', 'UTF-8', 'University or College']"
sdna.it,SDNA,,ITA,65,5084,2026-09-13T12:59:13.649620081Z,"['Amazon CloudFront', 'Aruba', 'Azion', 'Baidu Cloud', 'CDN JS', 'CloudFront', 'Cloudflare', 'Cloudflare CDN', 'GZIP Module', 'Google Analytics', 'Google Maps', 'Google My Business', 'Microdata for Google Shopping', 'OpenResty', 'Perl', 'UTF-8', 'Unsplash', 'eLand', 'jQuery', 'reCAPTCHA']"
mscomiccon.com,"Mississippi Comic Con | June 26-28, 2026 | MS Trade Mart",Mississippi Comic Con,USA,82,89108,2026-09-13T12:59:13.64946598Z,"['Amazon WAF Blocked', 'Apture Linking Platform', 'Cloudflare', 'Content Delivery Network', 'Express', 'Fastly', 'Fastly CDN', 'GZIP Module', 'Instagram Follow Button', 'Microdata for Google Shopping', 'NFOrce Internet', 'PWA', 'QUIC', 'SMC', 'Seflow Italy', 'Sentry', 'SiteW', 'UTF-8', 'Vector Internet Services', 'Wix', 'Wix Media', 'eLand', 'mlcom']"
cavalierliquidation.com,Cavalier Construction Company Limited (In Official Liquidation),,BHS,67,3400,2026-09-13T12:59:13.649105336Z,"['Apache', 'CDN JS', 'Cloudflare', 'Cloudflare CDN', 'DAV', 'GZIP Module', 'StackPath', 'Twist', 'UTF-8']"
getdumpsterdeals.com,#1 for Dumpster Rentals in Mid- Michigan Area | Dumpster Deals Inc.,,USA,72,3259,2026-09-13T12:59:13.646422936Z,"['Adobe Creative Cloud WebFonts', 'CDN JS', 'Cloudflare', 'Cloudflare CDN', 'Cloudflare Web Analytics', 'DAV', 'ElementUI', 'Elfsight', 'Facebook Conversion Tracking', 'Facebook Login', 'Facebook Messenger Platform', 'Facebook Pixel', 'Facebook Reseller', 'Facebook Tag API', 'Font Awesome', 'Google', 'Google Analytics', 'Google Cloud DNS', 'Google Customer Reviews', 'Google Font API', 'Google My Business', 'Google Tag Manager', 'QUIC', 'UTF-8', 'jsDelivr']"
fetchparkcity.com,Home - Fetch Park City,,USA,70,18044,2026-09-13T12:59:13.645617753Z,"['AWS WAF Challenge', 'Alternate Protocol', 'Cloudflare', 'Cloudflare CDN', 'Divi', 'Elegant Themes', 'EmbedPress', 'GZIP Module', 'Google', 'Google Cloud CDN', 'Google Cloud DNS', 'Google Font API', 'Google My Business', 'Instagram Follow Button', 'Jetpack', 'Lazy Load for WordPress', 'Microdata for Google Shopping', 'Nginx', 'PHP', 'Perl', 'Tailwind CSS', 'Theme In WP', 'UTF-8', 'Woo Themes', 'WordPress', 'WordPress Multisite', 'WordPress Stats', 'eLand', 'jQuery']"
thebarbershopselection.com,The Barbershop,,DNK,65,14096,2026-09-13T12:59:13.644291956Z,"['Apture Linking Platform', 'Baidu Cloud', 'Cloudflare', 'Cloudflare CDN', 'DAV', 'Express', 'Google Customer Reviews', 'Google My Business', 'Google Related Website Sites', 'Instagram Follow Button', 'MailChimp', 'Microdata for Google Shopping', 'Ntent', 'QUIC', 'Schema Plugin', 'Shopify', 'Shopify Collabs', 'To Top', 'UTF-8', 'Vector Internet Services', 'Yandex Hosting', 'hCaptcha', 'reCAPTCHA']"
goldenhome.fr,Real Estate Agency | Golden Home,,USA,87,5335,2026-09-13T12:59:13.643417048Z,"['Alternate Protocol', 'App Store', 'CDN JS', 'Cloudflare', 'Cloudflare CDN', 'ElementUI', 'Express', 'Fancybox for WordPress', 'Font Awesome', 'Google', 'Google Analytics', 'Google Cloud DNS', 'Google Font API', 'Google My Business', 'Google Play', 'Google Tag Manager', 'IcoMoon', 'Instagram Follow Button', 'Microdata for Google Shopping', 'Nginx', 'Nimbata', 'PHP', 'Parallels Plesk Panel', 'Tailwind CSS', 'UTF-8', 'jsDelivr', 'reCAPTCHA']"
tupelo4rent.com,Houses for Rent in Tupelo | TupeloForRent | Modern Homes Available,,THA,82,117828,2026-09-13T12:59:13.642572997Z,"['Alternate Protocol', 'Amazon WAF Blocked', 'Apture Linking Platform', 'Cloudflare', 'Content Delivery Network', 'DC74', 'Fastly', 'Fastly CDN', 'GZIP Module', 'Google Related Website Sites', 'Instagram Follow Button', 'K2F', 'Microdata for Google Shopping', 'NFOrce Internet', 'PWA', 'Perl', 'QUIC', 'SMC', 'Sentry', 'SiteW', 'Subversion', 'UTF-8', 'Vector Internet Services', 'Wix', 'Wix Media', 'eLand', 'mlcom']"
lemonlawcar.com,"Lemon Law Attorneys | PA - NJ - NY Lemon Law Lawyers | Robison Lemon Law Group, LLC","Robison Lemon Law Group, LLC",USA,82,57532,2026-09-13T12:59:13.639341349Z,"['AWS WAF Challenge', 'Alternate Protocol', 'Apture Linking Platform', 'Astra Theme', 'Azure Edge', 'Beaver Builder Lite', 'Bing Cashback', 'Bing Conversion Tracking', 'CallRail', 'Cloudflare', 'Content Delivery Network', 'DoubleClick Bid Manager', 'Elementor', 'Elfsight', 'EmbedPress', 'Facebook Reseller', 'Fancybox for WordPress', 'GitHub Hosting', 'Google', 'Google Analytics', 'Google Cloud CDN', 'Google Related Website Sites', 'Google Tag Manager', 'Gravity', 'Gravity Forms', 'HappyAddons', 'Instagram Follow Button', 'K2F', 'Lazy Load for WordPress', 'Microdata for Google Shopping', 'Microsoft Clarity', 'NFOrce Internet', 'PHP', 'QUIC', 'Quantcast Direct', 'Schema Plugin', 'Theme In WP', 'Thrive Themes', 'UTF-8', 'Vimeo', 'WP Engine', 'WP Rocket', 'WP Video Lightbox', 'Woo Themes', 'WordPress', 'WordPress Multisite', 'Yandex Hosting', 'YouTube', 'jQuery', 'reCAPTCHA']"
jewelersworkshopgranbury.com,"Jewelry Store in Downtown Granbury, TX & Hood County | The Jeweler’s Workshop",The Jeweler's Workshop,UKR,92,19456,2026-09-13T12:59:13.639606718Z,"['AWS WAF Challenge', 'Alternate Protocol', 'Cloudflare', 'Cloudflare CDN', 'Content Delivery Network', 'Divi', 'Elegant Themes', 'EmbedPress', 'Font Awesome', 'Google', 'Google Analytics', 'Google Cloud CDN', 'Google Cloud DNS', 'Google Font API', 'Google My Business', 'Google Tag Manager', 'Instagram Follow Button', 'Microdata for Google Shopping', 'Microsoft Clarity', 'PHP', 'Theme In WP', 'UTF-8', 'UserWay', 'WP Engine', 'WordPress', 'WordPress Multisite']"
theeyeexperts.com,The Eye Experts,,USA,75,22546,2026-09-13T12:59:13.638138497Z,"['AWS WAF Challenge', 'Alternate Protocol', 'Astra Theme', 'Cloudflare', 'Cloudflare CDN', 'Cloudflare Turnstile', 'Contact Form Plugin', 'Content Delivery Network', 'ElementUI', 'Elementor', 'EmbedPress', 'Essential Addons for Elementor', 'Express', 'Facebook Conversion Tracking', 'Facebook Login', 'Facebook Messenger Platform', 'Facebook Pixel', 'Facebook Reseller', 'Facebook Tag API', 'GenerateBlocks', 'Google', 'Google Analytics', 'Google Cloud DNS', 'Google Font API', 'Google Maps', 'Google My Business', 'Google Tag Manager', 'Instagram Follow Button', 'NFOrce Internet', 'Ntent', 'PHP', 'Pico CSS', 'QUIC', 'Royal Elementor Addons', 'Theme In WP', 'TrustIndex', 'UTF-8', 'Ultimate Addons for Gutenberg', 'WP Engine', 'Woo Themes', 'WooCommerce Checkout', 'WordPress', 'WordPress Multisite', 'WordPress Related Posts', 'jQuery', 'reCAPTCHA']"
drains-unlimited.com,Premium Stainless Steel Linear Drain - Drains Unlimited,,,72,25409,2026-09-13T12:59:13.637918395Z,"['AWS WAF Challenge', 'Alternate Protocol', 'Bing Cashback', 'Cloudflare', 'Cloudflare CDN', 'Cloudflare Web Analytics', 'EmbedPress', 'Fastly', 'Flexy Breadcrumb', 'GetResponse', 'Google', 'Google Analytics', 'Google Cloud DNS', 'Google Font API', 'Google Maps', 'Google My Business', 'Google Related Website Sites', 'Google Tag Manager', 'Harbor', 'Instagram Follow Button', 'LiteSpeed', 'Microdata for Google Shopping', 'Mouseflow', 'PHP', 'Parcel', 'Seflow Italy', 'Sitelinks Search Box', 'Telegram', 'Thank You', 'Theme In WP', 'UTF-8', 'WordPress', 'WordPress Multisite', 'YouTube', 'jQuery', 'reCAPTCHA']"
grassrootsfitness.org,Grass Roots Fitness,,,55,517,2026-09-13T12:59:13.636292176Z,"['A9 Direct', 'AWS WAF Challenge', 'Akismet', 'Alternate Protocol', 'Amazon WAF Blocked', 'Aruba', 'Cloudflare', 'Column Shortcodes', 'Content Delivery Network', 'EmbedPress', 'Express', 'Google Analytics', 'Google Cloud DNS', 'Google Font API', 'Google My Business', 'Google Tag Manager', 'Gravity', 'Gravity Forms', 'HealCode', 'Instagram Follow Button', 'MonsterInsights', 'PHP', 'QUIC', 'Stripe', 'Subversion', 'Theme In WP', 'Twitter Ads', 'UTF-8', 'WP Engine', 'WP jQuery Lightbox', 'WordPress', 'WordPress Multisite', 'YouTube', 'eLand', 'jQuery', 'reCAPTCHA']"
drivencashhomebuyers.com,Sell Your House Fast for Cash – Driven Cash Homebuyers,,,92,49068,2026-09-13T12:59:13.636580981Z,"['AWS WAF Challenge', 'Agoda', 'Alternate Protocol', 'Baidu Cloud', 'Cloudflare', 'Content Delivery Network', 'Elementor', 'EmbedPress', 'Facebook Login', 'Facebook Messenger Platform', 'Facebook Pixel', 'Facebook Reseller', 'Facebook Tag API', 'GDPR Consent Management Platform', 'Google Analytics', 'Google Cloud DNS', 'Google Maps', 'Google My Business', 'Google Tag Manager', 'Hello Elementor', 'Instagram Follow Button', 'Investor Relations', 'Line2', 'LiteSpeed', 'Media.net', 'Microdata for Google Shopping', 'NFOrce Internet', 'Ntent', 'Onyx Internet', 'Perl', 'Pico CSS', 'QUIC', 'QUIC.cloud', 'Sitelinks Search Box', 'Table Addons for Elementor', 'TrustIndex', 'UTF-8', 'Wangsu', 'WordPress', 'WordPress Multisite', 'Yandex Hosting', 'eLand', 'reCAPTCHA']"
sheelaghnagig.com,Sheelagh Na Gig. home page,,USA,82,15000,2026-09-13T12:59:13.63213946Z,"['Cloudflare', 'Cloudflare CDN', 'Fireblade', 'Google Analytics', 'Google Tag Manager', 'Instagram Follow Button', 'Mastodon', 'QUIC', 'UTF-8', 'eLand', 'nopCommerce']"
anthonyemmanuel.com,Home | Anthony Emmanuel Network,,ESP,70,29464,2026-09-13T12:59:13.632454035Z,"['AJAX Libraries API', 'AWS WAF Challenge', 'Adult Content', 'Alternate Protocol', 'BLR', 'CDN JS', 'Cloudflare', 'Cloudflare CDN', 'EmbedPress', 'Google', 'Google Adsense', 'Google Analytics', 'Google Analytics Dashboard for WordPress', 'Google Cloud DNS', 'Google Font API', 'Google Funding Choices', 'Google Matched Content', 'Google My Business', 'Google Related Website Sites', 'Google Reseller', 'Google Tag Manager', 'Instagram Follow Button', 'LiteSpeed', 'MailChimp', 'MailOptin for Wordpress', 'Microdata for Google Shopping', 'Newsmag', 'Newspaper', 'PHP', 'Shareaholic', 'Theme In WP', 'Tumblr', 'Twitter Ads', 'UTF-8', 'WPForms', 'Woo Themes', 'WooCommerce Checkout', 'WordPress', 'WordPress Multisite', 'jQuery']"
matthewwolff.com,Work - Matthew Wolff,,USA,62,409,2026-09-13T12:59:13.631350893Z,"['Adobe Creative Cloud WebFonts', 'Alternate Protocol', 'Apache', 'CDN JS', 'Cloudflare', 'Cloudflare CDN', 'EmbedPress', 'GZIP Module', 'Google Analytics', 'Google Tag Manager', 'Instagram Follow Button', 'Microdata for Google Shopping', 'PHP', 'Theme In WP', 'Twitter Ads', 'UTF-8', 'WordPress', 'WordPress Multisite', 'eLand', 'jQuery']"
georgefery.com,George Fery - Freelance Writer & Photographer of the New World and Mesoamerica | Freelance Writer & Photographer,,PHL,80,3228,2026-09-13T12:59:13.630302564Z,"['Adult Content', 'Alternate Protocol', 'Apture Linking Platform', 'CDN JS', 'Cloudflare', 'Cloudflare CDN', 'Content Delivery Network', 'EmbedPress', 'Fastly', 'GZIP Module', 'Google Cloud DNS', 'Google Font API', 'Instagram Follow Button', 'Newsmag', 'Newspaper', 'PHP', 'Shield Security for Wordpress', 'Tailwind CSS', 'Theme In WP', 'UTF-8', 'WPBakery', 'WPForms', 'Woo Themes', 'WooCommerce Checkout', 'WordPress', 'WordPress Multisite', 'jQuery']"
premierseal.co.uk,Premierseal | Specialist Refurbishment Contractors,Premierseal,GBR,82,69739,2026-09-13T12:59:13.630619691Z,"['AWS WAF Challenge', 'Alternate Protocol', 'CDN JS', 'Cloudflare', 'Cloudflare CDN', 'Content Delivery Network', 'EmbedPress', 'Font Awesome', 'Google', 'Google Analytics', 'Google Cloud DNS', 'Google Font API', 'Google My Business', 'Google Tag Manager', 'Hotjar', 'IcoMoon', 'LiteSpeed', 'Microdata for Google Shopping', 'Neve', 'PHP', 'SMC', 'Site Kit', 'SiteOrigin', 'SiteOrigin Panels', 'Theme In WP', 'To Top', 'UTF-8', 'Vantage', 'WPForms', 'WordPress', 'WordPress Multisite', 'jQuery']"
dogsy.ie,Puppies & Dogs for sale in Ireland - Dogsy.ie,Puppies & Dogs for sale in Ireland - Dogsy.ie,JPN,82,38704,2026-09-13T12:59:13.627661937Z,"['AWS WAF Challenge', 'Apture Linking Platform', 'Cloudflare', 'Cloudflare CDN', 'Cloudflare Web Analytics', 'DAV', 'Express', 'Google Adsense', 'Google Analytics', 'Google Customer Reviews', 'Google Funding Choices', 'Google Matched Content', 'Google My Business', 'Google Reseller', 'Google Tag Manager', 'Instagram Follow Button', 'Investor Relations', 'KVH', 'LiteSpeed', 'Microdata for Google Shopping', 'NFOrce Internet', 'Ntent', 'PHP', 'Perl', 'QUIC', 'Sign In With Google', 'Tailwind CSS', 'UK Cookie Consent', 'UTF-8', 'YouTube', 'eLand', 'reCAPTCHA', 'shadcn ui', 'uPress']"
lajefaempanadas.com,La Jefa Empanadas | Authentic Puerto Rican & Dominican Empanadas in At,La Jefa Empanadas,USA,87,13844,2026-09-13T12:59:13.627116044Z,"['Amazon CloudFront', 'Apture Linking Platform', 'Baidu Cloud', 'CloudFront', 'Cloudflare', 'Cloudflare CDN', 'DAV', 'Google Customer Reviews', 'Google Maps', 'Google My Business', 'IcoMoon', 'Instagram Follow Button', 'MailChimp', 'Microdata for Google Shopping', 'Ntent', 'QUIC', 'Shopify', 'Shopify Collabs', 'UTF-8', 'Vector Internet Services', 'Yandex Hosting', 'hCaptcha', 'reCAPTCHA']"
trainersappraisal.com,Appraiser,,,50,23703,2026-09-13T12:59:13.625125755Z,"['AWS WAF Challenge', 'Amazon WAF Blocked', 'Azion', 'CDN JS', 'Cloudflare', 'Cloudflare CDN', 'Contento', 'ElementUI', 'Express', 'Fireblade', 'GitHub Hosting', 'Google Cloud DNS', 'Google Font API', 'On The Map', 'QUIC', 'Share Link', 'UTF-8', 'YouCanBookMe']"
xyi.com,Home - XYi Design,XYi Design,GBR,65,17809,2026-09-13T12:59:13.6249566Z,"['AWS WAF Challenge', 'Adobe Creative Cloud WebFonts', 'Alternate Protocol', 'Apache', 'Bulma', 'Cloudflare', 'Cloudflare CDN', 'EmbedPress', 'Express', 'GZIP Module', 'Google', 'Google My Business', 'Instagram Follow Button', 'Investor Relations', 'Microdata for Google Shopping', 'PHP', 'Tailwind CSS', 'Theme In WP', 'UTF-8', 'Ubuntu', 'WordPress', 'WordPress Multisite', 'jQuery', 'jsDelivr']"
launiusfurniturecompany.com,Launius Furniture - Warrior Alabama Furniture & Mattress Store,,CAN,92,11177,2026-09-13T12:59:13.623446286Z,"['Alternate Protocol', 'Amazon WAF Blocked', 'Aruba', 'Cloudflare', 'Content Delivery Network', 'Elementor', 'Elfsight', 'EmbedPress', 'Facebook Conversion Tracking', 'Facebook Login', 'Facebook Messenger Platform', 'Facebook Pixel', 'Facebook Reseller', 'Facebook Tag API', 'Fast Simon', 'Fastly', 'Financial Services Guide', 'Google Analytics', 'Google Cloud DNS', 'Google Font API', 'Google Tag Manager', 'Gravity', 'Gravity Forms', 'Kitco', 'Microdata for Google Shopping', 'Microsoft Clarity', 'NFOrce Internet', 'PHP', 'QUIC', 'Soliloquy for WordPress', 'Theme In WP', 'UTF-8', 'Woo Themes', 'WooCommerce', 'WooCommerce Checkout', 'WooFramework', 'WordPress', 'WordPress Multisite', 'XTemos Studio', 'eLand', 'jQuery']"
eastalabamaaging.org,Area Agency on Aging of East Alabama,,USA,87,22636,2026-09-13T12:59:13.622999212Z,"['Adobe Creative Cloud WebFonts', 'Alternate Protocol', 'Astra Theme', 'Cloudflare', 'Elementor', 'EmbedPress', 'Essential Addons for Elementor', 'Font Awesome', 'GTranslate', 'Google Analytics', 'Google Cloud DNS', 'Google Font API', 'Google My Business', 'Google Tag Manager', 'Lazy Load for WordPress', 'Max Mega Menu', 'Max Mega Menu Pro', 'Menu Icons by ThemeIsle', 'Microdata for Google Shopping', 'NFOrce Internet', 'Nginx', 'On The Map', 'PHP', 'QUIC', 'Smart Slider 3', 'Theme In WP', 'UTF-8', 'Vimeo', 'WPForms', 'Woo Themes', 'WordPress', 'WordPress Multisite', 'WordPress Related Posts', 'eLand', 'jQuery', 'reCAPTCHA']"
maisonmeta.io,Maison Meta | The First Generative AI Agency | AI Fashion – Gen AI Agency for Fashion and Beauty,Maison Meta | The First Generative AI Agency  | AI Fashion,FRA,92,31626,2026-09-13T12:59:13.62227374Z,"['AI Log', 'AWS WAF Challenge', 'Alternate Protocol', 'Cloudflare', 'Contact Form Plugin', 'Content Delivery Network', 'DAV', 'EmbedPress', 'Fireblade', 'Google Analytics', 'Google Cloud DNS', 'Google Font API', 'Google Tag Manager', 'Instagram Follow Button', 'Jetpack', 'Microdata for Google Shopping', 'PHP', 'Site Kit', 'Sitelinks Search Box', 'Slider Revolution', 'Theme In WP', 'UTF-8', 'WP Engine', 'WordPress', 'WordPress Multisite', 'WordPress Stats', 'jQuery']"
shameoncedars.com,Shame on Cedars – Shame on Cedars,,USA,80,3347,2026-09-13T12:59:13.621167363Z,"['Alternate Protocol', 'App Store', 'Apture Linking Platform', 'Beaver Builder Lite', 'Cloudflare', 'Content Delivery Network', 'EmbedPress', 'Google', 'Google Cloud DNS', 'Google Font API', 'Google My Business', 'Google Play', 'Gutenberg', 'IcoMoon', 'One Designs', 'OnePress', 'PHP', 'Theme In WP', 'UTF-8', 'WordPress', 'WordPress Multisite', 'Zeffy', 'eLand', 'jQuery', 'shadcn ui']"
imaginusnorth.com,Imaginus North Inc. | Graphic Media Design Solutions,Imaginus North Inc.,USA,82,1957,2026-09-13T12:59:13.616516727Z,"['Alternate Protocol', 'Cloudflare', 'Content Delivery Network', 'EmbedPress', 'Google Cloud DNS', 'Google Font API', 'Google My Business', 'IcoMoon', 'Nectar Slide Plugin', 'QUIC', 'Salient', 'Sitelinks Search Box', 'UTF-8', 'W3 Total Cache', 'WPBakery', 'WordPress', 'WordPress Multisite', 'reCAPTCHA']"
jordynmorganfoundation.org,#jordystrong -community - Jordyn Morgan Memorial Foundation,,,57,458,2026-09-13T12:59:13.615514587Z,"['Cloudflare', 'Constant Contact', 'Express', 'Google', 'Google Analytics', 'Google Cloud CDN', 'Google Cloud DNS', 'Google Cloud Storage', 'Google Tag Manager', 'Instagram Follow Button', 'QUIC', 'Unsplash', 'WebsiteBuilder']"
redemptionlegacy.com,"Redemption Trilogy | Self-Published Author in Tequesta, FL",Redemption,,67,86031,2026-09-13T12:59:13.615747459Z,"['34SP.com', 'AWS WAF Challenge', 'About Cookies', 'Amazon Associates', 'Amazon Widgets', 'Apture Linking Platform', 'Cloudflare', 'Cloudflare CDN', 'Coming Soon Page', 'Commoninja', 'DAV', 'Express', 'Financial Services Guide', 'Fireblade', 'Font Awesome', 'Gambling Content', 'Google Analytics', 'Google My Business', 'Google Tag Manager', 'Material-UI', 'NFOrce Internet', 'Network Advertising Initiative', 'Oddle', 'Oracle Cloud', 'SMC', 'Thank You', 'Twitter Ads', 'UENI', 'UTF-8', 'University or College']"
kondoizer.com,Lirdle: One Lie Per Line,,,45,,2026-09-13T12:59:13.611125095Z,"['CDN JS', 'Cloudflare', 'Cloudflare CDN', 'GZIP Module', 'Google My Business', 'Nginx', 'Ubuntu', 'YouTube']"
ela.cool,Ela Haney — UX Lead & Digital Product Designer,,CHE,67,4800,2026-09-13T12:59:13.611915787Z,"['Amazon', 'Cloudflare', 'GZIP Module', 'Google', 'Tailwind CSS', 'UTF-8', 'WordPress', 'shadcn ui']"
goyeti.org,Home - Y.E.T.I.,Y.E.T.I.,,62,20909,2026-09-13T12:59:13.608044786Z,"['AWS WAF Challenge', 'Alternate Protocol', 'Amazon WAF Blocked', 'Astra Theme', 'Cloudflare', 'Content Delivery Network', 'Elementor', 'EmbedPress', 'Facebook Login', 'Facebook Messenger Platform', 'Facebook Pixel', 'Facebook Reseller', 'Facebook Tag API', 'Google', 'Google Analytics', 'Google Cloud DNS', 'Google Font API', 'Google My Business', 'Google Tag Manager', 'Instagram Follow Button', 'Microdata for Google Shopping', 'MonsterInsights', 'NFOrce Internet', 'PHP', 'Simple Banner for Wordpress', 'Theme In WP', 'UTF-8', 'WP Engine', 'WP Rocket', 'Woo Themes', 'WordPress', 'WordPress Multisite', 'WordPress Related Posts', 'YouTube', 'jQuery']"
preachonpreacher.com,Preach On Preacher,Preach On Preacher,USA,70,5773,2026-09-13T12:59:13.605616878Z,"['Alternate Protocol', 'Apture Linking Platform', 'Automattic', 'Cloudflare', 'Cloudflare Web Analytics', 'Elementor', 'EmbedPress', 'Futurio', 'GZIP Module', 'Google', 'Google Analytics', 'Google Cloud DNS', 'Google Font API', 'Google Related Website Sites', 'Google Tag Manager', 'Header, Footer and Blocks for Elementor', 'Jetpack', 'Lazy Load for WordPress', 'Microdata for Google Shopping', 'NFOrce Internet', 'Nginx', 'PHP', 'Tailwind CSS', 'Theme In WP', 'UTF-8', 'University or College', 'WP Rocket', 'Woo Themes', 'WordPress', 'WordPress Multisite', 'WordPress Stats', 'YouTube', 'jQuery']"
sriramedu.in,"Sri Ram Educational Institutions - The Best Junior & Degree College in Kothapet | IAS, IIT/JEE, NEET Academy",,IND,65,99,2026-09-13T12:59:13.605845243Z,"['Alternate Protocol', 'Apache', 'CDN JS', 'Cloudflare', 'Cloudflare CDN', 'Font Awesome', 'Instagram Follow Button', 'UTF-8', 'University or College', 'WhatsApp Sharing', 'YouTube', 'jQuery']"
industrialstoragebrokers.com,Industrial Storage Brokers,,USA,55,3262,2026-09-13T12:59:13.604672056Z,"['Alternate Protocol', 'CDN JS', 'Cloudflare', 'Cloudflare CDN', 'Contact Form Plugin', 'Content Delivery Network', 'EmbedPress', 'Font Awesome', 'GoDaddy', 'Google', 'Google Cloud DNS', 'Google Font API', 'Google My Business', 'PHP', 'Theme In WP', 'UTF-8', 'Wangsu', 'WordPress', 'WordPress Multisite', 'jsDelivr', 'reCAPTCHA']"
bacwholesale.com.au,"Blinds, Canopies, and Awnings Supplier | B.A.C Wholesale",B.A.C Wholesale,AUS,92,68946,2026-09-13T12:59:13.601663723Z,"['Alternate Protocol', 'Cloudflare', 'Cloudflare CDN', 'Contact Form Plugin', 'Content Delivery Network', 'DAV', 'Divi', 'Elegant Themes', 'EmbedPress', 'Fireblade', 'Google', 'Google Analytics', 'Google Cloud CDN', 'Google Cloud DNS', 'Google Font API', 'Google My Business', 'Google Tag Manager', 'Microdata for Google Shopping', 'PHP', 'SMC', 'Theme In WP', 'UTF-8', 'Woo Themes', 'WordPress', 'WordPress Multisite', 'jQuery', 'reCAPTCHA']"
balkangate.com,Home - balkangate,Balkan Gate,GRC,82,187433,2026-09-13T12:59:13.601847662Z,"['AWS WAF Challenge', 'Adobe Creative Cloud WebFonts', 'Alternate Protocol', 'Amazon WAF Blocked', 'Cloudflare', 'Content Delivery Network', 'DAV', 'EmbedPress', 'Event Tickets for Wordpress', 'Font Awesome', 'Fonts Plugin', 'FreeBSD', 'GZIP Module', 'Google', 'Google Analytics', 'Google Cloud CDN', 'Google My Business', 'Google Tag Manager', 'Gravity', 'Gravity Forms', 'IcoMoon', 'Instagram Follow Button', 'KeyCDN', 'Microdata for Google Shopping', 'MonsterInsights', 'Nginx', 'PHP', 'Parallels Plesk Panel', 'Perl', 'Python', 'QUIC', 'Salesforce Hosted', 'Shopware', 'The Events Calendar', 'ThemeFusion', 'Twitter Ads', 'UTF-8', 'University or College', 'Vector Internet Services', 'WP Fastest Cache', 'Woo Themes', 'WordPress', 'WordPress Multisite', 'WordPress Related Posts', 'Yandex Hosting', 'jQuery', 'symfony PHP Framework']"
jayastraders.in,"Online Shopping Site for Mobile , Home and Kitchen , Electronic , Toy , Gift - Jayas Traders",Jayas Traders,,67,99545,2026-09-13T12:59:13.600607273Z,"['AWS WAF Challenge', 'Alternate Protocol', 'Apture Linking Platform', 'Cloudflare', 'Cloudflare CDN', 'Content Delivery Network', 'DAV', 'Daily Deals', 'EmbedPress', 'FiboSearch', 'Financial Services Guide', 'GoAffPro', 'Google', 'Google Cloud CDN', 'Google Cloud DNS', 'Google Font API', 'Google My Business', 'Google Play', 'Google Related Website Sites', 'Idaq', 'Instagram Follow Button', 'Juicer DMP', 'KVH', 'LiteSpeed', 'Microdata for Google Shopping', 'Ntent', 'PHP', 'Pico CSS', 'QUIC', 'SMC', 'Shortcodes Ultimate', 'Slider Revolution', 'Smart Coupons for WooCommerce', 'Telegram', 'Theme In WP', 'TrustIndex', 'UTF-8', 'Umbler', 'Vector Internet Services', 'WPBakery', 'WPForms', 'Woo Themes', 'WooCommerce', 'WooCommerce Checkout', 'WooFramework', 'WordPress', 'WordPress Multisite', 'XTemos Studio', 'YouTube', 'Zope', 'hCaptcha', 'jQuery']"
clickclickzoomphotography.com,Click Click Zoom Photography,,,62,85744,2026-09-13T12:59:13.599500385Z,"['AWS WAF Challenge', 'Alternate Protocol', 'Appcues', 'Apture Linking Platform', 'Cloudflare', 'Cloudflare CDN', 'Format', 'Google Cloud DNS', 'Google Font API', 'Optimizely Recommendations', 'QUIC', 'Share Link', 'UTF-8', 'University or College', 'Unix']"
percyjacksoncabin.com,Percy Jackson Cabin Quiz: 30+ Cabins Included,Percy Jackson Cabin Quiz,USA,87,27730,2026-09-13T12:59:13.598284204Z,"['AWS WAF Challenge', 'Alternate Protocol', 'BLR', 'Cloudflare', 'Cloudflare CDN', 'Content Delivery Network', 'Google Analytics', 'Google Tag Manager', 'Instagram Follow Button', 'Microdata for Google Shopping', 'Microsoft Clarity', 'Next.js', 'No-Q', 'Oracle Cloud', 'Playwire', 'Pleroma', 'QUIC', 'Share Link', 'Sitelinks Search Box', 'Tailwind CSS', 'The Deck', 'Tumblr', 'UTF-8']"
smarthome.com.vn,"Bkav SmartHome Luxury - Nhà thông minh Cao cấp cho Lâu đài, Biệt thự | Đẳng cấp ngôi nhà bạn | Bkav Smarthome",,,55,1356,2026-09-13T12:59:13.597681084Z,"['Bulma', 'CDN JS', 'Cloudflare', 'Cloudflare CDN', 'Google Analytics', 'Google Tag Manager', 'IcoMoon', 'UTF-8', 'Vector Internet Services', 'YouTube', 'jQuery']"
rebeccahusted.com,"Rebecca Husted specializes in Daly City CA Homes, Real Estate, and Property Listings",,USA,72,39468,2026-09-13T12:59:13.596963775Z,"['Amazon', 'Amazon S3 CDN', 'CDN JS', 'Cisco/Arrowpoint Content Service Switch', 'Cloudflare', 'Cloudflare CDN', 'Fontello', 'GZIP Module', 'Google', 'Google Analytics', 'Google Cloud DNS', 'Google Font API', 'Google Maps', 'Google My Business', 'INETu', 'IcoMoon', 'Instagram Follow Button', 'Microsoft Application Insights', 'Nationwide Mortgage Licensing System and Registry', 'Neighborhoods', 'OpenResty', 'Parcel', 'Prospective', 'QUIC', 'Storyblocks', 'Tailwind CSS', 'UTF-8', 'jQuery', 'jsDelivr', 'reCAPTCHA']"
benzthelender.com,Benz The Lender - Mortgage,,,77,22438,2026-09-13T12:59:13.595065505Z,"['Alternate Protocol', 'Authorize.net', 'BotPenguin', 'Cloudflare', 'Cloudflare Web Analytics', 'Content Delivery Network', 'Fireblade', 'Google', 'Google Cloud CDN', 'Google Cloud DNS', 'Google Cloud Storage', 'Google Font API', 'HighLevel', 'Instagram Follow Button', 'Nuxt.js', 'QUIC', 'UTF-8', 'Unsplash', 'eLand']"
parkglenpta.com,HOME - Park Glen Pta,,,57,6338,2026-09-13T12:59:13.594364289Z,"['Apture Linking Platform', 'Cisco/Arrowpoint Content Service Switch', 'Cloudflare', 'Express', 'Facebook CDN', 'Facebook Embedded Posts', 'Google', 'Google Analytics', 'Google Cloud CDN', 'Google Cloud DNS', 'Google Cloud Storage', 'Google Tag Manager', 'Instagram Follow Button', 'Salesforce Hosted', 'Thumbor', 'Unsplash', 'WebsiteBuilder']"
globaltalentpr.co,Home - Global Talent PR,Global Talent PR,USA,85,38231,2026-09-13T12:59:13.59447796Z,"['Alternate Protocol', 'Cloudflare', 'Content Delivery Network', 'Elementor', 'EmbedPress', 'GoDaddy', 'Google Analytics', 'Google My Business', 'Google Tag Manager', 'Hello Elementor', 'HubSpot Conversations', 'HubSpot WordPress Plugin', 'Hubspot', 'JetElements', 'Microdata for Google Shopping', 'NFOrce Internet', 'PHP', 'QUIC', 'Site Kit', 'Table Addons for Elementor', 'Theme In WP', 'UTF-8', 'Wangsu', 'WordPress', 'WordPress Multisite', 'jQuery', 'reCAPTCHA']"
headsbysavanna.com,Heads by Savanna – Solace for Hair,,CAN,80,15807,2026-09-13T12:59:13.594925174Z,"['Alternate Protocol', 'AutoComplete', 'Cloudflare', 'Contact Form Plugin', 'Content Delivery Network', 'Elementor', 'EmbedPress', 'Express', 'GoDaddy', 'Hub Theme', 'Instagram Follow Button', 'Microdata for Google Shopping', 'PHP', 'Schema Plugin', 'Square', 'Theme In WP', 'UTF-8', 'Wangsu', 'WordPress', 'WordPress Multisite', 'jQuery', 'shadcn ui']"
uvlt.org,Welcome - Upper Valley Land Trust,,PHL,75,42794,2026-09-13T12:59:13.593336992Z,"['AWS WAF Challenge', 'Alternate Protocol', 'Cloudflare', 'Column Shortcodes', 'Constant Contact', 'Content Delivery Network', 'Contento', 'EmbedPress', 'Google Analytics', 'Google Cloud DNS', 'Google Font API', 'Google Related Website Sites', 'Google Tag Manager', 'Gravity', 'Instagram Follow Button', 'Kriesi.at', 'Microdata for Google Shopping', 'PHP', 'Parcel', 'Popup Maker for Wordpress', 'The Events Calendar', 'Theme In WP', 'UTF-8', 'WP Engine', 'WordPress', 'WordPress Multisite', 'YouTube', 'eLand', 'jQuery']"
mchcharity.org,Mid Cheshire Hospitals Charity - Mid Cheshire Hospitals Charity,Mid Cheshire Hospitals Charity,GBR,82,19930,2026-09-13T12:59:13.592998071Z,"['AWS WAF Challenge', 'Alternate Protocol', 'Ametys', 'Beaver Builder Lite', 'Cloudflare', 'Content Delivery Network', 'EmbedPress', 'Fontello', 'GiveWP', 'Google', 'Google Analytics', 'Google Cloud DNS', 'Google Font API', 'Google My Business', 'Google Tag Manager', 'IcoMoon', 'Instagram Follow Button', 'Line2', 'Microdata for Google Shopping', 'PHP', 'QUIC', 'Stripe', 'The Events Calendar', 'Theme In WP', 'UTF-8', 'WP Engine', 'WordPress', 'WordPress Multisite', 'YouTube', 'jQuery']"
bawaratransport.com,Home - Bawara Transport Company,Bawara Transport Company,IND,67,19360,2026-09-13T12:59:13.590546188Z,"['AWS WAF Challenge', 'Alternate Protocol', 'Astra Theme', 'Better Lead Generation Services', 'Cloudflare', 'Cloudflare CDN', 'Content Delivery Network', 'Elementor', 'EmbedPress', 'GenerateBlocks', 'Google', 'Google Cloud DNS', 'Google Font API', 'Google My Business', 'LiteSpeed', 'Microdata for Google Shopping', 'NFOrce Internet', 'PHP', 'QUIC', 'Royal Elementor Addons', 'UTF-8', 'WordPress', 'WordPress Multisite', 'jQuery']"
chickenpaws.cn,chickenpaws.cn,,CAN,65,5047,2026-09-13T12:59:13.590870846Z,"['Alternate Protocol', 'Amazon', 'CDN JS', 'Cloudflare', 'Cloudflare CDN', 'Contact Form Plugin', 'Content Delivery Network', 'EmbedPress', 'Google', 'Google Cloud CDN', 'Google Cloud DNS', 'Google Font API', 'Google Maps', 'LiteSpeed', 'PHP', 'Slider Revolution', 'Theme In WP', 'UTF-8', 'Visual Composer Ultimate Addons', 'WPBakery', 'Woo Themes', 'WordPress', 'WordPress Multisite', 'jQuery']"
smbhb.ir,Personal Portfolio,,IRN,65,3060,2026-09-13T12:59:13.589413951Z,"['ArvanCloud', 'CDN JS', 'Cloudflare', 'Cloudflare CDN', 'Content Delivery Network', 'Fastly', 'GZIP Module', 'GitHub Hosting', 'Nginx', 'PrestaShop', 'Python', 'Svelte', 'UTF-8', 'University or College']"
illuminati-monde-666.com,Illuminati Monde Official – Join Our Brotherhood Today,,,72,19733,2026-09-13T12:45:57.587827363Z,"['AWS WAF Challenge', 'Alternate Protocol', 'Apture Linking Platform', 'Cloudflare', 'Cloudflare CDN', 'Content Delivery Network', 'Elementor', 'EmbedPress', 'Google', 'Google Cloud DNS', 'Google Font API', 'Google My Business', 'LiteSpeed', 'NFOrce Internet', 'PHP', 'Responsive', 'Telegram', 'Theme In WP', 'UTF-8', 'WPForms', 'Woo Themes', 'WooCommerce Checkout', 'WordPress', 'WordPress Multisite', 'WordPress Related Posts', 'jQuery']"
newsawereso.com,Royal House of New Sawereso-Seinnuah,,IDN,65,17400,2026-09-13T12:45:57.58509076Z,"['AWS WAF Challenge', 'Alternate Protocol', 'Cloudflare', 'Cloudflare CDN', 'Content Delivery Network', 'Givebutter', 'Google', 'Google Analytics', 'Google My Business', 'Google Tag Manager', 'InitiativeS', 'LiteSpeed', 'PHP', 'Theme In WP', 'UTF-8', 'WordPress', 'WordPress Multisite', 'YouTube', 'jQuery']"
albert-combien.com,Votre devis comptable - albert-combien.com,Albert-combien.com,,77,17691,2026-09-13T12:45:57.585570372Z,"['Alternate Protocol', 'Astra Theme', 'Cloudflare', 'EmbedPress', 'Envoy', 'Fireblade', 'GenerateBlocks', 'Google', 'Google Analytics', 'Google Cloud DNS', 'Google Font API', 'Google Tag Manager', 'LiteSpeed', 'Microdata for Google Shopping', 'PHP', 'Site Kit', 'Theme In WP', 'UTF-8', 'Ultimate Addons for Gutenberg', 'WordPress', 'WordPress Multisite', 'WordPress Related Posts', 'jQuery']"
codepainter.in,"Codepainter Solutions | Industrial Automation, PLC Programming & IIoT | Pune",,IND,82,2539,2026-09-13T12:45:57.584204945Z,"['Alternate Protocol', 'Apture Linking Platform', 'Bulma', 'CDN JS', 'Cloudflare', 'Cloudflare CDN', 'Font Awesome', 'Google', 'Google Cloud DNS', 'Google Font API', 'Instagram Follow Button', 'Microdata for Google Shopping', 'Python', 'QUIC', 'Tailwind CSS', 'YouTube', 'jsDelivr']"
bemlocal.com,LOCAL BUSINESS Directory - Find LOCAL BUSINESSes - BEMLOCAL,BEMLOCAL,PHL,77,7500,2026-09-13T12:45:57.584882406Z,"['Alibaba Cloud CDN', 'Alternate Protocol', 'Amazon WAF Blocked', 'CDN JS', 'Cloudflare', 'Cloudflare CDN', 'Content Delivery Network', 'ETranslate', 'Google', 'Google Adsense', 'Google Analytics', 'Google Cloud DNS', 'Google Font API', 'Google Funding Choices', 'Google Maps', 'Google Matched Content', 'Google Reseller', 'Google Tag Manager', 'Instagram Follow Button', 'LiteSpeed', 'Microdata for Google Shopping', 'NFOrce Internet', 'PHP', 'Sitelinks Search Box', 'UTF-8', 'YouTube', 'cstate', 'jQuery', 'jsDelivr']"
virtualrealtour.shop,VIRTUAL REALTOUR SHOP – EVOLUTION IN ECOMMERCE,,NGA,65,184912,2026-09-13T12:45:57.584317114Z,"['34SP.com', 'AWS WAF Challenge', 'Adult Content', 'Alternate Protocol', 'Apture Linking Platform', 'Apyl', 'CCSI', 'CDN JS', 'Cloudflare', 'Cloudflare CDN', 'Content Delivery Network', 'DAV', 'DC74', 'Elementor', 'EmbedPress', 'Ethy', 'Federal Deposit Insurance Corporation', 'Financial Services Guide', 'Google', 'Google Analytics', 'Google Maps', 'Google My Business', 'Google Tag Manager', 'Hexo', 'Instagram Feed for WordPress', 'K2F', 'KVH', 'Line2', 'LiteSpeed', 'M247', 'NFOrce Internet', 'Nationwide Mortgage Licensing System and Registry', 'No-Q', 'Onyx Internet', 'PHP', 'PWA', 'Phew', 'QUIC', 'QUIC.cloud', 'QuadLayers', 'SMC', 'Subversion', 'SuperPWA', 'UTF-8', 'WPML Multilingual', 'Woo Themes', 'WooCommerce Checkout', 'WordPress', 'WordPress Multisite', 'eLand', 'jsDelivr']"
rr-flooringllc.com,Professional Floor Installation & Bathroom Remodeling in Pensacola | RR Flooring LLC,RR Flooring LLC,USA,82,5139,2026-09-13T12:45:57.584535474Z,"['Better Lead Generation Services', 'CDN JS', 'Cloudflare', 'Cloudflare CDN', 'Font Awesome', 'Google Analytics', 'Google Cloud DNS', 'Google Maps', 'Google My Business', 'Google Tag Manager', 'Instagram Follow Button', 'Microdata for Google Shopping', 'PHP', 'QUIC', 'Thank You', 'UTF-8', 'Vector Internet Services']"
getmarketpulse.org,getmarketpulse.org -,getmarketpulse.org,,40,260,2026-09-13T12:45:57.581146306Z,"['AWS WAF Challenge', 'Alternate Protocol', 'Astra Theme', 'Cloudflare', 'Cloudflare CDN', 'Content Delivery Network', 'EmbedPress', 'Google', 'Google Analytics', 'Google My Business', 'Google Tag Manager', 'LiteSpeed', 'Microdata for Google Shopping', 'Ntent', 'PHP', 'Theme In WP', 'UTF-8', 'WordPress', 'WordPress Multisite', 'WordPress Related Posts']"
jastrading.in,Home -,,IND,70,20750,2026-09-13T12:45:57.581521532Z,"['AWS WAF Challenge', 'Alternate Protocol', 'Cloudflare', 'Cloudflare CDN', 'Content Delivery Network', 'Elementor', 'ElementsKit Elementor', 'EmbedPress', 'Google', 'Google Analytics', 'Google Maps', 'Google My Business', 'Google Related Website Sites', 'Google Tag Manager', 'Header, Footer and Blocks for Elementor', 'Instagram Follow Button', 'LiteSpeed', 'Microdata for Google Shopping', 'NFOrce Internet', 'OceanWP', 'PHP', 'QUIC', 'Tailwind CSS', 'Theme In WP', 'UTF-8', 'WP Mobile Menu', 'WPForms', 'Woo Themes', 'WooCommerce', 'WooCommerce Checkout', 'WordPress', 'WordPress Multisite', 'YouTube', 'jQuery']"
drivingschoolnj.com,"Driving Lessons | Road Test | Morris, Bergen, Passaic Counties | Pushpam Driving School",,,67,19460,2026-09-13T12:45:57.579959839Z,"['AdChoices in Canada', 'Alternate Protocol', 'Authorize.net', 'Bing Cashback', 'Bing Conversion Tracking', 'Cloudflare', 'Cloudflare Web Analytics', 'Content Delivery Network', 'DoubleClick Bid Manager', 'Express', 'Fireblade', 'Google', 'Google Analytics', 'Google Cloud CDN', 'Google Cloud DNS', 'Google Cloud Storage', 'Google Font API', 'Google My Business', 'Google Related Website Sites', 'Google Tag Manager', 'Instagram Follow Button', 'Microsoft Clarity', 'Network Advertising Initiative', 'Nuxt.js', 'Perl', 'Thank You', 'UTF-8']"
enhancemanagement.co.uk,Enhance Estate & Property Management,,GBR,67,,2026-09-13T12:45:57.579261345Z,"['Cloudflare', 'Express', 'GZIP Module', 'Tailwind CSS', 'UTF-8', 'shadcn ui']"
wellspringsschool.com,Best CBSE School in Bangalore | International School in Sarjapur Road- Wellsprings Academy,,IND,82,21139,2026-09-13T12:45:57.578400649Z,"['AJAX Libraries API', 'AWS WAF Challenge', 'Alternate Protocol', 'Apache', 'BunnyCDN', 'BunnyCDN General', 'CDN JS', 'Cloudflare', 'Cloudflare CDN', 'DAV', 'ElementUI', 'Express', 'Facebook Conversion Tracking', 'Facebook Login', 'Facebook Messenger Platform', 'Facebook Pixel', 'Facebook Reseller', 'Facebook Tag API', 'Font Awesome', 'GZIP Module', 'Google', 'Google Analytics', 'Google Cloud DNS', 'Google Font API', 'Google Tag Manager', 'Instagram Follow Button', 'Microdata for Google Shopping', 'Pleroma', 'QUIC', 'UTF-8', 'Ubuntu', 'University or College', 'WhatsApp Sharing', 'YouTube', 'jQuery', 'jsDelivr']"
hotelparasrinn.in,Hotel Paras R Inn | Home,,IND,70,3007,2026-09-13T12:45:57.578589344Z,"['CDN JS', 'Cloudflare', 'Cloudflare CDN', 'Font Awesome', 'GZIP Module', 'Google', 'Google Cloud DNS', 'Google Font API', 'IcoMoon', 'LiteSpeed', 'Pico CSS', 'QUIC', 'UTF-8']"
coastalkb.com,Home - Folkers Kitchen Bath,,,67,251858,2026-09-13T12:45:57.578766801Z,"['Alternate Protocol', 'Amazon WAF Blocked', 'Anti-spam for WordPress', 'Apache', 'Apture Linking Platform', 'BLR', 'CleanTalk Spam Protect', 'Cloudflare', 'DAV', 'EmbedPress', 'Event Tickets for Wordpress', 'Express', 'Fireblade', 'Formidable Pro Form', 'FreeBSD', 'GZIP Module', 'Gambling Content', 'Google', 'Google Cloud CDN', 'Google Cloud DNS', 'Google Font API', 'Gravity', 'Gravity Forms', 'IcoMoon', 'KeyCDN', 'Krypt Technologies', 'Lazy Load for WordPress', 'Microdata for Google Shopping', 'PHP', 'Python', 'QUIC', 'SMC', 'Salesforce Hosted', 'Shopware', 'Slider Revolution', 'Telegram', 'The Events Calendar', 'ThemeFusion', 'Tumblr', 'UTF-8', 'University or College', 'Vector Internet Services', 'WP Rocket', 'WP jQuery Lightbox', 'WhatsApp Sharing', 'Woo Themes', 'WordPress', 'WordPress Multisite', 'WordPress Related Posts', 'Yandex Hosting', 'symfony PHP Framework']"
grhproperties.com,Harden Property - Gregory Harden Real Estate Expert,,USA,70,19500,2026-09-13T12:45:57.577728217Z,"['Alternate Protocol', 'Amazon CloudFront', 'Astra Theme', 'CloudFront', 'Cloudflare', 'CoBlocks', 'Content Delivery Network', 'Elementor', 'ElementsKit Elementor', 'EmbedPress', 'GoDaddy', 'Google My Business', 'IcoMoon', 'Instagram Follow Button', 'NFOrce Internet', 'PHP', 'Pico CSS', 'QUIC', 'Sticky Header Effects for Elementor', 'Theme In WP', 'UTF-8', 'University or College', 'Wangsu', 'Wix Media', 'Woo Themes', 'WordPress', 'WordPress Multisite', 'WordPress Related Posts', 'jQuery', 'reCAPTCHA']"
pdptax.com,PDP Tax Service,,,52,480,2026-09-13T12:45:57.577960145Z,"['CDN JS', 'Cloudflare', 'Cloudflare CDN', 'HostGator', 'Microsoft Azure', 'Microsoft IIS', 'Parallels Plesk Panel', 'StackPath', 'Visual Studio']"
24x7customersupport-center.in,Refrigeration Help Support Solutions - Trusted Appliance Repair,,IND,65,99,2026-09-13T12:45:57.57714047Z,"['CDN JS', 'Cloudflare', 'Cloudflare CDN', 'Font Awesome', 'Google Analytics', 'Google Tag Manager', 'Perl', 'QUIC', 'Tailwind CSS', 'Thank You']"
kabe-mattan.com,Entrémattor och skrapgaller | Kåbe-Mattan sedan 1944,,ZAF,82,3565,2026-09-13T12:45:57.576396269Z,"['Alternate Protocol', 'Cloudflare', 'Cybot', 'GZIP Module', 'Google Analytics', 'Google Tag Manager', 'Microsoft Azure', 'QUIC', 'Tailwind CSS', 'UTF-8', 'Vimeo', 'Visual Studio']"
gpseducation.ca,Simplifying Your Education Journey | GPS Education,GPS Education - Navigate Your Career,USA,77,2211,2026-09-13T12:45:57.575156902Z,"['Alternate Protocol', 'CDN JS', 'Cloudflare', 'Cloudflare CDN', 'Elementor', 'EmbedPress', 'Google Analytics', 'Google Maps', 'Google My Business', 'Google Related Website Sites', 'Google Tag Manager', 'Hello Elementor', 'Instagram Follow Button', 'JetElements', 'LiteSpeed', 'Microdata for Google Shopping', 'Nginx', 'PHP', 'Sitelinks Search Box', 'Table Addons for Elementor', 'Theme In WP', 'UTF-8', 'University or College', 'WordPress', 'WordPress Multisite', 'jQuery', 'reCAPTCHA']"
sigilconnectpro.com,Home | Sigil Partners,,USA,72,44108,2026-09-13T12:45:57.574454764Z,"['AWS WAF Challenge', 'Apache', 'CDN JS', 'Cisco/Arrowpoint Content Service Switch', 'Cloudflare', 'Cloudflare CDN', 'DAV', 'Expedient', 'Express', 'GZIP Module', 'Google', 'Google Analytics', 'Google Cloud DNS', 'Google Font API', 'Google My Business', 'Google Tag Manager', 'IcoMoon', 'InitiativeS', 'Parcel', 'QUIC', 'TermsFeed', 'UTF-8', 'jQuery', 'jsDelivr', 'reCAPTCHA']"
shreekashi.com,Shree Kashi,,CHN,72,21058,2026-09-13T12:45:57.5739871Z,"['AJAX Libraries API', 'AWS WAF Challenge', 'Alternate Protocol', 'Astra Theme', 'Cloudflare', 'Cloudflare CDN', 'Content Delivery Network', 'Elementor', 'ElementsKit Elementor', 'Elfsight', 'EmbedPress', 'Express', 'Google', 'Google Cloud DNS', 'Google Font API', 'Google My Business', 'Gravity Forms', 'Instagram Follow Button', 'Line2', 'LiteSpeed', 'Microdata for Google Shopping', 'NFOrce Internet', 'PHP', 'QUIC', 'QUIC.cloud', 'UTF-8', 'WPForms', 'Woo Themes', 'WordPress', 'WordPress Multisite', 'WordPress Related Posts']"
corpomeca.com,CORPOMECA – Distribuidora de Medicamentos e Insumos Médicos.,,USA,60,983,2026-09-13T12:45:57.572246276Z,"['AWS WAF Challenge', 'Alternate Protocol', 'Cloudflare', 'Cloudflare CDN', 'Elementor', 'EmbedPress', 'Google', 'Google Cloud DNS', 'Google Font API', 'Google Maps', 'Google My Business', 'LiteSpeed', 'NFOrce Internet', 'Newsletter for Wordpress', 'OceanWP', 'PHP', 'QUIC', 'Tailwind CSS', 'Theme In WP', 'UTF-8', 'WP Mobile Menu', 'WPForms', 'Woo Themes', 'WooCommerce Checkout', 'WordPress', 'WordPress Multisite', 'jQuery']"
woodbustersflooring.com,Woodbustersflooring - Home,,CAN,65,30827,2026-09-13T12:45:57.571176255Z,"['AWS WAF Challenge', 'Amazon WAF Blocked', 'CDN JS', 'Cloudflare', 'Cloudflare CDN', 'EmbedPress', 'Fireblade', 'Flat Icon', 'Font Awesome', 'Gambling Content', 'Google Analytics', 'Google Cloud DNS', 'Google Font API', 'Google Tag Manager', 'Gravity', 'Gravity Forms', 'Instagram Follow Button', 'Line2', 'Nginx', 'Perl', 'UTF-8', 'WP Rocket', 'Woo Themes', 'WooCommerce', 'WooCommerce Checkout', 'WordPress', 'WordPress Multisite', 'jsDelivr']"
quranelawam.com,Online Quran Academy | Learn Quran Online – Quran Elawam,,GBR,82,7251,2026-09-13T12:45:57.568841777Z,"['Alternate Protocol', 'Aruba', 'Astra Theme', 'CDN JS', 'CleanTalk Spam Protect', 'Click to Chat for WhatsApp', 'Cloudflare', 'Cloudflare CDN', 'Elementor', 'ElementsKit Elementor', 'EmbedPress', 'Instagram Follow Button', 'Microdata for Google Shopping', 'NFOrce Internet', 'Nginx', 'PHP', 'Sitelinks Search Box', 'Theme In WP', 'UTF-8', 'Vector Internet Services', 'Woo Themes', 'WordPress', 'WordPress Multisite', 'WordPress Related Posts', 'YouTube', 'eLand', 'jQuery']"
eliteathletecentre.co.uk,A World-Class Venue - Elite Athlete Centre and Hotel,,GBR,72,10247,2026-09-13T12:45:57.564967509Z,"['Alternate Protocol', 'Apache', 'Book Direct', 'CDN JS', 'Cloudflare', 'Cloudflare CDN', 'Content Delivery Network', 'CookieConsent', 'Craft', 'DAV', 'GZIP Module', 'Google Analytics', 'Google Tag Manager', 'Instagram Follow Button', 'Mews Commander', 'SiteMinder', 'Thank You', 'UTF-8', 'University or College', 'Vimeo', 'YouTube']"
samsyaportal.in,Samsya Portal,,IND,77,23727,2026-09-13T12:45:57.562221673Z,"['CDN JS', 'Cloudflare', 'Cloudflare CDN', 'Content Delivery Network', 'DAV', 'Font Awesome', 'GZIP Module', 'Google', 'Google Analytics', 'Google Cloud DNS', 'Google Font API', 'Google Related Website Sites', 'Google Tag Manager', 'IcoMoon', 'KVH', 'Nginx', 'QUIC', 'Tailwind CSS', 'UTF-8', 'University or College', 'WordPress', 'jQuery', 'jsDelivr']"
multiunitqueen.com,MultiUnitQueen Real Estate Development,,PHL,70,18740,2026-09-13T12:45:57.562394973Z,"['Alternate Protocol', 'Authorize.net', 'Cloudflare', 'Cloudflare Web Analytics', 'Content Delivery Network', 'Fireblade', 'Google', 'Google Cloud CDN', 'Google Cloud DNS', 'Google Cloud Storage', 'Google Font API', 'Google My Business', 'Instagram Follow Button', 'Nuxt.js', 'UTF-8', 'YouTube']"
apolyanichko.com,Home - Andriy Polyanichko - Full-Cycle WordPress developer for organizations and agencies,,UKR,70,18166,2026-09-13T12:45:57.560979972Z,"['AWS WAF Challenge', 'Alternate Protocol', 'Better Lead Generation Services', 'Blocksy', 'Cloudflare', 'Cloudflare CDN', 'Cloudflare Turnstile', 'Contact Form Plugin', 'Content Delivery Network', 'Elementor', 'EmbedPress', 'Fancybox for WordPress', 'Google Cloud DNS', 'Google Font API', 'Header, Footer and Blocks for Elementor', 'LiteSpeed', 'Microdata for Google Shopping', 'NFOrce Internet', 'PHP', 'Pico CSS', 'Telegram', 'Theme In WP', 'UTF-8', 'Unlimited Elements For Elementor', 'WordPress', 'WordPress Multisite', 'jQuery', 'reCAPTCHA']"
twi-erypr.com,Elevate Your Delivery Game - A.I.Q,,,60,5166,2026-09-13T12:45:57.559662015Z,"['Alpine IQ', 'Amazon', 'Bulma', 'CDN JS', 'Cloudflare', 'Cloudflare CDN', 'Font Awesome', 'GZIP Module', 'Google', 'Google Analytics', 'Google Cloud CDN', 'Google Cloud DNS', 'Google My Business', 'Google Tag Manager', 'Hubspot', 'IcoMoon', 'Intercom', 'Ntent', 'Storyblocks', 'Tailwind CSS', 'UTF-8', 'Vimeo', 'YouTube', 'Zendesk Embeddables', 'jQuery', 'jsDelivr', 'reCAPTCHA']"
longservicebadges.co.uk,Welcome to Long Service Badges online shop - Long Service Badges,Long Service Badges,,67,45302,2026-09-13T12:45:57.558048745Z,"['AWS WAF Challenge', 'Alternate Protocol', 'Brevo', 'Cloudflare', 'Cloudflare CDN', 'Content Delivery Network', 'EmbedPress', 'Flatsome', 'Google', 'Google Analytics', 'Google My Business', 'Google Related Website Sites', 'Google Tag Manager', 'IcoMoon', 'KVH', 'LiteSpeed', 'Microdata for Google Shopping', 'PHP', 'QUIC', 'QUIC.cloud', 'Tailwind CSS', 'Thank You', 'Theme My Login', 'Trustpilot Reviews for WordPress', 'Twitter Ads', 'UTF-8', 'WPForms', 'Woo Themes', 'WordPress', 'WordPress Multisite', 'hCaptcha', 'hCaptcha for WordPress', 'jQuery', 'reCAPTCHA', 'shadcn ui']"
helpfulhandsinhomecare.com,Homecare - Helpful Hands In-Home Care,,USA,82,20658,2026-09-13T12:45:57.557716214Z,"['AWS WAF Challenge', 'Alternate Protocol', 'Apture Linking Platform', 'Astra Theme', 'Cloudflare', 'Cloudflare CDN', 'Content Delivery Network', 'Elementor', 'ElementsKit Elementor', 'EmbedPress', 'Essential Addons for Elementor', 'Google', 'Google Analytics', 'Google Conversion Tracking', 'Google My Business', 'Google Tag Manager', 'Investor Relations', 'LiteSpeed', 'Microdata for Google Shopping', 'MouseWheel Smooth Scroll', 'NFOrce Internet', 'PHP', 'QUIC', 'Site Kit', 'Sitelinks Search Box', 'Theme In WP', 'UTF-8', 'Woo Themes', 'WordPress', 'WordPress Multisite', 'WordPress Related Posts', 'jQuery', 'reCAPTCHA']"
treverdesilva.lk,Trever De Silva's | Piano Tuning | Piano Service & Repair | Piano Selling,,,55,156,2026-09-13T12:45:57.556378008Z,"['Bulma', 'CDN JS', 'Cloudflare', 'Cloudflare CDN', 'Google Maps', 'Google My Business', 'IcoMoon', 'LiteSpeed', 'PHP', 'Tailwind CSS', 'UTF-8', 'jQuery']"
applieddecon.com,Biohazard Cleanup Tri-Cities WA | Applied Decon LLC,Applied Decon LLC,AUS,92,21752,2026-09-13T12:45:57.555112782Z,"['AWS WAF Challenge', 'Alternate Protocol', 'Automattic', 'BatCache', 'Cloudflare', 'Cloudflare CDN', 'EmbedPress', 'Fastly', 'Google', 'Google My Business', 'Google Related Website Sites', 'Gutenberg', 'Jetpack', 'Jetpack Site Accelerator', 'Microdata for Google Shopping', 'Nginx', 'PHP', 'Perl', 'QUIC', 'SiteOrigin', 'Sydney Theme', 'Theme In WP', 'UTF-8', 'WPForms', 'Woo Themes', 'WordPress', 'WordPress Multisite', 'WordPress Stats', 'jQuery']"
naturebelisle.net,Accueil | Nature,,USA,55,60,2026-09-13T12:45:57.554143111Z,"['Alternate Protocol', 'CDN JS', 'Cloudflare', 'Cloudflare CDN', 'Facebook Conversion Tracking', 'Facebook Login', 'Facebook Messenger Platform', 'Facebook Pixel', 'Facebook Reseller', 'Facebook Tag API', 'GZIP Module', 'Google', 'Google Analytics', 'Google Cloud CDN', 'Google Tag Manager', 'Nginx', 'Tailwind CSS', 'UTF-8', 'Ubuntu']"
salonxcel.com,"Salon Xcel, Ogmante Reveni Salon De Beaute Ou Wa",,USA,72,26157,2026-09-13T12:45:57.554643404Z,"['AWS WAF Challenge', 'AdRoll', 'Aruba', 'CDN JS', 'Cloudflare', 'Cloudflare CDN', 'Cloudflare Web Analytics', 'Content Delivery Network', 'Facebook Login', 'Facebook Messenger Platform', 'Facebook Reseller', 'Font Awesome', 'Google Analytics', 'Google Cloud DNS', 'Google Font API', 'Google Tag Manager', 'HubSpot Conversations', 'Hubspot', 'No-Q', 'Pixabay', 'QUIC', 'Subscribers', 'Thank You', 'UTF-8', 'eLand']"
exmoorrtrekking.com,"Brendon Manor: Horse Riding - Escorted Horse Trekking on Exmoor, Devon",Brendon Manor Stables,USA,82,94990,2026-09-13T12:45:57.553914586Z,"['Alternate Protocol', 'Amazon WAF Blocked', 'Apture Linking Platform', 'Cloudflare', 'Content Delivery Network', 'CoolText', 'DC74', 'Express', 'Fastly', 'Fastly CDN', 'GZIP Module', 'Google Related Website Sites', 'Instagram Follow Button', 'Microdata for Google Shopping', 'NFOrce Internet', 'POWr', 'PWA', 'QUIC', 'SMC', 'Seflow Italy', 'Sentry', 'SiteW', 'Thank You', 'UTF-8', 'Vector Internet Services', 'Wix', 'Wix Media', 'eLand', 'mlcom']"
bangunrumahproject.com,Home,,NPL,67,1105,2026-09-13T12:45:57.552128595Z,"['Apture Linking Platform', 'CDN JS', 'Cloudflare', 'Cloudflare CDN', 'Cybot', 'Google Analytics', 'Google Related Website Sites', 'Google Tag Manager', 'Instagram Follow Button', 'LiteSpeed', 'PHP', 'Perl', 'Tailwind CSS', 'UTF-8', 'WordPress', 'YouTube', 'shadcn ui']"
orient-group-lb.com,Orient Group | Food Products & Distribution,,,62,15000,2026-09-13T12:45:57.551989886Z,"['AWS WAF Challenge', 'Cloudflare', 'Content Delivery Network', 'GZIP Module']"
indoguyanaglobal.com,Home - Indo Guyana Global,Indo Guyana Global,GUY,65,19410,2026-09-13T12:45:57.5500342Z,"['AWS WAF Challenge', 'Alternate Protocol', 'Astra Theme', 'Cloudflare', 'Cloudflare CDN', 'Content Delivery Network', 'DAV', 'Elementor', 'EmbedPress', 'Google', 'Google Analytics', 'Google Cloud DNS', 'Google Font API', 'Google Maps', 'Google My Business', 'Google Tag Manager', 'Header, Footer and Blocks for Elementor', 'LiteSpeed', 'Microdata for Google Shopping', 'NFOrce Internet', 'PHP', 'QUIC', 'Smart Slider 3', 'Theme In WP', 'UTF-8', 'Woo Themes', 'WordPress', 'WordPress Multisite', 'WordPress Related Posts', 'eLand', 'jQuery']"
theshapedental.com,"Trusted Dentist in Georgetown, TX | Shape Dental",,MYS,82,20617,2026-09-13T12:45:57.54771168Z,"['AWS WAF Challenge', 'Alternate Protocol', 'Astra Theme', 'Cloudflare', 'Cloudflare CDN', 'Content Delivery Network', 'DAV', 'DuracellTomi Google Tag Manager for WordPress', 'Elementor', 'ElementsKit Elementor', 'EmbedPress', 'Essential Addons for Elementor', 'Google', 'Google Analytics', 'Google Cloud DNS', 'Google Font API', 'Google My Business', 'Google Related Website Sites', 'Google Tag Manager', 'Header, Footer and Blocks for Elementor', 'LiteSpeed', 'Microdata for Google Shopping', 'Microsoft Clarity', 'NFOrce Internet', 'PHP', 'QUIC', 'Sitelinks Search Box', 'Theme In WP', 'UTF-8', 'University or College', 'WPForms', 'Woo Themes', 'WordPress', 'WordPress Multisite', 'WordPress Related Posts', 'jQuery']"
woomagic.shop,WooMagicar,,,35,99,2026-09-13T12:45:57.54699467Z,"['CDN JS', 'Cloudflare', 'Cloudflare CDN', 'Font Awesome', 'LiteSpeed']"
zonpapers.com,ZonPapers | Premium Paper Stationery & Packaging Manufacturer,ZonPapers,,67,139,2026-09-13T12:37:26.16000405Z,"['CDN JS', 'Cloudflare', 'Cloudflare CDN', 'Express', 'Font Awesome', 'Google Analytics', 'Google Cloud DNS', 'Google Font API', 'Google Tag Manager', 'Instagram Follow Button', 'LiteSpeed', 'Microdata for Google Shopping', 'PHP', 'QUIC', 'Tailwind CSS', 'UTF-8', 'jsDelivr']"
stuebben.com,Stübben,Stübben,VAT,77,32764,2026-09-13T12:35:36.416169477Z,"['Alternate Protocol', 'Amazon CloudFront', 'Amazon WAF Blocked', 'Animate It', 'Apture Linking Platform', 'Aruba', 'Baidu Cloud', 'CloudFront', 'Cloudflare', 'Cloudflare CDN', 'Express', 'Fastly', 'Fireblade', 'Google Related Website Sites', 'IcoMoon', 'Instagram Follow Button', 'Klaviyo', 'Microdata for Google Shopping', 'NFOrce Internet', 'Parcel', 'ParcelPanel Order Tracking', 'QUIC', 'Shopify', 'Shopify Collabs', 'Tailwind CSS', 'Thank You', 'To Top', 'UTF-8', 'UpPromote', 'Yandex Hosting', 'YouTube', 'eLand', 'hCaptcha', 'jsDelivr', 'reCAPTCHA']"
fredpearsonllc.com,"Fred Pearson LLC — Cabinets & Countertops in Monticello, IN",Fred Pearson LLC,USA,77,3160,2026-09-13T12:35:36.41572733Z,"['Alternate Protocol', 'Cloudflare', 'DAV', 'GZIP Module', 'Google', 'Google Cloud DNS', 'Google Font API', 'Google Maps', 'Google My Business', 'Google Related Website Sites', 'Microdata for Google Shopping', 'Tailwind CSS', 'UTF-8', 'shadcn ui']"
simpedit.com,Simpedit One Click to Transform Your Image with Trendy Style,,,67,,2026-09-13T12:35:36.41454583Z,"['Alternate Protocol', 'Cloudflare', 'Cloudflare CDN', 'Cloudflare Web Analytics', 'Content Delivery Network', 'Express', 'Google Adsense', 'Google Analytics', 'Google Funding Choices', 'Google Matched Content', 'Google Reseller', 'Google Tag Manager', 'Next.js', 'Ntent', 'Pleroma', 'QUIC', 'Tailwind CSS', 'UTF-8', 'shadcn ui']"
dailytopcoupons.com,Daily Top Coupons,,,55,123,2026-09-13T12:35:36.412490733Z,"['Akamai Global Host', 'Amazon', 'Cloudflare', 'Cloudflare CDN', 'Google', 'Google Analytics', 'Google Cloud DNS', 'Google Font API', 'Google My Business', 'Google Tag Manager', 'Python', 'QUIC', 'UTF-8']"
easycleanlitterpan.com,Home - Pet Accessories - Easy Clean Litter Pan,,,72,43401,2026-09-13T12:35:36.412668572Z,"['Alternate Protocol', 'Beaver Builder Lite', 'Cloudflare', 'Content Delivery Network', 'Contento', 'EmbedPress', 'GoDaddy', 'Google', 'Google Cloud DNS', 'Google Font API', 'Microdata for Google Shopping', 'PHP', 'PayPal Adaptive Payments', 'PayPal Button', 'PayPal Form', 'QUIC', 'Schema Plugin', 'Theme In WP', 'UTF-8', 'Wangsu', 'Website Tonight', 'WordPress', 'WordPress Multisite', 'eLand', 'jQuery']"
mcshop.rs,MCShop doo,,,40,336,2026-09-13T12:35:36.412086405Z,"['AWS WAF Challenge', 'Alternate Protocol', 'Cloudflare', 'Cloudflare CDN', 'DAV', 'Elementor', 'ElementsKit Elementor', 'EmbedPress', 'Google', 'Google My Business', 'Nginx', 'PHP', 'QUIC', 'Twenty Twenty-Three', 'UTF-8', 'Woo Themes', 'WooCommerce', 'WooCommerce Checkout', 'WordPress', 'WordPress Multisite', 'YITH WooCommerce Compare', 'eLand', 'jQuery']"
jwayconcreterepair.com,J-Way Restoration & Concrete LLC | Concrete Repair Specialists in Holly Hill,J-Way Restoration & Concrete LLC,USA,87,68535,2026-09-13T12:35:36.411598359Z,"['34SP.com', 'About Cookies', 'Cloudflare', 'Cloudflare CDN', 'Coming Soon Page', 'DAV', 'Express', 'Financial Services Guide', 'Fireblade', 'Font Awesome', 'Google Analytics', 'Google Maps', 'Google My Business', 'Google Tag Manager', 'Material-UI', 'NFOrce Internet', 'Network Advertising Initiative', 'Oddle', 'Pico CSS', 'QUIC', 'SMC', 'Thank You', 'Twitter Ads', 'UENI', 'UTF-8']"
petrobrasfairfund.com,SEC v. Petrobras Fair Fund - Home,,,50,159,2026-09-13T12:35:36.411489936Z,"['Cloudflare', 'GZIP Module', 'Google Analytics', 'Google Cloud DNS', 'Google Font API', 'Google Tag Manager', 'IcoMoon', 'UTF-8', 'jQuery']"
awaudioworks.com,AWAudioWorks,,USA,65,15755,2026-09-13T12:35:36.411297846Z,"['Apture Linking Platform', 'BootstrapMade', 'Cloudflare', 'Cloudflare CDN', 'Cloudflare Web Analytics', 'Content Delivery Network', 'Fireblade', 'Google Cloud DNS', 'Google Font API', 'IcoMoon', 'Netlify', 'PHP', 'Tailwind CSS', 'UTF-8', 'University or College', 'eLand', 'jQuery']"
silvaaccessorieslanka.com,Silva Accessories Lanka (Pvt) Ltd,,LKA,77,15040,2026-09-13T12:35:36.410058568Z,"['CDN JS', 'Cloudflare', 'Cloudflare CDN', 'Cloudflare Web Analytics', 'Fireblade', 'Google Cloud DNS', 'Google Font API', 'Google My Business', 'LiteSpeed', 'Tailwind CSS']"
skadesanmeldelse.dk,S&P Claims,,DNK,65,108,2026-09-13T12:35:36.410744682Z,"['Apache', 'CDN JS', 'Cloudflare', 'Cloudflare CDN', 'Content Delivery Network', 'GZIP Module', 'Nepcha', 'Next.js', 'Pleroma', 'UTF-8', 'Ubuntu', 'shadcn ui']"
allpayshop.co.in,All Pay Shop,,IND,60,156,2026-09-13T12:35:36.409505806Z,"['Alternate Protocol', 'Apache', 'CDN JS', 'Cloudflare', 'Cloudflare CDN', 'GZIP Module', 'Google My Business', 'Google Play', 'IcoMoon', 'QUIC', 'Tailwind CSS', 'Telegram', 'UTF-8', 'Ubuntu', 'YouTube', 'jQuery']"
kirtantaak.com,Kirtan Taak | KST HOUSE ltd,,,57,1800,2026-09-13T12:35:36.40898412Z,"['Alternate Protocol', 'Cloudflare', 'Cloudflare CDN', 'Cloudflare Web Analytics', 'Federal Deposit Insurance Corporation', 'Framer Sites', 'Google My Business', 'Google Workspace', 'Ntent', 'UTF-8', 'Vimeo', 'Zeald']"
sandywolftherapy.com,"Sandy Wolf Therapy - Couples & Family Therapist in Guilford, CT",Sandy Wolf Therapy,USA,92,22729,2026-09-13T12:35:36.407964754Z,"['AWS WAF Challenge', 'Alternate Protocol', 'Cloudflare', 'Content Delivery Network', 'ContentBox', 'EmbedPress', 'Google Analytics', 'Google Cloud DNS', 'Google Font API', 'Google My Business', 'Google Tag Manager', 'Instagram Follow Button', 'Microdata for Google Shopping', 'PHP', 'QUIC', 'Theme In WP', 'UTF-8', 'Vector Internet Services', 'Vimeo', 'WP Engine', 'WordPress', 'WordPress Multisite', 'YouTube', 'jQuery', 'reCAPTCHA']"
greatairports.com,GreatAirports.com – Exploring America’s Great Airports!,,USA,60,296,2026-09-13T12:35:36.407637181Z,"['AWS WAF Challenge', 'Alternate Protocol', 'Apache', 'Cloudflare', 'Cloudflare CDN', 'EmbedPress', 'GZIP Module', 'Google', 'Google My Business', 'HostGator', 'Jetpack', 'Lazy Load for WordPress', 'PHP', 'Theme In WP', 'UTF-8', 'Woo Themes', 'WordPress', 'WordPress Multisite', 'WordPress Stats', 'jQuery']"
lucymconnor.com,"Lucy M Connor Therapist | Therapy, Psychodynamic Executive Coaching & Dramatherapy in Eaton Gate, London",,,65,30088,2026-09-13T12:35:36.406561751Z,"['AWS WAF Challenge', 'Alternate Protocol', 'Bunny Fonts', 'Cloudflare', 'Cloudflare CDN', 'Content Delivery Network', 'EmbedPress', 'Fireblade', 'LiteSpeed', 'PHP', 'Subversion', 'Twenty Twenty', 'UTF-8', 'WP Statistics', 'WordPress', 'WordPress Multisite', 'jQuery']"
ocieng.com,ocieng,,,50,10623,2026-09-13T12:35:36.405937479Z,"['AJAX Libraries API', 'Alternate Protocol', 'Cloudflare', 'Column Shortcodes', 'Content Delivery Network', 'EmbedPress', 'Fireblade', 'Google Analytics', 'Google Cloud DNS', 'Google Font API', 'Gravity', 'Gravity Forms', 'LayerSlider Responsive', 'PHP', 'Pleroma', 'QUIC', 'Slider Revolution', 'Theme In WP', 'ThemeFusion', 'UTF-8', 'W3 Total Cache', 'WP Super Cache', 'Wangsu', 'Woo Themes', 'WordPress', 'WordPress Multisite', 'bbPress', 'jQuery']"
vrc-construction.com,"Roofing Company Orem | Provo, UT Roofers | Replacement Services",,ZAF,92,52596,2026-09-13T12:35:36.405772671Z,"['Animate It', 'Apture Linking Platform', 'CDN JS', 'Cloudflare', 'Cloudflare CDN', 'Contact Form Plugin', 'Content Delivery Network', 'Contento', 'DuracellTomi Google Tag Manager for WordPress', 'EmbedPress', 'Fastly', 'Fireblade', 'Font Awesome', 'GZIP Module', 'Google', 'Google Analytics', 'Google Cloud DNS', 'Google Font API', 'Google My Business', 'Google Related Website Sites', 'Google Tag Manager', 'IcoMoon', 'Instagram Follow Button', 'Lazy Load for WordPress', 'Microdata for Google Shopping', 'Nectar Slide Plugin', 'PHP', 'Perl', 'QUIC', 'Salient', 'Theme In WP', 'UTF-8', 'Vector Internet Services', 'WP Rocket', 'WPBakery', 'WordPress', 'WordPress Multisite', 'jQuery', 'reCAPTCHA']"
antglobal.us,ANT Global — Global Sourcing & International Trade,,USA,70,17539,2026-09-13T12:35:36.401072008Z,"['Apache', 'Better Lead Generation Services', 'CDN JS', 'Cloudflare', 'Cloudflare CDN', 'Font Awesome', 'GZIP Module', 'Google', 'Google Cloud DNS', 'Google Font API', 'Instagram Follow Button', 'Wangsu']"
passionforhumanity.org,Passion for Humanity | Faith-Based Support for Women in Arizona,Passion for Humanity,USA,92,20682,2026-09-13T12:35:36.400126093Z,"['AWS WAF Challenge', 'Alternate Protocol', 'Cloudflare', 'Cloudflare CDN', 'Content Delivery Network', 'Divi', 'Donorbox', 'Elegant Themes', 'EmbedPress', 'Fastly', 'GZIP Module', 'Google', 'Google Analytics', 'Google Cloud DNS', 'Google Font API', 'Google My Business', 'Google Tag Manager', 'Microdata for Google Shopping', 'PHP', 'Pagekit', 'QUIC', 'Site Kit', 'Smush Image Optimization', 'Theme In WP', 'UTF-8', 'Woo Themes', 'WordPress', 'WordPress Multisite', 'eLand', 'jQuery']"
hanse.lhm.lv,Hanse – Just another WordPress site,,DEU,70,40,2026-09-13T12:35:36.400694961Z,"['Alternate Protocol', 'CDN JS', 'Cloudflare', 'Cloudflare CDN', 'ElementUI', 'Google Cloud DNS', 'Google Font API', 'Materialize CSS', 'Nginx', 'PHP', 'Theme In WP', 'UTF-8', 'WordPress', 'WordPress Multisite', 'jQuery']"
alisoph.com,Alisoph Media Agency - AliSoph Media Agency,Alisoph Media Agency,,62,17826,2026-09-13T12:35:36.399047578Z,"['AWS WAF Challenge', 'Alternate Protocol', 'Cloudflare', 'Cloudflare CDN', 'EmbedPress', 'GZIP Module', 'Google', 'Google My Business', 'Instagram Follow Button', 'Jetpack', 'Microdata for Google Shopping', 'Nginx', 'Twenty Twenty-Four', 'UTF-8', 'Woo Themes', 'WordPress', 'WordPress Multisite', 'WordPress Stats', 'jQuery']"
pw-yaletown.com,Yaletown | Wall Financial Corporation,,GBR,77,3228,2026-09-13T12:35:36.399574903Z,"['Adobe Creative Cloud WebFonts', 'Amazon', 'Amazon CloudFront', 'CloudFront', 'Cloudflare', 'Content Delivery Network', 'DAV', 'GZIP Module', 'Google Analytics', 'Google My Business', 'Google Tag Manager', 'IcoMoon', 'Microdata for Google Shopping', 'Microsoft Clarity', 'QUIC', 'Tailwind CSS', 'UTF-8', 'WF Cookie Consent', 'jsDelivr']"
xl-burger.net,XL Burger - Franconville,,FRA,65,,2026-09-13T12:35:36.398905634Z,"['Apache', 'Bulma', 'CDN JS', 'Cloudflare', 'Cloudflare CDN', 'Envoy', 'GZIP Module', 'Google Customer Reviews', 'Google My Business', 'Instagram Follow Button', 'jQuery']"
delcorbuilders.com,DelcorBuilders - Making dreams come to life.,,PAK,77,,2026-09-13T12:35:36.398815418Z,"['Apache', 'CDN JS', 'Cloudflare', 'Cloudflare CDN', 'Fancybox for WordPress', 'Instagram Follow Button', 'OpenSSL', 'PHP', 'UTF-8', 'Unix', 'jQuery']"
atlastattootx.com,Home Page,,,72,15636,2026-09-13T12:35:36.397482459Z,"['Cloudflare', 'Cloudflare Web Analytics', 'Digital Ocean Spaces', 'Fireblade', 'Google My Business', 'Instagram Follow Button', 'Line2', 'Next.js', 'Pleroma', 'Tailwind CSS', 'Thank You', 'UTF-8', 'Unsplash', 'shadcn ui']"
hamptonbride.com,hamptonBRIDE,hamptonBRIDE,GBR,87,19506,2026-09-13T12:35:36.397671224Z,"['AWS WAF Challenge', 'Alternate Protocol', 'Cloudflare', 'Content Delivery Network', 'DuracellTomi Google Tag Manager for WordPress', 'Elementor', 'EmbedPress', 'Google Analytics', 'Google My Business', 'Google Tag Manager', 'Hello Elementor', 'Instagram Follow Button', 'JetElements', 'MailChimp for WordPress', 'Microdata for Google Shopping', 'NFOrce Internet', 'PHP', 'PixelYourSite', 'Theme In WP', 'UTF-8', 'WP Engine', 'WordPress', 'WordPress Multisite', 'YouTube', 'jQuery', 'reCAPTCHA']"
abeerashashmitedriverstrainingschool.com,Lloydminster Truck Driving School – Class 1 & 3 Training,Hashmite - Drivers Training School,CAN,82,21179,2026-09-13T12:35:36.39692578Z,"['AWS WAF Challenge', 'Alternate Protocol', 'Automattic', 'Cloudflare', 'Cloudflare CDN', 'Elementor', 'EmbedPress', 'Essential Addons for Elementor', 'Essential Blocks for Gutenberg', 'GZIP Module', 'Google', 'Google Cloud DNS', 'Google Font API', 'Google My Business', 'HostGator', 'Jetpack', 'Lazy Load for WordPress', 'Microdata for Google Shopping', 'NFOrce Internet', 'Newsletter for Wordpress', 'Nginx', 'OceanWP', 'PHP', 'Tailwind CSS', 'Theme In WP', 'UTF-8', 'University or College', 'WP Mobile Menu', 'WPForms', 'Woo Themes', 'WooCommerce Checkout', 'WordPress', 'WordPress Multisite', 'WordPress Stats', 'jQuery']"
getmyfirstgig.com,"Get My First Gig - Real Freelancing, Real People",,,67,78740,2026-09-13T12:35:36.39591021Z,"['Alternate Protocol', 'Authorize.net', 'CDN JS', 'Cart.com', 'Cloudflare', 'Cloudflare CDN', 'Content Delivery Network', 'GZIP Module', 'Google', 'Google Cloud CDN', 'Google Cloud DNS', 'Google Cloud Storage', 'Google Font API', 'Nuxt.js', 'UTF-8']"
kings-queens.be,Kings & Queens – Kings&Queens,Kings&amp;Queens,BEL,92,13856,2026-09-13T12:35:36.395035201Z,"['Alternate Protocol', 'Amazon WAF Blocked', 'Apture Linking Platform', 'Baidu Cloud', 'Cloudflare', 'Cloudflare CDN', 'Google Related Website Sites', 'Instagram Follow Button', 'Microdata for Google Shopping', 'Perl', 'QUIC', 'Shopify', 'Shopify Collabs', 'Shopify Payments', 'UTF-8', 'Vector Internet Services', 'Yandex Hosting', 'hCaptcha', 'reCAPTCHA']"
belladermalfiller.com,BELLA Dermal Fillers - High-Quality Lip Skin Care Solutions,Silhouette Francaise Medical Limited Company,USA,77,8420,2026-09-13T12:35:36.395653664Z,"['Alternate Protocol', 'Cloudflare', 'ETranslate', 'GTranslate', 'Google Analytics', 'Google My Business', 'Google Related Website Sites', 'Google Tag Manager', 'Instagram Follow Button', 'Microdata for Google Shopping', 'Pico CSS', 'Pleroma', 'QUIC', 'Tawk', 'UEESHOP', 'UTF-8', 'WhatsApp Sharing']"
restoredenvironmental.net,Restored Environmental – Restored Environental solve environmental challenges using proven natural products and equipment along with friendly service.,,USA,70,31596,2026-09-13T12:35:36.395810981Z,"['AWS WAF Challenge', 'Alternate Protocol', 'Cloudflare', 'Column Shortcodes', 'Content Delivery Network', 'EmbedPress', 'GoDaddy', 'Google Analytics', 'Google Cloud DNS', 'Google Font API', 'Google Tag Manager', 'Kriesi.at', 'PHP', 'Shopify', 'Shopify Collabs', 'Theme In WP', 'UTF-8', 'Wangsu', 'WordPress', 'WordPress Multisite', 'jQuery']"
blueskyvacations.com,Blue Sky Vacations – Cruise Travel – Vacation Products – Vacation Finder,,VEN,65,23730,2026-09-13T12:35:36.394118411Z,"['AWS WAF Challenge', 'Alternate Protocol', 'Aruba', 'Automattic', 'Better Lead Generation Services', 'Cisco/Arrowpoint Content Service Switch', 'Cloudflare', 'Cloudflare CDN', 'Divi', 'Elegant Themes', 'EmbedPress', 'GZIP Module', 'Google', 'Google Cloud CDN', 'Google Cloud DNS', 'Google Font API', 'Google My Business', 'Jetpack', 'Lazy Load for WordPress', 'Nginx', 'No-Q', 'PHP', 'Theme In WP', 'UTF-8', 'Woo Themes', 'WordPress', 'WordPress Multisite', 'eLand', 'jQuery']"
whatzbot.com,Home | Whatzbot No code WhatsApp chatbot Builder and Automation Platform - WhatzBot,,IND,82,87456,2026-09-13T12:35:36.394777664Z,"['Alternate Protocol', 'Apture Linking Platform', 'CleanTalk Spam Protect', 'Cloudflare', 'Cloudflare CDN', 'Cloudflare Web Analytics', 'Content Delivery Network', 'Elementor', 'ElementsKit Elementor', 'EmbedPress', 'Essential Addons for Elementor', 'Fireblade', 'Google Analytics', 'Google Cloud DNS', 'Google Font API', 'Google No Site Links Search', 'Google Tag Manager', 'IcoMoon', 'LiteSpeed', 'Microdata for Google Shopping', 'NFOrce Internet', 'O2MC Dimml', 'PHP', 'Premium Addons for Elementor', 'QUIC', 'SMC', 'Table Addons for Elementor', 'Tawk', 'Theme In WP', 'UTF-8', 'WordPress', 'WordPress Multisite', 'YouTube', 'eLand', 'jQuery']"
lakepowellvacations.com,Lake Powell Rental Company | Wake Surf Boat Rentals Near Lake Powell,lakepowell,,82,18468,2026-09-13T12:35:36.394528689Z,"['AWS WAF Challenge', 'Alternate Protocol', 'Cloudflare', 'Contact Form Plugin', 'Content Delivery Network', 'Elementor', 'EmbedPress', 'FareHarbor', 'Google Analytics', 'Google Cloud DNS', 'Google Font API', 'Google Maps', 'Google My Business', 'Google Tag Manager', 'HT Mega', 'Harbor', 'Instagram Follow Button', 'LiteSpeed', 'Microdata for Google Shopping', 'NFOrce Internet', 'PHP', 'Schema Plugin', 'Sinatra', 'Tailwind CSS', 'Theme In WP', 'UTF-8', 'Vimeo', 'WP Engine', 'Woo Themes', 'WordPress', 'WordPress Multisite', 'jQuery']"
ga-timber.com,Timber Merchants & Suppliers in Aberdeen | Timber & Fencing,Alex Timber Ltd,GBR,82,56839,2026-09-13T12:35:36.39263822Z,"['AWS WAF Challenge', 'Alternate Protocol', 'Blocksy', 'Cloudflare', 'Cloudflare CDN', 'DAV', 'Elegant Themes', 'EmbedPress', 'Express', 'Fireblade', 'Google Analytics', 'Google My Business', 'Google Related Website Sites', 'Google Tag Manager', 'Gravity Forms', 'Gutenberg Blocks by Kadence Blocks', 'K2F', 'LiteSpeed', 'MailPoet', 'Microdata for Google Shopping', 'Ninja Forms', 'PHP', 'PixelYourSite', 'Popup Maker for Wordpress', 'QUIC', 'Theme In WP', 'UTF-8', 'WhatsApp Sharing', 'Woo Themes', 'WooCommerce', 'WooCommerce Checkout', 'WordPress', 'WordPress Multisite', 'jQuery']"
conkomercoacademy.com,Inicio | CONKOMERCO ACADEMY,,,62,7640,2026-09-13T12:35:36.389085458Z,"['Bulma', 'CDN JS', 'Cloudflare', 'Cloudflare CDN', 'Google Cloud DNS', 'Google Font API', 'Ntent', 'PHP', 'RM Education', 'Tailwind CSS', 'UTF-8']"
felicitywestmacott.co.uk,Bespoke Bridal Home - Felicity Westmacott,,CAN,82,56606,2026-09-13T12:35:36.38830418Z,"['AWS WAF Challenge', 'Alternate Protocol', 'Amazon WAF Blocked', 'Automattic', 'Cloudflare', 'Content Delivery Network', 'EmbedPress', 'Express', 'Facebook Login', 'Facebook Messenger Platform', 'Facebook Reseller', 'Fireblade', 'Font Awesome', 'Google', 'Google Analytics', 'Google Cloud DNS', 'Google Font API', 'Google Related Website Sites', 'Instagram Follow Button', 'Jetpack', 'KVH', 'Kinsta', 'Microdata for Google Shopping', 'PHP', 'Perl', 'Theme In WP', 'Twitter Ads', 'UTF-8', 'WP Engine', 'WordPress', 'WordPress Multisite', 'WordPress Stats', 'YouTube', 'jQuery']"
alayn.dk,Homepage - Al-Ayn For Social Care Foundation,Al-Ayn For Social Care Foundation,EGY,70,25504,2026-09-13T12:35:36.38606736Z,"['Adult Content', 'Cloudflare', 'Cloudflare CDN', 'Content Delivery Network', 'Cybot', 'Ektron', 'Express', 'Facebook Conversion Tracking', 'Facebook Login', 'Facebook Messenger Platform', 'Facebook Pixel', 'Facebook Reseller', 'Facebook Tag API', 'Fancybox for WordPress', 'Google Analytics', 'Google Cloud DNS', 'Google Font API', 'Google Tag Manager', 'Instagram Follow Button', 'Microdata for Google Shopping', 'PHP', 'PWA', 'QUIC', 'Sitelinks Search Box', 'UTF-8', 'Woo Themes', 'WordPress', 'WordPress Multisite', 'YouTube', 'jQuery']"
photogenicmind.com,Home Page - Photogenic Mind,,,72,18753,2026-09-13T12:35:36.384927792Z,"['AWS WAF Challenge', 'Alternate Protocol', 'Astra Theme', 'Cloudflare', 'Content Delivery Network', 'ConvertKit for Wordpress', 'Elementor', 'EmbedPress', 'Google Adsense', 'Google Analytics', 'Google Funding Choices', 'Google Matched Content', 'Google My Business', 'Google Related Website Sites', 'Google Reseller', 'Google Tag Manager', 'Instagram Follow Button', 'Jetpack', 'Microdata for Google Shopping', 'NFOrce Internet', 'PHP', 'Paid Memberships Pro', 'QUIC', 'Sitelinks Search Box', 'Theme In WP', 'UTF-8', 'WP Advanced Ads', 'Woo Themes', 'WordPress', 'WordPress Ad Manager and AdSense Ads', 'WordPress Multisite', 'WordPress Related Posts', 'jQuery']"
ozbaskentelektrik.com,Öz Başkent Elektrik,,TUR,72,99,2026-09-13T12:35:36.382865686Z,"['Bulma', 'CDN JS', 'Cloudflare', 'Cloudflare CDN', 'Content Delivery Network', 'ElementUI', 'Font Awesome', 'GZIP Module', 'Tailwind CSS', 'UTF-8', 'jsDelivr']"
hadler.me,Bits and Bytes | Not just another Tech site,,GBR,75,35449,2026-09-13T12:35:36.382699284Z,"['AWS WAF Challenge', 'Adult Content', 'Alternate Protocol', 'Apache', 'Barracuda Web App Firewall', 'Cloudflare', 'Cloudflare CDN', 'DAV', 'Debian', 'EmbedPress', 'Fortinet', 'GZIP Module', 'GitHub Hosting', 'Google', 'Google My Business', 'PHP', 'PayPal Adaptive Payments', 'PayPal Button', 'PayPal Form', 'Python', 'Theme In WP', 'Twenty Twelve', 'UTF-8', 'WordPress', 'WordPress Multisite', 'jQuery']"
madenewservices.com,Home - Made New Services,Made New Services,USA,75,16784,2026-09-13T12:35:36.382579335Z,"['Alternate Protocol', 'Amazon WAF Blocked', 'Anti-spam for WordPress', 'CleanTalk Spam Protect', 'Cloudflare', 'Cloudflare CDN', 'Content Delivery Network', 'Elementor', 'EmbedPress', 'Fireblade', 'Hello Elementor', 'Microdata for Google Shopping', 'NFOrce Internet', 'Schema Plugin', 'Sitelinks Search Box', 'Table Addons for Elementor', 'UTF-8', 'WordPress', 'WordPress Multisite', 'jQuery']"
loganoopair.com,Shopping Online,,,57,7500,2026-09-13T12:35:36.382486654Z,"['Cloudflare', 'Cloudflare CDN', 'Express', 'Facebook Conversion Tracking', 'Facebook Login', 'Facebook Messenger Platform', 'Facebook Pixel', 'Facebook Reseller', 'Facebook Tag API', 'Fireblade', 'Google Tag Manager', 'Next.js', 'Pleroma', 'Tailwind CSS', 'UTF-8']"
peoplefoco.co.ke,People FOCO Agency,,KEN,65,16259,2026-09-13T12:35:36.381782975Z,"['AWS WAF Challenge', 'BootstrapMade', 'CDN JS', 'Cloudflare', 'Cloudflare CDN', 'Google Analytics', 'Google Cloud DNS', 'Google Font API', 'Google My Business', 'Google Tag Manager', 'Instagram Follow Button', 'LiteSpeed', 'PHP', 'QUIC', 'Tailwind CSS', 'Tawk', 'jQuery', 'reCAPTCHA']"
norajeanskoffeekoach.com,Home | Nora Jeans Koffee Koach,,USA,60,27664,2026-09-13T12:35:36.380978362Z,"['Alternate Protocol', 'Amazon', 'Amazon CloudFront', 'Amazon Route 53', 'Amazon S3 CDN', 'Apture Linking Platform', 'Aruba', 'CCSI', 'CDN JS', 'CloudFront', 'Cloudflare', 'Cloudflare CDN', 'Content Delivery Network', 'DAV', 'Express', 'Fastly', 'FreeBSD', 'GZIP Module', 'Gatsby Image CDN', 'Gatsby JS', 'GitHub Hosting', 'Google Analytics', 'Google Cloud DNS', 'Google Font API', 'Google My Business', 'Google Tag Manager', 'Idaq', 'Instagram Follow Button', 'KVH', 'KeyCDN', 'Nginx', 'Python', 'SMC', 'Storyblocks', 'Toast POS', 'UTF-8', 'University or College', 'Yandex Hosting', 'eLand']"
tomokomhp.com,Tomoko Mobile Home Park,Tomoko Mobile Home Park,USA,82,139,2026-09-13T12:35:36.377150884Z,"['Apache', 'Bulma', 'CDN JS', 'Cloudflare', 'Cloudflare CDN', 'Financial Services Guide', 'Font Awesome', 'GZIP Module', 'Google Cloud DNS', 'Google Font API', 'Google My Business', 'Microdata for Google Shopping', 'Tailwind CSS', 'UTF-8', 'University or College', 'jQuery']"
prbp.ca,"Peace River Building Products | Drywall, Insulation, Paint and more | Fort St. John, BC","Peace River Building Products | Drywall, Insulation, Paint and more | Fort St. John, BC",CAN,82,3506,2026-09-13T12:35:36.376561026Z,"['Alternate Protocol', 'Beaver Builder Lite', 'Better Lead Generation Services', 'CDN JS', 'Cloudflare', 'Cloudflare CDN', 'Content Delivery Network', 'EmbedPress', 'Google', 'Google Analytics', 'Google Cloud DNS', 'Google Font API', 'Google Maps', 'Google Tag Manager', 'IcoMoon', 'LiteSpeed', 'Microdata for Google Shopping', 'OceanWP', 'QUIC', 'Tailwind CSS', 'UTF-8', 'WP Mobile Menu', 'WordPress', 'WordPress Multisite', 'jQuery']"
urbandesigndev.com,home page - Urban Design + Development,Urban Design + Development,USA,75,18788,2026-09-13T12:35:36.37597963Z,"['AWS WAF Challenge', 'Alternate Protocol', 'Apture Linking Platform', 'CDN JS', 'Cloudflare', 'Cloudflare CDN', 'Content Delivery Network', 'ElementUI', 'EmbedPress', 'Font Awesome', 'Google', 'Google Analytics', 'Google Cloud DNS', 'Google Font API', 'Google Tag Manager', 'Instagram Follow Button', 'Microdata for Google Shopping', 'PHP', 'Theme In WP', 'UTF-8', 'WP Engine', 'WordPress', 'WordPress Multisite', 'YouTube', 'jQuery', 'jsDelivr']"
americaslandscape.us,"America’s Landscape | Commercial Mowing, Hedgework & Property Care in Spring Branch, TX",,,77,18740,2026-09-13T12:35:36.375363641Z,"['Alternate Protocol', 'Authorize.net', 'Cloudflare', 'Cloudflare Web Analytics', 'Content Delivery Network', 'Fireblade', 'Google', 'Google Cloud CDN', 'Google Cloud DNS', 'Google Cloud Storage', 'Google Font API', 'Instagram Follow Button', 'Nuxt.js', 'QUIC', 'Twitter Ads', 'UTF-8', 'YouTube']"
masterstreeservice.com,"Masters Tree Service | Emergency Tree Services & Tree Removal in Indianapolis, IN",Masters Tree Service,USA,82,24897,2026-09-13T12:35:36.375240557Z,"['Alternate Protocol', 'Apache', 'Beaver Builder Lite', 'CDN JS', 'Cloudflare', 'Cloudflare CDN', 'Elementor', 'EmbedPress', 'GZIP Module', 'GeneratePress Company', 'Google', 'Google Cloud CDN', 'Google Cloud DNS', 'Google Font API', 'Google My Business', 'Gravity', 'Gravity Forms', 'KVH', 'Microdata for Google Shopping', 'Ntent', 'QUIC', 'Schema Plugin', 'Sitelinks Search Box', 'Squid', 'TrustIndex', 'UTF-8', 'WordPress', 'WordPress Multisite', 'Yelp Badge', 'reCAPTCHA']"
plan22.net,"Masoud Bakhshi | Motor Control Engineer | FOC, TI C2000, Raspberry Pi",Plan22,CHN,82,23160,2026-09-13T12:35:36.372301116Z,"['Alternate Protocol', 'CDN JS', 'Cloudflare', 'Cloudflare CDN', 'Fireblade', 'GitHub Hosting', 'Google', 'Google Cloud DNS', 'Google Font API', 'Google My Business', 'Google Related Website Sites', 'Instagram Follow Button', 'Microdata for Google Shopping', 'Ntent', 'Python', 'QUIC', 'Tailwind CSS', 'University or College', 'Vector Internet Services', 'YouTube', 'jsDelivr']"
carpinteriacmr.com,Home - Carpinteria CMR,CARPINTERÍA CMR,ESP,70,19217,2026-09-13T12:35:36.370069925Z,"['AWS WAF Challenge', 'Alternate Protocol', 'Click to Chat for WhatsApp', 'Cloudflare', 'Cloudflare CDN', 'Elementor', 'EmbedPress', 'Essential Addons for Elementor', 'GZIP Module', 'Google', 'Google My Business', 'Hello Elementor', 'Microdata for Google Shopping', 'NFOrce Internet', 'Nginx', 'PHP', 'Table Addons for Elementor', 'Theme In WP', 'UTF-8', 'WhatsApp Sharing', 'WordOps', 'WordPress', 'WordPress Multisite', 'jQuery']"
brickfestlive.com,Brick Fest Live,,USA,72,18740,2026-09-13T12:35:36.368905681Z,"['Airtable', 'Alternate Protocol', 'Apture Linking Platform', 'Authorize.net', 'CDN JS', 'Cloudflare', 'Cloudflare CDN', 'Cloudflare Web Analytics', 'Content Delivery Network', 'Express', 'Fireblade', 'Google', 'Google Analytics', 'Google Cloud CDN', 'Google Cloud DNS', 'Google Cloud Storage', 'Google Font API', 'Google Tag Manager', 'Instagram Follow Button', 'Nuxt.js', 'UTF-8', 'WebsitePolicies', 'jsDelivr']"
saafmakers.com,Best Deep Home Cleaning Services in Pune | Saaf Makers,Saaf Makers,IND,82,70913,2026-09-13T12:35:36.366300475Z,"['AWS WAF Challenge', 'Alternate Protocol', 'Click to Chat for WhatsApp', 'Cloudflare', 'Cloudflare CDN', 'Contact Form Plugin', 'Content Delivery Network', 'Elementor', 'EmbedPress', 'Engitech Theme', 'Google', 'Google Analytics', 'Google Cloud CDN', 'Google Cloud DNS', 'Google Font API', 'Google My Business', 'Google Related Website Sites', 'Google Tag Manager', 'IcoMoon', 'Instagram Follow Button', 'Jetpack', 'LiteSpeed', 'MailChimp for WordPress', 'Microdata for Google Shopping', 'NFOrce Internet', 'PHP', 'Pagekit', 'SMC', 'Schema Plugin', 'Site Kit', 'Slider Revolution', 'Smush Image Optimization', 'Theme In WP', 'UTF-8', 'WordPress', 'WordPress Multisite', 'WordPress Stats', 'eLand', 'jQuery']"
prairiehillsdesigns.com,Prairie Hills Designs LLC home design Custom Home Design,,ZAF,77,19361,2026-09-13T12:35:36.364705221Z,"['AWS WAF Challenge', 'Alternate Protocol', 'Astra Theme', 'Cloudflare', 'Cloudflare CDN', 'Elementor', 'EmbedPress', 'Google', 'Google Cloud DNS', 'Google Font API', 'Google My Business', 'Microdata for Google Shopping', 'NFOrce Internet', 'PHP', 'Sitelinks Search Box', 'Theme In WP', 'UTF-8', 'Woo Themes', 'WordPress', 'WordPress Multisite', 'WordPress Related Posts', 'jQuery']"
solbritt.ee,Home - SOLBRITT,SOLBRITT,FRA,65,2705,2026-09-13T12:25:24.09502759Z,"['Alternate Protocol', 'Apache', 'CDN JS', 'Cloudflare', 'Cloudflare CDN', 'Contact Form Plugin', 'Cookie Accept', 'Cookie Notice', 'EmbedPress', 'Envoy', 'GZIP Module', 'Google', 'Google Analytics', 'Google Cloud DNS', 'Google Font API', 'Google Tag Manager', 'Instagram Follow Button', 'King Composer', 'Microdata for Google Shopping', 'PHP', 'Perl', 'Polylang', 'Popup Maker for Wordpress', 'Theme In WP', 'UTF-8', 'WP PageNavi', 'WordPress', 'WordPress Multisite', 'YouTube', 'jQuery']"
regenerativeroothealing.com,Regenerative Root Healing,,,77,34140,2026-09-13T12:25:24.094166942Z,"['34SP.com', 'AWS WAF Challenge', 'Alternate Protocol', 'Amazon WAF Blocked', 'Authorize.net', 'Cloudflare', 'Cloudflare CDN', 'Cloudflare Web Analytics', 'Content Delivery Network', 'Fireblade', 'Google', 'Google Cloud CDN', 'Google Cloud DNS', 'Google Cloud Storage', 'Google Font API', 'Instagram Follow Button', 'Nuxt.js', 'Tailwind CSS', 'UTF-8', 'YouTube', 'shadcn ui']"
tgservices.in,TG Services - Innovative Technology Solutions,,,65,17524,2026-09-13T12:25:24.094936142Z,"['Bulma', 'CDN JS', 'Cloudflare', 'Cloudflare CDN', 'Fireblade', 'Google', 'Google Cloud DNS', 'Google Font API', 'PHP', 'Python', 'QUIC', 'Tailwind CSS', 'UTF-8', 'Unsplash', 'jsDelivr']"
performtechgenerators.com,PerformTech Generators - Free Assessment,,USA,87,18740,2026-09-13T12:25:24.093772788Z,"['Adult Content', 'Alternate Protocol', 'Authorize.net', 'Cloudflare', 'Cloudflare Web Analytics', 'Content Delivery Network', 'Fireblade', 'Google', 'Google Cloud CDN', 'Google Cloud DNS', 'Google Cloud Storage', 'Google Font API', 'Nuxt.js', 'Thank You', 'UTF-8']"
estatepracticeaccelerator.com,Systemize and Scale Your Estate Planning Practice,,,77,29634,2026-09-13T12:25:24.093847562Z,"['Alternate Protocol', 'Apture Linking Platform', 'Apyl', 'Authorize.net', 'Better Lead Generation Services', 'Cloudflare', 'Cloudflare Web Analytics', 'Content Delivery Network', 'Facebook Conversion Tracking', 'Facebook Pixel', 'Facebook Reseller', 'Facebook Tag API', 'Fireblade', 'Google', 'Google Analytics', 'Google Cloud CDN', 'Google Cloud DNS', 'Google Cloud Storage', 'Google Font API', 'Google Tag Manager', 'HighLevel', 'No-Q', 'Ntent', 'Nuxt.js', 'Prospective', 'QUIC', 'Thank You', 'UTF-8']"
motorcitysupplies.com,Restaurant & Janitorial Supplies Near You | Motor City Supplies,Motor City Supplies,USA,87,16191,2026-09-13T12:25:24.090525926Z,"['Apture Linking Platform', 'CDN JS', 'Cloudflare', 'Cloudflare CDN', 'Doofinder', 'Font Awesome', 'Google Analytics', 'Google Related Website Sites', 'Google Tag Manager', 'HubSpot Conversations', 'Hubspot', 'IcoMoon', 'Microdata for Google Shopping', 'QUIC', 'Shopify', 'Shopify Collabs', 'UTF-8', 'hCaptcha', 'jsDelivr', 'reCAPTCHA']"
mymuxo.com,My Muxo,My Muxo,,72,15079,2026-09-13T12:25:24.089027378Z,"['Alternate Protocol', 'Ametys', 'Cloudflare', 'Cloudflare CDN', 'Content Delivery Network', 'EmbedPress', 'Express', 'Fireblade', 'GeneratePress Company', 'LiteSpeed', 'Microdata for Google Shopping', 'PHP', 'Theme In WP', 'UTF-8', 'WordPress', 'WordPress Multisite', 'jQuery']"
pnsmold.com,pnsmold.com,,CHN,55,263,2026-09-13T12:25:24.081021343Z,"['AWS WAF Challenge', 'Alternate Protocol', 'Blocksy', 'Cloudflare', 'Cloudflare CDN', 'EmbedPress', 'Google', 'Google Cloud DNS', 'Google Font API', 'Google My Business', 'LiteSpeed', 'PHP', 'Theme In WP', 'UTF-8', 'Woo Themes', 'WooCommerce', 'WooCommerce Checkout', 'WordPress', 'WordPress Multisite', 'YouTube', 'jQuery']"
global-logi.jp,"Home :: Global Logistics Co., Ltd",,JPN,65,646,2026-09-13T12:25:24.080669002Z,"['Apache', 'Better Lead Generation Services', 'CDN JS', 'Cloudflare', 'Cloudflare CDN', 'Coming Soon Page', 'GZIP Module', 'Google Cloud DNS', 'Google Font API', 'IcoMoon', 'Newsletter for Wordpress', 'PHP', 'Tailwind CSS', 'UTF-8', 'jQuery']"
drilyasjat.com,Best Psychiatrist in Karachi | Dr. Ilyas Jat Official Site,,PAK,77,21180,2026-09-13T12:25:24.079590598Z,"['AWS WAF Challenge', 'Alternate Protocol', 'Astra Theme', 'Cloudflare', 'Cloudflare CDN', 'Content Delivery Network', 'Elementor', 'EmbedPress', 'Google', 'Google Customer Reviews', 'Google Maps', 'Google My Business', 'Gtranslate for Wordpress', 'Line2', 'LiteSpeed', 'Microdata for Google Shopping', 'NFOrce Internet', 'Ntent', 'PHP', 'QUIC', 'QUIC.cloud', 'Royal Elementor Addons', 'Sitelinks Search Box', 'TrustIndex', 'UTF-8', 'University or College', 'Vimeo', 'Woo Themes', 'WordPress', 'WordPress Multisite', 'WordPress Related Posts', 'YouTube', 'jQuery']"
retrosimmer.com,Retrosimmer - Generations Taste,,IND,62,,2026-09-13T12:25:24.077680067Z,"['Bulma', 'CDN JS', 'Cloudflare', 'Cloudflare CDN', 'Instagram Follow Button', 'LiteSpeed', 'Tailwind CSS']"
elitecrm.co.in,Abroad Career Consultant,,IND,60,63,2026-09-13T12:25:24.076296593Z,"['Apache', 'CDN JS', 'Cloudflare', 'Cloudflare CDN', 'Google', 'Google Cloud DNS', 'Google Font API', 'Instagram Follow Button', 'Tailwind CSS', 'UTF-8', 'jQuery', 'jsDelivr']"
adfilteringdevsummit.com,Ad Blocker Developer Summit,,VEN,60,9602,2026-09-13T12:25:24.075070355Z,"['AWS WAF Challenge', 'AdGuard', 'Adobe Creative Cloud WebFonts', 'Alternate Protocol', 'Cisco/Arrowpoint Content Service Switch', 'Cloudflare', 'Content Delivery Network', 'CookieYes', 'Corporate Governance and Regulatory Compliance', 'Element Pack Lite', 'Elementor', 'EmbedPress', 'Fireblade', 'Google Cloud DNS', 'Google Font API', 'Hello Elementor', 'NFOrce Internet', 'PHP', 'Slack', 'Theme In WP', 'UTF-8', 'WP Engine', 'WordPress', 'WordPress Multisite', 'jQuery']"
epssat.co.in,EPSSAT – Solution For Everything,,IND,87,18568,2026-09-13T12:25:24.070406586Z,"['Alternate Protocol', 'Cloudflare', 'Contact Form Plugin', 'Content Delivery Network', 'Elementor', 'EmbedPress', 'Essential Addons for Elementor', 'Essential Blocks for Gutenberg', 'GoDaddy', 'Google', 'Google Cloud CDN', 'Google Cloud DNS', 'Google Font API', 'LiteSpeed', 'MailChimp for WordPress', 'PHP', 'Phlox', 'Thank You', 'Theme In WP', 'UTF-8', 'WP Job Openings', 'Wangsu', 'WordPress', 'WordPress Multisite', 'eLand', 'jQuery']"
pyunkangyulglobal.com,Pyunkang Yul | Korean Herbal Skincare for Sensitive & Barrier Skin – pyunkangyul-global,pyunkangyul-global,USA,77,76019,2026-09-13T12:25:24.066757538Z,"['AWS WAF Challenge', 'Adult Content', 'Alternate Protocol', 'Amazon CloudFront', 'Amazon WAF Blocked', 'Apture Linking Platform', 'Baidu Cloud', 'CloudFront', 'Cloudflare', 'Cloudflare CDN', 'DAV', 'DC74', 'Favorites for WordPress', 'FormSubmit', 'Google Analytics', 'Google Related Website Sites', 'Google Tag Manager', 'IcoMoon', 'Instagram Follow Button', 'KVH', 'Microdata for Google Shopping', 'NFOrce Internet', 'Ntent', 'QUIC', 'Rivo Loyalty', 'Share Link', 'Shopify', 'Shopify Collabs', 'Snowplow', 'Tailwind CSS', 'UTF-8', 'W3 Total Cache', 'Yandex Hosting', 'YouTube', 'eLand', 'hCaptcha', 'reCAPTCHA']"
professorstupidhead.com,Home | Tucker View Consulting,,,70,104108,2026-09-13T12:25:24.065801757Z,"['AWS WAF Challenge', 'Alternate Protocol', 'Amazon WAF Blocked', 'Apture Linking Platform', 'Cloudflare', 'Content Delivery Network', 'DAV', 'Express', 'Fastly', 'Fastly CDN', 'GZIP Module', 'GitHub Hosting', 'Microdata for Google Shopping', 'NFOrce Internet', 'PWA', 'QUIC', 'SMC', 'Seflow Italy', 'Sentry', 'SiteW', 'UTF-8', 'Vector Internet Services', 'Wix', 'Wix Media', 'eLand', 'mlcom']"
zimbearings.co.zw,Zimbabwe Bearings,,ZWE,60,162,2026-09-13T12:25:24.06360009Z,"['Alternate Protocol', 'Blocksy', 'Cloudflare', 'Content Delivery Network', 'Elementor', 'EmbedPress', 'Google', 'Google Cloud CDN', 'Google Cloud DNS', 'Google Font API', 'LiteSpeed', 'PHP', 'Table Addons for Elementor', 'Theme In WP', 'UTF-8', 'WPForms', 'Woo Themes', 'WooCommerce', 'WooCommerce Checkout', 'WordPress', 'WordPress Multisite', 'jQuery']"
babynametogether.com,Baby Name Together - Find the Perfect Baby Name as a Couple,Baby Name Together,,67,30039,2026-09-13T12:25:24.062940146Z,"['AWS WAF Challenge', 'Alternate Protocol', 'App Store', 'Cloudflare', 'Cloudflare CDN', 'Cloudflare Web Analytics', 'Coming Soon Page', 'Fireblade', 'Google My Business', 'Google Play', 'Instagram Follow Button', 'Microdata for Google Shopping', 'Next.js', 'Radix UI', 'Sitelinks Search Box', 'Tailwind CSS', 'Twitter Ads', 'shadcn ui']"
shreedigitalprintec.in,Shree Digital Printec,,IND,70,7539,2026-09-13T12:25:24.061070488Z,"['CDN JS', 'Cloudflare', 'Cloudflare CDN', 'ElementUI', 'Font Awesome', 'GitHub Hosting', 'Google', 'Google Cloud DNS', 'Google Font API', 'Google My Business', 'QUIC', 'Vector Internet Services']"
kolombiprojects.co.za,Kolombi Projects | Construction Experts,,ZAF,77,88740,2026-09-13T12:25:24.059041801Z,"['Alternate Protocol', 'Authorize.net', 'Cloudflare', 'Cloudflare Web Analytics', 'Content Delivery Network', 'Corporate Governance and Regulatory Compliance', 'Financial Services Guide', 'Fireblade', 'Google', 'Google Cloud CDN', 'Google Cloud DNS', 'Google Cloud Storage', 'Google Font API', 'Instagram Follow Button', 'KVH', 'Nuxt.js', 'SMC', 'UTF-8', 'shadcn ui']"
shelterofhope.or.tz,Shelter of Hope Organization | Rescuing Girls & Empowering Women in Tanzania,,TZA,82,32440,2026-09-13T12:25:24.057514159Z,"['AWS WAF Challenge', 'Apache', 'CDN JS', 'Cloudflare', 'Cloudflare CDN', 'Fireblade', 'Google', 'Google Cloud DNS', 'Google Font API', 'Microdata for Google Shopping', 'QUIC', 'Tailwind CSS', 'YouTube', 'jsDelivr']"
jkrotichadvocates.co.ke,JK Rotich & Company Advocates – JK Rotich & Company Advocates,,KEN,70,10093,2026-09-13T12:25:24.057166855Z,"['Alternate Protocol', 'CDN JS', 'Cisco/Arrowpoint Content Service Switch', 'Click to Chat for WhatsApp', 'Cloudflare', 'Cloudflare CDN', 'Consultio Theme', 'Contact Form Plugin', 'DAV', 'Elementor', 'EmbedPress', 'Font Awesome', 'Google', 'Google Cloud DNS', 'Google Font API', 'Instagram Feed for WordPress', 'Line2', 'NFOrce Internet', 'Newsletter for Wordpress', 'Nginx', 'PHP', 'Perl', 'QUIC', 'Slider Revolution', 'Tailwind CSS', 'Theme In WP', 'UTF-8', 'Vercel', 'Woo Themes', 'WooCommerce', 'WooCommerce Checkout', 'WordPress', 'WordPress Multisite', 'eLand', 'jQuery', 'shadcn ui']"
crochetartsbygina.com,Crochet Arts by Gina | Fiber Arts in Windham,Crochet Arts by Gina,USA,77,125995,2026-09-13T12:25:24.056689635Z,"['About Cookies', 'Apture Linking Platform', 'Cloudflare', 'Cloudflare CDN', 'Coming Soon Page', 'DC74', 'DoubleClick Bid Manager', 'Elfsight', 'Express', 'Financial Services Guide', 'Fireblade', 'Font Awesome', 'Google Analytics', 'Google My Business', 'Google Tag Manager', 'Instagram Follow Button', 'Material-UI', 'NFOrce Internet', 'Network Advertising Initiative', 'Ntent', 'ON24', 'Oddle', 'Phew', 'Pico CSS', 'Pleroma', 'QUIC', 'SMC', 'Thank You', 'Twitter Ads', 'UENI', 'UTF-8', 'University or College', 'eLand']"
rgvhomedetail.com,Window Cleaning - RGV Home Detail - Professional Window Cleaner,RGV Home Detail LLC,ITA,82,19227,2026-09-13T12:25:24.055621436Z,"['AWS WAF Challenge', 'Alternate Protocol', 'Better Lead Generation Services', 'Blocksy', 'Cloudflare', 'Cloudflare CDN', 'Elementor', 'EmbedPress', 'Financial Services Guide', 'Google', 'Google My Business', 'Instagram Follow Button', 'Microdata for Google Shopping', 'NFOrce Internet', 'PHP', 'SiteGround Optimizer', 'UTF-8', 'WordPress', 'WordPress Multisite', 'jQuery']"
project99.in,Project 99,,IND,65,20008,2026-09-13T12:25:24.055945264Z,"['AWS WAF Challenge', 'Alternate Protocol', 'Automattic', 'Cloudflare', 'Cloudflare CDN', 'Elementor', 'ElementsKit Elementor', 'EmbedPress', 'GZIP Module', 'Google', 'Google My Business', 'Header, Footer and Blocks for Elementor', 'Jetpack', 'Lazy Load for WordPress', 'Metform Elemento', 'Microdata for Google Shopping', 'NFOrce Internet', 'Nginx', 'PHP', 'Perl', 'QUIC', 'Schema Plugin', 'Sinatra', 'Sticky Header Effects for Elementor', 'Thank You', 'Theme In WP', 'UTF-8', 'WordPress', 'WordPress Multisite', 'WordPress Stats', 'jQuery']"
devertonlifestylevillage.co.nz,"Deverton Lifestyle Village | North Shore, Auckland",,NZL,92,17821,2026-09-13T12:25:24.055019219Z,"['AWS WAF Challenge', 'Alternate Protocol', 'Apture Linking Platform', 'Cloudflare', 'Contact Form Plugin', 'Content Delivery Network', 'EmbedPress', 'Google Analytics', 'Google Cloud DNS', 'Google Font API', 'Google My Business', 'Google Tag Manager', 'Line2', 'Microdata for Google Shopping', 'Nectar Slide Plugin', 'PHP', 'QUIC', 'Salient', 'Slider Revolution', 'Theme In WP', 'UTF-8', 'WP Engine', 'WPBakery', 'WordPress', 'WordPress Multisite', 'jQuery', 'reCAPTCHA']"
acrimet.pt,Acrimet,,PRT,65,22339,2026-09-13T12:25:24.054869473Z,"['AJAX Libraries API', 'Alternate Protocol', 'CDN JS', 'Cloudflare', 'Cloudflare CDN', 'ElementUI', 'Fireblade', 'Font Awesome', 'GitHub Hosting', 'Google', 'Google Cloud DNS', 'Google Font API', 'Instagram Follow Button', 'MaxCDN', 'PHP', 'StackPath', 'UTF-8', 'jQuery']"
zeelawnandfence.com,Home Page,,,57,7725,2026-09-13T12:25:24.053692229Z,"['Better Lead Generation Services', 'Cloudflare', 'Cloudflare Web Analytics', 'Digital Ocean Spaces', 'Fireblade', 'Google My Business', 'Line2', 'Next.js', 'Pleroma', 'Tailwind CSS', 'UTF-8', 'shadcn ui']"
grapelakesfarm.com,Welcome to Grape Lakes Farm & Vineyard - Grape Lakes Farm & Vineyard,Grape Lakes Farm & Vineyard,CAN,82,44294,2026-09-13T12:25:24.053306207Z,"['AWS WAF Challenge', 'Alternate Protocol', 'Amazon', 'Cloudflare', 'Cloudflare CDN', 'Content Delivery Network', 'EmbedPress', 'Font Awesome', 'Gambling Content', 'GoDaddy', 'Google', 'Google Analytics', 'Google Cloud DNS', 'Google Font API', 'Google My Business', 'Google Tag Manager', 'IcoMoon', 'Instagram Feed for WordPress', 'Instagram Follow Button', 'Microdata for Google Shopping', 'PHP', 'RM Education', 'Slider Revolution', 'StatCounter', 'Theme In WP', 'UTF-8', 'WPBakery', 'Wangsu', 'Woo Themes', 'WooCommerce', 'WooCommerce Checkout', 'WordPress', 'WordPress Multisite', 'jQuery']"
rotaryofhicksvillesouth.com,Home Page | Rotary Club of Hicksville South,,USA,70,20668,2026-09-13T12:25:24.051840338Z,"['AWS WAF Challenge', 'Alternate Protocol', 'Apture Linking Platform', 'AutoComplete', 'Cloudflare', 'Facebook Login', 'Facebook Messenger Platform', 'Facebook Reseller', 'GZIP Module', 'Google', 'Google Maps', 'Google My Business', 'Google Tag Manager', 'IcoMoon', 'Microsoft Application Insights', 'Microsoft Azure Blob Storage', 'Perl', 'YouTube', 'reCAPTCHA']"
traceysmithreflexology.co.uk,"Tracey Smith Reflexology – Westminster & Camberwell, South London",,GBR,87,16235,2026-09-13T12:25:24.051573717Z,"['Alternate Protocol', 'Bunny Fonts', 'Cloudflare', 'Cloudflare CDN', 'Content Delivery Network', 'Cornerstone', 'DAV', 'EmbedPress', 'Financial Services Guide', 'Fireblade', 'PHP', 'Perl', 'Subversion', 'Tagembed', 'Twenty Twenty', 'UTF-8', 'WP Statistics', 'WordPress', 'WordPress Multisite', 'YouTube', 'jQuery', 'uPress']"
orbitaldata.net,ODN - Connecting Critial Communications,,,57,203,2026-09-13T12:25:24.050322961Z,"['AWS WAF Challenge', 'Bulma', 'Cloudflare', 'Content Delivery Network', 'Google Cloud DNS', 'Google Font API', 'Tailwind CSS', 'UTF-8']"
pussypalaceproject.org,Home - Pussy Palace Oral History Project,,CAN,70,20025,2026-09-13T12:25:24.046030394Z,"['AWS WAF Challenge', 'Alternate Protocol', 'Automattic', 'Cloudflare', 'Cloudflare CDN', 'Elementor', 'EmbedPress', 'GZIP Module', 'Google', 'Google Analytics', 'Google My Business', 'Google Tag Manager', 'Hello Elementor', 'Instagram Follow Button', 'Jetpack', 'Microdata for Google Shopping', 'MonsterInsights', 'NFOrce Internet', 'Nginx', 'PHP', 'Theme In WP', 'UTF-8', 'University or College', 'Woo Themes', 'WordPress', 'WordPress Multisite', 'WordPress Stats', 'YouTube', 'jQuery']"
satyajeetbhatia.com,Satyajeet Bhatia – Consultant Oral and Maxillofacial Surgeon,,GBR,60,263,2026-09-13T12:25:24.046125737Z,"['AWS WAF Challenge', 'Alternate Protocol', 'Cloudflare', 'Cloudflare CDN', 'EmbedPress', 'Google Cloud DNS', 'Google Font API', 'Microdata for Google Shopping', 'PHP', 'SVG Support', 'Schema Plugin', 'Slider Revolution', 'Theme In WP', 'UTF-8', 'University or College', 'WPBakery', 'WordPress', 'WordPress Multisite', 'jQuery']"
pete-chisamba-portifolio.uk,Career Portfolio website ...,,DEU,60,7500,2026-09-13T12:25:24.044569251Z,"['Cloudflare', 'Cloudflare CDN', 'Cloudflare Web Analytics', 'ElementUI', 'Fireblade', 'GitHub Hosting', 'Instagram Follow Button', 'UTF-8', 'jsDelivr']"
karinmahotel.com.br,Hotel Karinmã,,,47,3,2026-09-13T12:25:24.044128657Z,"['AJAX Libraries API', 'Apache', 'CDN JS', 'Cloudflare', 'Cloudflare CDN', 'GZIP Module', 'Google Cloud DNS', 'Google Font API', 'Google Maps', 'Google My Business', 'Instagram Follow Button', 'Tailwind CSS', 'UTF-8', 'WhatsApp Sharing', 'jQuery']"
gurleyen.av.tr,İstanbul Avukatlık Bürosu | Gürleyen + Partners,,TUR,52,243,2026-09-13T12:25:24.043436394Z,"['CDN JS', 'Cloudflare', 'Cloudflare CDN', 'Google Cloud DNS', 'Google Font API', 'Instagram Follow Button', 'LiteSpeed', 'QUIC', 'StackPath']"
hudsonplacedental.ca,Dental Services in Victoria B.C. - Hudson Place Dental,Hudson Place Dental,SYC,77,45557,2026-09-13T12:25:24.042619302Z,"['AWS WAF Challenge', 'Alternate Protocol', 'Amazon WAF Blocked', 'Apache', 'Aruba', 'Cloudflare', 'Cloudflare CDN', 'Cloudflare Turnstile', 'Column Shortcodes', 'Contento', 'EWWW Image Optimizer', 'EmbedPress', 'GZIP Module', 'Google', 'Google Analytics', 'Google Cloud DNS', 'Google Maps', 'Google My Business', 'Google Related Website Sites', 'Google Tag Manager', 'Gravity', 'Gravity Forms', 'IcoMoon', 'Instagram Feed for WordPress', 'Instagram Follow Button', 'Kriesi.at', 'Lazy Load for WordPress', 'Microdata for Google Shopping', 'PHP', 'Pico CSS', 'Theme In WP', 'UTF-8', 'Woo Themes', 'WordPress', 'WordPress Multisite', 'eLand', 'jQuery', 'reCAPTCHA']"
personaltrainersandiego.com,Find the Best Personal Trainer in San Diego - Personal Trainer in San Diego,,USA,82,22989,2026-09-13T12:25:24.040954574Z,"['AWS WAF Challenge', 'Adult Content', 'Akismet', 'Alternate Protocol', 'Amazon WAF Blocked', 'Aruba', 'Cloudflare', 'Cloudflare CDN', 'Cloudflare Web Analytics', 'Content Delivery Network', 'Easy Fancybox', 'EmbedPress', 'Google', 'Google Analytics', 'Google Cloud DNS', 'Google Font API', 'Google My Business', 'Google Related Website Sites', 'Google Tag Manager', 'Gravity', 'Gravity Forms', 'Instagram Follow Button', 'Jetpack', 'Lazy Load for WordPress', 'Max Mega Menu', 'Max Mega Menu Pro', 'Microdata for Google Shopping', 'MonsterInsights', 'Newsletter for Wordpress', 'PHP', 'Page scroll to id', 'Popup Maker for Wordpress', 'SiteOrigin', 'SiteOrigin Panels', 'Soliloquy for WordPress', 'StudioPress', 'Theme In WP', 'Twitter Ads', 'UTF-8', 'Vantage', 'WP Engine', 'WP Rocket', 'WordPress', 'WordPress Multisite', 'Yelp Badge', 'YouTube', 'eLand', 'jQuery', 'jQuery Pin It Button for Images', 'reCAPTCHA']"
camarillorotary.org,Home Page | Rotary Club of Camarillo,,USA,82,5188,2026-09-13T12:25:24.039632622Z,"['Apture Linking Platform', 'AutoComplete', 'Cloudflare', 'DAV', 'Facebook Login', 'Facebook Messenger Platform', 'Facebook Reseller', 'GZIP Module', 'Google', 'Google Analytics', 'Google Related Website Sites', 'Google Tag Manager', 'IcoMoon', 'Microsoft Application Insights', 'Microsoft Azure Blob Storage', 'Perl', 'Tailwind CSS']"
graceoutside.org,Home - Grace Outside,,,60,15724,2026-09-13T12:25:24.039275614Z,"['AWS WAF Challenge', 'Alternate Protocol', 'Amazon WAF Blocked', 'Aruba', 'Cloudflare', 'Content Delivery Network', 'Divi', 'Elegant Themes', 'EmbedPress', 'Facebook Conversion Tracking', 'Facebook Login', 'Facebook Messenger Platform', 'Facebook Pixel', 'Facebook Reseller', 'Facebook Tag API', 'Google Analytics', 'Google Cloud DNS', 'Google Font API', 'Google My Business', 'Google Related Website Sites', 'Google Tag Manager', 'Gravity', 'Gravity Forms', 'Instagram Follow Button', 'Max Mega Menu', 'Max Mega Menu Pro', 'Microdata for Google Shopping', 'PHP', 'SMC', 'Theme In WP', 'UTF-8', 'WP Engine', 'Woo Themes', 'WordPress', 'WordPress Multisite', 'YouTube', 'eLand', 'jQuery', 'reCAPTCHA']"
southiaa.com,Home | Southern Insurance & Annuities,"Southern Insurance and Annuities | Insurance Agency in Statesboro, GA",IMN,77,67905,2026-09-13T12:25:24.037653721Z,"['Alternate Protocol', 'Amazon WAF Blocked', 'Better Lead Generation Services', 'Cloudflare', 'Cloudflare CDN', 'Cloudflare Web Analytics', 'DAV', 'Divi', 'Elegant Themes', 'EmbedPress', 'Facebook Customer Chat SDK', 'Facebook Login', 'Facebook Messenger Platform', 'Fireblade', 'Google', 'Google Analytics', 'Google Cloud CDN', 'Google Cloud DNS', 'Google Font API', 'Google My Business', 'Google Tag Manager', 'Gravity', 'Gravity Forms', 'Instagram Follow Button', 'LiteSpeed', 'Media.net', 'Microdata for Google Shopping', 'Ntent', 'PHP', 'QUIC', 'SMC', 'Sherpa', 'Subversion', 'Theme In WP', 'UTF-8', 'Woo Themes', 'WordPress', 'WordPress Multisite', 'YouTube', 'jQuery']"
beachesinterior.com,Beaches Interior | Premium Flooring and Home Renovations in Southwest Florida,Beaches Interior,ZAF,82,18626,2026-09-13T12:25:24.030142681Z,"['AWS WAF Challenge', 'Alternate Protocol', 'Cloudflare', 'Cloudflare CDN', 'Cloudflare Turnstile', 'Contact Form Plugin', 'Content Delivery Network', 'Elementor', 'EmbedPress', 'Essential Addons for Elementor', 'Google Cloud DNS', 'Google Font API', 'Google My Business', 'Instagram Follow Button', 'Microdata for Google Shopping', 'NFOrce Internet', 'Ntent', 'PHP', 'Theme In WP', 'TrustIndex', 'UTF-8', 'WP Engine', 'WordPress', 'WordPress Multisite', 'jQuery']"
tordar.no,Tordar Tømmervik | Full-stack Developer,,NOR,87,15240,2026-09-13T12:25:24.030463324Z,"['Cloudflare', 'Cloudflare CDN', 'Content Delivery Network', 'Fireblade', 'GitHub Hosting', 'Google Analytics', 'Google Tag Manager', 'Microdata for Google Shopping', 'Next.js', 'Pleroma', 'Python', 'Tailwind CSS', 'UTF-8', 'Vercel', 'shadcn ui']"
tickets-salon-du-chocolat.com,Salon du Chocolat 2024,,FRA,67,49008,2026-09-13T12:25:24.029097135Z,"['Alternate Protocol', 'Amazon WAF Blocked', 'Apture Linking Platform', 'Bing Cashback', 'Bing Conversion Tracking', 'Cloudflare', 'Cloudflare CDN', 'Express', 'Facebook Reseller', 'Fireblade', 'GetResponse', 'GitHub Hosting', 'Google', 'Google Analytics', 'Google Cloud DNS', 'Google Font API', 'Google Tag Manager', 'IcoMoon', 'Instagram Follow Button', 'LiveChat', 'LiveChat Monitoring', 'New Relic', 'On The Map', 'QUIC', 'RM Education', 'Thank You', 'UTF-8', 'YouTube']"
simplesim.racing,Simple Sim Racing,Simple Sim Racing,THA,65,54044,2026-09-13T12:25:24.029222825Z,"['ADTECH', 'Alternate Protocol', 'Apture Linking Platform', 'Aruba', 'Baidu Cloud', 'Cloudflare', 'Cloudflare CDN', 'DAV', 'Express', 'Google Analytics', 'Google Tag Manager', 'IcoMoon', 'K2F', 'KVH', 'Microdata for Google Shopping', 'PayPal', 'Perl', 'QUIC', 'Shopify', 'Shopify Collabs', 'Shopify Payments', 'Tailwind CSS', 'UTF-8', 'Vercel', 'Yandex Hosting', 'eLand', 'hCaptcha', 'reCAPTCHA']"
kan-colocreditunion.com,"Kancolo Credit Union: Trusted Banking in Hoisington, KS",,,57,500,2026-09-13T12:25:24.028287956Z,"['Cloudflare', 'Cloudflare Web Analytics', 'Getty Images', 'Getty Images Embed', 'InitiativeS', 'Next.js', 'Pleroma', 'UTF-8']"
theskincareclinic.co.uk,"Laser hair removal Taunton, The Skincare Clinic Taunton, Skin Tag Removal",The Skin Care Clinic,NZL,82,52096,2026-09-13T12:25:24.028727669Z,"['AJAX Libraries API', 'Alternate Protocol', 'Apture Linking Platform', 'CDN JS', 'Cloudflare', 'Cloudflare CDN', 'Contact Form Plugin', 'EmbedPress', 'Fresha', 'GZIP Module', 'Google Analytics', 'Google Cloud DNS', 'Google Customer Reviews', 'Google Font API', 'Google Maps', 'Google My Business', 'Google Tag Manager', 'IcoMoon', 'Instagram Follow Button', 'Microdata for Google Shopping', 'Nginx', 'PHP', 'Parallels Plesk Panel', 'Performance Lab', 'SMC', 'Site Kit', 'Slider Revolution', 'Tailwind CSS', 'Theme In WP', 'UTF-8', 'WhatsApp Sharing', 'WordPress', 'WordPress Multisite', 'jQuery', 'jsDelivr', 'reCAPTCHA']"
btr.com.sa,Bureida Trading and Refrigeration – Bureida Trading and Refrigeration,,SAU,65,287,2026-09-13T12:25:24.027248058Z,"['Cloudflare', 'Cloudflare CDN', 'Contact Form Plugin', 'Content Delivery Network', 'EmbedPress', 'Font Awesome', 'PHP', 'Slider Revolution', 'Theme In WP', 'UTF-8', 'WPBakery', 'Woo Themes', 'WordPress', 'WordPress Multisite', 'jQuery']"
nucsoft.co,NucSoft | Code Specialists,,USA,67,,2026-09-13T12:25:24.02618055Z,"['Cloudflare', 'Cloudflare CDN', 'Cloudflare Web Analytics', 'Python', 'QUIC', 'Tailwind CSS', 'UTF-8']"
vital-nutrients-symposium.com,Vital Nutrients Symposium,,DEU,80,14600,2026-09-13T12:25:24.025294485Z,"['CDN JS', 'Cloudflare', 'Cloudflare CDN', 'Content Delivery Network', 'Fastly', 'Hubspot Knowledge Base', 'Perl', 'UTF-8', 'University or College', 'Weezevent', 'YouTube', 'jsDelivr']"
moonlitodyssey.com,My Portfolio,,GBR,77,40,2026-09-13T12:25:24.02327371Z,"['AJAX Libraries API', 'CDN JS', 'Cloudflare', 'Cloudflare CDN', 'GZIP Module', 'GitHub Hosting', 'Google Analytics', 'Google Cloud DNS', 'Google Tag Manager', 'Nginx', 'Pico CSS', 'Tailwind CSS', 'UTF-8', 'Ubuntu', 'University or College', 'jQuery', 'jsDelivr']"
coyotejacksbarandgrill.com,Cayote Jack Bar and Grill,,USA,75,1748,2026-09-13T12:12:41.376080229Z,"['Alternate Protocol', 'CDN JS', 'Cloudflare', 'Cloudflare CDN', 'Elementor', 'EmbedPress', 'NFOrce Internet', 'PHP', 'QUIC', 'Theme In WP', 'UTF-8', 'WordPress', 'WordPress Multisite', 'jQuery']"
