domain,title,business_name,country,seo_score,tech_spend,crawled_at,technologies
okcfl.com,Florida Outdoor Living Spaces | Tampa | Outdoor Kitchen Company,,,72,468,2026-09-13T14:12:34.483024859Z,"['Alternate Protocol', 'Amazon CloudFront', 'Better Lead Generation Services', 'CloudFront', 'DAV', 'Duda', 'GZIP Module', 'Google Analytics', 'Google Tag Manager', 'Microdata for Google Shopping', 'Nginx', 'Tailwind CSS', 'UTF-8']"
primarylatin.com,Hands Up: Primary Latin,,,50,66,2026-09-13T14:12:34.480581949Z,"['Amazon', 'Amazon CloudFront', 'Amazon Route 53', 'Amazon S3 CDN', 'CloudFront', 'Content Delivery Network']"
driverpos.io,DriverPOS IO - Golf Management Software,,USA,87,19949,2026-09-13T14:12:34.479619069Z,"['AWS WAF Challenge', 'Amazon', 'Amazon CloudFront', 'Amazon Route 53', 'Ant Design Vue', 'CloudFront', 'Content Delivery Network', 'DAV', 'Fastly', 'Font Awesome', 'GZIP Module', 'Google My Business', 'Next.js', 'Pleroma', 'QUIC', 'Radix UI', 'Subversion', 'Tailwind CSS', 'UTF-8', 'University or College']"
richtrautweinarchitect.com,NJ Residential Architect Rich Trautwein,,USA,72,101288,2026-09-13T14:12:34.476150212Z,"['Amazon CloudFront', 'CloudFront', 'DAV', 'DC74', 'Duda', 'Federal Deposit Insurance Corporation', 'GZIP Module', 'Instagram Follow Button', 'K2F', 'KVH', 'Microdata for Google Shopping', 'Nginx', 'No-Q', 'SMC', 'Subversion', 'Tailwind CSS', 'UTF-8', 'UserWay']"
3amigosapartments.com,"Apartments for Rent in La Crosse, WI - Now Leasing",,MYS,72,60067,2026-09-13T14:12:34.463536496Z,"['Alternate Protocol', 'Amazon CloudFront', 'AppFolio', 'AudioEye', 'CloudFront', 'Duda', 'Font Awesome', 'GZIP Module', 'Google Tag Manager', 'Nginx', 'SMC', 'Tailwind CSS', 'UTF-8']"
whatan00b.com,What a n00b!,,USA,67,18758,2026-09-13T14:12:34.462781078Z,"['AWS WAF Challenge', 'Alternate Protocol', 'Amazon', 'Amazon CloudFront', 'Amazon Route 53', 'Amazon S3 CDN', 'Atlassian Bitbucket', 'Automattic', 'CloudFront', 'Content Delivery Network', 'Disqus Comment System for WordPress', 'GitHub Hosting', 'Google Adsense', 'Google Analytics', 'Google Funding Choices', 'Google Matched Content', 'Google Reseller', 'Python', 'QUIC', 'Twitter Ads', 'YouTube', 'shadcn ui']"
alhi.com.au,Publications - 4DMedical,4DMedical,USA,70,230575,2026-09-13T14:04:43.892496051Z,"['AWS WAF Challenge', 'Adobe Analytics', 'Adobe Marketing Cloud', 'Alternate Protocol', 'Amazon', 'Amazon CloudFront', 'Amazon Route 53', 'CloudFront', 'Cloudflare', 'Cloudflare CDN', 'Content Delivery Network', 'Corporate Governance and Regulatory Compliance', 'Elementor', 'EmbedPress', 'Essential Addons for Elementor', 'GZIP Module', 'Google', 'Google Analytics', 'Google My Business', 'Google Tag Manager', 'Gravity', 'Gravity Forms', 'Hello Elementor', 'Instagram Follow Button', 'Investor Relations', 'Max Mega Menu', 'Microdata for Google Shopping', 'MonsterInsights', 'NFOrce Internet', 'Nginx', 'PHP', 'Parallels Plesk Panel', 'Prospective', 'Slider Revolution', 'Store Locator WordPress', 'Table Addons for Elementor', 'Theme In WP', 'UTF-8', 'WordPress', 'WordPress Multisite', 'YouTube', 'jQuery', 'reCAPTCHA']"
inoperis.com,InOperis | Surgical Video Review & Education Platform,,CAN,77,4310,2026-09-13T14:04:43.887265788Z,"['Amazon', 'Amazon CloudFront', 'Amazon Route 53', 'Apture Linking Platform', 'Auth0', 'CloudFront', 'Content Delivery Network', 'GZIP Module', 'Google Analytics', 'Google Tag Manager', 'Next.js', 'Pico CSS', 'Pleroma', 'QUIC', 'Tailwind CSS', 'UTF-8', 'shadcn ui']"
fosterconsultancy.co.uk,Home,,,60,698,2026-09-13T14:04:43.885371853Z,"['123-Reg', 'AWS WAF Challenge', 'Amazon CloudFront', 'CloudFront', 'Duda', 'FormSubmit', 'GZIP Module', 'Line2', 'Microdata for Google Shopping', 'Nginx', 'Tailwind CSS', 'Thank You', 'UTF-8']"
rochereflexology.co.uk,Home,,,40,438,2026-09-13T14:04:43.885854281Z,"['123-Reg', 'Amazon CloudFront', 'CloudFront', 'Duda', 'GZIP Module', 'Instagram Follow Button', 'Line2', 'Microdata for Google Shopping', 'Nginx', 'Twitter Ads', 'UTF-8']"
texomacommercialcleaning.com,Commercial Cleaning Services In Texoma And Surrounding Areas,,,67,4296,2026-09-13T14:04:43.884213127Z,"['Alternate Protocol', 'Amazon', 'Amazon CloudFront', 'CloudFront', 'Content Delivery Network', 'Google Analytics', 'Google My Business', 'Google Tag Manager', 'IcoMoon', 'Instagram Follow Button', 'Netlify', 'Tailwind CSS', 'UTF-8', 'WF Cookie Consent', 'reCAPTCHA']"
magforce.tech,Home,,,30,438,2026-09-13T14:04:43.883944091Z,"['123-Reg', 'Amazon CloudFront', 'CloudFront', 'Duda', 'GZIP Module', 'Line2', 'Microdata for Google Shopping', 'Nginx', 'UTF-8']"
bouncingback-vetphysio.co.uk,Home,,GBR,70,956,2026-09-13T14:04:43.882106902Z,"['123-Reg', 'Amazon CloudFront', 'CloudFront', 'Duda', 'FormSubmit', 'GZIP Module', 'Line2', 'Microdata for Google Shopping', 'Nginx', 'Tailwind CSS', 'Thank You', 'UTF-8', 'University or College']"
thewritingshed.uk,Home,,,50,438,2026-09-13T14:04:43.880529155Z,"['123-Reg', 'Amazon CloudFront', 'CloudFront', 'Duda', 'GZIP Module', 'Instagram Follow Button', 'Line2', 'Microdata for Google Shopping', 'Nginx', 'Twitter Ads', 'UTF-8']"
ponyoshunddagis.se,Home,,,45,228,2026-09-13T14:04:43.875412834Z,"['Alternate Protocol', 'Amazon CloudFront', 'CloudFront', 'Duda', 'GZIP Module', 'Google Tag Manager', 'Nginx', 'Tailwind CSS', 'UTF-8']"
amsterdamlighttour.com,Canal Cruise | Amsterdam Light Tour | Amsterdam,,NLD,87,18064,2026-09-13T14:04:43.872373032Z,"['AWS WAF Challenge', 'Alternate Protocol', 'Amazon CloudFront', 'Apture Linking Platform', 'CloudFront', 'Duda', 'ETranslate', 'FareHarbor', 'FormSubmit', 'GZIP Module', 'Google Analytics', 'Google Tag Manager', 'Harbor', 'Instagram Follow Button', 'Microdata for Google Shopping', 'Nginx', 'Tailwind CSS', 'UTF-8']"
shiresdeermanagement.co.uk,Home,,,50,498,2026-09-13T14:04:43.870672159Z,"['123-Reg', 'Amazon CloudFront', 'CloudFront', 'Duda', 'FormSubmit', 'GZIP Module', 'Instagram Follow Button', 'Line2', 'Microdata for Google Shopping', 'Nginx', 'Thank You', 'Twitter Ads', 'UTF-8']"
hamsonapparels.com,Buy Hamson products online at best prices on https://hamsonapparels.com,,IND,72,3400,2026-09-13T14:04:43.862173891Z,"['AJAX Libraries API', 'Amazon', 'Amazon CloudFront', 'Apture Linking Platform', 'CDN JS', 'CloudFront', 'Cloudflare', 'Cloudflare CDN', 'Express', 'Facebook Login', 'Facebook Messenger Platform', 'Facebook Pixel', 'Facebook Reseller', 'GZIP Module', 'Google Analytics', 'Google Cloud DNS', 'Google Related Website Sites', 'Google Tag Manager', 'Instagram Follow Button', 'Microsoft Clarity', 'Nginx', 'Sentry', 'UTF-8']"
koolzoneautoair.com.au,"Automotive Air Conditioning Installation and Repairs | Kippa-Ring, QLD",,,57,228,2026-09-13T14:04:43.856307329Z,"['Alternate Protocol', 'Amazon CloudFront', 'CloudFront', 'Duda', 'GZIP Module', 'Nginx', 'QUIC', 'UTF-8']"
k5thehometeam.com,K5,,PHL,87,207100,2026-09-13T14:04:43.826453344Z,"['Adult Content', 'Amazon', 'Amazon Associates Affiliate Shop', 'Amazon CloudFront', 'Amazon WAF Blocked', 'CDN JS', 'Chartbeat', 'CloudFront', 'Cloudflare', 'Cloudflare CDN', 'Contento', 'Fastly CDN', 'FreeCSSTemplates', 'GZIP Module', 'Google Analytics', 'Google Tag Manager', 'Microdata for Google Shopping', 'OpenResty', 'Perl', 'Piano', 'PubMatic Direct', 'Pubmatic', 'Queryly', 'Smart App Banner', 'Taboola Direct', 'Taboola Reseller', 'Tailwind CSS', 'UTF-8', 'University or College', 'shadcn ui']"
jmicabinets.com,"JMI Inc | Custom-Designed Cabinets | Brandon, MS",,,62,54920,2026-09-13T13:50:29.739236096Z,"['Amazon', 'Amazon CloudFront', 'Amazon S3 CDN', 'AudioEye', 'Bing Cashback', 'Bing Conversion Tracking', 'CloudFront', 'Duda', 'Express', 'Facebook Login', 'Facebook Messenger Platform', 'Facebook Pixel', 'Facebook Reseller', 'Facebook Tag API', 'GZIP Module', 'Google Maps', 'Google My Business', 'Instagram Follow Button', 'Line2', 'Nginx', 'Pico CSS', 'SMC', 'Storyblocks', 'UTF-8', 'iPromote']"
2kklean4me.com,"Cleaning Services in Baltimore, Maryland | 2kklean4ME Cleaning Service",,USA,77,6120,2026-09-13T13:50:29.714439188Z,"['Amazon CloudFront', 'Amazon S3 CDN', 'Better Lead Generation Services', 'CloudFront', 'Content Delivery Network', 'ElementUI', 'Fastly', 'GZIP Module', 'GitHub Hosting', 'Google Cloud DNS', 'Google Maps', 'Google My Business', 'Heroku', 'Investor Relations', 'QUIC', 'Segment', 'Segment Consent Manager', 'Site.pro', 'Storyblocks', 'Tailwind CSS', 'UTF-8', 'jsDelivr', 'reCAPTCHA', 'shadcn ui']"
spoolswaps.com,Home,,,50,7890,2026-09-13T13:50:29.710728469Z,"['Amazon', 'Amazon CloudFront', 'Amazon Route 53', 'CloudFront', 'Content Delivery Network', 'DAV', 'Etsy', 'Facebook Conversion Tracking', 'Facebook Login', 'Facebook Messenger Platform', 'Facebook Pixel', 'Facebook Reseller', 'Facebook Tag API', 'Fireblade', 'GZIP Module', 'Google Analytics', 'Google Tag Manager', 'Nginx', 'Styled Components', 'Systeme', 'Thank You', 'UTF-8']"
legacypowerlocalboost.com,Local Visibility Services | Legacy Power Local Boost,,,72,744,2026-09-13T13:50:29.706389183Z,"['Amazon CloudFront', 'CloudFront', 'Duda', 'GZIP Module', 'Microdata for Google Shopping', 'Nginx', 'QUIC', 'Tailwind CSS', 'UTF-8', 'Webflow']"
geku.tech,Geku.Tech,,SYC,82,22490,2026-09-13T13:50:29.703018727Z,"['AAPT', 'Amazon', 'Amazon CloudFront', 'Amazon Route 53', 'Amazon S3 CDN', 'CloudFront', 'Content Delivery Network', 'GZIP Module', 'Google Analytics', 'Google Cloud DNS', 'Google Font API', 'Google Tag Manager', 'Hugo', 'jQuery']"
rg45.com,"Computer Repair, Virus Removal, Website Development | RG45.com",,USA,72,3235,2026-09-13T13:50:29.702110809Z,"['Amazon', 'Amazon CloudFront', 'CloudFront', 'Content Delivery Network', 'Font Awesome', 'Google Analytics', 'Google Cloud DNS', 'Google Font API', 'IcoMoon', 'Netlify', 'Tailwind CSS', 'UTF-8', 'jQuery']"
atlcommunitysports.org,"FCA ATL, FCA Atlanta, FCA Baseball, Fellowship of Christian Athletes, Baseball, Brent Slade, christian sports",,USA,77,468,2026-09-13T13:50:29.698072467Z,"['Amazon CloudFront', 'CloudFront', 'Duda', 'Fundraise Up', 'GZIP Module', 'Google Tag Manager', 'Nginx', 'PWA', 'Tailwind CSS', 'UTF-8', 'University or College']"
doylerehab.com,Home,,,50,438,2026-09-13T13:50:29.690981086Z,"['123-Reg', 'Amazon CloudFront', 'CloudFront', 'Duda', 'GZIP Module', 'Instagram Follow Button', 'Line2', 'Microdata for Google Shopping', 'Nginx', 'Twitter Ads', 'UTF-8']"
clonmorens.ie,Home Page,,,57,1860,2026-09-13T13:39:36.104285221Z,"['Adult Content', 'Amazon', 'Amazon CloudFront', 'CloudFront', 'Content Delivery Network', 'DAV', 'Fastly', 'GZIP Module', 'Google Analytics', 'OpenResty', 'UTF-8', 'University or College', 'Vector Internet Services', 'eLand']"
pateconstruction.net,Home,,,35,228,2026-09-13T13:39:36.09459461Z,"['Alternate Protocol', 'Amazon CloudFront', 'CloudFront', 'Duda', 'GZIP Module', 'Nginx', 'Tailwind CSS', 'UTF-8']"
cureblindness.org,Cure Blindness Project | Help us create a world in which no one is…,,GBR,87,54401,2026-09-13T13:39:36.094309791Z,"['501c3 Status Nonprofit', 'AJAX Libraries API', 'AWS WAF Challenge', 'Amazon CloudFront', 'CDN JS', 'Charity Navigator', 'Classy', 'CloudFront', 'Cloudflare', 'Cloudflare CDN', 'Curator', 'ETranslate', 'Financial Services Guide', 'Fireblade', 'Font Awesome', 'Google Analytics', 'Google Cloud DNS', 'Google Related Website Sites', 'Google Tag Manager', 'Instagram Follow Button', 'Microdata for Google Shopping', 'ShareThis', 'Twitter Ads', 'VWO Engage', 'Visual Website Optimizer', 'YouTube', 'accessiBe', 'jQuery']"
edgargalarreta.realtor,Keller Williams Realty | edgargalarreta.realtor,,,77,934,2026-09-13T13:39:36.092062709Z,"['Alternate Protocol', 'Amazon CloudFront', 'CloudFront', 'DAV', 'Duda', 'Financial Services Guide', 'FormSubmit', 'GZIP Module', 'Get.realtor', 'Instagram Follow Button', 'Microdata for Google Shopping', 'Neighborhoods', 'Nginx', 'No-Q', 'QUIC', 'Subversion', 'Tailwind CSS', 'Thank You', 'Twitter Ads', 'UTF-8', 'YouTube']"
amuyanacloud.com,Amuyana Cloud,,PER,65,19909,2026-09-13T13:39:36.09119406Z,"['AWS WAF Challenge', 'Amazon', 'Amazon CloudFront', 'Amazon Route 53', 'Amazon S3 CDN', 'BootstrapMade', 'CloudFront', 'Content Delivery Network', 'Google', 'Google Cloud DNS', 'Google Font API', 'Google Maps', 'Google My Business', 'YouTube']"
hamiltonturner.com,"Home | Hamilton Turner Solicitors | Dublin, Ireland",,IRL,77,588,2026-09-13T13:39:36.08973286Z,"['Alternate Protocol', 'Amazon CloudFront', 'CloudFront', 'Duda', 'GZIP Module', 'Microdata for Google Shopping', 'Nginx', 'Tailwind CSS', 'Termly', 'Turner CDN', 'UTF-8', 'eLand']"
renew-nightly.com,RENEW,,,62,2450,2026-09-13T13:39:36.084634263Z,"['Amazon', 'Amazon CloudFront', 'Amazon Route 53', 'CloudFront', 'Content Delivery Network', 'GZIP Module', 'Google Analytics', 'Google Conversion Tracking', 'Google Tag Manager', 'Microsoft Clarity', 'Next.js', 'Pleroma', 'QUIC', 'Taboola Direct', 'Taboola Reseller', 'Tailwind CSS', 'UTF-8']"
middletonforge.co.uk,"Bespoke Steel Fabrications, Fencing & Builders Merchants",,AUS,75,75564,2026-09-13T13:39:36.080492937Z,"['Alternate Protocol', 'Amazon CloudFront', 'CloudFront', 'Duda', 'Financial Services Guide', 'FormSubmit', 'GZIP Module', 'Instagram Follow Button', 'K2F', 'Microdata for Google Shopping', 'Nginx', 'SMC', 'Subversion', 'Tailwind CSS', 'Thank You', 'Twitter Ads', 'UTF-8', 'YouTube']"
karentotty.realtor,Homes for sale in Phoenix AZ near TSMC and Luke AFB,,USA,82,50604,2026-09-13T13:39:36.080144483Z,"['Alternate Protocol', 'Amazon CloudFront', 'CloudFront', 'Duda', 'FormSubmit', 'GZIP Module', 'Get.realtor', 'Instagram Follow Button', 'Microdata for Google Shopping', 'Neighborhoods', 'Nginx', 'SMC', 'Tailwind CSS', 'Thank You', 'UTF-8', 'YouTube']"
brian-l.ee,Brian Lee's Online Resume,,USA,77,22490,2026-09-13T13:39:36.075574412Z,"['Amazon', 'Amazon CloudFront', 'Amazon Route 53', 'Amazon S3 CDN', 'CloudFront', 'Content Delivery Network', 'Easy Pie Chart', 'Express', 'GZIP Module', 'GitHub Hosting', 'Google Cloud DNS', 'Google Font API', 'Python', 'Rackspace Cloud Servers', 'Softlayer', 'Twitter Ads', 'University or College', 'Unix']"
cuppadunchurch.co.uk,Cuppa Dunchurch Coffee Lounge and Cafe,,,72,860,2026-09-13T13:30:34.702516126Z,"['123-Reg', 'Amazon CloudFront', 'CloudFront', 'DAV', 'Duda', 'GZIP Module', 'Google My Business', 'Instagram Follow Button', 'Line2', 'Microdata for Google Shopping', 'Nginx', 'Tailwind CSS', 'UTF-8']"
proa-tech.com,"Mobile Repair for Autos, Trucks & Equipment|Fast & Reliable",,USA,77,852,2026-09-13T13:30:34.695709593Z,"['Alternate Protocol', 'Amazon CloudFront', 'CloudFront', 'Duda', 'FormSubmit', 'GZIP Module', 'Instagram Follow Button', 'Microdata for Google Shopping', 'Nginx', 'QUIC', 'Tagembed', 'Tailwind CSS', 'Thank You', 'UTF-8']"
oontz.co.uk,Home,,,50,498,2026-09-13T13:30:34.693432613Z,"['123-Reg', 'Amazon CloudFront', 'CloudFront', 'Duda', 'FormSubmit', 'GZIP Module', 'Instagram Follow Button', 'Line2', 'Microdata for Google Shopping', 'Nginx', 'Thank You', 'Twitter Ads', 'UTF-8']"
heniifer.com,Buy Heniifer products online at best prices on https://heniifer.com,,IND,67,5130,2026-09-13T13:30:34.688423408Z,"['AJAX Libraries API', 'Amazon', 'Amazon CloudFront', 'Amazon Route 53', 'Apture Linking Platform', 'CDN JS', 'CloudFront', 'Cloudflare', 'Cloudflare CDN', 'Content Delivery Network', 'Express', 'Facebook Login', 'Facebook Messenger Platform', 'Facebook Pixel', 'Facebook Reseller', 'Fastly', 'Financial Services Guide', 'GZIP Module', 'Google Analytics', 'Google Cloud DNS', 'Google Tag Manager', 'Instagram Follow Button', 'Microsoft Clarity', 'Nginx', 'Sentry', 'UTF-8']"
isnfoundation.com,ISN FOUNDATION - Believes that preserving cultural and spiritual heritage,,IND,72,32987,2026-09-13T13:30:34.687699067Z,"['Amazon', 'Amazon CloudFront', 'Apache', 'CloudFront', 'Fireblade', 'GZIP Module', 'Google Cloud DNS', 'Google Font API', 'Google Maps', 'IcoMoon', 'InitiativeS', 'PHP', 'UTF-8', 'Wangsu', 'Woo Themes']"
kerissa-dvorak.com,Kerissa Dvorak Wellness Leader,,,60,465,2026-09-13T13:19:55.04531114Z,"['Alternate Protocol', 'Amazon CloudFront', 'Apache', 'Apture Linking Platform', 'Aruba', 'BunnyCDN', 'BunnyCDN General', 'CloudFront', 'Column Shortcodes', 'Fingerprint Pro', 'Font Awesome', 'GZIP Module', 'Google', 'Google Analytics', 'Google Cloud DNS', 'Google Font API', 'Google Tag Manager', 'IcoMoon', 'Instagram Follow Button', 'PHP', 'QUIC', 'Subversion', 'Tailwind CSS', 'UTF-8', 'eLand', 'jQuery', 'jsDelivr']"
radhakalyanam.uk,Sri Radha Madhav Kalayanam UK,,GBR,60,168,2026-09-13T13:19:55.039726024Z,"['Amazon', 'Amazon CloudFront', 'Amazon Route 53', 'Amazon S3 CDN', 'CloudFront', 'Content Delivery Network', 'Font Awesome', 'GZIP Module', 'Google Cloud DNS', 'Google Font API', 'Google Forms', 'Google Maps', 'Google My Business', 'PayPal Button', 'PayPal Form', 'Tailwind CSS', 'YouTube', 'jQuery']"
csgardner.com,CSGardner Solutions LLC,,,67,21097,2026-09-13T13:19:55.036563921Z,"['AWS WAF Challenge', 'Amazon', 'Amazon CloudFront', 'Amazon Elastic Beanstalk', 'Amazon Route 53', 'Amazon S3 CDN', 'Apture Linking Platform', 'BootstrapMade', 'CloudFront', 'Content Delivery Network', 'DAV', 'Google Cloud DNS', 'Google Font API', 'Google Related Website Sites', 'IcoMoon', 'PHP', 'QUIC', 'YouTube', 'jQuery']"
brandibunda.com,Brandi Bunda | Create with Intention,,,62,16407,2026-09-13T13:19:55.03405397Z,"['Alternate Protocol', 'Amazon CloudFront', 'Apache', 'Apture Linking Platform', 'Aruba', 'BunnyCDN', 'BunnyCDN General', 'CloudFront', 'Facebook Customer Chat SDK', 'Facebook Login', 'Facebook Messenger Platform', 'Facebook Reseller', 'Fingerprint Pro', 'Font Awesome', 'GZIP Module', 'Google', 'Google Analytics', 'Google Cloud DNS', 'Google Font API', 'Google Tag Manager', 'IcoMoon', 'Instagram Follow Button', 'PHP', 'QUIC', 'Rackspace CDN', 'Subversion', 'Tailwind CSS', 'UTF-8', 'eLand', 'jQuery', 'jsDelivr']"
yellowstonecountryinn.net,Yellowstone Country Inn -Home,,,62,96038,2026-09-13T13:19:55.033979427Z,"['Amazon CloudFront', 'CloudFront', 'DAV', 'Duda', 'Financial Services Guide', 'GZIP Module', 'Google Analytics', 'Google Tag Manager', 'IPFS', 'K2F', 'KVH', 'Nginx', 'No-Q', 'SMC', 'Tailwind CSS', 'UTF-8']"
restorationprimarycare.com,"Restoration Primary Care PLLC | Board Certified Family Medicine Physicians & Board-Certified Physician Assistants located in Winchester, TN",,,77,83738,2026-09-13T13:19:55.030315837Z,"['Amazon', 'Amazon CloudFront', 'Amazon Route 53', 'AudioEye', 'CloudFront', 'Content Delivery Network', 'Fastly', 'GZIP Module', 'Google', 'Google Analytics', 'Google Cloud CDN', 'Google Cloud DNS', 'Google Font API', 'Google Maps', 'Google My Business', 'Google Related Website Sites', 'Google Tag Manager', 'Kareo', 'Microdata for Google Shopping', 'Netlify', 'Parcel', 'PatientPop', 'SMC', 'Tebra', 'University or College']"
valence3d.app,Valence 3D - Unleash your creativity in 3D anywhere & anytime.,,,77,27450,2026-09-13T13:19:55.029417685Z,"['Amazon', 'Amazon CloudFront', 'Amazon Route 53', 'Amazon S3 CDN', 'App Store', 'Apture Linking Platform', 'CloudFront', 'Content Delivery Network', 'Google Analytics', 'Google Tag Manager', 'Headless UI', 'INETu', 'Instagram Follow Button', 'Next.js', 'Pleroma', 'QUIC', 'Smart App Banner', 'Tailwind CSS', 'Vector Internet Services', 'YouTube', 'eLand', 'shadcn ui']"
gmglimited.co.uk,"G.M.G Civil and Structural Engineers Ltd, structural surveys in Pudsey",,,67,1356,2026-09-13T13:19:55.028779503Z,"['About Cookies', 'Amazon CloudFront', 'CloudFront', 'Duda', 'FormSubmit', 'GZIP Module', 'Line2', 'Nginx', 'Thank You', 'Twitter Ads', 'UTF-8', 'Yell Business']"
amywells.ca,Home Page,,,55,66,2026-09-13T13:19:55.022592922Z,"['Amazon', 'Amazon CloudFront', 'Amazon Route 53', 'Amazon S3 CDN', 'Apture Linking Platform', 'CloudFront', 'Content Delivery Network', 'GZIP Module', 'Google My Business', 'QUIC', 'University or College', 'jsDelivr']"
shorttermrental.realestate,January Johnson | shorttermrental.realestate,,,77,2134,2026-09-13T13:19:55.014886813Z,"['Alternate Protocol', 'Amazon CloudFront', 'CloudFront', 'DAV', 'Duda', 'Financial Services Guide', 'FormSubmit', 'GZIP Module', 'Get.realtor', 'Instagram Follow Button', 'MSHOP', 'Microdata for Google Shopping', 'Neighborhoods', 'Nginx', 'No-Q', 'QUIC', 'Subversion', 'Tailwind CSS', 'Thank You', 'Twitter Ads', 'UTF-8', 'YouTube']"
drhariyadav.com,Dr. Hari Yadav | Headache Specialist | Neurologist in Noida,,IND,72,18219,2026-09-13T13:19:55.013519433Z,"['AWS WAF Challenge', 'Alternate Protocol', 'Amazon', 'Amazon CloudFront', 'CDN JS', 'CloudFront', 'Cloudflare', 'Cloudflare CDN', 'DAV', 'Font Awesome', 'Google Related Website Sites', 'Instagram Follow Button', 'QUIC', 'Tailwind CSS', 'Twitter Ads', 'YouTube', 'jQuery']"
rachel-kuehn.com,Home,,,55,7965,2026-09-13T13:19:55.011922737Z,"['Alternate Protocol', 'Amazon CloudFront', 'Apache', 'Apture Linking Platform', 'Aruba', 'BunnyCDN', 'BunnyCDN General', 'CloudFront', 'Fingerprint Pro', 'Fireblade', 'Font Awesome', 'GZIP Module', 'Google', 'Google Analytics', 'Google Cloud DNS', 'Google Font API', 'Google My Business', 'Google Tag Manager', 'IcoMoon', 'Instagram Follow Button', 'PHP', 'QUIC', 'Subversion', 'Tailwind CSS', 'UTF-8', 'YouTube', 'eLand', 'jQuery', 'jsDelivr']"
liveonechicago.com,One Chicago | Luxury Downtown Chicago Residences | Urban Living…,JDL,USA,67,3300,2026-09-13T13:19:55.009053413Z,"['Amazon', 'Amazon CloudFront', 'CloudFront', 'GZIP Module', 'Google Analytics', 'Google My Business', 'Google Tag Manager', 'IcoMoon', 'Instagram Follow Button', 'Line2', 'Microdata for Google Shopping', 'Nginx', 'Twitter Ads', 'UTF-8', 'Vimeo', 'YouTube', 'shadcn ui']"
rlrassists.uk,Home,,,50,498,2026-09-13T13:19:55.007712834Z,"['123-Reg', 'Amazon CloudFront', 'CloudFront', 'Duda', 'FormSubmit', 'GZIP Module', 'Instagram Follow Button', 'Line2', 'Microdata for Google Shopping', 'Nginx', 'Thank You', 'Twitter Ads', 'UTF-8']"
ctlclothing.co.uk,Home,,GBR,60,498,2026-09-13T13:19:55.007166471Z,"['123-Reg', 'Amazon CloudFront', 'CloudFront', 'Duda', 'FormSubmit', 'GZIP Module', 'Instagram Follow Button', 'Line2', 'Microdata for Google Shopping', 'Nginx', 'Thank You', 'Twitter Ads', 'UTF-8']"
driedflowerhut.co.uk,Home,,,50,498,2026-09-13T13:19:55.006881812Z,"['123-Reg', 'Amazon CloudFront', 'CloudFront', 'Coming Soon Page', 'Duda', 'FormSubmit', 'GZIP Module', 'Instagram Follow Button', 'Line2', 'Microdata for Google Shopping', 'Nginx', 'Tailwind CSS', 'Thank You', 'UTF-8']"
robinravazzini.com,🎶 Robin Ravazzini | Composer • Cellist • Producer,,,57,26621,2026-09-13T13:19:55.005501782Z,"['Amazon CloudFront', 'Aruba', 'CloudFront', 'Express', 'GZIP Module', 'Google Forms', 'Google My Business', 'Line2', 'Magento Enterprise', 'Microdata for Google Shopping', 'QUIC', 'SiteW', 'Squarespace', 'UTF-8', 'Vector Internet Services', 'WordPress SEO Structured Data Schema Plugin', 'eLand']"
sussmanlaw.ca,Real Estate Lawyer | Sussman Law,,CAN,77,924,2026-09-13T13:16:26.150511166Z,"['Amazon CloudFront', 'CloudFront', 'Duda', 'ElementUI', 'FormSubmit', 'GZIP Module', 'LottieFiles', 'Microdata for Google Shopping', 'Nginx', 'Tailwind CSS', 'Thank You', 'UTF-8']"
thefarm.scot,Home,,GBR,55,498,2026-09-13T13:10:30.472183388Z,"['123-Reg', 'Amazon CloudFront', 'CloudFront', 'Duda', 'FormSubmit', 'GZIP Module', 'Instagram Follow Button', 'Line2', 'Nginx', 'Thank You', 'Twitter Ads', 'UTF-8']"
3dprintbros.co.uk,Home,,,50,498,2026-09-13T13:10:30.469083439Z,"['123-Reg', 'Amazon CloudFront', 'CloudFront', 'Duda', 'FormSubmit', 'GZIP Module', 'Instagram Follow Button', 'Line2', 'Microdata for Google Shopping', 'Nginx', 'Thank You', 'Twitter Ads', 'UTF-8']"
veterangasplumbing.co.uk,Home,,,60,498,2026-09-13T13:10:30.469656111Z,"['123-Reg', 'Amazon CloudFront', 'CloudFront', 'Duda', 'FormSubmit', 'GZIP Module', 'Instagram Follow Button', 'Line2', 'Microdata for Google Shopping', 'Nginx', 'Perl', 'QUIC', 'Styled Components', 'Tailwind CSS', 'Thank You', 'UTF-8']"
hannahwilloughby.dev,Hannah Willoughby's Portfolio,,,65,15240,2026-09-13T13:10:30.46615028Z,"['AWS WAF Challenge', 'Amazon CloudFront', 'Astro', 'Content Delivery Network', 'GitHub Hosting', 'Nginx', 'Python', 'Tailwind CSS', 'UTF-8', 'Vercel']"
crystaldushane333.com,Home | Crystal DuShane,,,67,24246,2026-09-13T13:10:30.46371464Z,"['AWS WAF Challenge', 'Alternate Protocol', 'Amazon CloudFront', 'Apache', 'Apture Linking Platform', 'Aruba', 'BunnyCDN', 'BunnyCDN General', 'CloudFront', 'Coming Soon Page', 'Fingerprint Pro', 'Font Awesome', 'GZIP Module', 'Google', 'Google Analytics', 'Google Cloud DNS', 'Google Font API', 'Google Tag Manager', 'IcoMoon', 'Instagram Follow Button', 'PHP', 'QUIC', 'Square', 'Subversion', 'Tailwind CSS', 'UTF-8', 'YouTube', 'eLand', 'jQuery', 'jsDelivr']"
carroll-lawsf.com,"Law Offices of Michael Brooks Carroll – San Francisco | Real Estate, Construction, Aviation and Horse Law | Home",,VEN,72,15508,2026-09-13T13:10:30.454796925Z,"['AJAX Libraries API', 'Amazon CloudFront', 'Apache', 'BLR', 'Bulma', 'Cisco/Arrowpoint Content Service Switch', 'CloudFront', 'GZIP Module', 'Google Cloud DNS', 'Google Font API', 'Google Maps', 'Google My Business', 'IcoMoon', 'Instagram Follow Button', 'Perl', 'Tumblr', 'Twitter Ads', 'UTF-8', 'jQuery']"
mynuskyn.com,Nu Skyn | Fort Wayne Laser Services,,USA,72,468,2026-09-13T13:10:30.45045848Z,"['Amazon CloudFront', 'CloudFront', 'Duda', 'GZIP Module', 'Instagram Follow Button', 'Microdata for Google Shopping', 'Nginx', 'Tailwind CSS', 'UTF-8']"
nuleveltraining.com,HOME,,,50,288,2026-09-13T13:10:30.448572759Z,"['Alternate Protocol', 'Amazon CloudFront', 'CloudFront', 'Duda', 'FormSubmit', 'GZIP Module', 'Instagram Follow Button', 'Nginx', 'QUIC', 'Thank You', 'Twitter Ads', 'UTF-8']"
imageriegandhi.fr,Imagerie Gandhi | Centre de radiologie et imagerie médicale,,FRA,72,20560,2026-09-13T13:10:30.447532121Z,"['AJAX Libraries API', 'Amazon', 'Amazon CloudFront', 'CloudFront', 'Cloudflare', 'Content Delivery Network', 'Fireblade', 'GZIP Module', 'Google', 'Google Analytics', 'Google Cloud DNS', 'Google Font API', 'Google Related Website Sites', 'Google Tag Manager', 'Graphiq', 'Instagram Follow Button', 'Tailwind CSS', 'UTF-8', 'WF Cookie Consent', 'YouTube']"
vastreach.com,Vast Reach - Home,,,62,2630,2026-09-13T12:59:13.666920091Z,"['Amazon', 'Amazon CloudFront', 'Amazon Link Enchancer', 'Amazon Route 53', 'Amazon S3 CDN', 'Amazon Widgets', 'App Store', 'Apture Linking Platform', 'Bulma', 'CloudFront', 'Content Delivery Network', 'Facebook Conversion Tracking', 'Facebook Login', 'Facebook Messenger Platform', 'Facebook Pixel', 'Facebook Reseller', 'Facebook Tag API', 'GZIP Module', 'Google Analytics', 'Google My Business', 'Google Play', 'Google Tag Manager', 'LinkedIn Insights', 'LinkedIn Pixel', 'Material-UI', 'Next.js', 'Pleroma', 'Tailwind CSS', 'UTF-8']"
outboundlabsintel.com,Home | OutboundLabs,,USA,60,391,2026-09-13T12:59:13.657920776Z,"['AJAX Libraries API', 'Amazon', 'Amazon CloudFront', 'Animate It', 'Calendly', 'CloudFront', 'Cloudflare', 'Content Delivery Network', 'GZIP Module', 'Google', 'Google Cloud DNS', 'Google Font API', 'Microsoft Azure Blob Storage', 'QUIC', 'Tailwind CSS', 'UTF-8', 'WF Cookie Consent', 'Webflow']"
horizonhotelromblon.com,Horizon Hotel - Located in the heart of the Municipality of Romblon.,,,62,4668,2026-09-13T12:59:13.654552282Z,"['Amazon CloudFront', 'Apture Linking Platform', 'CDN JS', 'CloudFront', 'Cloudbeds', 'Cloudflare', 'Cloudflare CDN', 'DAV', 'Duda', 'GZIP Module', 'GitHub Hosting', 'Google Analytics', 'Google Tag Manager', 'Microdata for Google Shopping', 'Nginx', 'Tailwind CSS', 'UTF-8', 'jsDelivr']"
plesefuneralservices.com,"Plese Professional Funeral & Cremation Services | Joliet, IL",,USA,75,53112,2026-09-13T12:59:13.653271993Z,"['Amazon CloudFront', 'CDN JS', 'CloudFront', 'Cloudflare', 'Cloudflare CDN', 'Coming Soon Page', 'DAV', 'Duda', 'Ethy', 'Font Awesome', 'FormSubmit', 'GZIP Module', 'Google Analytics', 'Google Related Website Sites', 'Google Tag Manager', 'Microdata for Google Shopping', 'Nginx', 'PWA', 'SMC', 'Tailwind CSS', 'UTF-8', 'UserWay']"
sdna.it,SDNA,,ITA,65,5084,2026-09-13T12:59:13.649620081Z,"['Amazon CloudFront', 'Aruba', 'Azion', 'Baidu Cloud', 'CDN JS', 'CloudFront', 'Cloudflare', 'Cloudflare CDN', 'GZIP Module', 'Google Analytics', 'Google Maps', 'Google My Business', 'Microdata for Google Shopping', 'OpenResty', 'Perl', 'UTF-8', 'Unsplash', 'eLand', 'jQuery', 'reCAPTCHA']"
megan4design.com,Megan 4 Design,,FRA,72,51032,2026-09-13T12:59:13.649550628Z,"['Alternate Protocol', 'Amazon CloudFront', 'CloudFront', 'DAV', 'Duda', 'FormSubmit', 'GZIP Module', 'IcoMoon', 'Instagram Follow Button', 'Nginx', 'SMC', 'Tailwind CSS', 'Thank You', 'UTF-8']"
lajefaempanadas.com,La Jefa Empanadas | Authentic Puerto Rican & Dominican Empanadas in At,La Jefa Empanadas,USA,87,13844,2026-09-13T12:59:13.627116044Z,"['Amazon CloudFront', 'Apture Linking Platform', 'Baidu Cloud', 'CloudFront', 'Cloudflare', 'Cloudflare CDN', 'DAV', 'Google Customer Reviews', 'Google Maps', 'Google My Business', 'IcoMoon', 'Instagram Follow Button', 'MailChimp', 'Microdata for Google Shopping', 'Ntent', 'QUIC', 'Shopify', 'Shopify Collabs', 'UTF-8', 'Vector Internet Services', 'Yandex Hosting', 'hCaptcha', 'reCAPTCHA']"
future-3d.co.uk,Home,,,55,498,2026-09-13T12:59:13.61884203Z,"['123-Reg', 'Amazon CloudFront', 'CloudFront', 'Duda', 'FormSubmit', 'GZIP Module', 'Line2', 'Microdata for Google Shopping', 'Nginx', 'Thank You', 'UTF-8']"
breastfeeding.org,Home - San Diego County Breastfeeding Coalition,,USA,82,42115,2026-09-13T12:59:13.61620622Z,"['AWS WAF Challenge', 'Alternate Protocol', 'Amazon CloudFront', 'CloudFront', 'Duda', 'Fireblade', 'Font Awesome', 'GZIP Module', 'Google My Business', 'InitiativeS', 'Instagram API', 'Instagram Follow Button', 'Microdata for Google Shopping', 'Neon One', 'Nginx', 'Perl', 'QUIC', 'RM Education', 'Styled Components', 'Tailwind CSS', 'Thank You', 'Twitter Ads', 'UTF-8', 'University or College', 'Vimeo', 'YouTube', 'reCAPTCHA']"
pillboxmeadows.co.uk,Home,,,50,498,2026-09-13T12:59:13.602640185Z,"['123-Reg', 'Amazon CloudFront', 'CloudFront', 'Duda', 'FormSubmit', 'GZIP Module', 'Instagram Follow Button', 'Line2', 'Microdata for Google Shopping', 'Nginx', 'Thank You', 'Twitter Ads', 'UTF-8']"
gwentempleton.com,Southern Living Realty Inc | Home,,,50,63,2026-09-13T12:59:13.594833075Z,"['Amazon CloudFront', 'Apache', 'Apture Linking Platform', 'CloudFront', 'GZIP Module', 'Google', 'Google Cloud DNS', 'Google Font API', 'Google My Business', 'PHP', 'Pico CSS', 'QUIC', 'UTF-8', 'Ubuntu', 'reCAPTCHA']"
emerline.uz,Software Development Company | Emerline,Emerline,GEO,77,144803,2026-09-13T12:59:13.587066285Z,"['AWS WAF Challenge', 'Alternate Protocol', 'Amazon', 'Amazon CloudFront', 'Amazon Route 53', 'Angular', 'Apture Linking Platform', 'BIP', 'CloudFront', 'Clutch', 'Content Delivery Network', 'Contento', 'Corporate Governance and Regulatory Compliance', 'Cybot', 'Google Analytics', 'Google My Business', 'Google Retail Product Discovery', 'Google Tag Manager', 'IcoMoon', 'InitiativeS', 'Instagram Follow Button', 'Microdata for Google Shopping', 'NFOrce Internet', 'Nginx', 'Perl', 'Python', 'QUIC', 'Tailwind CSS', 'UTF-8']"
cleanedbyvera.com,Cleaned By Vera,,ZAF,75,9642,2026-09-13T12:45:57.580978023Z,"['Amazon', 'Amazon CloudFront', 'Amazon Route 53', 'Amazon S3 CDN', 'CloudFront', 'Content Delivery Network', 'Google Analytics', 'Google Tag Manager', 'Help.com', 'Line2', 'Monster']"
grhproperties.com,Harden Property - Gregory Harden Real Estate Expert,,USA,70,19500,2026-09-13T12:45:57.577728217Z,"['Alternate Protocol', 'Amazon CloudFront', 'Astra Theme', 'CloudFront', 'Cloudflare', 'CoBlocks', 'Content Delivery Network', 'Elementor', 'ElementsKit Elementor', 'EmbedPress', 'GoDaddy', 'Google My Business', 'IcoMoon', 'Instagram Follow Button', 'NFOrce Internet', 'PHP', 'Pico CSS', 'QUIC', 'Sticky Header Effects for Elementor', 'Theme In WP', 'UTF-8', 'University or College', 'Wangsu', 'Wix Media', 'Woo Themes', 'WordPress', 'WordPress Multisite', 'WordPress Related Posts', 'jQuery', 'reCAPTCHA']"
accuplusfinancial.com,Home | ACCUPLUS FINANCIAL SERVICES INC,,,60,7626,2026-09-13T12:45:57.55933265Z,"['Alternate Protocol', 'Amazon', 'Amazon CloudFront', 'Amazon Route 53', 'Amazon WAF Blocked', 'Apache', 'CloudFront', 'Contact Form Plugin', 'Content Delivery Network', 'EmbedPress', 'Fireblade', 'GZIP Module', 'Google', 'Google Analytics', 'Google My Business', 'Google Tag Manager', 'PHP', 'Theme In WP', 'UTF-8', 'University or College', 'WordPress', 'WordPress Multisite', 'jQuery', 'reCAPTCHA']"
divitel.com,Divitel | Master Operations. Drive Efficiency. Lead the Change.,Divitel,NLD,92,33814,2026-09-13T12:45:57.552454386Z,"['AWS WAF Challenge', 'Alternate Protocol', 'Amazon', 'Amazon CloudFront', 'Amazon Route 53', 'Aruba', 'CloudFront', 'Content Delivery Network', 'Fireblade', 'GZIP Module', 'Google Related Website Sites', 'Google Tag Manager', 'Line2', 'Microdata for Google Shopping', 'Next.js', 'PagerDuty', 'Perl', 'QUIC', 'Tailwind CSS', 'Twitter Ads', 'UTF-8', 'shadcn ui']"
topcoatcc.com,Sacramento Concrete Coating | Top Coat,,,82,16548,2026-09-13T12:45:57.551795534Z,"['Alternate Protocol', 'Amazon CloudFront', 'Amazon S3 CDN', 'CloudFront', 'Duda', 'Fireblade', 'GZIP Module', 'Google Analytics', 'Google My Business', 'Google Related Website Sites', 'Google Tag Manager', 'Microdata for Google Shopping', 'Microsoft Clarity', 'Nginx', 'QUIC', 'Storyblocks', 'Tailwind CSS', 'UTF-8', 'Yelp Badge']"
theharroldlawfirm.com,Bankruptcy Attorney | THE HARROLD LAW FIRM | Montgomery,,USA,82,8788,2026-09-13T12:45:57.551077412Z,"['Alternate Protocol', 'Amazon CloudFront', 'CloudFront', 'Duda', 'GZIP Module', 'Google Related Website Sites', 'Microdata for Google Shopping', 'Nginx', 'RM Education', 'Tailwind CSS', 'UTF-8']"
oversonpest.com,Pest Control Phoenix & East Valley | Overson Pest,,USA,82,2364,2026-09-13T12:45:57.549453885Z,"['Alternate Protocol', 'Amazon CloudFront', 'Apache', 'ClickCease', 'CloudFront', 'Duda', 'Express', 'Facebook Conversion Tracking', 'Facebook Login', 'Facebook Messenger Platform', 'Facebook Pixel', 'Facebook Reseller', 'Facebook Tag API', 'FormSubmit', 'GZIP Module', 'Google Analytics', 'Google Tag Manager', 'Instagram Follow Button', 'Microdata for Google Shopping', 'Nginx', 'Tailwind CSS', 'Thank You', 'Twitter Ads', 'UTF-8']"
panzarealestate.com,"Panza Home Group | Greater Boston Realtors | Newton, MA",Panza Home Group,USA,87,42370,2026-09-13T12:45:57.548637755Z,"['AddThis', 'AddThis for Wordpress', 'Adobe Creative Cloud WebFonts', 'Alternate Protocol', 'Amazon CloudFront', 'Amazon WAF Blocked', 'Apture Linking Platform', 'Aruba', 'AutoComplete', 'CloudFront', 'Coming Soon Page', 'Content ad', 'ETranslate', 'Express', 'Facebook Customer Chat SDK', 'Facebook Login', 'Facebook Messenger Platform', 'Facebook Pixel', 'Facebook Reseller', 'Facebook Tag API', 'FormSubmit', 'FreeCSSTemplates', 'GTranslate', 'GZIP Module', 'GetResponse', 'Google Analytics', 'Google Cloud DNS', 'Google Font API', 'Google Maps', 'Google My Business', 'Google Tag Manager', 'Instagram Follow Button', 'Keller Williams Realty', 'Line2', 'Microdata for Google Shopping', 'Neighborhoods', 'O2MC Dimml', 'Perl', 'Prospective', 'QUIC', 'SiteW', 'Squarespace', 'Tailwind CSS', 'Twitter Ads', 'UTF-8', 'University or College', 'UserWay', 'Vimeo', 'WordPress SEO Structured Data Schema Plugin', 'Ylopo', 'YouTube', 'eLand']"
stuebben.com,Stübben,Stübben,VAT,77,32764,2026-09-13T12:35:36.416169477Z,"['Alternate Protocol', 'Amazon CloudFront', 'Amazon WAF Blocked', 'Animate It', 'Apture Linking Platform', 'Aruba', 'Baidu Cloud', 'CloudFront', 'Cloudflare', 'Cloudflare CDN', 'Express', 'Fastly', 'Fireblade', 'Google Related Website Sites', 'IcoMoon', 'Instagram Follow Button', 'Klaviyo', 'Microdata for Google Shopping', 'NFOrce Internet', 'Parcel', 'ParcelPanel Order Tracking', 'QUIC', 'Shopify', 'Shopify Collabs', 'Tailwind CSS', 'Thank You', 'To Top', 'UTF-8', 'UpPromote', 'Yandex Hosting', 'YouTube', 'eLand', 'hCaptcha', 'jsDelivr', 'reCAPTCHA']"
godspeaks.co.uk,Home,,GBR,75,15860,2026-09-13T12:35:36.401163165Z,"['123-Reg', 'AWS WAF Challenge', 'Amazon CloudFront', 'CloudFront', 'Duda', 'Express', 'GZIP Module', 'Line2', 'Microdata for Google Shopping', 'Nginx', 'QUIC', 'Tailwind CSS', 'UTF-8', 'YouTube']"
chaletq.com,Home,,,60,438,2026-09-13T12:35:36.400063689Z,"['123-Reg', 'Amazon CloudFront', 'CloudFront', 'Duda', 'GZIP Module', 'Line2', 'Microdata for Google Shopping', 'Nginx', 'Tailwind CSS', 'UTF-8']"
andyraffertyfitness.co.uk,Home,,,55,498,2026-09-13T12:35:36.400769983Z,"['123-Reg', 'Amazon CloudFront', 'CloudFront', 'Duda', 'FormSubmit', 'GZIP Module', 'Instagram Follow Button', 'Line2', 'Microdata for Google Shopping', 'Nginx', 'Thank You', 'UTF-8']"
pw-yaletown.com,Yaletown | Wall Financial Corporation,,GBR,77,3228,2026-09-13T12:35:36.399574903Z,"['Adobe Creative Cloud WebFonts', 'Amazon', 'Amazon CloudFront', 'CloudFront', 'Cloudflare', 'Content Delivery Network', 'DAV', 'GZIP Module', 'Google Analytics', 'Google My Business', 'Google Tag Manager', 'IcoMoon', 'Microdata for Google Shopping', 'Microsoft Clarity', 'QUIC', 'Tailwind CSS', 'UTF-8', 'WF Cookie Consent', 'jsDelivr']"
weddingtouchesbysandra.co.uk,Hire Wedding Furniture & Wedding Accessories in Essex,,,82,13456,2026-09-13T12:35:36.395510388Z,"['123-Reg', 'Amazon CloudFront', 'CloudFront', 'Duda', 'FormSubmit', 'GZIP Module', 'Idaq', 'Instagram Follow Button', 'Line2', 'Microdata for Google Shopping', 'Nginx', 'Onyx Internet', 'Tailwind CSS', 'Thank You', 'UTF-8']"
norajeanskoffeekoach.com,Home | Nora Jeans Koffee Koach,,USA,60,27664,2026-09-13T12:35:36.380978362Z,"['Alternate Protocol', 'Amazon', 'Amazon CloudFront', 'Amazon Route 53', 'Amazon S3 CDN', 'Apture Linking Platform', 'Aruba', 'CCSI', 'CDN JS', 'CloudFront', 'Cloudflare', 'Cloudflare CDN', 'Content Delivery Network', 'DAV', 'Express', 'Fastly', 'FreeBSD', 'GZIP Module', 'Gatsby Image CDN', 'Gatsby JS', 'GitHub Hosting', 'Google Analytics', 'Google Cloud DNS', 'Google Font API', 'Google My Business', 'Google Tag Manager', 'Idaq', 'Instagram Follow Button', 'KVH', 'KeyCDN', 'Nginx', 'Python', 'SMC', 'Storyblocks', 'Toast POS', 'UTF-8', 'University or College', 'Yandex Hosting', 'eLand']"
swcarena.com,Best Horse Betting Sites,,,60,8866,2026-09-13T12:35:36.364864763Z,"['AWS WAF Challenge', 'Amazon', 'Amazon CloudFront', 'Amazon Route 53', 'Amazon S3 CDN', 'Amplitude', 'Apture Linking Platform', 'CloudFront', 'Content Delivery Network', 'Express', 'Fancybox for WordPress', 'Fastly', 'Fireblade', 'GZIP Module', 'Gambling Content', 'Google My Business', 'NFOrce Internet', 'PHP', 'Perl', 'QUIC']"
doosaniv.com,Material Handling – Bobcat Company Europe,,,82,310346,2026-09-13T12:25:24.073868504Z,"['Alternate Protocol', 'Amazon', 'Amazon CloudFront', 'Amazon Route 53', 'Amazon WAF Blocked', 'AppNexus Direct', 'Bing Cashback', 'BlueKai', 'CloudFront', 'Cloudinary', 'Content Delivery Network', 'Content Square', 'DoubleClick Bid Manager', 'ElementUI', 'Elfsight', 'Fireblade', 'FormSubmit', 'GitHub Hosting', 'Google', 'Google Analytics', 'Google Cloud DNS', 'Google My Business', 'Google Reseller', 'Google Tag Manager', 'IcoMoon', 'Instagram Follow Button', 'MailChimp', 'Microsoft 365', 'Nuxt.js', 'OneTrust Domain Verification', 'OpenX Direct', 'Oribi Analytics', 'Plausible Analytics', 'Pubmatic', 'Pulse Insights', 'RM Education', 'Salesforce Marketing Cloud Personalisation', 'StickyAds TV', 'Tailwind CSS', 'To Top', 'Triple Lift Direct', 'Twitter Ads', 'Typeform', 'UTF-8', 'VNTANA', 'Yahoo Web Analytics', 'YouTube']"
napaneeblooms.com,Same-Day Flower Delivery in Napanee ON | Napanee Blooms,,CAN,92,42010,2026-09-13T12:25:24.073453448Z,"['AJAX Libraries API', 'Adult Content', 'Amazon', 'Amazon CloudFront', 'Amazon Route 53', 'Apache', 'Apture Linking Platform', 'AutoComplete', 'CloudFront', 'Cloudinary', 'Content Delivery Network', 'Daily Deals', 'Fastly', 'GZIP Module', 'Google', 'Google Cloud CDN', 'Google Cloud DNS', 'Google Font API', 'Google Maps', 'Google My Business', 'Google Related Website Sites', 'Instagram Follow Button', 'Microdata for Google Shopping', 'Neighborhoods', 'Thank You', 'The Fresh', 'UTF-8', 'jQuery']"
clevelandflorist.net,Cleveland Florist | Flower Delivery by Cleveland Florist,,USA,77,39142,2026-09-13T12:25:24.072807154Z,"['Amazon', 'Amazon CloudFront', 'Amazon Route 53', 'Amazon WAF Blocked', 'Apache', 'Apture Linking Platform', 'CloudFront', 'Content Delivery Network', 'DAV', 'Express', 'GZIP Module', 'GetResponse', 'GitHub Hosting', 'Google', 'Google Analytics', 'Google Cloud DNS', 'Google Font API', 'Google My Business', 'Google Related Website Sites', 'Google Tag Manager', 'Gravity', 'Microdata for Google Shopping', 'Neighborhoods', 'New Relic', 'OpenSSL', 'QUIC', 'Thank You', 'The Fresh', 'UTF-8', 'Ubuntu', 'University or College', 'eLand']"
manshur.solutions,"AWS Cloud Consulting, DevOps & Training | ManshurSolutions",ManshurSolutions,USA,82,21429,2026-09-13T12:25:24.067576632Z,"['AWS WAF Challenge', 'Alternate Protocol', 'Amazon', 'Amazon CloudFront', 'Amazon Route 53', 'Amazon S3 CDN', 'Bulma', 'CloudFront', 'Content Delivery Network', 'GZIP Module', 'Google', 'Google Analytics', 'Google Cloud DNS', 'Google Font API', 'Google Tag Manager', 'Lineicons', 'Microdata for Google Shopping', 'NFOrce Internet', 'Python', 'QUIC', 'UTF-8']"
pyunkangyulglobal.com,Pyunkang Yul | Korean Herbal Skincare for Sensitive & Barrier Skin – pyunkangyul-global,pyunkangyul-global,USA,77,76019,2026-09-13T12:25:24.066757538Z,"['AWS WAF Challenge', 'Adult Content', 'Alternate Protocol', 'Amazon CloudFront', 'Amazon WAF Blocked', 'Apture Linking Platform', 'Baidu Cloud', 'CloudFront', 'Cloudflare', 'Cloudflare CDN', 'DAV', 'DC74', 'Favorites for WordPress', 'FormSubmit', 'Google Analytics', 'Google Related Website Sites', 'Google Tag Manager', 'IcoMoon', 'Instagram Follow Button', 'KVH', 'Microdata for Google Shopping', 'NFOrce Internet', 'Ntent', 'QUIC', 'Rivo Loyalty', 'Share Link', 'Shopify', 'Shopify Collabs', 'Snowplow', 'Tailwind CSS', 'UTF-8', 'W3 Total Cache', 'Yandex Hosting', 'YouTube', 'eLand', 'hCaptcha', 'reCAPTCHA']"
doorknockerdoors.co.uk,Home,,,50,498,2026-09-13T12:25:24.06002422Z,"['123-Reg', 'Amazon CloudFront', 'CloudFront', 'Duda', 'FormSubmit', 'GZIP Module', 'Instagram Follow Button', 'Line2', 'Microdata for Google Shopping', 'Nginx', 'Thank You', 'Twitter Ads', 'UTF-8']"
madeincarlow.shop,"Made in Carlow Art Gallery, local crafts & gifts",,IRL,72,30280,2026-09-13T12:25:24.035943492Z,"['Amazon', 'Amazon CloudFront', 'Apture Linking Platform', 'CloudFront', 'Content Delivery Network', 'Contento', 'DAV', 'Fastly', 'GZIP Module', 'Google Analytics', 'Google My Business', 'Instagram Follow Button', 'MailChimp', 'OpenResty', 'UTF-8', 'Vimeo', 'eLand']"
outerpixels.co.uk,Home,,,45,438,2026-09-13T12:12:41.376941777Z,"['123-Reg', 'Amazon CloudFront', 'CloudFront', 'Duda', 'GZIP Module', 'Line2', 'Nginx', 'Tailwind CSS', 'UTF-8', 'YouTube']"
xenosclothing.co.uk,Home,,,40,438,2026-09-13T12:12:41.376388584Z,"['123-Reg', 'Amazon CloudFront', 'CloudFront', 'Duda', 'GZIP Module', 'Instagram Follow Button', 'Line2', 'Microdata for Google Shopping', 'Nginx', 'Twitter Ads', 'UTF-8']"
nicolamichellecoaching.co.uk,Home,,GBR,65,956,2026-09-13T12:12:41.37475977Z,"['123-Reg', 'Amazon CloudFront', 'CloudFront', 'Duda', 'FormSubmit', 'GZIP Module', 'Instagram Follow Button', 'Line2', 'Microdata for Google Shopping', 'Nginx', 'Thank You', 'UTF-8']"
castlepaintingandhomeimprovements.com,"Best Painting Services | Castle Painting Savannah, GA",Castle Painting & Home Improvements,,82,7840,2026-09-13T12:12:41.363833218Z,"['501c3 Status Nonprofit', 'Amazon CloudFront', 'Amazon S3 CDN', 'Astro', 'Better Lead Generation Services', 'CloudFront', 'Content Delivery Network', 'Fastly', 'Financial Services Guide', 'GZIP Module', 'GitHub Hosting', 'Google', 'Google Analytics', 'Google Cloud DNS', 'Google Font API', 'Google Maps', 'Google My Business', 'Google Tag Manager', 'Microdata for Google Shopping', 'Pico CSS', 'QUIC', 'Segment', 'Segment Consent Manager', 'Storyblocks', 'UTF-8', 'reCAPTCHA']"
silvercreekchurch.org,"Silver Creek Church | Marquette, MI",,,67,42908,2026-09-13T12:12:41.355516088Z,"['AJAX Libraries API', 'Amazon CloudFront', 'Amazon S3 CDN', 'Church Center', 'CloudFront', 'GZIP Module', 'Google Analytics', 'Google Cloud DNS', 'Google Maps', 'Google My Business', 'Google Tag Manager', 'IcoMoon', 'Instagram Follow Button', 'Nginx', 'Storyblocks', 'UTF-8', 'University or College', 'Vignette OpenText', 'Vimeo', 'YouTube']"
recycleroanoke.com,Curbside Recycling in Roanoke County & Salem | Star City Recycling,Star City Recycling,USA,92,2450,2026-09-13T12:12:41.344444488Z,"['Amazon', 'Amazon CloudFront', 'Amazon Route 53', 'Amazon S3 CDN', 'CDN JS', 'CloudFront', 'Cloudflare', 'Cloudflare CDN', 'Content Delivery Network', 'GZIP Module', 'Google Analytics', 'Google Tag Manager', 'Microdata for Google Shopping', 'University or College']"
dmopartners.com,DMO Partners | Destination Marketing Professionals,,,70,18546,2026-09-13T12:12:41.341217295Z,"['Amazon', 'Amazon CloudFront', 'Amazon Route 53', 'Amazon S3 CDN', 'CloudFront', 'Content Delivery Network', 'Curator', 'Font Awesome', 'Formspree', 'Google Analytics', 'Google Cloud DNS', 'Google Font API', 'Google My Business', 'Google Recommendations AI', 'Google Tag Manager', 'QUIC', 'Tailwind CSS', 'Twitter Ads', 'jQuery']"
robodarshan.in,Robodarshan,,,62,5344,2026-09-13T12:03:18.626495066Z,"['AJAX Libraries API', 'Amazon', 'Amazon CloudFront', 'CloudFront', 'Content Delivery Network', 'Google', 'Google Cloud DNS', 'Google Font API', 'Instagram Follow Button', 'Netlify', 'Tailwind CSS', 'UTF-8', 'WF Cookie Consent', 'Webflow', 'YouTube']"
vbbookkeeping.com,"Home | VB Bookkeeping, LLC",,,60,8226,2026-09-13T12:03:18.618769919Z,"['Alternate Protocol', 'Amazon', 'Amazon CloudFront', 'Amazon Route 53', 'Amazon WAF Blocked', 'Apache', 'CloudFront', 'Contact Form Plugin', 'Content Delivery Network', 'ETranslate', 'EmbedPress', 'Fireblade', 'GTranslate', 'GZIP Module', 'Google', 'Google Analytics', 'Google Cloud CDN', 'Google My Business', 'Google Tag Manager', 'Instagram Follow Button', 'PHP', 'QUIC', 'Theme In WP', 'UTF-8', 'WordPress', 'WordPress Multisite', 'YouTube', 'jQuery', 'reCAPTCHA']"
wadulisis.com,"Indigenous Foods & Teaching | Wadulisi's LLC | Kansas City, MO",,USA,72,468,2026-09-13T12:03:18.612392522Z,"['Alternate Protocol', 'Amazon CloudFront', 'CloudFront', 'Duda', 'GZIP Module', 'Google My Business', 'Instagram Follow Button', 'Microdata for Google Shopping', 'Nginx', 'Tailwind CSS', 'UTF-8']"
dutch-to-english.co.uk,Home,,,40,393,2026-09-13T12:03:18.609981469Z,"['Amazon CloudFront', 'CloudFront', 'Duda', 'GZIP Module', 'Line2', 'Microdata for Google Shopping', 'Nginx', 'UTF-8', 'Yell Business']"
newoakestates.co.uk,"Estate Agents in Chesterfield | Buy, Sell & Let | New Oak Estates",,,67,25220,2026-09-13T12:03:18.593031987Z,"['Alternate Protocol', 'Amazon', 'Amazon CloudFront', 'Amazon Route 53', 'App Store', 'CloudFront', 'Corporate Governance and Regulatory Compliance', 'DC74', 'Fireblade', 'GZIP Module', 'Google', 'Google Cloud DNS', 'Google Customer Reviews', 'Google Font API', 'Google My Business', 'Google Play', 'Google Tag Manager', 'Instagram Follow Button', 'Nginx', 'No-Q', 'PHP', 'Subversion', 'Tailwind CSS', 'UTF-8', 'shadcn ui']"
curlyscutz.co.uk,Home,,,50,498,2026-09-13T12:03:18.58507491Z,"['123-Reg', 'Amazon CloudFront', 'CloudFront', 'Duda', 'FormSubmit', 'GZIP Module', 'Line2', 'Microdata for Google Shopping', 'Nginx', 'Thank You', 'UTF-8']"
econdor.ca,Eagle & Condor Centre for Indigenous Research,,,62,5812,2026-09-13T12:03:18.581368396Z,"['AJAX Libraries API', 'Amazon', 'Amazon CloudFront', 'CloudFront', 'Content Delivery Network', 'Google', 'Google Cloud DNS', 'Google Font API', 'IcoMoon', 'InitiativeS', 'Instagram Follow Button', 'Netlify', 'QUIC', 'Tailwind CSS', 'UTF-8', 'WF Cookie Consent', 'Webflow']"
primathon.in,Custom Software Development Services Company USA | Primathon,Primathon Technology,,57,15200,2026-09-13T12:03:18.578902031Z,"['AWS WAF Challenge', 'Alternate Protocol', 'Amazon CloudFront', 'CloudFront', 'Content Delivery Network', 'Ember.js', 'GZIP Module', 'Google Analytics', 'Google Related Website Sites', 'Google Tag Manager', 'Instagram Follow Button', 'Microdata for Google Shopping', 'Next.js', 'Nginx', 'PWA', 'Pleroma', 'Python', 'QUIC', 'Salesforce Hosted', 'Sitelinks Search Box', 'The Fresh', 'Twitter Ads', 'UTF-8', 'Ubuntu', 'WordPress', 'YouTube', 'shadcn ui']"
canadianaviationmuseum.ca,Canadian Aviation Museum,,CAN,65,949,2026-09-13T12:03:18.561568269Z,"['Alternate Protocol', 'Amazon CloudFront', 'CloudFront', 'Ecwid Ecommerce Shopping Cart', 'EmbedPress', 'Facebook Embedded Posts', 'Google Analytics', 'Google My Business', 'Google Tag Manager', 'Gutenberg Blocks by Kadence Blocks', 'Instagram Follow Button', 'Kadence WP', 'Nginx', 'PHP', 'Simple Banner for Wordpress', 'Theme In WP', 'Twitter Ads', 'UTF-8', 'WordPress', 'WordPress Multisite', 'YouTube', 'jQuery']"
gothandywritten.com,Handwrytten | Handwritten Notes Service and Card Automation,,USA,92,180045,2026-09-13T11:49:23.041278034Z,"['501c3 Status Nonprofit', 'AWS WAF Challenge', 'Adobe Creative Cloud WebFonts', 'Alternate Protocol', 'Amazon', 'Amazon CloudFront', 'Amazon Route 53', 'Apple Auto Link Maker', 'Apture Linking Platform', 'CloudFront', 'Cloudflare', 'Cloudflare CDN', 'Cloudflare Turnstile', 'Cloudflare Web Analytics', 'Contact Form Plugin', 'Content Delivery Network', 'Elementor', 'EmbedPress', 'Facebook Pixel', 'Facebook Tag API', 'GZIP Module', 'Google Analytics', 'Google My Business', 'Google Play', 'Google Tag Manager', 'Help Scout', 'HubSpot WordPress Plugin', 'IcoMoon', 'Instagram Follow Button', 'Lazy Load for WordPress', 'Microdata for Google Shopping', 'Nginx', 'PHP', 'QUIC', 'Salesforce Hosted', 'Site Kit', 'Sitelinks Search Box', 'Tailwind CSS', 'Theme In WP', 'Twitter Ads', 'UTF-8', 'WP Rocket', 'WordPress', 'WordPress Multisite', 'YouTube', 'jQuery', 'reCAPTCHA']"
donate.nhc.no,Donate NHC,,FIN,60,2238,2026-09-13T11:49:23.027397416Z,"['1Password', 'AJAX Libraries API', 'Amazon', 'Amazon CloudFront', 'Aruba', 'CloudFront', 'Content Delivery Network', 'Cornerstone', 'FreeCSSTemplates', 'GZIP Module', 'Google Cloud DNS', 'Google My Business', 'Instagram Follow Button', 'Line2', 'Microdata for Google Shopping', 'Microsoft Authentication Library for JavaScript', 'Nginx', 'RM Education', 'Schema Plugin', 'Stripe', 'Tailwind CSS', 'Twitter Ads', 'UTF-8', 'eLand', 'jQuery']"
nuthatchgardendesign.com,Landscape Design in Beaverton OR Nuthatch Garden Design,,USA,77,177968,2026-09-13T11:49:23.014054586Z,"['AWS WAF Challenge', 'Alternate Protocol', 'Amazon CloudFront', 'Apture Linking Platform', 'CloudFront', 'DAV', 'Duda', 'Express', 'Financial Services Guide', 'Fireblade', 'GZIP Module', 'Google Analytics', 'Google Tag Manager', 'Idaq', 'Instagram Follow Button', 'K2F', 'KVH', 'Nationwide Mortgage Licensing System and Registry', 'Nginx', 'O2MC Dimml', 'Perl', 'QUIC', 'SMC', 'Share Link', 'Styled Components', 'Tailwind CSS', 'The Deck', 'The Fresh', 'UTF-8', 'eLand']"
kentuckianatirerecycling.com,"Tire Recycling | Louisville, KY | Kentuckiana Tire Recycling",,USA,82,11748,2026-09-13T11:49:23.014782782Z,"['Amazon CloudFront', 'Apture Linking Platform', 'CloudFront', 'Duda', 'GZIP Module', 'Google My Business', 'Microdata for Google Shopping', 'Nginx', 'Perl', 'QUIC', 'Smooch', 'Tailwind CSS', 'Thryv', 'UTF-8']"
peofocus.com,PEO Consulting to help you find which PEO is best for you,,USA,77,564,2026-09-13T11:42:40.289390234Z,"['Alternate Protocol', 'Amazon CloudFront', 'CloudFront', 'Duda', 'FormSubmit', 'GZIP Module', 'Google Analytics', 'Google Tag Manager', 'Nginx', 'Tailwind CSS', 'Thank You', 'Twitter Ads', 'UTF-8', 'YouTube']"
memphisfca.org,Memphis FCA,,USA,67,468,2026-09-13T11:42:40.286913092Z,"['Amazon CloudFront', 'CloudFront', 'Duda', 'Express', 'Fundraise Up', 'GZIP Module', 'Google Tag Manager', 'Nginx', 'PWA', 'Tailwind CSS', 'UTF-8']"
modthai.com.au,Thai Food in Port Stephens | Mod Thai Restaurant & Noodle Bar,,USA,77,30828,2026-09-13T11:42:40.283934533Z,"['Amazon CloudFront', 'CloudFront', 'DAV', 'Duda', 'Elfsight', 'GZIP Module', 'Google Analytics', 'Google My Business', 'Google Tag Manager', 'Instagram Follow Button', 'Microdata for Google Shopping', 'Nginx', 'Perl', 'Styled Components', 'Tailwind CSS', 'The Fresh', 'UTF-8']"
quayinstallations.com,Home,,,50,438,2026-09-13T11:42:40.264299089Z,"['123-Reg', 'Amazon CloudFront', 'CloudFront', 'Duda', 'GZIP Module', 'Instagram Follow Button', 'Line2', 'Microdata for Google Shopping', 'Nginx', 'Twitter Ads', 'UTF-8']"
billsbricks.co.uk,Home,,,50,438,2026-09-13T11:42:40.264093018Z,"['123-Reg', 'Amazon CloudFront', 'CloudFront', 'Duda', 'GZIP Module', 'Line2', 'Microdata for Google Shopping', 'Nginx', 'UTF-8']"
finddestinflhomes.com,Home Search,,,42,11503,2026-09-13T11:42:40.261475664Z,"['Amazon', 'Amazon CloudFront', 'Amazon S3 CDN', 'Apture Linking Platform', 'Cisco/Arrowpoint Content Service Switch', 'CloudFront', 'Coming Soon Page', 'ConvertFlow', 'DAV', 'Express', 'GZIP Module', 'Google Analytics', 'Google Cloud DNS', 'Google Maps', 'Google Tag Manager', 'Harbor', 'Homes.com CMS', 'Material-UI', 'Prospective', 'QUIC', 'Storyblocks', 'Thank You', 'UTF-8', 'Ylopo']"
acuteaccounting.com.au,Acute Accounting,,IMN,77,564,2026-09-13T11:42:40.256790295Z,"['Amazon CloudFront', 'CloudFront', 'Duda', 'FormSubmit', 'GZIP Module', 'Microdata for Google Shopping', 'Nginx', 'QUIC', 'Tailwind CSS', 'Thank You', 'UTF-8', 'YouTube']"
nibm.ac.lk,Higher Education Institution | National Institute of Business Management,,LKA,72,60588,2026-09-13T11:42:40.251478381Z,"['AWS WAF Challenge', 'Amazon CloudFront', 'Amazon WAF Blocked', 'Bunny Fonts', 'Cisco/Arrowpoint Content Service Switch', 'CloudFront', 'Cloudflare', 'Cloudflare CDN', 'Cloudflare Web Analytics', 'Content Delivery Network', 'Facebook CDN', 'Fireblade', 'Google My Business', 'Google Related Website Sites', 'IcoMoon', 'InitiativeS', 'Instagram Follow Button', 'Microdata for Google Shopping', 'Next.js', 'Oracle Cloud', 'PHP', 'Pleroma', 'Prospective', 'Python', 'QUIC', 'Siweb', 'Tailwind CSS', 'Twitter Ads', 'UTF-8', 'University or College', 'YouTube']"
trekkersatheart.com,Trekkers@Heart | Fitness With Fun | Largest Trekking Community In Singapore,,SGP,72,6307,2026-09-13T11:31:39.884225019Z,"['Alternate Protocol', 'Amazon', 'Amazon CloudFront', 'Amazon S3 CDN', 'ByteDance', 'CloudFront', 'ETranslate', 'Ecwid Ecommerce Shopping Cart', 'GZIP Module', 'Google Cloud DNS', 'Google Maps', 'Google My Business', 'Instagram Follow Button', 'Nginx', 'PWA', 'SiteW', 'SiteWit', 'Storyblocks', 'TikTok Conversion Tracking Pixel', 'UTF-8', 'Unsplash', 'YouTube', 'eLand']"
rockland-sports.ca,Rockland Sports,,USA,65,5527,2026-09-13T11:31:39.881685553Z,"['Alternate Protocol', 'Amazon', 'Amazon CloudFront', 'CloudFront', 'ETranslate', 'Ecwid Ecommerce Shopping Cart', 'GZIP Module', 'Google Cloud DNS', 'Google Maps', 'Google My Business', 'Instagram Follow Button', 'Nginx', 'PWA', 'UTF-8', 'Unsplash', 'eLand']"
tlchcservices.com,TLC Home & Commercial Services LLC | Home & Commercial Services | Home,,,72,5920,2026-09-13T11:31:39.87971928Z,"['501c3 Status Nonprofit', 'Amazon CloudFront', 'Amazon S3 CDN', 'Astro', 'Better Lead Generation Services', 'CloudFront', 'DAV', 'Financial Services Guide', 'GitHub Hosting', 'Google', 'Google Analytics', 'Google Cloud DNS', 'Google Font API', 'Google Maps', 'Google My Business', 'Google Tag Manager', 'Microdata for Google Shopping', 'Pico CSS', 'ReviewWidget', 'Segment', 'Segment Consent Manager', 'Site.pro', 'Storyblocks', 'UTF-8', 'reCAPTCHA']"
lvengineering.be,LV Engineering: begeleiding energie & techniek | Londerzeel,,BEL,67,97588,2026-09-13T11:31:39.870499389Z,"['Adult Content', 'Amazon CloudFront', 'CloudFront', 'DAV', 'Duda', 'GZIP Module', 'K2F', 'KVH', 'Nginx', 'SMC', 'Silicon Valley Web Hosting', 'Subversion', 'Tailwind CSS', 'Termly', 'UTF-8']"
beastsupplyco.com,Home,,USA,70,564,2026-09-13T11:31:39.870721353Z,"['Amazon CloudFront', 'CloudFront', 'Duda', 'FormSubmit', 'GZIP Module', 'Microdata for Google Shopping', 'Nginx', 'Pexels', 'Tailwind CSS', 'Thank You', 'UTF-8']"
hernandocountyrentals.com,CENTURY 21 Alliance Realty | Home Page,,USA,77,52067,2026-09-13T11:31:39.867702426Z,"['Amazon CloudFront', 'AudioEye', 'CloudFront', 'Duda', 'Facebook Embedded Posts', 'Font Awesome', 'GZIP Module', 'Google Tag Manager', 'Instagram Follow Button', 'Nginx', 'SMC', 'Tailwind CSS', 'Twitter Ads', 'UTF-8', 'Yelp Badge']"
visionexcavations.com.au,Your Excavation Hire and Earthworks Specialists in Aberdeen,,GBR,72,468,2026-09-13T11:31:39.865642131Z,"['Amazon CloudFront', 'CloudFront', 'Duda', 'GZIP Module', 'Microdata for Google Shopping', 'Nginx', 'Tailwind CSS', 'UTF-8']"
hapmindcoaching.com,Home,,SEN,60,288,2026-09-13T11:31:39.86571441Z,"['Amazon CloudFront', 'CloudFront', 'Duda', 'FormSubmit', 'GZIP Module', 'Microdata for Google Shopping', 'Nginx', 'Tailwind CSS', 'Thank You', 'UTF-8']"
optiflowprime.com,"deal.ai | All-in-one AI platform for marketing, content, & business growth",,USA,72,240,2026-09-13T11:31:39.855787815Z,"['Amazon CloudFront', 'Apture Linking Platform', 'CloudFront', 'Content Delivery Network', 'Next.js', 'Pleroma', 'QUIC', 'Tailwind CSS', 'UTF-8', 'Vercel', 'shadcn ui']"
blhomeinspections.com,"Licensed Inspectors | BL Home Inspections | White County, IN",BL Home Inspections,USA,77,66303,2026-09-13T11:31:39.848018558Z,"['Amazon', 'Amazon CloudFront', 'Amazon S3 CDN', 'AudioEye', 'BLR', 'CloudFront', 'Duda', 'Facebook Login', 'Facebook Messenger Platform', 'Facebook Pixel', 'Facebook Reseller', 'Facebook Tag API', 'FormSubmit', 'GZIP Module', 'Google My Business', 'Google Related Website Sites', 'IcoMoon', 'Line2', 'Microdata for Google Shopping', 'Nginx', 'SMC', 'Schema Plugin', 'Storyblocks', 'Tailwind CSS', 'Thank You', 'Tumblr', 'Twitter Ads', 'UTF-8', 'W3 Total Cache', 'jsDelivr']"
shelleywatsonartsformentalhealth.com,Home,,,50,498,2026-09-13T11:22:15.541067176Z,"['123-Reg', 'Amazon CloudFront', 'CloudFront', 'Duda', 'FormSubmit', 'GZIP Module', 'Instagram Follow Button', 'Line2', 'Microdata for Google Shopping', 'Nginx', 'Thank You', 'Twitter Ads', 'UTF-8']"
alliantstrategic.com,Affordable Housing Finance & Advisory | Walker & Dunlop,,USA,77,206748,2026-09-13T11:22:15.530717166Z,"['501c3 Status Nonprofit', 'AJAX Libraries API', 'AWS WAF Challenge', 'Adobe Creative Cloud WebFonts', 'Amazon', 'Amazon CloudFront', 'Amazon S3 CDN', 'Apture Linking Platform', 'CloudFront', 'Cloudflare', 'Content Delivery Network', 'Flow', 'GZIP Module', 'Google', 'Google Analytics', 'Google Cloud DNS', 'Google Font API', 'Google Related Website Sites', 'Google Tag Manager', 'Instagram Follow Button', 'Intellimize', 'Microdata for Google Shopping', 'Site Search 360', 'Snowplow', 'Storyblocks', 'Tailwind CSS', 'Twitter Ads', 'UTF-8', 'Vector Internet Services', 'WF Cookie Consent', 'YouTube', 'eLand', 'jsDelivr', 'securiti']"
beachhouseboston.com,"Beach House Volleyball - Indoor Beach Volleyball | Natick, MA",,USA,82,9584,2026-09-13T11:22:15.519855015Z,"['AJAX Libraries API', 'Alternate Protocol', 'Amazon', 'Amazon CloudFront', 'CDN JS', 'CloudFront', 'Cloudflare', 'Cloudflare CDN', 'Content Delivery Network', 'GZIP Module', 'Google', 'Google Cloud DNS', 'Google Font API', 'Google My Business', 'IcoMoon', 'Instagram Follow Button', 'Sprocket Sports', 'Tailwind CSS', 'UTF-8', 'WF Cookie Consent', 'Webflow', 'jsDelivr']"
certanusdata.com,Certanus,,USA,77,2699,2026-09-13T11:22:15.509943935Z,"['Amazon', 'Amazon CloudFront', 'Amazon Route 53', 'Amazon S3 CDN', 'CDN JS', 'CloudFront', 'Cloudflare', 'Cloudflare CDN', 'Content Delivery Network', 'Formspree', 'GZIP Module', 'Tailwind CSS']"
cfcsb.com.my,CFC Fertiliser | Malaysia Fertiliser company,,,52,728,2026-09-13T11:13:26.157507938Z,"['Alternate Protocol', 'Amazon CloudFront', 'CloudFront', 'Duda', 'ETranslate', 'GZIP Module', 'Google Related Website Sites', 'Instagram Follow Button', 'Nginx', 'Perl', 'Styled Components', 'Tailwind CSS', 'UTF-8']"
mirav-a-fitness.co.il,מירב אלוש Fitness,,,67,1054,2026-09-13T11:11:21.33619216Z,"['Alternate Protocol', 'Amazon CloudFront', 'CloudFront', 'Duda', 'FormSubmit', 'GZIP Module', 'Instagram Follow Button', 'Nginx', 'Tailwind CSS', 'Thank You', 'UTF-8', 'UserWay']"
mandmplasteringhampshire.co.uk,Home,,,55,8293,2026-09-13T11:11:21.330640485Z,"['Amazon CloudFront', 'Call to Visit', 'CloudFront', 'Duda', 'Fireblade', 'GZIP Module', 'Google My Business', 'Line2', 'Nginx', 'Twitter Ads', 'UTF-8', 'Yell Business']"
premierbuild-dev.co.uk,Premier Build Developments,,GBR,80,2967,2026-09-13T11:11:21.325782904Z,"['Alternate Protocol', 'Amazon', 'Amazon CloudFront', 'Blocksy', 'CloudFront', 'Cloudflare', 'EmbedPress', 'Google Cloud DNS', 'Google Font API', 'Nginx', 'PHP', 'Theme In WP', 'UTF-8', 'WPForms', 'WordPress', 'WordPress Multisite', 'jQuery']"
braininfinity.com,Brain Infinity Neurofeedback,,CHN,87,2861,2026-09-13T11:11:21.301012255Z,"['Alternate Protocol', 'Amazon', 'Amazon CloudFront', 'Amazon Route 53', 'Apache', 'AutoComplete', 'CloudFront', 'Column Shortcodes', 'Content Delivery Network', 'EmbedPress', 'Express', 'Fontello', 'GZIP Module', 'Google Analytics', 'Google Cloud DNS', 'Google Font API', 'Google Tag Manager', 'LayerSlider Responsive', 'Microdata for Google Shopping', 'PHP', 'Site Kit', 'Theme In WP', 'UTF-8', 'University or College', 'WP Rocket', 'WPML Multilingual', 'Woo Themes', 'WooCommerce', 'WooCommerce Checkout', 'WordPress', 'WordPress Multisite', 'YouTube', 'jQuery']"
portroyalmassage.com,Therapeutic Massage & Bodywork | Port Royal Massage and Bodywork | Port Royal,,,67,1618,2026-09-13T11:11:21.293918806Z,"['Alternate Protocol', 'Amazon CloudFront', 'CloudFront', 'Duda', 'GZIP Module', 'Google My Business', 'Microdata for Google Shopping', 'Nginx', 'Tailwind CSS', 'UTF-8', 'UserWay', 'Vagaro']"
famehr.com,Fame HR | Smart HR & Workforce Solutions,,GBR,87,2549,2026-09-13T11:11:21.291675796Z,"['Amazon', 'Amazon CloudFront', 'Amazon Route 53', 'CloudFront', 'Content Delivery Network', 'Font Awesome', 'GZIP Module', 'Next.js', 'Pleroma', 'QUIC', 'Tailwind CSS', 'UTF-8']"
apclink.co,Salesmsg - Business Texting and Calling for Revenue Teams,"SalesMessage, Inc.",POL,77,190858,2026-09-13T11:11:21.289819889Z,"['AJAX Libraries API', 'Alternate Protocol', 'Amazon', 'Amazon CloudFront', 'App Store', 'Apture Linking Platform', 'ArvanCloud', 'CloudFront', 'Cloudflare', 'Content Delivery Network', 'Envoy', 'Facebook Conversion Tracking', 'Facebook Login', 'Facebook Messenger Platform', 'Facebook Pixel', 'Facebook Reseller', 'Facebook Tag API', 'FormSubmit', 'GZIP Module', 'Google', 'Google Analytics', 'Google Cloud DNS', 'Google Font API', 'Google My Business', 'Google Play', 'Google Tag Manager', 'Greenhouse', 'IcoMoon', 'Instagram Follow Button', 'Intercom', 'Microdata for Google Shopping', 'No-Q', 'Optibase', 'RM Education', 'Salesforce Hosted', 'Smart App Banner', 'Tailwind CSS', 'Twitter Ads', 'Typeform', 'UTF-8', 'WF Cookie Consent', 'Webflow', 'YouTube', 'jsDelivr']"
nightlife-essentials.com,Nightlife Essentials,,,57,5711,2026-09-13T10:58:09.092064356Z,"['AJAX Libraries API', 'Amazon', 'Amazon CloudFront', 'CloudFront', 'Cloudflare', 'Content Delivery Network', 'Endis', 'GZIP Module', 'Google', 'Google Cloud DNS', 'Google Font API', 'Newsletter for Wordpress', 'QUIC', 'Tailwind CSS', 'UTF-8', 'WF Cookie Consent', 'Webflow Ecommerce', 'jsDelivr']"
casadeliabacalar.com,Home | Casa Delia Hotel Downtown,,PHL,75,57293,2026-09-13T10:58:09.088926136Z,"['Alternate Protocol', 'Amazon', 'Amazon CloudFront', 'Amazon Route 53', 'Amazon S3 CDN', 'CloudFront', 'Content Delivery Network', 'ElementUI', 'Font Awesome', 'GZIP Module', 'Google Analytics', 'Google Cloud DNS', 'Google Maps', 'Google My Business', 'Google Tag Manager', 'IcoMoon', 'Imgix', 'Instagram Follow Button', 'Little Hotelier', 'Microdata for Google Shopping', 'SMC', 'SiteMinder']"
shiprockcarmel.com,Carmel Highlands Home For Rent - Luxury Rental - Carmel - Pebble Beach,,,82,122107,2026-09-13T10:58:09.072160079Z,"['AWS WAF Challenge', 'Amazon CloudFront', 'Apture Linking Platform', 'CDN JS', 'CloudFront', 'Cloudflare', 'Cloudflare CDN', 'Cloudflare Web Analytics', 'Cloudinary', 'Coming Soon Page', 'Content Delivery Network', 'ETranslate', 'Express', 'Facebook Conversion Tracking', 'Facebook Login', 'Facebook Messenger Platform', 'Facebook Pixel', 'Facebook Reseller', 'Facebook Tag API', 'Fireblade', 'FormSubmit', 'GTranslate', 'GitHub Hosting', 'Global Privacy Control', 'Google', 'Google Analytics', 'Google Cloud DNS', 'Google Font API', 'Google Maps', 'Google My Business', 'Google Retail Product Discovery', 'Google Tag Manager', 'Instagram Follow Button', 'Line2', 'Luxury Presence', 'Neighborhoods', 'PHP', 'Parcel', 'Perl', 'RM Education', 'SMC', 'Spark Platform', 'Thank You', 'Twitter Ads', 'UTF-8', 'Vimeo', 'Yelp Badge', 'YouTube', 'jQuery', 'jsDelivr', 'shadcn ui']"
invictuslion.com,Invictus Lion,,AUS,72,52600,2026-09-13T10:49:49.904047581Z,"['AWS WAF Challenge', 'Amazon CloudFront', 'Aruba', 'Baidu Cloud', 'CDN JS', 'CloudFront', 'Cloudflare', 'Cloudflare CDN', 'Fireblade', 'GZIP Module', 'Google Analytics', 'InitiativeS', 'KVH', 'OpenResty', 'Perl', 'UTF-8', 'eLand', 'jQuery']"
loren.com,Loren Castings - Work With The Best Jewelry Casting Service,,,72,8668,2026-09-13T10:49:49.902967603Z,"['Amazon CloudFront', 'Call to Visit', 'CloudFront', 'Google Analytics', 'Google Tag Manager', 'IcoMoon', 'Microdata for Google Shopping', 'Nginx', 'PHP', 'Perl', 'Tailwind CSS', 'Theme In WP', 'Top Rated Local', 'UTF-8', 'WordPress', 'WordPress Multisite', 'jQuery']"
plantsvilla.in,Buy Plants Villa products online at best prices on https://plantsvilla.in,,IND,72,3400,2026-09-13T10:49:49.901596527Z,"['AJAX Libraries API', 'Alternate Protocol', 'Amazon', 'Amazon CloudFront', 'Apture Linking Platform', 'CloudFront', 'Express', 'Facebook Login', 'Facebook Messenger Platform', 'Facebook Pixel', 'Facebook Reseller', 'GZIP Module', 'Google Analytics', 'Google Cloud DNS', 'Google Related Website Sites', 'Google Tag Manager', 'Instagram Follow Button', 'Microsoft Clarity', 'Nginx', 'Sentry', 'UTF-8']"
barryaldridge.realtor,Barry Aldridge | barryaldridge.realtor,,,82,604,2026-09-13T10:49:49.900475557Z,"['Alternate Protocol', 'Amazon CloudFront', 'CloudFront', 'Duda', 'FormSubmit', 'GZIP Module', 'Get.realtor', 'Instagram Follow Button', 'Microdata for Google Shopping', 'Neighborhoods', 'Nginx', 'QUIC', 'Tailwind CSS', 'Thank You', 'Twitter Ads', 'UTF-8', 'YouTube']"
ez-pt.net,"Physical Therapist | Towson, MD | 410-803-4219",,USA,82,38274,2026-09-13T10:49:49.899423221Z,"['AWS WAF Challenge', 'Amazon CloudFront', 'CloudFront', 'DAV', 'Duda', 'FormSubmit', 'GZIP Module', 'Google Related Website Sites', 'KVH', 'Microdata for Google Shopping', 'Nginx', 'Perl', 'QUIC', 'Tailwind CSS', 'Thank You', 'UTF-8', 'University or College', 'UserWay', 'Yellow Pages Canada', 'Yelp Badge']"
masterhouseservices.co.uk,Roofing Contractors Darlington | Masterhouse Services Limited,,GBR,77,50894,2026-09-13T10:49:49.899808071Z,"['Amazon CloudFront', 'Better Lead Generation Services', 'CloudFront', 'Duda', 'Financial Services Guide', 'FormSubmit', 'GZIP Module', 'Nginx', 'No-Q', 'QUIC', 'SMC', 'Subversion', 'Tailwind CSS', 'UTF-8', 'eLand']"
eurekasat.me,RareSats — Wear the diamond within every sat,,,67,2450,2026-09-13T10:49:49.894521523Z,"['Amazon', 'Amazon CloudFront', 'Amazon Route 53', 'Amazon S3 CDN', 'App Store', 'CloudFront', 'Content Delivery Network', 'GZIP Module', 'Next.js', 'Pleroma']"
kiramasonrealtor.com,"Kira Mason, Real Estate Agent - Compass",Compass,USA,77,529235,2026-09-13T10:49:49.894835596Z,"['AWS WAF Challenge', 'Active Campaign', 'Alibaba Cloud CDN', 'Amazon', 'Amazon CloudFront', 'Amazon Route 53', 'Apple Auto Link Maker', 'Apture Linking Platform', 'CDN JS', 'CloudFront', 'Cloudflare', 'Cloudflare CDN', 'Coming Soon Page', 'Content Delivery Network', 'Content Square', 'CookieConsent', 'DoubleClick Bid Manager', 'ElementUI', 'Express', 'Facebook Reseller', 'Fireblade', 'Flourish', 'FullStory', 'GitHub Hosting', 'Global Privacy Control', 'Google', 'Google Analytics', 'Google Cloud DNS', 'Google Font API', 'Google Maps', 'Google My Business', 'Google Play', 'Google Recommendations AI', 'Google Tag Manager', 'Gravity', 'Greenhouse', 'Heap', 'Homes.com CMS', 'Hubspot', 'Instagram Follow Button', 'Intercom', 'Investor Relations', 'Keller Williams Realty', 'LaunchDarkly', 'Microdata for Google Shopping', 'Nationwide Mortgage Licensing System and Registry', 'Neighborhoods', 'Parcel', 'Perl', 'Prospective', 'QUIC', 'Qualtrics Site Intercept', 'RM Education', 'Salesforce', 'Salesforce Experience Cloud', 'Salesforce Hosted', 'Segment', 'SiteW', 'Smart App Banner', 'Stripe', 'The Deck', 'Trustarc Cookie Consent', 'Twitter Ads', 'Typeform', 'UTF-8', 'University or College', 'Userpilot', 'Vimeo', 'Wistia', 'YouTube', 'cstate', 'eLand', 'jsDelivr', 'reCAPTCHA']"
apautomation.biz,Home Page,,SYC,62,29840,2026-09-13T10:38:59.103642561Z,"['AJAX Libraries API', 'Amazon', 'Amazon CloudFront', 'CDN JS', 'CloudFront', 'Cloudflare', 'Cloudflare CDN', 'Content Delivery Network', 'Contento', 'Fastly', 'GZIP Module', 'Google Cloud DNS', 'Google Font API', 'Google My Business', 'OpenResty', 'UTF-8', 'YouTube', 'jQuery']"
erciyesyapi.com,ERCİYES YAPI,,TUR,72,12508,2026-09-13T10:38:59.090429953Z,"['ADFOX', 'Amazon', 'Amazon CloudFront', 'CloudFront', 'GZIP Module', 'Google Analytics', 'Google Cloud DNS', 'Google Font API', 'Google My Business', 'Google Tag Manager', 'IcoMoon', 'Instagram Follow Button', 'Nginx', 'Pleroma', 'Tailwind CSS', 'UTF-8', 'Ubuntu', 'Yandex Hosting', 'Yandex Metrika', 'reCAPTCHA']"
missbrowndesigns.com,Home,,,40,10780,2026-09-13T10:38:59.085063777Z,"['Amazon', 'Amazon CloudFront', 'Apture Linking Platform', 'BaseKit', 'CloudFront', 'Content Delivery Network', 'Contento', 'Fastly', 'GZIP Module', 'Instagram Follow Button', 'OpenResty', 'UTF-8']"
danddmaterialsaz.com,"Landscaping Rocks - Tucson, AZ - D & D Materials LLC",,USA,72,16548,2026-09-13T10:38:59.081762613Z,"['Amazon CloudFront', 'Apture Linking Platform', 'CloudFront', 'Content Delivery Network', 'Duda', 'GZIP Module', 'Google Analytics', 'Google My Business', 'Google Tag Manager', 'Mixpanel', 'Nginx', 'QUIC', 'Smooch', 'Tailwind CSS', 'Thryv', 'Twitter Ads', 'UTF-8', 'iPromote', 'reCAPTCHA']"
cuadra.la,Cuadra | Préstamos en Guatemala desde Q200,,,82,10634,2026-09-13T10:38:59.074597407Z,"['AJAX Libraries API', 'Amazon', 'Amazon CloudFront', 'Amazon Route 53', 'Apture Linking Platform', 'CDN JS', 'CloudFront', 'Cloudflare', 'Cloudflare CDN', 'Content Delivery Network', 'Facebook Conversion Tracking', 'Facebook Login', 'Facebook Messenger Platform', 'Facebook Pixel', 'Facebook Reseller', 'Facebook Tag API', 'Google', 'Google Analytics', 'Google Cloud DNS', 'Google Font API', 'Google My Business', 'Google Play', 'Google Tag Manager', 'IcoMoon', 'Instagram Follow Button', 'Microdata for Google Shopping', 'Tailwind CSS', 'UTF-8', 'Vector Internet Services', 'WF Cookie Consent', 'Webflow', 'WhatsApp Sharing', 'jQuery']"
nodecongress.com,Node Congress,,USA,72,46404,2026-09-13T10:38:59.058588144Z,"['Amazon CloudFront', 'Apture Linking Platform', 'CloudFront', 'Cloudflare', 'Cloudflare CDN', 'Cloudflare Workers', 'Content Delivery Network', 'Corporate Governance and Regulatory Compliance', 'DAV', 'Facebook Conversion Tracking', 'Facebook Login', 'Facebook Messenger Platform', 'Facebook Pixel', 'Facebook Reseller', 'Facebook Tag API', 'Fireblade', 'GitHub Hosting', 'Google', 'Google Analytics', 'Google Cloud DNS', 'Google Font API', 'Google Forms', 'Google My Business', 'Google Tag Manager', 'HMDG', 'Heroku', 'Hotjar', 'Imgix', 'InitiativeS', 'Instagram Follow Button', 'LinkedIn Insights', 'LinkedIn Pixel', 'Medium', 'Netlify', 'Ntent', 'Payload CMS', 'QUIC', 'SpatialChat', 'Tailwind CSS', 'Tito', 'Twitter Ads', 'Twitter Analytics', 'UTF-8', 'University or College', 'Vector Internet Services', 'Vercel', 'YouTube', 'Zoom Video Conferencing', 'eLand', 'jsDelivr', 'shadcn ui']"
skinwecares.com,Skinwecares,Skinwecares,,65,12044,2026-09-13T10:26:30.898269463Z,"['Amazon CloudFront', 'Apture Linking Platform', 'Baidu Cloud', 'CloudFront', 'Cloudflare', 'Cloudflare CDN', 'Express', 'Google', 'Google Analytics', 'Google Cloud CDN', 'Google Cloud DNS', 'Google Cloud Storage', 'Google Tag Manager', 'IcoMoon', 'Microdata for Google Shopping', 'QUIC', 'Shopify', 'Shopify Collabs', 'UTF-8', 'Yandex Hosting', 'hCaptcha', 'reCAPTCHA']"
nevadacemeterydistrict.com,Homepage Nevada Cemetery District,,,50,22303,2026-09-13T10:26:30.897938254Z,"['Algolia', 'Amazon CloudFront', 'Amazon WAF Blocked', 'Apture Linking Platform', 'CivicPlus', 'CloudFront', 'Corporate Governance and Regulatory Compliance', 'GZIP Module', 'GetResponse', 'GitHub Hosting', 'Google', 'Google Cloud DNS', 'Google Font API', 'Google My Business', 'IcoMoon', 'Imgix', 'New Relic', 'Nginx', 'PHP', 'Pendo', 'QUIC', 'UTF-8', 'hCaptcha', 'reCAPTCHA']"
criticalconsult.dk,criticalconsult.dk,,FRA,65,3957,2026-09-13T10:26:30.897562978Z,"['Alternate Protocol', 'Amazon CloudFront', 'Calendly', 'CloudFront', 'Contact Form Plugin', 'Content Delivery Network', 'EmbedPress', 'Font Awesome', 'Google', 'Google Cloud CDN', 'Google Cloud DNS', 'Google Font API', 'IcoMoon', 'Line2', 'LiteSpeed', 'PHP', 'QUIC', 'Slider Revolution', 'The Events Calendar', 'Theme In WP', 'UTF-8', 'Vimeo', 'WP PageNavi', 'WP Statistics', 'WPBakery', 'Woo Themes', 'WooCommerce', 'WooCommerce Checkout', 'WordPress', 'WordPress Multisite', 'jQuery']"
eyemagicproductions.com,EyeMagic Productions | Los Angeles Video Crews & Photography,,GBR,72,5468,2026-09-13T10:26:30.89560719Z,"['Amazon CloudFront', 'Cisco/Arrowpoint Content Service Switch', 'CloudFront', 'DAV', 'Duda', 'GZIP Module', 'Nginx', 'Tailwind CSS', 'UTF-8', 'eLand']"
nathanscarandleasing.com,"Rideshare car rental for Uber, Lyft, Amazon Flex, Postmates, ALL PLATFORMS APPROVED",,USA,72,564,2026-09-13T10:26:30.894887196Z,"['Amazon CloudFront', 'CloudFront', 'Duda', 'FormSubmit', 'GZIP Module', 'Google Analytics', 'Google Tag Manager', 'Microdata for Google Shopping', 'Nginx', 'Tailwind CSS', 'Thank You', 'UTF-8']"
bjc-home-improvements.com,Bathroom Refurbishments | West London | BJC,,GBR,67,468,2026-09-13T10:26:30.893796242Z,"['Alternate Protocol', 'Amazon CloudFront', 'CloudFront', 'Duda', 'GZIP Module', 'Google My Business', 'Instagram Follow Button', 'Nginx', 'Tailwind CSS', 'Twitter Ads', 'UTF-8']"
windermerelakehouse.co.uk,Home - Windermere Lake House,Windermere Lake House,,82,4045,2026-09-13T10:26:30.889875644Z,"['AJAX Libraries API', 'Alternate Protocol', 'Amazon', 'Amazon CloudFront', 'Apache', 'CloudFront', 'Contact Form Plugin', 'Content Delivery Network', 'Divi', 'Elegant Themes', 'EmbedPress', 'Font Awesome', 'GZIP Module', 'Google Analytics', 'Google Cloud DNS', 'Google Font API', 'Google My Business', 'Google Tag Manager', 'Microdata for Google Shopping', 'PHP', 'Sitelinks Search Box', 'Thank You', 'Theme In WP', 'UTF-8', 'Woo Themes', 'WordPress', 'WordPress Multisite', 'WordPress Related Posts', 'eLand', 'jQuery', 'reCAPTCHA']"
cityservicescoalition.com,City Services Coalition | New Orleans,,USA,82,564,2026-09-13T10:26:30.88960144Z,"['Alternate Protocol', 'Amazon CloudFront', 'CloudFront', 'DAV', 'Duda', 'FormSubmit', 'GZIP Module', 'Instagram Follow Button', 'Investor Relations', 'Microdata for Google Shopping', 'Neighborhoods', 'Nginx', 'Perl', 'QUIC', 'Styled Components', 'Tailwind CSS', 'Twitter Ads', 'UTF-8', 'YouTube']"
fivestarautotint.com,Five Star Auto Tint | Window Tint Special $79.99,,USA,82,16548,2026-09-13T10:26:30.887688668Z,"['Alternate Protocol', 'Amazon CloudFront', 'CloudFront', 'Content Delivery Network', 'Duda', 'Elfsight', 'Fireblade', 'GZIP Module', 'Google Analytics', 'Google Customer Reviews', 'Google Related Website Sites', 'Google Tag Manager', 'Instagram Follow Button', 'Microdata for Google Shopping', 'Nginx', 'QUIC', 'Tailwind CSS', 'UTF-8', 'Yelp Badge']"
gurjarijewellers.in,Buy GURJARI JEWELLERS products online at best prices on https://gurjarijewellers.in,,IND,67,2680,2026-09-13T10:26:30.878971251Z,"['AJAX Libraries API', 'Amazon', 'Amazon CloudFront', 'Apture Linking Platform', 'CDN JS', 'CloudFront', 'Cloudflare', 'Cloudflare CDN', 'Express', 'Facebook Login', 'Facebook Messenger Platform', 'Facebook Pixel', 'Facebook Reseller', 'GZIP Module', 'Google Analytics', 'Google Cloud DNS', 'Google Tag Manager', 'Instagram Follow Button', 'Microsoft Clarity', 'Nginx', 'Sentry', 'Subversion', 'UTF-8']"
aurignac-immo.com,Home | BAIA IMMOBILIER,,FRA,67,5744,2026-09-13T10:18:44.186203561Z,"['Alternate Protocol', 'Amazon', 'Amazon CloudFront', 'Apimo', 'CloudFront', 'DAV', 'GZIP Module', 'GetResponse', 'Google Analytics', 'Google Cloud DNS', 'Google Font API', 'Google My Business', 'Google Tag Manager', 'Nginx', 'UTF-8', 'jQuery', 'reCAPTCHA']"
syncschool.com.mx,SyncSchool,,PHL,70,5140,2026-09-13T10:18:44.184252882Z,"['AJAX Libraries API', 'Amazon', 'Amazon CloudFront', 'CloudFront', 'ETranslate', 'GTranslate', 'Google Analytics', 'Google Cloud DNS', 'Google My Business', 'Google Play', 'Tailwind CSS', 'YouTube']"
triadtraining.com,Triad Training | Fitness and training Gym in Oconee GA,,SHN,77,17820,2026-09-13T10:18:44.182625428Z,"['AWS WAF Challenge', 'Amazon CloudFront', 'CDN JS', 'CloudFront', 'Cloudflare', 'Cloudflare CDN', 'Commoninja', 'Duda', 'FormSubmit', 'GZIP Module', 'Google Analytics', 'Google My Business', 'Google Related Website Sites', 'Google Tag Manager', 'Instagram API', 'Instagram Follow Button', 'Microdata for Google Shopping', 'Nginx', 'QUIC', 'Tailwind CSS', 'Thank You', 'UTF-8', 'Vimeo', 'reCAPTCHA']"
jlshandy.com,Home,,,50,20426,2026-09-13T10:18:44.169812705Z,"['Alternate Protocol', 'Amazon CloudFront', 'CloudFront', 'DAV', 'Duda', 'GZIP Module', 'K2F', 'Nginx', 'No-Q', 'QUIC', 'SMC', 'Tailwind CSS', 'UTF-8']"
smilesoftware.com,"TextExpander: #1 Text Replacement & Shortcut App, Free Forever",TextExpander,,67,178457,2026-09-13T10:18:44.167251155Z,"['AdRoll', 'Adobe Creative Cloud WebFonts', 'Advertising.com', 'Alternate Protocol', 'Amazon', 'Amazon CloudFront', 'Amazon Route 53', 'AppNexus Direct', 'Autoptimize', 'Bing Cashback', 'Bulma', 'ByteDance', 'CDN JS', 'Calendly', 'CloudFront', 'Cloudflare', 'Cloudflare CDN', 'Content Delivery Network', 'DoubleClick Bid Manager', 'ElementUI', 'EmbedPress', 'Express', 'Font Awesome', 'Google', 'Google Analytics', 'Google Cloud DNS', 'Google My Business', 'Google Reseller', 'Google Tag Manager', 'Gravity', 'Instagram Follow Button', 'IponWeb BidSwitch', 'Iubenda', 'Microdata for Google Shopping', 'Microsoft Clarity', 'Oath Reseller', 'OpenAI', 'Oribi Analytics', 'Outbrain Direct', 'PHP', 'ProfitWell', 'Pubmatic', 'QUIC', 'Recruitee', 'Salesforce Hosted', 'Smart App Banner', 'Storyblocks', 'Taboola Direct', 'Taboola Reseller', 'Tailwind CSS', 'Thank You', 'Theme In WP', 'Triple Lift Direct', 'Twitter Ads', 'UTF-8', 'VWO Engage', 'Vimeo CDN', 'Visual Website Optimizer', 'WordPress', 'WordPress Multisite', 'Yahoo Web Analytics', 'YouTube', 'jQuery']"
caballeroaz.com,"Caballero Property Management, Inc. | Phoenix, Mesa, Tempe, Scottsdale, Chandler, Gilbert | Home Page",,USA,72,52067,2026-09-13T10:18:44.166374183Z,"['Amazon CloudFront', 'AudioEye', 'CloudFront', 'Duda', 'Font Awesome', 'GZIP Module', 'Google Analytics', 'Google Tag Manager', 'Nginx', 'SMC', 'Tailwind CSS', 'UTF-8']"
rmrpropertymanagement.com,"Rookstool Moden Realty LLC | Residential Property Management | Klamath Falls, Keno, Chiloquin, Bonanza | Home Page",,,62,52067,2026-09-13T10:18:44.163913814Z,"['Amazon CloudFront', 'AudioEye', 'CloudFront', 'Duda', 'Font Awesome', 'GZIP Module', 'Nginx', 'QUIC', 'SMC', 'Tailwind CSS', 'UTF-8']"
justinturner.realtor,Justin Turner | justinturner.realtor,,,77,604,2026-09-13T10:18:44.161894561Z,"['Alternate Protocol', 'Amazon CloudFront', 'CloudFront', 'Duda', 'FormSubmit', 'GZIP Module', 'Get.realtor', 'Instagram Follow Button', 'Microdata for Google Shopping', 'Neighborhoods', 'Nginx', 'QUIC', 'Tailwind CSS', 'Thank You', 'Twitter Ads', 'UTF-8', 'YouTube']"
nataliaribas.pt,Facilitadora Energética e Terapeuta Holística - Natália Ribas,,BRA,77,80564,2026-09-13T10:18:44.160860002Z,"['Amazon CloudFront', 'CloudFront', 'Duda', 'Financial Services Guide', 'FormSubmit', 'GZIP Module', 'Instagram Follow Button', 'K2F', 'Nginx', 'QUIC', 'SMC', 'Subversion', 'Tailwind CSS', 'UTF-8', 'Vector Internet Services']"
ignaziopizzo.realtor,Ignazio Pizzo | ignaziopizzo.realtor,,USA,77,22934,2026-09-13T10:18:44.159514373Z,"['Alternate Protocol', 'Amazon CloudFront', 'CloudFront', 'DAV', 'Duda', 'Financial Services Guide', 'Fireblade', 'FormSubmit', 'GZIP Module', 'Get.realtor', 'Google My Business', 'Instagram Follow Button', 'Microdata for Google Shopping', 'Neighborhoods', 'Nginx', 'No-Q', 'Prospective', 'QUIC', 'Subversion', 'Tailwind CSS', 'Thank You', 'UTF-8', 'YouTube']"
h2omerchant.net,"Aqua Right Products - Hampton, VA - Aqua-Right",Aqua-Right,USA,77,8328,2026-09-13T10:18:44.154717603Z,"['Alternate Protocol', 'Amazon CloudFront', 'CloudFront', 'Duda', 'Elfsight', 'GZIP Module', 'Google Customer Reviews', 'Google My Business', 'Idaq', 'Instagram Follow Button', 'Microdata for Google Shopping', 'Nginx', 'Tailwind CSS', 'Twitter Ads', 'UTF-8', 'Vector Internet Services', 'YouTube']"
greatminds.mv,Great Minds | Therapy Center | Maldives,,MDV,87,4240,2026-09-13T10:18:44.14938084Z,"['Amazon CloudFront', 'CloudFront', 'Cloudimage', 'Content Delivery Network', 'ElementUI', 'Financial Services Guide', 'Google', 'Google Cloud CDN', 'Google Cloud DNS', 'Google Font API', 'Instagram Follow Button', 'LottieFiles', 'Next.js', 'Pleroma', 'UTF-8', 'Unsplash', 'Vercel', 'Wuilt']"
driftwoodbakingco.com,Home,,,65,30564,2026-09-13T10:04:04.184721503Z,"['Amazon CloudFront', 'CloudFront', 'Duda', 'FormSubmit', 'GZIP Module', 'Microdata for Google Shopping', 'Nginx', 'Tailwind CSS', 'Thank You', 'The Fresh', 'UTF-8']"
iandclandscaping.com,"Landscaping Near Me in Golden Beach, MD | I & C Landscaping",,USA,87,6120,2026-09-13T10:04:04.17071313Z,"['Amazon CloudFront', 'Amazon S3 CDN', 'Better Lead Generation Services', 'CloudFront', 'Content Delivery Network', 'ElementUI', 'Fastly', 'GZIP Module', 'GitHub Hosting', 'Google Cloud DNS', 'Google Maps', 'Google My Business', 'Heroku', 'QUIC', 'Segment', 'Segment Consent Manager', 'Site.pro', 'Storyblocks', 'Tailwind CSS', 'UTF-8', 'jsDelivr', 'reCAPTCHA', 'shadcn ui']"
mt2electrical.com,Home,,,40,438,2026-09-13T10:04:04.170820241Z,"['123-Reg', 'Amazon CloudFront', 'CloudFront', 'Coming Soon Page', 'Duda', 'GZIP Module', 'Line2', 'Microdata for Google Shopping', 'Nginx', 'Tailwind CSS', 'UTF-8']"
expertimmoservices.com,EXPERT IMMO SERVICES,,GLP,55,840,2026-09-13T10:04:04.168023148Z,"['Alternate Protocol', 'Amazon', 'Amazon CloudFront', 'Apimo', 'ArvanCloud', 'CloudFront', 'GZIP Module', 'Google Analytics', 'Google My Business', 'Google Tag Manager', 'Instagram Follow Button', 'Nginx', 'UTF-8', 'jQuery', 'jsDelivr', 'reCAPTCHA']"
nu-you.uk,NU YOU UK,,,52,228,2026-09-13T10:04:04.157623312Z,"['Amazon CloudFront', 'CloudFront', 'Duda', 'GZIP Module', 'Instagram Follow Button', 'Nginx', 'Tailwind CSS', 'UTF-8']"
champagnefiercefit.it,Champagne Fier Ce Fît | Reims | Cristina Willemsen,,FRA,62,4459,2026-09-13T10:04:04.153157895Z,"['AJAX Libraries API', 'AddThis', 'AddThis for Wordpress', 'Amazon CloudFront', 'Apache', 'AutoComplete', 'CDN JS', 'CloudFront', 'Cloudflare', 'Cloudflare CDN', 'ElementUI', 'Facebook Pixel', 'Facebook Tag API', 'Font Awesome', 'GZIP Module', 'Google', 'Google Cloud DNS', 'Google Font API', 'Google My Business', 'Google Related Website Sites', 'Instagram Follow Button', 'PWA', 'Parcel', 'UTF-8', 'Ubuntu', 'jQuery', 'reCAPTCHA']"
shopatba.com,BA Campus Store,,,55,3435,2026-09-13T10:04:04.151020695Z,"['Alternate Protocol', 'Amazon', 'Amazon CloudFront', 'CloudFront', 'ETranslate', 'Ecwid Ecommerce Shopping Cart', 'Express', 'GZIP Module', 'Google Cloud DNS', 'Google Maps', 'Instagram Follow Button', 'Nginx', 'Oddle', 'PWA', 'RM Education', 'Stripe', 'Typeform', 'UTF-8', 'Unsplash', 'eLand']"
immo-goult.com,"Real estate agency IMMO GOULT,",,FRA,72,4612,2026-09-13T10:04:04.144408645Z,"['Alternate Protocol', 'Amazon', 'Amazon CloudFront', 'Apimo', 'CloudFront', 'GZIP Module', 'Google Analytics', 'Google Cloud DNS', 'Google Font API', 'Google My Business', 'Google Tag Manager', 'Instagram Follow Button', 'Nginx', 'UTF-8', 'jQuery', 'reCAPTCHA']"
ajlenaerts.be,AJ Lenaerts,,,45,660,2026-09-13T10:04:04.13657915Z,"['Amazon', 'Amazon CloudFront', 'CloudFront', 'Content Delivery Network', 'Fastly', 'GZIP Module', 'Google Analytics', 'Instagram Follow Button', 'OpenResty', 'Subversion', 'Tailwind CSS', 'UTF-8']"
noltedesignconstruction.com,Sunriver Custom Homes & Remodeling » Nolte Design & Construction,,,82,2760,2026-09-13T10:04:04.127809869Z,"['Adobe Creative Cloud WebFonts', 'Amazon', 'Amazon CloudFront', 'CloudFront', 'Cloudflare', 'Content Delivery Network', 'GZIP Module', 'Microdata for Google Shopping', 'Tailwind CSS', 'UTF-8', 'WF Cookie Consent']"
immobilierevallette.com,Mira,,FRA,60,708,2026-09-13T09:52:09.745592937Z,"['Alternate Protocol', 'Amazon', 'Amazon CloudFront', 'Apimo', 'CloudFront', 'GZIP Module', 'GetResponse', 'Google Analytics', 'Google My Business', 'Google Tag Manager', 'Instagram Follow Button', 'Nginx', 'Twitter Ads', 'UTF-8', 'jQuery', 'reCAPTCHA']"
valurise.io,Bankerise | Experience Banking Beyond Transactions,,TUN,65,17490,2026-09-13T09:52:09.742832008Z,"['Amazon', 'Amazon CloudFront', 'Amazon Route 53', 'Apache', 'CloudFront', 'Content Delivery Network', 'Fireblade', 'GZIP Module', 'Google Cloud DNS', 'Google Font API', 'Ubuntu', 'WordPress', 'jQuery']"
avantaagencyroutegearx.com,Avanta,,USA,67,3060,2026-09-13T09:52:09.724015771Z,"['Amazon', 'Amazon CloudFront', 'Animate It', 'Better Lead Generation Services', 'Calendly', 'CloudFront', 'Cloudflare', 'Content Delivery Network', 'GZIP Module', 'IcoMoon', 'QUIC', 'Tailwind CSS', 'UTF-8', 'WF Cookie Consent', 'YouTube']"
southamericafishingadventures.com,Costa Rica & Nicaragua Fishing Charters | Magical Mayhem,Magical Mayhem Fishing Advent ,NIC,77,35322,2026-09-13T09:52:09.71897664Z,"['AWS WAF Challenge', 'Amazon', 'Amazon API Gateway', 'Amazon CloudFront', 'Amazon Route 53', 'Apture Linking Platform', 'CloudFront', 'Content Delivery Network', 'DoubleClick Bid Manager', 'Fastly', 'GZIP Module', 'Google Cloud DNS', 'Google Font API', 'Google Maps', 'Heap', 'Hubspot', 'Line2', 'Microdata for Google Shopping', 'Next.js', 'PHP', 'Perl', 'Pleroma', 'QUIC', 'Stripe', 'UTF-8', 'Vimeo', 'YouTube']"
row14.ca,Welcome to Row Fourteen at Klippers,,CAN,77,49068,2026-09-13T09:52:09.717924776Z,"['AWS WAF Challenge', 'Alternate Protocol', 'Amazon CloudFront', 'CloudFront', 'DAV', 'Duda', 'Facebook Conversion Tracking', 'Facebook Login', 'Facebook Messenger Platform', 'Facebook Pixel', 'Facebook Reseller', 'Facebook Tag API', 'GZIP Module', 'Google Analytics', 'Google My Business', 'Google Tag Manager', 'Instagram Follow Button', 'Nginx', 'Tailwind CSS', 'The Fresh', 'Tock', 'UTF-8', 'YouTube']"
runto.us,Runto | Home Services Experts At Your Fingertips,,,67,51724,2026-09-13T09:43:40.32241022Z,"['Alternate Protocol', 'Amazon CloudFront', 'CloudFront', 'DAV', 'Duda', 'FormSubmit', 'GZIP Module', 'Google Tag Manager', 'Instagram Follow Button', 'Nginx', 'QUIC', 'SMC', 'Tailwind CSS', 'Thank You', 'UTF-8', 'WooRank']"
anselmhouse.org,Home,,USA,65,13916,2026-09-13T09:43:40.296701958Z,"['AJAX Libraries API', 'Adobe Creative Cloud WebFonts', 'Amazon', 'Amazon CloudFront', 'Animate It', 'CloudFront', 'Cloudflare', 'Content Delivery Network', 'GZIP Module', 'Google', 'Google Cloud DNS', 'Google Font API', 'Google Tag Manager', 'Instagram Follow Button', 'Prospective', 'Tailwind CSS', 'Twitter Ads', 'UTF-8', 'University or College', 'Vimeo', 'WF Cookie Consent', 'Webflow', 'YouTube', 'eLand', 'reCAPTCHA']"
haganbinderdesign.com,Hagan Binder Landscape Architects,,USA,65,20806,2026-09-13T09:43:40.296073142Z,"['Alternate Protocol', 'Amazon', 'Amazon CloudFront', 'CloudFront', 'Coming Soon Page', 'ETranslate', 'Ecwid Ecommerce Shopping Cart', 'Fireblade', 'GZIP Module', 'Google Analytics', 'Google Cloud DNS', 'Google Maps', 'Google My Business', 'Google Tag Manager', 'Instagram Follow Button', 'MailChimp', 'Nginx', 'PWA', 'Parcel', 'QUIC', 'Square', 'UTF-8', 'University or College', 'Unsplash', 'YouTube', 'eLand']"
maidstone-cctv.co.uk,Maidstone CCTV,,,62,18480,2026-09-13T09:43:40.292840652Z,"['Amazon CloudFront', 'CloudFront', 'Duda', 'Fireblade', 'GZIP Module', 'Google My Business', 'Google Related Website Sites', 'Line2', 'Microdata for Google Shopping', 'NFOrce Internet', 'Nginx', 'QUIC', 'Tailwind CSS', 'UTF-8', 'Yell Business', 'YouTube']"
auroraflowershoptx.com,"Flower Delivery Pharr, TX | Est. 2018 | Aurora Flowers + More",,PHL,77,42010,2026-09-13T09:43:40.285190467Z,"['AJAX Libraries API', 'Amazon', 'Amazon CloudFront', 'Amazon Route 53', 'Apache', 'Apture Linking Platform', 'AutoComplete', 'CloudFront', 'Cloudinary', 'Content Delivery Network', 'Daily Deals', 'Fastly', 'GZIP Module', 'Google', 'Google Cloud CDN', 'Google Cloud DNS', 'Google Font API', 'Google Maps', 'Google My Business', 'Google Related Website Sites', 'Instagram Follow Button', 'Microdata for Google Shopping', 'Neighborhoods', 'Thank You', 'The Fresh', 'UTF-8', 'jQuery']"
royalrenovationconstruction.com,ROYAL RENOVATION&CONSTRUCTION,,,67,27600,2026-09-13T09:43:40.282437628Z,"['AWS WAF Challenge', 'Amazon CloudFront', 'Aruba', 'Baidu Cloud', 'CDN JS', 'CloudFront', 'Cloudflare', 'Cloudflare CDN', 'GZIP Module', 'Google Analytics', 'Google Maps', 'Google My Business', 'Microdata for Google Shopping', 'Onyx Internet', 'OpenResty', 'Perl', 'QUIC', 'Twitter Ads', 'UTF-8', 'eLand', 'jQuery']"
kurchiseatingsystem.com,"Kurchi Office Seating System,Bangalore, India - Company Profile",,IND,72,18360,2026-09-13T09:32:46.930363117Z,"['AWS WAF Challenge', 'Amazon CloudFront', 'Apture Linking Platform', 'Bulma', 'ETranslate', 'Express', 'GTranslate', 'GZIP Module', 'Google My Business', 'Google Workspace', 'Nginx', 'PHP', 'Perl', 'Tailwind CSS', 'Thank You', 'UTF-8', 'Ubuntu', 'Unix', 'WhatsApp Sharing', 'arsys.es', 'eLand', 'jsDelivr']"
madiquetechnologies.com,"Madique Technologies,Salem, India - Company Profile",,,62,18060,2026-09-13T09:32:46.929497774Z,"['AWS WAF Challenge', 'Amazon CloudFront', 'Apture Linking Platform', 'Bulma', 'ETranslate', 'GTranslate', 'GZIP Module', 'Google My Business', 'Google Workspace', 'Nginx', 'PHP', 'Perl', 'QUIC', 'Tailwind CSS', 'Thank You', 'UTF-8', 'Ubuntu', 'Unix', 'WhatsApp Sharing', 'eLand', 'jsDelivr']"
trcgolfclassic.com,"30th Annual TRC Golf Classic Registration — Filling The Gap, Inc.",,USA,65,9998,2026-09-13T09:32:46.92674173Z,"['3 Products', '501c3 Status Nonprofit', 'Amazon', 'Amazon CloudFront', 'CloudFront', 'Coming Soon Page', 'DC74', 'Express', 'Font Awesome', 'GZIP Module', 'Google Analytics', 'Google Cloud DNS', 'Google Font API', 'Google Maps', 'Google My Business', 'Google Tag Manager', 'Instagram Follow Button', 'Line2', 'LiveSession', 'PayPal Adaptive Payments', 'Stripe', 'Tailwind CSS', 'Twitter Ads', 'UTF-8', 'YouTube', 'reCAPTCHA']"
tribenetworks.ai,Tribe Networks,,FIN,77,63974,2026-09-13T09:32:46.916608331Z,"['AWS WAF Challenge', 'Amazon CloudFront', 'Aruba', 'Baidu Cloud', 'CDN JS', 'CloudFront', 'Cloudflare', 'Cloudflare CDN', 'Fireblade', 'Flat Icon', 'GZIP Module', 'Google Analytics', 'Google Tag Manager', 'Instagram Follow Button', 'Microdata for Google Shopping', 'Onyx Internet', 'OpenResty', 'Perl', 'UTF-8', 'University or College', 'Unsplash', 'YouTube', 'eLand', 'jQuery', 'mlcom', 'reCAPTCHA']"
happyproductions.live,Home,,CAN,65,3598,2026-09-13T09:32:46.909004854Z,"['Alternate Protocol', 'Amazon CloudFront', 'Amazon WAF Blocked', 'CloudFront', 'Crisp', 'Duda', 'Eventbrite', 'GZIP Module', 'Google Analytics', 'Google Tag Manager', 'Instagram Follow Button', 'Metricool', 'Nginx', 'PWA', 'PayPal Adaptive Payments', 'QUIC', 'Tailwind CSS', 'UTF-8', 'UserWay']"
solontime.com,Solontime,,,72,2450,2026-09-13T09:32:46.891393045Z,"['Amazon', 'Amazon CloudFront', 'Amazon Route 53', 'CloudFront', 'Content Delivery Network', 'DAV', 'Instagram Follow Button', 'Next.js', 'Pleroma', 'shadcn ui']"
midrange.site,Blackbeard's Treasure escape room in London Oxford Street | Escape Hunt,,,67,31619,2026-09-13T09:22:26.150973607Z,"['AWS WAF Challenge', 'Alternate Protocol', 'Amazon CloudFront', 'Bookeo', 'Cisco/Arrowpoint Content Service Switch', 'CloudFront', 'Cloudflare', 'Cloudflare CDN', 'Cloudflare Web Analytics', 'Contact Form Plugin', 'Cybot', 'DAV', 'DuracellTomi Google Tag Manager for WordPress', 'EmbedPress', 'Google Analytics', 'Google Cloud DNS', 'Google Font API', 'Google Tag Manager', 'HubSpot Conversations', 'Hubspot', 'Line2', 'Microdata for Google Shopping', 'PHP', 'Perl', 'QUIC', 'Theme In WP', 'UTF-8', 'Vercel', 'Woo Themes', 'WooCommerce', 'WooCommerce Checkout', 'WordPress', 'WordPress Multisite', 'YouTube', 'eLand', 'jQuery']"
gittsstv.com,"LOVEMusicStore • Connecting Fans, Artist & Art",,,52,291,2026-09-13T09:20:59.493863715Z,"['AJAX Libraries API', 'Amazon', 'Amazon CloudFront', 'Apache', 'CloudFront', 'Coming Soon Page', 'GZIP Module', 'Google', 'Google Cloud DNS', 'Google Font API', 'Tailwind CSS', 'Ubuntu', 'WF Cookie Consent', 'Webflow']"
brightberrymarketing.com,Brightberry Marketing,,,60,7788,2026-09-13T09:20:59.479832869Z,"['Amazon CloudFront', 'Better Lead Generation Services', 'CloudFront', 'Duda', 'Facebook Conversion Tracking', 'Facebook Login', 'Facebook Messenger Platform', 'Facebook Pixel', 'Facebook Reseller', 'Facebook Tag API', 'Fireblade', 'FormSubmit', 'GZIP Module', 'Instagram Follow Button', 'Microdata for Google Shopping', 'Nginx', 'Perl', 'Styled Components', 'Tailwind CSS', 'Thank You', 'Twitter Ads', 'UTF-8', 'YouTube']"
freemenlondon.org,The Honourable Company of Freemen of the City of London of North America - About Us,,GBR,70,76140,2026-09-13T09:11:24.716853094Z,"['Amazon', 'Amazon CloudFront', 'Amazon Route 53', 'CloudFront', 'Cloudflare', 'Cloudflare CDN', 'Corporate Governance and Regulatory Compliance', 'DoubleClick Bid Manager', 'Ecwid Ecommerce Shopping Cart', 'Font Awesome', 'Forethought', 'GZIP Module', 'GetResponse', 'Google', 'Google Analytics', 'Google Cloud DNS', 'Google Maps', 'Google My Business', 'Google Tag Manager', 'Instagram Follow Button', 'Storyblocks', 'Twitter Ads', 'UTF-8', 'University or College', 'UserVoice', 'Wild Apricot', 'YouTube', 'Zendesk Embeddables', 'elevio', 'reCAPTCHA']"
saintcruce.com,"CRUCIFIX - Official Site | Music, Merch, Tours & VIP – Saint Cruce",,USA,87,18271,2026-09-13T09:11:24.699910729Z,"['Amazon CloudFront', 'Apture Linking Platform', 'Baidu Cloud', 'Cisco/Arrowpoint Content Service Switch', 'CloudFront', 'Cloudflare', 'Cloudflare CDN', 'Cowlendar', 'DAV', 'Express', 'Fastly', 'Font Awesome', 'Google Related Website Sites', 'IcoMoon', 'Instagram Follow Button', 'Linktree', 'Metricool', 'Microdata for Google Shopping', 'Omnisend', 'POWr', 'QUIC', 'Schema Plugin', 'Shopify', 'Shopify Collabs', 'Shopify Payments', 'SiteW', 'Svelte', 'Tailwind CSS', 'To Top', 'UTF-8', 'Yandex Hosting', 'YouTube', 'hCaptcha', 'reCAPTCHA']"
emmacowell.com,Emma Cowell Author,,SYC,72,15540,2026-09-13T09:11:24.688014105Z,"['AWS WAF Challenge', 'Alternate Protocol', 'Amazon CloudFront', 'Apture Linking Platform', 'CloudFront', 'Duda', 'Facebook Like', 'GZIP Module', 'Instagram Follow Button', 'Linktree', 'Nginx', 'Tailwind CSS', 'Twitter Ads', 'UTF-8']"
eimear.ie,Eimear Events,,,62,4800,2026-09-13T09:11:24.686694698Z,"['Amazon', 'Amazon CloudFront', 'CloudFront', 'Content Delivery Network', 'Fastly', 'GZIP Module', 'Google Analytics', 'Google Tag Manager', 'OpenResty', 'UTF-8', 'eLand']"
sebinar.com,Sebinar Silver Logam Mulia,,IDN,77,2940,2026-09-13T09:11:24.647643764Z,"['Amazon', 'Amazon CloudFront', 'CloudFront', 'Facebook Conversion Tracking', 'Facebook Login', 'Facebook Messenger Platform', 'Facebook Pixel', 'Facebook Reseller', 'Facebook Tag API', 'Google My Business', 'Google Play', 'IcoMoon', 'Instagram Follow Button', 'Linktree', 'Nginx', 'PHP', 'QUIC', 'Tailwind CSS', 'UTF-8', 'WhatsApp Sharing', 'jQuery']"
irrigonmarinaparkrec.org,Homepage Irrigon Park & Recreation District,,,45,22303,2026-09-13T09:00:17.102702559Z,"['Algolia', 'Amazon CloudFront', 'Amazon WAF Blocked', 'Apture Linking Platform', 'CivicPlus', 'CloudFront', 'Corporate Governance and Regulatory Compliance', 'GZIP Module', 'GetResponse', 'GitHub Hosting', 'Google', 'Google Cloud DNS', 'Google Font API', 'Google My Business', 'IcoMoon', 'Imgix', 'New Relic', 'Nginx', 'PHP', 'Pendo', 'QUIC', 'Stripe', 'UTF-8', 'hCaptcha', 'reCAPTCHA']"
lindagaskell.co.uk,HOME,,GBR,55,288,2026-09-13T09:00:17.098948532Z,"['Amazon CloudFront', 'CloudFront', 'Duda', 'FormSubmit', 'GZIP Module', 'Nginx', 'Thank You', 'UTF-8']"
balancedaestheticsstl.com,Balanced Aesthetics,,USA,77,98032,2026-09-13T09:00:17.09633321Z,"['Adult Content', 'Alternate Protocol', 'Amazon CloudFront', 'CloudFront', 'DAV', 'Duda', 'FormSubmit', 'GZIP Module', 'IcoMoon', 'Instagram Follow Button', 'K2F', 'KVH', 'Microdata for Google Shopping', 'Nginx', 'SMC', 'Silicon Valley Web Hosting', 'Subversion', 'Tailwind CSS', 'Thank You', 'UTF-8']"
mummaslife.co.in,Buy MUMMAS LIFE products online at best prices on https://mummaslife.co.in,,IND,72,2680,2026-09-13T09:00:17.092848717Z,"['AJAX Libraries API', 'Amazon', 'Amazon CloudFront', 'Apture Linking Platform', 'CloudFront', 'Express', 'Facebook Reseller', 'GZIP Module', 'Google Analytics', 'Google Cloud DNS', 'Google Tag Manager', 'Microsoft Clarity', 'Nginx', 'QUIC', 'Sentry', 'UTF-8', 'Zope']"
fullarmorlandscapes.com,"Full Armor Landscapes: Landscaping, Hardscape & Softscape",,USA,82,35920,2026-09-13T09:00:17.073537531Z,"['501c3 Status Nonprofit', 'AWS WAF Challenge', 'Amazon CloudFront', 'Amazon S3 CDN', 'Astro', 'Better Lead Generation Services', 'CloudFront', 'DAV', 'Express', 'Financial Services Guide', 'Fireblade', 'GitHub Hosting', 'Google', 'Google Analytics', 'Google Cloud DNS', 'Google Font API', 'Google Maps', 'Google My Business', 'Google Tag Manager', 'Microdata for Google Shopping', 'Pico CSS', 'QUIC', 'ReviewWidget', 'Segment', 'Segment Consent Manager', 'Site.pro', 'Storyblocks', 'UTF-8', 'reCAPTCHA']"
consumerreviewweb.com,ConsumerReviewWeb - Home,,,50,3,2026-09-13T09:00:17.06967597Z,"['Amazon CloudFront', 'CloudFront', 'GZIP Module', 'Google Cloud DNS', 'Google Font API', 'Nginx', 'QUIC']"
bacbministry.org,Born Again Christian Believer Ministry,,,62,15468,2026-09-13T09:00:17.057568942Z,"['Amazon CloudFront', 'CloudFront', 'Duda', 'Fireblade', 'GZIP Module', 'Nginx', 'Tailwind CSS', 'Twitter Ads', 'UTF-8', 'YouTube']"
gracefulsmiles.dentist,"Top Family Dentist Near Springfield, 22150",,,82,1873,2026-09-13T09:00:17.055584571Z,"['Amazon CloudFront', 'CloudFront', 'DAV', 'Duda', 'Font Awesome', 'FormSubmit', 'GZIP Module', 'Google Analytics', 'Google My Business', 'Google Related Website Sites', 'Google Tag Manager', 'Instagram Follow Button', 'Microdata for Google Shopping', 'Nginx', 'PWA', 'QUIC', 'Tailwind CSS', 'Thank You', 'UTF-8', 'UserWay', 'Yelp Badge', 'YouTube']"
stonelab.se,"Natural Stone, Marble & Quartzite | StoneLab",StoneLab,SWE,67,5969,2026-09-13T09:00:17.054420176Z,"['AJAX Libraries API', 'Alternate Protocol', 'Amazon', 'Amazon CloudFront', 'CDN JS', 'CloudFront', 'Cloudflare', 'Cloudflare CDN', 'Content Delivery Network', 'Cybot', 'GZIP Module', 'Google', 'Google Analytics', 'Google Cloud DNS', 'Google Font API', 'Google Tag Manager', 'IcoMoon', 'Instagram Follow Button', 'Microdata for Google Shopping', 'Tailwind CSS', 'UTF-8', 'WF Cookie Consent', 'Webflow', 'jsDelivr']"
caldwellnaz.org,HOME,,,60,288,2026-09-13T09:00:17.052255703Z,"['Amazon CloudFront', 'CloudFront', 'Duda', 'FormSubmit', 'GZIP Module', 'Google Forms', 'Google My Business', 'Microdata for Google Shopping', 'Nginx', 'QUIC', 'Tailwind CSS', 'Thank You', 'Twitter Ads', 'UTF-8', 'YouTube']"
rshein-arc.co.il,שיינפלד אדריכלים,,,60,288,2026-09-13T09:00:17.05265778Z,"['Alternate Protocol', 'Amazon CloudFront', 'CloudFront', 'Duda', 'FormSubmit', 'GZIP Module', 'Instagram Follow Button', 'Nginx', 'Tailwind CSS', 'Thank You', 'Twitter Ads', 'UTF-8']"
lagencesignature.immo,Home,,FRA,62,7732,2026-09-13T09:00:17.046889866Z,"['Alternate Protocol', 'Amazon', 'Amazon CloudFront', 'Apimo', 'CloudFront', 'GZIP Module', 'Google', 'Google Analytics', 'Google Cloud DNS', 'Google Font API', 'Google My Business', 'Google Related Website Sites', 'Google Tag Manager', 'Instagram Follow Button', 'Nginx', 'UTF-8', 'jQuery', 'reCAPTCHA']"
pipeline.net.nz,Hydronic Heating Systems | Pipeline | Wellington,Pipeline,NZL,67,1188,2026-09-13T08:45:28.984096663Z,"['Amazon CloudFront', 'CloudFront', 'Duda', 'GZIP Module', 'Google Related Website Sites', 'Microdata for Google Shopping', 'Nginx', 'Tailwind CSS', 'UTF-8']"
heart-academy.earth,"Bist Du glücklich, jetzt und hier? Erkenne: Alle Heilung geschieht in Dir",,,62,75089,2026-09-13T08:45:28.976056705Z,"['Agoda', 'Amazon', 'Amazon CloudFront', 'Amazon Route 53', 'Amazon S3 CDN', 'CloudFront', 'Content Delivery Network', 'DAV', 'Financial Services Guide', 'GZIP Module', 'Google Cloud DNS', 'Google Font API', 'Idaq', 'KVH', 'SMC', 'Subversion', 'Tailwind CSS', 'W3 Total Cache', 'shadcn ui']"
elmambohotel.com,Boutique Hotel | El Mambo Boutique Hotel | DR,,DOM,77,54676,2026-09-13T08:45:28.971457708Z,"['Alternate Protocol', 'Amazon CloudFront', 'Apture Linking Platform', 'CloudFront', 'DAV', 'Duda', 'GZIP Module', 'GitHub Hosting', 'Google Analytics', 'Google My Business', 'Google Related Website Sites', 'Google Tag Manager', 'IcoMoon', 'Instagram Follow Button', 'Microdata for Google Shopping', 'Nginx', 'Perl', 'SMC', 'StackPath', 'Styled Components', 'Tailwind CSS', 'Termly', 'Triggered Messaging', 'UTF-8']"
emfingercustombuilders.com,"Emfinger Custom Builders | Pine Mountain, GA Homes",,USA,92,8020,2026-09-13T08:45:28.967319127Z,"['501c3 Status Nonprofit', 'Amazon CloudFront', 'Amazon S3 CDN', 'Astro', 'Better Lead Generation Services', 'CloudFront', 'Content Delivery Network', 'DAV', 'Express', 'Fastly', 'Financial Services Guide', 'GZIP Module', 'GitHub Hosting', 'Google', 'Google Analytics', 'Google Cloud DNS', 'Google Font API', 'Google Maps', 'Google My Business', 'Google Tag Manager', 'Microdata for Google Shopping', 'Pico CSS', 'QUIC', 'Segment', 'Segment Consent Manager', 'Site.pro', 'Storyblocks', 'UTF-8', 'reCAPTCHA']"
weserbirealestate.com,"Weserbe Real Estate | Find Your Dream Home in Sheger, Addis Ababa",,PHL,77,55557,2026-09-13T08:45:28.966754085Z,"['AJAX Libraries API', 'Amazon', 'Amazon CloudFront', 'CloudFront', 'Endis', 'Flow', 'Formspree', 'Google', 'Google Cloud CDN', 'Google Cloud DNS', 'Google Font API', 'IcoMoon', 'Instagram Follow Button', 'LiteSpeed', 'QUIC', 'Tailwind CSS', 'Vector Internet Services', 'WF Cookie Consent', 'YouTube']"
oneclickswitch.com.au,One Click Switch | Compare Energy Plans Using Your Real Usage Data,,SYC,77,35380,2026-09-13T08:45:28.962890406Z,"['AJAX Libraries API', 'Amazon', 'Amazon CloudFront', 'Animate It', 'CloudFront', 'Cloudflare', 'Cloudflare CDN', 'Facebook Login', 'Facebook Messenger Platform', 'Facebook Pixel', 'Facebook Reseller', 'Flow', 'Google', 'Google Analytics', 'Google Cloud DNS', 'Google Font API', 'Google Tag Manager', 'Instagram Follow Button', 'Microdata for Google Shopping', 'Microsoft Clarity', 'QUIC', 'Tailwind CSS', 'UTF-8', 'Vimeo', 'Vimeo CDN', 'WF Cookie Consent', 'eLand', 'jsDelivr', 'realestate.com.au']"
envisiongeo.ca,EnvisionGeo,,CAN,62,1188,2026-09-13T08:45:28.953640395Z,"['Alternate Protocol', 'Amazon CloudFront', 'CloudFront', 'Duda', 'GZIP Module', 'Google Related Website Sites', 'Nginx', 'Tailwind CSS', 'Twitter Ads', 'UTF-8']"
uvision-designs.com,Home,,,55,228,2026-09-13T08:45:28.951790319Z,"['Amazon CloudFront', 'CloudFront', 'Coming Soon Page', 'Duda', 'GZIP Module', 'Microdata for Google Shopping', 'Nginx', 'Tailwind CSS', 'Twitter Ads', 'UTF-8']"
rpmschool.org,Rogers Park Montessori School | a Chicago Montessori School,,USA,67,76300,2026-09-13T08:34:08.769957478Z,"['Akamai Global Host', 'Amazon', 'Amazon CloudFront', 'Amazon Route 53', 'Calendly', 'CloudFront', 'Cloudflare', 'Cloudflare CDN', 'Corporate Governance and Regulatory Compliance', 'DoubleClick Bid Manager', 'Ecwid Ecommerce Shopping Cart', 'Facebook Conversion Tracking', 'Facebook Login', 'Facebook Messenger Platform', 'Facebook Pixel', 'Facebook Reseller', 'Facebook Tag API', 'Font Awesome', 'Forethought', 'GZIP Module', 'Google', 'Google Analytics', 'Google Calendar', 'Google Cloud DNS', 'Google Maps', 'Google My Business', 'Google Tag Manager', 'Instagram Follow Button', 'OSS CDN', 'Oddle', 'POWr', 'Storyblocks', 'Subversion', 'Twitter Ads', 'UTF-8', 'University or College', 'UserVoice', 'Wild Apricot', 'Wistia', 'YouTube', 'Zendesk Embeddables', 'elevio']"
dunkinsurance.com.au,Dunk Insurance | Your Local Insurance Specialist,,AUS,77,21188,2026-09-13T08:34:08.756284503Z,"['Alternate Protocol', 'Amazon CloudFront', 'Better Lead Generation Services', 'CloudFront', 'DAV', 'Duda', 'Facebook Conversion Tracking', 'Facebook Login', 'Facebook Messenger Platform', 'Facebook Pixel', 'Facebook Reseller', 'Facebook Tag API', 'Fast', 'Financial Services Guide', 'Fireblade', 'GZIP Module', 'Google Analytics', 'Google Related Website Sites', 'Google Tag Manager', 'Microdata for Google Shopping', 'Nginx', 'QUIC', 'Tailwind CSS', 'UTF-8', 'Vector Internet Services']"
bethanymauston.com,Bethany Lutheran Church,,USA,55,123,2026-09-13T08:34:08.753762025Z,"['Amazon', 'Amazon CloudFront', 'CDN JS', 'CloudFront', 'Cloudflare', 'Cloudflare CDN', 'Google', 'Google Cloud CDN', 'Google Cloud DNS', 'Google Font API', 'Mastodon', 'OpenResty', 'Ruby on Rails', 'Tailwind CSS', 'UTF-8']"
audiovisualmanagementfl.com,"HOME | Audio Visual Management | Orlando, FL",,USA,82,1284,2026-09-13T08:34:08.745577934Z,"['Alternate Protocol', 'Amazon CloudFront', 'CloudFront', 'Duda', 'FormSubmit', 'GZIP Module', 'Google Related Website Sites', 'Google Tag Manager', 'Instagram Follow Button', 'Microdata for Google Shopping', 'Nginx', 'Tailwind CSS', 'Thank You', 'UTF-8']"
clearbookkeeping.co.uk,Clear Bookkeeping Ltd | Business Bookkeeper,,,72,1048,2026-09-13T08:34:08.739562207Z,"['Adobe Creative Cloud WebFonts', 'Amazon CloudFront', 'Calendly', 'CloudFront', 'FormSubmit', 'GZIP Module', 'Google Analytics', 'Google My Business', 'Google Tag Manager', 'Gravity', 'Instagram Follow Button', 'Nginx', 'Rocketspark', 'Tailwind CSS', 'UTF-8', 'jsDelivr']"
europrofilpisa.it,"serramenti | Calcinaia, PI | Euro Profil",,ITA,67,7453,2026-09-13T08:34:08.739172611Z,"['Amazon', 'Amazon CloudFront', 'Azion', 'CloudFront', 'Cybot', 'Duda', 'GZIP Module', 'Google Tag Manager', 'Italiaonline', 'Nginx', 'PagineGialle', 'UTF-8']"
ravelbeauty.com,Ravelbeauty,Ravelbeauty,,65,15074,2026-09-13T08:34:08.739483468Z,"['Amazon', 'Amazon CloudFront', 'Apture Linking Platform', 'Baidu Cloud', 'CloudFront', 'Cloudflare', 'Cloudflare CDN', 'Express', 'Google', 'Google Analytics', 'Google Cloud CDN', 'Google Cloud DNS', 'Google Cloud Storage', 'Google Tag Manager', 'IcoMoon', 'Microdata for Google Shopping', 'No-Q', 'QUIC', 'ReviewWidget', 'Shopify', 'Shopify Collabs', 'UTF-8', 'Yandex Hosting', 'hCaptcha', 'reCAPTCHA']"
goldenaurahealingcenter.com,"Spiritual energy healer specializing in Reiki | Buford, GA | Golden Aura Healing",,USA,82,10920,2026-09-13T08:34:08.731966862Z,"['501c3 Status Nonprofit', 'Alternate Protocol', 'Amazon CloudFront', 'Amazon S3 CDN', 'Astro', 'CloudFront', 'Express', 'Financial Services Guide', 'GitHub Hosting', 'GoGrid', 'Google', 'Google Analytics', 'Google Cloud DNS', 'Google Font API', 'Google Maps', 'Google My Business', 'Google Tag Manager', 'Microdata for Google Shopping', 'Pico CSS', 'QUIC', 'ReviewWidget', 'Segment', 'Segment Consent Manager', 'Site.pro', 'Storyblocks', 'UTF-8', 'reCAPTCHA']"
geraldaschwartz.com,"Alexandria, Virginia Personal Injury Lawyer | Fredericksburg Car Accident Attorney | Law Offices of Gerald A. Schwartz",,USA,77,6810,2026-09-13T08:34:08.728509347Z,"['Amazon', 'Amazon CloudFront', 'Amazon Route 53', 'Apache', 'CloudFront', 'Content Delivery Network', 'ElementUI', 'GZIP Module', 'Google', 'Google Analytics', 'Google Cloud DNS', 'Google Font API', 'Google Related Website Sites', 'Google Tag Manager', 'Microdata for Google Shopping', 'Perl', 'Thank You', 'Twitter Ads', 'Ubuntu', 'reCAPTCHA']"
christinawhitelegal.com,Divorce & Family Law Attorney in Kane County | Christina White Legal LLC,,USA,87,37038,2026-09-13T08:34:08.727586787Z,"['AWS WAF Challenge', 'Amazon', 'Amazon CloudFront', 'Amazon Route 53', 'Apache', 'CloudFront', 'Content Delivery Network', 'ElementUI', 'Fireblade', 'GZIP Module', 'Google', 'Google Analytics', 'Google Cloud DNS', 'Google Font API', 'Google Related Website Sites', 'Google Tag Manager', 'Microdata for Google Shopping', 'Plausible Analytics', 'QUIC', 'Ubuntu', 'reCAPTCHA']"
indianaconsumerlawgroup.com,Indiana Consumer Lawyer | Indianapolis Lemon Law Attorney | Robert E. Duff,,USA,82,37302,2026-09-13T08:34:08.726866033Z,"['AWS WAF Challenge', 'Amazon', 'Amazon CloudFront', 'Amazon Route 53', 'Apache', 'Calendly', 'CloudFront', 'Content Delivery Network', 'ElementUI', 'Express', 'Fireblade', 'GZIP Module', 'Google', 'Google Analytics', 'Google Cloud DNS', 'Google Font API', 'Google Related Website Sites', 'Google Tag Manager', 'Microdata for Google Shopping', 'NFOrce Internet', 'Perl', 'Thank You', 'Ubuntu']"
cardinalmontessori.com,Cardinal Montessori School | Home,,USA,77,,2026-09-13T08:24:25.374897664Z,"['Alternate Protocol', 'Amazon CloudFront', 'CloudFront', 'GZIP Module', 'Google Analytics', 'Google Tag Manager', 'Instagram Follow Button', 'Microdata for Google Shopping', 'PWA', 'Svelte', 'UTF-8', 'University or College']"
scattervolt.com,ScatterVolt,,,62,2450,2026-09-13T08:24:25.366975128Z,"['Amazon', 'Amazon CloudFront', 'Amazon Route 53', 'CloudFront', 'Content Delivery Network', 'Instagram Follow Button', 'Next.js', 'Pleroma', 'Tailwind CSS', 'UTF-8', 'YouTube', 'shadcn ui']"
dowconstructionia.com,"Construction & Remodeling Company in Clarinda, IA | Dow Construction",,USA,82,5920,2026-09-13T08:24:25.366597299Z,"['501c3 Status Nonprofit', 'Amazon CloudFront', 'Amazon S3 CDN', 'Astro', 'Better Lead Generation Services', 'CloudFront', 'Financial Services Guide', 'GitHub Hosting', 'Google', 'Google Analytics', 'Google Cloud DNS', 'Google Font API', 'Google My Business', 'Google Tag Manager', 'Microdata for Google Shopping', 'Perl', 'Pico CSS', 'QUIC', 'ReviewWidget', 'Segment', 'Segment Consent Manager', 'Site.pro', 'Storyblocks', 'UTF-8', 'reCAPTCHA']"
tywlsbronx.org,The Young Women's Leadership School | Home,,,67,200,2026-09-13T08:24:25.350567227Z,"['Alternate Protocol', 'Amazon CloudFront', 'CloudFront', 'GTranslate', 'GZIP Module', 'Google Analytics', 'Google Forms', 'Google My Business', 'Google Tag Manager', 'Instagram Follow Button', 'Microdata for Google Shopping', 'PWA', 'QUIC', 'Schema Plugin', 'Svelte', 'UTF-8', 'University or College', 'YouTube']"
notredamevacaville.org,Notre Dame School | Home,,USA,82,15360,2026-09-13T08:24:25.348594229Z,"['Adobe Creative Cloud WebFonts', 'Alternate Protocol', 'Amazon CloudFront', 'CloudFront', 'Express', 'FACTS Management', 'GZIP Module', 'Google Analytics', 'Google My Business', 'Google Tag Manager', 'Microdata for Google Shopping', 'PWA', 'Svelte', 'UTF-8', 'University or College', 'YouTube']"
pacificcoastacademy.org,Pacific Coast Academy | Home,,USA,82,19560,2026-09-13T08:24:25.345034696Z,"['AWS WAF Challenge', 'Alternate Protocol', 'Amazon CloudFront', 'CloudFront', 'Corporate Governance and Regulatory Compliance', 'ETranslate', 'Elfsight', 'GTranslate', 'GZIP Module', 'Google Analytics', 'Google Forms', 'Google My Business', 'Google Tag Manager', 'Instagram Follow Button', 'Microdata for Google Shopping', 'NFOrce Internet', 'PWA', 'QUIC', 'Svelte', 'Tailwind CSS', 'UTF-8', 'University or College']"
chepenik-law.com,Miami Estate Planning Lawyer | Miami-Dade County Probate Attorney | Chepenik Trushin LLP,,USA,92,22038,2026-09-13T08:24:25.340519955Z,"['AWS WAF Challenge', 'Amazon', 'Amazon CloudFront', 'Amazon Route 53', 'Apache', 'CloudFront', 'Content Delivery Network', 'ElementUI', 'Express', 'GZIP Module', 'Google', 'Google Analytics', 'Google Cloud DNS', 'Google Font API', 'Google Related Website Sites', 'Google Tag Manager', 'Harbor', 'Microdata for Google Shopping', 'Perl', 'Plausible Analytics', 'Thank You', 'Twitter Ads', 'Ubuntu', 'reCAPTCHA']"
morgansflorist.com,Maguni Floral Boutique and Gift Shop | Poughkeepsie Florist,,ITA,92,42010,2026-09-13T08:24:25.311997594Z,"['AJAX Libraries API', 'Amazon', 'Amazon CloudFront', 'Amazon Route 53', 'Apache', 'Apture Linking Platform', 'AutoComplete', 'CloudFront', 'Cloudinary', 'Content Delivery Network', 'Daily Deals', 'Express', 'Fastly', 'GZIP Module', 'Google', 'Google Cloud CDN', 'Google Cloud DNS', 'Google Font API', 'Google Maps', 'Google My Business', 'Google Related Website Sites', 'Microdata for Google Shopping', 'Neighborhoods', 'Thank You', 'The Fresh', 'UTF-8', 'Yelp Badge', 'jQuery']"
reles.eu,Reles,,LTU,52,162,2026-09-13T08:24:25.310813382Z,"['Amazon', 'Amazon CloudFront', 'Apache', 'CloudFront', 'Font Awesome', 'GZIP Module', 'Google Cloud DNS', 'Google Font API', 'Google Related Website Sites']"
listingsdisplay.com,Isabel Cortes,Isabel Cortes,USA,87,3469,2026-09-13T08:24:25.307174229Z,"['Adobe Creative Cloud WebFonts', 'Alternate Protocol', 'Amazon CloudFront', 'Amazon WAF Blocked', 'Apture Linking Platform', 'Aruba', 'AutoComplete', 'CDN JS', 'CloudFront', 'Cloudflare', 'Cloudflare CDN', 'Coming Soon Page', 'Content ad', 'Express', 'Facebook Customer Chat SDK', 'Facebook Login', 'Facebook Messenger Platform', 'Facebook Reseller', 'Font Awesome', 'FormSubmit', 'FreeCSSTemplates', 'GZIP Module', 'GetResponse', 'Google Analytics', 'Google Cloud DNS', 'Google Font API', 'Google Maps', 'Google My Business', 'Google Tag Manager', 'Harbor', 'Instagram Follow Button', 'Line2', 'Microdata for Google Shopping', 'Neighborhoods', 'QUIC', 'SiteW', 'Squarespace', 'Tailwind CSS', 'UTF-8', 'UserWay', 'Vimeo', 'WordPress SEO Structured Data Schema Plugin', 'YouTube', 'eLand']"
purnellreunion.com,Purnell-Ingram Family Reunion - Purnell-Ingram,,USA,67,7400,2026-09-13T08:10:30.853262704Z,"['Alternate Protocol', 'Amazon', 'Amazon CloudFront', 'App Store', 'CloudFront', 'Content Delivery Network', 'GZIP Module', 'Google My Business', 'Google Play', 'Instagram Follow Button', 'Mopro', 'Tailwind CSS', 'Twitter Ads', 'UTF-8', 'YouTube']"
brothersbail.com,"Bail Bondsman | Elizabeth City, N.C. | Brothers Bail Bonding",Brothers Bail Bonding LLC,USA,77,31748,2026-09-13T08:10:30.852654267Z,"['Adult Content', 'Amazon CloudFront', 'Apture Linking Platform', 'CloudFront', 'DAV', 'Duda', 'Express', 'GZIP Module', 'Google My Business', 'KVH', 'Microdata for Google Shopping', 'Nginx', 'Smooch', 'Subversion', 'Tailwind CSS', 'Thryv', 'UTF-8']"
alwayscleancans.com,"Superior Can Washing | St. Louis, MO",,USA,82,1054,2026-09-13T08:10:30.85065863Z,"['Alternate Protocol', 'Amazon CloudFront', 'Better Lead Generation Services', 'CloudFront', 'Duda', 'Facebook Conversion Tracking', 'Facebook Login', 'Facebook Messenger Platform', 'Facebook Pixel', 'Facebook Reseller', 'Facebook Tag API', 'FormSubmit', 'GZIP Module', 'Instagram Follow Button', 'Microdata for Google Shopping', 'Nginx', 'Tailwind CSS', 'Thank You', 'Twitter Ads', 'UTF-8', 'UserWay']"
verandahomesusa.com,Hitchcock Preserve | Aiken SC New Home Community | Veranda Homes,,USA,77,167408,2026-09-13T08:10:30.848391203Z,"['AWS WAF Challenge', 'Adobe Creative Cloud WebFonts', 'Adult Content', 'Alternate Protocol', 'Amazon CloudFront', 'Amazon S3 CDN', 'Amazon WAF Blocked', 'Apture Linking Platform', 'CloudFront', 'Coming Soon Page', 'Create React App', 'DAV', 'DC74', 'Endis', 'Express', 'Federal Deposit Insurance Corporation', 'GZIP Module', 'Google Analytics', 'Google My Business', 'Google Tag Manager', 'Great Schools', 'Instagram Follow Button', 'NFOrce Internet', 'Nationwide Mortgage Licensing System and Registry', 'Neighborhoods', 'Onyx Internet', 'PWA', 'Parcel', 'Pleroma', 'QUIC', 'SMC', 'Storyblocks', 'TermsFeed', 'Thank You', 'The Fresh', 'UTF-8', 'University or College', 'Unix', 'Vignette OpenText', 'WordPress SEO Structured Data Schema Plugin', 'YouTube', 'eLand']"
azinsulationexperts.com,Arizona Insulation Experts,,,57,288,2026-09-13T08:10:30.846266672Z,"['Amazon CloudFront', 'CloudFront', 'Duda', 'FormSubmit', 'GZIP Module', 'Microdata for Google Shopping', 'Nginx', 'Tailwind CSS', 'UTF-8']"
thenewvillageschool.org,"Small Classes, Screen-Free, Rigorous Academics, Outdoor Ed",,USA,77,38093,2026-09-13T08:10:30.817425082Z,"['AWS WAF Challenge', 'Alternate Protocol', 'Amazon CloudFront', 'Cisco/Arrowpoint Content Service Switch', 'CloudFront', 'Corporate Governance and Regulatory Compliance', 'ETranslate', 'Elfsight', 'Express', 'Facebook Login', 'Facebook Messenger Platform', 'Facebook Pixel', 'Facebook Reseller', 'Fireblade', 'GTranslate', 'GZIP Module', 'Google Analytics', 'Google My Business', 'Google Tag Manager', 'Instagram Follow Button', 'MailTrack', 'Microdata for Google Shopping', 'PWA', 'Svelte', 'UTF-8', 'University or College']"
stephenfillers.com,Stephen Fillers - Software Developer,,GBR,75,2450,2026-09-13T08:10:30.815330797Z,"['Amazon', 'Amazon CloudFront', 'Amazon Route 53', 'Amazon S3 CDN', 'CloudFront', 'Content Delivery Network', 'GZIP Module', 'GitHub Hosting', 'Python', 'Tailwind CSS', 'University or College']"
tennrid.org,Tennessee Registry of Interpreters for the Deaf - TRID Home Page,,USA,70,75308,2026-09-13T08:10:30.808525442Z,"['Amazon', 'Amazon CloudFront', 'Amazon Route 53', 'CloudFront', 'Cloudflare', 'Cloudflare CDN', 'DoubleClick Bid Manager', 'Ecwid Ecommerce Shopping Cart', 'Facebook Reseller', 'Font Awesome', 'Forethought', 'GZIP Module', 'Google', 'Google Analytics', 'Google Cloud DNS', 'Google Maps', 'Google My Business', 'Google Tag Manager', 'NFOrce Internet', 'Storyblocks', 'Twitter Ads', 'UTF-8', 'UserVoice', 'Wild Apricot', 'YouTube', 'Zendesk Embeddables', 'elevio']"
saxis.co.in,S-axis Shop,,IND,60,1325,2026-09-13T08:10:30.808045709Z,"['Adult Content', 'Amazon CloudFront', 'Amazon WAF Blocked', 'Apture Linking Platform', 'Baidu Cloud', 'CloudFront', 'Cloudflare', 'Cloudflare CDN', 'Financial Services Guide', 'Google Cloud DNS', 'Google Font API', 'IcoMoon', 'Instagram Follow Button', 'Investor Relations', 'NFOrce Internet', 'No-Q', 'Perl', 'Pickrr', 'QUIC', 'Shiprocket', 'Shopify', 'Shopify Collabs', 'SiteW', 'Tailwind CSS', 'Thank You', 'UTF-8', 'Yandex Hosting', 'hCaptcha', 'reCAPTCHA', 'shadcn ui']"
stcos.com,Home | St. Catherine of Siena School,,VEN,72,20000,2026-09-13T08:10:30.802388465Z,"['Alternate Protocol', 'Amazon CloudFront', 'Cisco/Arrowpoint Content Service Switch', 'CloudFront', 'FACTS Management', 'GZIP Module', 'Google Analytics', 'Google My Business', 'Google Tag Manager', 'Instagram Follow Button', 'Microdata for Google Shopping', 'PWA', 'QUIC', 'Svelte', 'UTF-8', 'University or College']"
kalapa.vn,"KALAPA Onboarding Platform | eKYC, Fraud Detection & Compliance",,,62,2780,2026-09-13T07:58:59.620980079Z,"['Amazon', 'Amazon CloudFront', 'Amazon Route 53', 'CloudFront', 'Content Delivery Network', 'GZIP Module', 'No-Q', 'Tailwind CSS', 'UTF-8', 'shadcn ui']"
boldlywhittle.com,Boldly Whittle - Creating personalised gifts for moments big + little,Boldly Whittle,,67,12756,2026-09-13T07:58:59.609712613Z,"['Adult Content', 'Alternate Protocol', 'Amazon', 'Amazon CloudFront', 'Amazon WAF Blocked', 'Apture Linking Platform', 'Baidu Cloud', 'CloudFront', 'Cloudflare', 'Cloudflare CDN', 'Content Delivery Network', 'DAV', 'Express', 'Google Related Website Sites', 'Instagram Follow Button', 'Microdata for Google Shopping', 'NFOrce Internet', 'QUIC', 'Shopify', 'Shopify Collabs', 'Subversion', 'Tailwind CSS', 'Thank You', 'UTF-8', 'Yandex Hosting', 'hCaptcha', 'reCAPTCHA']"
garudalift.com,"Garuda Lifts,Salem, India - Company Profile",,,62,18060,2026-09-13T07:58:59.59991226Z,"['AWS WAF Challenge', 'Amazon CloudFront', 'Apture Linking Platform', 'Bulma', 'ETranslate', 'GTranslate', 'GZIP Module', 'Google My Business', 'Google Workspace', 'Nginx', 'PHP', 'Perl', 'QUIC', 'Tailwind CSS', 'Thank You', 'UTF-8', 'Ubuntu', 'Unix', 'WhatsApp Sharing', 'eLand', 'jsDelivr']"
thetravelguy.in,The travel guy - Best travel agent in Kozhikode Kerala,,IND,72,2450,2026-09-13T07:58:59.582634233Z,"['Amazon', 'Amazon CloudFront', 'Amazon Route 53', 'Amazon S3 CDN', 'Bulma', 'CloudFront', 'Content Delivery Network', 'Next.js', 'Pleroma', 'Tailwind CSS']"
judydoesyourtaxes.com,"Welcome | Judy Gilmer, EA, USTCP",,,60,8226,2026-09-13T07:58:59.570640483Z,"['Alternate Protocol', 'Amazon', 'Amazon CloudFront', 'Amazon Route 53', 'Amazon WAF Blocked', 'Apache', 'CloudFront', 'Contact Form Plugin', 'Content Delivery Network', 'ETranslate', 'EmbedPress', 'Fireblade', 'GTranslate', 'GZIP Module', 'Google', 'Google Analytics', 'Google Cloud CDN', 'Google My Business', 'Google Tag Manager', 'PHP', 'QUIC', 'Theme In WP', 'UTF-8', 'WordPress', 'WordPress Multisite', 'jQuery', 'reCAPTCHA']"
brittanymarlow.realtor,Brittany Marlow,,,62,40836,2026-09-13T07:58:59.57046032Z,"['Alternate Protocol', 'Amazon', 'Amazon CloudFront', 'Amazon S3 CDN', 'Amazon WAF Blocked', 'Apture Linking Platform', 'AutoComplete', 'CDN JS', 'CloudFront', 'Cloudflare', 'Cloudflare CDN', 'Content Delivery Network', 'DAV', 'EmbedPress', 'Express', 'Font Awesome', 'GZIP Module', 'Google Cloud DNS', 'Google Font API', 'Google Maps', 'Google My Business', 'Instagram Follow Button', 'Landis Holdings', 'Microdata for Google Shopping', 'NFOrce Internet', 'Neighborhoods', 'OpenResty', 'PHP', 'Placester', 'Prospective', 'QUIC', 'RM Education', 'Schema Plugin', 'Sitelinks Search Box', 'Storyblocks', 'Tailwind CSS', 'Thank You', 'Theme In WP', 'UTF-8', 'University or College', 'WordPress', 'WordPress Multisite', 'Yelp Badge', 'eLand', 'jQuery']"
alpineshark.com,"Static IPs for Cloud Apps, AI Agents, and Automation | QuotaGuard",QuotaGuard,USA,82,238244,2026-09-13T07:58:59.567834032Z,"['AJAX Libraries API', 'Amazon', 'Amazon CloudFront', 'Apture Linking Platform', 'CloudFront', 'Cloudflare', 'Cloudflare CDN', 'Cloudflare Web Analytics', 'Content Delivery Network', 'Google', 'Google Analytics', 'Google Cloud DNS', 'Google Font API', 'Google Related Website Sites', 'Google Tag Manager', 'Heroku', 'IcoMoon', 'Intellimize', 'Microdata for Google Shopping', 'Netlify', 'Pantheon', 'Plausible Analytics', 'Python', 'QUIC', 'Salesforce Hosted', 'Tailwind CSS', 'Twitter Ads', 'UTF-8', 'University or College', 'WF Cookie Consent', 'YouTube']"
ps335elementaryschool.org,P.S. 335 Granville T. Woods | Brooklyn Elementary School,,,77,54647,2026-09-13T07:48:14.182331522Z,"['AJAX Libraries API', 'AWS WAF Challenge', 'Alternate Protocol', 'Amazon', 'Amazon CloudFront', 'Amazon Route 53', 'App Store', 'CloudFront', 'Cloudflare', 'Content Delivery Network', 'ETranslate', 'Flow', 'Font Awesome', 'GTranslate', 'GZIP Module', 'Google', 'Google Analytics', 'Google Calendar', 'Google Cloud DNS', 'Google Cloud Storage', 'Google Font API', 'Google My Business', 'Google Play', 'Google Tag Manager', 'IcoMoon', 'Instagram Follow Button', 'Microdata for Google Shopping', 'Tailwind CSS', 'UTF-8', 'UserWay', 'WF Cookie Consent', 'YouTube', 'jQuery', 'jsDelivr']"
sahlawal.com,sahlawal.com,,USA,75,35588,2026-09-13T07:48:14.179889082Z,"['AdRoll', 'Amazon CloudFront', 'Apache', 'Cisco/Arrowpoint Content Service Switch', 'CloudFront', 'Ektron', 'GZIP Module', 'Google My Business', 'Kayako', 'Mouseflow', 'Seflow Italy', 'StackPath', 'Tailwind CSS', 'UTF-8', 'eLand']"
digiwealth.co.za,Global Investing from R500/month | Digiwealth South Africa,Digiwealth,ZAF,87,6876,2026-09-13T07:48:14.177047221Z,"['AJAX Libraries API', 'Amazon', 'Amazon CloudFront', 'CloudFront', 'Cloudflare', 'Content Delivery Network', 'Facebook Conversion Tracking', 'Facebook Login', 'Facebook Messenger Platform', 'Facebook Pixel', 'Facebook Reseller', 'Facebook Tag API', 'GZIP Module', 'Google', 'Google Cloud DNS', 'Google Font API', 'Google Related Website Sites', 'Google Tag Manager', 'Hotjar', 'Instagram Follow Button', 'Microdata for Google Shopping', 'Tailwind CSS', 'UTF-8', 'WF Cookie Consent', 'Webflow', 'YouTube']"
stfinnbarr.org,Home | St. Finn Barr Catholic School,,VEN,77,10860,2026-09-13T07:48:14.13089297Z,"['Alternate Protocol', 'Amazon CloudFront', 'CDN JS', 'Cisco/Arrowpoint Content Service Switch', 'CloudFront', 'Cloudflare', 'Cloudflare CDN', 'ETranslate', 'Elfsight', 'GTranslate', 'GZIP Module', 'Google', 'Google Analytics', 'Google Cloud DNS', 'Google Font API', 'Google My Business', 'Google Tag Manager', 'Instagram Follow Button', 'Microdata for Google Shopping', 'PWA', 'QUIC', 'SignUpGenius', 'Svelte', 'UTF-8', 'University or College']"
communityassetsre.com,Community Assets Realty,,,67,23976,2026-09-13T07:48:14.11752942Z,"['Alternate Protocol', 'Amazon', 'Amazon CloudFront', 'Apture Linking Platform', 'AutoComplete', 'CDN JS', 'Cisco/Arrowpoint Content Service Switch', 'CloudFront', 'Cloudflare', 'Cloudflare CDN', 'Content Delivery Network', 'EmbedPress', 'Express', 'Font Awesome', 'FreeCSSTemplates', 'GZIP Module', 'Google Cloud DNS', 'Google Font API', 'Microdata for Google Shopping', 'Neighborhoods', 'OpenResty', 'PHP', 'Placester', 'Prospective', 'QUIC', 'RM Education', 'Schema Plugin', 'Sitelinks Search Box', 'Subversion', 'Thank You', 'Theme In WP', 'UTF-8', 'WordPress', 'WordPress Multisite', 'jQuery']"
trulyblessedcommunion.com,Communion Attire | Truly Blessed Communion,,,82,1188,2026-09-13T07:48:14.113175702Z,"['Alternate Protocol', 'Amazon CloudFront', 'CloudFront', 'Duda', 'GZIP Module', 'Google My Business', 'Google Related Website Sites', 'Google Tag Manager', 'Instagram API', 'Instagram Follow Button', 'Microdata for Google Shopping', 'Nginx', 'Tailwind CSS', 'UTF-8', 'Yelp Badge']"
kiwtc.com,Kickin' It with the Cows,,,77,30560,2026-09-13T07:48:14.112373084Z,"['AWS WAF Challenge', 'Amazon', 'Amazon CloudFront', 'AutoComplete', 'CloudFront', 'GZIP Module', 'Google', 'Google Analytics', 'Google Cloud DNS', 'Google Font API', 'Google Related Website Sites', 'Google Tag Manager', 'Microdata for Google Shopping', 'Nginx', 'OpenAI', 'RM Education', 'UTF-8', 'jQuery']"
coneysteamteam.com,Coney's Steam & Clean | Delmarva Carpet Cleaning,,USA,77,29368,2026-09-13T07:35:22.431902809Z,"['Amazon CloudFront', 'Call to Visit', 'CloudFront', 'Duda', 'GZIP Module', 'Google Analytics', 'Google Related Website Sites', 'Google Tag Manager', 'Housecall Pro', 'M247', 'Microdata for Google Shopping', 'Nginx', 'QUIC', 'Tailwind CSS', 'UTF-8', 'Vector Internet Services', 'Yelp Badge']"
toplistingonline.com,Top Listing Online - Digital Marketing Agency,,USA,77,5564,2026-09-13T07:35:22.429509845Z,"['Amazon CloudFront', 'CloudFront', 'DC74', 'Duda', 'FormSubmit', 'GZIP Module', 'Microdata for Google Shopping', 'Nginx', 'Tailwind CSS', 'Thank You', 'UTF-8']"
taxworldmccg.com,Home | Tax Financial Services,,,60,8666,2026-09-13T07:35:22.427354648Z,"['AWS WAF Challenge', 'Alternate Protocol', 'Amazon', 'Amazon CloudFront', 'Amazon Route 53', 'Amazon S3 CDN', 'Amazon WAF Blocked', 'Apache', 'CloudFront', 'Contact Form Plugin', 'Content Delivery Network', 'ETranslate', 'EmbedPress', 'Fireblade', 'GTranslate', 'GZIP Module', 'Google', 'Google Analytics', 'Google Cloud CDN', 'Google My Business', 'Google Tag Manager', 'PHP', 'QUIC', 'Storyblocks', 'Theme In WP', 'Twitter Ads', 'UTF-8', 'WordPress', 'WordPress Multisite', 'jQuery', 'reCAPTCHA']"
sorporten.no,Sørporten – bedriftsnettverk på Sørlandet,,NOR,72,30116,2026-09-13T07:35:22.426502806Z,"['AJAX Libraries API', 'Amazon', 'Amazon CloudFront', 'CloudFront', 'Cloudflare', 'Content Delivery Network', 'Ektron', 'GZIP Module', 'Google', 'Google Cloud DNS', 'Google Font API', 'UTF-8', 'WF Cookie Consent', 'Webflow']"
greaterboston.realestate,"David Noyes, REALTOR®, Broker, CIPS",,USA,70,21676,2026-09-13T07:35:22.421442954Z,"['Alternate Protocol', 'Amazon', 'Amazon CloudFront', 'Apture Linking Platform', 'AutoComplete', 'CDN JS', 'CloudFront', 'Cloudflare', 'Cloudflare CDN', 'Content Delivery Network', 'DAV', 'ETranslate', 'EmbedPress', 'Express', 'Font Awesome', 'GTranslate', 'GZIP Module', 'Google Cloud DNS', 'Google Font API', 'Google Maps', 'Google My Business', 'Microdata for Google Shopping', 'Neighborhoods', 'OpenResty', 'PHP', 'Placester', 'Prospective', 'QUIC', 'RM Education', 'Schema Plugin', 'Sitelinks Search Box', 'Thank You', 'Theme In WP', 'UTF-8', 'WordPress', 'WordPress Multisite', 'jQuery']"
bspl.us,Bioscope+ | Your Ultimate Entertainment Hub!,Bioscope+,,52,1269,2026-09-13T07:35:22.417786495Z,"['AWS WAF Challenge', 'Amazon', 'Amazon CloudFront', 'Amazon Route 53', 'App Store', 'Apture Linking Platform', 'CloudFront', 'Cloudflare', 'Cloudflare CDN', 'Cloudflare Turnstile', 'Content Delivery Network', 'Express', 'Gambling Content', 'Google Cloud DNS', 'Google My Business', 'Google Play', 'GotiPath', 'Microdata for Google Shopping', 'Next.js', 'Nginx', 'Pleroma', 'Sitelinks Search Box', 'Tailwind CSS', 'UTF-8', 'University or College', 'YouTube']"
lorrainefunk.com,Lorraine Funk - Russ Lyon Sotheby's International Realty,,USA,77,35976,2026-09-13T07:35:22.411411272Z,"['Alternate Protocol', 'Amazon', 'Amazon CloudFront', 'Apture Linking Platform', 'AutoComplete', 'Brightcove', 'CDN JS', 'CloudFront', 'Cloudflare', 'Cloudflare CDN', 'Content Delivery Network', 'EmbedPress', 'Express', 'Font Awesome', 'GZIP Module', 'Google Cloud DNS', 'Google Font API', 'Google Maps', 'Google My Business', 'Microdata for Google Shopping', 'Neighborhoods', 'OpenResty', 'PHP', 'Placester', 'QUIC', 'RM Education', 'Schema Plugin', 'Sitelinks Search Box', 'Thank You', 'Theme In WP', 'UTF-8', 'WordPress', 'WordPress Multisite', 'jQuery']"
super-geschenk.com,https://super-geschenk.com,,,50,17563,2026-09-13T07:35:22.399532068Z,"['About Cookies', 'Alternate Protocol', 'Amazon CloudFront', 'CloudFront', 'Cloudflare', 'Cloudflare CDN', 'Cloudflare Web Analytics', 'DAV', 'Ektron', 'Fireblade', 'Google', 'Google Cloud CDN', 'Google Cloud DNS', 'Google Font API', 'Google My Business', 'LiveRamp', 'Next.js', 'Parcel', 'Pleroma', 'UTF-8', 'eLand']"
summitviewpressurewashing.com,"Home - Summit View Pressure Washing // Roof Cleaning & Moss Removal in Vancouver, WA",,CAN,70,57121,2026-09-13T07:35:22.391132936Z,"['Alternate Protocol', 'Amazon', 'Amazon CloudFront', 'Beaver Builder Lite', 'CloudFront', 'Contento', 'EmbedPress', 'Google', 'Google Analytics', 'Google Cloud DNS', 'Google Font API', 'Google My Business', 'Google Tag Manager', 'KVH', 'Microdata for Google Shopping', 'Nginx', 'Ntent', 'PHP', 'Prospective', 'QUIC', 'Schema Plugin', 'Theme In WP', 'UTF-8', 'WordPress', 'WordPress Multisite', 'jQuery']"
keyflownet.co,Custom Socks With 7 Day Turnaround | Sockrates Custom™,Sockrates,CAN,87,42160,2026-09-13T07:22:50.570456292Z,"['AJAX Libraries API', 'Alternate Protocol', 'Amazon', 'Amazon CloudFront', 'Apture Linking Platform', 'CloudFront', 'Cloudflare', 'Content Delivery Network', 'Elfsight', 'Express', 'GZIP Module', 'GetGist', 'Google', 'Google Analytics', 'Google Cloud DNS', 'Google Font API', 'Google Related Website Sites', 'Google Tag Manager', 'IcoMoon', 'Instagram Follow Button', 'Microdata for Google Shopping', 'Microsoft Clarity', 'NFOrce Internet', 'Pardot', 'QUIC', 'Tailwind CSS', 'Tidio', 'Twitter Ads', 'UTF-8', 'WF Cookie Consent', 'Webflow', 'WhatsApp Sharing', 'YouTube']"
foodhub.co.kr,Foodhub - All orders at the lowest commission/service charge,,USA,87,2450,2026-09-13T07:22:50.568500265Z,"['Amazon', 'Amazon CloudFront', 'Amazon Route 53', 'Amazon S3 CDN', 'App Store', 'CloudFront', 'Google Analytics', 'Google My Business', 'Google Play', 'Google Tag Manager', 'Instagram Follow Button', 'Microdata for Google Shopping', 'QUIC', 'Tailwind CSS', 'YouTube', 'eLand']"
winatthegameofbusiness.com,"Uplevel By Design, LLC · A Fractional, Virtual, Multi-Family Office","Uplevel By Design, LLC",,77,30100,2026-09-13T07:22:50.557267049Z,"['AJAX Libraries API', 'Amazon', 'Amazon CloudFront', 'Apture Linking Platform', 'CloudFront', 'Cloudflare', 'Content Delivery Network', 'Fireblade', 'GZIP Module', 'Google', 'Google Analytics', 'Google Cloud DNS', 'Google Font API', 'Google Tag Manager', 'HubSpot Conversations', 'Hubspot', 'Instagram Follow Button', 'Microdata for Google Shopping', 'SiteW', 'Tailwind CSS', 'UTF-8', 'University or College', 'WF Cookie Consent', 'YouTube']"
swfrush.com,South West Florida Rush,,,60,291,2026-09-13T07:22:50.553144409Z,"['AJAX Libraries API', 'Alternate Protocol', 'Amazon', 'Amazon CloudFront', 'CloudFront', 'Duda', 'GZIP Module', 'Google Cloud DNS', 'Instagram Follow Button', 'Microdata for Google Shopping', 'Nginx', 'Rush', 'Tailwind CSS', 'Twitter Ads', 'UTF-8', 'University or College', 'Vercel', 'WordPress', 'YouTube', 'jQuery']"
thegroomeryedmond.com,"Dog Grooming Services | The Groomery | Edmond, OK",The Groomery,USA,82,468,2026-09-13T07:22:50.546243111Z,"['Alternate Protocol', 'Amazon CloudFront', 'CloudFront', 'Duda', 'GZIP Module', 'Google My Business', 'Instagram Follow Button', 'Microdata for Google Shopping', 'Nginx', 'Tailwind CSS', 'UTF-8']"
wearestudios.in,Best Marketing Agency Bengaluru | Top Creative Agency | WeAre Studios,WeAre Studios,IND,82,5584,2026-09-13T07:12:59.393459125Z,"['AJAX Libraries API', 'Amazon', 'Amazon CloudFront', 'Animate It', 'CloudFront', 'Cloudflare', 'Content Delivery Network', 'ElementUI', 'GZIP Module', 'Google', 'Google Cloud DNS', 'Google Font API', 'Google Tag Manager', 'IcoMoon', 'Instagram Follow Button', 'Microdata for Google Shopping', 'Tailwind CSS', 'UTF-8', 'WF Cookie Consent', 'Webflow', 'YouTube']"
pliteqflooring.com,Rubber Flooring Supplier in the United States | Pliteq,Pliteq Flooring - USA,USA,82,4076,2026-09-13T07:12:59.3819105Z,"['Alternate Protocol', 'Amazon CloudFront', 'EmbedPress', 'GZIP Module', 'Google', 'Google Analytics', 'Google Cloud DNS', 'Google Font API', 'Google Related Website Sites', 'Google Tag Manager', 'IcoMoon', 'Instagram Follow Button', 'Microdata for Google Shopping', 'Nginx', 'PHP', 'Parallels Plesk Panel', 'QUIC', 'Sitelinks Search Box', 'Tailwind CSS', 'Theme In WP', 'UTF-8', 'W3 Total Cache', 'WordPress', 'WordPress Multisite', 'jQuery']"
genthreepartners.com,Gen Three Partners | Home,,USA,77,2440,2026-09-13T07:12:59.370937863Z,"['Amazon CloudFront', 'Apache', 'CloudFront', 'GZIP Module', 'Google', 'Google Cloud DNS', 'Google Font API', 'UTF-8', 'Ubuntu', 'jQuery', 'jsDelivr']"
plaxcochiropractic.com,Chiropratic Clinic - Moulton AL - Plaxco Chiropractic Clinic,,,47,8508,2026-09-13T07:12:59.366079255Z,"['Amazon CloudFront', 'Apture Linking Platform', 'CloudFront', 'Duda', 'GZIP Module', 'Nginx', 'Smooch', 'Tailwind CSS', 'Thryv', 'UTF-8']"
promont-byggmontering.com,Promont Byggmontering AS | Fra A til ferdig butikk,Promont Byggmontering AS,NOR,77,5170,2026-09-13T07:12:59.361486587Z,"['AJAX Libraries API', 'Amazon', 'Amazon CloudFront', 'CloudFront', 'Cloudflare', 'Content Delivery Network', 'GZIP Module', 'Google', 'Google Cloud DNS', 'Google Font API', 'Google My Business', 'Google Tag Manager', 'Microdata for Google Shopping', 'No-Q', 'Tailwind CSS', 'UTF-8', 'WF Cookie Consent']"
swaybnb.com,Scottsdale Vacation Rentals & Management - SwayVRM,,USA,77,27716,2026-09-13T07:12:59.355111926Z,"['AJAX Libraries API', 'Alternate Protocol', 'Amazon', 'Amazon CloudFront', 'Apture Linking Platform', 'CloudFront', 'Cloudflare', 'Content Delivery Network', 'Endis', 'GZIP Module', 'Google', 'Google Analytics', 'Google Cloud DNS', 'Google Font API', 'Google Tag Manager', 'Instagram Follow Button', 'Microdata for Google Shopping', 'Microsoft Clarity', 'RM Education', 'UTF-8', 'WF Cookie Consent', 'Webflow', 'Yelp Badge', 'jsDelivr']"
unlimitedmortgageresources.com,"Construction, Jumbo, and Conventional Home Loans in Tampa, FL | Unlimited Mortgage Resources LLC",,USA,72,3345,2026-09-13T07:12:59.34077415Z,"['Amazon CloudFront', 'Apache', 'CloudFront', 'Font Awesome', 'IcoMoon', 'Instagram Follow Button', 'Matomo', 'Matomo Tag Manager', 'Nationwide Mortgage Licensing System and Registry', 'PHP', 'Tailwind CSS', 'Twitter Ads', 'UTF-8', 'UserWay']"
gjmdampproofing.co.uk,Rising damp | GJM Damp Proofing,,,67,1356,2026-09-13T07:12:59.339514473Z,"['About Cookies', 'Amazon CloudFront', 'CloudFront', 'Duda', 'FormSubmit', 'GZIP Module', 'Line2', 'Nginx', 'Thank You', 'Twitter Ads', 'UTF-8', 'Yell Business']"
qualityautocare.com,"Auto Repair in Wheat Ridge, CO | Denver's Quality Automotive",,GBR,82,2178,2026-09-13T06:58:10.072890089Z,"['Alternate Protocol', 'Amazon CloudFront', 'CloudFront', 'Duda', 'Facebook Conversion Tracking', 'Facebook Login', 'Facebook Messenger Platform', 'Facebook Pixel', 'Facebook Reseller', 'Facebook Tag API', 'GZIP Module', 'Google Analytics', 'Google My Business', 'Google Related Website Sites', 'Google Tag Manager', 'Heroku', 'Microdata for Google Shopping', 'Nginx', 'Ntent', 'Perl', 'QUIC', 'RawGit', 'Styled Components', 'Tailwind CSS', 'UTF-8', 'UserWay', 'Yelp Badge', 'YouTube']"
hannibaltech.com,Speech-to-Text AI Tools | HannibalTech LLC | GLOBAL,,CAN,82,468,2026-09-13T06:58:10.065860369Z,"['Alternate Protocol', 'Amazon CloudFront', 'App Store', 'Better Lead Generation Services', 'CloudFront', 'Duda', 'GZIP Module', 'Instagram Follow Button', 'Microdata for Google Shopping', 'Nginx', 'Tailwind CSS', 'Twitter Ads', 'UTF-8']"
ascentegypt.com,Ascent | Climbing Egypt,,EGY,77,15000,2026-09-13T06:58:10.05485991Z,"['Amazon CloudFront', 'Apache', 'CMS.S3', 'CloudFront', 'GZIP Module', 'Instagram Follow Button', 'Next.js', 'Pleroma', 'Tailwind CSS', 'UTF-8', 'Ubuntu', 'YouTube', 'shadcn ui']"
webaddress.net,Digital Real Estate Specialist,,,57,3236,2026-09-13T06:58:10.017575895Z,"['AWS WAF Challenge', 'Amazon CloudFront', 'CloudFront', 'Dynadot', 'ElementUI', 'GZIP Module', 'Microdata for Google Shopping', 'Prospective', 'UTF-8']"
thundermount-dig.co.za,Thundermount Digital - Ideal Digital Marketing for Medium Size Enterprise,,,67,82895,2026-09-13T06:58:10.015436213Z,"['AWS WAF Challenge', 'Amazon CloudFront', 'CloudFront', 'Coming Soon Page', 'Content Delivery Network', 'Facebook Conversion Tracking', 'Facebook Login', 'Facebook Messenger Platform', 'Facebook Pixel', 'Facebook Reseller', 'Facebook Tag API', 'Fireblade', 'GZIP Module', 'Google Analytics', 'Google Cloud DNS', 'Google Font API', 'Google Related Website Sites', 'Google Tag Manager', 'Hotjar', 'Instagram Follow Button', 'KVH', 'Microdata for Google Shopping', 'QUIC', 'Responsive Lightbox', 'Schema Plugin', 'Simvoly', 'Solid Digital', 'Subversion', 'Tailwind CSS', 'Thank You', 'UTF-8', 'WP Lightbox 2']"
waterwelldrillingnj.com,"Access Water - Top Rated Well Drilling Contractor - Egg Harbor City, New Jersey",Access Water,CAN,82,24274,2026-09-13T06:58:10.013994651Z,"['Alternate Protocol', 'Amazon CloudFront', 'Better Lead Generation Services', 'CloudFront', 'Duda', 'FormSubmit', 'GZIP Module', 'Google My Business', 'Google Related Website Sites', 'Harbor', 'Idaq', 'KVH', 'Microdata for Google Shopping', 'Nginx', 'Tailwind CSS', 'Thank You', 'UTF-8', 'UserWay']"
thetuckeraccounting.com,"Bookkeeping & Tax Prep Services | Tucker Accounting Services | Newport News & Williamsburg VA, VA",,USA,82,1188,2026-09-13T06:45:55.737716091Z,"['Amazon CloudFront', 'AppNexus Direct', 'CloudFront', 'Duda', 'GZIP Module', 'Google Analytics', 'Google My Business', 'Google Related Website Sites', 'Google Tag Manager', 'Microdata for Google Shopping', 'Nginx', 'Tailwind CSS', 'UTF-8']"
bromleyviewinn.com,Bromley View Inn | The Best Inn in Vermont,Bromley View Inn,GBR,77,15468,2026-09-13T06:45:55.730008156Z,"['AWS WAF Challenge', 'Amazon CloudFront', 'CloudFront', 'Duda', 'GZIP Module', 'GoFundMe', 'Google Tag Manager', 'Instagram Follow Button', 'Microdata for Google Shopping', 'Nginx', 'Tailwind CSS', 'The Deck', 'UTF-8']"
jenna4homes.com,Jenna Meyerstein - GUIDE Real Estate,,USA,77,5278,2026-09-13T06:45:55.728071717Z,"['Alternate Protocol', 'Amazon CloudFront', 'CloudFront', 'Duda', 'Express', 'GZIP Module', 'Google Related Website Sites', 'Homes.com CMS', 'Instagram Follow Button', 'Investor Relations', 'Microdata for Google Shopping', 'Neighborhoods', 'Nginx', 'QUIC', 'Tailwind CSS', 'UTF-8', 'UserWay']"
tamaralfoster.realtor,AMERICAN HERITAGE REAL ESTATE | tamaralfoster.realtor,,AUT,82,4204,2026-09-13T06:45:55.725389935Z,"['Alternate Protocol', 'Amazon CloudFront', 'CloudFront', 'Duda', 'FormSubmit', 'GZIP Module', 'Get.realtor', 'Homes.com CMS', 'Instagram Follow Button', 'Microdata for Google Shopping', 'Neighborhoods', 'Nginx', 'QUIC', 'Tailwind CSS', 'Thank You', 'Twitter Ads', 'UTF-8', 'YouTube']"
fusiontechnology.com,"Welding Service | Mountain View, CA | Fusion Technology",Fusion Technology,GBR,77,468,2026-09-13T06:45:55.72435076Z,"['Amazon CloudFront', 'CloudFront', 'Duda', 'GZIP Module', 'Google Analytics', 'Google Conversion Tracking', 'Google Tag Manager', 'Microdata for Google Shopping', 'Nginx', 'Perl', 'Styled Components', 'Tailwind CSS', 'UTF-8']"
goulaisriverlocalroadsboard.ca,Home,,CAN,70,15564,2026-09-13T06:45:55.692564347Z,"['Alternate Protocol', 'Amazon CloudFront', 'CloudFront', 'Duda', 'Fireblade', 'FormSubmit', 'GZIP Module', 'Microdata for Google Shopping', 'Nginx', 'Tailwind CSS', 'Thank You', 'UTF-8']"
pinnaclerecoveryut.com,Drug and Alcohol Rehab Utah | Pinnacle Recovery Rehab in Salt Lake City,Pinnacle Recovery,USA,82,15273,2026-09-13T06:45:55.683597303Z,"['Alternate Protocol', 'Amazon', 'Amazon CloudFront', 'CallRail', 'CloudFront', 'Cloudflare', 'Cloudflare CDN', 'Content Delivery Network', 'DAV', 'DuracellTomi Google Tag Manager for WordPress', 'Elementor', 'Elementor Custom Skin', 'EmbedPress', 'Google Analytics', 'Google Cloud DNS', 'Google Customer Reviews', 'Google Font API', 'Google Maps', 'Google My Business', 'Google Tag Manager', 'Header, Footer and Blocks for Elementor', 'Hello Elementor', 'Instagram Follow Button', 'Kitco', 'LegitScript', 'Microdata for Google Shopping', 'NFOrce Internet', 'Pagekit', 'Perl', 'Site Kit', 'Twitter Ads', 'UTF-8', 'University or College', 'WordPress', 'WordPress Multisite', 'Yelp Badge', 'YouTube', 'jQuery']"
sdplanners.org,South Dakota Planners Association - Home,,,60,29636,2026-09-13T06:45:55.682829105Z,"['AWS WAF Challenge', 'Amazon', 'Amazon CloudFront', 'Amazon Route 53', 'CloudFront', 'Cloudflare', 'Cloudflare CDN', 'DoubleClick Bid Manager', 'Ecwid Ecommerce Shopping Cart', 'Font Awesome', 'Forethought', 'GZIP Module', 'Google', 'Google Analytics', 'Google Cloud DNS', 'Google Maps', 'Google My Business', 'Google Tag Manager', 'Smart App Banner', 'Storyblocks', 'Twitter Ads', 'UTF-8', 'UserVoice', 'Wild Apricot', 'YouTube', 'Zendesk Embeddables', 'elevio']"
rent-srq.com,M&M Property Management Services in SarasotaM&M Property Management,,,72,80067,2026-09-13T06:35:28.226531423Z,"['Adult Content', 'Alternate Protocol', 'Amazon CloudFront', 'AppFolio', 'AudioEye', 'CloudFront', 'Duda', 'Font Awesome', 'GZIP Module', 'Google Analytics', 'Google Tag Manager', 'KVH', 'Microdata for Google Shopping', 'Nginx', 'SMC', 'Subversion', 'UTF-8']"
corepdxmgmt.com,"Core, Realtors | Home | Portland, Oregon",,,62,60067,2026-09-13T06:35:28.222851923Z,"['Alternate Protocol', 'Amazon CloudFront', 'AppFolio', 'AudioEye', 'CloudFront', 'Duda', 'Font Awesome', 'GZIP Module', 'Google Tag Manager', 'Microdata for Google Shopping', 'Nginx', 'SMC', 'UTF-8']"
acecks.org,ACEC of Kansas - Home,,USA,70,76380,2026-09-13T06:35:28.212748247Z,"['Amazon', 'Amazon CloudFront', 'Amazon Route 53', 'Apture Linking Platform', 'CloudFront', 'Cloudflare', 'Cloudflare CDN', 'DAV', 'DoubleClick Bid Manager', 'Ecwid Ecommerce Shopping Cart', 'Express', 'Font Awesome', 'Forethought', 'GZIP Module', 'GetResponse', 'Google', 'Google Analytics', 'Google Cloud DNS', 'Google Maps', 'Google My Business', 'Google Tag Manager', 'Storyblocks', 'Twitter Ads', 'UTF-8', 'University or College', 'UserVoice', 'Vimeo', 'Wild Apricot', 'YouTube', 'Zendesk Embeddables', 'elevio', 'reCAPTCHA']"
everyclo.com,Sarah & Lily – Sarah & Lily,,GBR,65,16740,2026-09-13T06:35:28.210168734Z,"['Amazon', 'Amazon CloudFront', 'Apture Linking Platform', 'Baidu Cloud', 'Cloudflare', 'Cloudflare CDN', 'Express', 'Fastly', 'Google', 'Google Cloud DNS', 'Google Maps', 'IcoMoon', 'Instagram Follow Button', 'Lucky Orange', 'Microdata for Google Shopping', 'Parcel', 'ParcelPanel Order Tracking', 'QUIC', 'Schema Plugin', 'Shopify', 'Shopify Collabs', 'Shopify Payments', 'Subversion', 'Tailwind CSS', 'UTF-8', 'Yandex Hosting', 'hCaptcha', 'reCAPTCHA']"
writingsinthesky.com,Writings In The Sky – Maneuvering through life with astrology,,,60,703,2026-09-13T06:35:28.192174025Z,"['AWS WAF Challenge', 'Alternate Protocol', 'Amazon CloudFront', 'Apache', 'CloudFront', 'Content Delivery Network', 'Ecwid Ecommerce Shopping Cart', 'Elementor', 'EmbedPress', 'GZIP Module', 'Google Cloud DNS', 'Google Font API', 'Hello Elementor', 'NFOrce Internet', 'PHP', 'QUIC', 'UTF-8', 'WordPress', 'WordPress Multisite', 'jQuery']"
travelingglutenfree.com,Test1,,PHL,72,50468,2026-09-13T06:35:28.187008176Z,"['Alternate Protocol', 'Amazon CloudFront', 'CloudFront', 'DAV', 'Duda', 'GZIP Module', 'Google Analytics', 'Google Tag Manager', 'Instagram Follow Button', 'Microdata for Google Shopping', 'Nginx', 'SMC', 'Tailwind CSS', 'UTF-8']"
hlnetwork.com,"HLN - Experts in Medicare, health insurance, documentation, coding, billing & reimbursement",,USA,77,468,2026-09-13T06:35:28.181980767Z,"['Amazon CloudFront', 'CloudFront', 'Duda', 'GZIP Module', 'Google Analytics', 'Google Tag Manager', 'Microdata for Google Shopping', 'Nginx', 'Tailwind CSS', 'UTF-8']"
precisionlocal.com.au,"Precision Local | Digital Marketing, Automation & Strategy",,,62,23008,2026-09-13T06:25:10.678818179Z,"['AJAX Libraries API', 'AWS WAF Challenge', 'Amazon', 'Amazon CloudFront', 'Apture Linking Platform', 'Calendly', 'CloudFront', 'Cloudflare', 'Cloudflare CDN', 'Cloudflare Turnstile', 'Cloudflare Web Analytics', 'ElementUI', 'Google', 'Google Cloud DNS', 'Google Font API', 'NFOrce Internet', 'QUIC', 'Tailwind CSS', 'UTF-8', 'WF Cookie Consent', 'Webflow', 'reCAPTCHA']"
hype-u.fr,LURO - Webflow HTML website template,,,60,791,2026-09-13T06:25:10.661986518Z,"['AJAX Libraries API', 'Amazon', 'Amazon CloudFront', 'Animate It', 'Apture Linking Platform', 'CloudFront', 'Cloudflare', 'Content Delivery Network', 'ElementUI', 'GZIP Module', 'Google', 'Google Cloud DNS', 'Google Font API', 'Google My Business', 'Instagram Follow Button', 'NFOrce Internet', 'Tailwind CSS', 'UTF-8', 'WF Cookie Consent', 'Webflow']"
calebslawncare.com,Caleb’s Lawn CARE of Thomasville: Lawn Care & Lawn Maintenance,,,62,17539,2026-09-13T06:11:09.717268945Z,"['Amazon CloudFront', 'CloudFront', 'Cloudflare', 'Cloudflare CDN', 'ContentBox', 'Fireblade', 'GZIP Module', 'Google', 'Google Analytics', 'Google Cloud DNS', 'Google Font API', 'Google Tag Manager', 'Microdata for Google Shopping', 'Nginx', 'Ntent', 'Pico CSS', 'QUIC', 'Tailwind CSS', 'W3 Total Cache', 'shadcn ui']"
garbagecollectionsexamplewebsite.com,Moving Made Effortless | MOVE YOUR BOXES,,,72,70564,2026-09-13T06:11:09.712891351Z,"['AWS WAF Challenge', 'Amazon CloudFront', 'CloudFront', 'Duda', 'FormSubmit', 'GZIP Module', 'Instagram Follow Button', 'Microdata for Google Shopping', 'Nginx', 'Perl', 'SMC', 'Tailwind CSS', 'Thank You', 'Twitter Ads', 'UTF-8', 'Vector Internet Services', 'Way']"
mace-homes.com,MACE Home Transformations: Remodeling in Bismarck,,,72,31040,2026-09-13T06:11:09.702907875Z,"['Amazon CloudFront', 'CloudFront', 'Cloudflare', 'Cloudflare CDN', 'Fireblade', 'GZIP Module', 'Google', 'Google Analytics', 'Google Cloud DNS', 'Google Font API', 'Google Tag Manager', 'Homes.com CMS', 'Microdata for Google Shopping', 'Nginx', 'Ntent', 'Onyx Internet', 'Pico CSS', 'QUIC', 'Tailwind CSS', 'shadcn ui']"
christiangunclub.com,Home | Corsica SD | Christian Gun Club,,FRA,82,1168,2026-09-13T06:11:09.700944402Z,"['Alternate Protocol', 'Amazon CloudFront', 'ArvanCloud', 'CloudFront', 'Cloudflare', 'Cloudflare CDN', 'Cloudflare Web Analytics', 'Duda', 'Google Cloud DNS', 'Google Font API', 'Microdata for Google Shopping', 'Tailwind CSS', 'UTF-8', 'jsDelivr']"
thenandnowautomotive.com,"Antique Auto Parts | Weymouth, MA | 781-335-8860",,GBR,77,2974,2026-09-13T06:11:09.697786984Z,"['Amazon CloudFront', 'CloudFront', 'DAV', 'Duda', 'Elfsight', 'FormSubmit', 'GZIP Module', 'Google Related Website Sites', 'Microdata for Google Shopping', 'Motive', 'Nginx', 'Tailwind CSS', 'Thank You', 'UTF-8', 'UserWay', 'Vimeo', 'Yahoo Finance Widget', 'Yelp Badge']"
oceanbreezewindowcleaningfl.com,"Top Exterior Cleaning Services in Melbourne, FL | Call (321) 749-7500",,AUS,77,5344,2026-09-13T06:01:12.73535764Z,"['AJAX Libraries API', 'Amazon', 'Amazon CloudFront', 'CloudFront', 'Content Delivery Network', 'Google', 'Google Cloud DNS', 'Google Font API', 'Netlify', 'QUIC', 'Tailwind CSS', 'UTF-8', 'WF Cookie Consent', 'Webflow']"
asyouwishcatering.org,Home,,USA,45,288,2026-09-13T06:01:12.700692982Z,"['Amazon CloudFront', 'CloudFront', 'Duda', 'FormSubmit', 'GZIP Module', 'Instagram Follow Button', 'Nginx', 'Twitter Ads', 'UTF-8']"
yskholdings.com,YSK Holdings - A Multi-Sector Family Office Driving Innovation and Impact,,,57,291,2026-09-13T06:01:12.691909588Z,"['AJAX Libraries API', 'Amazon', 'Amazon CloudFront', 'Apture Linking Platform', 'CloudFront', 'Cloudflare', 'Content Delivery Network', 'GZIP Module', 'Google', 'Google Cloud DNS', 'Google Font API', 'Tailwind CSS', 'UTF-8', 'WF Cookie Consent', 'Webflow']"
securitysystemsincvirginia.online,Commercial Security & Alarm Resilience Assessments | Virginia,,USA,77,30708,2026-09-13T05:47:14.190433864Z,"['AWS WAF Challenge', 'Amazon CloudFront', 'CloudFront', 'Duda', 'Fireblade', 'GZIP Module', 'Microdata for Google Shopping', 'Nginx', 'Tailwind CSS', 'Twitter Ads', 'UTF-8', 'Vimeo']"
gatoralebrands.com,Home,,USA,60,508,2026-09-13T05:47:14.187468274Z,"['Amazon CloudFront', 'CloudFront', 'Duda', 'FormSubmit', 'GZIP Module', 'GoDaddy', 'Instagram Follow Button', 'Nginx', 'Tailwind CSS', 'Thank You', 'Twitter Ads', 'UTF-8', 'Website Tonight']"
marthashomecleaningnc.com,Top-Notch House Cleaning Services in North Carolina,Martha’s House cleaning services,USA,77,23648,2026-09-13T05:47:14.180887177Z,"['Amazon CloudFront', 'CloudFront', 'Duda', 'Ethy', 'GZIP Module', 'Google Analytics', 'Google Tag Manager', 'Housecall Pro', 'ID Services', 'M247', 'Microdata for Google Shopping', 'Nginx', 'QUIC', 'Tailwind CSS', 'UTF-8']"
burkeandunion.com,Modern Apartments | Burke + Union | Studios-2 Bedrooms,,,72,60064,2026-09-13T05:47:14.167197227Z,"['Amazon CloudFront', 'AppFolio', 'AudioEye', 'CloudFront', 'Duda', 'FormSubmit', 'GZIP Module', 'Google My Business', 'Microdata for Google Shopping', 'Nginx', 'QUIC', 'SMC', 'Tailwind CSS', 'Thank You', 'UTF-8', 'University or College']"
artisticum.se,Naslovna - artisticum.se,artisticum.se,SWE,87,23092,2026-09-13T05:47:14.167413793Z,"['Alternate Protocol', 'Amazon CloudFront', 'CloudFront', 'Cloudflare', 'Content Delivery Network', 'DAV', 'EmbedPress', 'Fastly', 'Google Cloud DNS', 'Google Font API', 'KVH', 'LiteSpeed', 'Microdata for Google Shopping', 'PHP', 'Sitelinks Search Box', 'Smart Slider 3', 'Store Locator WordPress', 'Subversion', 'Tailwind CSS', 'Theme In WP', 'UTF-8', 'WPForms', 'Woo Themes', 'WooCommerce', 'WooCommerce Checkout', 'WordPress', 'WordPress Multisite', 'YITH WooCommerce Compare', 'eLand', 'jQuery']"
birkdalefarm.co.uk,HOME,,,55,288,2026-09-13T05:47:14.160340393Z,"['Adult Content', 'Alternate Protocol', 'Amazon CloudFront', 'CloudFront', 'Duda', 'FormSubmit', 'GZIP Module', 'Instagram Follow Button', 'Nginx', 'Tailwind CSS', 'Twitter Ads', 'UTF-8']"
murrayriverpools.com.au,Highly Professional Pool Installation Services in Moama,,AUS,67,468,2026-09-13T05:47:14.156232052Z,"['Alternate Protocol', 'Amazon CloudFront', 'CloudFront', 'Duda', 'GZIP Module', 'Microdata for Google Shopping', 'Nginx', 'Tailwind CSS', 'UTF-8']"
abcdsanitation.com,"ABCD Sanitation: Top Septic, Plumbing & Water Solutions",ABCD SANITATION LLC,,72,22448,2026-09-13T05:47:14.156554678Z,"['Amazon CloudFront', 'CloudFront', 'Duda', 'GZIP Module', 'Google My Business', 'Google Tag Manager', 'Housecall Pro', 'M247', 'Microdata for Google Shopping', 'Nginx', 'QUIC', 'Tailwind CSS', 'UTF-8', 'Yelp Badge']"
insurestrategies.com,"Insurance Strategies, Inc. | OK, AR, TX",,USA,67,8668,2026-09-13T05:47:14.156720988Z,"['AgencyBloc', 'Amazon CloudFront', 'CloudFront', 'DC74', 'Duda', 'GZIP Module', 'Google My Business', 'Microdata for Google Shopping', 'Nginx', 'QUIC', 'Tailwind CSS', 'UTF-8', 'reCAPTCHA']"
willsautodetailing.com,"Auto Detailing | Yamhill County, OR | Will's Auto Detailing",,ECU,77,38550,2026-09-13T05:37:38.823374345Z,"['501c3 Status Nonprofit', 'Amazon CloudFront', 'Amazon S3 CDN', 'Better Lead Generation Services', 'CloudFront', 'DAV', 'ElementUI', 'Fireblade', 'Google Analytics', 'Google Cloud DNS', 'Google Maps', 'Google My Business', 'Google Tag Manager', 'KVH', 'No-Q', 'Parcel', 'Perl', 'QUIC', 'Segment', 'Segment Consent Manager', 'Site.pro', 'Storyblocks', 'Tailwind CSS', 'UTF-8', 'jsDelivr', 'reCAPTCHA', 'shadcn ui']"
stjosephalameda.org,St. Joseph Elementary School | Home,,USA,62,10000,2026-09-13T05:37:38.822404162Z,"['Alternate Protocol', 'Amazon CloudFront', 'CloudFront', 'GZIP Module', 'Google Analytics', 'Google Tag Manager', 'Microdata for Google Shopping', 'PWA', 'ParentSquare', 'QUIC', 'Svelte', 'UTF-8', 'University or College', 'Zeffy']"
leadfluid.com,"Lead Fluid Technology - Peristaltic Pumps, syringe pumps, gear pumps and OEM Pumps Manufacturer",Lead Fluid,CHN,77,20116,2026-09-13T05:37:38.818252712Z,"['Alternate Protocol', 'Amazon', 'Amazon CloudFront', 'Amazon Route 53', 'Apache', 'CDN JS', 'CloudFront', 'Cloudflare', 'Cloudflare CDN', 'Contact Form Plugin', 'Content Delivery Network', 'Corporate Governance and Regulatory Compliance', 'DAV', 'Elementor', 'EmbedPress', 'Fireblade', 'GZIP Module', 'Google Analytics', 'Google Conversion Tracking', 'Google Tag Manager', 'IcoMoon', 'Jetpack', 'Max Mega Menu Pro', 'NFOrce Internet', 'Neve', 'PHP', 'Smart Slider 3', 'Table Addons for Elementor', 'Tawk', 'Theme In WP', 'UTF-8', 'Ubuntu', 'Woo Themes', 'WordPress', 'WordPress Multisite', 'YouTube', 'eLand', 'jQuery']"
moracetreeservicellc.com,"Tree Service | Natchez,, MS | Morace Tree Service",,,67,23550,2026-09-13T05:37:38.810458931Z,"['501c3 Status Nonprofit', 'Amazon CloudFront', 'Amazon S3 CDN', 'Better Lead Generation Services', 'CloudFront', 'ElementUI', 'Google Cloud DNS', 'Google Maps', 'Google My Business', 'KVH', 'No-Q', 'Parcel', 'Segment', 'Segment Consent Manager', 'Site.pro', 'Storyblocks', 'Tailwind CSS', 'UTF-8', 'jsDelivr', 'reCAPTCHA', 'shadcn ui']"
ortho-vz.de,"Orthopädische Versorgungszentrum München OVZ - Artpraxis im Bereich Orthopädie, Unfallchirurgie und Sportmedizin",,DEU,77,2785,2026-09-13T05:37:38.803008246Z,"['Alternate Protocol', 'Amazon', 'Amazon CloudFront', 'CloudFront', 'Cloudflare', 'Content Delivery Network', 'Cybot', 'GZIP Module', 'Google My Business', 'Microdata for Google Shopping', 'Tailwind CSS', 'UTF-8', 'WF Cookie Consent', 'jsDelivr']"
neuroarzt.de,"Neurologe Düsseldorf, Praxis für Neurologie am Zoo",,DEU,82,4740,2026-09-13T05:37:38.786947448Z,"['AJAX Libraries API', 'Alternate Protocol', 'Amazon', 'Amazon CloudFront', 'Amazon WAF Blocked', 'Apache', 'Borlabs Cookie', 'CloudFront', 'Contact Form 7', 'Contact Form Plugin', 'EmbedPress', 'FooBox', 'GZIP Module', 'Google Analytics', 'Google Cloud DNS', 'Google Font API', 'Google My Business', 'Google Related Website Sites', 'Google Tag Manager', 'PHP', 'Sitelinks Search Box', 'Tailwind CSS', 'Theme In WP', 'UTF-8', 'WP GDPR Compliance', 'WordPress', 'WordPress Multisite', 'eLand', 'jQuery', 'jameda', 'qTranslate']"
xcelcarehomes.co.uk,Nursing Care | Xcel Care Homes,,,62,1260,2026-09-13T05:37:38.781113371Z,"['About Cookies', 'Amazon CloudFront', 'CloudFront', 'Duda', 'GZIP Module', 'Line2', 'Nginx', 'Share Link', 'Twitter Ads', 'UTF-8', 'WhatsApp Sharing', 'Yell Business']"
tcflooring-sanding.co.uk,Floor Sanding in Fife | Floor Fitting | T C Flooring,,GBR,67,1356,2026-09-13T05:37:38.780254015Z,"['About Cookies', 'Amazon CloudFront', 'CloudFront', 'Duda', 'Facebook Like', 'FormSubmit', 'GZIP Module', 'Google My Business', 'Line2', 'Nginx', 'Share Link', 'Tailwind CSS', 'Thank You', 'Twitter Ads', 'UTF-8', 'WhatsApp Sharing', 'Yell Business', 'YouTube']"
projectcenterkerala.com,Project Center Kerala | BTech & MTech Projects,Project Center Kerala,IND,77,2539,2026-09-13T05:24:43.391350234Z,"['Amazon', 'Amazon CloudFront', 'CloudFront', 'Font Awesome', 'Google Adsense', 'Google Analytics', 'Google Cloud DNS', 'Google Font API', 'Google Funding Choices', 'Google Matched Content', 'Google Reseller', 'Google Tag Manager', 'Instagram Follow Button', 'Microdata for Google Shopping', 'QUIC', 'Twitter Ads', 'University or College', 'YouTube', 'jQuery']"
top-shelf-contracting.com,"Landscaping | Maple Grove, MN | Top Shelf Contracting",,,67,6348,2026-09-13T05:24:43.382137618Z,"['Amazon CloudFront', 'Apture Linking Platform', 'CloudFront', 'Duda', 'GZIP Module', 'Google My Business', 'Nginx', 'Smooch', 'Tailwind CSS', 'UTF-8']"
hotelcocoplum.co,Cocoplum Beach | Beach Hotel in San Andres | Hotel Cocoplum Beach,,CHL,87,60213,2026-09-13T05:24:43.38018035Z,"['Alternate Protocol', 'Amazon', 'Amazon CloudFront', 'Amazon Route 53', 'Amazon S3 CDN', 'Asksuite', 'CloudFront', 'Content Delivery Network', 'ElementUI', 'Font Awesome', 'GZIP Module', 'Google Analytics', 'Google Cloud DNS', 'Google Maps', 'Google My Business', 'Google Tag Manager', 'IcoMoon', 'Imgix', 'Instagram Follow Button', 'Microdata for Google Shopping', 'SMC', 'SiteMinder', 'TheBookingButton', 'jQuery', 'jsDelivr']"
mackenziekuettel.com,Mackenzie Kuettel | Product Designer & Musician,,CAN,57,123,2026-09-13T05:24:43.367165698Z,"['Amazon', 'Amazon CloudFront', 'CloudFront', 'Content Delivery Network', 'Google', 'Google Cloud DNS', 'Google Font API', 'Jekyll', 'Microdata for Google Shopping', 'Netlify', 'UTF-8']"
kevintnorrisvo.com,"Kevin T. Norris | Voice Talent/Singer | ""I Vocalize"" | HOME",,,57,228,2026-09-13T05:13:04.650141921Z,"['Amazon CloudFront', 'CloudFront', 'DAV', 'Duda', 'GZIP Module', 'Nginx', 'Tailwind CSS', 'UTF-8']"
premiercarehomes.net,"Premier Care Homes | Personalized Residential Care in Salem, Oregon",,,62,3260,2026-09-13T05:13:04.646526218Z,"['Amazon', 'Amazon CloudFront', 'Amazon S3 CDN', 'CloudFront', 'Cloudflare', 'Content Delivery Network', 'GZIP Module', 'Google Analytics', 'Google Tag Manager', 'Neighborhoods', 'Next.js', 'Pleroma', 'QUIC', 'Storyblocks', 'Tailwind CSS', 'Triggered Messaging', 'UTF-8']"
alltyresoxford.co.uk,Car tyres | All Tyres (Oxford) Ltd,,GBR,72,1824,2026-09-13T05:13:04.639803785Z,"['About Cookies', 'Amazon CloudFront', 'CloudFront', 'Duda', 'FormSubmit', 'GZIP Module', 'IcoMoon', 'Line2', 'Nginx', 'Share Link', 'Thank You', 'Twitter Ads', 'UTF-8', 'Yell Business']"
justplaay.online,Just Play - Fun Rewards App for iOS,,,55,63,2026-09-13T05:13:04.627203594Z,"['Amazon', 'Amazon CloudFront', 'CDN JS', 'CloudFront', 'Cloudflare', 'Cloudflare CDN', 'Content Delivery Network', 'Google Cloud DNS', 'Google Font API', 'Netlify', 'QUIC', 'UTF-8']"
eco-healththerapy.com,"Mental Health Services | North Austin Round Rock and Cedar Park, TX | ECO-HEALTH Therapy",,,67,97174,2026-09-13T05:01:27.607091164Z,"['AWS WAF Challenge', 'Alternate Protocol', 'Amazon CloudFront', 'Apture Linking Platform', 'CloudFront', 'DAV', 'Duda', 'FormSubmit', 'GZIP Module', 'Google Analytics', 'Google My Business', 'Google Tag Manager', 'Instagram Follow Button', 'KVH', 'Nginx', 'No-Q', 'PWA', 'SMC', 'Smooch', 'Subversion', 'Tailwind CSS', 'Thank You', 'Thryv', 'Twitter Ads', 'UTF-8', 'Yelp Badge', 'YouTube']"
friederichstitle.com,"Friederichs Abstract & Title Service | Title | Chilton, WI",,USA,72,54920,2026-09-13T05:01:27.606816872Z,"['Amazon', 'Amazon CloudFront', 'Amazon S3 CDN', 'AudioEye', 'CloudFront', 'Duda', 'Facebook Login', 'Facebook Messenger Platform', 'Facebook Reseller', 'GZIP Module', 'Google Maps', 'Google My Business', 'Line2', 'Nginx', 'SMC', 'Storyblocks', 'UTF-8']"
creditcoachservices.com,Credit Coach Pro,,,62,98032,2026-09-13T05:01:27.604610825Z,"['Adult Content', 'Alternate Protocol', 'Amazon CloudFront', 'CloudFront', 'DAV', 'Duda', 'FormSubmit', 'GZIP Module', 'IcoMoon', 'K2F', 'KVH', 'Microdata for Google Shopping', 'Nginx', 'SMC', 'Silicon Valley Web Hosting', 'Subversion', 'Tailwind CSS', 'Thank You', 'UTF-8']"
yotoplaylist.com,Kids Podcasts — Find the Perfect Podcast for Your Child,Kids Podcasts,GBR,87,44708,2026-09-13T05:01:27.603293413Z,"['Alternate Protocol', 'Amazon CloudFront', 'App Store', 'CloudFront', 'Content Delivery Network', 'Google', 'Google Cloud DNS', 'Google Font API', 'Imgix', 'Instagram Follow Button', 'Microdata for Google Shopping', 'Next.js', 'Ntent', 'Oddle', 'QUIC', 'Sitelinks Search Box', 'Smart App Banner', 'UTF-8', 'Vercel', 'Vignette OpenText', 'shadcn ui']"
ceremoniesbyjoan.com,Home | Milwaukee Wisconsin | Ceremonies by Joan,,USA,82,115798,2026-09-13T05:01:27.599625046Z,"['AAPT', 'Alternate Protocol', 'Amazon CloudFront', 'Apyl', 'CloudFront', 'DAV', 'Duda', 'Financial Services Guide', 'GZIP Module', 'HHVM', 'K2F', 'KVH', 'Microdata for Google Shopping', 'Nginx', 'No-Q', 'SMC', 'Subversion', 'Tailwind CSS', 'UTF-8']"
napahistory.org,Napa County Historical Society,,,77,11470,2026-09-13T05:01:27.585849338Z,"['501c3 Status Nonprofit', 'Alternate Protocol', 'Amazon CloudFront', 'CloudFront', 'Duda', 'FormSubmit', 'GZIP Module', 'Instagram Follow Button', 'Microdata for Google Shopping', 'Neon One', 'Nginx', 'No-Q', 'PWA', 'Perl', 'RM Education', 'Site Search 360', 'Styled Components', 'Tailwind CSS', 'Thank You', 'Twitter Ads', 'UTF-8', 'YouTube']"
humanilex.ca,Accueil - HumaniLex Services conseils - humanilex.ca,,CAN,70,3481,2026-09-13T05:01:27.554910568Z,"['AJAX Libraries API', 'Alternate Protocol', 'Amazon CloudFront', 'CloudFront', 'Content Delivery Network', 'EmbedPress', 'Google', 'Google Analytics', 'Google Cloud DNS', 'Google Font API', 'Google Tag Manager', 'Line2', 'LiteSpeed', 'Microdata for Google Shopping', 'Nginx', 'PHP', 'Parallels Plesk Panel', 'QUIC', 'QUIC.cloud', 'Sitelinks Search Box', 'UTF-8', 'WF Cookie Consent', 'WordPress', 'WordPress Multisite']"
frankklimesconstruction.com,Custom Construction | Frank Klimes Construction,Frank Klimes Construction,USA,82,468,2026-09-13T04:49:51.233425894Z,"['Adult Content', 'Amazon CloudFront', 'Apture Linking Platform', 'CloudFront', 'Duda', 'GZIP Module', 'Microdata for Google Shopping', 'Nginx', 'PWA', 'Perl', 'Styled Components', 'Tailwind CSS', 'UTF-8']"
pellegrinoinsurance.com,"Auto Insurance | Easton, PA | (610) 258-5481",,GBR,82,1188,2026-09-13T04:49:51.23277281Z,"['Amazon CloudFront', 'Better Lead Generation Services', 'CloudFront', 'DAV', 'Duda', 'GZIP Module', 'Google Related Website Sites', 'Microdata for Google Shopping', 'Nginx', 'Tailwind CSS', 'UTF-8']"
elevatetravelcorp.com,Home,,,30,228,2026-09-13T04:49:51.230028484Z,"['Amazon CloudFront', 'CloudFront', 'Duda', 'GZIP Module', 'Nginx', 'Tailwind CSS', 'Twitter Ads', 'UTF-8', 'YouTube']"
pragilis.com,Change Management Solutions for Businesses,pragilis,USA,77,185024,2026-09-13T04:49:51.210665673Z,"['AJAX Libraries API', 'AWS WAF Challenge', 'Alternate Protocol', 'Amazon', 'Amazon CloudFront', 'CloudFront', 'Cloudflare', 'Clutch', 'Content Delivery Network', 'GZIP Module', 'Google', 'Google Cloud DNS', 'Google Font API', 'Google My Business', 'Google Related Website Sites', 'Google Tag Manager', 'Hootsuite Badge', 'InitiativeS', 'Microdata for Google Shopping', 'QUIC', 'Salesforce Hosted', 'Tailwind CSS', 'UTF-8', 'WF Cookie Consent', 'Webflow', 'jsDelivr', 'reCAPTCHA']"
rgtravel.co.uk,Luxury Travel Agency | RG Travel,,,77,65924,2026-09-13T04:49:51.200229269Z,"['Alternate Protocol', 'Amazon CloudFront', 'CloudFront', 'Duda', 'Elfsight', 'Fireblade', 'FormSubmit', 'GZIP Module', 'Instagram Follow Button', 'Microdata for Google Shopping', 'Nginx', 'SMC', 'Tailwind CSS', 'Thank You', 'UTF-8']"
balranaldmotorinn.com.au,Balranald Motor Inn | Country Accommodation | Hotel,,,62,468,2026-09-13T04:49:51.190917269Z,"['Amazon CloudFront', 'CloudFront', 'Duda', 'GZIP Module', 'Microdata for Google Shopping', 'Nginx', 'Perl', 'Styled Components', 'Tailwind CSS', 'UTF-8']"
whitemountainvalley.com,Enterprise AI agents for every task | Coworker AI,Coworker AI,VEN,67,208990,2026-09-13T04:49:26.150857944Z,"['AWS WAF Challenge', 'Alternate Protocol', 'Amazon', 'Amazon CloudFront', 'Amazon Route 53', 'Baidu Cloud', 'Cisco/Arrowpoint Content Service Switch', 'CloudFront', 'Content Delivery Network', 'GitHub Hosting', 'Google Analytics', 'Google My Business', 'Google Tag Manager', 'Microdata for Google Shopping', 'Microsoft Clarity', 'NFOrce Internet', 'Next.js', 'Salesforce Hosted', 'Sitelinks Search Box', 'Tailwind CSS', 'Twitter Ads', 'UTF-8', 'Vercel', 'Yandex Hosting', 'YouTube', 'ZoomInfo', 'shadcn ui']"
run-as-root.sh,Magento & Hyvä Agency for B2B/B2C Online Stores - run_as_root,run_as_root GmbH,DEU,77,9650,2026-09-13T04:36:55.542957423Z,"['Alternate Protocol', 'Amazon CloudFront', 'CloudFront', 'DAV', 'GZIP Module', 'GitHub Hosting', 'Google Calendar', 'Google My Business', 'InitiativeS', 'Microdata for Google Shopping', 'Nginx', 'PHP', 'QUIC', 'Shopware', 'Tailwind CSS', 'Twitter Ads', 'UTF-8', 'shadcn ui', 'symfony PHP Framework']"
countermetrics.org,Home - COUNTER Metrics,COUNTER Metrics,,72,27455,2026-09-13T04:36:55.540222503Z,"['Adobe Creative Cloud WebFonts', 'Alternate Protocol', 'Amazon', 'Amazon CloudFront', 'Apache', 'CloudFront', 'Coming Soon Page', 'EmbedPress', 'Facebook Conversion Tracking', 'Facebook Login', 'Facebook Messenger Platform', 'Facebook Pixel', 'Facebook Reseller', 'Facebook Tag API', 'Fireblade', 'Font Awesome', 'GZIP Module', 'Glue Up', 'Google Analytics', 'Google Maps', 'Google My Business', 'Google Tag Manager', 'Hotjar', 'Microdata for Google Shopping', 'PHP', 'Plausible Analytics', 'Tailwind CSS', 'Taxonomy Images', 'Theme In WP', 'UTF-8', 'Vimeo', 'WP Featherlight', 'WordPress', 'WordPress Multisite', 'jQuery']"
igiveyoupeaceministries.org,Worship Service | I Give You Peace Ministries Inc.,I Give You Peace Ministries Inc.,USA,77,1158,2026-09-13T04:36:55.518881266Z,"['Alternate Protocol', 'Amazon CloudFront', 'CloudFront', 'Duda', 'Elfsight', 'GZIP Module', 'Google My Business', 'Instagram Follow Button', 'Microdata for Google Shopping', 'Nginx', 'No-Q', 'Tailwind CSS', 'UTF-8', 'YouTube']"
mbmprint.id,Home - MBM Print,,IDN,72,22970,2026-09-13T04:36:55.514805426Z,"['Amazon', 'Amazon CloudFront', 'Apache', 'CloudFront', 'DAV', 'Financial Services Guide', 'GTranslate', 'Google Cloud DNS', 'Google Font API', 'Instagram Follow Button', 'Joomla!', 'KVH', 'No-Q', 'PHP', 'QUIC', 'RokNavMenu', 'Subversion', 'UTF-8', 'jQuery']"
cttire.com,"New Tires, Oil Changes, Auto Repair | Connecticut Tire & Auto Repair",,DEU,82,7977,2026-09-13T04:36:55.51118966Z,"['Alternate Protocol', 'Amazon CloudFront', 'CDN JS', 'Call to Visit', 'CloudFront', 'Cloudflare', 'Cloudflare CDN', 'Duda', 'Font Awesome', 'GZIP Module', 'Google Analytics', 'Google My Business', 'Google Related Website Sites', 'Google Tag Manager', 'Microdata for Google Shopping', 'Nginx', 'Tailwind CSS', 'Telegram', 'TireConnect', 'Twitter Ads', 'UTF-8', 'UserWay', 'Yelp Badge', 'YouTube']"
kristiebrayboy.realtor,Kristie Brayboy | kristiebrayboy.realtor,,,67,71334,2026-09-13T04:36:55.508697946Z,"['34SP.com', 'Alternate Protocol', 'Amazon CloudFront', 'CloudFront', 'DAV', 'Duda', 'FormSubmit', 'GZIP Module', 'Get.realtor', 'Instagram Follow Button', 'KVH', 'Neighborhoods', 'Nginx', 'No-Q', 'PHP', 'QUIC', 'SMC', 'Tailwind CSS', 'Thank You', 'Twitter Ads', 'UTF-8', 'YouTube']"
retailitlikeitis.com,Home,,,55,288,2026-09-13T04:36:55.508152635Z,"['Amazon CloudFront', 'CloudFront', 'Duda', 'FormSubmit', 'GZIP Module', 'Instagram Follow Button', 'Microdata for Google Shopping', 'Nginx', 'Thank You', 'UTF-8']"
highpointassist.com,"Virtual Assistance Services | Cherry Hill, NJ | HPVA",,,62,11748,2026-09-13T04:36:55.491284537Z,"['Alternate Protocol', 'Amazon CloudFront', 'Apture Linking Platform', 'CloudFront', 'Duda', 'Express', 'GZIP Module', 'Google My Business', 'Nginx', 'Smooch', 'Tailwind CSS', 'Thryv', 'UTF-8']"
ghiinvestors.com,Greystone Housing Impact Investors LP (GHI),,USA,82,35130,2026-09-13T04:36:55.491074259Z,"['Alternate Protocol', 'Amazon', 'Amazon CloudFront', 'Amazon Route 53', 'Apache', 'CDN JS', 'CloudFront', 'Cloudflare', 'Cloudflare CDN', 'Corporate Governance and Regulatory Compliance', 'GZIP Module', 'Google', 'Google Analytics', 'Google Cloud DNS', 'Google Font API', 'Google My Business', 'Investor Relations', 'Microdata for Google Shopping', 'PWA', 'QUIC', 'QuoteMedia', 'Tailwind CSS', 'UTF-8', 'Vimeo', 'YouTube', 'eLand']"
completehealthdentistryblueash.com,"Dentist in Blue Ash, OH | Complete Health Dentistry",Complete Health Dentistry,USA,77,58236,2026-09-13T04:36:55.490456238Z,"['Amazon', 'Amazon CloudFront', 'Amazon S3 CDN', 'AudioEye', 'CloudFront', 'Duda', 'Express', 'Facebook Login', 'Facebook Messenger Platform', 'Facebook Reseller', 'FormSubmit', 'GZIP Module', 'Google Maps', 'Google My Business', 'Google Related Website Sites', 'Idaq', 'Line2', 'Microdata for Google Shopping', 'Nginx', 'Pico CSS', 'SMC', 'Storyblocks', 'Subversion', 'Tailwind CSS', 'UTF-8']"
conwaynutrition.com,Conway Nutrition,,,57,876,2026-09-13T04:28:26.163339297Z,"['Alternate Protocol', 'Amazon CloudFront', 'CloudFront', 'Duda', 'FormSubmit', 'GZIP Module', 'Nginx', 'Oddle', 'QUIC', 'Tailwind CSS', 'Thank You', 'UTF-8']"
pensioncasabosques.com,Pensión | Casa Bosques,,ITA,72,43944,2026-09-13T04:23:34.560063931Z,"['AJAX Libraries API', 'Alternate Protocol', 'Amazon', 'Amazon CloudFront', 'Apture Linking Platform', 'CloudFront', 'Cloudflare', 'Content Delivery Network', 'Elfsight', 'Express', 'Flow', 'GZIP Module', 'Google', 'Google Analytics', 'Google Cloud DNS', 'Google Font API', 'Google Tag Manager', 'Harbor', 'IcoMoon', 'Instagram Follow Button', 'Mews Commander', 'Neighborhoods', 'Tailwind CSS', 'UTF-8', 'WF Cookie Consent', 'Webflow', 'jsDelivr']"
zventus.com,Zventus Global Outsourcing | Workforce Solutions,,MEX,77,95328,2026-09-13T04:23:34.55013571Z,"['Alternate Protocol', 'Amazon CloudFront', 'Amazon WAF Blocked', 'Apture Linking Platform', 'CloudFront', 'Content Delivery Network', 'DC74', 'Express', 'Fastly', 'Fastly CDN', 'GZIP Module', 'Google Related Website Sites', 'Heroku', 'Instagram Follow Button', 'Microdata for Google Shopping', 'NFOrce Internet', 'PWA', 'QUIC', 'SMC', 'Seflow Italy', 'Sentry', 'SiteW', 'UTF-8', 'University or College', 'Vector Internet Services', 'Wix', 'Wix Media', 'mlcom']"
travellocal.com,"Global travel, local experts | TravelLocal",,USA,87,23190,2026-09-13T04:15:18.42000096Z,"['Alternate Protocol', 'Amazon CloudFront', 'Cisco/Arrowpoint Content Service Switch', 'CloudFront', 'Content Delivery Network', 'Corporate Governance and Regulatory Compliance', 'DAV', 'Express', 'Fireblade', 'GZIP Module', 'Instagram Follow Button', 'Microdata for Google Shopping', 'Next.js', 'Perl', 'Pleroma', 'QUIC', 'Share Link', 'Trustpilot Reviews for WordPress', 'UTF-8', 'Vello', 'Vercel', 'WordPress', 'YouTube', 'eLand']"
languageassociates.net,Language Associates of Oklahoma City,,USA,77,2977,2026-09-13T04:15:18.407447562Z,"['Amazon', 'Amazon CloudFront', 'Amazon Route 53', 'Amazon S3 CDN', 'BootstrapMade', 'CloudFront', 'Content Delivery Network', 'FreeCSSTemplates', 'GZIP Module', 'Google Cloud DNS', 'Google Code Prettify', 'Google Font API', 'IcoMoon', 'QUIC', 'jQuery']"
en-usa-en-glucotrustbites.com,GlucoTrust Bites™ Official Website | Balanced Blood Sugar Formula,,USA,77,18678,2026-09-13T04:15:18.390423326Z,"['Amazon', 'Amazon CloudFront', 'Amazon Route 53', 'Amazon S3 CDN', 'Bulma', 'CloudFront', 'Content Delivery Network', 'Fireblade', 'Google Cloud DNS', 'Google Font API', 'Google Related Website Sites', 'IcoMoon', 'QUIC', 'Tailwind CSS']"
greener-edge.co.uk,Sustainability & Carbon Consultancy | Greener Edge,Greener Edge,GBR,77,459,2026-09-13T04:15:18.380393271Z,"['Alternate Protocol', 'Amazon CloudFront', 'CloudFront', 'Craft', 'Microdata for Google Shopping', 'Nginx', 'Parallels Plesk Panel', 'Tailwind CSS', 'Thank You', 'UTF-8']"
woodflooringlondon.net,Exquisite Wood Flooring In the London Area,,GBR,82,37192,2026-09-13T04:15:18.359252161Z,"['AJAX Libraries API', 'Alternate Protocol', 'Amazon', 'Amazon CloudFront', 'Apture Linking Platform', 'ArvanCloud', 'Better Lead Generation Services', 'CloudFront', 'Cloudflare', 'Content Delivery Network', 'DAV', 'Flow', 'GZIP Module', 'Google', 'Google Analytics', 'Google Cloud DNS', 'Google Font API', 'Google Tag Manager', 'IcoMoon', 'QUIC', 'Shopify', 'Tailwind CSS', 'UTF-8', 'WF Cookie Consent', 'Webflow', 'jQuery', 'jsDelivr']"
bailbondsservicegreenspoint.com,"Bail Bonds Service in Houston, TX | Greenspoint Bail Bond",Greenspoint Bail Bond,USA,77,55835,2026-09-13T04:15:18.358092653Z,"['Alternate Protocol', 'Amazon', 'Amazon CloudFront', 'Amazon S3 CDN', 'AudioEye', 'CloudFront', 'DAV', 'Duda', 'Express', 'Facebook Login', 'Facebook Messenger Platform', 'Facebook Reseller', 'FormSubmit', 'GZIP Module', 'Google Maps', 'Google My Business', 'Google Related Website Sites', 'Line2', 'Microdata for Google Shopping', 'Nginx', 'Pico CSS', 'QUIC', 'SMC', 'Schema Plugin', 'Storyblocks', 'Tailwind CSS', 'UTF-8', 'W3 Total Cache']"
alliedpalletandequipment.com,"Buy New & Used Wood Pallets Houston, Texas",,USA,77,59883,2026-09-13T04:15:18.357943709Z,"['Amazon CloudFront', 'CDN JS', 'CloudFront', 'Cloudflare', 'Cloudflare CDN', 'Duda', 'ElementUI', 'Font Awesome', 'FormSubmit', 'GZIP Module', 'Google Analytics', 'Google Customer Reviews', 'Google My Business', 'Google Related Website Sites', 'Google Tag Manager', 'Microdata for Google Shopping', 'NFOrce Internet', 'Nginx', 'PHP', 'Placehold IT', 'Prospective', 'SMC', 'Tailwind CSS', 'Thank You', 'UTF-8']"
dominguezfirm.com,Personal Injury Lawyers in Los Angeles | 96% Success Rate,The Dominguez Firm,USA,82,59916,2026-09-13T04:01:40.006540339Z,"['Akismet', 'Alternate Protocol', 'Amazon CloudFront', 'Amazon WAF Blocked', 'Apture Linking Platform', 'Aruba', 'Beaver Builder Lite', 'Client Chat Live', 'CloudFront', 'Cloudflare', 'Cloudflare CDN', 'Content Delivery Network', 'Contento', 'DoubleClick Bid Manager', 'EmbedPress', 'Express', 'Facebook Conversion Tracking', 'Facebook Login', 'Facebook Messenger Platform', 'Facebook Pixel', 'Facebook Reseller', 'Facebook Tag API', 'Fireblade', 'Google Analytics', 'Google Cloud DNS', 'Google Conversion Tracking', 'Google Font API', 'Google Tag Manager', 'Gravity', 'Gravity Forms', 'Instagram Follow Button', 'Lazy Load for WordPress', 'Max Mega Menu', 'Max Mega Menu Pro', 'Microdata for Google Shopping', 'PHP', 'Perl', 'Polylang', 'RM Education', 'Schema Plugin', 'Tailwind CSS', 'Theme In WP', 'Twitter Ads', 'UTF-8', 'University or College', 'WP Engine', 'WP Rocket', 'WordPress', 'WordPress Multisite', 'Yelp Badge', 'YouTube', 'eLand', 'jQuery']"
hiddengroveestate.com,Michigan Wedding Venue and B+B : Hidden Grove Estate - Michigan's Best Wedding Venue,Hidden Grove Estate,GBR,77,81729,2026-09-13T04:01:39.995471582Z,"['Amazon CloudFront', 'Aruba', 'ArvanCloud', 'CloudFront', 'Express', 'Facebook Login', 'Facebook Messenger Platform', 'Facebook Pixel', 'Facebook Reseller', 'Facebook Tag API', 'FormSubmit', 'GZIP Module', 'Google Analytics', 'Google Tag Manager', 'Instagram Follow Button', 'Line2', 'Magento Enterprise', 'Microdata for Google Shopping', 'QUIC', 'SiteW', 'Squarespace', 'Thank You', 'UTF-8', 'Vector Internet Services', 'WordPress SEO Structured Data Schema Plugin', 'eLand', 'jsDelivr']"
preventive365.com,Preventive 365 | Experience Hospitality,,,67,2472,2026-09-13T04:01:39.992456579Z,"['Amazon CloudFront', 'CloudFront', 'Duda', 'Express', 'FormSubmit', 'GZIP Module', 'Google Analytics', 'Google Related Website Sites', 'Google Tag Manager', 'Microdata for Google Shopping', 'Nginx', 'Tailwind CSS', 'TruConversion', 'UTF-8']"
nextconnect.tech,Join NextConnect | NextConnect,,USA,50,18365,2026-09-13T04:01:39.989458519Z,"['Amazon', 'Amazon CloudFront', 'Amazon Route 53', 'Bunny Fonts', 'CloudFront', 'Cloudflare', 'Community', 'Content Delivery Network', 'Cybot', 'Facebook Reseller', 'Fireblade', 'Google', 'Google Analytics', 'Google Cloud DNS', 'Google Maps', 'Google Tag Manager', 'Hivebrite', 'Intercom', 'LaunchDarkly', 'Mastodon', 'UTF-8', 'Zendesk Embeddables']"
auditcomms.com,HOME,,,55,1528,2026-09-13T04:01:39.989862718Z,"['Amazon CloudFront', 'Cisco/Arrowpoint Content Service Switch', 'CloudFront', 'Comms', 'Duda', 'Express', 'GZIP Module', 'Instagram Follow Button', 'Nginx', 'Tailwind CSS', 'Twitter Ads', 'UTF-8', 'YouTube']"
mintaestheticsandskin.com,Home | Mint Aesthetics & Skin | Indianapolis,Mint Aesthetics & Skin,USA,77,5250,2026-09-13T04:01:39.95903655Z,"['Amazon', 'Amazon CloudFront', 'Amazon Route 53', 'Amazon S3 CDN', 'Astro', 'CloudFront', 'Content Delivery Network', 'Facebook Pixel', 'Facebook Tag API', 'Google', 'Google Analytics', 'Google Cloud DNS', 'Google Font API', 'Google My Business', 'Google Tag Manager', 'Instagram Follow Button', 'Microdata for Google Shopping', 'Ntent', 'Storyblocks']"
spcaofthecarolinas.net,Dog Rescue | SPCA of the Carolinas | NC & SC,,USA,82,958,2026-09-13T04:01:39.959224203Z,"['501c3 Status Nonprofit', 'Alternate Protocol', 'Amazon CloudFront', 'CloudFront', 'Duda', 'GZIP Module', 'Instagram Follow Button', 'Microdata for Google Shopping', 'Nginx', 'Tailwind CSS', 'Twitter Ads', 'UTF-8', 'UserWay']"
clickvortexcapital.com,Vortex Capital,,USA,67,14688,2026-09-13T04:01:39.958388364Z,"['501c3 Status Nonprofit', 'Amazon', 'Amazon CloudFront', 'Animate It', 'Calendly', 'CloudFront', 'Cloudflare', 'Content Delivery Network', 'DAV', 'Divhunt', 'Facebook Conversion Tracking', 'Facebook Login', 'Facebook Messenger Platform', 'Facebook Pixel', 'Facebook Reseller', 'Facebook Tag API', 'Financial Industry Regulatory Authority', 'GZIP Module', 'InitiativeS', 'Investor Relations', 'Prospective', 'Tailwind CSS', 'UTF-8', 'Vector Internet Services', 'WF Cookie Consent', 'jsDelivr']"
heritageoptometry.com,Eye Doctor in Markham | Heritage Optometry,Heritage Optometry,CAN,82,1188,2026-09-13T04:01:39.957578452Z,"['Alternate Protocol', 'Amazon CloudFront', 'CloudFront', 'Duda', 'GZIP Module', 'Google Analytics', 'Google Related Website Sites', 'Google Tag Manager', 'Microdata for Google Shopping', 'Nginx', 'QUIC', 'Tailwind CSS', 'UTF-8']"
tuscanvalleyrealty.com,Home | Santa Teresa New Mexico | Tuscan Valley Realty,,USA,77,4108,2026-09-13T04:01:39.956234246Z,"['Alternate Protocol', 'Amazon CloudFront', 'CloudFront', 'Crisp', 'Duda', 'GZIP Module', 'Idaq', 'Microdata for Google Shopping', 'Nginx', 'Tailwind CSS', 'UTF-8']"
keltusservices.com,Keltus | Pursuit of Potential,Keltus,AUS,92,20308,2026-09-13T04:01:39.956949364Z,"['AJAX Libraries API', 'AWS WAF Challenge', 'Amazon', 'Amazon CloudFront', 'CloudFront', 'Cloudflare', 'Content Delivery Network', 'GZIP Module', 'Google', 'Google Cloud DNS', 'Google Font API', 'Google Tag Manager', 'IcoMoon', 'Instagram Follow Button', 'Microdata for Google Shopping', 'Tailwind CSS', 'UTF-8', 'WF Cookie Consent']"
google-search.co.uk,Google Search,,,57,6654,2026-09-13T04:01:39.950153199Z,"['Amazon CloudFront', 'Apture Linking Platform', 'CloudFront', 'Duda', 'GZIP Module', 'Google', 'Google Cloud CDN', 'Google Cloud DNS', 'Google Font API', 'Google My Business', 'Google Recommendations AI', 'Google Related Website Sites', 'Instagram Follow Button', 'Line2', 'Microdata for Google Shopping', 'Nginx', 'No-Q', 'PWA', 'PayPal Adaptive Payments', 'PayPal Button', 'PayPal Form', 'Site Search 360', 'Twitter Ads', 'UTF-8', 'Yell Business', 'YouTube']"
grayshippingsolutions.com,Logistics Services | Gray Shipping Solutions | U.S.-based International Services,,USA,82,50564,2026-09-13T03:50:59.979061249Z,"['Alternate Protocol', 'Amazon CloudFront', 'Better Lead Generation Services', 'CloudFront', 'Duda', 'FormSubmit', 'GZIP Module', 'Instagram Follow Button', 'KVH', 'Microdata for Google Shopping', 'Nginx', 'Tailwind CSS', 'Thank You', 'The Fresh', 'UTF-8']"
garageducompiegnois.fr,Accueil - ACS - Garage du Compiègnois,,,67,3264,2026-09-13T03:50:59.978965594Z,"['Amazon', 'Amazon CloudFront', 'Apture Linking Platform', 'CloudFront', 'Cloudflare', 'Content Delivery Network', 'GZIP Module', 'Google My Business', 'Instagram Follow Button', 'QUIC', 'Tailwind CSS', 'UTF-8', 'WF Cookie Consent', 'Webflow', 'Webflow Ecommerce']"
petreaimports.com,Petrea Imports | Wholesale Fine Italian Wine Distributor,,USA,87,13002,2026-09-13T03:50:59.978503135Z,"['AJAX Libraries API', 'Adobe Creative Cloud WebFonts', 'Amazon', 'Amazon CloudFront', 'CloudFront', 'Cloudflare', 'Content Delivery Network', 'Elfsight', 'GZIP Module', 'Google', 'Google Analytics', 'Google Cloud DNS', 'Google Font API', 'Google My Business', 'Google Tag Manager', 'IcoMoon', 'Instagram Follow Button', 'Jetboost', 'QUIC', 'Tailwind CSS', 'UTF-8', 'Vector Internet Services', 'WF Cookie Consent', 'Webflow', 'jsDelivr', 'reCAPTCHA']"
exfinityventures.com,Exfinity Ventures - Investors in B2B Ventures,Exfinity Ventures,,62,5500,2026-09-13T03:50:59.975826097Z,"['AJAX Libraries API', 'Amazon', 'Amazon CloudFront', 'Animate It', 'Apture Linking Platform', 'ArvanCloud', 'CloudFront', 'Cloudflare', 'Content Delivery Network', 'GZIP Module', 'Google', 'Google Analytics', 'Google Cloud DNS', 'Google Font API', 'Google Tag Manager', 'Microdata for Google Shopping', 'Microsoft Clarity', 'Tailwind CSS', 'Twitter Ads', 'UTF-8', 'WF Cookie Consent', 'jsDelivr']"
mywellnessrevival.com,"IV Nutrient Therapy, NAD+, Vitamin Injections, Platelet-Rich Plasma, Glutathione, Botox, Weight Loss and more | Wellness RevIVal Company",,USA,72,9580,2026-09-13T03:50:59.963086116Z,"['Amazon CloudFront', 'Clinic Sites', 'CloudFront', 'Content Delivery Network', 'DAV', 'Fullscript', 'GitHub Hosting', 'Google Analytics', 'Google Cloud DNS', 'Google Font API', 'Google Tag Manager', 'Instagram Follow Button', 'Jane App', 'Ruby on Rails', 'Sentry', 'Tailwind CSS', 'UTF-8']"
royal-blast.com,Royal Monuments & Engraving,,USA,70,26771,2026-09-13T03:50:59.958067375Z,"['Amazon', 'Amazon CloudFront', 'ClickOn', 'CloudFront', 'DAV', 'Ecwid Ecommerce Shopping Cart', 'Express', 'Financial Services Guide', 'GZIP Module', 'Google', 'Google Cloud DNS', 'Google Font API', 'Google Maps', 'Google My Business', 'Instagram Follow Button', 'KVH', 'Nginx', 'PWA', 'Show.co', 'Tailwind CSS', 'Twitter Ads', 'UTF-8', 'Vimeo', 'YouTube']"
mahoganytech.com,Technology Solutions | Mahogany Tech,,USA,82,48063,2026-09-13T03:50:59.944842463Z,"['AWS WAF Challenge', 'Alternate Protocol', 'Amazon CloudFront', 'CDN JS', 'Call to Visit', 'CloudFront', 'Cloudflare', 'Cloudflare CDN', 'Duda', 'Ethy', 'Font Awesome', 'FormSubmit', 'GZIP Module', 'Google Analytics', 'Google My Business', 'Google Tag Manager', 'Microdata for Google Shopping', 'Nginx', 'QUIC', 'Tailwind CSS', 'Thank You', 'The Fresh', 'UTF-8', 'YouTube']"
beginthelodge.com,Welcome to The Lodge,,,52,348,2026-09-13T03:50:59.939785373Z,"['Adobe Creative Cloud WebFonts', 'Amazon', 'Amazon CloudFront', 'CloudFront', 'Cloudflare', 'Content Delivery Network', 'GZIP Module', 'Google Analytics', 'Google Tag Manager', 'Tailwind CSS', 'UTF-8', 'Vimeo', 'WF Cookie Consent', 'Webflow']"
avoriusgrowthpartner.com,#1 B2B Outbound Agency In Aus & NZ | Avorius Partners,,USA,87,9994,2026-09-13T03:39:04.938282916Z,"['AI Log', 'Amazon', 'Amazon CloudFront', 'CloudFront', 'Cloudflare', 'Content Delivery Network', 'DAV', 'ElementUI', 'GZIP Module', 'Google Analytics', 'Google Related Website Sites', 'Google Tag Manager', 'Perl', 'QUIC', 'SmartLead AI', 'Tailwind CSS', 'UTF-8', 'Vector Internet Services', 'WF Cookie Consent', 'Wistia', 'YouTube', 'jsDelivr']"
ablerenovationandhandyman.com,Able Renovation & Handyman Services | Denton TX,,USA,72,468,2026-09-13T03:39:04.924593711Z,"['Alternate Protocol', 'Amazon CloudFront', 'CloudFront', 'Duda', 'GZIP Module', 'Google My Business', 'Nginx', 'QUIC', 'Tailwind CSS', 'UTF-8', 'Yelp Badge', 'YouTube']"
sourcevaluations.com,"Property Appraisals | Source Valuations, LLC","Source Valuations, LLC",,82,16284,2026-09-13T03:39:04.922795303Z,"['AWS WAF Challenge', 'Amazon CloudFront', 'Better Lead Generation Services', 'CloudFront', 'Duda', 'FormSubmit', 'GZIP Module', 'Google Related Website Sites', 'Microdata for Google Shopping', 'Nginx', 'Tailwind CSS', 'Thank You', 'UTF-8']"
theflowermill.ca,"Guelph, Waverley Florist | Same-Day Flower Delivery | Floral Images",,CAN,77,42010,2026-09-13T03:39:04.921186618Z,"['AJAX Libraries API', 'Amazon', 'Amazon CloudFront', 'Amazon Route 53', 'Apache', 'Apture Linking Platform', 'AutoComplete', 'CloudFront', 'Cloudinary', 'Content Delivery Network', 'Daily Deals', 'Fastly', 'GZIP Module', 'Google', 'Google Cloud CDN', 'Google Cloud DNS', 'Google Font API', 'Google Maps', 'Google My Business', 'Google Related Website Sites', 'Instagram Follow Button', 'Microdata for Google Shopping', 'Neighborhoods', 'Thank You', 'The Fresh', 'UTF-8', 'jQuery']"
cv-ketelrecycling.nl,CV Ketel Recycling,,RUS,62,564,2026-09-13T03:39:04.898014718Z,"['Amazon CloudFront', 'CloudFront', 'Duda', 'FormSubmit', 'GZIP Module', 'Nginx', 'Thank You', 'UTF-8']"
ellehairandbeauty.co.uk,Home page for elle hair and beauty in bolton,,,65,468,2026-09-13T03:29:37.741598196Z,"['Amazon CloudFront', 'CloudFront', 'Duda', 'GZIP Module', 'Google Analytics', 'Google Tag Manager', 'Instagram Follow Button', 'Nginx', 'Tailwind CSS', 'Twitter Ads', 'UTF-8', 'YouTube']"
datacenterindustrien.dk,Danish Data Center Industry (DDI),,DNK,82,468,2026-09-13T03:29:37.726553489Z,"['Alternate Protocol', 'Amazon CloudFront', 'CloudFront', 'Corporate Governance and Regulatory Compliance', 'Duda', 'GZIP Module', 'Microdata for Google Shopping', 'Nginx', 'QUIC', 'Tailwind CSS', 'UTF-8', 'eLand']"
deb.news,Deb.News,,CHL,75,146339,2026-09-13T03:29:37.716813173Z,"['AWS WAF Challenge', 'Adult Content', 'Alternate Protocol', 'Amazon CloudFront', 'Amazon WAF Blocked', 'Angular', 'Apache', 'Apture Linking Platform', 'Automattic', 'Azion', 'BLR', 'Cisco/Arrowpoint Content Service Switch', 'CloudFront', 'Corporate Governance and Regulatory Compliance', 'DAV', 'Debian', 'Exa Bytes Network', 'Express', 'Financial Services Guide', 'Fireblade', 'Forgejo', 'FreeBSD', 'GZIP Module', 'GitHub Hosting', 'Google My Business', 'Gravity', 'Liberapay', 'Medium', 'NFOrce Internet', 'Nginx', 'Oracle Cloud', 'PHP', 'Perl', 'Pixabay', 'Python', 'QUIC', 'SMC', 'Tumblr', 'UTF-8', 'University or College', 'Vector Internet Services', 'Vignette OpenText', 'Visual Studio', 'WebAssembly', 'WordPress', 'Yet Another Related Posts Plugin', 'YouTube', 'Zope', 'eLand', 'itch.io']"
briggshouze.com,Modern Apartments in Downtown Detroit's Entertainment District | Briggs Houze,,USA,77,6427,2026-09-13T03:29:37.701222953Z,"['AJAX Libraries API', 'Adobe Creative Cloud WebFonts', 'Alternate Protocol', 'Amazon', 'Amazon CloudFront', 'CloudFront', 'Cloudflare', 'Coming Soon Page', 'Content Delivery Network', 'DAV', 'ElementUI', 'Facebook Conversion Tracking', 'Facebook Login', 'Facebook Messenger Platform', 'Facebook Pixel', 'Facebook Reseller', 'Facebook Tag API', 'GZIP Module', 'Gambling Content', 'Google', 'Google Cloud DNS', 'Google Font API', 'Google Maps', 'Google My Business', 'Google Related Website Sites', 'Google Tag Manager', 'IcoMoon', 'Instagram Follow Button', 'Microdata for Google Shopping', 'Neighborhoods', 'QUIC', 'Tailwind CSS', 'UTF-8', 'University or College', 'WF Cookie Consent', 'jsDelivr']"
overcomeageism.com,Overcome Ageism,,,65,30180,2026-09-13T03:29:37.690115999Z,"['Alternate Protocol', 'Amazon CloudFront', 'Aruba', 'Authorize.net', 'ByteDance', 'CloudFront', 'Cloudflare', 'Cloudflare Web Analytics', 'Content Delivery Network', 'DAV', 'Fireblade', 'Google', 'Google Analytics', 'Google Cloud CDN', 'Google Cloud DNS', 'Google Cloud Storage', 'Google Font API', 'Google Tag Manager', 'Hyros', 'Nuxt.js', 'Perl', 'QUIC', 'Tailwind CSS', 'UTF-8', 'Vercel', 'eLand']"
aleaquo.com,"Community Association Insurance | Condos, Townhomes & Co-ops | DCI Insurance",,USA,92,86000,2026-09-13T03:29:37.686455484Z,"['AWS WAF Challenge', 'Amazon', 'Amazon CloudFront', 'Apture Linking Platform', 'Better Lead Generation Services', 'CloudFront', 'Cloudflare', 'Content Delivery Network', 'Endis', 'GZIP Module', 'LiveValidation', 'Microdata for Google Shopping', 'Microsoft 365', 'QUIC', 'SMC', 'UTF-8', 'WF Cookie Consent', 'jsDelivr']"
happycustomer.biz,Happy Customer | Home,Happy Customer,USA,67,4598,2026-09-13T03:29:37.684301408Z,"['Adult Content', 'Alternate Protocol', 'Amazon CloudFront', 'CloudFront', 'EqualWeb', 'GZIP Module', 'Google Analytics', 'Google Cloud DNS', 'Google Customer Reviews', 'Google Font API', 'Google My Business', 'Google Tag Manager', 'Housecall Pro', 'Microdata for Google Shopping', 'NFOrce Internet', 'QUIC', 'Schema Plugin', 'Tailwind CSS', 'TrustIndex', 'UTF-8', 'eLand']"
healingwithcryst.com,Sound Healing With Cryst,,MYS,77,17600,2026-09-13T03:29:37.68200655Z,"['AWS WAF Challenge', 'Amazon CloudFront', 'Aruba', 'Baidu Cloud', 'CDN JS', 'CloudFront', 'Cloudflare', 'Cloudflare CDN', 'GZIP Module', 'Google Analytics', 'Google My Business', 'Instagram Follow Button', 'Microdata for Google Shopping', 'OpenResty', 'Perl', 'UTF-8', 'YouTube', 'eLand', 'jQuery']"
jdservicerepairs.com,JD Service Repairs Plumbing Company LLC | SAN ANTONIO TX,,ESP,72,7247,2026-09-13T03:29:37.68296854Z,"['AJAX Libraries API', 'Amazon', 'Amazon CloudFront', 'Better Lead Generation Services', 'Carrd', 'CloudFront', 'Content Delivery Network', 'DAV', 'GZIP Module', 'Google', 'Google Cloud DNS', 'Google Font API', 'Google My Business', 'Google Related Website Sites', 'IcoMoon', 'Instagram Follow Button', 'QUIC', 'Tailwind CSS', 'UTF-8', 'WF Cookie Consent', 'reCAPTCHA']"
rosensmp.com,Rosen SMP,,,62,18800,2026-09-13T03:29:37.681360307Z,"['Amazon CloudFront', 'Aruba', 'Baidu Cloud', 'CDN JS', 'CloudFront', 'Cloudflare', 'Cloudflare CDN', 'Fireblade', 'GZIP Module', 'Google Analytics', 'Google Maps', 'Google My Business', 'Microdata for Google Shopping', 'OpenResty', 'Perl', 'UTF-8', 'eLand', 'jQuery', 'reCAPTCHA']"
onlineskillindia.com,Online Skill India,,IND,67,720,2026-09-13T03:29:37.664618793Z,"['Amazon CloudFront', 'Apache', 'Bulma', 'CDN JS', 'CloudFront', 'Cloudflare', 'Cloudflare CDN', 'GZIP Module', 'Google My Business', 'Google Play', 'Google Related Website Sites', 'PHP', 'QUIC', 'Tailwind CSS', 'UTF-8', 'Ubuntu', 'YouTube', 'jQuery', 'jsDelivr']"
angmeringsouthdownsrotaryclub.co.uk,Home,,SYC,75,15956,2026-09-13T03:29:37.658107293Z,"['123-Reg', 'AWS WAF Challenge', 'Amazon CloudFront', 'CloudFront', 'DAV', 'Duda', 'FormSubmit', 'GZIP Module', 'Instagram Follow Button', 'Line2', 'Microdata for Google Shopping', 'Nginx', 'Tailwind CSS', 'Thank You', 'Twitter Ads', 'UTF-8']"
goodgrow.ca,GoodGrow | Boost Your Business with Local SEO Services with GoodGrow,,TUR,82,15828,2026-09-13T03:16:15.174366426Z,"['AJAX Libraries API', 'Amazon', 'Amazon CloudFront', 'Apture Linking Platform', 'CloudFront', 'Cloudflare', 'Content Delivery Network', 'DC74', 'Form.IO', 'GZIP Module', 'Google', 'Google Analytics', 'Google Cloud DNS', 'Google Customer Reviews', 'Google Font API', 'Google Tag Manager', 'QUIC', 'Tailwind CSS', 'UTF-8', 'WF Cookie Consent']"
taijilife.ca,Tai ji Life,,,45,390,2026-09-13T03:16:15.171136217Z,"['Amazon', 'Amazon CloudFront', 'Amazon Route 53', 'CloudFront', 'Content Delivery Network', 'Express', 'GZIP Module', 'Nginx', 'Styled Components', 'Systeme', 'UTF-8']"
monarchfarmsnh.com,Monarch Farms,,,55,25577,2026-09-13T03:16:15.166712269Z,"['Amazon CloudFront', 'Aruba', 'CloudFront', 'Express', 'GZIP Module', 'Google Analytics', 'Google Tag Manager', 'IcoMoon', 'Instagram Follow Button', 'Line2', 'Magento Enterprise', 'Microdata for Google Shopping', 'QUIC', 'SiteW', 'Squarespace', 'Thank You', 'UTF-8', 'WordPress SEO Structured Data Schema Plugin', 'eLand']"
engagesoftai.com,Engagesoft | AI-Powered Employee Engagement SaaS Platform,,SAU,82,25347,2026-09-13T03:16:15.159453599Z,"['AJAX Libraries API', 'AWS WAF Challenge', 'Alternate Protocol', 'Amazon', 'Amazon CloudFront', 'Animate It', 'CDN JS', 'CloudFront', 'Cloudflare', 'Cloudflare CDN', 'Coming Soon Page', 'Content Delivery Network', 'GZIP Module', 'Google', 'Google Analytics', 'Google Cloud DNS', 'Google Font API', 'Google Tag Manager', 'IcoMoon', 'Perl', 'Tailwind CSS', 'Telegram', 'Twitter Ads', 'UTF-8', 'Vector Internet Services', 'WF Cookie Consent', 'jsDelivr']"
pivot-forward.co.uk,Pivot Forward | Human-First Business Change Consultancy,Pivot Forward,GBR,82,33528,2026-09-13T03:16:15.155445718Z,"['AWS WAF Challenge', 'Amazon', 'Amazon CloudFront', 'Animate It', 'ArvanCloud', 'CloudFront', 'Cloudflare', 'Content Delivery Network', 'ElementUI', 'Fireblade', 'GZIP Module', 'IcoMoon', 'Microdata for Google Shopping', 'QUIC', 'Thank You', 'UTF-8', 'WF Cookie Consent', 'jsDelivr']"
buycheap.ie,Buycheap.ie,,,50,647,2026-09-13T03:07:06.907307549Z,"['Alternate Protocol', 'Amazon', 'Amazon CloudFront', 'CloudFront', 'ETranslate', 'Ecwid Ecommerce Shopping Cart', 'GZIP Module', 'Google Cloud DNS', 'Google Maps', 'Nginx', 'PWA', 'QUIC', 'UTF-8', 'Unsplash', 'eLand']"
phillipriley.jp,Phillip Riley: Leading Renewable Energy Recruitment Firm in Japan,,JPN,82,3820,2026-09-13T03:07:06.897182358Z,"['Alternate Protocol', 'Amazon CloudFront', 'Bablic', 'CloudFront', 'Duda', 'ETranslate', 'FormSubmit', 'GZIP Module', 'Instagram Follow Button', 'Nginx', 'QUIC', 'Tailwind CSS', 'Thank You', 'Twitter Ads', 'UTF-8']"
oasinc.org,"Vocational Expert - Life Care Planners, Assessment Services","Occupational Assessment Services, Inc.",,72,1284,2026-09-13T03:07:06.892565943Z,"['Alternate Protocol', 'Amazon CloudFront', 'Amazon Widgets', 'CloudFront', 'Duda', 'Facebook Conversion Tracking', 'Facebook Login', 'Facebook Messenger Platform', 'Facebook Pixel', 'Facebook Reseller', 'Facebook Tag API', 'FormSubmit', 'GZIP Module', 'Google Related Website Sites', 'Google Tag Manager', 'Instagram Follow Button', 'Microdata for Google Shopping', 'Nginx', 'QUIC', 'Tailwind CSS', 'Thank You', 'Twitter Ads', 'UTF-8', 'YouTube', 'jsDelivr']"
km3mgmt.com,Rental Properties and Management Services in Wisconsin,,USA,72,105397,2026-09-13T03:07:06.892168815Z,"['Alternate Protocol', 'Amazon CloudFront', 'AppFolio', 'AudioEye', 'CloudFront', 'DAV', 'Duda', 'Financial Services Guide', 'Font Awesome', 'GZIP Module', 'K2F', 'KVH', 'Neighborhoods', 'Nginx', 'No-Q', 'QUIC', 'SMC', 'Subversion', 'Tailwind CSS', 'UTF-8']"
bellasbeautysalonfl.com,Beauty and hair care in Clearwater - Bella’s beauty Salon & Spa,Bella’s beauty Salon & Spa,USA,77,19659,2026-09-13T03:07:06.880211583Z,"['AWS WAF Challenge', 'Alternate Protocol', 'Amazon CloudFront', 'Astra Theme', 'CloudFront', 'Cloudflare', 'Cloudflare CDN', 'Content Delivery Network', 'Elementor', 'EmbedPress', 'Express', 'Google', 'Google Analytics', 'Google Cloud DNS', 'Google Font API', 'Google Maps', 'Google My Business', 'Google Tag Manager', 'Instagram Follow Button', 'Jetpack', 'LiteSpeed', 'Microdata for Google Shopping', 'NFOrce Internet', 'PHP', 'Schema Plugin', 'Square', 'Table Addons for Elementor', 'Theme In WP', 'UTF-8', 'WPFront Scroll Top', 'WhatsApp Sharing', 'Woo Themes', 'WordPress', 'WordPress Multisite', 'WordPress Related Posts', 'WordPress Stats', 'jQuery']"
demivollering.nl,Demi Vollering | It all starts with dreaming,,CHE,72,39260,2026-09-13T03:07:06.879182152Z,"['AJAX Libraries API', 'AWS WAF Challenge', 'Alternate Protocol', 'Amazon', 'Amazon CloudFront', 'ArvanCloud', 'CDN JS', 'CloudFront', 'Cloudflare', 'Cloudflare CDN', 'Content Delivery Network', 'ElementUI', 'GZIP Module', 'Google', 'Google Cloud DNS', 'Google Font API', 'Google Tag Manager', 'Instagram Follow Button', 'Linktree', 'Oddle', 'Phew', 'Tailwind CSS', 'UTF-8', 'Vector Internet Services', 'WF Cookie Consent', 'jsDelivr']"
lppmrentals.com,Liberty Place Property Management,,USA,72,40,2026-09-13T03:07:06.873255114Z,"['Amazon CloudFront', 'CDN JS', 'CloudFront', 'Cloudflare', 'Cloudflare CDN', 'Google Cloud DNS', 'Google Font API', 'Google My Business', 'Instagram Follow Button', 'LiteSpeed', 'PHP', 'Tailwind CSS', 'UTF-8', 'YouTube', 'shadcn ui']"
skandinaviskpersonal.se,Platsannonsera effektivt|Employer Branding|Storytelling|,,,62,760,2026-09-13T03:07:06.870565883Z,"['Amazon CloudFront', 'Apache', 'CloudFront', 'Concrete CMS', 'GZIP Module', 'Google Analytics', 'Google Cloud DNS', 'Google Font API', 'Google Related Website Sites', 'PHP', 'Subversion', 'Twitter Ads', 'UTF-8', 'Ubuntu', 'YouTube', 'jQuery']"
alancherrysclassicinteriors.com,General Contractor Boca Raton FL | Alan Cherry Classic,"Alan Cherry's Classic Interiors, LLC",USA,77,22068,2026-09-13T03:07:06.864351783Z,"['AWS WAF Challenge', 'Alternate Protocol', 'Amazon CloudFront', 'Apture Linking Platform', 'CloudFront', 'Duda', 'GZIP Module', 'Google Analytics', 'Google My Business', 'Google Related Website Sites', 'Google Tag Manager', 'Microdata for Google Shopping', 'Nginx', 'Perl', 'QUIC', 'Smooch', 'Styled Components', 'Tailwind CSS', 'UTF-8']"
ahalab.ai,AhaCreator | The world's #1 AI-native influencer marketing platform with 140k+ active creators,AhaCreator,,72,20570,2026-09-13T03:07:06.864659596Z,"['Amazon', 'Amazon CloudFront', 'Amazon Route 53', 'Ant Design Vue', 'ByteDance', 'CloudFront', 'Content Delivery Network', 'Discord', 'Fastly', 'Fireblade', 'GZIP Module', 'Google Analytics', 'Google Related Website Sites', 'Google Tag Manager', 'Instagram Follow Button', 'LinkedIn Insights', 'LinkedIn Pixel', 'Microdata for Google Shopping', 'Next.js', 'Pleroma', 'Tailwind CSS', 'TikTok Conversion Tracking Pixel', 'Twitter Ads', 'Twitter Analytics', 'UTF-8', 'YouTube', 'shadcn ui']"
andynaylorexcavation.com,Andy Naylor Excavation | Excavating Company | Home,,CAN,82,20920,2026-09-13T03:07:06.846178488Z,"['501c3 Status Nonprofit', 'AWS WAF Challenge', 'Amazon CloudFront', 'Amazon S3 CDN', 'Astro', 'Better Lead Generation Services', 'CloudFront', 'DAV', 'Financial Services Guide', 'GitHub Hosting', 'Google', 'Google Analytics', 'Google Cloud DNS', 'Google Font API', 'Google Maps', 'Google My Business', 'Google Tag Manager', 'Microdata for Google Shopping', 'Pico CSS', 'QUIC', 'ReviewWidget', 'Segment', 'Segment Consent Manager', 'Site.pro', 'Storyblocks', 'UTF-8', 'reCAPTCHA']"
makeitrightli.com,Make It Right Contracting | Renovation Contractor | Suffolk County,,USA,82,5920,2026-09-13T03:07:06.846563588Z,"['501c3 Status Nonprofit', 'Amazon CloudFront', 'Amazon S3 CDN', 'Astro', 'Better Lead Generation Services', 'CloudFront', 'Financial Services Guide', 'GitHub Hosting', 'Google', 'Google Analytics', 'Google Cloud DNS', 'Google Conversion Tracking', 'Google Font API', 'Google Maps', 'Google My Business', 'Google Tag Manager', 'Microdata for Google Shopping', 'Pico CSS', 'QUIC', 'ReviewWidget', 'Segment', 'Segment Consent Manager', 'Site.pro', 'Storyblocks', 'Subversion', 'UTF-8', 'reCAPTCHA']"
villafrancainn.com,Villa Franca Inn - A Boutique Inn in Downtown Monterey,,BRA,77,25560,2026-09-13T03:07:06.834891385Z,"['Alternate Protocol', 'Amazon', 'Amazon CloudFront', 'Cisco/Arrowpoint Content Service Switch', 'CloudFront', 'Google', 'Google Analytics', 'Google Cloud DNS', 'Google Font API', 'Google Related Website Sites', 'Google Tag Manager', 'Microdata for Google Shopping', 'Nginx', 'Siweb', 'UTF-8', 'University or College', 'WhatsApp Sharing']"
icmsmotorsportsafety.org,International Council of Motorsport Sciences (ICMS) - Home,,USA,60,29484,2026-09-13T03:07:06.828410734Z,"['Amazon', 'Amazon CloudFront', 'Amazon Route 53', 'CloudFront', 'Cloudflare', 'Cloudflare CDN', 'DoubleClick Bid Manager', 'Ecwid Ecommerce Shopping Cart', 'Font Awesome', 'Forethought', 'GZIP Module', 'GetResponse', 'Google', 'Google Analytics', 'Google Cloud DNS', 'Google Maps', 'Google My Business', 'Google Tag Manager', 'Instagram Follow Button', 'Linktree', 'Storyblocks', 'Twitter Ads', 'UTF-8', 'UserVoice', 'Wild Apricot', 'YouTube', 'Zendesk Embeddables', 'elevio', 'reCAPTCHA']"
skandinaviskpersonell.no,Effektiv annonsering|Vi tar ditt omdømme på alvor!SkanPers,,,57,3,2026-09-13T03:07:06.826286013Z,"['Amazon CloudFront', 'Apache', 'CloudFront', 'Concrete CMS', 'GZIP Module', 'Google Analytics', 'Google Cloud DNS', 'Google Font API', 'Google Related Website Sites', 'PHP', 'Subversion', 'Twitter Ads', 'UTF-8', 'Ubuntu', 'YouTube', 'jQuery']"
nlftihsahi.org,George A Benavides,,USA,67,205955,2026-09-13T03:07:06.786322043Z,"['3 Products', '501c3 Status Nonprofit', 'AWS WAF Challenge', 'Amazon CloudFront', 'Amazon WAF Blocked', 'Amazon Widgets', 'Apture Linking Platform', 'Automattic', 'Bing Cashback', 'BrandCrowd Website Builder', 'Chute', 'CloudFront', 'CoreUI', 'DAV', 'DailyMotion Video', 'Express', 'Federal Deposit Insurance Corporation', 'Financial Services Guide', 'Fireblade', 'GZIP Module', 'Gambling Content', 'Google', 'Google Cloud DNS', 'Google Cloud Storage', 'Google Font API', 'Google My Business', 'Google Related Website Sites', 'Harbor', 'Healthgrades', 'Instagram Follow Button', 'Investor Relations', 'NFOrce Internet', 'Neighborhoods', 'Nuxt.js', 'Oddle', 'Oracle Cloud', 'QUIC', 'Rumble Player', 'Thomson Reuters Corporate Solutions', 'UTF-8', 'University or College', 'Way', 'Yahoo Finance Widget', 'YouTube', 'eLand', 'uPress']"
djsremodeling.com,DJS Remodeling - Best Remodeling and backyard renovation Services in Frisco Tx,,,72,5920,2026-09-13T03:07:06.784048218Z,"['501c3 Status Nonprofit', 'Amazon CloudFront', 'Amazon S3 CDN', 'Astro', 'Better Lead Generation Services', 'CloudFront', 'Financial Services Guide', 'GitHub Hosting', 'Google', 'Google Analytics', 'Google Cloud DNS', 'Google Font API', 'Google Maps', 'Google My Business', 'Google Tag Manager', 'Microdata for Google Shopping', 'Pico CSS', 'QUIC', 'ReviewWidget', 'Segment', 'Segment Consent Manager', 'Site.pro', 'Storyblocks', 'UTF-8', 'reCAPTCHA']"
ebnorris.com,Cape Cod’s finest homes - EBNorris,,,47,63,2026-09-13T02:52:30.729058443Z,"['Alternate Protocol', 'Amazon CloudFront', 'CloudFront', 'GZIP Module', 'Google', 'Google Cloud CDN', 'Google Cloud DNS', 'Google Font API', 'Google My Business', 'Instagram Follow Button', 'Nginx', 'UTF-8']"
abizpharma.com,Abiz Pharma - PCD Pharma Company | Third Party Pharma Manufacturing,,IND,77,18667,2026-09-13T02:52:30.727485244Z,"['AJAX Libraries API', 'Amazon CloudFront', 'ArvanCloud', 'AutoComplete', 'Better Lead Generation Services', 'CDN JS', 'CloudFront', 'Cloudflare', 'Cloudflare CDN', 'Fireblade', 'Font Awesome', 'Google', 'Google Cloud DNS', 'Google Customer Reviews', 'Google Font API', 'IcoMoon', 'Instagram Follow Button', 'LiteSpeed', 'PHP', 'QUIC', 'Tailwind CSS', 'Twitter Ads', 'UTF-8', 'WF Cookie Consent', 'YouTube', 'jsDelivr']"
samtevans.com,Truck Caps | Sam T Evans,Sam T Evans,,67,468,2026-09-13T02:52:30.724425177Z,"['Amazon CloudFront', 'CloudFront', 'Duda', 'GZIP Module', 'Instagram Follow Button', 'Microdata for Google Shopping', 'Nginx', 'Tailwind CSS', 'UTF-8']"
bbrooms.hu,Private Karaoke Rooms in the Heart of Budapest,Blue Bird Karaoke Rooms,HUN,82,2400,2026-09-13T02:52:30.709174131Z,"['Amazon', 'Amazon CloudFront', 'Apture Linking Platform', 'CloudFront', 'Cloudflare', 'Content Delivery Network', 'GZIP Module', 'Google Analytics', 'Google My Business', 'Google Tag Manager', 'Instagram Follow Button', 'Microdata for Google Shopping', 'Tailwind CSS', 'UTF-8', 'WF Cookie Consent']"
anantjyotgrang.com,Anantjyot Grang,,USA,72,2947,2026-09-13T02:52:30.685440811Z,"['Amazon CloudFront', 'Coming Soon Page', 'Content Delivery Network', 'Fastly', 'GZIP Module', 'GitHub Hosting', 'Google Cloud DNS', 'Google Font API', 'Google My Business', 'Google Play', 'IcoMoon', 'Instagram Follow Button', 'Python', 'UTF-8', 'University or College', 'jQuery']"
solo-traveler.com,solo-traveler,,,30,8286,2026-09-13T02:52:30.684447616Z,"['Amazon', 'Amazon CloudFront', 'Amazon Route 53', 'CloudFront', 'Content Delivery Network', 'Fastly', 'Financial Services Guide', 'Fireblade', 'GZIP Module', 'Help.com', 'Nginx', 'Ntent', 'QUIC', 'SmartyStreets', 'Subversion', 'UTF-8']"
asiapacificmission.com,Home,,,50,288,2026-09-13T02:42:34.940842647Z,"['Alternate Protocol', 'Amazon CloudFront', 'CloudFront', 'Duda', 'FormSubmit', 'GZIP Module', 'InitiativeS', 'Nginx', 'Tailwind CSS', 'UTF-8', 'University or College']"
waverleymelbourne.com,Home | The Waverley International Hotel,,SYC,70,55745,2026-09-13T02:42:34.933185487Z,"['Alternate Protocol', 'Amazon', 'Amazon CloudFront', 'Amazon Route 53', 'Amazon S3 CDN', 'CloudFront', 'Content Delivery Network', 'ElementUI', 'Font Awesome', 'GZIP Module', 'Google Analytics', 'Google Cloud DNS', 'Google Maps', 'Google My Business', 'Google Tag Manager', 'IcoMoon', 'Imgix', 'Microdata for Google Shopping', 'SMC', 'SiteMinder']"
theoldestpub.com,The Royal Standard of England - The Oldest Pub,,GBR,82,4468,2026-09-13T02:42:34.929939514Z,"['Amazon CloudFront', 'CloudFront', 'Duda', 'GZIP Module', 'Google My Business', 'Idaq', 'Microdata for Google Shopping', 'Nginx', 'ResDiary', 'Tailwind CSS', 'UTF-8', 'YouTube']"
ozarksfwrmo.com,Ozarks Fire & Water Restoration Nixa & Springfield,,USA,72,91068,2026-09-13T02:42:34.923691593Z,"['Alternate Protocol', 'Amazon CloudFront', 'Apture Linking Platform', 'CloudFront', 'Content Delivery Network', 'Duda', 'Facebook Login', 'Facebook Messenger Platform', 'Facebook Pixel', 'Facebook Reseller', 'Facebook Tag API', 'GZIP Module', 'Google Analytics', 'Google My Business', 'Google Related Website Sites', 'Google Tag Manager', 'Mixpanel', 'Nginx', 'QUIC', 'Smooch', 'Tailwind CSS', 'Tealium', 'Thryv', 'UTF-8', 'iPromote']"
tessera4x4.es,"4x4 Auto Accesorios| Tessera4x4 accesorios | tessera4x4.es - Accesorios 4x4 de prima calidad (de Tessera4x4 accessories) para las camionetas (pickup), jeep, suv: Tapa enrollable de aluminio de la caja de carga, tapa del rollo, persiana enrollable, roll bar, pasamanos para caja, estriberas laterales & barras | tessera4x4.es",,ARG,75,46681,2026-09-13T02:42:34.922360009Z,"['AWS WAF Challenge', 'Alternate Protocol', 'Amazon CloudFront', 'Amazon WAF Blocked', 'AutoComplete', 'CloudFront', 'Cloudflare', 'Content Delivery Network', 'Content ad', 'DuracellTomi Google Tag Manager for WordPress', 'ElasticPress', 'EmbedPress', 'Facebook Conversion Tracking', 'Facebook Login', 'Facebook Messenger Platform', 'Facebook Pixel', 'Facebook Reseller', 'Facebook Tag API', 'Fireblade', 'Font Awesome', 'Formidable Pro Form', 'Genesis Blocks', 'Google', 'Google Analytics', 'Google Cloud CDN', 'Google Cloud DNS', 'Google Conversion Tracking', 'Google Font API', 'Google Tag Manager', 'IcoMoon', 'Instagram Follow Button', 'Kitco', 'Microdata for Google Shopping', 'OneSignal', 'PHP', 'PixelYourSite', 'Schema Plugin', 'Site Kit', 'Slider Revolution', 'Tailwind CSS', 'Tawk', 'Theme In WP', 'Twenty Twenty-One', 'Twitter Ads', 'UTF-8', 'Vimeo', 'WP Engine', 'WordPress', 'WordPress Multisite', 'YouTube', 'jQuery']"
agilegovernanceplatform.com,Agile Governance Platform,,USA,77,8668,2026-09-13T02:42:34.91404591Z,"['Amazon CloudFront', 'CloudFront', 'DAV', 'Duda', 'GZIP Module', 'Google My Business', 'Microdata for Google Shopping', 'Nginx', 'RM Education', 'Tailwind CSS', 'Typeform', 'UTF-8', 'University or College']"
markthetimeapp.com,Marked! — Sealand Family Apps,,,62,2450,2026-09-13T02:42:34.914777231Z,"['Amazon', 'Amazon CloudFront', 'Amazon Route 53', 'Amazon S3 CDN', 'Astro', 'CloudFront', 'Content Delivery Network', 'GitHub Hosting', 'The Deck']"
mynd.ai,"Mynd.ai, Inc. (MYND)",,USA,77,35515,2026-09-13T02:42:34.91357366Z,"['Alternate Protocol', 'Amazon', 'Amazon CloudFront', 'Amazon Route 53', 'Apache', 'CDN JS', 'CloudFront', 'Cloudflare', 'Cloudflare CDN', 'Corporate Governance and Regulatory Compliance', 'Cybot', 'GZIP Module', 'Google', 'Google Analytics', 'Google Cloud DNS', 'Google Font API', 'Google My Business', 'Google Tag Manager', 'Investor Relations', 'Material Design Icons', 'MediaMath', 'Microdata for Google Shopping', 'PWA', 'Pure.css', 'QUIC', 'QuoteMedia', 'Tailwind CSS', 'UTF-8', 'Vimeo', 'YouTube']"
mediacco.com,Mediacco | Creative Agency,,,67,20344,2026-09-13T02:42:34.912701717Z,"['AJAX Libraries API', 'Amazon', 'Amazon CloudFront', 'Animate It', 'CloudFront', 'Content Delivery Network', 'Fireblade', 'Google', 'Google Cloud DNS', 'Google Font API', 'Instagram Follow Button', 'Netlify', 'Tailwind CSS', 'UTF-8', 'University or College', 'WF Cookie Consent', 'Webflow']"
nilcreator.com,NIL Creator|athletes|education|information,,,57,878,2026-09-13T02:31:52.726812585Z,"['Alternate Protocol', 'Amazon CloudFront', 'CloudFront', 'Duda', 'Ethy', 'FormSubmit', 'GZIP Module', 'Nginx', 'Tailwind CSS', 'Thank You', 'UTF-8', 'University or College']"
allstarmedi.com,Home,,USA,40,228,2026-09-13T02:31:52.721446081Z,"['Amazon CloudFront', 'CloudFront', 'Duda', 'GZIP Module', 'Nginx', 'UTF-8']"
anthonyosborn.com,Anthony Osborn – Data Analytics & Data Visualisation Expert,,GBR,77,6076,2026-09-13T02:31:52.720561367Z,"['AJAX Libraries API', 'Amazon', 'Amazon CloudFront', 'Calendly', 'CloudFront', 'Cloudflare', 'Content Delivery Network', 'Express', 'GZIP Module', 'Google', 'Google Cloud DNS', 'Google Font API', 'Google My Business', 'IcoMoon', 'Nocodelytics', 'Python', 'UTF-8', 'University or College', 'WF Cookie Consent', 'Webflow']"
customchurchresources.com,"Shop Christian Bible Studies, Books, & Bibles | Lifeway",Lifeway Christian Resources,,72,121629,2026-09-13T02:31:52.72042346Z,"['Adobe Creative Cloud WebFonts', 'Alternate Protocol', 'Amazon', 'Amazon CloudFront', 'Amazon Route 53', 'Brightcove', 'CloudFront', 'Cloudinary', 'Content Delivery Network', 'Font Awesome', 'GZIP Module', 'Google Related Website Sites', 'Google Tag Manager', 'Imperva Bot Detection and Mitigation', 'Incapsula CDN', 'Instagram Follow Button', 'KVH', 'Microdata for Google Shopping', 'Next.js', 'Perl', 'SMC', 'Subversion', 'Tailwind CSS', 'To Top', 'Twitter Ads', 'UTF-8', 'Way']"
drumbuilder.com,"Drum Maker - DIY Supply Since 1995 - Build, Repair, Customize, Upgrade",,SGP,82,9423,2026-09-13T02:31:52.707923757Z,"['Alternate Protocol', 'Amazon CloudFront', 'Apture Linking Platform', 'Baidu Cloud', 'CDN JS', 'CloudFront', 'Cloudflare', 'Cloudflare CDN', 'Google Customer Reviews', 'Google Related Website Sites', 'IcoMoon', 'Instagram Follow Button', 'Microdata for Google Shopping', 'Newsletter for Wordpress', 'QUIC', 'Shopify', 'Shopify Collabs', 'UTF-8', 'Yandex Hosting', 'YouTube', 'eLand', 'hCaptcha', 'reCAPTCHA']"
optamericarg.com,OptAmerica Realty Group - Staten Island's Top Rated Local® Real Estate Agency,,USA,72,4216,2026-09-13T02:31:52.70649202Z,"['Amazon CloudFront', 'Call to Visit', 'CloudFront', 'EmbedPress', 'GZIP Module', 'Google Analytics', 'Google My Business', 'Google Related Website Sites', 'Google Tag Manager', 'Gravity', 'Gravity Forms', 'IDX Broker', 'IDXBroker', 'IcoMoon', 'Microdata for Google Shopping', 'PHP', 'QUIC', 'Tailwind CSS', 'Theme In WP', 'UTF-8', 'WordPress', 'WordPress Multisite', 'jQuery']"
aevarg.com,Ævar G,,,50,69,2026-09-13T02:31:52.703939234Z,"['AJAX Libraries API', 'Alternate Protocol', 'Amazon', 'Amazon CloudFront', 'Amazon Route 53', 'Apache', 'AutoComplete', 'CloudFront', 'Content Delivery Network', 'ElementUI', 'EmbedSocial', 'Fancybox for WordPress', 'GZIP Module', 'Google Cloud DNS', 'Google Font API', 'Instagram Follow Button', 'PHP', 'UTF-8', 'eLand', 'jQuery']"
heroyslawnservices.com,Heroy's Lawn Services | lawn care | Home,,,72,5920,2026-09-13T02:31:52.686802836Z,"['501c3 Status Nonprofit', 'Amazon CloudFront', 'Amazon S3 CDN', 'Astro', 'Better Lead Generation Services', 'CloudFront', 'Financial Services Guide', 'GitHub Hosting', 'Google', 'Google Analytics', 'Google Cloud DNS', 'Google Font API', 'Google Maps', 'Google My Business', 'Google Tag Manager', 'Microdata for Google Shopping', 'Perl', 'Pico CSS', 'QUIC', 'ReviewWidget', 'Segment', 'Segment Consent Manager', 'Site.pro', 'Storyblocks', 'UTF-8', 'reCAPTCHA']"
airtighttapes.co.uk,Adhesive tapes | Airtight Tapes,,USA,72,2695,2026-09-13T02:31:52.686129361Z,"['About Cookies', 'Alternate Protocol', 'Amazon CloudFront', 'CloudFront', 'Cybot', 'DAV', 'Duda', 'GZIP Module', 'Google Analytics', 'Google Related Website Sites', 'Google Tag Manager', 'Instagram Follow Button', 'Line2', 'Nginx', 'No-Q', 'QUIC', 'Tailwind CSS', 'Twitter Ads', 'UTF-8', 'Yell Business', 'YouTube']"
philachildrensalliance.org,home,,USA,72,1320,2026-09-13T02:20:22.774298037Z,"['Alternate Protocol', 'Amazon CloudFront', 'Bablic', 'Charity Navigator', 'CloudFront', 'Duda', 'FormSubmit', 'GZIP Module', 'Instagram Follow Button', 'Neighborhoods', 'Nginx', 'Tailwind CSS', 'Twitter Ads', 'UTF-8', 'YouTube']"
vente-scpi.fr,SCPI à décote · revente et achat marché secondaire | 2nd Market,,FRA,87,170817,2026-09-13T02:20:22.773416678Z,"['AJAX Libraries API', 'Alternate Protocol', 'Amazon', 'Amazon CloudFront', 'Animate It', 'CloudFront', 'Cloudflare', 'Content Delivery Network', 'CookieYes', 'Fireblade', 'Flow', 'GZIP Module', 'Google', 'Google Analytics', 'Google Cloud DNS', 'Google Font API', 'Google My Business', 'Google Tag Manager', 'IcoMoon', 'Intellimize', 'Microdata for Google Shopping', 'Microsoft Clarity', 'Tailwind CSS', 'UTF-8', 'Vignette OpenText', 'WF Cookie Consent', 'Webflow', 'YouTube', 'jsDelivr']"
merkazhadracha.co.il,מרכז הדרכה להתחדשות | דף הבית,,,47,288,2026-09-13T02:20:22.754322755Z,"['Amazon CloudFront', 'CloudFront', 'Duda', 'FormSubmit', 'GZIP Module', 'Nginx', 'Tailwind CSS', 'UTF-8', 'YouTube']"
billingshurstdental.co.uk,Billingshurst Dental Practice | Dentist West Sussex | Dentist Billingshurst,,GBR,87,4068,2026-09-13T02:20:22.751702488Z,"['Amazon', 'Amazon CloudFront', 'CloudFront', 'Cloudflare', 'Content Delivery Network', 'GZIP Module', 'Google My Business', 'Google Tag Manager', 'IcoMoon', 'QUIC', 'Tailwind CSS', 'UTF-8', 'WF Cookie Consent', 'YouTube', 'reCAPTCHA']"
team406disasterrelief.com,"Team 406: Commercial Cleaning & Handyman Services Butte, MT",,USA,82,5920,2026-09-13T02:20:22.751127812Z,"['501c3 Status Nonprofit', 'Amazon CloudFront', 'Amazon S3 CDN', 'Astro', 'Better Lead Generation Services', 'CloudFront', 'DAV', 'Financial Services Guide', 'GitHub Hosting', 'Google', 'Google Analytics', 'Google Cloud DNS', 'Google Font API', 'Google Maps', 'Google My Business', 'Google Tag Manager', 'Microdata for Google Shopping', 'Pico CSS', 'QUIC', 'ReviewWidget', 'Segment', 'Segment Consent Manager', 'Site.pro', 'Storyblocks', 'UTF-8', 'reCAPTCHA']"
currentsarttherapy.ca,Creative Arts Therapy | Currents Art Psychotherapy Studio,,CAN,67,9580,2026-09-13T02:20:22.748181744Z,"['Amazon CloudFront', 'Clinic Sites', 'CloudFront', 'Content Delivery Network', 'DAV', 'Google Analytics', 'Google Cloud DNS', 'Google Font API', 'Google Tag Manager', 'Instagram Follow Button', 'Jane App', 'Ruby on Rails', 'Sentry', 'Tailwind CSS', 'UTF-8']"
techsparkevents.com,Tech Spark Events - Event Technology Solutions,Tech Spark Events,CAN,92,81388,2026-09-13T02:20:22.733984117Z,"['AWS WAF Challenge', 'Alternate Protocol', 'Amazon CloudFront', 'Bizzabo', 'CleanTalk Spam Protect', 'CloudFront', 'Content Delivery Network', 'CookieYes', 'Cvent', 'Elementor', 'EmbedPress', 'Express', 'Font Awesome', 'Google', 'Google Analytics', 'Google Cloud CDN', 'Google Cloud DNS', 'Google Font API', 'Google My Business', 'Google Related Website Sites', 'Google Tag Manager', 'Header, Footer and Blocks for Elementor', 'IcoMoon', 'Instagram Follow Button', 'Intercom', 'LiteSpeed', 'Microdata for Google Shopping', 'PHP', 'Plausible Analytics', 'Schema Plugin', 'SplashThat', 'Table Addons for Elementor', 'Twitter Ads', 'UTF-8', 'Vercel', 'WordPress', 'WordPress Multisite', 'jQuery', 'reCAPTCHA']"
partybucketsnc.com,Party Buckets Mobile Basketball | North Carolina Mobile Basketball Trailer | Laurinburg,PartyBuckets,USA,77,105237,2026-09-13T02:20:22.721629536Z,"['Alternate Protocol', 'Amazon CloudFront', 'Amazon WAF Blocked', 'Apture Linking Platform', 'CloudFront', 'Content Delivery Network', 'DAV', 'Express', 'Fastly', 'Fastly CDN', 'Fireblade', 'FormSubmit', 'GZIP Module', 'Google Related Website Sites', 'Instagram Follow Button', 'Microdata for Google Shopping', 'NFOrce Internet', 'PWA', 'Perl', 'Pico CSS', 'QUIC', 'SMC', 'Seflow Italy', 'Sentry', 'SiteW', 'Subversion', 'Thank You', 'UTF-8', 'Vector Internet Services', 'WP Booking Calendar', 'Wix', 'Wix Media', 'mlcom']"
aaronsflooringllc.com,"Flooring Store servicing Frankfort, IN | Aaron’s Flooring LLC",Aaron’s Flooring LLC,,67,147309,2026-09-13T02:20:22.711937936Z,"['3 Products', 'Amazon', 'Amazon CloudFront', 'Amazon Route 53', 'Better Lead Generation Services', 'Builder', 'CloudFront', 'Cloudinary', 'Content Delivery Network', 'Express', 'Facebook Conversion Tracking', 'Facebook Login', 'Facebook Messenger Platform', 'Facebook Pixel', 'Facebook Reseller', 'Facebook Tag API', 'Fireblade', 'Font Awesome', 'GZIP Module', 'Google', 'Google Analytics', 'Google Cloud CDN', 'Google Cloud DNS', 'Google Font API', 'Google Related Website Sites', 'Google Tag Manager', 'Microdata for Google Shopping', 'Next.js', 'PWA', 'Pleroma', 'QUIC', 'Salesforce Experience Cloud', 'Thank You', 'UTF-8']"
karlsmechanical.net,Plumbing & HVAC Experts | Karls Mechanical Contractors,Karls Mechanical Contractors,,82,468,2026-09-13T02:20:22.710278887Z,"['Amazon CloudFront', 'CloudFront', 'Duda', 'GZIP Module', 'Google My Business', 'Microdata for Google Shopping', 'Nginx', 'Perl', 'QUIC', 'Styled Components', 'Tailwind CSS', 'UTF-8', 'Yelp Badge']"
sodertornsfolkhogskola.se,Solna Folkhögskola: Välkommen,,,67,2785,2026-09-13T02:07:15.462114601Z,"['Amazon', 'Amazon CloudFront', 'CloudFront', 'Cloudflare', 'Content Delivery Network', 'Cybot', 'GZIP Module', 'Google Analytics', 'Google Tag Manager', 'Instagram Follow Button', 'UTF-8', 'WF Cookie Consent']"
