domain,title,business_name,country,seo_score,tech_spend,crawled_at,technologies
compcancercare.org,Home - Complementary Cancer Care,Complementary Cancer Care,USA,85,19451,2026-09-14T10:28:30.657730407Z,"['501c3 Status Nonprofit', 'Alternate Protocol', 'Cloudflare', 'CoBlocks', 'Content Delivery Network', 'DAV', 'EmbedPress', 'Events Manager for WordPress', 'Express', 'Formidable Pro Form', 'GoDaddy', 'Google Cloud DNS', 'Google Font API', 'IcoMoon', 'Instagram Follow Button', 'Kahuna', 'Microdata for Google Shopping', 'PHP', 'PayPal Adaptive Payments', 'Schema Plugin', 'Shortcodes Ultimate', 'Thank You', 'Theme In WP', 'UTF-8', 'User.com', 'Wangsu', 'Woo Themes', 'WooCommerce Checkout', 'WordPress', 'WordPress Multisite', 'YouTube', 'jQuery']"
karinaskye.com,Karina Skye Music & Yoga,,,67,33312,2026-09-14T10:15:53.599737105Z,"['AWS WAF Challenge', 'Amazon Widgets', 'GitHub Hosting', 'GoDaddy', 'Google', 'Google Cloud DNS', 'Google Font API', 'Instagram Follow Button', 'Line2', 'PWA', 'PayPal Adaptive Payments', 'PayPal Button', 'PayPal Form', 'UTF-8', 'Wangsu', 'Website Tonight', 'YouTube']"
shirtex.net,Shirtex,,,42,1407,2026-09-14T10:15:53.570210642Z,"['Amazon', 'Apture Linking Platform', 'AutoComplete', 'Express', 'GZIP Module', 'Google Cloud DNS', 'Google Font API', 'Google Related Website Sites', 'License Buttons', 'Material Design Icons', 'Microdata for Google Shopping', 'Nginx', 'PHP', 'Parallels Plesk Panel', 'PayPal', 'PrestaShop', 'QUIC', 'Schema Plugin', 'UTF-8', 'Vector Internet Services']"
hillsflorist.com,"West Toronto Florist | Flower Delivery in the GTA | Hills Florist, est. 1933",,CAN,77,348045,2026-09-14T09:59:16.067628033Z,"['Adobe Analytics', 'Adobe Marketing Cloud', 'Amazon', 'Amazon CloudFront', 'Amazon Route 53', 'Bunny Fonts', 'Chatbase', 'CloudFront', 'Content Delivery Network', 'DemDex', 'DoubleClick Bid Manager', 'Express', 'Font Awesome', 'FreeCSSTemplates', 'GZIP Module', 'Google', 'Google Analytics', 'Google Cloud CDN', 'Google Cloud DNS', 'Google Cloud Storage', 'Google Font API', 'Google Maps', 'Google My Business', 'Google Related Website Sites', 'Google Tag Manager', 'Instagram Follow Button', 'Magento', 'Microdata for Google Shopping', 'PayPal Adaptive Payments', 'QUIC', 'Shopify', 'Stripe', 'The Fresh', 'UTF-8', 'Userpilot', 'YouTube', 'reCAPTCHA']"
wcfradio.org,"WCF Radio | Encouraging, Convicting, Uplifting",,,70,20117,2026-09-14T09:59:16.047306719Z,"['AWS WAF Challenge', 'Alternate Protocol', 'Bridge', 'Cloudflare', 'Contact Form Plugin', 'Content Delivery Network', 'DAV', 'EmbedPress', 'Font Awesome', 'Google', 'Google Analytics', 'Google Cloud CDN', 'Google Cloud DNS', 'Google Font API', 'Google My Business', 'Google Tag Manager', 'Microdata for Google Shopping', 'PHP', 'PayPal Button', 'PayPal Form', 'Schema Plugin', 'Slider Revolution', 'Theme In WP', 'UTF-8', 'WP Engine', 'WPBakery', 'WordPress', 'WordPress Multisite', 'eLand', 'jQuery', 'reCAPTCHA']"
qualityprintzone.com,qualityprintzone,,VEN,65,7035,2026-09-14T09:39:27.236963024Z,"['Amazon WAF Blocked', 'Apture Linking Platform', 'Checkout.com', 'Cisco/Arrowpoint Content Service Switch', 'Coming Soon Page', 'Content Delivery Network', 'Express', 'Google My Business', 'Instagram Follow Button', 'PayPal Adaptive Payments', 'QUIC', 'ShopBase', 'Tailwind CSS', 'Thank You', 'UTF-8', 'Umbler', 'YouTube', 'eLand', 'shadcn ui']"
fallenlotuspetals.com,Fallen Lotus Petals,,,62,15000,2026-09-14T09:39:27.228633397Z,"['Amazon Widgets', 'Express', 'Facebook Embedded Posts', 'GZIP Module', 'Google Analytics', 'Google My Business', 'Google Recommendations AI', 'Nginx', 'PWA', 'PayPal Button', 'PayPal Form', 'QUIC', 'Shockwave Flash Embed', 'Twitter Ads', 'UTF-8', 'YouTube']"
rancholagitana.org,Pátzcuaro Vision Campaign - Rancho La Gitana,Rancho La Gitana,,67,539,2026-09-14T09:30:10.966984352Z,"['Alternate Protocol', 'Contact Form Plugin', 'Content Delivery Network', 'Easy Fancybox', 'EmbedPress', 'Font Awesome', 'Google Analytics', 'Google Tag Manager', 'Jetpack', 'Microdata for Google Shopping', 'Nginx', 'PHP', 'PayPal Adaptive Payments', 'PayPal Button', 'PayPal Form', 'Theme In WP', 'Twitter Ads', 'UTF-8', 'WPML Multilingual', 'Woo Themes', 'WordPress', 'WordPress Multisite', 'eLand', 'jQuery', 'jQuery Pin It Button for Images']"
iglesianv.com,Iglesia Pentecostal | Nueva-vida | Hyattsville,,,57,27124,2026-09-14T09:21:57.12549246Z,"['Alternate Protocol', 'Amazon WAF Blocked', 'Apture Linking Platform', 'Content Delivery Network', 'Express', 'Fastly', 'Fastly CDN', 'GZIP Module', 'Instagram Follow Button', 'Microdata for Google Shopping', 'NFOrce Internet', 'PWA', 'PayPal Adaptive Payments', 'QUIC', 'SMC', 'Seflow Italy', 'Sentry', 'SiteW', 'UTF-8', 'Vector Internet Services', 'Wix', 'Wix Media', 'YouTube', 'iPlayerHD', 'mlcom']"
richmondmurugantemple.org,Home,,,67,18120,2026-09-14T09:21:57.081711881Z,"['Apache', 'Express', 'GoDaddy', 'Google', 'Google Cloud DNS', 'Google Font API', 'Google My Business', 'Google Tag Manager', 'PWA', 'PayPal Adaptive Payments', 'PayPal Button', 'PayPal Form', 'UTF-8', 'Wangsu', 'Website Tonight']"
votre.ca,Domain Name Registration Services,,CAN,72,57875,2026-09-14T09:07:34.934965213Z,"['AWS WAF Challenge', 'Alternate Protocol', 'Apache', 'Bulma', 'CDN JS', 'Calendly', 'Cloudflare', 'Cloudflare CDN', 'DoubleClick Bid Manager', 'Express', 'Fireblade', 'Font Awesome', 'Google', 'Google Analytics', 'Google Cloud DNS', 'Google My Business', 'Google Related Website Sites', 'Google Tag Manager', 'IcoMoon', 'Intercom', 'Mouseflow', 'NFOrce Internet', 'Ntent', 'PayPal Adaptive Payments', 'QUIC', 'SALESmanago', 'Seflow Italy', 'Seravo', 'Tailwind CSS', 'Twitter Ads', 'UTF-8', 'University or College', 'YouTube', 'jQuery', 'jsDelivr']"
ageconcernflackwellloudwater.co.uk,Age Concern | Age Concern Flackwell Heath & Loudwater | High Wycombe,Nancie Ross Centre,,77,119990,2026-09-14T09:07:34.93285322Z,"['Alternate Protocol', 'Amazon WAF Blocked', 'Apture Linking Platform', 'Content Delivery Network', 'DC74', 'Express', 'Fastly', 'Fastly CDN', 'GZIP Module', 'Google Related Website Sites', 'K2F', 'Microdata for Google Shopping', 'NFOrce Internet', 'POWr', 'PWA', 'PayPal Adaptive Payments', 'Perl', 'QUIC', 'SMC', 'Seflow Italy', 'Sentry', 'SiteW', 'Subversion', 'UTF-8', 'Vector Internet Services', 'Wix', 'Wix Media', 'mlcom']"
nea-rc.org,NEA-RC – NorthEast Arkansas Radio Club,,USA,70,30102,2026-09-14T08:50:44.646025852Z,"['AWS WAF Challenge', 'Alternate Protocol', 'Cloudflare', 'Cloudflare CDN', 'DAV', 'EmbedPress', 'Fireblade', 'FreeCSSTemplates', 'Google My Business', 'Hueman', 'Instagram Follow Button', 'PHP', 'PayPal Adaptive Payments', 'PayPal Button', 'PayPal Form', 'TablePress', 'Theme In WP', 'Twitter Ads', 'UTF-8', 'University or College', 'WordPress', 'WordPress Multisite', 'jQuery']"
doglogs.com,Dog Poop Cleanup - Dog Logs,Dog Logs,,92,18840,2026-09-14T08:22:47.203246655Z,"['GoDaddy', 'Google', 'Google Cloud DNS', 'Google Font API', 'Google My Business', 'Google Related Website Sites', 'Microdata for Google Shopping', 'PWA', 'PayPal Adaptive Payments', 'PayPal Button', 'PayPal Form', 'Square', 'UTF-8', 'Wangsu', 'Website Tonight']"
schedule-success.com,Schedule Success · Pavlos Mavromatis,,GRC,87,44087,2026-09-14T08:22:47.194079884Z,"['AWS WAF Challenge', 'Alternate Protocol', 'Amazon WAF Blocked', 'Band Camp', 'Camp', 'Cisco/Arrowpoint Content Service Switch', 'Cloudinary', 'Cornerstone', 'Fireblade', 'Google My Business', 'ImageKit.io', 'Microdata for Google Shopping', 'Nginx', 'PayPal Button', 'PayPal Form', 'QUIC', 'UTF-8', 'YouTube']"
theshepherdsdoor.com,"The Shepherd's Door Ministries of Atlanta, Georgia",,USA,82,113633,2026-09-14T08:11:30.099555713Z,"['Alternate Protocol', 'Amazon WAF Blocked', 'Apture Linking Platform', 'Content Delivery Network', 'DAV', 'Express', 'Fastly', 'Fastly CDN', 'GZIP Module', 'Google My Business', 'Google Related Website Sites', 'Instagram Follow Button', 'K2F', 'Microdata for Google Shopping', 'NFOrce Internet', 'No-Q', 'POWr', 'PWA', 'PayPal Adaptive Payments', 'Perl', 'QUIC', 'SMC', 'Sentry', 'SiteW', 'Subversion', 'Twitter Ads', 'UTF-8', 'University or College', 'Vector Internet Services', 'WP Booking Calendar', 'Wix', 'Wix Media', 'YouTube', 'eLand', 'mlcom']"
awesomepawsomeranch.com,Awesome Pawsome Ranch,,CAN,77,152817,2026-09-14T08:11:30.064139706Z,"['AWS WAF Challenge', 'Alternate Protocol', 'Amazon', 'Amazon WAF Blocked', 'Astra Theme', 'Cloudflare', 'Cloudflare CDN', 'DAV', 'Elementor', 'EmbedPress', 'Express', 'Facebook CDN', 'Fireblade', 'Font Awesome', 'Giropay', 'Google', 'Google Cloud CDN', 'Google Cloud DNS', 'Google Font API', 'Google My Business', 'HHVM', 'HMDG', 'Instagram Follow Button', 'K2F', 'KVH', 'Microsoft Clarity', 'NFOrce Internet', 'No-Q', 'Ntent', 'PHP', 'PayPal', 'QUIC', 'SMC', 'Slider Revolution', 'Sticky Header Effects for Elementor', 'Subversion', 'Table Addons for Elementor', 'Theme In WP', 'TrustIndex', 'UTF-8', 'Woo Themes', 'WordPress', 'WordPress Multisite', 'WordPress Related Posts', 'jQuery']"
coast2coastapp.net,Coast 2 Coast,,,50,1058,2026-09-14T08:11:30.062599115Z,"['AWS WAF Challenge', 'Content Delivery Network', 'Fastly', 'Font Awesome', 'GZIP Module', 'GitHub Hosting', 'Google Analytics', 'Google Cloud DNS', 'Google Font API', 'Google My Business', 'Google Tag Manager', 'IcoMoon', 'Instagram Follow Button', 'PayPal Adaptive Payments', 'Twitter Ads', 'UTF-8', 'jQuery']"
christmas1937.com,Christmas 1937 – One family's struggle with a child's potentially fatal disease.,,,55,,2026-09-14T08:11:30.057657089Z,"['Alternate Protocol', 'Apache', 'Automattic', 'EmbedPress', 'GZIP Module', 'Jetpack', 'Lazy Load for WordPress', 'PHP', 'PayPal Adaptive Payments', 'PayPal Button', 'PayPal Form', 'Theme In WP', 'UTF-8', 'WP Super Cache', 'WordPress', 'WordPress Multisite', 'WordPress Stats', 'jQuery']"
wildlaurel.com.au,Wild Laurel Bridal Accessories | BRIDAL ACCESSORIES AND VEILS,Wild Laurel Australia,USA,82,21793,2026-09-14T07:12:21.95572107Z,"['Alternate Protocol', 'Amazon', 'Apture Linking Platform', 'Cloudflare', 'CoBlocks', 'Contact Form Plugin', 'Content Delivery Network', 'EmbedPress', 'Express', 'Facebook Conversion Tracking', 'Facebook Login', 'Facebook Messenger Platform', 'Facebook Pixel', 'Facebook Reseller', 'Facebook Tag API', 'Flatsome', 'GoDaddy', 'Google Analytics', 'Google My Business', 'Google Tag Manager', 'IcoMoon', 'Instagram Follow Button', 'Jetpack', 'Jetpack Site Accelerator', 'MailChimp', 'Microdata for Google Shopping', 'NFOrce Internet', 'PHP', 'Parcel', 'PayPal', 'Tailwind CSS', 'Theme In WP', 'UTF-8', 'Wangsu', 'Woo Themes', 'WooCommerce', 'WooCommerce Checkout', 'WooCommerce Stripe Payment Gateway', 'WordPress', 'WordPress Multisite', 'WordPress Stats', 'jQuery', 'reCAPTCHA', 'shadcn ui']"
socalspecialtytools.com,Socal Specialty Tools,,,67,56979,2026-09-14T06:59:36.201252536Z,"['Carrd', 'Cloudflare', 'Cloudflare CDN', 'Cloudflare Web Analytics', 'Google Analytics', 'Google Cloud DNS', 'Google Font API', 'Google Related Website Sites', 'Google Tag Manager', 'PayPal Adaptive Payments', 'PayPal Button', 'PayPal Form', 'SMC', 'Vector Internet Services', 'reCAPTCHA']"
treeoflifeusa.org,Tree Of Life USA – Hope for the Hopeless,,,55,161,2026-09-14T06:59:36.170888394Z,"['Alternate Protocol', 'Cloudflare', 'Content Delivery Network', 'EmbedPress', 'GoDaddy', 'Instagram Follow Button', 'PHP', 'PayPal Adaptive Payments', 'PayPal Button', 'PayPal Form', 'Slider Revolution', 'Theme In WP', 'ThemeFusion', 'Twitter Ads', 'UTF-8', 'WP jQuery Lightbox', 'WordPress', 'WordPress Multisite', 'YouTube', 'jQuery']"
dentallabchina.us,Triple T Dental Laboratory | Reliable Dental Lab in Hong Kong,Triple T International Dental Laboratory,CHN,77,104284,2026-09-14T06:41:51.032309324Z,"['Alternate Protocol', 'Apture Linking Platform', 'Automattic', 'Content Square', 'Elementor', 'EmbedPress', 'GZIP Module', 'Google Analytics', 'Google Related Website Sites', 'Google Tag Manager', 'Hello Elementor', 'Hotjar', 'Jetpack', 'Microdata for Google Shopping', 'Microsoft Clarity', 'NFOrce Internet', 'Nginx', 'PHP', 'PayPal Adaptive Payments', 'QuadLayers', 'Table Addons for Elementor', 'Theme In WP', 'UTF-8', 'Woo Themes', 'WordPress', 'WordPress Multisite', 'WordPress Stats', 'jQuery']"
artfrontgalleries.com,Art Front Galleries | ACTIVATING VACANT STOREFRONTS WITH ARTISTIC VISION,,USA,70,2567,2026-09-14T06:30:10.445298384Z,"['501c3 Status Nonprofit', 'Alternate Protocol', 'Apture Linking Platform', 'Blog2Social', 'Contact Form Plugin', 'Content Delivery Network', 'Divi', 'Elegant Themes', 'EmbedPress', 'Events Manager for WordPress', 'Express', 'Financial Services Guide', 'Google Analytics', 'Google My Business', 'Google Tag Manager', 'Jetpack', 'LiteSpeed', 'MailChimp', 'Monarch Social Sharing Plugin For WordPress', 'NFOrce Internet', 'PHP', 'PayPal', 'QUIC', 'Share Link', 'Theme In WP', 'Twitter Ads', 'UTF-8', 'Woo Themes', 'WooCommerce', 'WooCommerce Checkout', 'WordPress', 'WordPress Multisite', 'eLand', 'jQuery']"
j-beautynatural.com,J-Beauty Natural - Japanese natural cosmetics shipped internationally,J-Beauty Natural,SGP,77,47696,2026-09-14T06:30:10.43760845Z,"['AWS WAF Challenge', 'Alternate Protocol', 'Amazon', 'Apture Linking Platform', 'Baidu Cloud', 'CDN JS', 'Cloudflare', 'Cloudflare CDN', 'DAV', 'Duoban', 'Express', 'Fireblade', 'Google Cloud DNS', 'GraphQL', 'Instagram Follow Button', 'Microdata for Google Shopping', 'PHP', 'PayPal', 'QUIC', 'Shipping Rates Calculator', 'Shopify', 'Shopify Collabs', 'Shopify Payments', 'Shopify Plus', 'Tailwind CSS', 'UTF-8', 'Vector Internet Services', 'Yandex Hosting', 'eLand', 'hCaptcha', 'jQuery', 'reCAPTCHA']"
doit4kids.com,"Doit4kids.com - Charity Organization, Non Profit Organization, Charitable Organizations",,UGA,77,30139,2026-09-14T06:30:10.414088473Z,"['AWS WAF Challenge', 'Apache', 'Font Awesome', 'Google Cloud DNS', 'Google Font API', 'Microdata for Google Shopping', 'PayPal Adaptive Payments', 'PayPal Button', 'PayPal Form', 'Schema Plugin', 'UTF-8', 'Wangsu', 'YouTube']"
lello.co.za,"Lello Wraps, Bags & Covers – Plastic Free – Reusable – Organic",,ZAF,80,306,2026-09-14T06:18:45.391205904Z,"['Alternate Protocol', 'Apture Linking Platform', 'Contact Form Plugin', 'DAV', 'EmbedPress', 'Express', 'Google Cloud DNS', 'Google Font API', 'LiteSpeed', 'Newsletter for Wordpress', 'PHP', 'PayPal', 'QUIC', 'Slider Revolution', 'Tailwind CSS', 'Theme In WP', 'WP Fastest Cache', 'Woo Themes', 'WooCommerce', 'WooCommerce Checkout', 'WordPress', 'WordPress Multisite']"
vehiclab.com,Buy Custom & Luxury Car Floor Mats Online | Vehiclab,Vehiclab,JPN,87,117564,2026-09-14T06:18:45.367537141Z,"['AJAX Libraries API', 'Alternate Protocol', 'Apture Linking Platform', 'Automattic', 'Complianz', 'Contact Form Plugin', 'Content Delivery Network', 'Customer Reviews for WooCommerce', 'DAV', 'EmbedPress', 'Express', 'Facebook Conversion Tracking', 'Facebook Login', 'Facebook Messenger Platform', 'Facebook Pixel', 'Facebook Reseller', 'Facebook Tag API', 'FiboSearch', 'Financial Services Guide', 'Fireblade', 'Google Adsense', 'Google Analytics', 'Google Cloud DNS', 'Google Funding Choices', 'Google Matched Content', 'Google My Business', 'Google Related Website Sites', 'Google Reseller', 'Google Tag Manager', 'Hexo', 'Idaq', 'Jetpack', 'K2F', 'KVH', 'LiteSpeed', 'Microdata for Google Shopping', 'NFOrce Internet', 'PHP', 'PayPal', 'QUIC', 'QUIC.cloud', 'SMC', 'Sitelinks Search Box', 'Slider Revolution', 'Subversion', 'Tailwind CSS', 'Theme In WP', 'UTF-8', 'WPBakery', 'Woo Themes', 'WooCommerce', 'WooCommerce Checkout', 'WordPress', 'WordPress Multisite', 'WordPress Stats', 'eLand', 'jQuery', 'reCAPTCHA']"
chicagolandbible.org,Chicagoland Bible Fellowship,,USA,55,860,2026-09-14T06:18:45.34324514Z,"['Adult Content', 'Alternate Protocol', 'Apple Auto Link Maker', 'Apture Linking Platform', 'Content Delivery Network', 'Elementor', 'EmbedPress', 'GZIP Module', 'Google My Business', 'Google Play', 'Hello Elementor', 'Logos Reftagger', 'NFOrce Internet', 'PHP', 'PayPal Adaptive Payments', 'PayPal Button', 'PayPal Form', 'Perl', 'Sucuri Cloudproxy', 'Theme In WP', 'UTF-8', 'WordPress', 'WordPress Multisite', 'Zoom Video Conferencing', 'jQuery']"
jake97.eu,Jake,Jake,,62,547,2026-09-14T05:59:28.197512515Z,"['Alternate Protocol', 'Apache', 'Apture Linking Platform', 'AutoComplete', 'Copy Anything to Clipboard', 'GZIP Module', 'Google Analytics', 'Google Tag Manager', 'GraphQL', 'IcoMoon', 'Material Design Icons', 'Microdata for Google Shopping', 'PHP', 'PayPal', 'PrestaShop', 'QUIC', 'Tailwind CSS', 'UTF-8']"
gometal.com,Thank you for shopping with us! - GOMETAL.COM,,,50,162,2026-09-14T05:59:28.183597006Z,"['Alternate Protocol', 'Amazon', 'Automattic', 'Bill Me Later', 'Content Delivery Network', 'Easy Table for WordPress', 'EmbedPress', 'Facebook Login', 'Facebook Messenger Platform', 'Facebook Pixel', 'Facebook Reseller', 'FreeCSSTemplates', 'GZIP Module', 'Google Cloud DNS', 'Google Font API', 'Google Related Website Sites', 'Jetpack', 'Microdata for Google Shopping', 'Nginx', 'PHP', 'PayPal Adaptive Payments', 'Perl', 'ProfilePress', 'Subversion', 'Theme In WP', 'UTF-8', 'WoWonder', 'Woo Themes', 'WooCommerce', 'WooCommerce Checkout', 'WordPress', 'WordPress Multisite', 'WordPress Stats', 'YouTube', 'YouTube Advanced by Embed Plus', 'jQuery']"
2cities.net,Christopher Meredith's Two Cities | Musical Rock & Roll Show Two Cities,,AUS,87,95141,2026-09-14T05:39:15.928312075Z,"['Alternate Protocol', 'Amazon WAF Blocked', 'Apture Linking Platform', 'Content Delivery Network', 'DAV', 'DC74', 'Express', 'Fastly', 'Fastly CDN', 'GZIP Module', 'Google Related Website Sites', 'Microdata for Google Shopping', 'NFOrce Internet', 'PWA', 'PayPal Adaptive Payments', 'Perl', 'QUIC', 'SMC', 'Seflow Italy', 'Sentry', 'SiteW', 'Thank You', 'UTF-8', 'Vector Internet Services', 'WP Booking Calendar', 'WebsitePolicies', 'Wix', 'Wix Media', 'eLand', 'mlcom']"
gaborharsanyi.com,Awakening with Gabor | Gabor Harsanyi,,HUN,72,508,2026-09-14T05:31:10.897951228Z,"['Amazon Widgets', 'Apache', 'Drupal', 'Express', 'GZIP Module', 'Google Analytics', 'Google Cloud DNS', 'Google Font API', 'Google Tag Manager', 'IcoMoon', 'Instagram Follow Button', 'PHP', 'PayPal Adaptive Payments', 'PayPal Button', 'PayPal Form', 'UTF-8', 'YouTube', 'jQuery', 'jsDelivr']"
neuroshielding.com,BrainShielding.com--EMF Shielding. Also see BrainShieldingStore.com.,,GBR,72,41300,2026-09-14T05:20:30.879839715Z,"['AWS WAF Challenge', 'Alternate Protocol', 'Amazon Associates Affiliate Shop', 'Amazon WAF Blocked', 'Amazon Widgets', 'Express', 'Fireblade', 'Google Analytics', 'Google My Business', 'Onyx Internet', 'PayPal Button', 'PayPal Form', 'Perl', 'QUIC', 'Share Link', 'StatCounter', 'Telegram', 'UTF-8', 'University or College', 'uPress']"
pandemicpapers.ca,Home | Pandemic Papers,,,50,26896,2026-09-14T05:20:30.87625969Z,"['Amazon WAF Blocked', 'Apture Linking Platform', 'Coming Soon Page', 'Content Delivery Network', 'Express', 'Fastly', 'Fastly CDN', 'GZIP Module', 'Instagram Follow Button', 'Microdata for Google Shopping', 'NFOrce Internet', 'PWA', 'PayPal Adaptive Payments', 'QUIC', 'SMC', 'Seflow Italy', 'Sentry', 'SiteW', 'UTF-8', 'Vector Internet Services', 'Wix', 'Wix Media', 'mlcom']"
freedomchoice.net,Freedom Choice Day School,Freedom Choice Day School,,87,18312,2026-09-14T05:07:02.986337787Z,"['GoDaddy', 'Google', 'Google Cloud DNS', 'Google Font API', 'Google My Business', 'Google Tag Manager', 'Line2', 'Microdata for Google Shopping', 'PWA', 'PayPal Adaptive Payments', 'PayPal Button', 'PayPal Form', 'UTF-8', 'Wangsu', 'Website Tonight', 'YouTube']"
laceinstitute.org,LACE Institute :: E.D. Afi Patterson,,,55,,2026-09-14T04:37:38.111532764Z,"['Coming Soon Page', 'Content Delivery Network', 'Corporate Governance and Regulatory Compliance', 'Express', 'Google Analytics', 'ISO/IEC 8859', 'Instagram Follow Button', 'Netlify', 'PayPal Button', 'PayPal Form', 'Twitter Ads', 'UTF-8', 'Urchin 5', 'YouTube']"
shulonthebeach.com,Shul on the Beach | Jewish Santa Monica | United States,Shul on the Beach,USA,77,153523,2026-09-14T04:27:45.122640022Z,"['Alternate Protocol', 'Amazon WAF Blocked', 'Apture Linking Platform', 'Content Delivery Network', 'DAV', 'Express', 'Fastly', 'Fastly CDN', 'GZIP Module', 'Google Related Website Sites', 'Instagram Follow Button', 'K2F', 'KVH', 'Microdata for Google Shopping', 'NFOrce Internet', 'Ntent', 'On The Map', 'POWr', 'PWA', 'PayPal Adaptive Payments', 'Perl', 'QUIC', 'SMC', 'Seflow Italy', 'Sentry', 'SiteW', 'Subversion', 'Twitter Ads', 'UTF-8', 'UpContent', 'Vector Internet Services', 'WP Booking Calendar', 'Wix', 'Wix Media', 'mlcom']"
genexam.net,Genexam.net JLPT HSK intermediate and advanced learning materials,Genexam.net,GBR,82,22514,2026-09-14T04:27:45.094817214Z,"['AWS WAF Challenge', 'Alternate Protocol', 'Apache', 'Cloudflare', 'Cloudflare CDN', 'EmbedPress', 'Google', 'Google Adsense', 'Google Analytics', 'Google Cloud DNS', 'Google Font API', 'Google Funding Choices', 'Google Matched Content', 'Google My Business', 'Google Reseller', 'Google Tag Manager', 'Microdata for Google Shopping', 'PayPal Adaptive Payments', 'Post Views Counter', 'Thank You', 'Twenty Twenty-Four', 'UTF-8', 'Ultimate Social Media', 'Vector Internet Services', 'WordPress', 'WordPress Multisite', 'jQuery']"
nathanreardoncricketcoaching.com.au,Nathan Reardon Cricket,Nathan Reardon Cricket,AUS,92,38499,2026-09-14T04:17:47.85260093Z,"['AWS WAF Challenge', 'Alternate Protocol', 'Amazon WAF Blocked', 'Aruba', 'Cloudflare', 'Cloudflare CDN', 'Content Delivery Network', 'Elementor', 'EmbedPress', 'Essential Addons for Elementor', 'Fireblade', 'Font Awesome', 'Google Analytics', 'Google Tag Manager', 'Gravity', 'Gravity Forms', 'Hello Elementor', 'Instagram Follow Button', 'JetElements', 'Microdata for Google Shopping', 'NFOrce Internet', 'PHP', 'PayPal Adaptive Payments', 'Sitelinks Search Box', 'Table Addons for Elementor', 'Theme In WP', 'UTF-8', 'University or College', 'Vector Internet Services', 'WP Engine', 'WordPress', 'WordPress Multisite', 'eLand', 'jQuery']"
votedaywicook.com,Daywi Cook for Covert Township Supervisor,,USA,72,15079,2026-09-14T04:05:12.403790761Z,"['Cloudflare', 'Coming Soon Page', 'Content Delivery Network', 'Fireblade', 'Google Analytics', 'Google Cloud DNS', 'Google Font API', 'Google Tag Manager', 'InitiativeS', 'Parcel', 'PayPal Button', 'PayPal Form', 'Tailwind CSS', 'UTF-8', 'University or College', 'jQuery']"
asiavenner.com,AsiaVenner,,,55,303,2026-09-14T04:05:12.398459278Z,"['Font Awesome', 'FormSubmit', 'GZIP Module', 'Microdata for Google Shopping', 'Nginx', 'PHP', 'Parallels Plesk Panel', 'PayPal Adaptive Payments', 'QUIC', 'Schema Plugin', 'UTF-8']"
sachnhanvan.com,Thế Giới Văn Học Việt - Sách Tiếng Việt Cho Mọi Người - Sách Nhân Văn,,USA,82,51403,2026-09-14T04:05:12.397096486Z,"['Amazon WAF Blocked', 'Apture Linking Platform', 'Aruba', 'Baidu Cloud', 'Bing Cashback', 'Bing Conversion Tracking', 'Checkout.com', 'Coming Soon Page', 'Content Delivery Network', 'Contento', 'Express', 'GTranslate', 'GoAffPro', 'Google Analytics', 'Google My Business', 'Google Recommendations AI', 'Google Related Website Sites', 'Google Tag Manager', 'Instagram Follow Button', 'Klaviyo', 'Lazy Load for WordPress', 'Material-UI', 'Microdata for Google Shopping', 'PayPal Adaptive Payments', 'Pinterest Conversion Tracking', 'QUIC', 'ShopBase', 'Tailwind CSS', 'Thank You', 'UTF-8', 'WordPress', 'Yandex Hosting', 'YouTube', 'eLand', 'shadcn ui']"
yelotaxis.co.uk,Taxis in Braintree From Yelo Taxi | Your Friendly Reliable Taxi Service,,GBR,92,2746,2026-09-14T03:54:07.760026132Z,"['Alternate Protocol', 'Apache', 'Content Delivery Network', 'DAV', 'Divi', 'Elegant Themes', 'EmbedPress', 'GZIP Module', 'Google', 'Google Cloud CDN', 'Google Cloud DNS', 'Google Font API', 'Microdata for Google Shopping', 'PHP', 'PayPal Button', 'PayPal Form', 'Theme In WP', 'UTF-8', 'Woo Themes', 'WordPress', 'WordPress Multisite', 'jQuery']"
edisc.com.au,eDISC Accreditation Australia | Trusted DISC Profiles,,AUS,77,3375,2026-09-14T03:54:07.756906652Z,"['Alternate Protocol', 'Apture Linking Platform', 'Atlas Pickup Points', 'Autoptimize', 'CDN JS', 'Cloudflare', 'Cloudflare CDN', 'Divi', 'Elegant Themes', 'EmbedPress', 'Express', 'Google Analytics', 'Google My Business', 'Google Related Website Sites', 'Google Tag Manager', 'Gravity', 'LiteSpeed', 'Microdata for Google Shopping', 'NFOrce Internet', 'PHP', 'PayPal', 'QUIC', 'Shipping Rates Calculator', 'Side Cart Woocommerce', 'StatCounter', 'UTF-8', 'WP Rocket', 'Woo Themes', 'WooCommerce', 'WooCommerce Checkout', 'WooCommerce Payments', 'WordPress', 'WordPress Multisite', 'eLand', 'jQuery']"
aimact.co.uk,"Aimact | IT Hardware, Smart Tech, and Gaming Equipment Specialists - AimAct",,,72,431919,2026-09-14T03:44:34.138529078Z,"['Adobe Analytics', 'Adobe Marketing Cloud', 'Apture Linking Platform', 'Braintree', 'Cloudflare', 'Cloudflare CDN', 'DemDex', 'Disqus Comment System for WordPress', 'DoubleClick Bid Manager', 'Elastic Suite', 'Express', 'Facebook Reseller', 'Font Awesome', 'Form.IO', 'Freshdesk Support', 'Freshworks CRM', 'GZIP Module', 'Google', 'Google Analytics', 'Google Cloud CDN', 'Google Cloud DNS', 'Google Font API', 'Google Maps', 'Google My Business', 'Google Tag Manager', 'IcoMoon', 'Klarna', 'Magento', 'Magento Enterprise', 'Nginx', 'PayPal Adaptive Payments', 'QUIC', 'Tailwind CSS', 'Trusted Shops', 'UTF-8', 'Vimeo', 'Vimeo CDN', 'Way', 'Wirecard', 'YouTube', 'reCAPTCHA']"
heavens-beauty.com,OUR NEWLY RE-DESIGNED WEBSITE – Heavens Beauty,,GBR,70,31439,2026-09-14T03:25:40.404921943Z,"['AWS WAF Challenge', 'Active Campaign', 'Adult Content', 'Alternate Protocol', 'Artisteer', 'EmbedPress', 'Fireblade', 'Gambling Content', 'Google Cloud DNS', 'Google Font API', 'Nginx', 'PHP', 'PayPal Adaptive Payments', 'Stripe', 'Theme In WP', 'UTF-8', 'Way', 'WordPress', 'WordPress Multisite', 'jQuery']"
historyarchive.org,"History Archive | Public Domain Books, Maps, Artwork and More.",,,62,5396,2026-09-14T03:08:00.695713869Z,"['Apache', 'Aruba', 'ETranslate', 'Express', 'FormSubmit', 'GTranslate', 'GZIP Module', 'Google', 'Google Adsense', 'Google Analytics', 'Google Cloud CDN', 'Google Custom Search', 'Google Funding Choices', 'Google Matched Content', 'Google My Business', 'Google Reseller', 'Google Tag Manager', 'Microdata for Google Shopping', 'PayPal Button', 'PayPal Form', 'Schema Plugin', 'Tailwind CSS', 'UTF-8', 'WP Google Search', 'eLand']"
phoneo.org,Home | phoneo,,NOR,65,87421,2026-09-14T02:56:37.461825612Z,"['Alternate Protocol', 'Amazon WAF Blocked', 'Apture Linking Platform', 'Content Delivery Network', 'DAV', 'Fastly', 'Fastly CDN', 'GZIP Module', 'Microdata for Google Shopping', 'NFOrce Internet', 'PWA', 'PayPal Adaptive Payments', 'Perl', 'QUIC', 'SMC', 'Sentry', 'SiteW', 'Sitelinks Search Box', 'UTF-8', 'Vector Internet Services', 'WP Booking Calendar', 'Wix', 'Wix Media', 'mlcom']"
wearartclub.com,wearart,,VEN,65,7075,2026-09-14T02:56:37.447458244Z,"['Amazon WAF Blocked', 'Apture Linking Platform', 'Checkout.com', 'Cisco/Arrowpoint Content Service Switch', 'Coming Soon Page', 'Content Delivery Network', 'Express', 'Google Cloud DNS', 'Google Font API', 'Google My Business', 'Instagram Follow Button', 'PayPal Adaptive Payments', 'QUIC', 'ShopBase', 'Tailwind CSS', 'Thank You', 'UTF-8', 'Umbler', 'YouTube', 'eLand', 'shadcn ui']"
craftelier.eu,Craftelier - Scrapbooking and Crafting store,,MEX,77,501574,2026-09-14T02:44:11.405815495Z,"['Adobe Analytics', 'Adobe Marketing Cloud', 'Alternate Protocol', 'Amazon', 'Amazon WAF Blocked', 'Amplitude', 'App Store', 'Apture Linking Platform', 'Azion', 'Bing Cashback', 'Bunny Fonts', 'ByteDance', 'Cloudflare', 'Cloudflare CDN', 'Coming Soon Page', 'Content Delivery Network', 'DemDex', 'Doofinder', 'DoubleClick Bid Manager', 'Ethy', 'Express', 'Facebook Conversion Tracking', 'Facebook Login', 'Facebook Messenger Platform', 'Facebook Pixel', 'Facebook Reseller', 'Facebook Tag API', 'Fastly', 'Fireblade', 'Font Awesome', 'GetResponse', 'GitHub Hosting', 'Google', 'Google Analytics', 'Google Cloud CDN', 'Google Cloud DNS', 'Google Cloud Storage', 'Google Font API', 'Google My Business', 'Google Play', 'Google Related Website Sites', 'Google Reseller', 'Google Tag Manager', 'Instagram Follow Button', 'Klarna', 'Magento', 'Magento Enterprise', 'Microdata for Google Shopping', 'Microsoft Clarity', 'New Relic', 'PWA', 'Particular Audience', 'PayPal Adaptive Payments', 'SALESmanago', 'SMC', 'Shopify', 'Storyblocks', 'Twitter Ads', 'UTF-8', 'Vimeo', 'Vimeo CDN', 'Visual Website Optimizer', 'YouTube', 'Zendesk Embeddables', 'reCAPTCHA']"
zizka.ch,Ondřej Žižka,,IDN,82,30335,2026-09-14T02:44:11.37144119Z,"['AWS WAF Challenge', 'Add to Any', 'Adobe ColdFusion', 'Adult Content', 'Apache', 'Apache Tomcat JK', 'Apture Linking Platform', 'Automattic', 'Bulma', 'CakePHP', 'Clustr Maps', 'Content Delivery Network', 'DAV', 'Express', 'Facebook Login', 'Facebook Reseller', 'Fastly', 'GZIP Module', 'GitHub Hosting', 'Google Analytics', 'Google Code Prettify', 'Google My Business', 'Google Tag Manager', 'Gravity', 'IcoMoon', 'Java EE', 'Java Servlet', 'NFOrce Internet', 'OSS CDN', 'Oracle Cloud', 'PHP', 'PayPal Adaptive Payments', 'PayPal Button', 'PayPal Form', 'Perl', 'Python', 'QUIC', 'RatingWidget', 'Subversion', 'UTF-8', 'Visual Studio', 'Zend Server']"
starrlace.com.au,Starr Lace and Ribbons,,,55,95774,2026-09-14T02:26:55.573275561Z,"['Accelerated Mobile Pages', 'AddThis for Wordpress', 'Adobe Analytics', 'Adobe Marketing Cloud', 'DemDex', 'DoubleClick Bid Manager', 'Express', 'Facebook CDN', 'Facebook Reseller', 'Font Awesome', 'Google', 'Google Analytics', 'Google Cloud CDN', 'Google Cloud DNS', 'Google Font API', 'Google Maps', 'Google My Business', 'Google Tag Manager', 'GroupMe', 'IcoMoon', 'Instagram Follow Button', 'LiteSpeed', 'Magento', 'PHP', 'PayPal Adaptive Payments', 'QUIC', 'Shore', 'Tailwind CSS', 'Twitter Ads', 'UTF-8', 'Vimeo', 'Vimeo CDN', 'Way', 'YouTube', 'reCAPTCHA']"
bahamashelpinghands.com,Helping Hands Bahmas,,,65,18312,2026-09-14T02:26:55.556066536Z,"['Alternate Protocol', 'GoDaddy', 'Google', 'Google Cloud DNS', 'Google Font API', 'Line2', 'PWA', 'PayPal Adaptive Payments', 'PayPal Button', 'PayPal Form', 'UTF-8', 'Wangsu', 'Website Tonight']"
thistlemcqwirky.com,ThistleMcQwirky,,,57,28534,2026-09-14T02:14:56.851958249Z,"['Amazon WAF Blocked', 'Apture Linking Platform', 'Content Delivery Network', 'DAV', 'DC74', 'Express', 'Fastly', 'Fastly CDN', 'GZIP Module', 'LiveChat Monitoring', 'Microdata for Google Shopping', 'NFOrce Internet', 'No-Q', 'PWA', 'PayPal Adaptive Payments', 'QUIC', 'SMC', 'Seflow Italy', 'Sentry', 'SiteW', 'Twitter Ads', 'UTF-8', 'Vector Internet Services', 'Wix', 'Wix Media', 'mlcom']"
alnaborlaw.com,Home | Al Nabor Law,Law Offices of Adolfo Nabor,USA,70,112108,2026-09-14T02:14:56.823550023Z,"['Amazon WAF Blocked', 'Apture Linking Platform', 'Content Delivery Network', 'Fastly', 'Fastly CDN', 'GZIP Module', 'K2F', 'Microdata for Google Shopping', 'NFOrce Internet', 'PWA', 'PayPal Adaptive Payments', 'Perl', 'QUIC', 'SMC', 'Sentry', 'SiteW', 'Subversion', 'UTF-8', 'Vector Internet Services', 'Wix', 'Wix Media', 'eLand', 'mlcom']"
jjsappliques.com,Home - JJ's Appliqués Machine Embroidery,,,45,8973,2026-09-14T02:04:34.853279788Z,"['Alternate Protocol', 'Apture Linking Platform', 'Cisco/Arrowpoint Content Service Switch', 'Cloudflare', 'Cloudflare CDN', 'DAV', 'Elegant Themes', 'EmbedPress', 'Fireblade', 'Google', 'Google Cloud CDN', 'Google Cloud DNS', 'Google Font API', 'Line2', 'MailChimp', 'Microdata for Google Shopping', 'PHP', 'PayPal', 'Perl', 'QUIC', 'Theme In WP', 'UTF-8', 'Vercel', 'W3 Total Cache', 'Woo Themes', 'WooCommerce', 'WooCommerce Checkout', 'WordPress', 'WordPress Multisite', 'YouTube', 'eLand', 'jQuery']"
alinabasics.shop,Alina Basics – Authentic Polynesian Clothes & Pacific Island Fashion - Alina Basics,,USA,77,25574,2026-09-14T01:54:51.54897015Z,"['AWS WAF Challenge', 'Adult Content', 'Amazon WAF Blocked', 'Apture Linking Platform', 'Barchart', 'Checkout.com', 'Coming Soon Page', 'Content Delivery Network', 'Cornerstone', 'DAV', 'Express', 'Google Analytics', 'Google My Business', 'Google Related Website Sites', 'Google Tag Manager', 'Harbor', 'InitiativeS', 'Instagram Follow Button', 'Klaviyo', 'PayPal Adaptive Payments', 'Pinterest Conversion Tracking', 'QUIC', 'ShopBase', 'Tailwind CSS', 'Thank You', 'Twitter Ads', 'UTF-8', 'Umbler', 'Underscores', 'YouTube', 'eLand', 'shadcn ui']"
cgclub.net,"CG Prompt Club | AI Video Prompt Generator for Kling, VEO, Runway & More",,,57,3,2026-09-14T01:42:05.802235852Z,"['Apache', 'GZIP Module', 'Google Cloud DNS', 'Google Font API', 'PayPal Button', 'PayPal Form', 'Tailwind CSS']"
columbiapubliclibrary.org,Home - Columbia Public Library,Columbia Public Library,GBR,65,19689,2026-09-14T01:32:48.95765465Z,"['AWS WAF Challenge', 'Alternate Protocol', 'Cloudflare', 'Content Delivery Network', 'EmbedPress', 'Eventbrite', 'FreeCSSTemplates', 'Google', 'Google Analytics', 'Google Cloud DNS', 'Google Font API', 'Google Tag Manager', 'Microdata for Google Shopping', 'PHP', 'PayPal Adaptive Payments', 'PayPal Button', 'PayPal Form', 'ShareThis', 'TablePress', 'Theme In WP', 'UTF-8', 'WP Engine', 'WordPress', 'WordPress Multisite', 'jQuery']"
indonesiaherbals.com,Home - Indonesia Genuine Herbal,,,67,1966,2026-09-14T01:22:33.443448564Z,"['3 Products', 'Alternate Protocol', 'Apture Linking Platform', 'EmbedPress', 'GZIP Module', 'Google Analytics', 'Google Cloud DNS', 'Google Font API', 'Google My Business', 'Google Tag Manager', 'MH Magazine', 'MH Themes', 'Microdata for Google Shopping', 'NFOrce Internet', 'Nginx', 'PHP', 'PayPal', 'QUIC', 'Schema Plugin', 'Theme In WP', 'UTF-8', 'Woo Themes', 'WooCommerce', 'WooCommerce Checkout', 'WordPress', 'WordPress Multisite', 'jQuery']"
nhdec.org,New Horizons Disability Empowerment Center : Prescott Valley AZ – Home,,,60,10382,2026-09-14T01:13:23.557624629Z,"['AJAX Libraries API', 'Alternate Protocol', 'CDN JS', 'Cloudflare', 'Cloudflare CDN', 'Contact Form Plugin', 'Content Delivery Network', 'Contento', 'EmbedPress', 'Font Awesome', 'GZIP Module', 'GiveWP', 'Google Analytics', 'Google Cloud DNS', 'Google Font API', 'Google Tag Manager', 'Gtranslate for Wordpress', 'Kriesi.at', 'PHP', 'PayPal Adaptive Payments', 'PayPal Button', 'PayPal Form', 'Sucuri Cloudproxy', 'Thank You', 'The Events Calendar', 'Theme In WP', 'UTF-8', 'WPBakery', 'WordPress', 'WordPress Multisite', 'jQuery']"
youruniquetalents.com,CliftonStrengths | Pyller Training & Development Pte Ltd,,,60,30518,2026-09-14T01:02:07.017665628Z,"['AWS WAF Challenge', 'Amazon', 'Amazon CloudFront', 'Amazon S3 CDN', 'Angular', 'Apture Linking Platform', 'Aruba', 'Cart.com', 'CloudFront', 'Express', 'GZIP Module', 'GetResponse', 'Google Cloud DNS', 'Google Font API', 'Google My Business', 'Nginx', 'PHP', 'PayPal Adaptive Payments', 'QUIC', 'Storyblocks', 'UTF-8', 'YouTube', 'eLand', 'reCAPTCHA']"
dontwaittolive.net,Rise Above Breakup Regrets Ebook | 24HourTherapy,,,60,36250,2026-09-14T01:02:07.011956816Z,"['AWS WAF Challenge', 'Alternate Protocol', 'Amazon', 'Amazon CloudFront', 'Amazon S3 CDN', 'Angular', 'Apture Linking Platform', 'Aruba', 'Cart.com', 'CloudFront', 'DAV', 'Endis', 'Express', 'Facebook Conversion Tracking', 'Facebook Login', 'Facebook Messenger Platform', 'Facebook Pixel', 'Facebook Reseller', 'Facebook Tag API', 'GZIP Module', 'GetResponse', 'Google Cloud DNS', 'Google Font API', 'Google My Business', 'Nginx', 'PHP', 'PayPal Adaptive Payments', 'Storyblocks', 'Stripe', 'UTF-8', 'Unsplash', 'Vimeo', 'YouTube', 'eLand', 'reCAPTCHA', 'uPress', 'vzaar']"
hokaline.us,The Best Shisha Accessories from Hoka Line,,,67,396579,2026-09-14T00:41:41.242958382Z,"['Accelerated Mobile Pages', 'Adobe Analytics', 'Adobe Marketing Cloud', 'Authorize.net', 'Braintree', 'Cloudflare', 'Cloudflare CDN', 'Cloudflare Web Analytics', 'Content Delivery Network', 'DemDex', 'DoubleClick Bid Manager', 'Express', 'Facebook Reseller', 'Fireblade', 'Font Awesome', 'Google', 'Google Analytics', 'Google Cloud CDN', 'Google Cloud DNS', 'Google Maps', 'Google My Business', 'Google Tag Manager', 'Magento', 'Magento Enterprise', 'PayPal Adaptive Payments', 'QUIC', 'Twitter Ads', 'UTF-8', 'Vimeo', 'Vimeo CDN', 'Way', 'YouTube', 'reCAPTCHA']"
zelswellness.com,Home - ZEL'S Massage & Fitness Zone,ZEL'S Massage & Fitness Zone,,60,842,2026-09-14T00:25:08.944029814Z,"['Alternate Protocol', 'Apture Linking Platform', 'Automattic', 'DAV', 'Elementor', 'EmbedPress', 'GZIP Module', 'Google Analytics', 'Google Cloud DNS', 'Google Font API', 'Google My Business', 'Google Pay', 'Google Related Website Sites', 'Google Tag Manager', 'Hello Elementor', 'Instagram Follow Button', 'Jetpack', 'Microdata for Google Shopping', 'NFOrce Internet', 'Nginx', 'Ntent', 'PHP', 'PayPal', 'QUIC', 'Square', 'Table Addons for Elementor', 'Theme In WP', 'TrustIndex', 'UTF-8', 'Woo Themes', 'WooCommerce', 'WooCommerce Checkout', 'WooCommerce Payments', 'WooLentor', 'WordPress', 'WordPress Multisite', 'WordPress Stats', 'YouTube', 'jQuery']"
psyouarefabulous.org,Home - P.S. YOU ARE FABULOUS!,,,75,38448,2026-09-14T00:15:04.759878976Z,"['Adobe Creative Cloud WebFonts', 'Alternate Protocol', 'Cloudflare', 'Contact Form Plugin', 'Content Delivery Network', 'EmbedPress', 'Font Awesome', 'GoDaddy', 'Google', 'Google Cloud DNS', 'Google Font API', 'M247', 'Microdata for Google Shopping', 'PHP', 'PayPal Adaptive Payments', 'Tailwind CSS', 'Theme In WP', 'UTF-8', 'Wangsu', 'WordPress', 'WordPress Multisite', 'jsDelivr']"
jqarte.com,Jacques Quillery - Nature Paintings from the heart of Costa Rica,Jacques Quillery,CRI,82,5193,2026-09-13T23:53:49.870139022Z,"['Alternate Protocol', 'Apache', 'Apture Linking Platform', 'ElementUI', 'Elementor', 'EmbedPress', 'Facebook CDN', 'Facebook Conversion Tracking', 'Facebook Customer Chat SDK', 'Facebook Login', 'Facebook Messenger Platform', 'Facebook Pixel', 'Facebook Reseller', 'Facebook Tag API', 'FormSubmit', 'GZIP Module', 'Google Analytics', 'Google Cloud DNS', 'Google Font API', 'IcoMoon', 'Instagram Feed for WordPress', 'Instagram Follow Button', 'Microdata for Google Shopping', 'NFOrce Internet', 'Neve', 'PHP', 'PayPal', 'Polylang', 'StackPath', 'Theme In WP', 'UTF-8', 'Ultimate Social Media', 'WPFront Scroll Top', 'Woo Themes', 'WooCommerce', 'WooCommerce Checkout', 'WordPress', 'WordPress Multisite', 'jQuery']"
christiansciencerockville.com,"Home | CS Rockville, MD",,USA,70,102270,2026-09-13T23:53:49.83564103Z,"['AWS WAF Challenge', 'Alternate Protocol', 'Amazon WAF Blocked', 'Apture Linking Platform', 'Content Delivery Network', 'Express', 'Fastly', 'Fastly CDN', 'GZIP Module', 'Google My Business', 'Microdata for Google Shopping', 'NFOrce Internet', 'POWr', 'PWA', 'PayPal Adaptive Payments', 'Perl', 'QUIC', 'SMC', 'Sentry', 'SiteW', 'UTF-8', 'Vector Internet Services', 'Wix', 'Wix Media', 'mlcom']"
dotorg.org,Some Blithering Idiot,,USA,70,349,2026-09-13T23:43:41.059413679Z,"['Alternate Protocol', 'Amazon WAF Blocked', 'Apache', 'Automattic', 'EmbedPress', 'GZIP Module', 'Gambling Content', 'Google My Business', 'GrubHub', 'PayPal Adaptive Payments', 'PayPal Button', 'PayPal Form', 'QUIC', 'Twitter Ads', 'UTF-8', 'WP Super Cache', 'WordPress', 'WordPress Multisite']"
amacros.com,amacrosy,,VEN,65,21835,2026-09-13T23:43:41.028802837Z,"['Amazon WAF Blocked', 'Apture Linking Platform', 'Checkout.com', 'Cisco/Arrowpoint Content Service Switch', 'Coming Soon Page', 'Content Delivery Network', 'Express', 'Facebook Conversion Tracking', 'Facebook Login', 'Facebook Messenger Platform', 'Facebook Pixel', 'Facebook Reseller', 'Facebook Tag API', 'Fireblade', 'Google My Business', 'Instagram Follow Button', 'PayPal Adaptive Payments', 'QUIC', 'ShopBase', 'Tailwind CSS', 'Thank You', 'UTF-8', 'YouTube', 'eLand', 'shadcn ui']"
nycemf.org,NYCEMF 2026 – NYCEMF 2026,,USA,65,89,2026-09-13T23:43:41.016025819Z,"['Alternate Protocol', 'Apache', 'EmbedPress', 'FreeCSSTemplates', 'GZIP Module', 'Google Cloud DNS', 'Google Font API', 'PHP', 'PayPal Adaptive Payments', 'PayPal Button', 'PayPal Form', 'TablePress', 'Theme In WP', 'Twitter Ads', 'UTF-8', 'WordPress', 'WordPress Multisite', 'jQuery']"
discovermeditation.com,"Pragito Dove, Best Selling Author, Speaker, & Teacher",,USA,77,20129,2026-09-13T23:30:29.655778843Z,"['Adobe Creative Cloud WebFonts', 'Alternate Protocol', 'Amazon WAF Blocked', 'Apture Linking Platform', 'Cornerstone', 'Elementor', 'ElementsKit Elementor', 'EmbedPress', 'Essential Addons for Elementor', 'Express', 'GZIP Module', 'Google', 'Google Analytics', 'Google Cloud DNS', 'Google Font API', 'Gravity', 'Gravity Forms', 'Imperva Bot Detection and Mitigation', 'Instagram Follow Button', 'Microdata for Google Shopping', 'NFOrce Internet', 'Nginx', 'PayPal', 'Popup Maker for Wordpress', 'Slider Revolution', 'Sticky Header Effects for Elementor', 'Twitter Ads', 'UTF-8', 'WPBakery', 'Woo Themes', 'WooCommerce Checkout', 'WordPress', 'WordPress Multisite', 'YouTube', 'jQuery']"
nevada1864.com,The Big Elephant Club,,,70,43312,2026-09-13T23:20:49.353965912Z,"['Contento', 'GoDaddy', 'Google', 'Google Cloud DNS', 'Google Font API', 'Line2', 'PWA', 'PayPal Adaptive Payments', 'PayPal Button', 'PayPal Form', 'Thank You', 'UTF-8', 'Wangsu', 'Website Tonight']"
chameleascience.com,Kids Birthday Parties in Toronto & GTA | Chamelea Science Center,Chamelea Science,CAN,82,23447,2026-09-13T23:11:22.273847884Z,"['AWS WAF Challenge', 'Alternate Protocol', 'Apache', 'BunnyCDN', 'BunnyCDN General', 'DAV', 'Elementor', 'EmbedPress', 'Facebook Conversion Tracking', 'Facebook Login', 'Facebook Messenger Platform', 'Facebook Pixel', 'Facebook Reseller', 'Facebook Tag API', 'Font Awesome', 'GZIP Module', 'Google Analytics', 'Google Cloud DNS', 'Google Font API', 'Google My Business', 'Google Related Website Sites', 'Google Tag Manager', 'Gravity', 'Hello Elementor', 'Hotjar', 'Instagram Follow Button', 'Microdata for Google Shopping', 'NFOrce Internet', 'PHP', 'PayPal Button', 'PayPal Form', 'Theme In WP', 'UTF-8', 'WordPress', 'WordPress Multisite', 'YouTube', 'jQuery', 'reCAPTCHA']"
hfsfriends.org,Haddonfield Friends School – Private School in Haddonfield New Jersey,,,55,6890,2026-09-13T23:00:37.203349325Z,"['AWS WAF Challenge', 'Alternate Protocol', 'Contact Form Plugin', 'EmbedPress', 'GZIP Module', 'Givebutter', 'Google Analytics', 'Google Calendar', 'Google Cloud DNS', 'Google Font API', 'Google My Business', 'Google Tag Manager', 'Instagram Follow Button', 'Nginx', 'Oddle', 'PHP', 'ParentSquare', 'PayPal Button', 'PayPal Form', 'QUIC', 'Slider Revolution', 'Tabs Responsive', 'Theme In WP', 'UTF-8', 'University or College', 'WPBakery', 'Woo Themes', 'WordPress', 'WordPress Multisite', 'jQuery']"
inkartdesigns.com,Ink Art Designs | Ink Art Designs,,,45,8882,2026-09-13T23:00:37.171488548Z,"['AWS WAF Challenge', 'Advanced Woo Search', 'Alternate Protocol', 'Amazon WAF Blocked', 'Anti-spam for WordPress', 'Apture Linking Platform', 'CleanTalk Spam Protect', 'Cloudflare', 'Content Delivery Network', 'Custom Facebook Feed', 'Custom Twitter Feeds', 'Divi', 'Elegant Themes', 'EmbedPress', 'Express', 'Fireblade', 'Font Awesome', 'Google Cloud DNS', 'Google Font API', 'Instagram Feed for WordPress', 'Instagram Follow Button', 'LiteSpeed', 'Mermaid', 'NFOrce Internet', 'PHP', 'PayPal', 'TI WooCommerce Wishlist', 'Theme In WP', 'UTF-8', 'WP Engine', 'WP PageNavi', 'Woo Themes', 'WooCommerce', 'WooCommerce Checkout', 'WordPress', 'WordPress Multisite', 'YouTube', 'eLand', 'jQuery']"
bonmuaoregon.com,About | 2024 Bon Mua Oregon,Bon Mua Oregon,USA,77,89828,2026-09-13T22:50:41.635052302Z,"['Alternate Protocol', 'Amazon WAF Blocked', 'Apture Linking Platform', 'Content Delivery Network', 'Express', 'Fastly', 'Fastly CDN', 'GZIP Module', 'Google Related Website Sites', 'Instagram Follow Button', 'Microdata for Google Shopping', 'NFOrce Internet', 'PWA', 'PayPal Adaptive Payments', 'QUIC', 'SMC', 'Seflow Italy', 'Sentry', 'SiteW', 'Sitelinks Search Box', 'Thank You', 'UTF-8', 'Vector Internet Services', 'Wix', 'Wix Media', 'YouTube', 'mlcom']"
darhct.org,DesisAroundRockyHillCT Inc.-,,IND,77,,2026-09-13T22:42:43.574841726Z,"['Apache', 'CDN JS', 'Cloudflare', 'Cloudflare CDN', 'GZIP Module', 'PayPal Adaptive Payments', 'PayPal Button', 'PayPal Form', 'University or College', 'jsDelivr']"
caterexpress.ie,CaterExpress | Professional Commercial Kitchens,,,55,384,2026-09-13T22:42:43.518705782Z,"['Alternate Protocol', 'Animate It', 'Apture Linking Platform', 'Bridge', 'Coming Soon Page', 'EmbedPress', 'Express', 'Financial Services Guide', 'Font Awesome', 'GZIP Module', 'Google Cloud DNS', 'Google Font API', 'Google Maps', 'Google My Business', 'Google Related Website Sites', 'Microdata for Google Shopping', 'Nginx', 'Ninja Forms', 'PHP', 'Parallels Plesk Panel', 'PayPal', 'Perl', 'Schema Plugin', 'Slider Revolution', 'Theme In WP', 'UTF-8', 'UberMenu', 'Variation Swatches for WooCommerce', 'WPBakery', 'Woo Themes', 'WooCommerce', 'WooCommerce Checkout', 'WordPress', 'WordPress Multisite', 'eLand', 'jQuery', 'reCAPTCHA']"
akross.ca,AKROSS Canada Taekwondo Supplies AKROSS Canada Taekwondo Supplies,AKROSS Canada Corp.,CAN,82,386822,2026-09-13T22:28:42.471960332Z,"['Accelerated Mobile Pages', 'Adobe Analytics', 'Adobe Marketing Cloud', 'Amazon', 'Amazon CloudFront', 'Amazon Route 53', 'Argento', 'Canada Post', 'CloudFront', 'Content Delivery Network', 'DemDex', 'DoubleClick Bid Manager', 'Express', 'Facebook Conversion Tracking', 'Facebook Login', 'Facebook Messenger Platform', 'Facebook Pixel', 'Facebook Reseller', 'Facebook Tag API', 'Font Awesome', 'GZIP Module', 'Google', 'Google Analytics', 'Google Cloud CDN', 'Google Cloud DNS', 'Google Font API', 'Google Maps', 'Google My Business', 'Google Tag Manager', 'Instagram Follow Button', 'Magento', 'Magento Enterprise', 'MailChimp', 'Microdata for Google Shopping', 'Nginx', 'PayPal Adaptive Payments', 'QUIC', 'SMSBump', 'Sitelinks Search Box', 'Storyblocks', 'Swell Rewards', 'Tailwind CSS', 'Twitter Ads', 'UTF-8', 'Vimeo', 'Vimeo CDN', 'Way', 'Yotpo', 'YouTube', 'reCAPTCHA']"
eastendbaptistsa.com,East End Baptist Church,,,55,3448,2026-09-13T22:09:10.774486856Z,"['Apache', 'Express', 'GitHub Hosting', 'GoDaddy', 'Google', 'Google Cloud DNS', 'Google Font API', 'Line2', 'PWA', 'PayPal Adaptive Payments', 'PayPal Button', 'PayPal Form', 'UTF-8', 'Wangsu', 'Website Tonight', 'YouTube']"
graduation-stoles.com,Graduation Stoles – Your One Stop Source For Multicultural Stoles,,,67,7697,2026-09-13T22:09:10.76218954Z,"['Add to Any', 'Alternate Protocol', 'Apache', 'EmbedPress', 'GZIP Module', 'GitHub Hosting', 'Google', 'Google Analytics', 'Google Cloud DNS', 'Google Conversion Tracking', 'Google Font API', 'Google My Business', 'Google Related Website Sites', 'Google Tag Manager', 'Klaviyo', 'Klaviyo for WordPress', 'Microdata for Google Shopping', 'PHP', 'PayPal Adaptive Payments', 'PixelYourSite', 'QUIC', 'Theme In WP', 'UTF-8', 'University or College', 'Woo Themes', 'WooCommerce', 'WooCommerce Checkout', 'WordPress', 'WordPress Multisite', 'YouTube', 'jQuery', 'reCAPTCHA']"
tremplin.io,Tremplin.io : Crypto & Blockchain Marketing Agency,Tremplin.io,,72,4345,2026-09-13T21:56:39.28568619Z,"['Accordion Blocks', 'Alternate Protocol', 'Amazon WAF Blocked', 'EmbedPress', 'Express', 'Giropay', 'Google Cloud DNS', 'Google Font API', 'Google My Business', 'Gutenberg Blocks by Kadence Blocks', 'Kadence WP', 'Microdata for Google Shopping', 'NFOrce Internet', 'PHP', 'PayPal', 'Perl', 'Theme In WP', 'UTF-8', 'WP Super Cache', 'WordPress', 'WordPress Multisite', 'hCaptcha', 'hCaptcha for WordPress', 'jQuery', 'reCAPTCHA', 'shadcn ui']"
kiltoutfit.co.uk,Kilt Outfit |Custom Made Premium Quality Full Kilt Suit,,GBR,82,385919,2026-09-13T21:56:39.276406028Z,"['2Checkout', 'Accelerated Mobile Pages', 'Adobe Analytics', 'Adobe Marketing Cloud', 'Alternate Protocol', 'Amazon', 'Amazon CloudFront', 'Amazon Route 53', 'Authorize.net', 'AvanGate', 'Braintree', 'Checkout.com', 'CloudFront', 'DemDex', 'Express', 'Facebook Reseller', 'Font Awesome', 'GitHub Hosting', 'Google', 'Google Analytics', 'Google Cloud CDN', 'Google Cloud DNS', 'Google Maps', 'Google My Business', 'Google Tag Manager', 'Instagram Follow Button', 'Klarna', 'Magento', 'Magento Enterprise', 'Microdata for Google Shopping', 'Nginx', 'PayPal Adaptive Payments', 'QUIC', 'Sitelinks Search Box', 'Tailwind CSS', 'Twitter Ads', 'UTF-8', 'Vimeo', 'Vimeo CDN', 'Way', 'YouTube', 'Zoho SalesIQ', 'reCAPTCHA']"
kiltherren.de,Traditionelle Schottenrock | Kilt kaufen | Kilt Herren,,USA,82,386717,2026-09-13T21:56:39.276253337Z,"['2Checkout', 'Accelerated Mobile Pages', 'Adobe Analytics', 'Adobe Marketing Cloud', 'Alternate Protocol', 'Amazon', 'Amazon CloudFront', 'Amazon Route 53', 'Authorize.net', 'AvanGate', 'Braintree', 'Checkout.com', 'CloudFront', 'DemDex', 'Express', 'Facebook Reseller', 'Font Awesome', 'GitHub Hosting', 'Google', 'Google Analytics', 'Google Cloud CDN', 'Google Cloud DNS', 'Google Maps', 'Google My Business', 'Instagram Follow Button', 'Klarna', 'Magento', 'Magento Enterprise', 'Microdata for Google Shopping', 'Nginx', 'PayPal Adaptive Payments', 'QUIC', 'Sitelinks Search Box', 'Tailwind CSS', 'Twitter Ads', 'UTF-8', 'Vimeo', 'Vimeo CDN', 'Way', 'YouTube', 'Zendesk Guide', 'reCAPTCHA']"
riasc.net,RIA Software,,,67,7208,2026-09-13T21:56:39.24762367Z,"['GZIP Module', 'Google Analytics', 'Google My Business', 'Google Tag Manager', 'IcoMoon', 'PHP', 'PayPal Button', 'PayPal Form', 'Tailwind CSS', 'Twitter Ads', 'UTF-8', 'Visual Studio', 'Zend Server', 'reCAPTCHA']"
haselaeuft.de,Hase Läuft,,DEU,70,5116,2026-09-13T21:36:49.498863214Z,"['AJAX Libraries API', 'Amazon', 'Amazon CloudFront', 'Animate It', 'CloudFront', 'Cloudflare', 'Content Delivery Network', 'GZIP Module', 'Google', 'Google Cloud DNS', 'Google Font API', 'PayPal Adaptive Payments', 'PayPal Button', 'PayPal Form', 'Perl', 'Tailwind CSS', 'UTF-8', 'WF Cookie Consent', 'Webflow', 'YouTube', 'jsDelivr']"
percussionfarms.org,Percussion Farms,,USA,75,2439,2026-09-13T21:27:00.743836046Z,"['Adult Content', 'Coming Soon Page', 'Content Delivery Network', 'Fastly', 'GZIP Module', 'GitHub Hosting', 'Instagram Follow Button', 'PayPal', 'PayPal Button', 'PayPal Form', 'Tailwind CSS', 'Twitter Ads', 'UTF-8', 'jsDelivr']"
cafemamba.co.nz,"cafe mamba – Plimmer Steps, Wellington CBD. Tel: 0223700680",,NZL,65,6968,2026-09-13T21:27:00.728370498Z,"['Alternate Protocol', 'Apture Linking Platform', 'Codero', 'EmbedPress', 'Google Cloud DNS', 'Google Font API', 'Microdata for Google Shopping', 'NFOrce Internet', 'Nginx', 'PHP', 'Parallels Plesk Panel', 'PayPal', 'Storefront', 'Theme In WP', 'UTF-8', 'Woo Themes', 'WooCommerce', 'WooCommerce Checkout', 'WooCommerce Payments', 'WordPress', 'WordPress Multisite', 'jQuery']"
globalpeaceflag.com,HOME | Global Peace Flag,,,72,94990,2026-09-13T21:16:13.280392892Z,"['Alternate Protocol', 'Amazon WAF Blocked', 'Apture Linking Platform', 'Content Delivery Network', 'DC74', 'Express', 'Fastly', 'Fastly CDN', 'GZIP Module', 'Google Related Website Sites', 'Instagram Follow Button', 'Microdata for Google Shopping', 'NFOrce Internet', 'POWr', 'PWA', 'PayPal Adaptive Payments', 'QUIC', 'SMC', 'Seflow Italy', 'Sentry', 'SiteW', 'Sitelinks Search Box', 'Thank You', 'UTF-8', 'Vector Internet Services', 'Wix', 'Wix Media', 'eLand', 'mlcom']"
coloradovizsla.org,Colorado/Wyoming Vizsla Rescue Group,,ZAF,77,1228,2026-09-13T20:53:07.341215813Z,"['501c3 Status Nonprofit', 'Apache', 'DAV', 'GZIP Module', 'Google Analytics', 'Google Cloud DNS', 'Google Font API', 'Google Related Website Sites', 'IcoMoon', 'PayPal Adaptive Payments', 'PayPal Button', 'PayPal Form', 'QUIC', 'Subversion', 'UTF-8', 'jQuery']"
michaelscookbook.com,Home,,,62,16788,2026-09-13T20:41:58.235081231Z,"['Alternate Protocol', 'Apache', 'CDN JS', 'Cloudflare', 'Cloudflare CDN', 'Fireblade', 'GZIP Module', 'Google Analytics', 'Google My Business', 'Google Tag Manager', 'Instagram Follow Button', 'Microdata for Google Shopping', 'OneSignal', 'PWA', 'PayPal Button', 'PayPal Form', 'Tailwind CSS', 'Thank You', 'Twitter Ads', 'UTF-8']"
surgicalwings.org,Surgical Wings,Surgical Wings,,75,18120,2026-09-13T20:41:58.200187936Z,"['GitHub Hosting', 'GoDaddy', 'Google', 'Google Cloud DNS', 'Google Font API', 'Instagram Follow Button', 'Microdata for Google Shopping', 'PWA', 'PayPal Adaptive Payments', 'PayPal Button', 'PayPal Form', 'UTF-8', 'Wangsu', 'Website Tonight', 'YouTube']"
faychurch.org,Faith Assembly Church of Ypsilanti,,,55,500,2026-09-13T20:32:47.742600621Z,"['Alternate Protocol', 'Elementor', 'EmbedPress', 'Hello Elementor', 'NFOrce Internet', 'PHP', 'PayPal Button', 'PayPal Form', 'QUIC', 'Table Addons for Elementor', 'Theme In WP', 'UTF-8', 'WordPress', 'WordPress Multisite', 'jQuery']"
euce.com,EUCE – Physical Therapy Machine,,USA,65,31855,2026-09-13T20:32:47.742017612Z,"['AWS WAF Challenge', 'Alternate Protocol', 'Apache', 'Contact Form Plugin', 'EmbedPress', 'Express', 'Fireblade', 'Flatsome', 'GZIP Module', 'Google Analytics', 'Google My Business', 'Google Tag Manager', 'IcoMoon', 'PHP', 'PayPal Adaptive Payments', 'QUIC', 'Site Kit', 'Theme In WP', 'UTF-8', 'Woo Themes', 'WooCommerce', 'WooCommerce Checkout', 'WordPress', 'WordPress Multisite', 'YouTube', 'jQuery', 'reCAPTCHA']"
sunshine4palestine.com,Sunshine4Palestine | Sun is Life,,ESP,70,557,2026-09-13T20:32:47.727316005Z,"['Alternate Protocol', 'Bulma', 'EmbedPress', 'Google Cloud DNS', 'Google Font API', 'IcoMoon', 'LiteSpeed', 'PHP', 'PayPal Button', 'PayPal Form', 'Theme In WP', 'UTF-8', 'University or College', 'WordPress', 'WordPress Multisite', 'jQuery']"
outerwavelogistics.com,"OuterWave Logistics — Groceries, Pharmacy, Retail & Business Courier | Pittsboro & Triangle NC",,USA,77,20080,2026-09-13T20:21:24.696229859Z,"['Amazon', 'Apture Linking Platform', 'Content Delivery Network', 'Corporate Governance and Regulatory Compliance', 'Google', 'Google Analytics', 'Google Cloud DNS', 'Google Font API', 'Google Maps', 'Google My Business', 'Google Recommendations AI', 'Google Tag Manager', 'Next.js', 'Parcel', 'PayPal Adaptive Payments', 'Pleroma', 'QUIC', 'UTF-8', 'Vercel']"
rideability.org,Rideability – Where everyone is able,,,55,419,2026-09-13T20:21:24.662720485Z,"['AWS WAF Challenge', 'Alternate Protocol', 'Apache', 'Cloudflare', 'Cloudflare CDN', 'EmbedPress', 'Fonts Plugin', 'GZIP Module', 'Google', 'Google Cloud DNS', 'Google Font API', 'Google My Business', 'IcoMoon', 'PHP', 'PayPal Adaptive Payments', 'PayPal Button', 'PayPal Form', 'Theme In WP', 'UTF-8', 'WordPress', 'WordPress Multisite', 'jQuery']"
concero.store,UK Technology Store for Business and Education,,,62,473895,2026-09-13T20:03:51.250862469Z,"['3 Products', 'Adobe Analytics', 'Adobe Marketing Cloud', 'Apture Linking Platform', 'Braintree', 'Bunny Fonts', 'Daily Deals', 'DemDex', 'DoubleClick Bid Manager', 'Elastic Suite', 'Express', 'Font Awesome', 'GZIP Module', 'Google', 'Google Analytics', 'Google Cloud CDN', 'Google Cloud DNS', 'Google Cloud Storage', 'Google Font API', 'Google Maps', 'Google My Business', 'Google Tag Manager', 'IcoMoon', 'Klarna', 'Magento', 'Magento Enterprise', 'Nginx', 'PayPal Adaptive Payments', 'QUIC', 'SMC', 'Shopify', 'Tailwind CSS', 'Twitter Ads', 'UTF-8', 'Vimeo', 'Vimeo CDN', 'Way', 'Wirecard', 'WordPress', 'YouTube', 'reCAPTCHA']"
bdcusa.org,HOME | Bdcusa,,GBR,70,89270,2026-09-13T19:49:23.305246504Z,"['Amazon WAF Blocked', 'Apture Linking Platform', 'Content Delivery Network', 'Express', 'Fastly', 'Fastly CDN', 'GZIP Module', 'Microdata for Google Shopping', 'NFOrce Internet', 'POWr', 'PWA', 'PayPal Adaptive Payments', 'QUIC', 'SMC', 'Seflow Italy', 'Sentry', 'SiteW', 'UTF-8', 'Vector Internet Services', 'Wix', 'Wix Media', 'eLand', 'mlcom']"
savingsoulsforchrist.com,Saving Souls For Christ,,ISR,77,15040,2026-09-13T19:19:21.457486319Z,"['AWS WAF Challenge', 'Apache', 'DAV', 'GZIP Module', 'Google Cloud DNS', 'Google Font API', 'PayPal Button', 'PayPal Form', 'UTF-8', 'University or College']"
chicksahoyfarm.com,Chicks Ahoy Farm | Urban Agriculture,Chicks Ahoy Farm Inc,,87,153345,2026-09-13T18:50:18.915198097Z,"['501c3 Status Nonprofit', 'AWS WAF Challenge', 'Alternate Protocol', 'Amazon WAF Blocked', 'Apture Linking Platform', 'Cloudflare', 'Constant Contact', 'Content Delivery Network', 'DAV', 'DC74', 'Express', 'Fastly', 'Fastly CDN', 'Fireblade', 'GZIP Module', 'Gambling Content', 'GitHub Hosting', 'Google My Business', 'Google Related Website Sites', 'Heroku', 'Linktree', 'Microdata for Google Shopping', 'Microsoft Azure Blob Storage', 'NFOrce Internet', 'No-Q', 'On The Map', 'POWr', 'PWA', 'PayPal Adaptive Payments', 'Perl', 'QUIC', 'RM Education', 'SMC', 'Seflow Italy', 'Sentry', 'SiteW', 'Sitelinks Search Box', 'Thank You', 'UTF-8', 'University or College', 'Vector Internet Services', 'WP Booking Calendar', 'Wix', 'Wix Media', 'eLand', 'mlcom']"
compassionatelv.org,Compassionate Las Vegas,,USA,77,150378,2026-09-13T18:50:18.902418295Z,"['AWS WAF Challenge', 'Alternate Protocol', 'Amazon WAF Blocked', 'Apture Linking Platform', 'Content Delivery Network', 'DAV', 'Express', 'Fastly', 'Fastly CDN', 'Financial Services Guide', 'GZIP Module', 'Google Related Website Sites', 'Instagram Follow Button', 'K2F', 'KVH', 'Kajabi', 'Microdata for Google Shopping', 'NFOrce Internet', 'POWr', 'PWA', 'PayPal Adaptive Payments', 'QUIC', 'SMC', 'Sentry', 'SiteW', 'Subversion', 'Twitter Ads', 'UTF-8', 'Vector Internet Services', 'Wix', 'Wix Media', 'YouTube', 'mlcom']"
abikattelfoundation.org,ABI KATTEL MEMORIAL FOUNDATION,,NZL,70,2866,2026-09-13T18:36:28.873831448Z,"['501c3 Status Nonprofit', 'Alternate Protocol', 'Apache', 'EmbedPress', 'GZIP Module', 'Google', 'Google Cloud DNS', 'Google Font API', 'Gravity', 'Jetpack', 'Lazy Load for WordPress', 'PHP', 'PayPal Button', 'PayPal Form', 'Theme In WP', 'Twitter Ads', 'UTF-8', 'University or College', 'Woo Themes', 'WordPress', 'WordPress Multisite', 'WordPress Stats', 'jQuery']"
aipicturegallery.shop,AI Picture Gallery,,,55,3448,2026-09-13T17:46:29.54556242Z,"['Apache', 'Express', 'GitHub Hosting', 'GoDaddy', 'Google', 'Google Analytics', 'Google Cloud DNS', 'Google Font API', 'Google My Business', 'Google Tag Manager', 'Line2', 'PWA', 'PayPal Adaptive Payments', 'PayPal Button', 'PayPal Form', 'UTF-8', 'Wangsu', 'Website Tonight']"
dolphinangelwings.com,"Soul-2-Soul Seer Psychic | Arlington, Texas",,USA,82,17363,2026-09-13T17:34:46.857403482Z,"['AWS WAF Challenge', 'Alternate Protocol', 'Amazon CloudFront', 'CloudFront', 'DAV', 'Duda', 'Express', 'FormSite', 'FormSubmit', 'GZIP Module', 'Google Analytics', 'Google My Business', 'Google Related Website Sites', 'Google Tag Manager', 'Microdata for Google Shopping', 'Nginx', 'PayPal Adaptive Payments', 'PayPal Button', 'PayPal Form', 'Tailwind CSS', 'Thank You', 'Twitter Ads', 'UTF-8', 'Vimeo', 'Yelp Badge', 'YouTube']"
theleroyfoundation.org,Leroy-Admin The Leroy Foundation - theleroyfoundation.org,theleroyfoundation.org,,77,385,2026-09-13T17:34:46.840495971Z,"['501c3 Status Nonprofit', 'Alternate Protocol', 'Coming Soon Page', 'Content Delivery Network', 'Cookie Accept', 'Cookie Notice', 'Divi', 'Elegant Themes', 'EmbedPress', 'Google Cloud DNS', 'Google Font API', 'LiteSpeed', 'Microdata for Google Shopping', 'PHP', 'PayPal Adaptive Payments', 'PayPal Button', 'PayPal Form', 'QUIC', 'Theme In WP', 'UTF-8', 'Woo Themes', 'WordPress', 'WordPress Multisite', 'YouTube', 'eLand', 'jQuery']"
ggfanministries.org,GGFAN – God's Grace For All Nations,,,55,703,2026-09-13T17:25:09.343509806Z,"['AWS WAF Challenge', 'Alternate Protocol', 'Apache', 'Corporate Governance and Regulatory Compliance', 'Elementor', 'EmbedPress', 'Google Cloud DNS', 'Google Font API', 'Hello Elementor', 'NFOrce Internet', 'PHP', 'PayPal Button', 'PayPal Form', 'QUIC', 'Theme In WP', 'UTF-8', 'WordPress', 'WordPress Multisite', 'YouTube', 'jQuery']"
tyresonbroadway.co.za,Broadway Tyres,Broadway Tyres,ZAF,77,6620,2026-09-13T16:55:32.220233093Z,"['Amazon', 'Apache', 'Aruba', 'Bing Cashback', 'DoubleClick Bid Manager', 'Facebook Reseller', 'Fast', 'GZIP Module', 'Google', 'Google Analytics', 'Google Cloud DNS', 'Google Font API', 'Google Maps', 'Google My Business', 'Google Related Website Sites', 'Google Tag Manager', 'Metricool', 'Microdata for Google Shopping', 'Microsoft Clarity', 'Ntent', 'PayPal Adaptive Payments', 'QUIC', 'Storyblocks', 'Tailwind CSS', 'UTF-8', 'WhatsApp Sharing', 'YouTube', 'eLand', 'jsDelivr']"
atrestoration.org,Home | AtRestoration,AtRestoration,USA,87,19148,2026-09-13T16:55:32.187992676Z,"['AWS WAF Challenge', 'Alternate Protocol', 'Cloudflare', 'Cloudflare Web Analytics', 'Content Delivery Network', 'Elementor', 'EmbedPress', 'Fastly', 'Google Analytics', 'Google Tag Manager', 'Hello Elementor', 'Instagram API', 'Instagram Follow Button', 'LiteSpeed', 'Microdata for Google Shopping', 'NFOrce Internet', 'Ntent', 'PayPal Button', 'PayPal Form', 'Perl', 'Table Addons for Elementor', 'Thank You', 'UTF-8', 'WordPress', 'WordPress Multisite', 'jQuery']"
aok4seniors.org,Give Back To Seniors | Acts of Kindness for Seniors,Acts of Kindness for Seniors,,67,3260,2026-09-13T16:33:05.708587943Z,"['Alternate Protocol', 'Apache', 'Astra Theme', 'Cloudflare', 'Elementor', 'EmbedPress', 'Google', 'Google Cloud CDN', 'Google Cloud DNS', 'Google Font API', 'Microdata for Google Shopping', 'PHP', 'PayPal Button', 'PayPal Form', 'QUIC', 'Sitelinks Search Box', 'Theme In WP', 'UTF-8', 'WPForms', 'Woo Themes', 'WordPress', 'WordPress Multisite', 'WordPress Related Posts', 'jQuery']"
whirlwindgames.dev,Whirlwind Games – A gamedev blog about games n' such,,,67,647,2026-09-13T16:33:05.672614568Z,"['Alternate Protocol', 'Automattic', 'Automattic Direct', 'Content Delivery Network', 'EmbedPress', 'Global Privacy Control', 'Google Analytics', 'Jetpack', 'Jetpack Site Accelerator', 'Nginx', 'PayPal Adaptive Payments', 'Tailwind CSS', 'Twitter Ads', 'US Privacy User Signal Mechanism', 'UTF-8', 'WordPress', 'WordPress Multisite', 'WordPress Stats']"
ippa.org.uk,HOME | Islamic Psychology Professional Association,,GBR,62,134821,2026-09-13T16:33:05.670067731Z,"['Alternate Protocol', 'Amazon WAF Blocked', 'Apture Linking Platform', 'Content Delivery Network', 'DAV', 'Fastly', 'Fastly CDN', 'GZIP Module', 'Instagram Follow Button', 'K2F', 'KVH', 'Microdata for Google Shopping', 'Microsoft Azure', 'NFOrce Internet', 'PWA', 'PayPal Adaptive Payments', 'Perl', 'QUIC', 'SMC', 'Sentry', 'SiteW', 'Subversion', 'UTF-8', 'Vector Internet Services', 'WP Booking Calendar', 'Wix', 'Wix Media', 'eLand', 'mlcom']"
loxahatcheebattlefield.com,Loxahatchee Battlefield Preservationists,Loxahatchee Battlefield Preservationists,,65,18312,2026-09-13T16:22:19.534444476Z,"['501c3 Status Nonprofit', 'GitHub Hosting', 'GoDaddy', 'GoFundMe', 'Google', 'Google Analytics', 'Google Cloud DNS', 'Google Font API', 'Google Tag Manager', 'Instagram Follow Button', 'Line2', 'Microdata for Google Shopping', 'PWA', 'PayPal Adaptive Payments', 'PayPal Button', 'PayPal Form', 'QUIC', 'UTF-8', 'Wangsu', 'Website Tonight', 'YouTube']"
scatteringalliance.org,Purpose | International Scattering Alliance,,,67,2400,2026-09-13T16:10:15.842788606Z,"['CDN JS', 'Cloudflare', 'Cloudflare CDN', 'Content Delivery Network', 'Fastly', 'GZIP Module', 'GitHub Hosting', 'Jekyll', 'Microdata for Google Shopping', 'PayPal Adaptive Payments', 'UTF-8']"
emmasalix.com,Home - Emma Salix,My WordPress,PHL,77,2193,2026-09-13T16:01:14.092029707Z,"['Alternate Protocol', 'Astra Theme', 'Band Camp', 'Camp', 'Content Delivery Network', 'EmbedPress', 'GenerateBlocks', 'Google Cloud DNS', 'Google Font API', 'Instagram Follow Button', 'Line2', 'LiteSpeed', 'Microdata for Google Shopping', 'PHP', 'PayPal Adaptive Payments', 'PayPal Button', 'PayPal Form', 'QUIC', 'QUIC.cloud', 'Sitelinks Search Box', 'Tailwind CSS', 'UTF-8', 'Woo Themes', 'WooCommerce', 'WooCommerce Checkout', 'WooCommerce Payments', 'WordPress', 'WordPress Multisite', 'WordPress Related Posts', 'YouTube']"
newunity.us,"Motivational Life Coaching in Los Angeles, CA | New Unity Inc.",New Unity Inc.,USA,82,84063,2026-09-13T16:01:14.087950761Z,"['34SP.com', '501c3 Status Nonprofit', 'AWS WAF Challenge', 'About Cookies', 'Amazon Widgets', 'Apture Linking Platform', 'Cloudflare', 'Cloudflare CDN', 'Coming Soon Page', 'Commoninja', 'DAV', 'Elfsight', 'Express', 'Financial Services Guide', 'Fireblade', 'Font Awesome', 'Google Analytics', 'Google Maps', 'Google My Business', 'Google Tag Manager', 'Instagram Follow Button', 'Interchange', 'Linktree', 'Material-UI', 'NFOrce Internet', 'Network Advertising Initiative', 'Oddle', 'PayPal Adaptive Payments', 'Pico CSS', 'QUIC', 'SMC', 'Thank You', 'Twitter Ads', 'UENI', 'UTF-8', 'University or College', 'YouTube']"
bentoandstarchky.com,Welcome to Bento & Starchky dot com!,,,50,,2026-09-13T16:01:14.05093323Z,"['AddThis', 'AddThis for Wordpress', 'Apache', 'DAV', 'PayPal Button', 'PayPal Form']"
brunosanimalhaven.com,Brunos Animal Haven,,,67,107270,2026-09-13T15:47:48.515652203Z,"['Amazon WAF Blocked', 'Apture Linking Platform', 'Content Delivery Network', 'Express', 'Fastly', 'Fastly CDN', 'GZIP Module', 'Instagram Follow Button', 'Microdata for Google Shopping', 'NFOrce Internet', 'On The Map', 'POWr', 'PWA', 'PayPal Adaptive Payments', 'QUIC', 'SMC', 'Seflow Italy', 'Sentry', 'SiteW', 'Twitter Ads', 'UTF-8', 'Vector Internet Services', 'Wix', 'Wix Media', 'eLand', 'mlcom']"
mercedtransportation.com,LUXURY VIP (FL),,USA,67,18312,2026-09-13T15:38:17.168112664Z,"['Facebook Conversion Tracking', 'Facebook Login', 'Facebook Messenger Platform', 'Facebook Pixel', 'Facebook Reseller', 'Facebook Tag API', 'GoDaddy', 'Google', 'Google Analytics', 'Google Cloud DNS', 'Google Font API', 'Google Tag Manager', 'Line2', 'PWA', 'PayPal Adaptive Payments', 'PayPal Button', 'PayPal Form', 'UTF-8', 'Wangsu', 'Website Tonight']"
twinkleones.com,Home,TwinkleOne,CHN,72,8900,2026-09-13T15:38:17.158447674Z,"['Cloudflare', 'Content Delivery Network', 'ETranslate', 'Ethy', 'Express', 'GTranslate', 'Google My Business', 'Google Tag Manager', 'Instagram Follow Button', 'Microdata for Google Shopping', 'Ntent', 'PHP', 'PayPal Adaptive Payments', 'Pico CSS', 'Sign In With Google', 'UEESHOP', 'UTF-8']"
welshsaffron.com,100% Pure Welsh Saffron,Welsh Saffron,USA,87,3145,2026-09-13T15:38:17.152637902Z,"['Alternate Protocol', 'Apache', 'Apture Linking Platform', 'Automattic', 'Content Delivery Network', 'Elementor', 'EmbedPress', 'Express', 'GZIP Module', 'Google Analytics', 'Google Related Website Sites', 'Google Tag Manager', 'Hello Elementor', 'Instagram Follow Button', 'Jetpack', 'Microdata for Google Shopping', 'NFOrce Internet', 'PHP', 'PayPal', 'QUIC', 'Schema Plugin', 'Theme In WP', 'UTF-8', 'Woo Themes', 'WordPress', 'WordPress Multisite', 'WordPress Stats', 'jQuery']"
vahp.co.uk,VAHP,,,50,3448,2026-09-13T15:17:17.882902094Z,"['GitHub Hosting', 'GoDaddy', 'Google', 'Google Cloud DNS', 'Google Font API', 'Line2', 'PWA', 'PayPal Adaptive Payments', 'PayPal Button', 'PayPal Form', 'QUIC', 'UTF-8', 'Wangsu', 'Website Tonight']"
saltwateronthefly.com,Saltwater Fly Fishing - Saltwater On The Fly Apparel - Gear,Saltwater on the Fly,PHL,82,8302,2026-09-13T14:58:41.310567116Z,"['Alternate Protocol', 'Angular', 'Apache', 'Apture Linking Platform', 'Automattic', 'EmbedPress', 'Endurance Page Cache', 'Express', 'Fastly', 'GZIP Module', 'Google', 'Google Analytics', 'Google Cloud CDN', 'Google Tag Manager', 'IcoMoon', 'Jetpack', 'Mailjet Widget', 'Microdata for Google Shopping', 'NFOrce Internet', 'PHP', 'PayPal', 'Theme In WP', 'Ultra', 'Woo Themes', 'WooCommerce Pixel Manager by woopt', 'WordPress', 'WordPress Multisite', 'WordPress Stats', 'YouTube', 'eLand', 'jQuery']"
artsythingscorp.com,"Artsy Things Corp. - Handmade Crafts, Customized Crafts",,,62,33312,2026-09-13T14:58:41.299330876Z,"['AWS WAF Challenge', 'GitHub Hosting', 'GoDaddy', 'Google', 'Google Analytics', 'Google Cloud DNS', 'Google Font API', 'Google Tag Manager', 'Instagram Follow Button', 'Line2', 'PWA', 'PayPal Adaptive Payments', 'PayPal Button', 'PayPal Form', 'UTF-8', 'Wangsu', 'Website Tonight']"
youdontwantahug.com,Home | You Don't Want a Hug - neurodiversity parenting podcast,,,67,90303,2026-09-13T14:43:50.68713776Z,"['Alternate Protocol', 'Amazon WAF Blocked', 'Apture Linking Platform', 'Content Delivery Network', 'DAV', 'Express', 'Fastly', 'Fastly CDN', 'GZIP Module', 'Google My Business', 'Google Related Website Sites', 'Instagram Follow Button', 'Microdata for Google Shopping', 'NFOrce Internet', 'POWr', 'PWA', 'PayPal Adaptive Payments', 'Perl', 'QUIC', 'SMC', 'Seflow Italy', 'Sentry', 'SiteW', 'Sitelinks Search Box', 'Thank You', 'UTF-8', 'Vector Internet Services', 'WP Booking Calendar', 'Wix', 'Wix Media', 'mlcom']"
dominiqueparadis.com,Dominique Paradis,,CAN,65,2808,2026-09-13T14:25:46.190462661Z,"['Adobe Creative Cloud WebFonts', 'Apache', 'Apture Linking Platform', 'Booxi', 'Express', 'Facebook Login', 'Facebook Messenger Platform', 'Facebook Reseller', 'Fontello', 'Google Analytics', 'Google Maps', 'Google My Business', 'Google Tag Manager', 'IcoMoon', 'Instagram Follow Button', 'NFOrce Internet', 'PHP', 'PayPal Adaptive Payments', 'PayPal Button', 'PayPal Form', 'Square', 'Tailwind CSS', 'UTF-8', 'YouTube', 'jQuery']"
kcdaa.ca,Kingdom Community – Your Gateway to Affordable Luxury Living!,,USA,65,1748,2026-09-13T14:25:46.162575629Z,"['Alternate Protocol', 'Apache', 'Elementor', 'EmbedPress', 'GZIP Module', 'Hello Elementor', 'InitiativeS', 'Investor Relations', 'NFOrce Internet', 'PHP', 'PayPal Adaptive Payments', 'Theme In WP', 'UTF-8', 'WordPress', 'WordPress Multisite', 'jQuery']"
takeashotathunger.com,Algonquin-Lake in the Hills Food Pantry Golf Fundraiser,,,60,15159,2026-09-13T14:12:34.49009293Z,"['CDN JS', 'Cloudflare', 'Cloudflare CDN', 'Coming Soon Page', 'Express', 'Google Cloud DNS', 'Google Font API', 'Instagram Follow Button', 'LiteSpeed', 'MailChimp', 'PHP', 'PayPal', 'SMC', 'Tailwind CSS', 'Thank You', 'Twitter Ads', 'UTF-8', 'jsDelivr']"
speedsafe.co.uk,GPS Tracking Systems for Cars Vehicles and Fleets | Rewire Security,Rewire Security,GBR,77,53898,2026-09-13T14:12:34.486610813Z,"['AWS WAF Challenge', 'Alternate Protocol', 'Blocksy', 'Cloudflare', 'Cloudflare CDN', 'Cloudflare Turnstile', 'Contact Form Plugin', 'Content Delivery Network', 'Cybot', 'DoubleClick Bid Manager', 'EmbedPress', 'Express', 'Font Awesome', 'GZIP Module', 'Google', 'Google Analytics', 'Google Cloud DNS', 'Google Font API', 'Google My Business', 'Google Reseller', 'Google Tag Manager', 'Gravity', 'Gravity Forms', 'Instagram Follow Button', 'Jetpack Site Accelerator', 'Line2', 'LiteSpeed', 'Microdata for Google Shopping', 'NFOrce Internet', 'On The Map', 'PayPal Adaptive Payments', 'Pico CSS', 'Sysnet Global Solutions', 'Tailwind CSS', 'Trustpilot Reviews for WordPress', 'Twitter Ads', 'UTF-8', 'Woo Themes', 'WordPress', 'YouTube', 'Zendesk Embeddables', 'Zendesk Guide', 'reCAPTCHA']"
rawnews1st.net,RawNews1st - Reliability since2020,,USA,82,4915,2026-09-13T14:04:43.889626767Z,"['Adult Content', 'Alternate Protocol', 'Apache', 'CoverNews', 'EmbedPress', 'Endurance Page Cache', 'Fastly', 'Format', 'GZIP Module', 'Google Analytics', 'Google My Business', 'Google Tag Manager', 'Jetpack', 'Microdata for Google Shopping', 'MonsterInsights', 'OneSignal', 'PHP', 'PayPal Adaptive Payments', 'PayPal Button', 'PayPal Form', 'Sassy Social Share', 'Tailwind CSS', 'Theme In WP', 'UTF-8', 'Video Embed and Thumbnail Generator', 'Woo Themes', 'WordPress', 'WordPress Multisite', 'eLand', 'jQuery']"
webusint.com,WeBUS | dads group,WeBUS,MYS,77,105303,2026-09-13T14:04:43.834032797Z,"['AWS WAF Challenge', 'Alternate Protocol', 'Amazon WAF Blocked', 'Apture Linking Platform', 'Content Delivery Network', 'DAV', 'Express', 'Fastly', 'Fastly CDN', 'GZIP Module', 'Google Related Website Sites', 'Instagram Follow Button', 'Microdata for Google Shopping', 'NFOrce Internet', 'POWr', 'PWA', 'PayPal Adaptive Payments', 'Perl', 'QUIC', 'SMC', 'Seflow Italy', 'Sentry', 'SiteW', 'Sitelinks Search Box', 'Subversion', 'Thank You', 'UTF-8', 'Vector Internet Services', 'WP Booking Calendar', 'Wix', 'Wix Media', 'YouTube', 'eLand', 'mlcom']"
advansura.com,Advansura - Schulungen und Trainings für Managementsysteme,,GBR,82,10740,2026-09-13T14:04:43.825685306Z,"['Agoda', 'Alternate Protocol', 'Apture Linking Platform', 'Content Delivery Network', 'EmbedPress', 'Express', 'Google Analytics', 'Google My Business', 'Google Related Website Sites', 'Google Tag Manager', 'Gtranslate for Wordpress', 'Kitco', 'Line2', 'LiteSpeed', 'Microdata for Google Shopping', 'NFOrce Internet', 'PHP', 'PayPal Adaptive Payments', 'QUIC', 'QUIC.cloud', 'Sign In With Google', 'Sitelinks Search Box', 'UTF-8', 'Woo Themes', 'WooCommerce Checkout', 'WordPress', 'WordPress Multisite', 'Yandex Hosting']"
icdjapan.com,ICD Japan – Your Career Consulting service,,JPN,65,20755,2026-09-13T13:50:29.695835117Z,"['Alternate Protocol', 'Apture Linking Platform', 'Bookly', 'Content Delivery Network', 'Elementor', 'EmbedPress', 'Express', 'Fireblade', 'GZIP Module', 'Hello Elementor', 'InitiativeS', 'MailPoet', 'Microsoft 365', 'NFOrce Internet', 'Nginx', 'PHP', 'PayPal', 'Polylang', 'Say what', 'Table Addons for Elementor', 'Theme In WP', 'UTF-8', 'University or College', 'Woo Themes', 'WooCommerce', 'WooCommerce Checkout', 'WordPress', 'WordPress Multisite', 'jQuery']"
unitsusa.org,unitsusa.org,,PHL,60,3283,2026-09-13T13:39:36.098576005Z,"['501c3 Status Nonprofit', 'GoDaddy', 'Google', 'Google Cloud DNS', 'Google Font API', 'Investor Relations', 'PWA', 'PayPal Adaptive Payments', 'PayPal Button', 'PayPal Form', 'UTF-8', 'Wangsu', 'Website Tonight', 'YouTube']"
radhakalyanam.uk,Sri Radha Madhav Kalayanam UK,,GBR,60,168,2026-09-13T13:19:55.039726024Z,"['Amazon', 'Amazon CloudFront', 'Amazon Route 53', 'Amazon S3 CDN', 'CloudFront', 'Content Delivery Network', 'Font Awesome', 'GZIP Module', 'Google Cloud DNS', 'Google Font API', 'Google Forms', 'Google Maps', 'Google My Business', 'PayPal Button', 'PayPal Form', 'Tailwind CSS', 'YouTube', 'jQuery']"
oneworldsharedfuture.org,One World Shared Future,One World Shared Future,USA,75,33312,2026-09-13T13:10:30.484073512Z,"['501c3 Status Nonprofit', 'AWS WAF Challenge', 'GoDaddy', 'Google', 'Google Cloud DNS', 'Google Font API', 'Google Forms', 'Google My Business', 'InitiativeS', 'Investor Relations', 'Line2', 'Microdata for Google Shopping', 'Neighborhoods', 'PWA', 'PayPal Adaptive Payments', 'PayPal Button', 'PayPal Form', 'Thank You', 'UTF-8', 'Wangsu', 'Website Tonight']"
giftistores.com,giftistores.com,,VEN,65,48103,2026-09-13T12:59:13.657710328Z,"['3 Products', 'AWS WAF Challenge', 'Amazon WAF Blocked', 'Apture Linking Platform', 'Checkout.com', 'Cisco/Arrowpoint Content Service Switch', 'Coming Soon Page', 'Content Delivery Network', 'Contento', 'E-Satisfaction', 'Express', 'Google My Business', 'Instagram Follow Button', 'PayPal Adaptive Payments', 'QUIC', 'ShopBase', 'Tailwind CSS', 'Thank You', 'UTF-8', 'YouTube', 'eLand', 'shadcn ui']"
vapartnership.org,Virginia Africa Partnership,,,55,763,2026-09-13T12:45:57.588278412Z,"['AWS WAF Challenge', 'Alternate Protocol', 'Astra Theme', 'Elementor', 'EmbedPress', 'Essential Addons for Elementor', 'Event Tickets for Wordpress', 'GiveWP', 'Google', 'Google Cloud DNS', 'Google Font API', 'Instagram Follow Button', 'LiteSpeed', 'NFOrce Internet', 'Nginx', 'PHP', 'PayPal Adaptive Payments', 'The Events Calendar', 'Theme In WP', 'UTF-8', 'University or College', 'Woo Themes', 'WordPress', 'WordPress Multisite', 'WordPress Related Posts', 'jQuery']"
easycleanlitterpan.com,Home - Pet Accessories - Easy Clean Litter Pan,,,72,43401,2026-09-13T12:35:36.412668572Z,"['Alternate Protocol', 'Beaver Builder Lite', 'Cloudflare', 'Content Delivery Network', 'Contento', 'EmbedPress', 'GoDaddy', 'Google', 'Google Cloud DNS', 'Google Font API', 'Microdata for Google Shopping', 'PHP', 'PayPal Adaptive Payments', 'PayPal Button', 'PayPal Form', 'QUIC', 'Schema Plugin', 'Theme In WP', 'UTF-8', 'Wangsu', 'Website Tonight', 'WordPress', 'WordPress Multisite', 'eLand', 'jQuery']"
hadler.me,Bits and Bytes | Not just another Tech site,,GBR,75,35449,2026-09-13T12:35:36.382699284Z,"['AWS WAF Challenge', 'Adult Content', 'Alternate Protocol', 'Apache', 'Barracuda Web App Firewall', 'Cloudflare', 'Cloudflare CDN', 'DAV', 'Debian', 'EmbedPress', 'Fortinet', 'GZIP Module', 'GitHub Hosting', 'Google', 'Google My Business', 'PHP', 'PayPal Adaptive Payments', 'PayPal Button', 'PayPal Form', 'Python', 'Theme In WP', 'Twenty Twelve', 'UTF-8', 'WordPress', 'WordPress Multisite', 'jQuery']"
simplesim.racing,Simple Sim Racing,Simple Sim Racing,THA,65,54044,2026-09-13T12:25:24.029222825Z,"['ADTECH', 'Alternate Protocol', 'Apture Linking Platform', 'Aruba', 'Baidu Cloud', 'Cloudflare', 'Cloudflare CDN', 'DAV', 'Express', 'Google Analytics', 'Google Tag Manager', 'IcoMoon', 'K2F', 'KVH', 'Microdata for Google Shopping', 'PayPal', 'Perl', 'QUIC', 'Shopify', 'Shopify Collabs', 'Shopify Payments', 'Tailwind CSS', 'UTF-8', 'Vercel', 'Yandex Hosting', 'eLand', 'hCaptcha', 'reCAPTCHA']"
bigtigon1.com,Simple is the best - Bigtigon,,,57,10180,2026-09-13T10:38:59.109666548Z,"['Amazon WAF Blocked', 'Apture Linking Platform', 'Checkout.com', 'Coming Soon Page', 'Content Delivery Network', 'Contento', 'Express', 'Google My Business', 'Instagram Follow Button', 'PayPal Adaptive Payments', 'QUIC', 'ShopBase', 'Tailwind CSS', 'Thank You', 'Twitter Ads', 'UTF-8', 'YouTube', 'eLand', 'shadcn ui']"
allenbrotherspainting.com,Kitchen Cabinet Refinishing Utah | Allen Brothers Painting,Allen Brothers Cabinet Painting,USA,82,78719,2026-09-13T09:43:40.323447302Z,"['AWS WAF Challenge', 'Alternate Protocol', 'Apache', 'Better Lead Generation Services', 'Elementor', 'EmbedPress', 'Essential Addons for Elementor', 'Facebook Login', 'Facebook Messenger Platform', 'Facebook Pixel', 'Facebook Reseller', 'Facebook Tag API', 'Font Awesome', 'Form.IO', 'GZIP Module', 'Google Analytics', 'Google My Business', 'Google Related Website Sites', 'Google Tag Manager', 'Gravity', 'Gravity Forms', 'Hello Elementor', 'JotForm', 'NFOrce Internet', 'Ntent', 'ON24', 'PayPal Adaptive Payments', 'QUIC', 'RM Education', 'Sitelinks Search Box', 'Table Addons for Elementor', 'TrustIndex', 'UTF-8', 'Vector Internet Services', 'W3 Total Cache', 'WordPress', 'Yelp Badge', 'YouTube', 'reCAPTCHA']"
thataboy.com,Thataboy,,,40,3448,2026-09-13T09:43:40.303664238Z,"['Apache', 'Express', 'Facebook Conversion Tracking', 'Facebook Login', 'Facebook Messenger Platform', 'Facebook Pixel', 'Facebook Reseller', 'Facebook Tag API', 'GitHub Hosting', 'GoDaddy', 'Google', 'Google Analytics', 'Google Cloud DNS', 'Google Font API', 'Google My Business', 'Google Tag Manager', 'Line2', 'PWA', 'PayPal Adaptive Payments', 'PayPal Button', 'PayPal Form', 'UTF-8', 'Wangsu', 'Website Tonight']"
renewed-paths.com,Renewed Paths: Mobile Ministry Helping Churches and Camps | Renewed Paths,,,62,2554,2026-09-13T09:43:40.289348261Z,"['Alternate Protocol', 'Google', 'Google Cloud DNS', 'Google Font API', 'Instagram Follow Button', 'PayPal Adaptive Payments', 'Pexels', 'Twitter Ads', 'Unsplash', 'Zyro']"
trcgolfclassic.com,"30th Annual TRC Golf Classic Registration — Filling The Gap, Inc.",,USA,65,9998,2026-09-13T09:32:46.92674173Z,"['3 Products', '501c3 Status Nonprofit', 'Amazon', 'Amazon CloudFront', 'CloudFront', 'Coming Soon Page', 'DC74', 'Express', 'Font Awesome', 'GZIP Module', 'Google Analytics', 'Google Cloud DNS', 'Google Font API', 'Google Maps', 'Google My Business', 'Google Tag Manager', 'Instagram Follow Button', 'Line2', 'LiveSession', 'PayPal Adaptive Payments', 'Stripe', 'Tailwind CSS', 'Twitter Ads', 'UTF-8', 'YouTube', 'reCAPTCHA']"
happyproductions.live,Home,,CAN,65,3598,2026-09-13T09:32:46.909004854Z,"['Alternate Protocol', 'Amazon CloudFront', 'Amazon WAF Blocked', 'CloudFront', 'Crisp', 'Duda', 'Eventbrite', 'GZIP Module', 'Google Analytics', 'Google Tag Manager', 'Instagram Follow Button', 'Metricool', 'Nginx', 'PWA', 'PayPal Adaptive Payments', 'QUIC', 'Tailwind CSS', 'UTF-8', 'UserWay']"
adventuretravellife.com,"Adventure Travel Life - Arranging Travel, Ski Packages, Warm Destinations, Airline Tickets, Cruises, Group Travel, Travel Agency, Arranging Travel, Arranging Ski Packages",,CAN,77,33351,2026-09-13T09:32:46.874917599Z,"['Apache', 'Coming Soon Page', 'Express', 'Fireblade', 'GitHub Hosting', 'GoDaddy', 'Google', 'Google Cloud DNS', 'Google Font API', 'Google Tag Manager', 'Line2', 'PWA', 'PayPal Adaptive Payments', 'PayPal Button', 'PayPal Form', 'The Deck', 'UTF-8', 'Wangsu', 'Website Tonight']"
handiworld.com,Roof Racks | Roof Bars | Inflatable Roof Rack - HandiWorld,,,60,9003,2026-09-13T09:00:17.086753199Z,"['Alternate Protocol', 'Amazon WAF Blocked', 'Apture Linking Platform', 'Contact Form Plugin', 'Elementor', 'EmbedPress', 'Express', 'FiboSearch', 'GDPR Cookie Compliance', 'GZIP Module', 'Google Analytics', 'Google Cloud DNS', 'Google Font API', 'Google My Business', 'Google Tag Manager', 'Instagram Follow Button', 'M247', 'Max Mega Menu', 'Max Mega Menu Pro', 'Microdata for Google Shopping', 'NFOrce Internet', 'Nginx', 'PHP', 'Pagekit', 'PayPal', 'Porto Wordpress', 'QUIC', 'Slider Revolution', 'Tabs Responsive', 'Tailwind CSS', 'Theme In WP', 'Theme My Login', 'Trustpilot Reviews for WordPress', 'Twitter Ads', 'UTF-8', 'Vimeo CDN', 'WP Responsive Recent Post Slider', 'WPBakery', 'Woo Themes', 'WooCommerce', 'WooCommerce Checkout', 'WooCommerce Pixel Manager by woopt', 'WordPress', 'WordPress Multisite', 'YouTube', 'Zopim', 'jQuery', 'reCAPTCHA']"
intecs-chess.org,Home | intecsus,,USA,65,87108,2026-09-13T08:45:28.968082977Z,"['Adult Content', 'Amazon WAF Blocked', 'Apture Linking Platform', 'Content Delivery Network', 'Fastly', 'Fastly CDN', 'GZIP Module', 'Microdata for Google Shopping', 'NFOrce Internet', 'PWA', 'PayPal Adaptive Payments', 'QUIC', 'SMC', 'Sentry', 'SiteW', 'UTF-8', 'Vector Internet Services', 'Wix', 'Wix Media', 'eLand', 'mlcom']"
pablomichellod.fr,"Pablo Michellod Official: TikTok, Instagram, X, Facebook | Linktree",,,77,34482,2026-09-13T08:34:08.746805943Z,"['Alternate Protocol', 'Band Camp', 'Camp', 'Cloudflare', 'Content Delivery Network', 'DC74', 'Fastly', 'Fireblade', 'GZIP Module', 'Google', 'Google Cloud CDN', 'Google Cloud DNS', 'Google Font API', 'Instagram Follow Button', 'Kitco', 'Linktree', 'Microdata for Google Shopping', 'Next.js', 'Nginx', 'PWA', 'PayPal Adaptive Payments', 'Pleroma', 'QUIC', 'Rakuten Affiliate', 'SiteW', 'Styled Components', 'Superfiliate', 'Tailwind CSS', 'UTF-8', 'Vello', 'Yandex Hosting', 'YouTube', 'eLand', 'shadcn ui']"
reelheart.org,ReelHeART Festival Group – Fresh. Indie. Anti-Niche. We Believe In All Cultures Under One Roof,,,55,354,2026-09-13T08:24:25.315215794Z,"['Ajax Search Lite', 'Alternate Protocol', 'DAV', 'EmbedPress', 'Font Awesome', 'FreeCSSTemplates', 'Google', 'Google Cloud DNS', 'Google Font API', 'IcoMoon', 'Instagram Follow Button', 'PHP', 'Page-list for WordPress', 'PayPal Adaptive Payments', 'PayPal Button', 'PayPal Form', 'Theme In WP', 'UTF-8', 'WordPress', 'WordPress Multisite', 'YouTube', 'jQuery', 'qTranslate']"
houghtonlakesnowmobiling.com,Houghton Lake Michigan Snowmobile Trail Reports,,NZL,77,30000,2026-09-13T07:58:59.614249282Z,"['Apture Linking Platform', 'DAV', 'GZIP Module', 'Microsoft Frontpage', 'Nginx', 'PayPal Button', 'PayPal Form', 'QUIC', 'Shockwave Flash Embed', 'The Fresh', 'University or College']"
mohr.video,Mohr Cloud Solutions - chloud.com,,,50,3,2026-09-13T07:58:59.589095964Z,"['Apache', 'GZIP Module', 'Google Analytics', 'Google Calendar', 'Google Cloud DNS', 'Google Font API', 'Google My Business', 'PWA', 'PayPal Adaptive Payments', 'QUIC', 'Spiceworks', 'Tailwind CSS', 'UTF-8', 'jQuery']"
marioncountyfrn.com,"Marion County Family Resource & Support Network | family resources | 200 Fairmont Avenue, Suite 106, Fairmont, WV 26554",,,77,132990,2026-09-13T07:58:59.589237457Z,"['Alternate Protocol', 'Amazon WAF Blocked', 'Apture Linking Platform', 'Content Delivery Network', 'Express', 'Fastly', 'Fastly CDN', 'GZIP Module', 'Google Related Website Sites', 'K2F', 'KVH', 'Microdata for Google Shopping', 'NFOrce Internet', 'POWr', 'PWA', 'PayPal Adaptive Payments', 'QUIC', 'SMC', 'Sentry', 'SiteW', 'Subversion', 'UTF-8', 'Vector Internet Services', 'Wix', 'Wix Media', 'eLand', 'mlcom']"
do-south.com,Do south bespoke kitchens designer brand furniture and lighting,Do South,GBR,77,9143,2026-09-13T07:48:14.149128117Z,"['3 Products', 'Alternate Protocol', 'Apache', 'Apture Linking Platform', 'CDN JS', 'Cloudflare', 'Cloudflare CDN', 'Complianz', 'Content Delivery Network', 'Elementor', 'EmbedPress', 'Essential Addons for Elementor', 'Express', 'Facebook Conversion Tracking', 'Facebook Login', 'Facebook Messenger Platform', 'Facebook Pixel', 'Facebook Reseller', 'Facebook Tag API', 'GZIP Module', 'Google', 'Google Analytics', 'Google Cloud CDN', 'Google Cloud DNS', 'Google Font API', 'Google My Business', 'Google Tag Manager', 'Gravity', 'Gravity Forms', 'Instagram Follow Button', 'Klarna', 'MailChimp', 'Microdata for Google Shopping', 'Microsoft Clarity', 'NFOrce Internet', 'PHP', 'PayPal', 'StackPath', 'Storefront', 'Theme In WP', 'Twitter Ads', 'UTF-8', 'Variation Swatches for WooCommerce', 'WPForms', 'Woo Themes', 'WooCommerce', 'WooCommerce Checkout', 'WordPress', 'WordPress Multisite', 'YouTube', 'jQuery', 'reCAPTCHA']"
rookthabarber.com,Rookthabarber,Rookthabarber ,,65,18312,2026-09-13T07:48:14.147252592Z,"['Alternate Protocol', 'Facebook Conversion Tracking', 'Facebook Login', 'Facebook Messenger Platform', 'Facebook Pixel', 'Facebook Reseller', 'Facebook Tag API', 'GitHub Hosting', 'GoDaddy', 'Google', 'Google Analytics', 'Google Cloud DNS', 'Google Font API', 'Google Tag Manager', 'Line2', 'Microdata for Google Shopping', 'PWA', 'PayPal Adaptive Payments', 'PayPal Button', 'PayPal Form', 'UTF-8', 'Wangsu', 'Website Tonight']"
thinkerspublishing.com,Thinkers Publishing - Expanding Chess Knowledge,,SYC,70,37745,2026-09-13T07:48:14.141587819Z,"['AWS WAF Challenge', 'Alternate Protocol', 'Amazon WAF Blocked', 'Anti-spam for WordPress', 'Apache', 'Apture Linking Platform', 'CleanTalk Spam Protect', 'Cloudflare', 'Cloudflare CDN', 'Coming Soon Page', 'DAV', 'Elementor', 'EmbedPress', 'Express', 'Facebook Customer Chat SDK', 'Facebook Login', 'Facebook Messenger Platform', 'Facebook Reseller', 'FiboSearch', 'Fireblade', 'GZIP Module', 'Google', 'Google Analytics', 'Google My Business', 'Google Related Website Sites', 'Google Tag Manager', 'Instagram Follow Button', 'Microdata for Google Shopping', 'MonsterInsights', 'NFOrce Internet', 'Newsletter for Wordpress', 'OceanWP', 'PHP', 'PayPal', 'QUIC', 'Sitelinks Search Box', 'Theme In WP', 'Twitter Ads', 'UTF-8', 'University or College', 'WP Mobile Menu', 'WPForms', 'Woo Themes', 'WooCommerce', 'WooCommerce Checkout', 'WooCommerce Pixel Manager by woopt', 'WooCommerce Stripe Payment Gateway', 'WordPress', 'WordPress Multisite', 'jQuery', 'reCAPTCHA']"
smilescharity.com,Smiles Charity Concert and Family Festival McKinney TX,,USA,77,16843,2026-09-13T07:48:14.127822444Z,"['Coming Soon Page', 'Content Delivery Network', 'Facebook Conversion Tracking', 'Facebook Login', 'Facebook Messenger Platform', 'Facebook Pixel', 'Facebook Reseller', 'Facebook Tag API', 'Fireblade', 'GZIP Module', 'Google Cloud DNS', 'Google Font API', 'Google Tag Manager', 'IcoMoon', 'MailChimp', 'Microdata for Google Shopping', 'PayPal Adaptive Payments', 'PayPal Button', 'PayPal Form', 'QUIC', 'Schema Plugin', 'Simvoly', 'Tailwind CSS', 'Twitter Ads', 'UTF-8', 'YouTube']"
transformx.co.za,Performance Consultants,,,55,1776,2026-09-13T07:35:22.421834604Z,"['AWS WAF Challenge', 'Alternate Protocol', 'Beaver Builder Lite', 'Cloudflare', 'Cloudflare CDN', 'CoBlocks', 'Content Delivery Network', 'Creative Mail by Constant Contact', 'EmbedPress', 'GoDaddy', 'Google', 'Google Cloud DNS', 'Google Font API', 'Google My Business', 'Idaq', 'LiteSpeed', 'PHP', 'PayPal Adaptive Payments', 'PayPal Button', 'PayPal Form', 'Primer', 'Theme In WP', 'UTF-8', 'Website Tonight', 'WordPress', 'WordPress Multisite', 'jQuery']"
valeriesfrenchkitchen.com,Welcome to Valerie's French Kitchen | valeriesfrenchkitchen.com,Valérie's French kitchen,USA,77,4663,2026-09-13T07:12:59.406763874Z,"['Alternate Protocol', 'Amazon WAF Blocked', 'Apture Linking Platform', 'Automattic', 'Content Delivery Network', 'Elementor', 'EmbedPress', 'Express', 'Formidable Pro Form', 'GZIP Module', 'Google Related Website Sites', 'Hello Elementor', 'Instagram Follow Button', 'Jetpack', 'Lazy Load for WordPress', 'Microdata for Google Shopping', 'NFOrce Internet', 'Nginx', 'PHP', 'PayPal', 'Table Addons for Elementor', 'UTF-8', 'WP Engine', 'WP Rocket', 'Woo Themes', 'WooCommerce', 'WooCommerce Checkout', 'WordPress', 'WordPress Multisite', 'WordPress Stats']"
inspiringminds7.com,Inspiring Minds7 | Inspire mankind,,USA,77,1889,2026-09-13T07:12:59.36165445Z,"['AJAX Libraries API', 'Apache', 'GZIP Module', 'Google Cloud DNS', 'Google Font API', 'NFOrce Internet', 'PayPal Adaptive Payments', 'PayPal Button', 'PayPal Form', 'UTF-8', 'University or College', 'Wufoo', 'YouTube', 'jQuery']"
travel.education,Home Page,,,55,13648,2026-09-13T06:58:10.040465235Z,"['AWS WAF Challenge', 'Contento', 'Facebook Conversion Tracking', 'Facebook Login', 'Facebook Messenger Platform', 'Facebook Pixel', 'Facebook Reseller', 'Facebook Tag API', 'GoDaddy', 'Google', 'Google Analytics', 'Google Cloud DNS', 'Google Font API', 'Google Tag Manager', 'Line2', 'PWA', 'PayPal Adaptive Payments', 'PayPal Button', 'PayPal Form', 'UTF-8', 'University or College', 'Wangsu', 'Website Tonight']"
mpilofoundation.nl,Schoon water en stroom voor Zimbabwe | Mpilo Foundation,Mpilo Foundation,NLD,77,44641,2026-09-13T06:45:55.730803354Z,"['Alternate Protocol', 'Automattic', 'CCSI', 'Contact Form Plugin', 'Content Delivery Network', 'EWWW Image Optimizer', 'Elementor', 'EmbedPress', 'Essential Addons for Elementor', 'GZIP Module', 'GeneratePress Company', 'Google', 'Google Cloud DNS', 'Google Font API', 'Google My Business', 'Jetpack', 'MailChimp', 'MapPress', 'Microdata for Google Shopping', 'NFOrce Internet', 'On The Map', 'PHP', 'PayPal Button', 'PayPal Form', 'Polylang', 'Royal Elementor Addons', 'Table Addons for Elementor', 'Theme In WP', 'UTF-8', 'University or College', 'WordPress', 'WordPress Multisite', 'WordPress Stats', 'YouTube', 'eLand', 'jQuery', 'reCAPTCHA']"
alisaforamherst.com,Alisa for Amherst Town Council At-Large,,,67,15000,2026-09-13T06:35:28.188579022Z,"['501c3 Status Nonprofit', 'AWS WAF Challenge', 'Apache', 'Bulma', 'GZIP Module', 'Google Forms', 'Google My Business', 'PayPal Adaptive Payments', 'PayPal Button', 'PayPal Form', 'QUIC', 'Tailwind CSS', 'University or College']"
hiddenpowerofemotions.com,Emotional intelligence - The Hidden Power of Emotions,The Hidden Power of Emotions,,65,17016,2026-09-13T06:25:10.664694375Z,"['AWS WAF Challenge', 'Alternate Protocol', 'Automattic', 'EmbedPress', 'Express', 'GZIP Module', 'Google Cloud DNS', 'Google Font API', 'Google Related Website Sites', 'Jetpack', 'Microdata for Google Shopping', 'Nginx', 'PHP', 'PayPal Button', 'PayPal Form', 'QUIC', 'Share Link', 'Thank You', 'Theme In WP', 'UTF-8', 'WPBakery', 'WordPress', 'WordPress Multisite', 'WordPress Stats', 'YouTube', 'iDevAffiliate', 'jQuery']"
dtcsbahamas.com,DTCS Bahamas | Reliable Airport Transfers & Private Transportation,Dynasty Transportation and Concierge Services,BHS,77,3873,2026-09-13T06:11:09.721188069Z,"['AJAX Libraries API', 'Alternate Protocol', 'Apture Linking Platform', 'Bulma', 'Content Delivery Network', 'EWWW Image Optimizer', 'Elementor', 'ElementsKit Elementor', 'EmbedPress', 'Google Analytics', 'Google Cloud DNS', 'Google Font API', 'Google Related Website Sites', 'Google Tag Manager', 'IcoMoon', 'LiteSpeed', 'Microdata for Google Shopping', 'NFOrce Internet', 'Newsletter for Wordpress', 'Ntent', 'PHP', 'PayPal', 'QUIC', 'Subversion', 'Thank You', 'The Post Grid', 'Theme In WP', 'TrustIndex', 'UTF-8', 'WordPress', 'WordPress Multisite', 'jQuery', 'jsDelivr']"
southernpawsrescue.com,"Southern Paws Rescue, Inc",,,67,18312,2026-09-13T06:11:09.681471975Z,"['501c3 Status Nonprofit', 'GoDaddy', 'Google', 'Google Cloud DNS', 'Google Font API', 'Google Tag Manager', 'Line2', 'PWA', 'PayPal Adaptive Payments', 'PayPal Button', 'PayPal Form', 'UTF-8', 'Wangsu', 'Website Tonight']"
uprise24.org,UPRISE Tabernacle Institute,,,60,3556,2026-09-13T06:11:09.679681803Z,"['501c3 Status Nonprofit', 'Facebook Conversion Tracking', 'Facebook Login', 'Facebook Messenger Platform', 'Facebook Pixel', 'Facebook Reseller', 'Facebook Tag API', 'GitHub Hosting', 'GoDaddy', 'Google', 'Google Analytics', 'Google Cloud DNS', 'Google Font API', 'Google Tag Manager', 'Line2', 'PWA', 'PayPal Adaptive Payments', 'PayPal Button', 'PayPal Form', 'QUIC', 'UTF-8', 'Vimeo', 'Vimeo CDN', 'Wangsu', 'Website Tonight']"
johnpaul2parish.org,St. John Paul II Maronite Catholic Church at the Immaculate Conception | Home copy copy,,,60,303,2026-09-13T05:37:38.787162323Z,"['Amazon S3 CDN', 'Apture Linking Platform', 'Express', 'GZIP Module', 'GetResponse', 'Google', 'Google Analytics', 'Google Cloud CDN', 'Google Cloud DNS', 'Google Font API', 'Google Maps', 'Google My Business', 'Google Tag Manager', 'PayPal Adaptive Payments', 'QUIC', 'Storyblocks', 'UTF-8']"
rooseveltcountylibrary.org,Public Library - Roosevelt County Library,,GBR,77,18312,2026-09-13T05:24:43.404857357Z,"['Alternate Protocol', 'Apple Auto Link Maker', 'GoDaddy', 'Google', 'Google Cloud DNS', 'Google Font API', 'Google My Business', 'Google Play', 'Google Tag Manager', 'Line2', 'PWA', 'PayPal Adaptive Payments', 'PayPal Button', 'PayPal Form', 'UTF-8', 'Wangsu', 'Website Tonight']"
hawaiicjc.org,Home | Hawaii State Chapter of Children's Justice Centers,Hawaii State Chapter of Children's Justice Centers,USA,70,107990,2026-09-13T04:49:51.207938474Z,"['Alternate Protocol', 'Amazon WAF Blocked', 'Apture Linking Platform', 'Content Delivery Network', 'Express', 'Fastly', 'Fastly CDN', 'GZIP Module', 'Google Maps', 'Google My Business', 'Google Related Website Sites', 'Instagram Follow Button', 'Interchange', 'Microdata for Google Shopping', 'NFOrce Internet', 'On The Map', 'POWr', 'PWA', 'PayPal Adaptive Payments', 'QUIC', 'SMC', 'Seflow Italy', 'Sentry', 'SiteW', 'UTF-8', 'Vector Internet Services', 'Wix', 'Wix Media', 'mlcom']"
l3conference.org,Home | L3 Conference,,USA,65,94708,2026-09-13T04:49:51.203008806Z,"['Alternate Protocol', 'Amazon WAF Blocked', 'Apture Linking Platform', 'Content Delivery Network', 'Express', 'Fastly', 'Fastly CDN', 'GZIP Module', 'Instagram Follow Button', 'Microdata for Google Shopping', 'NFOrce Internet', 'PWA', 'PayPal Adaptive Payments', 'QUIC', 'RM Education', 'SMC', 'Sentry', 'SiteW', 'Twitter Ads', 'UTF-8', 'University or College', 'Vector Internet Services', 'Wix', 'Wix Media', 'mlcom']"
pomonokdreams.com,POMONOK DREAMS: The Movie|POMONOK DREAMS,,,55,99,2026-09-13T04:15:18.417013117Z,"['Alternate Protocol', 'Apache', 'Automattic', 'Custom Facebook Feed', 'DAV', 'EmbedPress', 'Font Awesome', 'GZIP Module', 'Jetpack', 'PHP', 'PayPal Adaptive Payments', 'Perl', 'Theme In WP', 'UTF-8', 'University or College', 'WordPress', 'WordPress Multisite', 'WordPress Stats', 'YouTube', 'jQuery']"
weirdocamp.com,- Weirdo Camp - A curious website -,Weirdo Camp,,72,19042,2026-09-13T04:15:18.382207245Z,"['AWS WAF Challenge', 'Alternate Protocol', 'Camp', 'Cloudflare', 'Cloudflare CDN', 'Contextual Related Posts', 'EmbedPress', 'GZIP Module', 'Google', 'Google Cloud DNS', 'Google Font API', 'Google My Business', 'Jetpack', 'Microdata for Google Shopping', 'Nginx', 'PHP', 'PayPal Adaptive Payments', 'Theme In WP', 'UTF-8', 'WordPress', 'WordPress Multisite', 'WordPress Related Posts', 'WordPress Stats', 'jQuery']"
midlandscommunity.org,Midlands Community Foundation,Midlands Community Foundation,,65,8679,2026-09-13T04:15:18.373338279Z,"['AddEvent', 'Alternate Protocol', 'Amazon WAF Blocked', 'Aruba', 'Content Delivery Network', 'EmbedPress', 'Fastly', 'Font Awesome', 'GZIP Module', 'GetResponse', 'Google', 'Google Cloud DNS', 'Google Font API', 'Google My Business', 'Gravity', 'Gravity Forms', 'Lazy Load for WordPress', 'Microdata for Google Shopping', 'PHP', 'PayPal', 'Stripe', 'Tailwind CSS', 'Twitter Ads', 'UTF-8', 'WordPress', 'WordPress Multisite', 'YouTube', 'eLand', 'reCAPTCHA']"
google-search.co.uk,Google Search,,,57,6654,2026-09-13T04:01:39.950153199Z,"['Amazon CloudFront', 'Apture Linking Platform', 'CloudFront', 'Duda', 'GZIP Module', 'Google', 'Google Cloud CDN', 'Google Cloud DNS', 'Google Font API', 'Google My Business', 'Google Recommendations AI', 'Google Related Website Sites', 'Instagram Follow Button', 'Line2', 'Microdata for Google Shopping', 'Nginx', 'No-Q', 'PWA', 'PayPal Adaptive Payments', 'PayPal Button', 'PayPal Form', 'Site Search 360', 'Twitter Ads', 'UTF-8', 'Yell Business', 'YouTube']"
educatingfootball.com,Developing a Winning Soccer Mindset,,,72,18312,2026-09-13T03:39:04.918421192Z,"['GoDaddy', 'Google', 'Google Cloud DNS', 'Google Font API', 'Google Tag Manager', 'Instagram Follow Button', 'Line2', 'PWA', 'PayPal Adaptive Payments', 'PayPal Button', 'PayPal Form', 'UTF-8', 'Wangsu', 'Website Tonight', 'YouTube']"
dialart.org,Home | dialart,,,50,37051,2026-09-13T03:39:04.89751101Z,"['501c3 Status Nonprofit', 'Amazon WAF Blocked', 'Apture Linking Platform', 'Content Delivery Network', 'DAV', 'Express', 'Fastly', 'Fastly CDN', 'GZIP Module', 'Google My Business', 'K2F', 'KVH', 'Microdata for Google Shopping', 'NFOrce Internet', 'POWr', 'PWA', 'PayPal Adaptive Payments', 'Perl', 'QUIC', 'SMC', 'Seflow Italy', 'Sentry', 'SiteW', 'Subversion', 'Twitter Ads', 'UTF-8', 'Vector Internet Services', 'Vimeo', 'WP Booking Calendar', 'Wix', 'Wix Media', 'YouTube', 'mlcom']"
newkontinent.org,New Kontinent – Towards United States — Russia relationships,,DEU,65,17608,2026-09-13T03:29:37.696991408Z,"['AWS WAF Challenge', 'Alternate Protocol', 'Apache', 'EmbedPress', 'Envoy', 'Facebook Login', 'Facebook Messenger Platform', 'Facebook Reseller', 'GZIP Module', 'Google', 'Google Analytics', 'Google Cloud DNS', 'Google Font API', 'Google Tag Manager', 'PHP', 'PayPal Adaptive Payments', 'PayPal Button', 'PayPal Form', 'Polylang', 'QUIC', 'Theme In WP', 'UTF-8', 'University or College', 'WordPress', 'WordPress Multisite', 'eLand', 'jQuery', 'jsDelivr']"
shediacbayassociation.org,Home page - Shediac Bay Watershed Association,Shediac Bay Association,,67,2845,2026-09-13T03:29:37.692592671Z,"['Alternate Protocol', 'Divi', 'Elegant Themes', 'EmbedPress', 'GZIP Module', 'Google', 'Google Cloud CDN', 'Google Cloud DNS', 'Google Font API', 'Microdata for Google Shopping', 'Nginx', 'PHP', 'PayPal Adaptive Payments', 'PayPal Button', 'PayPal Form', 'Theme In WP', 'UTF-8', 'WPML Multilingual', 'Woo Themes', 'WordPress', 'WordPress Multisite', 'eLand', 'jQuery']"
cecelias-shoes.org,"Cecelia's Shoes - Non Profit, Kids Shoes",,,72,43312,2026-09-13T03:29:37.636522711Z,"['501c3 Status Nonprofit', 'Contento', 'GitHub Hosting', 'GoDaddy', 'Google', 'Google Cloud DNS', 'Google Font API', 'License Buttons', 'Line2', 'PWA', 'PayPal Adaptive Payments', 'PayPal Button', 'PayPal Form', 'QUIC', 'UTF-8', 'Wangsu', 'Website Tonight']"
realestateinvestsolutionsllc.com,Sell Probate Property Fast | Private Lenders in Massachusetts,Real Estate Investment Solutions,GBR,92,58534,2026-09-13T02:42:34.911565789Z,"['Alternate Protocol', 'Amazon', 'Amazon S3 CDN', 'Apture Linking Platform', 'Content Delivery Network', 'Elementor', 'EmbedPress', 'Express', 'Facebook Login', 'Facebook Messenger Platform', 'Facebook Pixel', 'Facebook Reseller', 'Font Awesome', 'GZIP Module', 'Google', 'Google Analytics', 'Google Cloud CDN', 'Google Cloud DNS', 'Google Font API', 'Google Tag Manager', 'Instagram Follow Button', 'Jetpack', 'MailChimp', 'Microdata for Google Shopping', 'NFOrce Internet', 'Neighborhoods', 'OceanWP', 'PHP', 'PayPal Adaptive Payments', 'QUIC', 'SMC', 'Simple Download Monitor', 'Storyblocks', 'Sucuri Cloudproxy', 'Table Addons for Elementor', 'Thank You', 'Theme In WP', 'UTF-8', 'WPForms', 'Woo Themes', 'WooCommerce', 'WooCommerce Checkout', 'WordPress', 'WordPress Multisite', 'WordPress Stats', 'jQuery']"
jakesdogtreats.co.uk,Homepage - Jakes Dog Treats,,GBR,70,4774,2026-09-13T02:31:52.74743713Z,"['Adult Content', 'Advanced Woo Search', 'Alternate Protocol', 'Apture Linking Platform', 'Coming Soon Page', 'Content Delivery Network', 'EmbedPress', 'Express', 'Google', 'Google Cloud DNS', 'Google Customer Reviews', 'Google Font API', 'LiteSpeed', 'Microdata for Google Shopping', 'NFOrce Internet', 'Ntent', 'PHP', 'PayPal', 'QUIC', 'Tailwind CSS', 'Theme In WP', 'TrustIndex', 'Twenty Fifteen', 'UTF-8', 'Woo Themes', 'WooCommerce', 'WooCommerce Checkout', 'WooCommerce Stripe Payment Gateway', 'WordPress', 'WordPress Multisite', 'jQuery', 'jsDelivr']"
rotaryclubofcsh.org,Home Page | Rotary Club of Charlotte-Shelburne-Hinesburg,,USA,75,4468,2026-09-13T02:20:22.74367133Z,"['Apture Linking Platform', 'AutoComplete', 'Bulma', 'Cloudflare', 'Facebook Login', 'Facebook Messenger Platform', 'Facebook Reseller', 'GZIP Module', 'Google', 'Google Analytics', 'Google Maps', 'Google My Business', 'Google Tag Manager', 'IcoMoon', 'Instagram Follow Button', 'Microsoft Application Insights', 'Microsoft Azure Blob Storage', 'PayPal Adaptive Payments', 'PayPal Button', 'PayPal Form', 'Perl', 'QUIC', 'University or College']"
solvingsystemsit.com,Home | Solving Systems,,,55,26496,2026-09-13T02:07:15.432017377Z,"['AWS WAF Challenge', 'Alternate Protocol', 'Amazon WAF Blocked', 'Apture Linking Platform', 'Content Delivery Network', 'Fastly', 'Fastly CDN', 'GZIP Module', 'Instagram Follow Button', 'Microdata for Google Shopping', 'NFOrce Internet', 'PWA', 'PayPal Adaptive Payments', 'QUIC', 'SMC', 'Sentry', 'SiteW', 'UTF-8', 'Vector Internet Services', 'Wix', 'Wix Media', 'mlcom']"
marisolyogaacademy.de,Marisol Yoga Academy | Yoga Teacher Trainings and Mentoring,,,65,4673,2026-09-13T01:59:23.088046366Z,"['Alternate Protocol', 'Apache', 'Apture Linking Platform', 'Divi', 'Elegant Themes', 'EmbedPress', 'Express', 'Facebook Reseller', 'GZIP Module', 'Google', 'Google Cloud CDN', 'Google Cloud DNS', 'Google Font API', 'Instagram Feed for WordPress', 'Instagram Follow Button', 'NFOrce Internet', 'PHP', 'PayPal', 'PixelYourSite', 'Theme In WP', 'UTF-8', 'WP Rocket', 'Woo Themes', 'WooCommerce', 'WooCommerce Checkout', 'WordPress', 'WordPress Multisite', 'jQuery']"
earlylearningnh.org,Early Learning NH works to ensure every child can reach their full potential,,,67,2980,2026-09-13T01:43:08.364678909Z,"['Apache', 'Crowdsignal', 'GZIP Module', 'Google', 'Google Analytics', 'Google Cloud CDN', 'Google Cloud DNS', 'Google Font API', 'Google My Business', 'Google Tag Manager', 'PayPal Adaptive Payments', 'Twitter Ads', 'UTF-8', 'YouTube']"
thejointpaindoctor.com,"Acu-Recovery 7200TBT | DrFit365, LLC",,,60,34166,2026-09-13T01:32:04.4473049Z,"['AWS WAF Challenge', 'Alternate Protocol', 'Amazon', 'Amazon CloudFront', 'Amazon S3 CDN', 'Angular', 'Apture Linking Platform', 'Aruba', 'Cart.com', 'CloudFront', 'DAV', 'Doctor.com', 'Express', 'Facebook Conversion Tracking', 'Facebook Login', 'Facebook Messenger Platform', 'Facebook Pixel', 'Facebook Reseller', 'Facebook Tag API', 'GZIP Module', 'GetResponse', 'Google Cloud DNS', 'Google Font API', 'Google My Business', 'Nginx', 'PHP', 'PayPal Adaptive Payments', 'Storyblocks', 'Stripe', 'UTF-8', 'Vimeo', 'YouTube', 'eLand', 'reCAPTCHA', 'uPress', 'vzaar']"
153net.org,153NET – House Church,,,55,763,2026-09-13T01:32:04.439024667Z,"['AWS WAF Challenge', 'Alternate Protocol', 'Apache', 'Astra Theme', 'Automattic', 'Cloudflare', 'Cloudflare CDN', 'Elementor', 'ElementsKit Elementor', 'EmbedPress', 'Essential Addons for Elementor', 'GZIP Module', 'Google', 'Google Cloud DNS', 'Google Font API', 'Google My Business', 'Header, Footer and Blocks for Elementor', 'Jetpack', 'NFOrce Internet', 'PHP', 'PayPal Button', 'PayPal Form', 'Theme In WP', 'UTF-8', 'University or College', 'Woo Themes', 'WordPress', 'WordPress Multisite', 'WordPress Related Posts', 'WordPress Stats', 'jQuery']"
hiltonbaptist.org,Hilton Baptist Church,,GBR,70,781,2026-09-13T01:32:04.414494005Z,"['Alternate Protocol', 'Apache', 'Column Shortcodes', 'EmbedPress', 'Font Awesome', 'GZIP Module', 'Google Analytics', 'Google Cloud DNS', 'Google Font API', 'Google My Business', 'Google Tag Manager', 'Gravity Forms', 'MonsterInsights', 'PHP', 'PayPal Button', 'PayPal Form', 'Recent Tweets Widget for WordPress', 'Soliloquy for WordPress', 'The Events Calendar', 'Theme In WP', 'UTF-8', 'Woo Themes', 'WordPress', 'WordPress Multisite', 'YouTube', 'jQuery']"
careerchangelondon.co.uk,Career Counselling and Assessment - Sherridan Hughes,,,62,31960,2026-09-13T01:16:44.564115846Z,"['AJAX Libraries API', 'AWS WAF Challenge', 'Alternate Protocol', 'Cloudflare', 'Cloudflare CDN', 'Cloudflare Web Analytics', 'Facebook Login', 'Facebook Reseller', 'Fireblade', 'Google Cloud DNS', 'Google Font API', 'Google My Business', 'Google Related Website Sites', 'ISO/IEC 8859', 'LiteSpeed', 'PayPal Adaptive Payments', 'PayPal Button', 'PayPal Form', 'Tailwind CSS', 'Twitter Ads', 'UTF-8', 'jQuery', 'reCAPTCHA']"
louieherbal.com,Louie Herbal Health Clinic Limited – Passionate Certified Professionals putting your Health as our main priority!,,,60,500,2026-09-13T01:05:10.497488062Z,"['Alternate Protocol', 'Apture Linking Platform', 'Automattic', 'Elementor', 'EmbedPress', 'Essential Addons for Elementor', 'GZIP Module', 'Instagram Follow Button', 'Jetpack', 'LiteSpeed', 'NFOrce Internet', 'PHP', 'PayPal', 'QUIC', 'Table Addons for Elementor', 'Theme In WP', 'Twenty Twenty-One', 'UTF-8', 'WP Super Cache', 'Woo Themes', 'WooCommerce', 'WooCommerce Checkout', 'WordPress', 'WordPress Multisite', 'WordPress Stats', 'YouTube', 'jQuery']"
nexusvisionsolutions.com,Nexus Vision Solutions,,,62,36500,2026-09-13T00:30:19.179654598Z,"['Apture Linking Platform', 'Fireblade', 'Instagram Follow Button', 'KVH', 'LiteSpeed', 'NFOrce Internet', 'Ntent', 'PayPal', 'Tailwind CSS', 'UTF-8']"
littleduttyjancrow.com,"The Proud Little Dutty Jancrow: A Children's Book about Self-Discovery, Acceptance, and Resilience for Kids and Adults | Caribbean Diaspora",,JAM,87,15228,2026-09-13T00:05:49.769769773Z,"['AWS WAF Challenge', 'Amazon Widgets', 'Apture Linking Platform', 'CDN JS', 'Cloudflare', 'Cloudflare CDN', 'Content Delivery Network', 'Instagram Follow Button', 'Microdata for Google Shopping', 'Netlify', 'PayPal', 'Share Link', 'UTF-8', 'YouTube']"
supportingsilksistersinc.org,Supporting Silk Sisters Inc. | Australian NGO working in Cambodia,,AUS,65,144,2026-09-13T00:05:49.750980129Z,"['AccessPress Themes', 'Alternate Protocol', 'Apache', 'Contact Form Plugin', 'EmbedPress', 'Facebook Like', 'Facebook Login', 'Facebook Messenger Platform', 'Facebook Reseller', 'GZIP Module', 'Google Analytics', 'Google Cloud DNS', 'Google Font API', 'Google Maps', 'PHP', 'PayPal Adaptive Payments', 'PayPal Button', 'PayPal Form', 'Tailwind CSS', 'Theme In WP', 'Twitter Ads', 'UTF-8', 'University or College', 'WordPress', 'WordPress Multisite', 'jQuery']"
north3d.ca,Buy 3D Printer Online - Quality & Affordable Options,,,67,18312,2026-09-12T23:57:18.508739908Z,"['Alternate Protocol', 'Apache', 'Etsy', 'Express', 'GoDaddy', 'Google', 'Google Analytics', 'Google Cloud DNS', 'Google Font API', 'Google My Business', 'Google Tag Manager', 'Line2', 'PWA', 'PayPal Adaptive Payments', 'PayPal Button', 'PayPal Form', 'UTF-8', 'Wangsu', 'Website Tonight']"
fishofnf.org,"Fish of New Fairfield | Non-emergency transportation to medical & dental appts | New Fairfield, CT, USA",,,57,33162,2026-09-12T23:57:18.506637324Z,"['Amazon WAF Blocked', 'Apture Linking Platform', 'Content Delivery Network', 'DC74', 'Express', 'Fastly', 'Fastly CDN', 'GZIP Module', 'Google Related Website Sites', 'K2F', 'Microdata for Google Shopping', 'NFOrce Internet', 'POWr', 'PWA', 'PayPal Adaptive Payments', 'Perl', 'QUIC', 'SMC', 'Seflow Italy', 'Sentry', 'SiteW', 'Sitelinks Search Box', 'Subversion', 'UTF-8', 'Vector Internet Services', 'Wix', 'Wix Media', 'mlcom']"
nemorable.com,Nemorable,,,52,1200,2026-09-12T23:57:18.494950178Z,"['Adult Content', 'Apture Linking Platform', 'Cloudflare', 'Cloudflare CDN', 'Content Delivery Network', 'DC74', 'ElementUI', 'Express', 'GetResponse', 'Giropay', 'Microdata for Google Shopping', 'PayPal', 'Tailwind CSS', 'UTF-8', 'Vue.js', 'jsDelivr']"
actnowcollective.com,Act Now Collective,Act Now Collective,,65,18312,2026-09-12T23:45:07.002528263Z,"['Alternate Protocol', 'GoDaddy', 'Google', 'Google Cloud DNS', 'Google Font API', 'Google My Business', 'Instagram Follow Button', 'Line2', 'Microdata for Google Shopping', 'PWA', 'PayPal Adaptive Payments', 'PayPal Button', 'PayPal Form', 'UTF-8', 'Wangsu', 'Website Tonight', 'YouTube']"
trfhop.org,Thief River Falls House of Prayer – A place for people to pray in northwest Minnesota,,,55,362,2026-09-12T23:45:06.963893085Z,"['AWS WAF Challenge', 'Alternate Protocol', 'Cloudflare', 'Cloudflare CDN', 'Custom Facebook Feed', 'EmbedPress', 'Facebook CDN', 'Financial Services Guide', 'Font Awesome', 'GZIP Module', 'Google', 'Google Cloud DNS', 'Google Font API', 'Google My Business', 'Jetpack', 'Lazy Load for WordPress', 'MailChimp for WordPress', 'Nginx', 'PHP', 'PayPal Adaptive Payments', 'PayPal Button', 'PayPal Form', 'Theme In WP', 'Twitter Ads', 'UTF-8', 'Woo Themes', 'WordPress', 'WordPress Multisite', 'Writee', 'jQuery']"
funkytownfreeze.com,Funky Town Freeze,Funky Town Freeze,USA,75,18312,2026-09-12T23:33:46.517422463Z,"['GoDaddy', 'Google', 'Google Cloud DNS', 'Google Font API', 'Google My Business', 'Instagram Follow Button', 'Line2', 'Microdata for Google Shopping', 'PWA', 'PayPal Adaptive Payments', 'PayPal Button', 'PayPal Form', 'UTF-8', 'Wangsu', 'Website Tonight']"
okunoshima.video,Ōkunoshima – Japan‘s Poison Factory,,JPN,77,2680,2026-09-12T23:23:03.754605018Z,"['Content Delivery Network', 'Fastly', 'GZIP Module', 'GitHub Hosting', 'Google Cloud DNS', 'Google Font API', 'PayPal Adaptive Payments', 'UTF-8', 'Vimeo']"
spymass.com,spymass | Art Music Bryan J Robinson,,FRA,70,1920,2026-09-12T23:23:03.752894268Z,"['Alternate Protocol', 'Apple Auto Link Maker', 'Band Camp', 'Camp', 'Google Related Website Sites', 'Nginx', 'PHP', 'PayPal Adaptive Payments', 'PayPal Button', 'PayPal Form', 'Twenty Eleven', 'UTF-8', 'WordPress', 'WordPress Multisite', 'YouTube', 'eLand', 'jQuery']"
yourothermother.org,Pregnancy Assistance Center | Yourothermother Inc. | United States,YOUROTHERMOTHER INC. ,,77,135180,2026-09-12T23:23:03.746602749Z,"['Alternate Protocol', 'Amazon WAF Blocked', 'Apture Linking Platform', 'Coming Soon Page', 'Content Delivery Network', 'DAV', 'Express', 'Fastly', 'Fastly CDN', 'GZIP Module', 'Google Related Website Sites', 'K2F', 'KVH', 'Microdata for Google Shopping', 'NFOrce Internet', 'PWA', 'PayPal Adaptive Payments', 'Perl', 'QUIC', 'SMC', 'Seflow Italy', 'Sentry', 'SiteW', 'Subversion', 'Tailwind CSS', 'Thank You', 'UTF-8', 'Vector Internet Services', 'WP Booking Calendar', 'Wix', 'Wix Media', 'Zeffy', 'mlcom']"
hydro-lite.com,Hydro-Lite Hydroponics & Garden Supplies,,CAN,87,32371,2026-09-12T23:12:00.651505733Z,"['Apture Linking Platform', 'Baidu Cloud', 'Beeketing', 'Bold Commerce', 'Bulma', 'Cloudflare', 'Cloudflare CDN', 'Fireblade', 'FormSubmit', 'Google Cloud DNS', 'Google Font API', 'Google Maps', 'Google My Business', 'Google Related Website Sites', 'Instagram Follow Button', 'Interchange', 'PayPal', 'Perl', 'QUIC', 'Shopify', 'Shopify Collabs', 'Shopify Payments', 'Smile IO', 'Subversion', 'Tailwind CSS', 'UTF-8', 'University or College', 'Woo Themes', 'Yandex Hosting', 'YouTube', 'hCaptcha', 'jQuery', 'reCAPTCHA']"
helenjoynsonartheals.com.au,HOME - Helen Joynson Art Heals,Helen Joynson Art Heals,,67,19560,2026-09-12T22:48:55.895938351Z,"['Alternate Protocol', 'Amazon WAF Blocked', 'Apache', 'Apture Linking Platform', 'CDN JS', 'Cloudflare', 'Cloudflare CDN', 'EmbedPress', 'Express', 'Fireblade', 'Flatsome', 'GZIP Module', 'Gambling Content', 'Google Analytics', 'Google Cloud DNS', 'Google Font API', 'Google My Business', 'Google Tag Manager', 'IcoMoon', 'Instagram Follow Button', 'Jetpack', 'Line2', 'LiteSpeed', 'Microdata for Google Shopping', 'MonsterInsights', 'NFOrce Internet', 'PHP', 'PayPal', 'QUIC', 'QUIC.cloud', 'Tailwind CSS', 'UTF-8', 'Woo Themes', 'WooCommerce Checkout', 'WordPress', 'WordPress Multisite', 'Wordfence', 'reCAPTCHA']"
xlband.com,"XL Band extra-large, long, and XXL Apple Watch bands for big and tall wrists",,USA,77,105987,2026-09-12T22:36:18.50900131Z,"['Amazon Associates', 'Amazon Associates Affiliate Shop', 'Amazon Widgets', 'Apture Linking Platform', 'Automattic', 'Bulma', 'CDN JS', 'Cart.com', 'Cloudflare', 'Cloudflare CDN', 'Cloudinary', 'Content Delivery Network', 'Express', 'Fastly', 'Fireblade', 'Font Awesome', 'GZIP Module', 'GitHub Hosting', 'Google Analytics', 'Google Tag Manager', 'Imgix', 'Instagram Follow Button', 'PayPal', 'QUIC', 'Shopify', 'Shopify Collabs', 'StackPath', 'Tailwind CSS', 'Thank You', 'Twitter Ads', 'Twitter CDN', 'UTF-8', 'Vector Internet Services', 'VigLink']"
jimharrison.com,Jim Harrison - South Carolina Artist,Jim Harrison Art,USA,75,31900,2026-09-12T22:36:18.470412791Z,"['Alternate Protocol', 'Apture Linking Platform', 'Beaver Builder Lite', 'Content Delivery Network', 'Contento', 'EmbedPress', 'Express', 'Fastly', 'GZIP Module', 'Google', 'Google Analytics', 'Google Cloud DNS', 'Google Font API', 'Google My Business', 'Google Tag Manager', 'Microdata for Google Shopping', 'MonsterInsights', 'NFOrce Internet', 'PHP', 'PayPal', 'QUIC', 'Schema Plugin', 'Theme In WP', 'UTF-8', 'University or College', 'Woo Themes', 'WooCommerce', 'WooCommerce Checkout', 'WooCommerce Stripe Payment Gateway', 'WordPress', 'WordPress Multisite', 'jQuery']"
postfixbrackets.co.uk,Postfix Brackets,Postfix,GBR,72,27718,2026-09-12T22:11:45.398371905Z,"['Alternate Protocol', 'Apture Linking Platform', 'Aruba', 'Automattic', 'Content Delivery Network', 'EmbedPress', 'Express', 'Fireblade', 'Google My Business', 'Gutenberg', 'Jetpack', 'Jetpack Site Accelerator', 'Kinsta', 'Line2', 'Microdata for Google Shopping', 'NFOrce Internet', 'Nginx', 'Oracle Cloud', 'PayPal Adaptive Payments', 'Perl', 'QUIC', 'UTF-8', 'Vector Internet Services', 'Woo Themes', 'WooCommerce', 'WooCommerce Checkout', 'WooCommerce Payments', 'WordPress', 'WordPress Multisite', 'WordPress Stats', 'eLand', 'jQuery', 'reCAPTCHA']"
pawsitiveplates.org,Hom,,USA,82,19032,2026-09-12T22:11:45.378949015Z,"['501c3 Status Nonprofit', 'Apache', 'Express', 'GoDaddy', 'Google', 'Google Cloud DNS', 'Google Font API', 'Google My Business', 'Google Related Website Sites', 'Instagram Follow Button', 'Line2', 'PWA', 'PayPal Adaptive Payments', 'PayPal Button', 'PayPal Form', 'UTF-8', 'Wangsu', 'Website Tonight', 'YouTube']"
wood1.us,The Wood's Blog – Our Families Thoughts on Everything,,,45,3,2026-09-12T22:11:45.37518687Z,"['Alternate Protocol', 'Contact Form Plugin', 'EmbedPress', 'FreeCSSTemplates', 'GZIP Module', 'Google Cloud DNS', 'Google Font API', 'Nginx', 'PHP', 'PayPal Adaptive Payments', 'PayPal Button', 'PayPal Form', 'Photo Gallery for WordPress', 'ProfilePress', 'TablePress', 'Theme In WP', 'Twenty Seventeen', 'UTF-8', 'Ubuntu', 'WooFramework', 'WordPress', 'WordPress Multisite', 'YouTube', 'jQuery']"
findingyousanctuary.org,Finding You Sanctuary-Non-profit Organization | Franklin,Finding You Sanctuary,,77,132990,2026-09-12T21:59:23.541342053Z,"['501c3 Status Nonprofit', 'Alternate Protocol', 'Amazon WAF Blocked', 'Apture Linking Platform', 'Content Delivery Network', 'DAV', 'Express', 'Fastly', 'Fastly CDN', 'GZIP Module', 'Google Related Website Sites', 'K2F', 'Microdata for Google Shopping', 'NFOrce Internet', 'On The Map', 'POWr', 'PWA', 'PayPal Adaptive Payments', 'QUIC', 'SMC', 'Seflow Italy', 'Sentry', 'SiteW', 'Subversion', 'Twitter Ads', 'UTF-8', 'Vector Internet Services', 'Wix', 'Wix Media', 'YouTube', 'mlcom']"
soluslegion.com,Solus Legion | Premium Tactical Apparel for the Resilient,,,77,67656,2026-09-12T21:29:02.042293898Z,"['3 Products', 'Alternate Protocol', 'Amazon WAF Blocked', 'Apture Linking Platform', 'Baidu Cloud', 'Cloudflare', 'Cloudflare CDN', 'Express', 'Fireblade', 'Instagram Follow Button', 'KVH', 'Klaviyo', 'Landis Holdings', 'Microdata for Google Shopping', 'NFOrce Internet', 'PayPal', 'QUIC', 'Shopify', 'Shopify Collabs', 'Shopify Payments', 'Subversion', 'Thank You', 'TinyIMG', 'To Top', 'UTF-8', 'Yandex Hosting', 'YouTube', 'hCaptcha', 'reCAPTCHA']"
lakeconroerotary.org,Home Page | Rotary Club of Lake Conroe (Montgomery),,ITA,82,4468,2026-09-12T21:29:02.007870703Z,"['Apture Linking Platform', 'AutoComplete', 'Bulma', 'Cloudflare', 'DAV', 'Facebook Login', 'Facebook Messenger Platform', 'Facebook Reseller', 'GZIP Module', 'Google', 'Google Analytics', 'Google My Business', 'Google Tag Manager', 'IcoMoon', 'Microsoft Application Insights', 'Microsoft Azure Blob Storage', 'PayPal Button', 'PayPal Form', 'Perl', 'Tailwind CSS']"
novacleanuk.com,Home - Nova Clean UK | Dry Cleaning & Laundry Service in Walton-on-Thames,,,77,2489,2026-09-12T21:29:01.987571158Z,"['Alternate Protocol', 'Amazon WAF Blocked', 'Better Lead Generation Services', 'Book Direct', 'CDN JS', 'Cloudflare', 'Cloudflare CDN', 'EmbedPress', 'Express', 'Google', 'Google Cloud DNS', 'Google Font API', 'Instagram Follow Button', 'LiteSpeed', 'Microdata for Google Shopping', 'PHP', 'PayPal', 'QUIC', 'Sitelinks Search Box', 'Stripe', 'Tailwind CSS', 'Theme In WP', 'UTF-8', 'WordPress', 'WordPress Multisite', 'jQuery']"
wheelchair-parts.com,Wheelchair Parts and Accessories - Wheelchair-Parts.com,,,77,23264,2026-09-12T21:29:01.984159889Z,"['AWS WAF Challenge', 'Authorize.net', 'Bing Cashback', 'Bing Conversion Tracking', 'Bulma', 'CallRail', 'Cloudflare', 'Cloudflare CDN', 'DoubleClick Bid Manager', 'Facebook Reseller', 'Google', 'Google Analytics', 'Google Cloud DNS', 'Google My Business', 'Google Tag Manager', 'IcoMoon', 'Idaq', 'Microdata for Google Shopping', 'Nginx', 'No-Q', 'PayPal', 'PayPal Adaptive Payments', 'QUIC', 'Sitelinks Search Box', 'UTF-8', 'reCAPTCHA']"
labelident.eu,Labels and labelprinters for logistics and shipping from Labelident,,DEU,82,236175,2026-09-12T21:13:10.218213734Z,"['Adobe Analytics', 'Adobe Marketing Cloud', 'Amazon', 'Bing Cashback', 'Bing Conversion Tracking', 'BunnyCDN General', 'CDN JS', 'Cloudflare', 'Cloudflare CDN', 'DoubleClick Bid Manager', 'Ethy', 'Express', 'Fastly', 'Font Awesome', 'GDPR Consent Management Platform', 'GZIP Module', 'Google', 'Google Analytics', 'Google Cloud CDN', 'Google Cloud DNS', 'Google Font API', 'Google Maps', 'Google My Business', 'Google Tag Manager', 'IcoMoon', 'Magento', 'Mouseflow', 'Nginx', 'PayPal Adaptive Payments', 'Performance Lab', 'QUIC', 'Seflow Italy', 'ShopVote', 'Tailwind CSS', 'Thank You', 'US Privacy User Signal Mechanism', 'UTF-8', 'Vimeo', 'Vimeo CDN', 'Way', 'YouTube', 'reCAPTCHA']"
bearschristmasremindercollection.com,Bear's Christmas Reminder Collection | Action Aspirations,,GBR,70,94440,2026-09-12T21:03:53.280163451Z,"['AWS WAF Challenge', 'Alternate Protocol', 'Amazon', 'Amazon CloudFront', 'Amazon S3 CDN', 'Angular', 'Apture Linking Platform', 'Aruba', 'Cart.com', 'CloudFront', 'Facebook Conversion Tracking', 'Facebook Login', 'Facebook Messenger Platform', 'Facebook Pixel', 'Facebook Reseller', 'Facebook Tag API', 'GZIP Module', 'Google Analytics', 'Google Cloud DNS', 'Google Font API', 'Google My Business', 'Google Tag Manager', 'Nginx', 'PHP', 'PayPal Adaptive Payments', 'QUIC', 'Storyblocks', 'Stripe', 'UTF-8', 'Vimeo', 'eLand', 'reCAPTCHA']"
wayofthewiseowl.com,The Standard Circle | Way Of The Wise Owl,,GBR,80,105141,2026-09-12T20:38:50.772386807Z,"['AWS WAF Challenge', 'Alternate Protocol', 'Amazon WAF Blocked', 'Apture Linking Platform', 'Content Delivery Network', 'DAV', 'Express', 'Fastly', 'Fastly CDN', 'GZIP Module', 'Google Related Website Sites', 'Microdata for Google Shopping', 'NFOrce Internet', 'PWA', 'PayPal Adaptive Payments', 'Perl', 'QUIC', 'SMC', 'Seflow Italy', 'Sentry', 'SiteW', 'Sitelinks Search Box', 'Thank You', 'UTF-8', 'Vector Internet Services', 'WP Booking Calendar', 'Wix', 'Wix Media', 'eLand', 'mlcom']"
weseegreatnessinyou.com,WE SEE GREATNESS IN YOU,WE SEE GREATNESS IN YOU,USA,75,33351,2026-09-12T20:38:50.765097326Z,"['501c3 Status Nonprofit', 'AWS WAF Challenge', 'Coming Soon Page', 'GitHub Hosting', 'GoDaddy', 'Google', 'Google Cloud DNS', 'Google Font API', 'Instagram Follow Button', 'Line2', 'Microdata for Google Shopping', 'PWA', 'PayPal Adaptive Payments', 'PayPal Button', 'PayPal Form', 'QUIC', 'UTF-8', 'Wangsu', 'Website Tonight']"
wccivicpride.org,Walnut Creek Civic Pride Foundation,,,60,21296,2026-09-12T20:38:50.758920892Z,"['501c3 Status Nonprofit', 'Amazon WAF Blocked', 'Apture Linking Platform', 'Content Delivery Network', 'Fastly', 'Fastly CDN', 'K2F', 'KVH', 'Microdata for Google Shopping', 'NFOrce Internet', 'PWA', 'PayPal Adaptive Payments', 'QUIC', 'Sentry', 'Subversion', 'UTF-8', 'Vector Internet Services', 'Wix', 'Wix Media', 'mlcom']"
arredo39.com,Made in Italy Home Furnishings,CASA39,CAN,82,426521,2026-09-12T20:27:59.987121002Z,"['501c3 Status Nonprofit', 'Adobe Analytics', 'Adobe Marketing Cloud', 'Amazon', 'Amazon CloudFront', 'Amazon Route 53', 'AppNexus Direct', 'Apture Linking Platform', 'Azion', 'Better Lead Generation Services', 'BidSwitch Direct', 'Bing Cashback', 'Braintree', 'Bunny Fonts', 'CDN JS', 'CloudFront', 'Cloudflare', 'Cloudflare CDN', 'Criteo', 'DAV', 'DemDex', 'DoubleClick Bid Manager', 'ElementUI', 'Express', 'Fastly', 'Fireblade', 'Font Awesome', 'Freshdesk Support', 'Freshworks CRM', 'Full Media', 'Google', 'Google Analytics', 'Google Cloud CDN', 'Google Cloud DNS', 'Google Cloud Storage', 'Google Font API', 'Google Maps', 'Google Matched Content', 'Google My Business', 'Google Recommendations AI', 'Google Reseller', 'Google Tag Manager', 'IcoMoon', 'Improve Digital Direct', 'Instagram Follow Button', 'IponWeb BidSwitch', 'Klarna', 'Magento Enterprise', 'Media.net', 'Media.net Reseller', 'Microdata for Google Shopping', 'Nginx', 'Outbrain Direct', 'PHP', 'PayPal Adaptive Payments', 'Perl', 'Pubmatic', 'Sitelinks Search Box', 'SmartAdServer Direct', 'StickyAds TV', 'Stripe', 'Taboola Direct', 'Taboola Reseller', 'Tailwind CSS', 'Triple Lift Direct', 'Trustami', 'Trusted Shops', 'Twitter Ads', 'UK Cookie Consent', 'UTF-8', 'Unsplash', 'Vimeo', 'Vimeo CDN', 'Way', 'WhatsApp Sharing', 'Yieldmo Direct', 'YouTube', 'adingo', 'eLand', 'jsDelivr', 'reCAPTCHA', 'shadcn ui']"
ravusa.org,Redeploying American Veterans (RAV) – Supporting Unhoused Veterans,,,55,3542,2026-09-12T20:27:59.973129585Z,"['501c3 Status Nonprofit', 'Alternate Protocol', 'Apache', 'Contact Form Plugin', 'Elementor', 'EmbedPress', 'GZIP Module', 'GiveWP', 'Givebutter', 'Google Cloud DNS', 'Google Font API', 'NFOrce Internet', 'PHP', 'PayPal Adaptive Payments', 'PayPal Button', 'PayPal Form', 'Slider Revolution', 'The Events Calendar', 'Theme In WP', 'UTF-8', 'Wangsu', 'Woo Themes', 'WooCommerce', 'WooCommerce Checkout', 'WordPress', 'WordPress Multisite', 'jQuery']"
abinvasives.ca,Invasive Species | Alberta Invasive Species Council,Alberta Invasive Species Council,,72,45619,2026-09-12T20:27:59.967031038Z,"['AJAX Libraries API', 'Alternate Protocol', 'Apture Linking Platform', 'Beaver Builder Lite', 'Cloudflare', 'CoBlocks', 'Content Delivery Network', 'Contento', 'Download Monitor', 'EmbedPress', 'GoDaddy', 'Google', 'Google Analytics', 'Google Cloud DNS', 'Google Font API', 'Google My Business', 'Google Tag Manager', 'Gravity', 'Instagram Follow Button', 'Jetpack', 'Microdata for Google Shopping', 'MonsterInsights', 'PHP', 'Pagekit', 'PayPal Adaptive Payments', 'PayPal Button', 'PayPal Form', 'Popup Maker for Wordpress', 'Schema Plugin', 'SiteW', 'Theme In WP', 'Twitter Ads', 'UTF-8', 'WP Rocket', 'WP-Members', 'Wangsu', 'Website Tonight', 'WordPress', 'WordPress Multisite', 'WordPress Stats', 'jQuery', 'reCAPTCHA']"
legittrappers.com,"Welcome - LEGIT TRAPPERS in Chicago, IL",,,77,90056,2026-09-12T20:12:37.229106285Z,"['Amazon WAF Blocked', 'Apture Linking Platform', 'Content Delivery Network', 'Express', 'Fastly', 'Fastly CDN', 'GZIP Module', 'Instagram Follow Button', 'Microdata for Google Shopping', 'NFOrce Internet', 'Neighborhoods', 'PWA', 'PayPal Adaptive Payments', 'QUIC', 'SMC', 'Seflow Italy', 'Sentry', 'Shopify', 'SiteW', 'UTF-8', 'Vector Internet Services', 'Wix', 'Wix Media', 'eLand', 'mlcom']"
hollywoodscrapheap.com,THE HOLLYWOOD SCRAPHEAP,,USA,77,75340,2026-09-12T20:12:37.228099408Z,"['AJAX Libraries API', 'Apache', 'Cart.com', 'GZIP Module', 'Gambling Content', 'Google Analytics', 'Google Cloud DNS', 'Harbor', 'Nginx', 'PHP', 'Parallels Plesk Panel', 'PayPal Adaptive Payments', 'PayPal Button', 'PayPal Form', 'UTF-8', 'jQuery']"
pipi.co.nz,Pipi - Pizza Café / Pizza Truck / Bistro / Restaurant / Havelock North,,ZAF,62,40,2026-09-12T20:01:02.441132069Z,"['AJAX Libraries API', 'Facebook Conversion Tracking', 'Facebook Login', 'Facebook Messenger Platform', 'Facebook Pixel', 'Facebook Reseller', 'Facebook Tag API', 'GZIP Module', 'Google Analytics', 'Google Cloud DNS', 'Google Tag Manager', 'Nginx', 'PHP', 'PayPal Adaptive Payments', 'PayPal Button', 'PayPal Form', 'UTF-8', 'jQuery']"
shamanhypnotherapy.com,Past Life Regression | Shamanic Hypnotherapy | Colorado,Anita Kemp PhD,,77,89828,2026-09-12T19:50:24.850640325Z,"['Alternate Protocol', 'Amazon WAF Blocked', 'Apture Linking Platform', 'Content Delivery Network', 'Express', 'Fastly', 'Fastly CDN', 'GZIP Module', 'Google Related Website Sites', 'Microdata for Google Shopping', 'NFOrce Internet', 'PWA', 'PayPal Adaptive Payments', 'QUIC', 'SMC', 'Seflow Italy', 'Sentry', 'SiteW', 'Twitter Ads', 'UTF-8', 'Universe', 'Vector Internet Services', 'Wix', 'Wix Media', 'mlcom']"
ufcministriescogic.org,United For Christ Ministries COGIC,,,65,18120,2026-09-12T19:50:24.828798534Z,"['GitHub Hosting', 'GoDaddy', 'Google', 'Google Cloud DNS', 'Google Font API', 'PWA', 'PayPal Adaptive Payments', 'PayPal Button', 'PayPal Form', 'QUIC', 'UTF-8', 'Wangsu', 'Website Tonight']"
adoptabeehive.org,British Beekeepers Association,,,67,5179,2026-09-12T19:50:24.815415266Z,"['Alternate Protocol', 'Braintree', 'CDN JS', 'Cloudflare', 'Cloudflare CDN', 'Content Delivery Network', 'DAV', 'Font Awesome', 'Google', 'Google Analytics', 'Google Cloud DNS', 'Google Font API', 'Google Maps', 'Google My Business', 'Google Related Website Sites', 'Google Tag Manager', 'Instagram Follow Button', 'Microdata for Google Shopping', 'Microsoft Application Insights', 'PayPal Adaptive Payments', 'QUIC', 'Termly', 'Twitter Ads', 'UTF-8', 'University or College', 'Way', 'YouTube', 'reCAPTCHA']"
cadenceduckcalls.com,Home - Cadence Duck Calls,Cadence Duck Calls,,60,8207,2026-09-12T19:50:24.807472711Z,"['Adult Content', 'Advanced Woo Search', 'Alternate Protocol', 'Apture Linking Platform', 'Automattic', 'Content Delivery Network', 'Elementor', 'EmbedPress', 'Express', 'FiboSearch', 'Fireblade', 'Font Awesome', 'Google Analytics', 'Google Tag Manager', 'Instagram Follow Button', 'Jetpack', 'Jetpack Site Accelerator', 'Microdata for Google Shopping', 'NFOrce Internet', 'Nginx', 'PHP', 'PayPal', 'QUIC', 'Theme In WP', 'UTF-8', 'Varia', 'Woo Themes', 'WordPress', 'WordPress Multisite', 'WordPress Stats', 'eLand', 'jQuery']"
chasingtwo.com,Chasing Two Baseball Media Outlet,,,65,43312,2026-09-12T19:50:24.807590337Z,"['Alternate Protocol', 'Apache', 'Contento', 'Express', 'GoDaddy', 'Google', 'Google Cloud DNS', 'Google Font API', 'Instagram Follow Button', 'Line2', 'PWA', 'PayPal Adaptive Payments', 'PayPal Button', 'PayPal Form', 'Twitter Ads', 'UTF-8', 'Wangsu', 'Website Tonight', 'YouTube']"
buysoloads.org,"Buy Solo Ads Central - Your Success, Our Commitment",Buy Solo Ads Central,IND,72,868,2026-09-12T19:50:24.781119453Z,"['A-ADS', 'Alternate Protocol', 'Content Delivery Network', 'EmbedPress', 'Google Adsense', 'Google Analytics', 'Google Cloud DNS', 'Google Customer Reviews', 'Google Font API', 'Google Funding Choices', 'Google Matched Content', 'Google My Business', 'Google Related Website Sites', 'Google Reseller', 'Google Tag Manager', 'LiteSpeed', 'Microdata for Google Shopping', 'Mission News', 'PHP', 'PayPal', 'Site Kit', 'Tawk', 'Theme In WP', 'UTF-8', 'WordPress', 'WordPress Multisite', 'jQuery']"
trustytradeco.com,Trusty Trade Co.,,,67,18840,2026-09-12T19:37:18.24991638Z,"['GitHub Hosting', 'GoDaddy', 'Google', 'Google Cloud DNS', 'Google Font API', 'Google My Business', 'Google Related Website Sites', 'PWA', 'PayPal Adaptive Payments', 'PayPal Button', 'PayPal Form', 'UTF-8', 'Wangsu', 'Website Tonight']"
juniorsbarbers.com,Courses - Junior's Barbershop and School,Junior's Barbershop and School,CAN,82,18407,2026-09-12T19:37:18.249784121Z,"['Alternate Protocol', 'Amazon CloudFront', 'Apture Linking Platform', 'ByteDance', 'CloudFront', 'Cloudflare', 'Coming Soon Page', 'Content Delivery Network', 'Elegant Themes', 'Elementor', 'ElementsKit Elementor', 'EmbedPress', 'Express', 'Facebook Conversion Tracking', 'Facebook Login', 'Facebook Messenger Platform', 'Facebook Pixel', 'Facebook Reseller', 'Facebook Tag API', 'GoDaddy', 'Google Analytics', 'Google Maps', 'Google My Business', 'Google Related Website Sites', 'Google Tag Manager', 'Hello Elementor', 'Instagram Follow Button', 'Metform Elemento', 'Microdata for Google Shopping', 'NFOrce Internet', 'PHP', 'PayPal', 'Royal Elementor Addons', 'Site Kit', 'Square', 'Theme In WP', 'TikTok Conversion Tracking Pixel', 'UTF-8', 'Wangsu', 'WhatsApp Sharing', 'Woo Themes', 'WooCommerce', 'WooCommerce Checkout', 'WordPress', 'WordPress Multisite', 'YouTube', 'jQuery']"
ourfuturehope.com,Our Future Hope | Making Our Community A Better Place,,,55,181,2026-09-12T19:37:18.232886987Z,"['Alternate Protocol', 'Apache', 'Divi', 'Elegant Themes', 'EmbedPress', 'GZIP Module', 'Google Cloud DNS', 'Google Font API', 'PHP', 'PayPal Adaptive Payments', 'PayPal Button', 'PayPal Form', 'Theme In WP', 'UTF-8', 'Woo Themes', 'WooCommerce', 'WooCommerce Checkout', 'WordPress', 'WordPress Multisite', 'jQuery']"
westcolfaxlampstand.org,West Colfax Lampstand,,,60,3448,2026-09-12T19:26:41.672140798Z,"['501c3 Status Nonprofit', 'GitHub Hosting', 'GoDaddy', 'Google', 'Google Cloud DNS', 'Google Font API', 'Google My Business', 'Instagram Follow Button', 'Line2', 'PWA', 'PayPal Adaptive Payments', 'PayPal Button', 'PayPal Form', 'UTF-8', 'Wangsu', 'Website Tonight']"
justright.life,Just Right Social Club | Private Social Club for Lesbian & Bisexual Women 35+,Just Right Social Club,USA,82,130237,2026-09-12T19:11:44.091865256Z,"['Alternate Protocol', 'Amazon WAF Blocked', 'Apture Linking Platform', 'Content Delivery Network', 'Contento', 'DAV', 'Express', 'Fastly', 'Fastly CDN', 'Fireblade', 'FormSubmit', 'GZIP Module', 'Google Related Website Sites', 'Instagram Follow Button', 'Microdata for Google Shopping', 'NFOrce Internet', 'PWA', 'PayPal Adaptive Payments', 'Perl', 'Pico CSS', 'QUIC', 'SMC', 'Seflow Italy', 'Sentry', 'SiteW', 'Thank You', 'UTF-8', 'Vector Internet Services', 'WP Booking Calendar', 'Wix', 'Wix Media', 'YouTube', 'eLand', 'mlcom']"
ilsw.com,Interlink,,,65,4199,2026-09-12T19:02:09.333297519Z,"['AddThis', 'AddThis for Wordpress', 'Alternate Protocol', 'Apture Linking Platform', 'Content Delivery Network', 'EmbedPress', 'Express', 'Facebook Login', 'Facebook Messenger Platform', 'Facebook Reseller', 'Fastly', 'GZIP Module', 'Gravity Forms', 'Lightbox Plus', 'NFOrce Internet', 'PHP', 'PayPal', 'Theme In WP', 'Twitter Ads', 'UTF-8', 'Woo Themes', 'WooCommerce', 'WooCommerce Checkout', 'WordPress', 'WordPress Multisite', 'jQuery']"
lotusbynailart.com,Home – Lotusby Nail Art,,GBR,80,5142,2026-09-12T18:50:08.578814325Z,"['Alpine.js', 'Alternate Protocol', 'Apture Linking Platform', 'Astra Theme', 'Automattic', 'Cloudflare', 'Content Delivery Network', 'Elementor', 'ElementsKit Elementor', 'EmbedPress', 'Essential Addons for Elementor', 'Express', 'GoDaddy', 'Google Analytics', 'Google My Business', 'Google Tag Manager', 'Header, Footer and Blocks for Elementor', 'Instagram Follow Button', 'Jetpack', 'Line2', 'Microdata for Google Shopping', 'NFOrce Internet', 'NitroPack', 'PHP', 'PayPal', 'PixelYourSite', 'QUIC', 'Schema Plugin', 'Table Addons for Elementor', 'Theme In WP', 'UTF-8', 'Website Tonight', 'Woo Themes', 'WooCommerce', 'WooCommerce Checkout', 'WordPress', 'WordPress Multisite', 'WordPress Related Posts', 'WordPress Stats', 'jQuery', 'reCAPTCHA']"
takeoffphilippines.com,Take Off Philippines by Miyo Briones Jr | Top Travel & Lifestyle,,PHL,75,50406,2026-09-12T18:24:26.567085101Z,"['AJAX Libraries API', 'Accelerated Mobile Pages', 'AddThis', 'AddThis for Wordpress', 'Alternate Protocol', 'Amazon WAF Blocked', 'App Store', 'Apture Linking Platform', 'BLR', 'Cisco/Arrowpoint Content Service Switch', 'Content Delivery Network', 'Cornerstone', 'DAV', 'DC74', 'DoubleClick Bid Manager', 'Express', 'Fireblade', 'Font Awesome', 'GitHub Hosting', 'Google Adsense', 'Google Analytics', 'Google Cloud DNS', 'Google Font API', 'Google Funding Choices', 'Google Matched Content', 'Google My Business', 'Google Play', 'Google Related Website Sites', 'Google Reseller', 'IcoMoon', 'Instagram Follow Button', 'Jetpack Site Accelerator', 'Microdata for Google Shopping', 'NFOrce Internet', 'Neighborhoods', 'Nginx', 'PHP', 'PayPal Adaptive Payments', 'PayPal Button', 'PayPal Form', 'Phew', 'Postimage.org', 'QUIC', 'Subversion', 'Tailwind CSS', 'Tumblr', 'Twitter Ads', 'UTF-8', 'Web Stories', 'WordPress', 'YouTube', 'jQuery']"
westshorerotary.com,Home Page | Rotary Club of West Shore,,GBR,75,19507,2026-09-12T18:03:14.098119109Z,"['AWS WAF Challenge', 'Alternate Protocol', 'Apture Linking Platform', 'AutoComplete', 'Cloudflare', 'Coming Soon Page', 'DAV', 'Facebook Login', 'Facebook Messenger Platform', 'Facebook Reseller', 'GZIP Module', 'Google', 'Google Maps', 'Google My Business', 'Google Tag Manager', 'IcoMoon', 'Microsoft Application Insights', 'Microsoft Azure Blob Storage', 'PayPal Adaptive Payments', 'PayPal Button', 'PayPal Form', 'Perl', 'University or College', 'eLand']"
thesisconcepts.com,"MTech ME & PhD Project Development, Thesis or Dessertation Writing Services @ ThesisConcepts",,IND,77,1152,2026-09-12T18:03:14.085383622Z,"['AccessPress Themes', 'Alternate Protocol', 'Contact Form Plugin', 'Content Delivery Network', 'EmbedPress', 'Google Cloud DNS', 'Google Font API', 'Google Maps', 'Google My Business', 'IcoMoon', 'LiteSpeed', 'PHP', 'PayPal Adaptive Payments', 'PayPal Button', 'PayPal Form', 'Perl', 'Theme In WP', 'Twitter Ads', 'UTF-8', 'University or College', 'WordPress', 'WordPress Multisite', 'Zopim', 'jQuery']"
karinsdrivingschool.com,Driving School - Karin's Driving School,,,62,18312,2026-09-12T17:47:30.370748943Z,"['Facebook Conversion Tracking', 'Facebook Login', 'Facebook Messenger Platform', 'Facebook Pixel', 'Facebook Reseller', 'Facebook Tag API', 'GoDaddy', 'Google', 'Google Analytics', 'Google Cloud DNS', 'Google Font API', 'Google My Business', 'Google Tag Manager', 'Instagram Follow Button', 'Line2', 'PWA', 'PayPal Adaptive Payments', 'PayPal Button', 'PayPal Form', 'QUIC', 'UTF-8', 'Wangsu', 'Website Tonight', 'Yelp Badge']"
7thcircledesigns.org,7th Circle Designs – Decades of Enterprise IT. Expert Web Solutions.,7th Circle Designs,,77,45679,2026-09-12T17:47:30.353313809Z,"['AWS WAF Challenge', 'Alternate Protocol', 'Apture Linking Platform', 'Astra Theme', 'Automattic', 'Bug Bounty', 'CDN JS', 'CleanTalk Spam Protect', 'Cloudflare', 'Cloudflare CDN', 'Cloudflare Web Analytics', 'Coming Soon Page', 'Content Delivery Network', 'Digital Ocean Spaces', 'DoubleClick Bid Manager', 'DuracellTomi Google Tag Manager for WordPress', 'Elegant Themes', 'EmbedPress', 'Facebook Reseller', 'Fastly', 'Financial Services Guide', 'GenerateBlocks', 'GitHub Hosting', 'Google', 'Google Analytics', 'Google Cloud DNS', 'Google Font API', 'Google My Business', 'Google Related Website Sites', 'Google Reseller', 'Google Tag Manager', 'Gravity', 'Gravity Forms', 'KVH', 'Microdata for Google Shopping', 'NFOrce Internet', 'Ntent', 'PHP', 'PayPal Adaptive Payments', 'Perfmatters', 'QUIC', 'Report URI', 'Stripe', 'Termageddon', 'Theme In WP', 'Twitter Ads', 'UTF-8', 'Usercentrics', 'Vimeo', 'Vimeo CDN', 'Woo Themes', 'WooCommerce', 'WooCommerce Checkout', 'WordPress', 'WordPress Multisite', 'WordPress Related Posts', 'Yelp Badge', 'YouTube', 'jQuery']"
cristalac.org,CristaLAC – Organic Shop,,,50,223,2026-09-12T17:37:22.322260867Z,"['Alternate Protocol', 'Apture Linking Platform', 'Contact Form Plugin', 'Elementor', 'EmbedPress', 'Express', 'Google Analytics', 'Google Cloud DNS', 'Google Font API', 'Google My Business', 'Google Tag Manager', 'Hive.co', 'Jetpack', 'Newsletter for Wordpress', 'Nginx', 'OceanWP', 'PHP', 'PayPal', 'QUIC', 'Royal Elementor Addons', 'Site Kit', 'Tailwind CSS', 'Theme In WP', 'UTF-8', 'WP Mobile Menu', 'WPForms', 'Woo Themes', 'WooCommerce', 'WooCommerce Checkout', 'WooCommerce Payments', 'WordPress', 'WordPress Multisite', 'WordPress Stats', 'jQuery', 'reCAPTCHA']"
readysetmove.ch,Home | Anthony Umzug,,FRA,65,144717,2026-09-12T17:37:22.309541587Z,"['AWS WAF Challenge', 'Alternate Protocol', 'Amazon WAF Blocked', 'Apture Linking Platform', 'Aruba', 'Content Delivery Network', 'Contento', 'DAV', 'Express', 'Fastly', 'Fastly CDN', 'Fireblade', 'FormSubmit', 'GZIP Module', 'InitiativeS', 'Instagram Follow Button', 'Microdata for Google Shopping', 'NFOrce Internet', 'PWA', 'PayPal Adaptive Payments', 'Perl', 'Pico CSS', 'QUIC', 'SMC', 'Seflow Italy', 'Sentry', 'SiteW', 'Subversion', 'Thank You', 'Twitter Ads', 'UTF-8', 'Vector Internet Services', 'WP Booking Calendar', 'Wix', 'Wix Media', 'YouTube', 'eLand', 'mlcom']"
cincinnatibookarts.org,Cincinnati Book Arts – Cincinnati Book Arts,,USA,77,20997,2026-09-12T17:37:22.294656964Z,"['AWS WAF Challenge', 'Alternate Protocol', 'Apture Linking Platform', 'Cloudflare', 'Cloudflare CDN', 'Cloudflare Web Analytics', 'Elementor', 'EmbedPress', 'Google', 'Google Analytics', 'Google Cloud DNS', 'Google Font API', 'Google My Business', 'Google Tag Manager', 'Hello Elementor', 'JetElements', 'Lazy Load for WordPress', 'NFOrce Internet', 'PHP', 'Paid Memberships Pro', 'PayPal Button', 'PayPal Form', 'Theme In WP', 'UTF-8', 'WP Rocket', 'WordPress', 'WordPress Multisite', 'jQuery', 'reCAPTCHA']"
cchscissors.com,CCH Scissors - High quality hair scissors at an affordable price. Created by a stylist for the stylist. Hairstylist / Barber / Hairdresser,,,42,2511,2026-09-12T17:27:28.385185828Z,"['AWS WAF Challenge', 'Apture Linking Platform', 'Cloudflare', 'Cloudflare CDN', 'Cloudflare Web Analytics', 'Cloudinary', 'Content Delivery Network', 'Google', 'Google Cloud CDN', 'Google Cloud DNS', 'Google Cloud Storage', 'Google Related Website Sites', 'Instagram Follow Button', 'MailChimp', 'PayPal', 'Subversion', 'Twitter Ads', 'UTF-8', 'Volusion', 'Volusion Live Chat']"
gtsiinc.com,GTSIINC,,,57,10156,2026-09-12T17:27:28.37093205Z,"['Alternate Protocol', 'Apache', 'CDN JS', 'Cloudflare', 'Cloudflare CDN', 'Contento', 'Express', 'Fancybox for WordPress', 'GZIP Module', 'IcoMoon', 'PHP', 'PayPal Adaptive Payments', 'QUIC', 'UTF-8']"
ptcaction.org,Parents Television Action,,,50,1900,2026-09-12T17:14:13.457132717Z,"['Coming Soon Page', 'Content Delivery Network', 'GZIP Module', 'Nginx', 'PayPal Button', 'PayPal Form', 'RM Education', 'Thank You', 'jQuery']"
pcambulance1.com,P C Ambulance 1 - Da Computer Guy - Home,,USA,67,8380,2026-09-12T17:06:07.545573126Z,"['CafePress', 'GZIP Module', 'Google My Business', 'Monster', 'Nginx', 'PayPal Adaptive Payments', 'PayPal Button', 'PayPal Form', 'Twitter Ads', 'UTF-8', 'Weebly', 'YouTube', 'reCAPTCHA']"
ingethomson.com,Inge Thomson : Musician : Composer : Performer,,USA,87,103308,2026-09-12T17:06:07.53886816Z,"['AWS WAF Challenge', 'Amazon WAF Blocked', 'Apture Linking Platform', 'Band Camp', 'Camp', 'Content Delivery Network', 'Fastly', 'Fastly CDN', 'GZIP Module', 'Microdata for Google Shopping', 'NFOrce Internet', 'PWA', 'PayPal Adaptive Payments', 'QUIC', 'SMC', 'Sentry', 'SiteW', 'UTF-8', 'Vector Internet Services', 'Wix', 'Wix Media', 'YouTube', 'eLand', 'mlcom']"
preteristcentral.com,PreteristCentral,,GBR,72,860,2026-09-12T17:06:07.532420311Z,"['Amazon Widgets', 'Apture Linking Platform', 'Nginx', 'PayPal Adaptive Payments', 'PayPal Button', 'PayPal Form', 'QUIC', 'StatCounter', 'UTF-8', 'vBulletin']"
henricobaltimorefamily.com,Donate | Henrico Baltimore Family Cemetery Of The Enslaved | Middletown,HenricoBaltimoreFamilyCemetery,USA,82,87270,2026-09-12T16:51:31.174805593Z,"['501c3 Status Nonprofit', 'Alternate Protocol', 'Amazon WAF Blocked', 'Apture Linking Platform', 'Content Delivery Network', 'Fastly', 'Fastly CDN', 'GZIP Module', 'Microdata for Google Shopping', 'NFOrce Internet', 'POWr', 'PWA', 'Parcel', 'PayPal Adaptive Payments', 'QUIC', 'SMC', 'Sentry', 'SiteW', 'UTF-8', 'Vector Internet Services', 'Wix', 'Wix Media', 'eLand', 'mlcom']"
amh.ac.uk,Home - Association for Medical Humanities,Association for Medical Humanities,GBR,92,6081,2026-09-12T16:41:44.45310917Z,"['AJAX Libraries API', 'Alternate Protocol', 'Amazon', 'Amazon S3 CDN', 'Cloudflare', 'Content Delivery Network', 'Corporate Governance and Regulatory Compliance', 'EmbedPress', 'Google Analytics', 'Google Cloud DNS', 'Google Font API', 'Google My Business', 'Google Tag Manager', 'Hive.co', 'IcoMoon', 'Instagram Follow Button', 'Line2', 'MailOptin for Wordpress', 'Microdata for Google Shopping', 'Nectar Slide Plugin', 'PayPal Adaptive Payments', 'PayPal Button', 'PayPal Form', 'QUIC', 'Salient', 'Storyblocks', 'Stripe', 'Thank You', 'Twitter Ads', 'UTF-8', 'University or College', 'W3 Total Cache', 'WPBakery', 'Woo Themes', 'WordPress', 'WordPress Multisite', 'reCAPTCHA']"
elplan.events,EL PLAN EVENTS.,,,52,47464,2026-09-12T16:41:44.451640456Z,"['Affirm', 'Afterpay', 'Alternate Protocol', 'Amazon', 'Amazon CloudFront', 'Amazon Route 53', 'Amazon WAF Blocked', 'Amazon Widgets', 'Apture Linking Platform', 'Aruba', 'Authorize.net', 'Bing Cashback', 'BunnyCDN General', 'ByteDance', 'CDN JS', 'CloudFront', 'Cloudflare', 'Cloudflare CDN', 'Cloudflare Web Analytics', 'DoubleClick Bid Manager', 'Facebook CDN', 'Facebook Reseller', 'Google', 'Google Analytics', 'Google Cloud DNS', 'Google My Business', 'Google Reseller', 'Google Tag Manager', 'Klarna On Site Messaging', 'MasterPass', 'Microsoft Clarity', 'OptiMonk', 'Optimizely Recommendations', 'PayPal Adaptive Payments', 'QUIC', 'RM Education', 'Report URI', 'SMC', 'Subversion', 'Twitter Ads', 'Twitter Analytics', 'UTF-8', 'Vimeo CDN', 'Visa Checkout', 'Way', 'YouTube', 'eLand']"
projectpreciouspaws.org,Project Precious Paws,,USA,70,2400,2026-09-12T16:17:13.108746985Z,"['Alternate Protocol', 'Amazon', 'Apache', 'PHP', 'PayPal Adaptive Payments', 'PayPal Button', 'PayPal Form', 'QUIC', 'Twenty Eleven', 'UTF-8', 'WordPress', 'WordPress Multisite']"
cleanhubglobal.net,CleanHub | Solving Plastic Pollution,CleanHub,,87,23439,2026-09-12T16:17:13.100806495Z,"['About Cookies', 'Amazon', 'Apollo IO', 'Apture Linking Platform', 'Auth0', 'Better Lead Generation Services', 'Bing Cashback', 'Builder', 'Calendly', 'Cloudflare', 'Cloudflare CDN', 'Coming Soon Page', 'Content Delivery Network', 'Corporate Governance and Regulatory Compliance', 'DoubleClick Bid Manager', 'Ethy', 'Facebook Reseller', 'Fastly', 'FeaturedCustomers', 'Google', 'Google Analytics', 'Google Cloud DNS', 'Google Maps', 'Google My Business', 'Google Reseller', 'Google Tag Manager', 'Instagram Follow Button', 'Material-UI', 'Microdata for Google Shopping', 'Microsoft Clarity', 'NFOrce Internet', 'Next.js', 'PayPal Adaptive Payments', 'Perl', 'Pleroma', 'QUIC', 'Twitter Ads', 'UTF-8', 'YouTube']"
peggybrightbooks.com,Peggy Bright Books | Proudly publishing square pegs for round holes,,IMN,65,,2026-09-12T16:07:00.241541813Z,"['Alternate Protocol', 'Amazon Widgets', 'Apache', 'DAV', 'GZIP Module', 'Google My Business', 'PHP', 'PayPal Adaptive Payments', 'PayPal Button', 'PayPal Form', 'Theme In WP', 'UTF-8', 'University or College', 'WordPress', 'WordPress Multisite', 'jQuery']"
srmastering.com,Sun Room Audio - Professional and Affordable Mastering,,,67,96524,2026-09-12T16:07:00.227855421Z,"['Alternate Protocol', 'Amazon WAF Blocked', 'Apture Linking Platform', 'Band Camp', 'Camp', 'Content Delivery Network', 'Express', 'Fireblade', 'FormSubmit', 'GZIP Module', 'Google Related Website Sites', 'Instagram Follow Button', 'Microdata for Google Shopping', 'NFOrce Internet', 'PWA', 'PayPal Adaptive Payments', 'Pico CSS', 'QUIC', 'SMC', 'Seflow Italy', 'Sentry', 'SiteW', 'Thank You', 'UTF-8', 'Vector Internet Services', 'Wix', 'Wix Media', 'YouTube', 'mlcom']"
atroposbooks.co.uk,Atropos Books,,GBR,77,469788,2026-09-12T15:53:52.776091318Z,"['3 Products', 'AWS WAF Challenge', 'Adobe Analytics', 'Adobe Marketing Cloud', 'AiNET', 'Amazon', 'Apache', 'Authorize.net', 'Braintree', 'Cloudflare', 'Cloudflare CDN', 'DemDex', 'Disqus Comment System for WordPress', 'Express', 'GZIP Module', 'Google', 'Google Analytics', 'Google Cloud CDN', 'Google Cloud DNS', 'Google Font API', 'Google Maps', 'Google My Business', 'Google Tag Manager', 'Klarna', 'Magento', 'Magento Enterprise', 'MailChimp', 'PayPal Adaptive Payments', 'QUIC', 'SMC', 'Storyblocks', 'Tailwind CSS', 'UTF-8', 'Vimeo', 'Vimeo CDN', 'Way', 'Wirecard', 'YouTube', 'eLand', 'reCAPTCHA']"
sarahlloydzhair.co.uk,Professional Hair Products Online | Salon Quality Hair Products,,,62,324498,2026-09-12T15:53:52.753630529Z,"['Adobe Analytics', 'Adobe Marketing Cloud', 'Braintree', 'Cloudflare', 'Cloudflare CDN', 'Coming Soon Page', 'DemDex', 'DoubleClick Bid Manager', 'Express', 'Facebook Reseller', 'Font Awesome', 'GZIP Module', 'Google', 'Google Analytics', 'Google Cloud CDN', 'Google Cloud DNS', 'Google Font API', 'Google Maps', 'Google My Business', 'Google Related Website Sites', 'Google Tag Manager', 'Instagram Follow Button', 'Klarna', 'Klaviyo', 'Magento', 'PayPal Adaptive Payments', 'Pico CSS', 'QUIC', 'Salesfire', 'Tailwind CSS', 'Trustpilot Reviews for WordPress', 'Twitter Ads', 'UTF-8', 'Vimeo', 'Vimeo CDN', 'Way', 'Wirecard', 'YouTube', 'reCAPTCHA', 'shadcn ui']"
simonerescio.it,"Simone Rescio — UI, AI & Web Dev Blog 🤓",,HUN,77,4826,2026-09-12T15:44:50.364812492Z,"['Alternate Protocol', 'Apture Linking Platform', 'Contact Form Plugin', 'EmbedPress', 'Express', 'GitHub Hosting', 'Google Adsense', 'Google Analytics', 'Google Cloud DNS', 'Google Funding Choices', 'Google Matched Content', 'Google My Business', 'Google Reseller', 'Google Tag Manager', 'Iubenda', 'License Buttons', 'Mastodon', 'Microdata for Google Shopping', 'MonsterInsights', 'PHP', 'PWA', 'PayPal Adaptive Payments', 'PayPal Button', 'PayPal Form', 'Perl', 'Polylang', 'QUIC', 'Simple Lightbox', 'Subscribe To Comments Reloaded', 'Table of Contents Plus', 'Theme In WP', 'Theme My Login', 'Twenty Fourteen', 'UTF-8', 'University or College', 'WordPress', 'WordPress Multisite', 'Wysija', 'Yandex Hosting', 'jQuery', 'reCAPTCHA']"
yemenstarving.org,Home - Yemen Starving,Yemen Starving Organization,GBR,82,4196,2026-09-12T15:44:50.364106989Z,"['Astra Theme', 'Autoptimize', 'CDN JS', 'Cloudflare', 'Cloudflare CDN', 'Content Delivery Network', 'Elementor', 'EmbedPress', 'Financial Services Guide', 'Font Awesome', 'GZIP Module', 'Google', 'Google Analytics', 'Google Cloud CDN', 'Google Cloud DNS', 'Google Font API', 'Google Related Website Sites', 'Google Tag Manager', 'Gtranslate for Wordpress', 'Instagram Follow Button', 'Microdata for Google Shopping', 'Nginx', 'PHP', 'PayPal', 'PayPal Adaptive Payments', 'Presto Player', 'Table Addons for Elementor', 'Theme In WP', 'Twitter Ads', 'UTF-8', 'Woo Themes', 'WooCommerce', 'WooCommerce Checkout', 'WordPress', 'WordPress Multisite', 'WordPress Related Posts', 'jQuery']"
danosforauditor.com,Danos For Auditor,,,50,3283,2026-09-12T15:44:50.293065056Z,"['GoDaddy', 'Google', 'Google Cloud DNS', 'Google Font API', 'PWA', 'PayPal Adaptive Payments', 'PayPal Button', 'PayPal Form', 'UTF-8', 'Wangsu', 'Website Tonight']"
thepeacecycle.com,The Peace Cycle London to Jerusalem Bike Ride,,ISR,60,1050,2026-09-12T15:30:26.29767461Z,"['Apache', 'Apture Linking Platform', 'Idaq', 'Microsoft Frontpage', 'PayPal Button', 'PayPal Form', 'Yahoo Image CDN']"
dirtcatcher.co.uk,Official Dirt Catcher Mats ® | Dirtcatcher Mats®,,,67,2540,2026-09-12T15:30:26.296795817Z,"['AJAX Libraries API', 'Google Analytics', 'Google Cloud DNS', 'Google Font API', 'Google Tag Manager', 'Idaq', 'PayPal Button', 'PayPal Form', 'YouTube', 'jQuery']"
erraticengineeress.blog,Erratic engineeress,,,77,8425,2026-09-12T15:30:26.279406815Z,"['Adult Content', 'Alternate Protocol', 'Amazon WAF Blocked', 'Aruba', 'Automattic', 'Automattic Direct', 'BatCache', 'Cisco/Arrowpoint Content Service Switch', 'Content Delivery Network', 'DoubleClick Bid Manager', 'Elegant Themes', 'EmbedPress', 'Fastly', 'Google Cloud DNS', 'Google Font API', 'Google My Business', 'Gutenberg', 'Instagram Follow Button', 'Jetpack', 'Jetpack Site Accelerator', 'Medium', 'Nginx', 'PayPal Adaptive Payments', 'PayPal Button', 'PayPal Form', 'QUIC', 'Share Link', 'Twitter Ads', 'UTF-8', 'Ultimate Blocks', 'WordPress', 'WordPress Multisite', 'WordPress Stats', 'YouTube', 'eLand', 'jQuery']"
rescuemink.com,Rocky Mountain Mink Refuge – Rescue Mink,,,60,862,2026-09-12T15:20:56.444199387Z,"['501c3 Status Nonprofit', 'AWS WAF Challenge', 'Alternate Protocol', 'Amazon Widgets', 'Cloudflare', 'Cloudflare CDN', 'Content Delivery Network', 'Elementor', 'EmbedPress', 'Fonts Plugin', 'Google', 'Google Cloud CDN', 'Google Cloud DNS', 'Google Font API', 'Google My Business', 'Instagram Follow Button', 'Menu Icons by ThemeIsle', 'NFOrce Internet', 'PHP', 'PayPal Button', 'PayPal Form', 'QUIC', 'Theme In WP', 'UTF-8', 'WPForms', 'Woo Themes', 'WooCommerce', 'WooCommerce Checkout', 'WooCommerce Payments', 'WordPress', 'WordPress Multisite', 'jQuery']"
baarsmedia.co.za,"Graphic & Web Design, Marketing and Print Media | Baars Media Group",Baars Media,ZAF,77,6420,2026-09-12T14:58:48.689344625Z,"['Amazon', 'Apache', 'Bing Cashback', 'DoubleClick Bid Manager', 'Facebook Reseller', 'Fast', 'GZIP Module', 'Google', 'Google Analytics', 'Google Cloud DNS', 'Google Font API', 'Google Maps', 'Google My Business', 'Google Related Website Sites', 'Google Tag Manager', 'Metricool', 'Microdata for Google Shopping', 'Microsoft Clarity', 'Ntent', 'PayPal Adaptive Payments', 'Storyblocks', 'Tailwind CSS', 'UTF-8', 'WhatsApp Sharing', 'YouTube', 'jsDelivr']"
attogtechnologies.com,ATTOG Technologies – Your Exclusive IT & Cybersecurity Concierge,ATTOG Technologies,USA,82,25340,2026-09-12T14:50:21.879124071Z,"['AWS WAF Challenge', 'Alternate Protocol', 'Apture Linking Platform', 'Astra Theme', 'Bug Bounty', 'CDN JS', 'CleanTalk Spam Protect', 'Cloudflare', 'Cloudflare CDN', 'Cloudflare Web Analytics', 'Content Delivery Network', 'Digital Ocean Spaces', 'DoubleClick Bid Manager', 'DuracellTomi Google Tag Manager for WordPress', 'Elegant Themes', 'EmbedPress', 'Facebook Reseller', 'Fastly', 'Financial Services Guide', 'GenerateBlocks', 'Google', 'Google Analytics', 'Google Cloud CDN', 'Google Cloud DNS', 'Google Font API', 'Google My Business', 'Google Related Website Sites', 'Google Reseller', 'Google Tag Manager', 'Gravity', 'Gravity Forms', 'Microdata for Google Shopping', 'NFOrce Internet', 'PHP', 'PayPal Adaptive Payments', 'Perfmatters', 'QUIC', 'Report URI', 'Stripe', 'Termageddon', 'Theme In WP', 'Twitter Ads', 'UTF-8', 'Usercentrics', 'Vimeo', 'Vimeo CDN', 'Woo Themes', 'WooCommerce', 'WooCommerce Checkout', 'WordPress', 'WordPress Multisite', 'WordPress Related Posts', 'Yelp Badge', 'YouTube', 'jQuery']"
checkschwartzandassociatesclvi.com,Home - schwartz + associates,,USA,70,618,2026-09-12T14:35:28.600611148Z,"['Alternate Protocol', 'Bulma', 'Calendly', 'Cloudflare', 'Cloudflare CDN', 'Content Delivery Network', 'DAV', 'EmbedPress', 'Font Awesome', 'Formidable Pro Form', 'Google Analytics', 'Microdata for Google Shopping', 'PHP', 'PayPal Adaptive Payments', 'Sage Theme', 'Theme In WP', 'UTF-8', 'Woo Themes', 'WooCommerce', 'WooCommerce Checkout', 'WordPress', 'WordPress Multisite', 'jQuery']"
kraftinox.ro,"kraftinox – Precizie în inox: creșterea calității, îmbunătățirea vieții",,ROU,65,237511,2026-09-12T14:02:59.781896656Z,"['ADFOX', 'AWS WAF Challenge', 'Active Campaign', 'AdRoll', 'AddThis for Wordpress', 'Affiliatly', 'Afterpay', 'Alternate Protocol', 'Amazon Associates Affiliate Shop', 'Amazon WAF Blocked', 'Amped', 'Amplitude', 'Automattic', 'Bing Cashback', 'Bing Conversion Tracking', 'Blocksy', 'ByteDance', 'Calendly', 'Clicky', 'Cloudflare', 'Cloudflare CDN', 'Cloudflare Web Analytics', 'Commission Junction', 'Crisp', 'Criteo', 'Criteo Reseller', 'Crowdsignal', 'DemDex', 'Disqus Comment System for WordPress', 'DoubleClick Bid Manager', 'Drift', 'Drip', 'ETranslate', 'Elementor', 'EmbedPress', 'Facebook Embedded Posts', 'Facebook Login', 'Facebook Messenger Platform', 'Facebook Reseller', 'Fomo', 'Freshdesk Support', 'Freshworks Bot', 'GTranslate', 'Google', 'Google Analytics', 'Google Cloud CDN', 'Google Cloud DNS', 'Google Font API', 'Google Maps', 'Google Matched Content', 'Google My Business', 'Google Reseller', 'Google Tag Manager', 'Hello Bar', 'Hubspot', 'Impact', 'Inspectlet', 'Instagram Follow Button', 'Intercom', 'Jetpack', 'JustUno', 'Klarna', 'Klaviyo', 'LiveChat', 'LiveChat Monitoring', 'MailChimp', 'Matomo', 'Microsoft Clarity', 'Mixpanel', 'Monster', 'Mouseflow', 'NFOrce Internet', 'Olark', 'OptinMonster', 'Outbrain Direct', 'PHP', 'PayPal Adaptive Payments', 'Platform.sh', 'Plausible Analytics', 'Popup Maker for Wordpress', 'Popupsmart', 'Privy', 'Proof', 'RM Education', 'Rakuten Affiliate', 'Referral Candy', 'Refersion', 'Seflow Italy', 'Segment', 'ShareASale', 'ShareThis Share Buttons for WordPress', 'Simple Analytics', 'Sleeknote', 'Smart Slider 3', 'Smile IO', 'Stripe', 'Sumo', 'Swell Rewards', 'Taboola Direct', 'Taboola Reseller', 'Theme In WP', 'TradeDoubler', 'Twitter Ads', 'Twitter Analytics', 'Typeform', 'UTF-8', 'Unbounce', 'Vimeo', 'WPForms', 'Wisepops', 'Wistia', 'Woo Themes', 'WooCommerce', 'WooCommerce Checkout', 'WordPress', 'WordPress Multisite', 'WordPress Stats', 'Yandex Hosting', 'Yotpo', 'YouTube', 'eLand', 'hCaptcha', 'hCaptcha for WordPress', 'jQuery', 'reCAPTCHA', 'shadcn ui']"
changedbynatureoutdoors.org,Make a Difference for Disabled Veterans with Our Nonprofit,Changed By Nature Outdoors,,82,19620,2026-09-12T13:39:42.41512146Z,"['GoDaddy', 'Google', 'Google Cloud DNS', 'Google Font API', 'Google My Business', 'Google Tag Manager', 'Microdata for Google Shopping', 'NFOrce Internet', 'PWA', 'PayPal Adaptive Payments', 'PayPal Button', 'PayPal Form', 'UTF-8', 'Wangsu', 'Website Tonight']"
ajhe.net,AJHE - Journalistes,AJHE,,72,18532,2026-09-12T13:30:47.155437552Z,"['Express', 'GoDaddy', 'Google', 'Google Cloud DNS', 'Google Font API', 'Google Forms', 'Google My Business', 'Line2', 'Microdata for Google Shopping', 'PWA', 'PayPal Adaptive Payments', 'PayPal Button', 'PayPal Form', 'UTF-8', 'Wangsu', 'Website Tonight', 'Zoom Video Conferencing']"
ericleuthardtphotography.net,Eric Leuthardt Photography – Architect of Light and Shadow,Eric Leuthardt Photography,USA,77,45538,2026-09-12T13:18:01.501645985Z,"['AWS WAF Challenge', 'Alternate Protocol', 'Apture Linking Platform', 'Astra Theme', 'Bug Bounty', 'CDN JS', 'CleanTalk Spam Protect', 'Cloudflare', 'Cloudflare CDN', 'Cloudflare Web Analytics', 'Content Delivery Network', 'Digital Ocean Spaces', 'DoubleClick Bid Manager', 'DuracellTomi Google Tag Manager for WordPress', 'Elegant Themes', 'EmbedPress', 'Event Tickets for Wordpress', 'Facebook Reseller', 'Fastly', 'Financial Services Guide', 'GenerateBlocks', 'Google', 'Google Analytics', 'Google Cloud CDN', 'Google Cloud DNS', 'Google Font API', 'Google My Business', 'Google Related Website Sites', 'Google Reseller', 'Google Tag Manager', 'Gravity', 'Gravity Forms', 'Instagram Follow Button', 'KVH', 'Microdata for Google Shopping', 'NFOrce Internet', 'PHP', 'PayPal Adaptive Payments', 'Perfmatters', 'QUIC', 'Report URI', 'Stripe', 'Termageddon', 'The Events Calendar', 'Theme In WP', 'Twitter Ads', 'UTF-8', 'Usercentrics', 'Vimeo', 'Vimeo CDN', 'Woo Themes', 'WooCommerce', 'WooCommerce Checkout', 'WordPress', 'WordPress Multisite', 'WordPress Related Posts', 'Yelp Badge', 'YouTube', 'jQuery']"
gandybagpipingfoundation.org,Gandy Bagpiping Foundation - Home,,CAN,77,,2026-09-12T13:18:01.490433754Z,"['Alternate Protocol', 'Apture Linking Platform', 'Joomla!', 'LiteSpeed', 'PHP', 'PayPal Adaptive Payments', 'PayPal Button', 'PayPal Form', 'RokNavMenu', 'UTF-8']"
justiceforhomicidevictims.org,Justice For Homicide Victims,Justice For Homicide Victims Foundation,USA,77,5966,2026-09-12T13:18:01.483661102Z,"['Add to Any', 'Alternate Protocol', 'Content Delivery Network', 'Divi', 'Elegant Themes', 'EmbedPress', 'Eventbrite', 'GZIP Module', 'Google', 'Google Analytics', 'Google Cloud CDN', 'Google Cloud DNS', 'Google Font API', 'Google Related Website Sites', 'Google Tag Manager', 'Instagram Follow Button', 'Microdata for Google Shopping', 'NFOrce Internet', 'Nginx', 'PHP', 'PayPal Button', 'PayPal Form', 'Sitelinks Search Box', 'Theme In WP', 'Twitter Ads', 'UTF-8', 'WP Super Cache', 'Woo Themes', 'WordPress', 'WordPress Multisite', 'jQuery']"
crowdstatus.biz,Start - www.ownyourdata.eu,,,65,40967,2026-09-12T13:18:01.480076291Z,"['Alternate Protocol', 'Column Shortcodes', 'Contento', 'EmbedPress', 'Fireblade', 'GitHub Hosting', 'Google Analytics', 'Google Cloud DNS', 'Google Font API', 'Google Related Website Sites', 'Google Tag Manager', 'Kriesi.at', 'Microdata for Google Shopping', 'Nginx', 'PHP', 'PayPal Adaptive Payments', 'PayPal Button', 'PayPal Form', 'Theme In WP', 'Twitter Ads', 'UTF-8', 'WPML Multilingual', 'WordPress', 'WordPress Multisite', 'YouTube', 'eLand', 'jQuery']"
homegiftsjewelry.com,"Simplyhomegifts&jewelry - Gifts and Jewelry, Gift Shop, Gift Baskets",Simplyhomegifts&jewelry,USA,82,43312,2026-09-12T12:55:58.370477723Z,"['Contento', 'Facebook Conversion Tracking', 'Facebook Login', 'Facebook Messenger Platform', 'Facebook Pixel', 'Facebook Reseller', 'Facebook Tag API', 'GitHub Hosting', 'GoDaddy', 'Google', 'Google Analytics', 'Google Cloud DNS', 'Google Font API', 'Google My Business', 'Google Tag Manager', 'Instagram Follow Button', 'Line2', 'Microdata for Google Shopping', 'PWA', 'PayPal Adaptive Payments', 'PayPal Button', 'PayPal Form', 'QUIC', 'UTF-8', 'Wangsu', 'Website Tonight']"
greenvalleyschool.com,Green Valley School - Montessori Learning Center - NH,Green Valley School,USA,82,37564,2026-09-12T12:29:43.923575837Z,"['AWS WAF Challenge', 'Alternate Protocol', 'Cloudflare', 'Cloudflare CDN', 'Contact Form Plugin', 'Content Delivery Network', 'Elementor', 'EmbedPress', 'Express', 'GoDaddy', 'Google', 'Google Analytics', 'Google Cloud CDN', 'Google Cloud DNS', 'Google Font API', 'Google My Business', 'Google Related Website Sites', 'Google Tag Manager', 'Gravity', 'IcoMoon', 'LearnPress', 'Microdata for Google Shopping', 'MonsterInsights', 'NFOrce Internet', 'PHP', 'PayPal Adaptive Payments', 'PayPal Button', 'PayPal Form', 'Schema Plugin', 'Slider Revolution', 'Tailwind CSS', 'The Events Calendar', 'Theme In WP', 'UTF-8', 'University or College', 'Wangsu', 'WordPress', 'WordPress Multisite', 'YouTube', 'jQuery', 'reCAPTCHA']"
androidpcsync.com,Android PC Sync has been Discontinued,,,62,720,2026-09-12T12:29:43.904493922Z,"['Apache', 'GZIP Module', 'Google Analytics', 'Google Related Website Sites', 'PayPal Adaptive Payments', 'PayPal Button', 'PayPal Form', 'QUIC', 'Tailwind CSS', 'Ubuntu']"
living4dimples.net,Smile Impact - Change the World with Living 4 Dimples,,MYS,87,18159,2026-09-12T12:29:43.88199514Z,"['Alternate Protocol', 'Coming Soon Page', 'GitHub Hosting', 'GoDaddy', 'Google', 'Google Cloud DNS', 'Google Font API', 'PWA', 'PayPal Adaptive Payments', 'PayPal Button', 'PayPal Form', 'UTF-8', 'Wangsu', 'Website Tonight']"
axminstertouristinformation.co.uk,Information - Axminster Heritage,Axminster Heritage,,60,132,2026-09-12T12:19:47.786417309Z,"['Alternate Protocol', 'Automattic', 'Contact Form Plugin', 'Content Delivery Network', 'EmbedPress', 'Formidable Pro Form', 'FreeCSSTemplates', 'GZIP Module', 'Google Analytics', 'Gutenberg', 'Jetpack', 'Jupiter', 'LayerSlider Responsive', 'MailChimp for WordPress', 'Master Slider', 'Microdata for Google Shopping', 'Nginx', 'PHP', 'PWA', 'PayPal Adaptive Payments', 'PayPal Button', 'PayPal Form', 'Perl', 'QUIC', 'Slider Revolution', 'TablePress', 'Tailwind CSS', 'Theme In WP', 'UTF-8', 'WPBakery', 'Woo Themes', 'WordPress', 'WordPress Multisite', 'WordPress Stats', 'jQuery']"
keytokarma.org,Non-profit | Key to Karma | Bowie,Key to Karma,,87,134108,2026-09-12T12:06:46.754370177Z,"['501c3 Status Nonprofit', 'Alternate Protocol', 'Amazon WAF Blocked', 'Apture Linking Platform', 'Cloudflare', 'Content Delivery Network', 'Express', 'Fastly', 'Fastly CDN', 'GZIP Module', 'Instagram Follow Button', 'K2F', 'KVH', 'Microdata for Google Shopping', 'NFOrce Internet', 'PWA', 'PayPal Adaptive Payments', 'Perl', 'QUIC', 'SMC', 'Seflow Italy', 'Sentry', 'SiteW', 'Subversion', 'UTF-8', 'Vector Internet Services', 'Wix', 'Wix Media', 'eLand', 'mlcom']"
eyecom-travel.com,eyecom-travel,,,60,7503,2026-09-12T11:55:56.89868068Z,"['Alternate Protocol', 'Apture Linking Platform', 'CheryFramework', 'Contact Form Plugin', 'Content Delivery Network', 'EmbedPress', 'Express', 'Fireblade', 'GZIP Module', 'Google Analytics', 'Google Cloud DNS', 'Google Font API', 'Google Maps', 'Google My Business', 'Google Tag Manager', 'Jetpack', 'Microdata for Google Shopping', 'PHP', 'PayPal', 'Perl', 'Schema Plugin', 'Theme In WP', 'TranslatePress', 'Twitter Ads', 'UTF-8', 'Woo Themes', 'WooCommerce', 'WooCommerce Checkout', 'WordPress', 'WordPress Multisite', 'WordPress Stats', 'YouTube', 'jQuery', 'reCAPTCHA']"
sbny.org,Shariah Board New York - SBNY,,USA,75,4228,2026-09-12T11:34:16.626940809Z,"['Amazon', 'Amazon S3 CDN', 'Donorbox', 'Express', 'Genius Link', 'IcoMoon', 'PHP', 'PayPal Adaptive Payments', 'PayPal Button', 'PayPal Form', 'Perl', 'Storyblocks', 'Tailwind CSS', 'UTF-8']"
urshoop.com,urshoop,,VEN,65,46875,2026-09-12T11:23:21.338318441Z,"['Amazon WAF Blocked', 'Apture Linking Platform', 'Checkout.com', 'Cisco/Arrowpoint Content Service Switch', 'Coming Soon Page', 'Content Delivery Network', 'Contento', 'Express', 'Fireblade', 'Google Cloud DNS', 'Google Font API', 'Google My Business', 'Instagram Follow Button', 'PayPal Adaptive Payments', 'QUIC', 'ShopBase', 'Tailwind CSS', 'Thank You', 'UTF-8', 'YouTube', 'eLand', 'shadcn ui']"
pilatesbyness.com,Pilates by Ness | Denver Pilates Classes,,,72,19596,2026-09-12T11:02:06.07472708Z,"['AWS WAF Challenge', 'Amazon', 'Amazon CloudFront', 'Apture Linking Platform', 'CloudFront', 'Cloudflare', 'Content Delivery Network', 'GZIP Module', 'Google Analytics', 'Google Related Website Sites', 'Google Tag Manager', 'IcoMoon', 'Instagram Follow Button', 'PayPal', 'QUIC', 'Schedulicity', 'Tailwind CSS', 'Twitter Ads', 'UTF-8', 'WF Cookie Consent', 'Webflow Ecommerce', 'YouTube']"
sunrisesetmedia.com,Sunrise Set – a festival-focused podcast,,,50,539,2026-09-12T10:50:44.034227848Z,"['AWS WAF Challenge', 'Adobe Dreamweaver', 'Alternate Protocol', 'Apache', 'Apple Auto Link Maker', 'Automattic', 'Cloudflare', 'Cloudflare CDN', 'EmbedPress', 'GZIP Module', 'Google', 'Google Cloud DNS', 'Google Font API', 'Google My Business', 'Google Play', 'Instagram Follow Button', 'Jetpack', 'PHP', 'PayPal Button', 'PayPal Form', 'Theme In WP', 'Twitter Ads', 'UTF-8', 'WordPress', 'WordPress Multisite', 'WordPress Stats', 'jQuery']"
almahditv.com,Al-mahdi TV,,,30,7500,2026-09-12T10:43:09.526132719Z,"['Alternate Protocol', 'Cloudflare', 'Cloudflare CDN', 'Cloudflare Web Analytics', 'EmbedPress', 'Fireblade', 'Google My Business', 'Google Play', 'PHP', 'PayPal Adaptive Payments', 'PayPal Button', 'PayPal Form', 'Perl', 'Theme In WP', 'Twitter Ads', 'UTF-8', 'Vello', 'WordPress', 'WordPress Multisite', 'jQuery']"
geenaannjourneys.com,"Healing Journeys: Transformative ceremonies, circles, & 1:1 work",Geena Ann,USA,82,26632,2026-09-12T10:43:09.478460116Z,"['Facebook Conversion Tracking', 'Facebook Login', 'Facebook Messenger Platform', 'Facebook Pixel', 'Facebook Reseller', 'Facebook Tag API', 'GitHub Hosting', 'GoDaddy', 'Google', 'Google Analytics', 'Google Cloud DNS', 'Google Font API', 'Google My Business', 'Google Related Website Sites', 'Google Tag Manager', 'Instagram Follow Button', 'Line2', 'Microdata for Google Shopping', 'PWA', 'PayPal Adaptive Payments', 'PayPal Button', 'PayPal Form', 'QUIC', 'RM Education', 'Share Link', 'UTF-8', 'Wangsu', 'Website Tonight']"
truechristianvolunteers.org,TRUE CHRISTIAN VOLUNTEERS,,,77,18120,2026-09-12T10:28:31.047018415Z,"['501c3 Status Nonprofit', 'GoDaddy', 'Google', 'Google Cloud DNS', 'Google Font API', 'PWA', 'PayPal Adaptive Payments', 'PayPal Button', 'PayPal Form', 'UTF-8', 'Wangsu', 'Website Tonight']"
ox-on.com,Home EN | OX-ON Designed to protect,,,65,411492,2026-09-12T09:38:28.113034315Z,"['Adobe Analytics', 'Adobe Marketing Cloud', 'Amazon', 'Amazon CloudFront', 'Amazon Route 53', 'Amazon WAF Blocked', 'Apture Linking Platform', 'Azure Edge', 'CloudFront', 'Cloudflare', 'Cloudflare CDN', 'Content Delivery Network', 'Cookie Information', 'DemDex', 'DoubleClick Bid Manager', 'Facebook Reseller', 'Fireblade', 'Font Awesome', 'GZIP Module', 'GetResponse', 'GitHub Hosting', 'Google', 'Google Analytics', 'Google Cloud CDN', 'Google Cloud DNS', 'Google Font API', 'Google Maps', 'Google My Business', 'Google Tag Manager', 'LinkedIn Pixel', 'Magento', 'Magento Enterprise', 'Microdata for Google Shopping', 'Microsoft Azure', 'New Relic', 'PayPal Adaptive Payments', 'QUIC', 'Sitelinks Search Box', 'Sleeknote', 'To Top', 'UTF-8', 'Vimeo', 'Vimeo CDN', 'YouTube', 'reCAPTCHA']"
pollenfloristry.com,"Your local florist delivering gift flowers and wedding and funeral arrangements, across Rutland 6 days a week - Pollen Floristry, Oakham rutland",Pollen Floristry,,82,31885,2026-09-12T09:26:18.53045816Z,"['Amazon', 'Amazon CloudFront', 'Amazon Route 53', 'Bing Cashback', 'Bulma', 'BunnyCDN General', 'Canva Websites', 'CloudFront', 'Cloudflare', 'Cloudflare CDN', 'Cognito Forms', 'Constant Contact', 'Content Delivery Network', 'Curator', 'Doofinder', 'DoubleClick Bid Manager', 'Ecologi', 'Font Awesome', 'Freshdesk Support', 'Freshworks CRM', 'Google', 'Google Analytics', 'Google Cloud DNS', 'Google My Business', 'Google Reseller', 'Google Tag Manager', 'IcoMoon', 'Instagram Follow Button', 'Lightwidget', 'MailChimp', 'Microdata for Google Shopping', 'Microsoft 365', 'Microsoft Application Insights', 'Microsoft Authentication Library for JavaScript', 'Microsoft Clarity', 'MyLiveChat', 'Ntent', 'POWr', 'PayPal Adaptive Payments', 'Privy', 'QUIC', 'RM Education', 'SafeBuy', 'Stripe', 'Thank You', 'TrustIndex', 'TrustSpot', 'Trusted Shops', 'Twitter Ads', 'UTF-8', 'WF Cookie Consent', 'Way', 'Wild Apricot', 'YouTube', 'jsDelivr']"
greenlight-innovations.com,"Custom neon signs, led open signs | Green Light Innovations USA",Green Light Innovations #1 USA,,55,913,2026-09-12T09:26:18.518959608Z,"['AJAX Libraries API', 'Alternate Protocol', 'Amazon', 'Amazon S3 CDN', 'Apture Linking Platform', 'Better Lead Generation Services', 'EmbedPress', 'Express', 'Google', 'Google Analytics', 'Google Cloud DNS', 'Google Conversion Tracking', 'Google Font API', 'Google Related Website Sites', 'Google Tag Manager', 'LiteSpeed', 'Microdata for Google Shopping', 'MyFonts', 'NFOrce Internet', 'PHP', 'PayPal', 'Storyblocks', 'Stripe', 'Theme In WP', 'Typescale', 'UTF-8', 'Woo Themes', 'WooCommerce', 'WooCommerce Checkout', 'WooCommerce Payments', 'WordPress', 'WordPress Multisite', 'jQuery']"
emfservices.com,EMF Testing and Remediation,,,57,,2026-09-12T09:26:18.507441286Z,"['Alternate Protocol', 'Cloudflare', 'Cloudflare CDN', 'Cloudflare Web Analytics', 'PayPal Button', 'PayPal Form']"
zetatalk4.com,ZetaTalk,,FRA,60,,2026-09-12T09:26:18.478364835Z,"['DAV', 'Facebook Login', 'Facebook Messenger Platform', 'Facebook Reseller', 'Google Custom Search', 'Google My Business', 'Nginx', 'PWA', 'PayPal Adaptive Payments', 'PayPal Button', 'PayPal Form', 'QUIC', 'Twitter Ads', 'UTF-8', 'YouTube', 'jQuery']"
harrisskatingrink.com,Harris Skating Rink and Family Fun Center,,THA,82,24520,2026-09-12T09:26:18.473403931Z,"['Amazon CloudFront', 'Aruba', 'Baidu Cloud', 'CDN JS', 'CloudFront', 'Cloudflare', 'Cloudflare CDN', 'GZIP Module', 'Google Analytics', 'Google Calendar', 'Google My Business', 'Google Related Website Sites', 'Microdata for Google Shopping', 'OpenResty', 'PayPal Adaptive Payments', 'Perl', 'UTF-8', 'eLand', 'jQuery', 'mlcom', 'reCAPTCHA']"
onemillionfollowers.store,Home - onemillionfollowers.store,onemillionfollowers.store,,72,20259,2026-09-12T09:26:18.463303376Z,"['AWS WAF Challenge', 'Alternate Protocol', 'Apture Linking Platform', 'Astra Theme', 'Automattic', 'Cloudflare', 'Cloudflare CDN', 'Content Delivery Network', 'Elementor', 'EmbedPress', 'Express', 'Google', 'Google Analytics', 'Google Cloud DNS', 'Google Customer Reviews', 'Google Font API', 'Google My Business', 'Google Tag Manager', 'Gtranslate for Wordpress', 'Jetpack', 'LiteSpeed', 'Microdata for Google Shopping', 'NFOrce Internet', 'PHP', 'PayPal', 'QUIC', 'Table Addons for Elementor', 'Theme In WP', 'UTF-8', 'Woo Themes', 'WooCommerce', 'WooCommerce Checkout', 'WordPress', 'WordPress Multisite', 'WordPress Related Posts', 'WordPress Stats', 'jQuery']"
serviokc.org,Home Page—The Servi Institute (serviokc.org),The Servi Institute,USA,77,15240,2026-09-12T09:13:17.701818613Z,"['501c3 Status Nonprofit', 'AWS WAF Challenge', 'Alternate Protocol', 'Apache', 'Facebook Login', 'Facebook Messenger Platform', 'Facebook Reseller', 'GZIP Module', 'MailChimp', 'Microdata for Google Shopping', 'Neighborhoods', 'PHP', 'PWA', 'PayPal Adaptive Payments', 'PayPal Button', 'PayPal Form', 'Perl', 'QUIC', 'Twitter Ads', 'UTF-8', 'YouTube']"
nationalpetroleum.net,Home - National Petroleum Equipment,National Petroleum Equipment,,67,3461,2026-09-12T08:51:38.882847266Z,"['Alternate Protocol', 'Apture Linking Platform', 'Astra Theme', 'Automattic', 'Elementor', 'EmbedPress', 'Express', 'GZIP Module', 'Google Adsense', 'Google Analytics', 'Google Cloud DNS', 'Google Font API', 'Google Funding Choices', 'Google Matched Content', 'Google My Business', 'Google Pay', 'Google Related Website Sites', 'Google Reseller', 'Google Tag Manager', 'Instagram Follow Button', 'Jetpack', 'Jetpack Site Accelerator', 'Microdata for Google Shopping', 'NFOrce Internet', 'Nginx', 'Ntent', 'PHP', 'PayPal', 'QUIC', 'Scully', 'Sign In With Google', 'Site Kit', 'Theme In WP', 'UTF-8', 'WP Dark Mode', 'WP Super Cache', 'Woo Themes', 'WooCommerce Checkout', 'WordPress', 'WordPress Multisite', 'WordPress Related Posts', 'WordPress Stats', 'jQuery', 'mod_pagespeed']"
bluemoonrescue.org,Equine Rescue in Arizona - Blue Moon Rescue & Sanctuary,,,72,16212,2026-09-12T08:51:38.868884065Z,"['Alternate Protocol', 'Amazon Widgets', 'Cloudflare', 'Cloudflare CDN', 'EmbedPress', 'Fireblade', 'Formidable Pro Form', 'Google Analytics', 'Google Cloud DNS', 'Google Font API', 'Google Tag Manager', 'Microdata for Google Shopping', 'PHP', 'PayPal Adaptive Payments', 'PayPal Button', 'PayPal Form', 'StudioPress', 'Theme In WP', 'UTF-8', 'WordPress', 'WordPress Multisite', 'jQuery']"
jdhcdc.org,JOSEPH DREAMHOUSE,JOSEPH DREAMHOUSE,USA,80,18852,2026-09-12T08:51:38.868579777Z,"['GoDaddy', 'Google', 'Google Cloud DNS', 'Google Font API', 'Google My Business', 'Google Tag Manager', 'Line2', 'Microdata for Google Shopping', 'PWA', 'PayPal Adaptive Payments', 'PayPal Button', 'PayPal Form', 'UTF-8', 'Vimeo', 'Vimeo CDN', 'Wangsu', 'Website Tonight', 'YouTube']"
deltafirstpac.com,Delta First Pac,,,60,3448,2026-09-12T08:31:52.911893791Z,"['Alternate Protocol', 'GitHub Hosting', 'GoDaddy', 'Google', 'Google Cloud DNS', 'Google Font API', 'Google My Business', 'Line2', 'Neighborhoods', 'PWA', 'PayPal Adaptive Payments', 'PayPal Button', 'PayPal Form', 'UTF-8', 'Wangsu', 'Website Tonight']"
bandrservice.com,B&R ServiceB&R Service| B&R Service,,USA,67,96,2026-09-12T08:31:52.90114035Z,"['Alternate Protocol', 'FormSubmit', 'PayPal Adaptive Payments', 'PayPal Button', 'PayPal Form', 'Perl', 'UTF-8']"
mahasinnathamby.com,Maha Sinnathamby – Founder & Visionary – Springfield City Group,,AUS,65,4814,2026-09-12T08:31:52.8831239Z,"['Alternate Protocol', 'CookieYes', 'Elementor', 'EmbedPress', 'Google', 'Google Cloud DNS', 'Google Font API', 'Google Related Website Sites', 'Juicer', 'Juicer DMP', 'LiteSpeed', 'PHP', 'Parcel', 'PayPal Adaptive Payments', 'PayPal Button', 'PayPal Form', 'QUIC', 'Slider Revolution', 'Theme In WP', 'UTF-8', 'University or College', 'WP Rocket', 'Woo Themes', 'WordPress', 'WordPress Multisite', 'YouTube', 'jQuery']"
acfriendsofcasa.com,"Friends of CASA - Non Profit, Foster Children",Friends of CASA,USA,77,18120,2026-09-12T08:09:30.405987536Z,"['501c3 Status Nonprofit', 'Apache', 'Express', 'GitHub Hosting', 'GoDaddy', 'Google', 'Google Cloud DNS', 'Google Font API', 'Google My Business', 'Microdata for Google Shopping', 'PWA', 'PayPal Adaptive Payments', 'PayPal Button', 'PayPal Form', 'UTF-8', 'Wangsu', 'Website Tonight']"
heveit.com,heveit,,VEN,65,32635,2026-09-12T07:57:42.01959493Z,"['Adult Content', 'Amazon WAF Blocked', 'Apture Linking Platform', 'Checkout.com', 'Cisco/Arrowpoint Content Service Switch', 'Coming Soon Page', 'Content Delivery Network', 'Contento', 'Express', 'Google My Business', 'Instagram Follow Button', 'PayPal Adaptive Payments', 'QUIC', 'ShopBase', 'Tailwind CSS', 'Thank You', 'UTF-8', 'YouTube', 'eLand', 'shadcn ui', 'uPress']"
semillascolombia.org,INICIO,,CHL,72,18312,2026-09-12T07:57:42.016580641Z,"['GitHub Hosting', 'GoDaddy', 'Google', 'Google Cloud DNS', 'Google Font API', 'Google Forms', 'Google My Business', 'Google Tag Manager', 'Instagram Follow Button', 'Line2', 'PWA', 'PayPal Adaptive Payments', 'PayPal Button', 'PayPal Form', 'UTF-8', 'Wangsu', 'Website Tonight', 'YouTube']"
cherubsflorists.co.uk,Florist Chelmsford - specialising in weddings and bouquets for any occasion,,,77,31885,2026-09-12T07:48:55.038259599Z,"['Amazon', 'Amazon CloudFront', 'Amazon Route 53', 'Bing Cashback', 'Bulma', 'BunnyCDN General', 'Canva Websites', 'CloudFront', 'Cloudflare', 'Cloudflare CDN', 'Cloudflare Web Analytics', 'Cognito Forms', 'Constant Contact', 'Content Delivery Network', 'Curator', 'Doofinder', 'DoubleClick Bid Manager', 'Ecologi', 'Font Awesome', 'Freshdesk Support', 'Freshworks CRM', 'Google', 'Google Analytics', 'Google Cloud DNS', 'Google My Business', 'Google Reseller', 'Google Tag Manager', 'IcoMoon', 'Instagram Follow Button', 'Lightwidget', 'MailChimp', 'Microdata for Google Shopping', 'Microsoft 365', 'Microsoft Application Insights', 'Microsoft Authentication Library for JavaScript', 'Microsoft Clarity', 'MyLiveChat', 'Ntent', 'POWr', 'PayPal Adaptive Payments', 'Privy', 'RM Education', 'SafeBuy', 'Stripe', 'TrustIndex', 'TrustSpot', 'Trusted Shops', 'Twitter Ads', 'UTF-8', 'WF Cookie Consent', 'Way', 'Wild Apricot', 'YouTube', 'jsDelivr']"
liftonelife.com,Charity Web,,USA,72,17007,2026-09-12T07:48:55.030340517Z,"['AutoComplete', 'Endis', 'GZIP Module', 'IcoMoon', 'NFOrce Internet', 'Nginx', 'PHP', 'PayPal Button', 'PayPal Form', 'Placehold IT', 'Slider Revolution', 'Tailwind CSS', 'UTF-8', 'YouTube']"
peterandhelenness.ca,Peter and Helen Ness,,,45,63,2026-09-12T07:48:55.025613974Z,"['Apache', 'Bulma', 'CDN JS', 'Cloudflare', 'Cloudflare CDN', 'Google', 'Google Cloud DNS', 'Google Font API', 'Instagram Follow Button', 'PHP', 'PayPal Adaptive Payments', 'PayPal Button', 'PayPal Form', 'Tailwind CSS', 'UTF-8', 'YouTube', 'jsDelivr']"
psychicschool.com,The Psychic School – A spiritual sanctuary where individuals from around the world come together and practice using psychic tools designed to unlock and awaken natural clairvoyance.,,USA,70,31070,2026-09-12T07:48:55.017760931Z,"['3 Products', '501c3 Status Nonprofit', 'Alternate Protocol', 'Amazon WAF Blocked', 'Anti-spam for WordPress', 'Apture Linking Platform', 'Cisco/Arrowpoint Content Service Switch', 'CleanTalk Spam Protect', 'Content Delivery Network', 'DAV', 'EmbedPress', 'Express', 'Fastly', 'Fireblade', 'GZIP Module', 'Google', 'Google Cloud CDN', 'Google Cloud DNS', 'Google Font API', 'Google My Business', 'Instagram Follow Button', 'Kadence WP', 'Klarna', 'Line2', 'Mastodon', 'NFOrce Internet', 'Nginx', 'Oracle Cloud', 'PHP', 'PayPal', 'Perfmatters', 'Perl', 'QUIC', 'Slider Revolution', 'Tailwind CSS', 'Theme In WP', 'Twitter Ads', 'UTF-8', 'Vercel', 'WPBakery', 'Woo Themes', 'WooCommerce', 'WooCommerce Checkout', 'WordPress', 'WordPress Multisite', 'YouTube', 'eLand', 'jQuery', 'reCAPTCHA']"
sponsormomsanddads.com,Improving the Lives of Orphaned Children around the World,,USA,75,30000,2026-09-12T07:32:27.731160729Z,"['501c3 Status Nonprofit', 'AWS WAF Challenge', 'Apache', 'DAV', 'Fireblade', 'Investor Relations', 'PayPal Adaptive Payments', 'PayPal Button', 'PayPal Form', 'University or College', 'W3.CSS', 'jQuery']"
wayseermanifesto.com,Wayseer Manifesto,,,55,351,2026-09-12T07:32:27.705831644Z,"['Accelerated Mobile Pages', 'Active Campaign', 'AddThis', 'AddThis for Wordpress', 'Amazon Widgets', 'Apache', 'Apple Auto Link Maker', 'Express', 'Facebook Embedded Posts', 'Facebook Login', 'Facebook Messenger Platform', 'Facebook Reseller', 'GZIP Module', 'Google Analytics', 'Google Cloud DNS', 'Google Font API', 'PHP', 'PayPal Button', 'PayPal Form', 'Pleroma', 'QUIC', 'Shockwave Flash Embed', 'Subversion', 'Twitter Ads', 'UTF-8', 'YouTube']"
unlimitedpromise.org,UNLIMITEDPROMISE,,GBR,75,18312,2026-09-12T07:20:48.517930745Z,"['Apache', 'Express', 'GoDaddy', 'Google', 'Google Cloud DNS', 'Google Font API', 'Google My Business', 'Line2', 'PWA', 'PayPal Adaptive Payments', 'PayPal Button', 'PayPal Form', 'UTF-8', 'Wangsu', 'Website Tonight']"
blueyellow.us,Blue and Yellow Ukraine,,USA,70,75938,2026-09-12T07:01:53.964233272Z,"['501c3 Status Nonprofit', 'Alternate Protocol', 'EmbedPress', 'GZIP Module', 'Google Analytics', 'Google Tag Manager', 'IcoMoon', 'Instagram Feed for WordPress', 'Instagram Follow Button', 'Investor Relations', 'K2F', 'Nginx', 'PHP', 'Parallels Plesk Panel', 'PayPal Adaptive Payments', 'SMC', 'ThemeFusion', 'UTF-8', 'WordPress', 'WordPress Multisite', 'YouTube', 'jQuery']"
bassinfo.org,"B.A.S.S., Inc. (Building Assets to Strengthen Society) - Non Profit Organization - Detroit, Michigan","B.A.S.S., Inc. (Building Assets to Strengthen Society)",USA,77,18312,2026-09-12T07:01:53.924328652Z,"['501c3 Status Nonprofit', 'GitHub Hosting', 'GoDaddy', 'Google', 'Google Cloud DNS', 'Google Font API', 'Line2', 'Microdata for Google Shopping', 'PWA', 'PayPal Adaptive Payments', 'PayPal Button', 'PayPal Form', 'QUIC', 'UTF-8', 'Wangsu', 'Website Tonight']"
jodiflinc.com,"Wholesale Women's Clothing Supplier, Bohemian Wholesale Apparel, Wholesale Plus size clothing | JODIFL",,USA,67,382999,2026-09-12T07:01:53.920626027Z,"['Adobe Analytics', 'Adobe Marketing Cloud', 'Amazon CloudFront', 'Braintree', 'Bunny Fonts', 'CDN JS', 'CloudFront', 'Cloudflare', 'Cloudflare CDN', 'DemDex', 'DoubleClick Bid Manager', 'Express', 'Font Awesome', 'GZIP Module', 'Google', 'Google Analytics', 'Google Cloud CDN', 'Google Cloud DNS', 'Google Cloud Storage', 'Google Font API', 'Google Maps', 'Google My Business', 'Google Related Website Sites', 'Google Tag Manager', 'Instagram Follow Button', 'Magento', 'Magento Enterprise', 'Nginx', 'PayPal Adaptive Payments', 'QUIC', 'UTF-8', 'Vimeo', 'Vimeo CDN', 'Way', 'Wirecard', 'YouTube', 'reCAPTCHA']"
gracepointuk.com,Gracepoint UK,,GBR,60,487,2026-09-12T06:39:42.439517164Z,"['AWS WAF Challenge', 'Alternate Protocol', 'Apache', 'Cloudflare', 'Cloudflare CDN', 'Contact Form Plugin', 'EmbedPress', 'GZIP Module', 'Google', 'Google Cloud CDN', 'Google Cloud DNS', 'Google Font API', 'Google Maps', 'Google My Business', 'IcoMoon', 'Instagram Follow Button', 'PHP', 'PayPal Button', 'PayPal Form', 'QUIC', 'SiteOrigin', 'SiteOrigin Panels', 'Slider Revolution', 'Tailwind CSS', 'Theme In WP', 'UTF-8', 'Vantage', 'Vimeo', 'Woo Themes', 'WordPress', 'WordPress Multisite', 'jQuery', 'reCAPTCHA']"
montanawestsports.com,Official Licensed Fan Gear Shop - Montana West Sports,Montana West Sports,USA,87,29751,2026-09-12T06:39:42.425828803Z,"['Adult Content', 'Alternate Protocol', 'Amazon WAF Blocked', 'Apture Linking Platform', 'BON Loyalty', 'Baidu Cloud', 'Cisco/Arrowpoint Content Service Switch', 'Cloudflare', 'Cloudflare CDN', 'Coming Soon Page', 'Content Delivery Network', 'Express', 'Fastly', 'GoAffPro', 'Google Related Website Sites', 'Instagram Follow Button', 'Microdata for Google Shopping', 'NFOrce Internet', 'No-Q', 'Omnisend', 'Onyx Internet', 'PayPal', 'Perl', 'QUIC', 'Share Link', 'Shopify', 'Shopify Collabs', 'Subversion', 'Thank You', 'UTF-8', 'University or College', 'Yandex Hosting', 'YouTube', 'eLand', 'hCaptcha', 'reCAPTCHA']"
lynnleesembroidery.com,lynnleesembroidery.c biker patches accessories spyder apparel,Lynns Embroidery,,77,106118,2026-09-12T06:24:52.10048389Z,"['123FormBuilder', 'Alternate Protocol', 'Amazon WAF Blocked', 'Apture Linking Platform', 'Content Delivery Network', 'Express', 'Facebook Embedded Posts', 'Fastly', 'Fastly CDN', 'Fireblade', 'GZIP Module', 'Google My Business', 'Google Related Website Sites', 'Instagram Follow Button', 'Microdata for Google Shopping', 'NFOrce Internet', 'POWr', 'PWA', 'PayPal Adaptive Payments', 'QUIC', 'SMC', 'Seflow Italy', 'Sentry', 'SiteW', 'Thank You', 'UTF-8', 'Vector Internet Services', 'Wix', 'Wix Media', 'iPlayerHD', 'mlcom']"
facefittest.co.uk,Face Fit Test | Face Fit Test,Face Fit Test,,72,19967,2026-09-12T06:24:52.093276843Z,"['3 Products', 'Alternate Protocol', 'Apture Linking Platform', 'Content Delivery Network', 'EmbedPress', 'Express', 'Fireblade', 'Flatsome', 'Google My Business', 'Google Related Website Sites', 'IcoMoon', 'Line2', 'LiteSpeed', 'Microdata for Google Shopping', 'NFOrce Internet', 'PHP', 'PayPal', 'QUIC', 'QUIC.cloud', 'Sitelinks Search Box', 'Tailwind CSS', 'UTF-8', 'Woo Themes', 'WordPress', 'WordPress Multisite', 'reCAPTCHA']"
signumus.com,Signumus – Signumus,,USA,65,927,2026-09-12T06:24:52.082661985Z,"['AJAX Libraries API', 'Alternate Protocol', 'Beaver Builder Lite', 'Bill Me Later', 'CDN JS', 'Cloudflare', 'Cloudflare CDN', 'Contact Form Plugin', 'EmbedPress', 'Express', 'Flatsome', 'GZIP Module', 'Google Cloud DNS', 'IcoMoon', 'Instagram Follow Button', 'Nginx', 'PHP', 'PayPal Adaptive Payments', 'Tailwind CSS', 'Theme In WP', 'UTF-8', 'Woo Themes', 'WooCommerce', 'WooCommerce Checkout', 'WordPress', 'WordPress Multisite', 'jQuery']"
faba.org.uk,FABA - Home,,,47,,2026-09-12T06:24:52.052807476Z,"['Apache', 'Coming Soon Page', 'PayPal Button', 'PayPal Form']"
dogsmassage.co.uk,Clinical Dog Massage For Physical Rehabilitation Gloucester,,GBR,92,1867,2026-09-12T06:14:56.693560921Z,"['Alternate Protocol', 'Apache', 'Apture Linking Platform', 'Content Delivery Network', 'Elementor', 'EmbedPress', 'Express', 'GZIP Module', 'Google Analytics', 'Google Cloud DNS', 'Google Font API', 'Google Tag Manager', 'Hello Elementor', 'Instagram Follow Button', 'Microdata for Google Shopping', 'NFOrce Internet', 'PHP', 'PayPal', 'Perl', 'Sitelinks Search Box', 'Theme In WP', 'UTF-8', 'Woo Themes', 'WooCommerce', 'WooCommerce Checkout', 'WordPress', 'WordPress Multisite', 'jQuery']"
williamsbussolutions.com,"Bookkeeping and Tax Services, Hempstead, TX",,USA,92,43821,2026-09-12T05:52:52.151582466Z,"['501c3 Status Nonprofit', 'Alternate Protocol', 'Apture Linking Platform', 'Beaver Builder Lite', 'CoBlocks', 'Content Delivery Network', 'Contento', 'EmbedPress', 'GoDaddy', 'Google', 'Google Cloud DNS', 'Google Font API', 'Microdata for Google Shopping', 'PHP', 'Pagekit', 'PayPal', 'Schema Plugin', 'SiteW', 'Sucuri Cloudproxy', 'Theme In WP', 'UTF-8', 'Wangsu', 'Website Tonight', 'WordPress', 'WordPress Multisite', 'jQuery']"
everybodyneedsacookie.com,Making A Difference With A Message On the Box,Everybody Needs A Cookie,USA,77,19032,2026-09-12T05:52:52.144082112Z,"['Alternate Protocol', 'GoDaddy', 'Google', 'Google Analytics', 'Google Cloud DNS', 'Google Font API', 'Google My Business', 'Google Related Website Sites', 'Google Tag Manager', 'Line2', 'Microdata for Google Shopping', 'PWA', 'PayPal Adaptive Payments', 'PayPal Button', 'PayPal Form', 'UTF-8', 'University or College', 'Wangsu', 'Website Tonight']"
novaro-london.com,Novaro London,Novaro London,GBR,65,31936,2026-09-12T05:37:26.150879388Z,"['AJAX Libraries API', 'Amazon WAF Blocked', 'Apture Linking Platform', 'Baidu Cloud', 'CDN JS', 'Cloudflare', 'Cloudflare CDN', 'Express', 'Fireblade', 'Giropay', 'Google Cloud DNS', 'GraphQL', 'Heroku', 'Klaviyo', 'Microdata for Google Shopping', 'Parcel', 'ParcelPanel Order Tracking', 'PayPal', 'QUIC', 'Shopify', 'Shopify Collabs', 'Subversion', 'UTF-8', 'Vector Internet Services', 'Yandex Hosting', 'hCaptcha', 'jQuery', 'jsDelivr', 'reCAPTCHA']"
kimssports.com,Kim's Sports - Martial Arts Equipment & Martial Arts Supplies,,,62,328078,2026-09-12T05:19:01.142138106Z,"['Adobe Analytics', 'Adobe Marketing Cloud', 'Amazon', 'Amazon CloudFront', 'Amazon Route 53', 'Authorize.net', 'Braintree', 'CloudFront', 'Contento', 'Express', 'Facebook Like', 'Facebook Login', 'Facebook Messenger Platform', 'Facebook Reseller', 'GZIP Module', 'Google', 'Google Analytics', 'Google Cloud DNS', 'Google Font API', 'Google My Business', 'Magento', 'Magento Enterprise', 'Nginx', 'PHP', 'PayPal Adaptive Payments', 'QUIC', 'Swell Rewards', 'Tailwind CSS', 'Twitter Ads', 'UTF-8', 'Vimeo', 'Vimeo CDN', 'Way', 'YouTube']"
toysafety.org,"World Against Toys Causing Harm, Inc. (W.A.T.C.H.)",,USA,72,221374,2026-09-12T04:56:51.50019047Z,"['Alternate Protocol', 'Amazon WAF Blocked', 'Apache', 'Cloudflare', 'DAV', 'EmbedPress', 'Event Tickets for Wordpress', 'Font Awesome', 'FreeBSD', 'GZIP Module', 'Google', 'Google Cloud CDN', 'Google Cloud DNS', 'Google Font API', 'Gravity', 'Gravity Forms', 'KeyCDN', 'PHP', 'PayPal Adaptive Payments', 'PayPal Button', 'PayPal Form', 'Python', 'QUIC', 'SMC', 'Salesforce Hosted', 'Shopware', 'SiteW', 'Slider Revolution', 'The Events Calendar', 'ThemeFusion', 'Twitter Ads', 'UTF-8', 'University or College', 'Vector Internet Services', 'WP Rocket', 'Woo Themes', 'WordPress', 'WordPress Multisite', 'WordPress Related Posts', 'Yandex Hosting', 'jQuery', 'symfony PHP Framework']"
themanchestertherapist.com,Experienced Psychotherapist in Manchester,,GBR,77,58840,2026-09-12T04:56:51.482409074Z,"['AWS WAF Challenge', 'Apache', 'Contento', 'Express', 'GoDaddy', 'Google', 'Google Cloud DNS', 'Google Font API', 'Google Related Website Sites', 'PWA', 'PayPal Adaptive Payments', 'PayPal Button', 'PayPal Form', 'UTF-8', 'Wangsu', 'Website Tonight']"
grapevineessex.org.uk,Grapevine Essex,Grapevine Essex,GBR,72,2073,2026-09-12T04:29:43.27489359Z,"['Adobe Creative Cloud WebFonts', 'Alternate Protocol', 'Aruba', 'Elfsight', 'Express', 'GZIP Module', 'Google Analytics', 'Google Tag Manager', 'Instagram Follow Button', 'Line2', 'Microdata for Google Shopping', 'PayPal Adaptive Payments', 'QUIC', 'Squarespace', 'Tito', 'Twitter Ads', 'UTF-8', 'WordPress SEO Structured Data Schema Plugin', 'eLand']"
ic-pta.com,Welcome to the International Consortium of Play Therapy Associations IC-PTA,,,67,94990,2026-09-12T04:29:43.244244028Z,"['Alternate Protocol', 'Amazon WAF Blocked', 'Apture Linking Platform', 'Content Delivery Network', 'DC74', 'Express', 'Fastly', 'Fastly CDN', 'GZIP Module', 'Google Related Website Sites', 'Instagram Follow Button', 'Microdata for Google Shopping', 'NFOrce Internet', 'POWr', 'PWA', 'PayPal Adaptive Payments', 'QUIC', 'SMC', 'Seflow Italy', 'Sentry', 'SiteW', 'Sitelinks Search Box', 'Thank You', 'UTF-8', 'Vector Internet Services', 'Wix', 'Wix Media', 'WordPress Related Posts', 'mlcom']"
agoeu.com,Home page,,CHN,60,120171,2026-09-12T04:19:38.134237026Z,"['Adobe Analytics', 'Adobe Marketing Cloud', 'Apache', 'Braintree', 'DemDex', 'DoubleClick Bid Manager', 'Express', 'Google', 'Google Analytics', 'Google Cloud CDN', 'Google Cloud DNS', 'Google Conversion Tracking', 'Google Maps', 'Google My Business', 'Google Tag Manager', 'Magento', 'Magento Enterprise', 'PayPal Adaptive Payments', 'QUIC', 'UTF-8', 'Vimeo', 'Vimeo CDN', 'Way', 'Wirecard', 'YouTube', 'reCAPTCHA']"
michaelmurrayguitar.com,Michael Murray Guitar | Michael Murray Guitar Teacher and Performer,,CAN,65,2746,2026-09-12T03:56:08.459195969Z,"['Alternate Protocol', 'Apache', 'Divi', 'Elegant Themes', 'EmbedPress', 'Google', 'Google Analytics', 'Google Cloud CDN', 'Google Cloud DNS', 'Google Font API', 'Google Tag Manager', 'PHP', 'PayPal Adaptive Payments', 'PayPal Button', 'PayPal Form', 'Perl', 'QUIC', 'Site Kit', 'Theme In WP', 'UTF-8', 'University or College', 'Woo Themes', 'WordPress', 'WordPress Multisite', 'YouTube', 'eLand', 'jQuery']"
bpcengineering.co.uk,Pipe Support Brackets Manufacturing Company BPC Engineering,BPC Engineering Pipe Clamp Manufacturing,,67,18396,2026-09-12T03:45:52.480070336Z,"['Alternate Protocol', 'EmbedPress', 'Express', 'Fireblade', 'GZIP Module', 'Google Related Website Sites', 'Meta Slider for WordPress', 'Microdata for Google Shopping', 'Nginx', 'PHP', 'PayPal Adaptive Payments', 'Sitelinks Search Box', 'Theme In WP', 'UTF-8', 'Vantage', 'Woo Themes', 'WooCommerce', 'WooCommerce Checkout', 'WooCommerce Payments', 'WordPress', 'WordPress Multisite', 'Yandex Hosting', 'jQuery']"
jarlincabinets.com,Wholesale Kitchen & RTA Cabinet Distributor | Jarlin Cabinets,Jarlin Cabinetry,USA,77,391785,2026-09-12T03:45:52.433939007Z,"['AddThis for Wordpress', 'Adobe Analytics', 'Adobe Marketing Cloud', 'Amazon', 'Amazon CloudFront', 'Amazon Route 53', 'Amazon WAF Blocked', 'Apture Linking Platform', 'Authorize.net', 'Braintree', 'CloudFront', 'Content Delivery Network', 'DAV', 'DemDex', 'DoubleClick Bid Manager', 'Express', 'Financial Services Guide', 'Font Awesome', 'Freshworks Bot', 'GZIP Module', 'GetResponse', 'GitHub Hosting', 'Google', 'Google Analytics', 'Google Cloud CDN', 'Google Cloud DNS', 'Google Maps', 'Google My Business', 'Google Related Website Sites', 'Google Tag Manager', 'IcoMoon', 'Lucky Orange', 'Magento', 'Magento Enterprise', 'Microdata for Google Shopping', 'New Relic', 'PayPal Adaptive Payments', 'Perl', 'QUIC', 'Sucuri Cloudproxy', 'UTF-8', 'Vimeo', 'Vimeo CDN', 'Way', 'Wirecard', 'YouTube', 'reCAPTCHA']"
anmediting.org,Order now,,,62,71840,2026-09-12T03:33:36.204637315Z,"['Alternate Protocol', 'Braintree', 'Cloudflare', 'Fireblade', 'GZIP Module', 'Google', 'Google Analytics', 'Google My Business', 'Google Tag Manager', 'Microdata for Google Shopping', 'PHP', 'PayPal Adaptive Payments', 'PayPal Button', 'PayPal Form', 'QUIC', 'SMC', 'Stripe', 'Tailwind CSS', 'Trustpilot Reviews for WordPress', 'UTF-8', 'University or College', 'Way', 'WordPress', 'Zopim', 'jQuery', 'reCAPTCHA']"
unityoncampus.org,Unity On Campus Ministry – Spiritual Enrichment and Renewal for College Students & Young Adults,,USA,87,3047,2026-09-12T03:33:36.201906652Z,"['Alternate Protocol', 'Automattic', 'BatCache', 'CoBlocks', 'EmbedPress', 'Express', 'Fastly', 'GDPR Consent Management Platform', 'Jetpack', 'Jetpack Site Accelerator', 'Nginx', 'PayPal Adaptive Payments', 'Perl', 'Share Link', 'Tailwind CSS', 'UTF-8', 'University or College', 'WordPress', 'WordPress Multisite', 'WordPress Stats']"
losesparzafood.com,Inicio | Los Esparza Foodtruck | Mexicana | 224 southwest Blvd Kansas City KS 66103,,USA,77,120303,2026-09-12T03:20:07.468931393Z,"['Alternate Protocol', 'Amazon WAF Blocked', 'Apture Linking Platform', 'Content Delivery Network', 'DAV', 'DC74', 'Express', 'Fastly', 'Fastly CDN', 'Financial Services Guide', 'GZIP Module', 'Google Related Website Sites', 'K2F', 'Microdata for Google Shopping', 'NFOrce Internet', 'POWr', 'PWA', 'PayPal Adaptive Payments', 'Perl', 'QUIC', 'SMC', 'Seflow Italy', 'Sentry', 'SiteW', 'Subversion', 'Thank You', 'UTF-8', 'Vector Internet Services', 'WP Booking Calendar', 'Wix', 'Wix Media', 'eLand', 'mlcom']"
maxallure.store,Maxallure,,USA,65,28394,2026-09-12T02:46:57.228616708Z,"['Amazon WAF Blocked', 'Apture Linking Platform', 'Checkout.com', 'Coming Soon Page', 'Content Delivery Network', 'Contento', 'Cornerstone', 'Express', 'Google Analytics', 'Google My Business', 'Google Tag Manager', 'Instagram Follow Button', 'Microsoft Clarity', 'NFOrce Internet', 'PayPal Adaptive Payments', 'QUIC', 'ShopBase', 'Tailwind CSS', 'Thank You', 'Twitter Ads', 'UTF-8', 'YouTube', 'shadcn ui']"
yogasiddharth.com,Siddharth yoga center,,IND,75,7440,2026-09-12T02:25:44.767150624Z,"['Bulma', 'CDN JS', 'Cisco/Arrowpoint Content Service Switch', 'Cloudflare', 'Cloudflare CDN', 'Content Delivery Network', 'DAV', 'Fastly', 'GZIP Module', 'GitHub Hosting', 'Google Cloud DNS', 'Google Font API', 'Google My Business', 'Instagram API', 'Instagram Follow Button', 'PayPal', 'UTF-8', 'University or College', 'W3.CSS', 'WhatsApp Sharing', 'YouTube', 'jsDelivr']"
auntannasreptilerescue.org,"Animal Rescue, Animals for Adoption, Reptiles - Aunt Anna's Reptile Rescue - Concord, California",Aunt Anna's Reptile Rescue ,USA,82,18312,2026-09-12T02:11:25.562726601Z,"['501c3 Status Nonprofit', 'Apache', 'Express', 'GitHub Hosting', 'GoDaddy', 'Google', 'Google Cloud DNS', 'Google Font API', 'Google Tag Manager', 'Instagram Follow Button', 'Line2', 'Microdata for Google Shopping', 'PWA', 'PayPal Adaptive Payments', 'PayPal Button', 'PayPal Form', 'Python', 'UTF-8', 'Wangsu', 'Website Tonight']"
coloradonortonworks.net,Colorado Norton Works Norton Commando parts by colorado norton works Custom Norton Motorcycles,,,62,382667,2026-09-12T02:11:25.52570583Z,"['AdRoll', 'Adobe Analytics', 'Adobe Marketing Cloud', 'Advertising.com', 'Apache', 'AppNexus Direct', 'BidSwitch Direct', 'Braintree', 'Cloudflare', 'Cloudflare CDN', 'DemDex', 'DoubleClick Bid Manager', 'Express', 'Facebook Reseller', 'Font Awesome', 'GZIP Module', 'Google', 'Google Analytics', 'Google Cloud CDN', 'Google Cloud DNS', 'Google Font API', 'Google Maps', 'Google My Business', 'Google Tag Manager', 'Instagram Follow Button', 'IponWeb BidSwitch', 'Klarna', 'Magento', 'Magento Enterprise', 'MailChimp', 'Oath Reseller', 'OpenX Direct', 'Outbrain Direct', 'PHP', 'PayPal Adaptive Payments', 'Pubmatic', 'QUIC', 'Taboola Direct', 'Taboola Reseller', 'TidalTV', 'Triple Lift Direct', 'Trusted Shops', 'Twitter Ads', 'UTF-8', 'Vimeo', 'Vimeo CDN', 'Way', 'Wirecard', 'Yahoo Web Analytics', 'YouTube', 'reCAPTCHA']"
servitefriars.com,HOME,,DEU,72,18312,2026-09-12T02:00:57.989660239Z,"['Apache', 'DAV', 'Express', 'GitHub Hosting', 'GoDaddy', 'Google', 'Google Cloud DNS', 'Google Font API', 'Google Tag Manager', 'Line2', 'PWA', 'PayPal Adaptive Payments', 'PayPal Button', 'PayPal Form', 'UTF-8', 'Wangsu', 'Website Tonight', 'eLand']"
waunakeerotary.org,Home Page | Rotary Club of Waunakee,,,60,316,2026-09-12T02:00:57.969583014Z,"['501c3 Status Nonprofit', 'Apture Linking Platform', 'AutoComplete', 'Bulma', 'Cloudflare', 'Facebook Login', 'Facebook Messenger Platform', 'Facebook Reseller', 'GZIP Module', 'Google', 'Google Analytics', 'Google Tag Manager', 'IcoMoon', 'Microsoft Application Insights', 'Microsoft Azure Blob Storage', 'PayPal Adaptive Payments', 'Perl']"
dfwwp.org,DFW WordPress Group – Connect. Learn. Grow.,DFW WordPress Group,USA,77,37444,2026-09-12T01:42:34.544585107Z,"['AWS WAF Challenge', 'Alternate Protocol', 'Amazon WAF Blocked', 'Anti-spam for WordPress', 'Apture Linking Platform', 'Aruba', 'Astra Theme', 'Bug Bounty', 'CDN JS', 'CartFlows', 'CleanTalk Spam Protect', 'Cloudflare', 'Cloudflare CDN', 'Cloudflare Web Analytics', 'Content Delivery Network', 'Digital Ocean Spaces', 'DoubleClick Bid Manager', 'DuracellTomi Google Tag Manager for WordPress', 'EmbedPress', 'Facebook Reseller', 'Fireblade', 'GenerateBlocks', 'Google', 'Google Analytics', 'Google Cloud CDN', 'Google Cloud DNS', 'Google Font API', 'Google My Business', 'Google Tag Manager', 'Gravity', 'Gravity Forms', 'Microdata for Google Shopping', 'NFOrce Internet', 'PHP', 'PayPal Adaptive Payments', 'Perfmatters', 'QUIC', 'Report URI', 'Stripe', 'Termageddon', 'The Events Calendar', 'Theme In WP', 'Twitter Ads', 'UTF-8', 'Unix', 'Usercentrics', 'Vimeo', 'Woo Themes', 'WooCommerce', 'WooCommerce Checkout', 'WordPress', 'WordPress Multisite', 'WordPress Related Posts', 'YouTube', 'eLand', 'jQuery']"
gcoureur.cc,Greetings (para)cycling superstar! - gcoureur.cc,gcoureur.cc,,67,74362,2026-09-12T00:57:16.137035911Z,"['Alternate Protocol', 'Apache', 'Apture Linking Platform', 'Contact Form Plugin', 'EmbedPress', 'Express', 'FooBox', 'GZIP Module', 'Google Analytics', 'Google Cloud DNS', 'Google Font API', 'Google My Business', 'Google Tag Manager', 'Instagram Feed for WordPress', 'Instagram Follow Button', 'KVH', 'MailChimp', 'MailChimp for WordPress', 'Microdata for Google Shopping', 'MonsterInsights', 'NFOrce Internet', 'PHP', 'PayPal', 'Photo Gallery by FooGallery', 'Polylang', 'SMC', 'Share Link', 'Shifter', 'Theme In WP', 'UTF-8', 'Vantage', 'Woo Themes', 'WooCommerce', 'WooCommerce Checkout', 'WordPress', 'WordPress Multisite', 'jQuery', 'reCAPTCHA']"
djash.co.nz,"Professional DJ Coaching & Music Mastering Services | DJ Artist, Producer, and Master Engineer",Professional DJ Coaching & Music Mastering Services,USA,77,31366,2026-09-12T00:47:48.260474154Z,"['Alternate Protocol', 'Apache', 'Apture Linking Platform', 'Column Shortcodes', 'Contact Form Plugin', 'Contento', 'EmbedPress', 'GZIP Module', 'Google Analytics', 'Google Cloud DNS', 'Google Font API', 'Google Related Website Sites', 'Google Tag Manager', 'Instagram Follow Button', 'Kriesi.at', 'Menu Icons by ThemeIsle', 'Microdata for Google Shopping', 'Microsoft Clarity', 'PHP', 'PayPal', 'Twitter Ads', 'UTF-8', 'Vector Internet Services', 'WP Super Cache', 'Woo Themes', 'WooCommerce', 'WooCommerce Checkout', 'WooCommerce Pixel Manager by woopt', 'WordPress', 'WordPress Multisite', 'eLand', 'jQuery']"
autotoolhome.com,high-performance hand tools and industrial-grade accessories supplier – AUTOTOOLHOME,AUTOTOOLHOME,JPN,87,13376,2026-09-12T00:39:30.835386354Z,"['Apture Linking Platform', 'Baidu Cloud', 'Bulma', 'Cloudflare', 'Cloudflare CDN', 'DC74', 'Microdata for Google Shopping', 'PayPal', 'QUIC', 'Shopify', 'Shopify Collabs', 'Shopify Payments', 'Subversion', 'Tailwind CSS', 'Twitter Ads', 'UTF-8', 'Vimeo', 'Yandex Hosting', 'YouTube', 'hCaptcha', 'jQuery', 'reCAPTCHA']"
johncooperlearningcentre.com,John Cooper Learning Centre,John Cooper Learning Centre,USA,70,16309,2026-09-12T00:14:33.028150954Z,"['AWS WAF Challenge', 'Adobe Creative Cloud WebFonts', 'Alternate Protocol', 'Aruba', 'Express', 'Facebook Conversion Tracking', 'Facebook Login', 'Facebook Messenger Platform', 'Facebook Pixel', 'Facebook Reseller', 'Facebook Tag API', 'FormSubmit', 'GZIP Module', 'Line2', 'Microdata for Google Shopping', 'PayPal Adaptive Payments', 'Perl', 'QUIC', 'Squarespace', 'UTF-8', 'WordPress SEO Structured Data Schema Plugin', 'eLand']"
fatwacministries.org,Home – Christian community,The Faithful And True Witness Apostolic Church Ministries,CAN,82,19572,2026-09-11T23:54:28.409849112Z,"['GoDaddy', 'Google', 'Google Cloud DNS', 'Google Font API', 'Google Related Website Sites', 'Google Tag Manager', 'Instagram Follow Button', 'Line2', 'Microdata for Google Shopping', 'PWA', 'PayPal Adaptive Payments', 'PayPal Button', 'PayPal Form', 'UTF-8', 'Vimeo', 'Vimeo CDN', 'Wangsu', 'Website Tonight', 'YouTube']"
torontoretrouvaille.com,Retrouvaille Toronto | Lifeline for Troubled Marriages,,CAN,65,508,2026-09-11T23:37:36.157891195Z,"['AJAX Libraries API', 'Express', 'Google Analytics', 'Google Cloud DNS', 'Google Font API', 'Google Tag Manager', 'IcoMoon', 'Nginx', 'PayPal Adaptive Payments', 'PayPal Button', 'PayPal Form', 'YouTube', 'jQuery']"
iglesiaedn.com,Restaurando... sirviendo en amor | Iglesia Cristiana El Deseado de las Naciones,,USA,77,150930,2026-09-11T23:27:40.602750139Z,"['123FormBuilder', 'Alternate Protocol', 'Amazon WAF Blocked', 'Apture Linking Platform', 'Content Delivery Network', 'Fastly', 'Fastly CDN', 'Fireblade', 'GZIP Module', 'Google Related Website Sites', 'K2F', 'KVH', 'Microdata for Google Shopping', 'NFOrce Internet', 'POWr', 'PWA', 'PayPal Adaptive Payments', 'QUIC', 'SMC', 'Sentry', 'SiteW', 'Subversion', 'UTF-8', 'Vector Internet Services', 'Wix', 'Wix Media', 'Yandex Hosting', 'mlcom']"
kaulanakilauea.org,HOME | Kaulana Kilauea,,,47,36896,2026-09-11T23:27:40.59056613Z,"['Alternate Protocol', 'Amazon WAF Blocked', 'Apture Linking Platform', 'Content Delivery Network', 'Ecwid Ecommerce Shopping Cart', 'Express', 'Fastly', 'Fastly CDN', 'GZIP Module', 'K2F', 'KVH', 'Microdata for Google Shopping', 'NFOrce Internet', 'PWA', 'PayPal Adaptive Payments', 'QUIC', 'SMC', 'Seflow Italy', 'Sentry', 'SiteW', 'Subversion', 'Thank You', 'UTF-8', 'Vector Internet Services', 'Wix', 'Wix Media', 'mlcom']"
wizkidsbasketball.com,Home - WIZ KIDS BASKETBALL,WIZ KIDS BASKETBALL,,62,797,2026-09-11T23:04:37.564390759Z,"['Alternate Protocol', 'Astra Theme', 'Coming Soon Page', 'Content Delivery Network', 'Custom Facebook Feed', 'Elementor', 'EmbedPress', 'Font Awesome', 'Google Cloud DNS', 'Google Font API', 'Header, Footer and Blocks for Elementor', 'Instagram Feed for WordPress', 'Instagram Follow Button', 'LiteSpeed', 'Microdata for Google Shopping', 'PHP', 'PayPal Adaptive Payments', 'PayPal Button', 'PayPal Form', 'Sitelinks Search Box', 'Theme In WP', 'Twitter Ads', 'UTF-8', 'University or College', 'Woo Themes', 'WordPress', 'WordPress Multisite', 'WordPress Related Posts', 'YouTube', 'jQuery']"
atpazdb.com,"ATPAZDB: LCD, LED, OLED Display Supplier and Distributor in China",,,82,410371,2026-09-11T22:58:03.809221618Z,"['Accelerated Mobile Pages', 'Adobe Analytics', 'Adobe Marketing Cloud', 'Alternate Protocol', 'Amazon Widgets', 'Bing Cashback', 'Bunny Fonts', 'Cloudflare', 'Cloudflare CDN', 'Cloudflare Web Analytics', 'DemDex', 'Disqus Comment System for WordPress', 'DoubleClick Bid Manager', 'ElementUI', 'Express', 'Font Awesome', 'Google', 'Google Analytics', 'Google Cloud CDN', 'Google Cloud DNS', 'Google Cloud Storage', 'Google Font API', 'Google Maps', 'Google My Business', 'Google Recommendations AI', 'Google Tag Manager', 'IcoMoon', 'Instagram Follow Button', 'Klarna', 'Magento', 'Magento Enterprise', 'Microdata for Google Shopping', 'Microsoft Clarity', 'Ntent', 'PayPal Adaptive Payments', 'QUIC', 'RM Education', 'RawGit', 'Sitelinks Search Box', 'Tailwind CSS', 'Trusted Shops', 'Trustpilot Reviews for WordPress', 'Twitter Ads', 'UTF-8', 'Vimeo', 'Vimeo CDN', 'Way', 'YouTube', 'Zendesk Embeddables', 'reCAPTCHA']"
metropolitanmonk.co.uk,Home | Metropolitan Monk,,GBR,77,90141,2026-09-11T22:58:03.809057241Z,"['Alternate Protocol', 'Amazon WAF Blocked', 'Apture Linking Platform', 'Content Delivery Network', 'DAV', 'Express', 'Fastly', 'Fastly CDN', 'GZIP Module', 'Google Related Website Sites', 'Microdata for Google Shopping', 'NFOrce Internet', 'PWA', 'PayPal Adaptive Payments', 'Perl', 'QUIC', 'SMC', 'Seflow Italy', 'Sentry', 'SiteW', 'Thank You', 'UTF-8', 'Vector Internet Services', 'WP Booking Calendar', 'Wix', 'Wix Media', 'mlcom']"
testomato.com,Testomato — Website & Uptime Monitoring Service,Testomato s.r.o.,,82,5100,2026-09-11T22:52:05.95876407Z,"['Alternate Protocol', 'Apture Linking Platform', 'Astro', 'Braintree', 'DoubleClick Bid Manager', 'ElementUI', 'GZIP Module', 'GitHub Hosting', 'Google', 'Google Analytics', 'Google My Business', 'Google Tag Manager', 'Microdata for Google Shopping', 'Nginx', 'PagerDuty', 'PayPal Adaptive Payments', 'Pushbullet', 'QUIC', 'Slack', 'Tailwind CSS', 'UTF-8', 'Way', 'YouTube', 'jsDelivr', 'shadcn ui']"
charminsterdrycleaners.co.uk,Laundry Services & Dry Cleaners Bournemouth & Poole,,GBR,92,13843,2026-09-11T22:41:13.558907298Z,"['Alternate Protocol', 'Apache', 'BLR', 'Contact Form Plugin', 'Content Delivery Network', 'EmbedPress', 'GZIP Module', 'Google', 'Google Analytics', 'Google Cloud CDN', 'Google Cloud DNS', 'Google Font API', 'Google My Business', 'Google Tag Manager', 'MapPress', 'Microdata for Google Shopping', 'PHP', 'PayPal Adaptive Payments', 'PayPal Button', 'PayPal Form', 'Slider Revolution', 'Theme In WP', 'ThemeFusion', 'Tumblr', 'UTF-8', 'WP jQuery Lightbox', 'WhatsApp Sharing', 'WordPress', 'WordPress Multisite', 'jQuery', 'reCAPTCHA']"
familiesforbettercare.org,Families For Better Care,,USA,77,1500,2026-09-11T22:29:34.067959484Z,"['Google My Business', 'Nginx', 'PHP', 'Parallels Plesk Panel', 'PayPal Adaptive Payments', 'PayPal Button', 'PayPal Form', 'Tailwind CSS', 'Twitter Ads', 'UTF-8', 'University or College', 'reCAPTCHA']"
levtzion.org,Lev Tzion Messianic Cong.,,USA,87,18351,2026-09-11T22:29:34.012407959Z,"['Apache', 'Coming Soon Page', 'Express', 'GitHub Hosting', 'GoDaddy', 'Google', 'Google Cloud DNS', 'Google Font API', 'Google My Business', 'Google Tag Manager', 'Line2', 'PWA', 'PayPal Adaptive Payments', 'PayPal Button', 'PayPal Form', 'UTF-8', 'Wangsu', 'Website Tonight']"
drinklaylo.com,Laylo Premium Boxed Wine | Fresh for 6 weeks | Sustainable,,GBR,82,51048,2026-09-11T21:57:01.138799399Z,"['AJAX Libraries API', 'Amazon', 'Amazon CloudFront', 'Apture Linking Platform', 'Aruba', 'Baidu Cloud', 'CloudFront', 'Cloudflare', 'Cloudflare CDN', 'DAV', 'Digital Ocean Spaces', 'Express', 'Fastly', 'Fireblade', 'Google', 'Google Cloud DNS', 'Google Maps', 'Google Related Website Sites', 'Heroku', 'Hotjar', 'IcoMoon', 'Instagram Follow Button', 'Klaviyo', 'Microdata for Google Shopping', 'PageFly', 'PayPal', 'Pico CSS', 'QUIC', 'Rackspace CDN', 'Shopify', 'Shopify Collabs', 'Subversion', 'Tailwind CSS', 'Tidio', 'Tolstoy', 'TrackingMore', 'Trustpilot Reviews for WordPress', 'UTF-8', 'Yandex Hosting', 'eLand', 'hCaptcha', 'reCAPTCHA']"
jamnow.org,JAM - Jesus Awareness Movement,,,60,3448,2026-09-11T21:57:01.133354316Z,"['GitHub Hosting', 'GoDaddy', 'Google', 'Google Cloud DNS', 'Google Font API', 'Line2', 'PWA', 'PayPal Adaptive Payments', 'PayPal Button', 'PayPal Form', 'Thank You', 'UTF-8', 'Wangsu', 'Website Tonight']"
kaynerd.com,‘Kay Nerd - Kay Nerd - Home of all things Nerdy!,Kay Nerd,,72,2295,2026-09-11T21:42:42.623674485Z,"['AJAX Libraries API', 'Adult Content', 'Age Gate', 'Alternate Protocol', 'Compact WP Audio Player', 'Contact Form Plugin', 'Content Delivery Network', 'DAV', 'EmbedPress', 'Express', 'GenerateBlocks', 'Google Analytics', 'Google Cloud DNS', 'Google My Business', 'Google Related Website Sites', 'Google Tag Manager', 'LiteSpeed', 'Microdata for Google Shopping', 'PHP', 'PayPal Adaptive Payments', 'Perl', 'Post Grid', 'Theme In WP', 'To Top', 'UTF-8', 'Ultimate Addons for Gutenberg', 'WordPress', 'WordPress Multisite', 'jQuery', 'jsDelivr', 'reCAPTCHA']"
fusion-liquids.com,"Fusion Liquids | Online Vape Shop Supplier Vape Pens, Kits, E-Liquids",,,57,846,2026-09-11T21:23:40.47111235Z,"['Amazon', 'Apture Linking Platform', 'Baidu Cloud', 'CDN JS', 'Cloudflare', 'Cloudflare CDN', 'Digital Ocean Spaces', 'Font Awesome', 'Google Cloud DNS', 'Google Font API', 'Google Maps', 'Google My Business', 'Google Related Website Sites', 'Hotjar', 'IcoMoon', 'Instagram Follow Button', 'Microdata for Google Shopping', 'PayPal', 'QUIC', 'Schema Plugin', 'Shopify', 'Shopify Collabs', 'Shopify Payments', 'Twitter Ads', 'UTF-8', 'Yandex Hosting', 'YouTube', 'hCaptcha', 'reCAPTCHA']"
dubrovniktransferi.com,Dubrovnik Transfers Service - Private driver service on Dubrovnik,,,72,819,2026-09-11T21:23:40.467977608Z,"['Better Lead Generation Services', 'Font Awesome', 'GZIP Module', 'Google Related Website Sites', 'LiteSpeed', 'PHP', 'PayPal Form', 'QUIC', 'Tailwind CSS', 'UTF-8', 'jQuery']"
bigdoghaveninc.com,Big Dog Haven | Large Breed Dog Rescue,,,60,572,2026-09-11T21:12:26.896553194Z,"['AWS WAF Challenge', 'Airtable', 'Alternate Protocol', 'Bridge', 'Cloudflare', 'Contact Form Plugin', 'Content Delivery Network', 'EmbedPress', 'GetResponse', 'Google Cloud DNS', 'Google Font API', 'Google My Business', 'LayerSlider Responsive', 'Microdata for Google Shopping', 'PHP', 'PayPal Adaptive Payments', 'PayPal Button', 'PayPal Form', 'Popup Maker for Wordpress', 'Schema Plugin', 'Slider Revolution', 'Theme In WP', 'UTF-8', 'WP Engine', 'WPBakery', 'WordPress', 'WordPress Multisite', 'jQuery']"
ahsiroofingandwindows.com,Home - Absolute Home Solutions,,IMN,92,16946,2026-09-11T21:12:26.890295189Z,"['AWS WAF Challenge', 'Alternate Protocol', 'Cloudflare', 'Content Delivery Network', 'EmbedPress', 'Font Awesome', 'Google Analytics', 'Google Customer Reviews', 'Google My Business', 'Google Related Website Sites', 'Google Tag Manager', 'IcoMoon', 'Microdata for Google Shopping', 'Microsoft Clarity', 'Ntent', 'PHP', 'PayPal Adaptive Payments', 'PayPal Button', 'PayPal Form', 'QUIC', 'ThemeFusion', 'TrustIndex', 'UTF-8', 'WordPress', 'WordPress Multisite', 'YouTube', 'jQuery']"
niagarasingingbowls.com,"Sound Journey Store – The Sound Journey Store - Canada's Largest Selection of Bowls, Gongs and more",,VAT,82,20232,2026-09-11T20:34:41.621153368Z,"['3 Products', 'Amazon', 'Amazon CloudFront', 'Amazon WAF Blocked', 'Apture Linking Platform', 'Aruba', 'Baidu Cloud', 'CloudFront', 'Cloudflare', 'Cloudflare CDN', 'Fastly', 'GoAffPro', 'Google Analytics', 'Google Related Website Sites', 'Google Tag Manager', 'IcoMoon', 'Instagram Follow Button', 'Microdata for Google Shopping', 'PayPal', 'QUIC', 'Schema Plugin', 'Shopify', 'Shopify Collabs', 'Shopify Payments', 'To Top', 'UTF-8', 'University or College', 'Vector Internet Services', 'Yandex Hosting', 'YouTube', 'eLand', 'hCaptcha', 'reCAPTCHA']"
soulcarefullgospelcentercolorado.com,Home,,MCO,77,89108,2026-09-11T20:25:00.342741087Z,"['Alternate Protocol', 'Amazon WAF Blocked', 'Apture Linking Platform', 'Cloudflare', 'Content Delivery Network', 'Express', 'Fastly', 'Fastly CDN', 'GZIP Module', 'NFOrce Internet', 'PWA', 'PayPal Adaptive Payments', 'QUIC', 'SMC', 'Seflow Italy', 'Sentry', 'SiteW', 'UTF-8', 'Vector Internet Services', 'Wix', 'Wix Media', 'YouTube', 'eLand', 'mlcom']"
nomad-lock-up.com,Nomad Torque Converter Lock-Up Control,,AUS,77,49598,2026-09-11T20:15:41.557179328Z,"['3 Products', 'AWS WAF Challenge', 'Alternate Protocol', 'Amazon WAF Blocked', 'Apture Linking Platform', 'Aruba', 'Cisco/Arrowpoint Content Service Switch', 'Cloudflare', 'Cloudflare CDN', 'Cloudflare Web Analytics', 'Content Delivery Network', 'Customer Reviews for WooCommerce', 'DAV', 'Divi', 'DoubleClick Bid Manager', 'Elegant Themes', 'ElementUI', 'EmbedPress', 'Express', 'Facebook Conversion Tracking', 'Facebook Login', 'Facebook Messenger Platform', 'Facebook Pixel', 'Facebook Reseller', 'Facebook Tag API', 'Fireblade', 'FormSubmit', 'Google', 'Google Analytics', 'Google Cloud CDN', 'Google Cloud DNS', 'Google Font API', 'Google My Business', 'Google Pay', 'Google Tag Manager', 'Gravity', 'IcoMoon', 'Lazy Load for WordPress', 'Line2', 'MailChimp', 'Microdata for Google Shopping', 'Microsoft Clarity', 'Monarch Social Sharing Plugin For WordPress', 'Monster', 'NFOrce Internet', 'OptinMonster', 'PHP', 'PayPal', 'Perl', 'QUIC', 'Shifter', 'Shipping Rates Calculator', 'Side Cart Woocommerce', 'Theme In WP', 'Twitter Ads', 'UTF-8', 'Vercel', 'Vimeo', 'WP Rocket', 'Woo Themes', 'WooCommerce', 'WooCommerce Checkout', 'WordPress', 'WordPress Multisite', 'eLand', 'jQuery']"
johnclarkeperryfoundation.com,John Clarke Perry Foundation,,,45,604,2026-09-11T19:59:14.716834355Z,"['AJAX Libraries API', 'Adobe Creative Cloud WebFonts', 'Alternate Protocol', 'Aruba', 'Express', 'FormSubmit', 'GZIP Module', 'Google Cloud DNS', 'Line2', 'Microdata for Google Shopping', 'Newsletter for Wordpress', 'PayPal Adaptive Payments', 'PayPal Button', 'PayPal Form', 'Pico CSS', 'QUIC', 'Squarespace', 'Tailwind CSS', 'UTF-8', 'WordPress SEO Structured Data Schema Plugin', 'YouTube', 'eLand', 'jQuery']"
rawbeautynaturally.com.au,reluminate beauty - Award Winning Products For Mature Skin & Hair,,,67,30766,2026-09-11T19:59:14.707464434Z,"['Alternate Protocol', 'Amazon WAF Blocked', 'Apture Linking Platform', 'Baidu Cloud', 'Cloudflare', 'Cloudflare CDN', 'Coming Soon Page', 'Express', 'Fastly', 'FormSubmit', 'Google', 'Google Cloud DNS', 'Google Maps', 'Google Related Website Sites', 'IcoMoon', 'Instagram Follow Button', 'Klaviyo', 'Microdata for Google Shopping', 'NFOrce Internet', 'Paessler', 'PayPal', 'PayPal Adaptive Payments', 'QUIC', 'Schema Plugin', 'Shopify', 'Shopify Collabs', 'Tailwind CSS', 'TinyIMG', 'Tolstoy', 'UTF-8', 'Weglot', 'Yandex Hosting', 'hCaptcha', 'reCAPTCHA']"
frankpmatthews.com,Trees for Sale | Buy Trees Online from Frank P Matthews,Frank P Matthews,CAN,87,53939,2026-09-11T19:49:28.968638511Z,"['Alternate Protocol', 'Amazon', 'Amazon S3 CDN', 'Apture Linking Platform', 'Chatbase', 'DuracellTomi Google Tag Manager for WordPress', 'Express', 'Full Media', 'GZIP Module', 'Google', 'Google Analytics', 'Google Cloud CDN', 'Google Cloud DNS', 'Google Font API', 'Google Related Website Sites', 'Google Tag Manager', 'Instagram Follow Button', 'KVH', 'MailChimp', 'Microdata for Google Shopping', 'NFOrce Internet', 'Nginx', 'PHP', 'PayPal', 'Storyblocks', 'Tailwind CSS', 'Twitter Ads', 'UTF-8', 'Woo Themes', 'WordPress', 'WordPress Multisite', 'YouTube', 'jQuery', 'shadcn ui']"
apparis.eu,APPARIS Official Site – Apparis,,,67,87781,2026-09-11T19:43:50.094517521Z,"['AWS WAF Challenge', 'Alternate Protocol', 'Amazon', 'Amazon WAF Blocked', 'Apture Linking Platform', 'Aruba', 'Attentive', 'Baidu Cloud', 'Cloudflare', 'Cloudflare CDN', 'Coming Soon Page', 'DAV', 'Facebook Conversion Tracking', 'Facebook Login', 'Facebook Messenger Platform', 'Facebook Pixel', 'Facebook Reseller', 'Facebook Tag API', 'Google Analytics', 'Google Related Website Sites', 'Google Tag Manager', 'Gorgias', 'IcoMoon', 'Instagram Follow Button', 'K2F', 'Klaviyo', 'Loop Returns', 'Microsoft Clarity', 'NFOrce Internet', 'PayPal', 'Perl', 'Pinterest Conversion Tracking', 'Rakuten Affiliate', 'Shopify', 'Shopify Collabs', 'Shopify Payments', 'Swell Rewards', 'Thank You', 'UTF-8', 'Vector Internet Services', 'Yandex Hosting', 'Yotpo', 'accessiBe', 'eLand', 'hCaptcha', 'reCAPTCHA']"
stanleytraditions.com,Stanley Southern Traditions,,FLK,70,18852,2026-09-11T19:43:50.076333426Z,"['Apture Linking Platform', 'Facebook Conversion Tracking', 'Facebook Login', 'Facebook Messenger Platform', 'Facebook Pixel', 'Facebook Reseller', 'Facebook Tag API', 'GoDaddy', 'Google', 'Google Analytics', 'Google Cloud DNS', 'Google Font API', 'Google Tag Manager', 'Line2', 'PWA', 'PayPal', 'Thank You', 'UTF-8', 'Vimeo', 'Vimeo CDN', 'Wangsu', 'Website Tonight']"
myagacademy.com,Home,,MYS,72,29032,2026-09-11T19:33:03.596841066Z,"['Alternate Protocol', 'Facebook Conversion Tracking', 'Facebook Login', 'Facebook Messenger Platform', 'Facebook Pixel', 'Facebook Reseller', 'Facebook Tag API', 'GitHub Hosting', 'GoDaddy', 'Google', 'Google Analytics', 'Google Cloud DNS', 'Google Font API', 'Google Forms', 'Google My Business', 'Google Related Website Sites', 'Google Tag Manager', 'Instagram Follow Button', 'Line2', 'PWA', 'PayPal Adaptive Payments', 'PayPal Button', 'PayPal Form', 'Piwik PRO', 'UTF-8', 'University or College', 'Wangsu', 'Website Tonight', 'YouTube']"
mankagel.com,The eKegel | The Ultimate Kegel Exercises Device for Men,,VAT,82,10855,2026-09-11T19:33:03.556271936Z,"['3 Products', 'Alternate Protocol', 'Amazon WAF Blocked', 'Apture Linking Platform', 'Aruba', 'Baidu Cloud', 'Cloudflare', 'Cloudflare CDN', 'DAV', 'Express', 'Google Related Website Sites', 'Instagram Follow Button', 'Microdata for Google Shopping', 'NFOrce Internet', 'Newsletter for Wordpress', 'PHP', 'PayPal', 'Perl', 'QUIC', 'Shopify', 'Shopify Collabs', 'Shopify Payments', 'Thank You', 'Twitter Ads', 'UTF-8', 'Yandex Hosting', 'YouTube', 'eLand', 'hCaptcha', 'reCAPTCHA']"
danduval.com,Discovering Truth – Daniel Duval,,,50,1150,2026-09-11T19:13:35.945182395Z,"['AWS WAF Challenge', 'Alternate Protocol', 'Amazon Widgets', 'Apture Linking Platform', 'Cloudflare', 'Content Delivery Network', 'Customer Reviews for WooCommerce', 'Elementor', 'Elementor Custom Skin', 'EmbedPress', 'Express', 'Hello Elementor', 'Microdata for Google Shopping', 'NFOrce Internet', 'PHP', 'PayPal', 'Rumble Player', 'Stripe', 'Thank You', 'Theme In WP', 'UTF-8', 'WP Engine', 'Woo Themes', 'WooCommerce', 'WooCommerce Checkout', 'WordPress', 'WordPress Multisite', 'YouTube', 'Zoom Video Conferencing', 'jQuery']"
travelfarandoften.com,Travel Far and Often,Travel Far and Often,USA,70,18351,2026-09-11T18:53:14.332012158Z,"['Alternate Protocol', 'Coming Soon Page', 'GitHub Hosting', 'GoDaddy', 'Google', 'Google Cloud DNS', 'Google Font API', 'Google My Business', 'Line2', 'Microdata for Google Shopping', 'PWA', 'PayPal Adaptive Payments', 'PayPal Button', 'PayPal Form', 'UTF-8', 'Wangsu', 'Website Tonight']"
unbridledspiritrecoveryranch.com,Supporting Women in Recovery,,,62,18312,2026-09-11T18:38:12.363441387Z,"['Amazon Widgets', 'GitHub Hosting', 'GoDaddy', 'Google', 'Google Cloud DNS', 'Google Font API', 'Line2', 'PWA', 'PayPal Adaptive Payments', 'PayPal Button', 'PayPal Form', 'QUIC', 'UTF-8', 'Wangsu', 'Website Tonight']"
motorselec.com,Alternateurs et Démarreurs pour toutes motorisations : Accueil,MotorsElec,JPN,82,2019,2026-09-11T18:10:45.785723705Z,"['Alternate Protocol', 'Express', 'Font Awesome', 'GZIP Module', 'Google Analytics', 'Google Related Website Sites', 'Google Tag Manager', 'Material Design Icons', 'Microdata for Google Shopping', 'Nginx', 'PHP', 'Parallels Plesk Panel', 'Parcel', 'PayPal', 'PrestaShop', 'QUIC', 'Tailwind CSS', 'UTF-8', 'WhatsApp Sharing', 'ashop']"
souls4real.org,Souls4Real Community Fellowship,,,77,18532,2026-09-11T18:10:45.781692721Z,"['501c3 Status Nonprofit', 'Facebook Embedded Posts', 'GitHub Hosting', 'GoDaddy', 'Google', 'Google Cloud DNS', 'Google Font API', 'Google Tag Manager', 'Line2', 'PWA', 'PayPal Adaptive Payments', 'PayPal Button', 'PayPal Form', 'UTF-8', 'Wangsu', 'Website Tonight', 'YouTube', 'Zoom Video Conferencing']"
sainthopembc.com,Saint Hope Missionary Baptist Church,Saint Hope Missionary Baptist Church,USA,77,89696,2026-09-11T18:10:45.773351022Z,"['Alternate Protocol', 'Amazon CloudFront', 'Amazon WAF Blocked', 'Apache', 'Apture Linking Platform', 'Content Delivery Network', 'Express', 'Fastly', 'Fastly CDN', 'GZIP Module', 'Microdata for Google Shopping', 'NFOrce Internet', 'PWA', 'PayPal Adaptive Payments', 'QUIC', 'SMC', 'Seflow Italy', 'Sentry', 'SiteW', 'UTF-8', 'Vector Internet Services', 'Wix', 'Wix Media', 'iPlayerHD', 'mlcom']"
exclusivetraveladventures.com,Luxury Adventure Travel: Explore the World with Us,,PHL,77,18312,2026-09-11T17:53:20.028984056Z,"['Alternate Protocol', 'Facebook Conversion Tracking', 'Facebook Login', 'Facebook Messenger Platform', 'Facebook Pixel', 'Facebook Reseller', 'Facebook Tag API', 'GoDaddy', 'Google', 'Google Analytics', 'Google Cloud DNS', 'Google Font API', 'Google My Business', 'Google Tag Manager', 'Line2', 'PWA', 'PayPal Adaptive Payments', 'PayPal Button', 'PayPal Form', 'UTF-8', 'Wangsu', 'Website Tonight']"
sonicsatam.com,Fans United for SatAM,,FLK,65,70089,2026-09-11T17:53:20.015425355Z,"['AWS WAF Challenge', 'Contact Form Plugin', 'DAV', 'EmbedPress', 'Facebook Login', 'Facebook Messenger Platform', 'Facebook Reseller', 'Google Analytics', 'Google Cloud DNS', 'Google Font API', 'Google My Business', 'Google Recommendations AI', 'Nginx', 'PHP', 'PayPal Button', 'PayPal Form', 'Theme In WP', 'Twitter Ads', 'UTF-8', 'Vignette OpenText', 'WordPress', 'WordPress Multisite', 'YouTube', 'jQuery']"
legacyplumbingnh.com,Legacy Mechanical Services LLC,Legacy Mechanical Services,,65,103733,2026-09-11T17:46:13.016826208Z,"['Adobe Creative Cloud WebFonts', 'Adult Content', 'Amazon', 'Aruba', 'Contento', 'Express', 'Facebook Login', 'Facebook Messenger Platform', 'Facebook Reseller', 'GZIP Module', 'Instagram Follow Button', 'Line2', 'Magento Enterprise', 'Microdata for Google Shopping', 'PayPal', 'QUIC', 'SiteW', 'Squarespace', 'UTF-8', 'WordPress SEO Structured Data Schema Plugin', 'eLand']"
gearvet.com,Gearvet - Unique & Customized Meaningful Shirts For U.S Veterans - Gearvet,,,62,5316,2026-09-11T17:46:13.015531346Z,"['Amazon WAF Blocked', 'Apture Linking Platform', 'Bing Cashback', 'Bing Conversion Tracking', 'ByteDance', 'Checkout.com', 'Content Delivery Network', 'Criteo', 'Express', 'Google Cloud DNS', 'Google Font API', 'Google Forms', 'Google My Business', 'Google Related Website Sites', 'Instagram Follow Button', 'Klaviyo', 'Microsoft Clarity', 'PayPal Adaptive Payments', 'Pinterest Conversion Tracking', 'QUIC', 'ShopBase', 'Tailwind CSS', 'Thank You', 'TikTok Conversion Tracking Pixel', 'UTF-8', 'YouTube', 'shadcn ui']"
uccwatertown.com,"First Congregational United church of christ in Watertown, SD",First Congregational United Church of Christ,MYS,77,134600,2026-09-11T17:12:43.081562503Z,"['Alternate Protocol', 'Amazon WAF Blocked', 'Apture Linking Platform', 'Content Delivery Network', 'Express', 'Fastly', 'Fastly CDN', 'GZIP Module', 'K2F', 'KVH', 'Microdata for Google Shopping', 'NFOrce Internet', 'No-Q', 'POWr', 'PWA', 'PayPal Adaptive Payments', 'QUIC', 'SMC', 'Seflow Italy', 'Sentry', 'SiteW', 'Subversion', 'UTF-8', 'Vector Internet Services', 'Wix', 'Wix Media', 'YouTube', 'mlcom']"
canadasnowguards.com,Snow Guards & Snow Rails for Metal Roofs in Canada | Canada Snow Guards | Snow Guards & Snow Rails for Metal Roofs,Canada Snow Guards,USA,87,60556,2026-09-11T17:12:43.069860853Z,"['Alternate Protocol', 'Amazon CloudFront', 'Amazon WAF Blocked', 'Apture Linking Platform', 'Baidu Cloud', 'CloudFront', 'Cloudflare', 'Cloudflare CDN', 'Express', 'Fireblade', 'Giropay', 'Google', 'Google Cloud DNS', 'Google Font API', 'Google Related Website Sites', 'GraphQL', 'Instagram Follow Button', 'Klaviyo', 'Mapp', 'Microdata for Google Shopping', 'NFOrce Internet', 'PayPal', 'QUIC', 'Shopify', 'Shopify Collabs', 'Sitelinks Search Box', 'Thank You', 'UTF-8', 'Yandex Hosting', 'hCaptcha', 'jQuery', 'reCAPTCHA']"
muskokatimbermills.ca,Premium Custom Wood Products | Muskoka Timber Mills,Muskoka Timber Mills,IMN,77,400723,2026-09-11T16:55:10.733663542Z,"['Adobe Analytics', 'Adobe Creative Cloud WebFonts', 'Adobe Marketing Cloud', 'Alternate Protocol', 'Amazon', 'Amazon CloudFront', 'Amazon Route 53', 'Apture Linking Platform', 'Bing Cashback', 'Bing Conversion Tracking', 'Braintree', 'CDN JS', 'Calendly', 'CloudFront', 'Cloudflare', 'Cloudflare CDN', 'Cloudflare Web Analytics', 'Content Delivery Network', 'Datadog', 'DemDex', 'Disqus Comment System for WordPress', 'DoubleClick Bid Manager', 'ElementUI', 'EmbedSocial', 'Express', 'Facebook Reseller', 'Fastly', 'Font Awesome', 'Free Call', 'Google', 'Google Analytics', 'Google Cloud CDN', 'Google Cloud DNS', 'Google Font API', 'Google Maps', 'Google My Business', 'Google Tag Manager', 'Grammarly', 'IcoMoon', 'Instagram Follow Button', 'Klarna', 'Klaviyo', 'Magento', 'Magento Enterprise', 'Microdata for Google Shopping', 'PayPal Adaptive Payments', 'QUIC', 'UTF-8', 'Vimeo', 'Vimeo CDN', 'Way', 'Wirecard', 'YouTube', 'Zendesk Embeddables', 'Zuko', 'jsDelivr', 'reCAPTCHA']"
warwickhockey.co.uk,Warwick Hockey Club,,,60,8071,2026-09-11T16:47:17.365507319Z,"['Amazon', 'Amazon CloudFront', 'Amazon Route 53', 'Bulma', 'CDN JS', 'CloudFront', 'Cloudflare', 'Cloudflare CDN', 'CookieConsent', 'Facebook Login', 'Facebook Reseller', 'Financial Services Guide', 'Font Awesome', 'GZIP Module', 'Google', 'Google Analytics', 'Google Cloud CDN', 'Google Cloud DNS', 'Google Font API', 'Google My Business', 'Google Tag Manager', 'IPFS', 'IcoMoon', 'JIRA', 'Juicer DMP', 'KVH', 'Nginx', 'No-Q', 'Onyx Internet', 'PayPal Adaptive Payments', 'Perl', 'Prefix Free', 'QUIC', 'Stripe', 'Subversion', 'Tailwind CSS', 'Thank You', 'Twitter Ads', 'UTF-8', 'Underscores', 'Vimeo', 'Vine Embed', 'WP Booking Calendar', 'YouTube', 'reCAPTCHA']"
bienairclub.com,Bien-Air Services,,USA,62,399886,2026-09-11T16:47:17.364713813Z,"['Adobe Analytics', 'Adobe Marketing Cloud', 'Bing Cashback', 'Bing Conversion Tracking', 'Braintree', 'Bunny Fonts', 'BunnyCDN Header', 'Content Delivery Network', 'DemDex', 'DoubleClick Bid Manager', 'Express', 'Facebook Conversion Tracking', 'Facebook Login', 'Facebook Messenger Platform', 'Facebook Pixel', 'Facebook Reseller', 'Facebook Tag API', 'Font Awesome', 'Google', 'Google Analytics', 'Google Cloud CDN', 'Google Cloud DNS', 'Google Cloud Storage', 'Google Conversion Tracking', 'Google Font API', 'Google Maps', 'Google My Business', 'Google Recommendations AI', 'Google Related Website Sites', 'Google Tag Manager', 'Instagram Follow Button', 'LinkedIn Pixel', 'Magento', 'Magento Enterprise', 'Microdata for Google Shopping', 'Newsletter for Wordpress', 'Ntent', 'PayPal Adaptive Payments', 'Perl', 'RawGit', 'Schema Plugin', 'Sentry', 'Shopify', 'UTF-8', 'Vimeo', 'Vimeo CDN', 'Way', 'Wirecard', 'YouTube', 'jsDelivr', 'reCAPTCHA']"
pomonaconcertband.com,"Pomona Concert Band, Pomona, California",,USA,77,8040,2026-09-11T16:38:39.578085074Z,"['AJAX Libraries API', 'Alternate Protocol', 'Apache', 'AutoComplete', 'Google Cloud DNS', 'Google My Business', 'Happy Returns', 'Instagram Follow Button', 'PWA', 'PayPal Adaptive Payments', 'PayPal Button', 'PayPal Form', 'Subversion', 'Twitter Ads', 'UTF-8', 'University or College', 'YouTube', 'jQuery']"
pathagape.com,Home - Path Agape,,USA,65,35603,2026-09-11T16:33:12.721498019Z,"['AWS WAF Challenge', 'Akismet', 'Alternate Protocol', 'Amazon Widgets', 'Contact Form Plugin', 'Content Delivery Network', 'Discord', 'EU Cookie Law for Wordpress.', 'EmbedPress', 'Express', 'Facebook Conversion Tracking', 'Facebook Login', 'Facebook Messenger Platform', 'Facebook Pixel', 'Facebook Reseller', 'Facebook Tag API', 'Fireblade', 'Gambling Content', 'Google Analytics', 'Google My Business', 'Google Tag Manager', 'Microdata for Google Shopping', 'NFOrce Internet', 'Nginx', 'Oracle Cloud', 'PHP', 'PayPal Adaptive Payments', 'PayPal Button', 'PayPal Form', 'QUIC', 'Sassy Social Share', 'Share Link', 'Tailwind CSS', 'The Events Calendar', 'Theme In WP', 'UTF-8', 'University or College', 'Woo Themes', 'WordPress', 'WordPress Multisite', 'jQuery', 'reCAPTCHA']"
staidansf.org,St. Aidan's Episcopal Church | San Francisco,,VEN,77,139828,2026-09-11T16:24:37.800721461Z,"['Alternate Protocol', 'Amazon WAF Blocked', 'Apture Linking Platform', 'Cisco/Arrowpoint Content Service Switch', 'Content Delivery Network', 'Express', 'Fastly', 'Fastly CDN', 'GZIP Module', 'Google Related Website Sites', 'Instagram Follow Button', 'K2F', 'KVH', 'Microdata for Google Shopping', 'NFOrce Internet', 'PWA', 'PayPal Adaptive Payments', 'QUIC', 'SMC', 'Seflow Italy', 'Sentry', 'SiteW', 'Subversion', 'Thank You', 'UTF-8', 'Vector Internet Services', 'Wix', 'Wix Media', 'mlcom']"
thecakevillage.com,THE CAKE AFRICAN VILLAGE - The CAKE VILLAGE,,,35,120,2026-09-11T16:24:37.780447596Z,"['Apache', 'Apture Linking Platform', 'Brown Paper Tickets', 'GZIP Module', 'Google My Business', 'PayPal Adaptive Payments', 'PayPal Button', 'PayPal Form', 'Twitter Ads', 'UTF-8', 'Unix', 'Weebly', 'reCAPTCHA']"
pompanobeachcolonics.com,"Pompano Beach Colonics, Colon Hydrotherapy, Colon Cleanse, Colonics & Colonic Irrigation",,USA,72,300,2026-09-11T16:15:10.787710671Z,"['Google Analytics', 'Google Maps', 'Google My Business', 'ISO/IEC 8859', 'Nginx', 'Parallels Plesk Panel', 'PayPal Adaptive Payments', 'PayPal Button', 'PayPal Form', 'YouTube']"
miltonkeynesbalajiassociation.com,SSAMK UK – Shri Srinivasa (Balaji) Association of Milton Keynes,,GBR,65,168,2026-09-11T16:15:10.756947083Z,"['Alternate Protocol', 'Contact Form Plugin', 'DAV', 'EmbedPress', 'Google Cloud DNS', 'Google Font API', 'Google Maps', 'LiteSpeed', 'PHP', 'PayPal Adaptive Payments', 'Tailwind CSS', 'Theme In WP', 'UTF-8', 'Woo Themes', 'WordPress', 'WordPress Multisite', 'jQuery']"
jonstubbington.com,Portfolio - Jon Stubbington,,,62,5112,2026-09-11T15:26:55.681839032Z,"['Adobe Creative Cloud WebFonts', 'Alternate Protocol', 'Apache', 'Apture Linking Platform', 'Contact Form Plugin', 'Elegant Themes', 'EmbedPress', 'Express', 'GZIP Module', 'Google My Business', 'Google Related Website Sites', 'Instagram Follow Button', 'Iubenda', 'Microdata for Google Shopping', 'NFOrce Internet', 'Newsletter for Wordpress', 'OceanWP', 'PHP', 'PayPal', 'QUIC', 'Tailwind CSS', 'Theme In WP', 'Twitter Ads', 'WP Mobile Menu', 'WPForms', 'WhatsApp Sharing', 'Woo Themes', 'WooCommerce', 'WooCommerce Checkout', 'WordPress', 'WordPress Multisite', 'YouTube', 'jQuery', 'reCAPTCHA']"
timwood.org,Tim Wood – For Stafford City Council,,,55,237,2026-09-11T15:22:19.258988853Z,"['Alternate Protocol', 'Automattic', 'Bulma', 'Contact Form Plugin', 'Content Delivery Network', 'EmbedPress', 'Google', 'Gutenberg', 'IcoMoon', 'Jetpack', 'Jetpack Site Accelerator', 'Nginx', 'PHP', 'PayPal Button', 'PayPal Form', 'Twitter Ads', 'UTF-8', 'WPBakery', 'Woo Themes', 'WooCommerce', 'WooCommerce Checkout', 'WordPress', 'WordPress Multisite', 'WordPress Stats', 'jQuery']"
albertapin.ca,Alberta Pin – Official Black & Gold Enamel Alberta Sovereignty Pin,,,62,760,2026-09-11T15:22:19.230895738Z,"['Google Cloud DNS', 'Google Font API', 'Google Related Website Sites', 'Instagram Follow Button', 'LiteSpeed', 'PHP', 'PayPal', 'Stripe', 'UTF-8', 'YouTube']"
proudprofessionals.org,Proud Professionals Network,,USA,82,104687,2026-09-11T15:01:55.646287829Z,"['123FormBuilder', 'Adult Content', 'Amazon WAF Blocked', 'Apture Linking Platform', 'Coming Soon Page', 'Content Delivery Network', 'Express', 'Fastly', 'Fastly CDN', 'Fireblade', 'GZIP Module', 'Instagram Follow Button', 'NFOrce Internet', 'Neighborhoods', 'PWA', 'PayPal Adaptive Payments', 'QUIC', 'SMC', 'Seflow Italy', 'Sentry', 'SiteW', 'UTF-8', 'University or College', 'Vector Internet Services', 'Wix', 'Wix Media', 'eLand', 'mlcom']"
reifenstyle.com,Premium Tire Stickers and Tire Lettering made in Germany - Reifenstyle.com - Individual Tire Stickers and Tire Lettering,,JPN,92,5943,2026-09-11T15:01:55.631385111Z,"['Alternate Protocol', 'Contact Form Plugin', 'DC74', 'EmbedPress', 'Express', 'GZIP Module', 'Google Analytics', 'Google Reviews Widget', 'Google Tag Manager', 'Instagram Follow Button', 'Lazy Load for WordPress', 'Line2', 'Microdata for Google Shopping', 'Nginx', 'PHP', 'Parallels Plesk Panel', 'PayPal Adaptive Payments', 'Perl', 'QUIC', 'Slider Revolution', 'Tailwind CSS', 'Theme In WP', 'UTF-8', 'Underscores', 'WP Rocket', 'WPBakery', 'Woo Themes', 'WooCommerce', 'WooCommerce Checkout', 'WordPress', 'WordPress Multisite', 'WordPress Related Posts', 'XStore', 'YouTube']"
insight2marketing.com,Insight2marketing - Supporting Businesses & Building Brands,,,72,6554,2026-09-11T15:01:55.62378163Z,"['AJAX Libraries API', 'Amazon', 'Amazon CloudFront', 'CloudFront', 'Cloudflare', 'Content Delivery Network', 'Facebook Conversion Tracking', 'Facebook Login', 'Facebook Messenger Platform', 'Facebook Pixel', 'Facebook Reseller', 'Facebook Tag API', 'GZIP Module', 'Google', 'Google Cloud DNS', 'Google Font API', 'IcoMoon', 'Instagram Follow Button', 'Lightwidget', 'PayPal', 'QUIC', 'Stripe', 'Tailwind CSS', 'Tidio', 'Twitter Ads', 'UTF-8', 'WF Cookie Consent', 'Webflow Ecommerce', 'YouTube']"
haileyfoundation.org,The Hailey Foundation | Advancing ideas to save animals,,,60,723,2026-09-11T15:01:55.620745454Z,"['501c3 Status Nonprofit', 'Alternate Protocol', 'EmbedPress', 'Facebook Embedded Posts', 'Fastly', 'Google Cloud DNS', 'Google Font API', 'KeyCDN', 'MailChimp for WordPress', 'Nginx', 'PHP', 'PayPal Adaptive Payments', 'PayPal Button', 'PayPal Form', 'Theme In WP', 'Twitter Ads', 'UTF-8', 'University or College', 'WordPress', 'WordPress Multisite', 'jQuery']"
bfcst.co.uk,Barnsley FC Supporters Trust | A Voice For All Barnsley Supporters,,GBR,72,65642,2026-09-11T15:01:55.619060977Z,"['AJAX Libraries API', 'AWS WAF Challenge', 'Alternate Protocol', 'Automattic', 'BLR', 'Contact Form Plugin', 'EmbedPress', 'Facebook Embedded Posts', 'Facebook Login', 'Facebook Messenger Platform', 'Facebook Reseller', 'GZIP Module', 'Google Cloud DNS', 'Google Font API', 'Google My Business', 'Google Recommendations AI', 'Jetpack', 'Jetpack Site Accelerator', 'K2F', 'Nginx', 'PHP', 'PayPal Button', 'PayPal Form', 'Po.st', 'Tailwind CSS', 'The Events Calendar', 'Theme In WP', 'Tumblr', 'Twitter Ads', 'UTF-8', 'WordPress', 'WordPress Multisite', 'jQuery']"
capitalregionbreastfeeding.org,Greenbush La Leche League – Breastfeeding Support,,USA,77,66431,2026-09-11T14:44:55.796775597Z,"['AWS WAF Challenge', 'Alternate Protocol', 'Automattic', 'CoBlocks', 'Content Delivery Network', 'EmbedPress', 'Express', 'FormSubmit', 'IcoMoon', 'Instagram Follow Button', 'Jetpack', 'Jetpack Site Accelerator', 'Nginx', 'PayPal Adaptive Payments', 'Perl', 'SMC', 'Tailwind CSS', 'Thank You', 'UTF-8', 'WordPress', 'WordPress Multisite', 'WordPress Stats', 'Zoom Video Conferencing']"
sailingzephyr.com,Sailing Zephyr | Sailing Around The World,,,77,215493,2026-09-11T14:44:55.746568667Z,"['Alternate Protocol', 'Amazon WAF Blocked', 'Amazon Widgets', 'Apture Linking Platform', 'Content Delivery Network', 'DAV', 'Ecwid Ecommerce Shopping Cart', 'Express', 'Fastly', 'Fastly CDN', 'Financial Services Guide', 'GZIP Module', 'Google Related Website Sites', 'Instagram Follow Button', 'K2F', 'Lithium Technologies', 'Microdata for Google Shopping', 'NFOrce Internet', 'POWr', 'PWA', 'PayPal Adaptive Payments', 'Perl', 'QUIC', 'SMC', 'Seflow Italy', 'Sentry', 'SiteW', 'Subversion', 'Thank You', 'UTF-8', 'Vector Internet Services', 'Wix', 'Wix Media', 'YouTube', 'eLand', 'mlcom']"
chessjawa.com,Chess Jawa – Playing chess to raise money for charity at Dragon Con,,USA,70,15049,2026-09-11T14:29:37.275137452Z,"['AWS WAF Challenge', 'Alternate Protocol', 'Apache', 'EmbedPress', 'GZIP Module', 'PayPal Button', 'PayPal Form', 'Simple Lightbox', 'UTF-8', 'University or College', 'WordPress', 'WordPress Multisite']"
robinmaynardsmith.com,Book Your Session - Robin Maynard Smith,,GBR,75,33784,2026-09-11T13:54:03.387300443Z,"['AWS WAF Challenge', 'Alternate Protocol', 'Apture Linking Platform', 'Ashe', 'Content Delivery Network', 'Eber', 'Elementor', 'EmbedPress', 'Express', 'Fireblade', 'Fontello', 'GZIP Module', 'Google Cloud DNS', 'Google Font API', 'LiteSpeed', 'Microdata for Google Shopping', 'NFOrce Internet', 'PHP', 'PayPal', 'Theme In WP', 'UTF-8', 'W3 Total Cache', 'Woo Themes', 'WooCommerce', 'WooCommerce Checkout', 'WooCommerce Payments', 'WordPress', 'WordPress Multisite', 'WordPress Related Posts', 'aWeber', 'jQuery']"
flextrafficschool.com,Flex Traffic School – Classroom and Online courses,,USA,70,3373,2026-09-11T13:54:03.356486893Z,"['Alternate Protocol', 'Apache', 'Apture Linking Platform', 'Contact Form Plugin', 'Custom Facebook Feed', 'EmbedPress', 'Font Awesome', 'GZIP Module', 'Google', 'Google Cloud DNS', 'Google Font API', 'Google My Business', 'IcoMoon', 'PHP', 'PayPal Adaptive Payments', 'PayPal Button', 'PayPal Form', 'The Events Calendar', 'Theme In WP', 'UTF-8', 'Visual Composer Ultimate Addons', 'WPBakery', 'Woo Themes', 'WooCommerce', 'WooCommerce Checkout', 'WordPress', 'WordPress Multisite', 'jQuery']"
postterrestrial.com,Postterrestrial Apparel – Postterrestrial Tees,Postterrestrial Tees,,72,9324,2026-09-11T13:54:03.354623736Z,"['Apture Linking Platform', 'Baidu Cloud', 'Cloudflare', 'Cloudflare CDN', 'Google My Business', 'Google Related Website Sites', 'IcoMoon', 'Microdata for Google Shopping', 'PayPal', 'QUIC', 'Shopify', 'Shopify Collabs', 'Shopify Payments', 'Tailwind CSS', 'Twitter Ads', 'UTF-8', 'Yandex Hosting', 'hCaptcha', 'reCAPTCHA']"
unitechildrensyoga.co.uk,Discover Joyful Children’s Yoga Classes,,GBR,77,18312,2026-09-11T13:45:13.649693825Z,"['Express', 'GoDaddy', 'Google', 'Google Cloud DNS', 'Google Font API', 'Google My Business', 'Google Tag Manager', 'Instagram Follow Button', 'Line2', 'PWA', 'PayPal Adaptive Payments', 'PayPal Button', 'PayPal Form', 'UTF-8', 'Wangsu', 'Website Tonight']"
latinosfactory.com,LatinosFactory,LatinosFactory,ITA,70,23096,2026-09-11T13:45:13.616368171Z,"['AddThis for Wordpress', 'Alternate Protocol', 'Apture Linking Platform', 'BLR', 'Baidu Cloud', 'Cloudflare', 'Cloudflare CDN', 'Fastly', 'Google', 'Google Cloud DNS', 'Google Font API', 'Instagram Follow Button', 'Microdata for Google Shopping', 'PayPal', 'QUIC', 'Shipping Rates Calculator', 'Shopify', 'Shopify Collabs', 'Tailwind CSS', 'Telegram', 'Tumblr', 'Twitter Ads', 'UTF-8', 'Yandex Hosting', 'hCaptcha', 'reCAPTCHA']"
sonichealingministries.com,SONIC HEALING MINISTRIES - Home,,,45,3120,2026-09-11T13:21:38.958015858Z,"['Apache', 'DAV', 'GZIP Module', 'Google My Business', 'Monster', 'PayPal Adaptive Payments', 'UTF-8', 'Weebly', 'YouTube', 'reCAPTCHA']"
nbcchumble.org,New Beginnings Community Church of Humble - Home,,,50,120,2026-09-11T13:21:38.934006834Z,"['Google Analytics', 'Google My Business', 'Instagram Follow Button', 'PayPal Adaptive Payments', 'PayPal Button', 'PayPal Form', 'Tailwind CSS', 'UTF-8', 'Weebly', 'YouTube', 'reCAPTCHA']"
legendslockerssport.com,Legends Lockers,,,45,1180,2026-09-11T13:05:46.971782894Z,"['Amazon WAF Blocked', 'Apture Linking Platform', 'Checkout.com', 'Cisco/Arrowpoint Content Service Switch', 'Coming Soon Page', 'Content Delivery Network', 'Express', 'Google My Business', 'Instagram Follow Button', 'Klaviyo', 'PayPal Adaptive Payments', 'QUIC', 'ShopBase', 'Tailwind CSS', 'Thank You', 'UTF-8', 'YouTube', 'shadcn ui']"
sextoysuae.store,UAE SEX TOYS - UAE SEX TOYS,,,67,17036,2026-09-11T12:56:28.396447567Z,"['Apture Linking Platform', 'Aruba', 'Checkout.com', 'Content Delivery Network', 'Express', 'Facebook Conversion Tracking', 'Facebook Login', 'Facebook Messenger Platform', 'Facebook Pixel', 'Facebook Reseller', 'Facebook Tag API', 'Fireblade', 'Google Cloud DNS', 'Google Font API', 'Google My Business', 'Instagram Follow Button', 'Investor Relations', 'PayPal Adaptive Payments', 'QUIC', 'ShopBase', 'Tailwind CSS', 'Twitter Ads', 'UTF-8', 'Yelp Badge', 'YouTube', 'eLand', 'shadcn ui']"
thebugle.co.za,"Whatshot Posts | The Bugle - Weekly Community Magazine, Tabloid",The Bugle,ZAF,82,6459,2026-09-11T12:26:21.216803969Z,"['Amazon', 'Apache', 'Bing Cashback', 'Coming Soon Page', 'DoubleClick Bid Manager', 'Facebook Reseller', 'Fast', 'GZIP Module', 'Google', 'Google Analytics', 'Google Cloud DNS', 'Google Font API', 'Google Maps', 'Google My Business', 'Google Related Website Sites', 'Google Tag Manager', 'Metricool', 'Microdata for Google Shopping', 'Microsoft Clarity', 'Ntent', 'PayPal Adaptive Payments', 'Storyblocks', 'Tailwind CSS', 'UTF-8', 'YouTube', 'jsDelivr']"
catspawjamasrescue.com,Adopt Cats | Cat's PawJamas Rescue | Southern Wisconsin,,,47,28096,2026-09-11T12:09:31.059450587Z,"['Amazon WAF Blocked', 'Apture Linking Platform', 'Cloudflare', 'Content Delivery Network', 'DAV', 'DC74', 'Express', 'Fastly', 'Fastly CDN', 'GZIP Module', 'Google Related Website Sites', 'Microdata for Google Shopping', 'NFOrce Internet', 'PWA', 'PayPal Adaptive Payments', 'QUIC', 'SMC', 'Seflow Italy', 'Sentry', 'SiteW', 'UTF-8', 'Vector Internet Services', 'Wix', 'Wix Media', 'mlcom']"
clubhouseoflehighcounty.org,Clubhouse of Lehigh County - Mental Health Help | Allentown PA,Clubhouse of Lehigh County,,82,5621,2026-09-11T12:09:31.047097278Z,"['Alternate Protocol', 'Apache', 'Apture Linking Platform', 'Cloudflare', 'Elementor', 'EmbedPress', 'Font Awesome', 'GZIP Module', 'Google', 'Google Analytics', 'Google Cloud CDN', 'Google Cloud DNS', 'Google Font API', 'Google My Business', 'Google Related Website Sites', 'Google Tag Manager', 'Lazy Load for WordPress', 'Microdata for Google Shopping', 'OceanWP', 'PHP', 'PayPal Adaptive Payments', 'Sitelinks Search Box', 'Table Addons for Elementor', 'Tailwind CSS', 'Thank You', 'Theme In WP', 'UTF-8', 'University or College', 'WP Mobile Menu', 'WP Rocket', 'WPForms', 'Woo Themes', 'WordPress', 'WordPress Multisite', 'YouTube', 'jQuery', 'reCAPTCHA']"
flaurielle.com,Seamless Underwear & Intimate Grooming | Flaurielle,Flaurielle,PHL,82,29556,2026-09-11T11:52:40.504332195Z,"['Adult Content', 'Amazon WAF Blocked', 'Apture Linking Platform', 'Baidu Cloud', 'Cloudflare', 'Cloudflare CDN', 'Express', 'Fireblade', 'Giropay', 'Google', 'Google Cloud CDN', 'Google Cloud DNS', 'Google Font API', 'Google Related Website Sites', 'GraphQL', 'Instagram Follow Button', 'Klaviyo', 'Microdata for Google Shopping', 'Parcel', 'ParcelPanel Order Tracking', 'PayPal', 'QUIC', 'Shopify', 'Shopify Collabs', 'Tailwind CSS', 'Thank You', 'UTF-8', 'Yandex Hosting', 'YouTube', 'eLand', 'hCaptcha', 'reCAPTCHA']"
petsvoice.org,Pets' Voice,,USA,45,,2026-09-11T11:30:41.152818461Z,"['Apache', 'Bulma', 'GZIP Module', 'PayPal Button', 'PayPal Form', 'QUIC', 'UTF-8', 'jQuery']"
fosterinnovations.org,"Foster Innovations | Austin, TX",,USA,77,87867,2026-09-11T11:30:41.150503004Z,"['501c3 Status Nonprofit', 'Amazon WAF Blocked', 'Apture Linking Platform', 'Coming Soon Page', 'Content Delivery Network', 'Fastly', 'Fastly CDN', 'GZIP Module', 'Google Related Website Sites', 'Microdata for Google Shopping', 'NFOrce Internet', 'PWA', 'PayPal Adaptive Payments', 'QUIC', 'SMC', 'Sentry', 'SiteW', 'UTF-8', 'Vector Internet Services', 'Wix', 'Wix Media', 'eLand', 'mlcom']"
cwmchristdome.org,Church | Christ Worldwide Ministries,Christ Worldwide Ministries,,72,150303,2026-09-11T11:30:41.14406605Z,"['AWS WAF Challenge', 'Alternate Protocol', 'Amazon WAF Blocked', 'Apture Linking Platform', 'Content Delivery Network', 'DAV', 'Express', 'Fastly', 'Fastly CDN', 'Financial Services Guide', 'GZIP Module', 'Google Maps', 'Google My Business', 'Google Related Website Sites', 'K2F', 'KVH', 'Microdata for Google Shopping', 'NFOrce Internet', 'POWr', 'PWA', 'PayPal Adaptive Payments', 'Perl', 'QUIC', 'SMC', 'Seflow Italy', 'Sentry', 'SiteW', 'Subversion', 'Thank You', 'UTF-8', 'Vector Internet Services', 'WP Booking Calendar', 'Wix', 'Wix Media', 'YouTube', 'mlcom']"
markserrano.co,Mark Serrano Studio,Mark Serrano,GBR,72,11364,2026-09-11T11:22:55.778038425Z,"['Apture Linking Platform', 'Baidu Cloud', 'Cloudflare', 'Cloudflare CDN', 'DAV', 'Etsy', 'Express', 'Facebook Conversion Tracking', 'Facebook Login', 'Facebook Messenger Platform', 'Facebook Pixel', 'Facebook Reseller', 'Facebook Tag API', 'IcoMoon', 'Instagram Follow Button', 'Klaviyo', 'Microdata for Google Shopping', 'PayPal', 'QUIC', 'Sharebutton Fonts', 'Shopify', 'Shopify Collabs', 'Shopify Payments', 'Twitter Ads', 'UTF-8', 'Yandex Hosting', 'hCaptcha', 'reCAPTCHA']"
frazierhomeconsultants.com,Top Real Estate Buyers in the Market,Frazier Home Consultants ,USA,82,18351,2026-09-11T11:15:02.261245262Z,"['Alternate Protocol', 'Coming Soon Page', 'Facebook Conversion Tracking', 'Facebook Login', 'Facebook Messenger Platform', 'Facebook Pixel', 'Facebook Reseller', 'Facebook Tag API', 'GoDaddy', 'Google', 'Google Analytics', 'Google Cloud DNS', 'Google Font API', 'Google My Business', 'Google Tag Manager', 'Instagram Follow Button', 'Line2', 'Microdata for Google Shopping', 'PWA', 'PayPal Adaptive Payments', 'PayPal Button', 'PayPal Form', 'UTF-8', 'Wangsu', 'Website Tonight', 'YouTube']"
snsgph.com,Pharmaceuticals - Health supplements - sustainable products,,USA,77,1867,2026-09-11T11:06:30.874149848Z,"['Adult Content', 'Alternate Protocol', 'Apache', 'Apture Linking Platform', 'Elementor', 'EmbedPress', 'Express', 'GZIP Module', 'Google Cloud DNS', 'Google Font API', 'Header, Footer and Blocks for Elementor', 'Instagram Follow Button', 'Microdata for Google Shopping', 'NFOrce Internet', 'PHP', 'PayPal', 'Theme In WP', 'Twenty Twenty-One', 'Twitter Ads', 'UTF-8', 'Woo Themes', 'WooCommerce', 'WooCommerce Checkout', 'WordPress', 'WordPress Multisite', 'jQuery']"
ellisweiner.com,Ellis Weiner's Learning from Linguine - wisdom and insights from a lifetime of cooking,,,72,4406,2026-09-11T10:48:37.848538471Z,"['Adobe Creative Cloud WebFonts', 'Alternate Protocol', 'Content Delivery Network', 'EmbedPress', 'Everest Forms', 'Fastly', 'Font Awesome', 'FreeCSSTemplates', 'GZIP Module', 'Genesis Blocks', 'Google Cloud DNS', 'Google Font API', 'Microdata for Google Shopping', 'PHP', 'PayPal Adaptive Payments', 'PayPal Button', 'PayPal Form', 'Perl', 'Post Views Counter', 'SVG Support', 'Simple Social Icons', 'Sitelinks Search Box', 'StudioPress', 'TablePress', 'Theme In WP', 'Twitter Ads', 'UTF-8', 'WPFront Scroll Top', 'WordPress', 'WordPress Multisite', 'YouTube', 'jQuery']"
organicgardenclubofventuracounty.org,Organic Garden Club of Ventura County – organic food gardening,,USA,87,3126,2026-09-11T10:31:21.817904554Z,"['Alternate Protocol', 'Automattic', 'BatCache', 'CoBlocks', 'EmbedPress', 'Express', 'Fastly', 'GDPR Consent Management Platform', 'Instagram Follow Button', 'Jetpack', 'Jetpack Site Accelerator', 'Nginx', 'PayPal Adaptive Payments', 'Perl', 'Tailwind CSS', 'UTF-8', 'Woo Themes', 'WordPress', 'WordPress Multisite', 'WordPress Stats']"
teaminaboxsystems.com,Team in a box,,,50,3003,2026-09-11T10:22:16.582125336Z,"['Apache', 'Better Lead Generation Services', 'CDN JS', 'Cloudflare', 'Cloudflare CDN', 'GZIP Module', 'Google Cloud DNS', 'Google Font API', 'Google Forms', 'Google My Business', 'PayPal Adaptive Payments', 'PayPal Button', 'PayPal Form', 'Prospective', 'QUIC', 'Simply Hired', 'Tailwind CSS', 'UTF-8', 'YouTube', 'jQuery']"
thewelloflivingwater.com,Welcome to the Well of Living Water,,,52,,2026-09-11T09:55:55.55848991Z,"['ISO/IEC 8859', 'Nginx', 'PayPal Button', 'PayPal Form', 'UTF-8']"
acesteamservices.net,"ACES - Assessments, Counseling, and Educational Services",,GBR,67,808,2026-09-11T09:46:21.782946513Z,"['AJAX Libraries API', 'Content Delivery Network', 'GZIP Module', 'Google Cloud DNS', 'Google Font API', 'IcoMoon', 'PayPal Adaptive Payments', 'Sucuri Cloudproxy', 'jQuery']"
prosperitylanewater.com,Prosperity Lane Community Water and Sewer Association Incorporated,,,60,3,2026-09-11T09:18:05.503708641Z,"['Apache', 'Bulma', 'DAV', 'Express', 'FreeCSSTemplates', 'GZIP Module', 'Google Cloud DNS', 'Google Font API', 'PayPal Adaptive Payments', 'PayPal Button', 'PayPal Form', 'QUIC', 'jQuery']"
loveyourgame.qmd.se,Love Your Game - Love Your Game,,,55,3,2026-09-11T09:18:05.489003193Z,"['Alternate Protocol', 'Apple Auto Link Maker', 'Coming Soon Page', 'Facebook Embedded Posts', 'Google Analytics', 'Google Cloud DNS', 'Google Font API', 'Google My Business', 'Google Play', 'LiteSpeed', 'PHP', 'PayPal Adaptive Payments', 'PayPal Button', 'PayPal Form', 'Theme In WP', 'Twitter Ads', 'UTF-8', 'WordPress', 'WordPress Multisite', 'jQuery']"
hofnov.org,HOFNOV – Creating change for our youth,,USA,65,9948,2026-09-11T09:18:05.481273768Z,"['501c3 Status Nonprofit', 'Alternate Protocol', 'Apache', 'Elementor', 'EmbedPress', 'Facebook CDN', 'GZIP Module', 'Google My Business', 'Hello Elementor', 'Mightycause', 'NFOrce Internet', 'Neighborhoods', 'PHP', 'PayPal Adaptive Payments', 'PayPal Button', 'PayPal Form', 'Pico CSS', 'UTF-8', 'WordPress', 'WordPress Multisite', 'YouTube', 'jQuery', 'reCAPTCHA']"
georgecoller.co.uk,Home - The George Coller Memorial Fund,The George Coller Memorial Fund,,67,21625,2026-09-11T08:38:42.354004366Z,"['34SP.com', 'Alternate Protocol', 'Apache', 'Astra Theme', 'Contact Form Plugin', 'Elementor', 'EmbedPress', 'Fireblade', 'GZIP Module', 'GiveWP', 'Google', 'Google Analytics', 'Google Cloud DNS', 'Google Font API', 'Google My Business', 'Google Tag Manager', 'Header, Footer and Blocks for Elementor', 'Investor Relations', 'Max Mega Menu', 'Max Mega Menu Pro', 'Microdata for Google Shopping', 'NFOrce Internet', 'PHP', 'Pagekit', 'Parallels Plesk Panel', 'PayPal Button', 'PayPal Form', 'QUIC', 'Smush Image Optimization', 'Thank You', 'Theme In WP', 'Twitter Ads', 'UTF-8', 'University or College', 'WPFront Scroll Top', 'Woo Themes', 'WordPress', 'WordPress Multisite', 'WordPress Related Posts', 'YouTube', 'eLand', 'jQuery', 'reCAPTCHA']"
gabmetro.com,gabmétro,,,67,12290,2026-09-11T08:38:42.349957148Z,"['AJAX Libraries API', 'Adult Content', 'Alternate Protocol', 'Amazon WAF Blocked', 'App Store', 'ArvanCloud', 'BLR', 'Content Delivery Network', 'DoubleClick Bid Manager', 'Flat Icon', 'GitHub Hosting', 'Google Cloud DNS', 'Google My Business', 'Google Play', 'Jetpack Site Accelerator', 'Microdata for Google Shopping', 'NFOrce Internet', 'Nginx', 'PayPal Adaptive Payments', 'PayPal Button', 'PayPal Form', 'Tumblr', 'UTF-8', 'WordPress', 'WordPress Related Posts', 'YouTube', 'jQuery', 'jsDelivr']"
daostudies.com,"Daoist College – Dao-Studies, Online Programs, Daoist Education",Daoist College,CHN,77,2306,2026-09-11T08:28:48.404277375Z,"['Alternate Protocol', 'Apache', 'Apture Linking Platform', 'Automattic', 'EmbedPress', 'Express', 'Google Cloud DNS', 'Google Font API', 'Google My Business', 'Google Pay', 'Jetpack', 'Microdata for Google Shopping', 'NFOrce Internet', 'PHP', 'PayPal', 'Theme In WP', 'UTF-8', 'University or College', 'Woo Themes', 'WooCommerce', 'WooCommerce Checkout', 'WooCommerce Payments', 'WordPress', 'WordPress Multisite', 'WordPress Stats', 'YouTube', 'YouTube Advanced by Embed Plus', 'jQuery']"
shardsofglass.net,"Shards of Glass Consulting & Management Solutions LLC. - Bussiness Improvment, Business and Management Consultant, Business Consulting, Business Management Consultant",,,77,43312,2026-09-11T08:20:51.813886228Z,"['Contento', 'Facebook Conversion Tracking', 'Facebook Login', 'Facebook Messenger Platform', 'Facebook Pixel', 'Facebook Reseller', 'Facebook Tag API', 'GitHub Hosting', 'GoDaddy', 'Google', 'Google Adsense', 'Google Analytics', 'Google Cloud DNS', 'Google Font API', 'Google Funding Choices', 'Google Matched Content', 'Google My Business', 'Google Reseller', 'Google Tag Manager', 'Line2', 'PWA', 'PayPal Adaptive Payments', 'PayPal Button', 'PayPal Form', 'QUIC', 'UTF-8', 'Wangsu', 'Website Tonight']"
burbanksunriserotary.com,Home Page | Rotary Club of Burbank Sunrise,,GBR,70,4468,2026-09-11T08:11:29.841741677Z,"['Apture Linking Platform', 'AutoComplete', 'Cloudflare', 'DAV', 'Facebook Login', 'Facebook Messenger Platform', 'Facebook Reseller', 'GZIP Module', 'Google', 'Google Maps', 'Google My Business', 'Google Tag Manager', 'IcoMoon', 'Instagram Follow Button', 'Microsoft Application Insights', 'Microsoft Azure Blob Storage', 'PayPal Adaptive Payments', 'Perl', 'Thank You']"
aptesl.com,Tesla Accessories one-stop shop | APTESL Premium Parts for Model 3/Y – aptesl,aptesl,MCO,92,50455,2026-09-11T08:06:27.39317729Z,"['Amazon WAF Blocked', 'Apture Linking Platform', 'Baidu Cloud', 'Cloudflare', 'Cloudflare CDN', 'Express', 'Fireblade', 'Google Analytics', 'Google Related Website Sites', 'Google Tag Manager', 'Instagram Follow Button', 'K2F', 'Microdata for Google Shopping', 'NFOrce Internet', 'Newsletter for Wordpress', 'PayPal', 'QUIC', 'Shopify', 'Shopify Collabs', 'Tailwind CSS', 'Thank You', 'To Top', 'UTF-8', 'Yandex Hosting', 'YouTube', 'eLand', 'hCaptcha', 'reCAPTCHA']"
umecourse.com,Umecourse | Fun training resources to fuel the learner in you.,,GBR,70,13914,2026-09-11T08:06:27.384322086Z,"['ADFOX', 'Alternate Protocol', 'Apture Linking Platform', 'Automattic', 'Content Delivery Network', 'Divi', 'Elegant Themes', 'EmbedPress', 'Google', 'Google Adsense', 'Google Analytics', 'Google Cloud CDN', 'Google Cloud DNS', 'Google Font API', 'Google Funding Choices', 'Google Matched Content', 'Google My Business', 'Google Reseller', 'Google Tag Manager', 'Gumlet', 'Jetpack', 'Jetpack Site Accelerator', 'LiteSpeed', 'MonsterInsights', 'NFOrce Internet', 'PHP', 'PayPal', 'QUIC', 'Tailwind CSS', 'Theme In WP', 'Twitter Ads', 'UTF-8', 'Woo Themes', 'WooCommerce', 'WooCommerce Checkout', 'WordPress', 'WordPress Multisite', 'WordPress Stats', 'Yandex Hosting', 'Yandex Metrika', 'eLand', 'jQuery', 'jsDelivr']"
fitnesscasa.ca,Home Gym Equipment - Transform Your Home into a Professional Gym – FITNESS CASA,,CAN,77,19651,2026-09-11T07:45:20.663302114Z,"['Alternate Protocol', 'Amazon CloudFront', 'Apture Linking Platform', 'Baidu Cloud', 'Bing Cashback', 'Bing Conversion Tracking', 'CloudFront', 'Cloudflare', 'Cloudflare CDN', 'Coming Soon Page', 'ElementUI', 'Express', 'Facebook Conversion Tracking', 'Facebook Login', 'Facebook Messenger Platform', 'Facebook Pixel', 'Facebook Reseller', 'Facebook Tag API', 'Fastly', 'Google', 'Google Cloud DNS', 'Google Cloud Storage', 'Google Maps', 'Google My Business', 'Google Related Website Sites', 'Hotjar', 'IcoMoon', 'Instagram Follow Button', 'Klaviyo', 'Microdata for Google Shopping', 'PayPal', 'Privy', 'QUIC', 'Schema Plugin', 'Shopify', 'Shopify Collabs', 'Shopify Payments', 'Swell Rewards', 'Tailwind CSS', 'Thank You', 'UTF-8', 'Yandex Hosting', 'YouTube', 'hCaptcha', 'reCAPTCHA']"
rakusecrets.com,Raku Secrets eBook Tip Trick Techniques Amazing Raku,,USA,60,590,2026-09-11T07:45:20.662076568Z,"['Apache', 'Ethy', 'GZIP Module', 'Microsoft Frontpage', 'PayPal Button', 'PayPal Form', 'QUIC']"
banjoteacheronline.com,Banjo Lesson Videos | Complete Online Banjo Course | Lifetime Access,,GBR,77,3828,2026-09-11T07:45:20.651286402Z,"['Alternate Protocol', 'Amazon', 'AutoComplete', 'Content Delivery Network', 'EasyMe', 'Express', 'Facebook Login', 'Facebook Messenger Platform', 'Facebook Reseller', 'Google Cloud DNS', 'Google Customer Reviews', 'Google Font API', 'Google My Business', 'IcoMoon', 'Microdata for Google Shopping', 'PHP', 'PayPal', 'Perl', 'PrestaShop', 'QUIC', 'Schema Plugin', 'Sucuri Cloudproxy', 'Tailwind CSS', 'Twitter Ads', 'UTF-8', 'YouTube']"
scottmyersmd.com,Scott Myers - 4th District City Council - Scott Myers,,USA,85,1607,2026-09-11T07:36:43.072866412Z,"['Alternate Protocol', 'Automattic', 'Content Delivery Network', 'Elementor', 'EmbedPress', 'IcoMoon', 'Instagram Follow Button', 'Jetpack', 'Jetpack Site Accelerator', 'Line2', 'Microdata for Google Shopping', 'Nectar Slide Plugin', 'Neighborhoods', 'Nginx', 'PayPal Adaptive Payments', 'QUIC', 'Salient', 'UTF-8', 'University or College', 'WPBakery', 'WordPress', 'WordPress Multisite', 'WordPress Stats', 'jQuery']"
ayjfund.org,Home | ayjfund,,,60,36962,2026-09-11T07:29:14.984877331Z,"['501c3 Status Nonprofit', 'Alternate Protocol', 'Amazon WAF Blocked', 'Apture Linking Platform', 'Content Delivery Network', 'Express', 'Fastly', 'Fastly CDN', 'GZIP Module', 'Google Calendar', 'Google My Business', 'Instagram Follow Button', 'K2F', 'KVH', 'Microdata for Google Shopping', 'NFOrce Internet', 'POWr', 'PWA', 'PayPal Adaptive Payments', 'QUIC', 'SMC', 'Seflow Italy', 'Sentry', 'SiteW', 'Subversion', 'Twitter Ads', 'UTF-8', 'Vector Internet Services', 'Wix', 'Wix Media', 'YouTube', 'eLand', 'mlcom']"
ourladys.church,Our Lady of the Cedars of Mount Lebanon Maronite Church,Our Lady of the Cedars of Mount Lebanon Maronite Church,USA,77,33312,2026-09-11T07:14:20.684980292Z,"['Alternate Protocol', 'Fireblade', 'GitHub Hosting', 'GoDaddy', 'Google', 'Google Cloud DNS', 'Google Font API', 'Google Tag Manager', 'Line2', 'Microdata for Google Shopping', 'PWA', 'PayPal Adaptive Payments', 'UTF-8', 'Wangsu', 'Website Tonight', 'eLand']"
tronxy3d.com,"3d Printer, Filaments, Tronxy 3D Printers – Tronxy 3D Printers Official Store",Tronxy 3D Printers Official Store,,67,113731,2026-09-11T07:14:20.681510975Z,"['17TRACK', 'AJAX Libraries API', 'Alternate Protocol', 'Amazon CloudFront', 'Apture Linking Platform', 'ArvanCloud', 'Baidu Cloud', 'Bold Commerce', 'CDN JS', 'CloudFront', 'Cloudflare', 'Cloudflare CDN', 'Coming Soon Page', 'ElementUI', 'Express', 'Fastly', 'Fireblade', 'GoAffPro', 'Google', 'Google Analytics', 'Google Cloud DNS', 'Google Cloud Storage', 'Google Font API', 'Google Maps', 'Google Related Website Sites', 'Google Tag Manager', 'Heroku', 'IcoMoon', 'Instagram Follow Button', 'Line2', 'MailMunch', 'Mapp', 'Microdata for Google Shopping', 'PWA', 'PageFly', 'PayPal', 'QUIC', 'Secomapp', 'Shopify', 'Shopify Collabs', 'Shopify Payments', 'Smile IO', 'Tailwind CSS', 'Thank You', 'TrackingMore', 'Twitter Ads', 'UTF-8', 'Yandex Hosting', 'YouTube', 'hCaptcha', 'iAPPS', 'jsDelivr', 'reCAPTCHA']"
fragrany.com,Fragrany - Fragrany,,USA,72,2556,2026-09-11T07:14:20.677474934Z,"['Apture Linking Platform', 'Bing Cashback', 'Bing Conversion Tracking', 'Checkout.com', 'Content Delivery Network', 'Express', 'Google Adsense', 'Google Cloud DNS', 'Google Font API', 'Google Funding Choices', 'Google Matched Content', 'Google My Business', 'Google Related Website Sites', 'Google Reseller', 'Instagram Follow Button', 'PayPal Adaptive Payments', 'QUIC', 'ShopBase', 'Tailwind CSS', 'UTF-8', 'YouTube', 'shadcn ui']"
fivestarsvillas.com,"Luxury Villas, Kefalonia | 5 Stars Villas",,GRC,67,40,2026-09-11T07:08:34.728988112Z,"['AJAX Libraries API', 'Google Cloud DNS', 'JoomFish Language Selection', 'Joomla!', 'LiteSpeed', 'PayPal Adaptive Payments', 'PayPal Button', 'PayPal Form', 'QUIC', 'RokNavMenu', 'Shockwave Flash Embed', 'UTF-8', 'jQuery']"
beherenow.love,Martina Miller,Be Here Now,,72,105303,2026-09-11T07:05:37.558347363Z,"['AWS WAF Challenge', 'Alternate Protocol', 'Amazon WAF Blocked', 'Apture Linking Platform', 'Content Delivery Network', 'DAV', 'Express', 'Fastly', 'Fastly CDN', 'GZIP Module', 'Google Related Website Sites', 'Microdata for Google Shopping', 'NFOrce Internet', 'POWr', 'PWA', 'PayPal Adaptive Payments', 'Perl', 'QUIC', 'SMC', 'Seflow Italy', 'Sentry', 'SiteW', 'Thank You', 'UTF-8', 'Vector Internet Services', 'WP Booking Calendar', 'Wix', 'Wix Media', 'mlcom']"
zarinaocosmetics.co.uk,Zarina O Cosmetics,,VAT,67,11264,2026-09-11T06:55:21.363566879Z,"['Alternate Protocol', 'Amazon WAF Blocked', 'Apture Linking Platform', 'Aruba', 'Baidu Cloud', 'Cloudflare', 'Cloudflare CDN', 'Content Delivery Network', 'Express', 'Google My Business', 'Google Related Website Sites', 'IcoMoon', 'Instagram Follow Button', 'NFOrce Internet', 'PHP', 'PayPal', 'QUIC', 'Shopify', 'Shopify Collabs', 'Thank You', 'UTF-8', 'Vimeo', 'Yandex Hosting', 'YouTube', 'eLand', 'hCaptcha', 'reCAPTCHA']"
reforgeunited.org,HOME | Reforge,,,65,89270,2026-09-11T06:55:21.358491191Z,"['501c3 Status Nonprofit', 'Alternate Protocol', 'Amazon WAF Blocked', 'Apture Linking Platform', 'Content Delivery Network', 'Express', 'Fastly', 'Fastly CDN', 'GZIP Module', 'Instagram Follow Button', 'Microdata for Google Shopping', 'NFOrce Internet', 'POWr', 'PWA', 'PayPal Adaptive Payments', 'QUIC', 'SMC', 'Seflow Italy', 'Sentry', 'SiteW', 'Thank You', 'UTF-8', 'Vector Internet Services', 'Wix', 'Wix Media', 'eLand', 'mlcom']"
ethiocoffee.et,Ethiopian Green Coffee Exporter | Ethio Coffee,,ETH,77,17769,2026-09-11T06:47:33.886425781Z,"['AWS WAF Challenge', 'Alternate Protocol', 'Cloudflare', 'Cloudflare CDN', 'Content Delivery Network', 'Flexible Shipping', 'Google', 'Google Analytics', 'Google Cloud DNS', 'Google Font API', 'Google Tag Manager', 'Instagram Follow Button', 'Microsoft Clarity', 'Next.js', 'PayPal Adaptive Payments', 'Pleroma', 'Sitelinks Search Box', 'Tailwind CSS', 'UTF-8', 'Vercel', 'shadcn ui']"
wimstrong.org,Want It More Strong Foundation,Want It More Strong Foundation,USA,82,19620,2026-09-11T06:21:51.081864024Z,"['GitHub Hosting', 'GoDaddy', 'Google', 'Google Cloud DNS', 'Google Font API', 'Google My Business', 'Google Tag Manager', 'InitiativeS', 'Instagram Follow Button', 'Microdata for Google Shopping', 'NFOrce Internet', 'Neighborhoods', 'PWA', 'PayPal Adaptive Payments', 'PayPal Button', 'PayPal Form', 'UTF-8', 'Wangsu', 'Website Tonight']"
landofenfigment.com,Land of Enfigment - Home,,PHL,67,1608,2026-09-11T05:49:55.238340512Z,"['Content Delivery Network', 'Google My Business', 'Netlify', 'PayPal Adaptive Payments', 'PayPal Button', 'PayPal Form', 'UTF-8', 'Weebly', 'reCAPTCHA']"
sprinklinglovefw.org,HOME | Sprinkling Love | Fort Worth Non-profit for stroke and brain injury survivors,,USA,77,92828,2026-09-11T05:39:46.3506881Z,"['Alternate Protocol', 'Amazon WAF Blocked', 'Apture Linking Platform', 'Cloudflare', 'Content Delivery Network', 'Express', 'Fastly', 'Fastly CDN', 'GZIP Module', 'Google Related Website Sites', 'Instagram Follow Button', 'Microdata for Google Shopping', 'NFOrce Internet', 'PWA', 'PayPal Adaptive Payments', 'QUIC', 'SMC', 'Seflow Italy', 'Sentry', 'SiteW', 'Sitelinks Search Box', 'Town Web', 'UTF-8', 'Vector Internet Services', 'Wix', 'Wix Media', 'eLand', 'mlcom']"
planofaz.org,Plan of Arizona – Planned lifetime assisted network,,,55,279,2026-09-11T05:32:43.518150273Z,"['Alternate Protocol', 'Apache', 'Column Shortcodes', 'Constant Contact Wordpress Forms', 'Contact Form Plugin', 'EmbedPress', 'GZIP Module', 'Google Cloud DNS', 'Google Font API', 'Google My Business', 'IcoMoon', 'Melos', 'PHP', 'PayPal Button', 'PayPal Form', 'Theme In WP', 'UTF-8', 'Ubuntu', 'WordPress', 'WordPress Multisite', 'jQuery', 'reCAPTCHA']"
kanas.pk,Tomato Ketchup and Sauce - Kanas,,,62,381648,2026-09-11T05:21:31.832334403Z,"['AddThis for Wordpress', 'Adobe Analytics', 'Adobe Marketing Cloud', 'Braintree', 'Content Delivery Network', 'DemDex', 'DoubleClick Bid Manager', 'Express', 'GZIP Module', 'Google', 'Google Analytics', 'Google Cloud CDN', 'Google Cloud DNS', 'Google Font API', 'Google Maps', 'Google My Business', 'Google Tag Manager', 'IcoMoon', 'Instagram Follow Button', 'Magento', 'Magento Enterprise', 'Nginx', 'PayPal Adaptive Payments', 'QUIC', 'Twitter CDN', 'UTF-8', 'Vimeo', 'Vimeo CDN', 'Way', 'Wirecard', 'YouTube', 'reCAPTCHA']"
back2houseradio.com,House Music Radio: Tune into the sounds of Back2House Today,Back2house Radio,,72,3585,2026-09-11T05:21:31.826092964Z,"['Alternate Protocol', 'Apache', 'App Store', 'Apture Linking Platform', 'Divi', 'Elegant Themes', 'EmbedPress', 'Google', 'Google Analytics', 'Google Cloud CDN', 'Google Cloud DNS', 'Google Font API', 'Google My Business', 'Google Play', 'Google Related Website Sites', 'Google Tag Manager', 'Instagram Follow Button', 'Microdata for Google Shopping', 'PHP', 'Pagekit', 'PayPal', 'Site Kit', 'Theme In WP', 'UTF-8', 'WP Rocket', 'Woo Themes', 'WooCommerce', 'WooCommerce Checkout', 'WordPress', 'WordPress Multisite', 'YouTube', 'eLand', 'jQuery']"
mainstreetwaterbury.com,Main Street Waterbury,Main Street Waterbury,EGY,75,18120,2026-09-11T05:21:31.813305538Z,"['GoDaddy', 'Google', 'Google Cloud DNS', 'Google Font API', 'Google Tag Manager', 'InitiativeS', 'Instagram Follow Button', 'Microdata for Google Shopping', 'PWA', 'PayPal Adaptive Payments', 'PayPal Button', 'PayPal Form', 'UTF-8', 'Wangsu', 'Website Tonight', 'YouTube']"
gbtmarineconservation.llc,GBT Marine Conservation,,,55,3448,2026-09-11T05:21:31.800878916Z,"['Alternate Protocol', 'Facebook Conversion Tracking', 'Facebook Login', 'Facebook Messenger Platform', 'Facebook Pixel', 'Facebook Reseller', 'Facebook Tag API', 'GitHub Hosting', 'GoDaddy', 'Google', 'Google Analytics', 'Google Cloud DNS', 'Google Font API', 'Google My Business', 'Google Tag Manager', 'Line2', 'PWA', 'PayPal Adaptive Payments', 'PayPal Button', 'PayPal Form', 'UTF-8', 'Wangsu', 'Website Tonight']"
homeopet.com.au,HomeoPet and HomeoVet solutions for common conditions in all animals – HomeoPet Australia,HomeoPet Australia ,,67,28296,2026-09-11T05:06:52.83579081Z,"['AJAX Libraries API', 'AWS WAF Challenge', 'Amazon', 'Apture Linking Platform', 'Baidu Cloud', 'Cloudflare', 'Cloudflare CDN', 'Google Cloud DNS', 'Google Font API', 'Google Related Website Sites', 'Instagram Follow Button', 'Investor Relations', 'Microdata for Google Shopping', 'NFOrce Internet', 'PayPal', 'QUIC', 'Shifter', 'Shopify', 'Shopify Collabs', 'Thank You', 'UTF-8', 'Underscores', 'Yandex Hosting', 'hCaptcha', 'jQuery', 'reCAPTCHA']"
karamasahara.org,Karama Sahara | Karama Sahara Organization,,VEN,65,24235,2026-09-11T04:58:23.527053397Z,"['501c3 Status Nonprofit', 'AWS WAF Challenge', 'Alternate Protocol', 'Cisco/Arrowpoint Content Service Switch', 'Cloudflare', 'Cloudflare CDN', 'Divi', 'Elegant Themes', 'EmbedPress', 'Google', 'Google Analytics', 'Google Cloud DNS', 'Google Font API', 'Google My Business', 'Google Tag Manager', 'Instagram Follow Button', 'Monarch Social Sharing Plugin For WordPress', 'MonsterInsights', 'PHP', 'PayPal Adaptive Payments', 'Theme In WP', 'Twitter Ads', 'UTF-8', 'University or College', 'Woo Themes', 'WordPress', 'WordPress Multisite', 'YouTube', 'jQuery', 'reCAPTCHA']"
usakiltstore.com,"USA Kilt Store offers Celtic, Irish, Scottish, & Scottish Kilts, Sporrans, Pins and Packages.",,,52,126554,2026-09-11T04:51:01.072916011Z,"['AWS WAF Challenge', 'Adobe Analytics', 'Adobe Marketing Cloud', 'Braintree', 'Cloudflare', 'Cloudflare CDN', 'DAV', 'DemDex', 'DoubleClick Bid Manager', 'ElementUI', 'Express', 'Facebook Reseller', 'Font Awesome', 'Google', 'Google Analytics', 'Google Cloud CDN', 'Google Cloud DNS', 'Google Font API', 'Google Maps', 'Google My Business', 'Google Recommendations AI', 'Google Related Website Sites', 'Google Tag Manager', 'Instagram Follow Button', 'Klarna', 'Magento', 'Magento Enterprise', 'Nginx', 'Ntent', 'PayPal Adaptive Payments', 'QUIC', 'Stripe', 'Twitter Ads', 'UTF-8', 'Vimeo', 'Vimeo CDN', 'Way', 'Wirecard', 'YouTube', 'Zoho SalesIQ', 'reCAPTCHA']"
mysocialworx.com,SOCIALWORX System,,,62,18740,2026-09-11T04:51:01.066045851Z,"['Alternate Protocol', 'Apture Linking Platform', 'Authorize.net', 'Cloudflare', 'Cloudflare Web Analytics', 'Content Delivery Network', 'Fireblade', 'Google', 'Google Cloud CDN', 'Google Cloud DNS', 'Google Cloud Storage', 'Google Font API', 'Nuxt.js', 'PayPal', 'UTF-8', 'shadcn ui']"
hoverboardpro.co.uk,Buy Hoverboards & Bluetooth Hoverboard Scooters in the UK,Hoverboardpro,GBR,87,26035,2026-09-11T04:37:31.472738133Z,"['3 Products', 'AWS WAF Challenge', 'Alternate Protocol', 'Apture Linking Platform', 'Cloudflare', 'Cloudflare CDN', 'Contact Form Plugin', 'Content Delivery Network', 'DuracellTomi Google Tag Manager for WordPress', 'Elementor', 'EmbedPress', 'Express', 'Facebook Customer Chat SDK', 'Facebook Login', 'Facebook Reseller', 'Google', 'Google Analytics', 'Google My Business', 'Google Pay', 'Google Related Website Sites', 'Google Tag Manager', 'LiteSpeed', 'MailChimp for WordPress', 'Microdata for Google Shopping', 'NFOrce Internet', 'Oddle', 'PHP', 'Pagekit', 'PayPal', 'Pico CSS', 'Prime Slide for Elementor', 'QUIC', 'Theme In WP', 'TrustIndex', 'Trustpilot Reviews for WordPress', 'UTF-8', 'Woo Themes', 'WooCommerce', 'WooCommerce Checkout', 'WordPress', 'WordPress Multisite', 'XStore', 'hCaptcha', 'jQuery']"
soprofab.com,Custom Metal Fabrication CNC Plasma Cutting | Soprofab.com | United States,Southern Procision Fabrication LLC,USA,87,134828,2026-09-11T04:37:31.446775864Z,"['Alternate Protocol', 'Amazon WAF Blocked', 'Apture Linking Platform', 'Better Lead Generation Services', 'Content Delivery Network', 'Express', 'Fastly', 'Fastly CDN', 'GZIP Module', 'Google My Business', 'Google Related Website Sites', 'K2F', 'KVH', 'Microdata for Google Shopping', 'NFOrce Internet', 'PWA', 'PayPal Adaptive Payments', 'Perl', 'QUIC', 'SMC', 'Seflow Italy', 'Sentry', 'SiteW', 'Subversion', 'UTF-8', 'Vector Internet Services', 'Wix', 'Wix Media', 'eLand', 'mlcom']"
majestaet.com,"Majestaet - Timeless Elegance, Athens to World.",,USA,72,385200,2026-09-11T04:29:30.548806398Z,"['AddThis for Wordpress', 'Adobe Analytics', 'Adobe Marketing Cloud', 'Amazon', 'Braintree', 'Cloudflare', 'Cloudflare CDN', 'Content Delivery Network', 'DemDex', 'DoubleClick Bid Manager', 'Express', 'Facebook CDN', 'Facebook Conversion Tracking', 'Facebook Login', 'Facebook Messenger Platform', 'Facebook Pixel', 'Facebook Reseller', 'Facebook Tag API', 'GZIP Module', 'Google', 'Google Analytics', 'Google Cloud CDN', 'Google Cloud DNS', 'Google Font API', 'Google Maps', 'Google My Business', 'Google Related Website Sites', 'Google Tag Manager', 'Instagram Follow Button', 'LiteSpeed', 'Magento', 'Magento Enterprise', 'MailChimp', 'PHP', 'Parallels Plesk Panel', 'PayPal Adaptive Payments', 'QUIC', 'Storyblocks', 'UTF-8', 'Vimeo', 'Vimeo CDN', 'Way', 'Wirecard', 'YouTube', 'jsDelivr', 'reCAPTCHA']"
adddetail.com,HIU Services & Repairs in London | Add Detail,,GBR,77,3304,2026-09-11T04:29:30.54081618Z,"['Alternate Protocol', 'Better Lead Generation Services', 'EmbedPress', 'GZIP Module', 'Google Analytics', 'Google Conversion Tracking', 'Google My Business', 'Google Tag Manager', 'IcoMoon', 'Instagram Follow Button', 'LiteSpeed', 'Microdata for Google Shopping', 'Nginx', 'PHP', 'Parallels Plesk Panel', 'PayPal Adaptive Payments', 'QUIC', 'Tailwind CSS', 'TrustIndex', 'Twitter Ads', 'UTF-8', 'W3 Total Cache', 'WhatsApp Sharing', 'WordPress', 'WordPress Multisite', 'Yell Business', 'YouTube', 'jQuery', 'reCAPTCHA']"
genuineguidance.com,"Genuine Guidance ⋆ Horary, Predictive and Natal Astrology",Genuine Guidance,GBR,82,9407,2026-09-11T04:21:09.561830679Z,"['Alternate Protocol', 'Apache', 'Automattic', 'EmbedPress', 'Facebook Login', 'Facebook Messenger Platform', 'Facebook Reseller', 'GZIP Module', 'Google Cloud DNS', 'Google Font API', 'Google Related Website Sites', 'Jetpack', 'Lazy Load for WordPress', 'Negate', 'PHP', 'PayPal Adaptive Payments', 'PayPal Button', 'PayPal Form', 'QUIC', 'Sapper', 'Share Link', 'Tawk', 'Theme In WP', 'Twitter Ads', 'UTF-8', 'WP Super Cache', 'WordPress', 'WordPress Multisite', 'WordPress Stats', 'jQuery']"
allwnytrivia.com,Trivia – All WNY,,,45,275,2026-09-11T04:05:22.102568167Z,"['Alternate Protocol', 'Bulma', 'Content Delivery Network', 'EmbedPress', 'Font Awesome', 'FreeCSSTemplates', 'GZIP Module', 'Google Adsense', 'Google Analytics', 'Google Analytics with Ad Tracking', 'Google Calendar', 'Google Cloud DNS', 'Google Font API', 'Google Forms', 'Google Funding Choices', 'Google Matched Content', 'Google My Business', 'Google Reseller', 'Google Tag Manager', 'Google Workspace', 'Instagram Follow Button', 'Newsup', 'Nginx', 'PHP', 'PayPal Adaptive Payments', 'Pleroma', 'Sassy Social Share', 'Share Link', 'Telegram', 'Theme In WP', 'Twitter Ads', 'UTF-8', 'WP Advanced Ads', 'WP Statistics', 'WhatsApp Sharing', 'WordPress', 'WordPress Ad Manager and AdSense Ads', 'WordPress Multisite', 'YouTube', 'jQuery']"
ameandfon.com,Ame and Fon Faith Store – ameandfon,,,60,9444,2026-09-11T04:05:22.097737733Z,"['Alternate Protocol', 'Apture Linking Platform', 'Baidu Cloud', 'Cloudflare', 'Cloudflare CDN', 'Express', 'Fastly', 'Fireblade', 'Google My Business', 'Google Related Website Sites', 'IcoMoon', 'Instagram Follow Button', 'Klaviyo', 'Microdata for Google Shopping', 'PayPal', 'QUIC', 'Rackspace CDN', 'Schema Plugin', 'Shopify', 'Shopify Collabs', 'Shopify Payments', 'Tailwind CSS', 'UTF-8', 'Yandex Hosting', 'hCaptcha', 'reCAPTCHA']"
teamclvlnd.org,TeamCLVLND,,USA,45,3283,2026-09-11T03:56:57.63151027Z,"['Apache', 'Express', 'GitHub Hosting', 'GoDaddy', 'Google', 'Google Cloud DNS', 'Google Font API', 'Google My Business', 'PWA', 'PayPal Adaptive Payments', 'PayPal Button', 'PayPal Form', 'UTF-8', 'Wangsu', 'Website Tonight', 'eLand']"
blkdrm.com,Black Dream | The Art of Getting Money Together,,,50,3746,2026-09-11T03:43:46.121624804Z,"['Alternate Protocol', 'Apture Linking Platform', 'Cisco/Arrowpoint Content Service Switch', 'DAV', 'Divi', 'Elegant Themes', 'EmbedPress', 'Express', 'GZIP Module', 'Google Cloud DNS', 'Google Font API', 'Instagram Follow Button', 'Jetpack', 'Line2', 'NFOrce Internet', 'Nginx', 'PHP', 'PayPal', 'Perl', 'QUIC', 'RM Education', 'Theme In WP', 'UTF-8', 'Vercel', 'Woo Themes', 'WooCommerce', 'WooCommerce Checkout', 'WooCommerce Payments', 'WordPress', 'WordPress Multisite', 'eLand', 'jQuery']"
mcmichaelbands.org,McMichael High School Bands,McMichael High School Bands,USA,60,541,2026-09-11T03:31:55.48779162Z,"['Adobe Creative Cloud WebFonts', 'Aruba', 'Express', 'GZIP Module', 'Line2', 'Microdata for Google Shopping', 'PayPal Adaptive Payments', 'PayPal Button', 'PayPal Form', 'QUIC', 'SiteW', 'Squarespace', 'Tailwind CSS', 'UTF-8', 'WordPress SEO Structured Data Schema Plugin', 'eLand']"
thepowerofthree.ca,Power of Three,,CAN,67,18312,2026-09-11T03:25:27.636861808Z,"['DAV', 'GoDaddy', 'Google', 'Google Cloud DNS', 'Google Font API', 'Google My Business', 'Google Tag Manager', 'InitiativeS', 'Line2', 'PWA', 'PayPal Adaptive Payments', 'PayPal Button', 'PayPal Form', 'UTF-8', 'Wangsu', 'Website Tonight', 'YouTube']"
bestphotoposters.com,"Photo posters, canvas prints, picture framing - Stunning quality!",,GBR,87,396579,2026-09-11T03:25:27.624662559Z,"['Adobe Analytics', 'Adobe Marketing Cloud', 'Apture Linking Platform', 'Braintree', 'CDN JS', 'Cloudflare', 'Cloudflare CDN', 'DemDex', 'DoubleClick Bid Manager', 'Express', 'Font Awesome', 'FreeCSSTemplates', 'Google', 'Google Analytics', 'Google Cloud CDN', 'Google Cloud DNS', 'Google Font API', 'Google Maps', 'Google My Business', 'Google Recommendations AI', 'Google Tag Manager', 'Instagram Follow Button', 'Magento', 'Magento Enterprise', 'Microdata for Google Shopping', 'Nginx', 'PHP', 'Parallels Plesk Panel', 'PayPal Adaptive Payments', 'QUIC', 'Twitter Ads', 'UTF-8', 'Vimeo', 'Vimeo CDN', 'Way', 'Wirecard', 'YouTube', 'reCAPTCHA']"
exton.se,Exton Linux | Live Systems – About all Exton Linux distributions,,,60,,2026-09-11T03:12:04.795478096Z,"['Alternate Protocol', 'Apache', 'EmbedPress', 'Fonts Plugin', 'GZIP Module', 'Google Analytics', 'Google My Business', 'Google Tag Manager', 'MonsterInsights', 'PHP', 'PayPal Adaptive Payments', 'PayPal Button', 'PayPal Form', 'ProfilePress', 'Theme In WP', 'UTF-8', 'Woo Themes', 'WordPress', 'WordPress Multisite', 'jQuery']"
thesprings1.org,Home,The Springs Church,ZAF,62,132108,2026-09-11T02:58:10.701597098Z,"['Alternate Protocol', 'Amazon WAF Blocked', 'Apture Linking Platform', 'Content Delivery Network', 'Express', 'Fastly', 'Fastly CDN', 'GZIP Module', 'K2F', 'KVH', 'Microdata for Google Shopping', 'NFOrce Internet', 'PWA', 'PayPal Adaptive Payments', 'QUIC', 'SMC', 'Sentry', 'SiteW', 'Subversion', 'UTF-8', 'Vector Internet Services', 'Wix', 'Wix Media', 'YouTube', 'mlcom']"
airportlimotaxis.ca,Airport Limo | Toronto Airport Limo | 416 834 0545 | Limo To Airports & Beyond,Airport Limo,AUS,92,53883,2026-09-11T02:58:10.637635998Z,"['Alternate Protocol', 'Apture Linking Platform', 'CDN JS', 'Cloudflare', 'Cloudflare CDN', 'Contact Form Plugin', 'Content Delivery Network', 'Elementor', 'EmbedPress', 'Essential Addons for Elementor', 'Express', 'Facebook Login', 'Facebook Messenger Platform', 'Facebook Reseller', 'Gambling Content', 'Google Cloud DNS', 'Google Maps', 'Google Related Website Sites', 'Header, Footer and Blocks for Elementor', 'Jeg Elementor Kit', 'JetElements', 'LiteSpeed', 'Microdata for Google Shopping', 'NFOrce Internet', 'Ntent', 'PHP', 'PayPal', 'QuadLayers', 'SMC', 'SiteOrigin', 'Sydney Theme', 'Theme In WP', 'TrustIndex', 'Twitter Ads', 'UTF-8', 'University or College', 'WPForms', 'Woo Themes', 'WooCommerce', 'WooCommerce Checkout', 'WordPress', 'WordPress Multisite', 'jQuery', 'jsDelivr']"
homestretchsports.com,Home Stretch Sports,Home Stretch Sports,,80,18120,2026-09-11T02:22:43.168047983Z,"['Alternate Protocol', 'Gambling Content', 'GoDaddy', 'Google', 'Google Analytics', 'Google Cloud DNS', 'Google Font API', 'Google My Business', 'Google Tag Manager', 'Microdata for Google Shopping', 'PWA', 'PayPal Adaptive Payments', 'PayPal Button', 'PayPal Form', 'UTF-8', 'Wangsu', 'Website Tonight']"
icihaguenau.fr,"Ici Haguenau - chercher, trouver, contacter !",,,77,1240,2026-09-11T02:22:43.132301202Z,"['Amazon WAF Blocked', 'Apture Linking Platform', 'Bulma', 'Google Cloud DNS', 'Google Font API', 'Google My Business', 'PHP', 'PayPal Adaptive Payments', 'UTF-8', 'reCAPTCHA']"
ocusoft.com,OCuSOFT,,USA,60,109526,2026-09-11T01:31:21.700717648Z,"['Adobe Analytics', 'Adobe Marketing Cloud', 'Amazon WAF Blocked', 'Apture Linking Platform', 'Braintree', 'Cloudflare', 'Cloudflare CDN', 'Content Delivery Network', 'DemDex', 'DoubleClick Bid Manager', 'Express', 'Fastly', 'Fireblade', 'Font Awesome', 'GetResponse', 'GitHub Hosting', 'Google', 'Google Analytics', 'Google Cloud CDN', 'Google Cloud DNS', 'Google Font API', 'Google Maps', 'Google My Business', 'Google Recommendations AI', 'Google Tag Manager', 'IcoMoon', 'Instagram Follow Button', 'Klarna', 'Magento', 'New Relic', 'PayPal Adaptive Payments', 'QUIC', 'ShareThis', 'Stripe', 'Twitter Ads', 'UTF-8', 'Vimeo', 'Vimeo CDN', 'Way', 'YouTube', 'reCAPTCHA']"
righteousguide.org,HOME | righteousguide,Righteous Guide Ministry,,50,32496,2026-09-11T01:31:21.694418557Z,"['Amazon WAF Blocked', 'Apture Linking Platform', 'Content Delivery Network', 'DAV', 'DC74', 'Fastly', 'Fastly CDN', 'GZIP Module', 'K2F', 'Microdata for Google Shopping', 'NFOrce Internet', 'PWA', 'PayPal Adaptive Payments', 'QUIC', 'SMC', 'Sentry', 'SiteW', 'Subversion', 'UTF-8', 'Vector Internet Services', 'Wix', 'Wix Media', 'mlcom']"
riverside-coc.org,Riverside Church of Christ,Riverside Church of Christ,GBR,92,2213,2026-09-11T01:16:02.7271587Z,"['Adobe Creative Cloud WebFonts', 'Aplos Church', 'Aruba', 'Express', 'GZIP Module', 'Google My Business', 'Line2', 'Microdata for Google Shopping', 'PayPal Adaptive Payments', 'QUIC', 'Squarespace', 'UTF-8', 'WordPress SEO Structured Data Schema Plugin', 'YouTube', 'eLand']"
afghanhoundpedigrees.com,Afghan Hound Pedigree Database - Afghan Hound Pedigree Database,,,67,11827,2026-09-11T00:49:12.15719988Z,"['AutoComplete', 'CDN JS', 'Cloudflare', 'Cloudflare CDN', 'Font Awesome', 'GZIP Module', 'Google', 'Google Cloud DNS', 'Google Font API', 'Google My Business', 'Matomo', 'Matomo Tag Manager', 'Nginx', 'PHP', 'PayPal Adaptive Payments', 'Prospective', 'Tailwind CSS', 'UTF-8', 'jsDelivr']"
kenyanflies.com,Home | Kenyan Flies,,KEN,77,459,2026-09-11T00:31:10.329198322Z,"['Content Delivery Network', 'DAV', 'Drupal', 'Elfsight', 'Font Awesome', 'Google Analytics', 'Google Tag Manager', 'Instagram Follow Button', 'PayPal Adaptive Payments', 'QUIC', 'Squid', 'Twitter Ads', 'UTF-8', 'WhatsApp Sharing']"
virabusters.com,"House Cleaner in Pittsburgh, PA | ViraBusters",ViraBusters,USA,77,5848,2026-09-11T00:12:51.545343477Z,"['Cloudflare', 'GZIP Module', 'Google', 'Google Analytics', 'Google Cloud DNS', 'Google Font API', 'Google Maps', 'Google My Business', 'Google Related Website Sites', 'Google Tag Manager', 'Microdata for Google Shopping', 'NFOrce Internet', 'Neighborhoods', 'Oddle', 'PayPal Adaptive Payments', 'QUIC', 'Tailwind CSS', 'Thank You', 'UTF-8', 'shadcn ui']"
olganws.com,HOME | Olga NWS,Olga Neighborhood Wellness Services,USA,70,104583,2026-09-11T00:06:49.243694794Z,"['AWS WAF Challenge', 'Amazon WAF Blocked', 'Apture Linking Platform', 'Content Delivery Network', 'DAV', 'Express', 'Fastly', 'Fastly CDN', 'GZIP Module', 'Microdata for Google Shopping', 'NFOrce Internet', 'POWr', 'PWA', 'PayPal Adaptive Payments', 'Perl', 'QUIC', 'SMC', 'Seflow Italy', 'Sentry', 'SiteW', 'Thank You', 'UTF-8', 'Vector Internet Services', 'WP Booking Calendar', 'Wix', 'Wix Media', 'eLand', 'mlcom']"
