domain,title,business_name,country,seo_score,tech_spend,crawled_at,technologies
mgtransformadores.com.mx,Home - mgtransformadores.com.mx,mgtransformadores.com.mx,MEX,82,687,2026-09-13T17:34:46.887918735Z,"['Alternate Protocol', 'Content Delivery Network', 'Elementor', 'EmbedPress', 'Google Cloud DNS', 'Google Font API', 'Hello Elementor', 'LiteSpeed', 'Microdata for Google Shopping', 'PHP', 'Sitelinks Search Box', 'Table Addons for Elementor', 'Theme In WP', 'UTF-8', 'WPForms', 'WordPress', 'WordPress Multisite', 'jQuery']"
coolchilluae.com,Cool Chill General Contracting and maintenance LLC,,,60,162,2026-09-13T17:34:46.880809624Z,"['Alternate Protocol', 'Astra Theme', 'Content Delivery Network', 'Elementor', 'EmbedPress', 'Google', 'Google Cloud CDN', 'Google Cloud DNS', 'Google Font API', 'Instagram Follow Button', 'LiteSpeed', 'PHP', 'Theme In WP', 'Twitter Ads', 'UTF-8', 'WPForms', 'Woo Themes', 'WordPress', 'WordPress Multisite', 'WordPress Related Posts', 'jQuery']"
agileindustry.in,Home - Agile Industrial Solution PVT LTD,Agile Industrial Solution PVT LTD Agile Industry Solutions PVT LTD,IND,82,2009,2026-09-13T17:34:46.864863682Z,"['Alternate Protocol', 'Apture Linking Platform', 'Cloudflare', 'Content Delivery Network', 'EmbedPress', 'Font Awesome', 'Google Cloud DNS', 'Google Font API', 'Google Related Website Sites', 'IcoMoon', 'LiteSpeed', 'Microdata for Google Shopping', 'One Designs', 'OnePress', 'PHP', 'SiteOrigin', 'SiteOrigin Panels', 'Sitelinks Search Box', 'Thank You', 'Theme In WP', 'UTF-8', 'WPForms', 'WordPress', 'WordPress Multisite', 'jQuery', 'shadcn ui']"
kwschambers.com,KWS Chambers – Exceptional Commercial Chambers: Proficient in Both Domestic and International Law,,GBR,70,58620,2026-09-13T17:34:46.859665817Z,"['AWS WAF Challenge', 'Alternate Protocol', 'Beaver Builder Lite', 'Cloudflare', 'Cloudflare CDN', 'Content Delivery Network', 'Contento', 'EmbedPress', 'GoDaddy', 'Google', 'Google Cloud DNS', 'Google Font API', 'Google My Business', 'Microdata for Google Shopping', 'PHP', 'Schema Plugin', 'Theme In WP', 'UTF-8', 'WPForms', 'Wangsu', 'WordPress', 'WordPress Multisite', 'jQuery']"
vidanovaphuket.com,Vida Nova Phuket - The best rated restaurant in Phuket,Vida Nova Phuket,THA,82,746,2026-09-13T17:34:46.854535495Z,"['Alternate Protocol', 'Cloudflare', 'Content Delivery Network', 'DuracellTomi Google Tag Manager for WordPress', 'Elementor', 'EmbedPress', 'Google Analytics', 'Google Maps', 'Google My Business', 'Google Tag Manager', 'Hello Elementor', 'Instagram Follow Button', 'LiteSpeed', 'Microdata for Google Shopping', 'PHP', 'Theme In WP', 'UTF-8', 'WPForms', 'WPML Multilingual', 'WordPress', 'WordPress Multisite', 'jQuery']"
superior-railing.com,"Superior-Railing – installing deck,patio,stair,porch railing",,USA,75,5174,2026-09-13T17:34:46.840390423Z,"['Alternate Protocol', 'Astra Theme', 'Automattic', 'BatCache', 'Cloudflare', 'Content Delivery Network', 'Elementor', 'EmbedPress', 'Fastly', 'GZIP Module', 'Google Maps', 'Google My Business', 'Jetpack', 'Jetpack Site Accelerator', 'LiteSpeed', 'NFOrce Internet', 'Nginx', 'PHP', 'QUIC', 'Theme In WP', 'UTF-8', 'WPForms', 'Woo Themes', 'WordPress', 'WordPress Multisite', 'WordPress Related Posts', 'eLand', 'jQuery']"
hengjinrui.com,"Hengjinrui – Professional Lifting Equipment Supplier | Scissor Lifts, Aerial Platforms, Material Handling Solutions",,CHN,82,20398,2026-09-13T17:34:46.8385483Z,"['AWS WAF Challenge', 'Alternate Protocol', 'Better Lead Generation Services', 'Cloudflare', 'Cloudflare CDN', 'Contact Form Plugin', 'Content Delivery Network', 'Elementor', 'ElementsKit Elementor', 'EmbedPress', 'Facebook Conversion Tracking', 'Facebook Login', 'Facebook Messenger Platform', 'Facebook Pixel', 'Facebook Reseller', 'Facebook Tag API', 'FreeCSSTemplates', 'Google', 'Google Analytics', 'Google Conversion Tracking', 'Google My Business', 'Google Tag Manager', 'Header, Footer and Blocks for Elementor', 'Instagram Follow Button', 'LiteSpeed', 'Meta Slider for WordPress', 'Microdata for Google Shopping', 'NFOrce Internet', 'OceanWP', 'PHP', 'Popup Maker for Wordpress', 'QUIC', 'Site Kit', 'Sitelinks Search Box', 'TablePress', 'Tailwind CSS', 'Theme In WP', 'TranslatePress', 'UTF-8', 'WP Mobile Menu', 'WPForms', 'Woo Themes', 'WooCommerce Checkout', 'WordPress', 'WordPress Multisite', 'jQuery']"
thecobe.co.uk,Centre of Behavioural Equality,,GBR,70,28027,2026-09-13T17:34:46.830351021Z,"['AWS WAF Challenge', 'Alternate Protocol', 'Cloudflare', 'Cloudflare CDN', 'CoBlocks', 'Content Delivery Network', 'EmbedPress', 'GZIP Module', 'GenerateBlocks', 'GoDaddy', 'Google', 'Google Analytics', 'Google Cloud DNS', 'Google Font API', 'Google My Business', 'Google Tag Manager', 'HubSpot WordPress Plugin', 'Nginx', 'PHP', 'QUIC', 'Site Kit', 'Theme In WP', 'UTF-8', 'University or College', 'WPForms', 'WordPress', 'WordPress Multisite', 'jQuery']"
salonecho.com,Salon Echo – Chicago's Botanic and Organic Spa,,USA,67,11535,2026-09-13T17:25:09.344452656Z,"['Alternate Protocol', 'Apache', 'BLR', 'CleanTalk Spam Protect', 'EmbedPress', 'GZIP Module', 'Google Analytics', 'Google Cloud DNS', 'Google Font API', 'Google Maps', 'Google My Business', 'Google Tag Manager', 'Instagram Feed for WordPress', 'Instagram Follow Button', 'PHP', 'Simple Social Icons', 'StudioPress', 'Theme In WP', 'Tumblr', 'Twitter Ads', 'UTF-8', 'WPForms', 'WordPress', 'WordPress Multisite', 'jQuery']"
brittsaestheticjournal.com,Britt's Aesthetic Journal – Your Guide to the Glass Skin Club,,,55,162,2026-09-13T17:25:09.343081151Z,"['Alternate Protocol', 'Astra Theme', 'Elementor', 'EmbedPress', 'Google', 'Google Cloud CDN', 'Google Cloud DNS', 'Google Font API', 'Header, Footer and Blocks for Elementor', 'LiteSpeed', 'PHP', 'The Post Grid', 'Theme In WP', 'UTF-8', 'University or College', 'WPForms', 'Woo Themes', 'WordPress', 'WordPress Multisite', 'WordPress Related Posts', 'jQuery']"
gloryinks.com,Home Page - Glory Inks,,IND,75,34003,2026-09-13T17:25:09.340046187Z,"['Alternate Protocol', 'Better Lead Generation Services', 'Cloudflare', 'Contact Form Plugin', 'Content Delivery Network', 'Elementor', 'EmbedPress', 'Etilize', 'GoDaddy', 'Google', 'Google Cloud CDN', 'Google Cloud DNS', 'Google Font API', 'Jetpack', 'Microdata for Google Shopping', 'PHP', 'Slider Revolution', 'Theme In WP', 'UTF-8', 'WPForms', 'Wangsu', 'Woo Themes', 'WooCommerce', 'WooCommerce Checkout', 'WordPress', 'WordPress Multisite', 'WordPress Stats', 'YouTube', 'jQuery']"
telesightmagnifiers.com,"Reading Magnifiers-Hand Held and Hands Free,",Magnifier &amp; Telesight Magnifiers,GBR,77,22801,2026-09-13T17:25:09.336055966Z,"['AWS WAF Challenge', 'Alternate Protocol', 'Automattic', 'CDN JS', 'Cloudflare', 'Cloudflare CDN', 'Contact Form Plugin', 'Elementor', 'EmbedPress', 'FreeCSSTemplates', 'GZIP Module', 'Google', 'Google Analytics', 'Google Cloud DNS', 'Google Font API', 'Google My Business', 'Google Related Website Sites', 'Google Tag Manager', 'Interchange', 'Jetpack', 'Lazy Load for WordPress', 'Microdata for Google Shopping', 'NFOrce Internet', 'Nginx', 'PHP', 'Rate my Post', 'TablePress', 'Theme In WP', 'Twenty Twenty-One', 'UTF-8', 'WP Responsive Menu', 'WPForms', 'Woo Themes', 'WooCommerce', 'WooCommerce Checkout', 'WooCommerce Payments', 'WooCommerce Pixel Manager by woopt', 'WordPress', 'WordPress Multisite', 'WordPress Stats', 'jQuery', 'jsDelivr', 'reCAPTCHA']"
consolataschoolkiambu.co.ke,Consolata School-Kiambu,,KEN,65,3166,2026-09-13T17:25:09.333329329Z,"['Alternate Protocol', 'Apache', 'CDN JS', 'Cloudflare', 'Cloudflare CDN', 'Elementor', 'EmbedPress', 'FreeCSSTemplates', 'Google', 'Google Cloud CDN', 'Google Cloud DNS', 'Google Font API', 'PHP', 'Recent Posts Widget With Thumbnails', 'TablePress', 'Tawk', 'Theme In WP', 'UTF-8', 'University or College', 'WPForms', 'WPFront Scroll Top', 'Woo Themes', 'WooCommerce', 'WooCommerce Checkout', 'WordPress', 'WordPress Multisite', 'jQuery']"
designercontracts.com,Designer Contracts – The UK’s largest flooring contractor,,,62,52310,2026-09-13T17:25:09.332741764Z,"['AWS WAF Challenge', 'Alternate Protocol', 'Ametys', 'Apache', 'Cloudflare', 'Cloudflare CDN', 'EmbedPress', 'Facebook Login', 'Facebook Messenger Platform', 'Facebook Reseller', 'Google', 'Google My Business', 'PHP', 'Pardot', 'ThemeFusion', 'UTF-8', 'Vimeo', 'WPForms', 'WordPress', 'WordPress Multisite', 'YouTube', 'jQuery', 'reCAPTCHA']"
lskdezigns.com,HOME - Lauren S. Klepacki | LSKDEZIGNS,LSKDEZIGNS,,57,357,2026-09-13T17:25:09.326909366Z,"['Alternate Protocol', 'Apache', 'Contact Form Plugin', 'Elementor', 'EmbedPress', 'FastClick', 'Google', 'Google Cloud CDN', 'Google Cloud DNS', 'Google Font API', 'IcoMoon', 'Instagram Follow Button', 'Microdata for Google Shopping', 'PHP', 'Sitelinks Search Box', 'Slider Revolution', 'Theme In WP', 'UTF-8', 'WPForms', 'WordPress', 'WordPress Multisite', 'jQuery']"
production-sources.com,Production Sources Pakistan – Your Source for Production in Pakistan,,PAK,70,18052,2026-09-13T17:14:25.530779702Z,"['Alternate Protocol', 'Apture Linking Platform', 'EWWW Image Optimizer', 'Elementor', 'ElementsKit Elementor', 'EmbedPress', 'Fireblade', 'Formidable Pro Form', 'GZIP Module', 'Google Analytics', 'Google Cloud DNS', 'Google Font API', 'Google My Business', 'Google Tag Manager', 'Header, Footer and Blocks for Elementor', 'LiteSpeed', 'NFOrce Internet', 'Newsletter for Wordpress', 'Ntent', 'OceanWP', 'PHP', 'Perl', 'QUIC', 'Sign In With Google', 'Tailwind CSS', 'Theme In WP', 'UTF-8', 'WP Mobile Menu', 'WPForms', 'Woo Themes', 'WooCommerce Checkout', 'WordPress', 'WordPress Multisite', 'jQuery']"
appliancer.ca,Appliance Repair Expert - 30 + Year Experience - Appliancer,Appliancer,CAN,82,18819,2026-09-13T17:14:25.529326292Z,"['AWS WAF Challenge', 'Alternate Protocol', 'CDN JS', 'Cloudflare', 'Cloudflare CDN', 'Content Delivery Network', 'Easy Accordio', 'EmbedPress', 'Font Awesome', 'GZIP Module', 'Google', 'Google Adsense', 'Google Analytics', 'Google Cloud DNS', 'Google Font API', 'Google Funding Choices', 'Google Matched Content', 'Google My Business', 'Google Related Website Sites', 'Google Reseller', 'Google Tag Manager', 'LiteSpeed', 'Microdata for Google Shopping', 'PHP', 'QUIC', 'Site Kit', 'Tailwind CSS', 'Theme In WP', 'UTF-8', 'WPForms', 'WordPress', 'WordPress Multisite', 'jQuery']"
zhigaozim.com,Zhigao Machinery,,ZWE,60,3220,2026-09-13T17:06:33.88774519Z,"['Alternate Protocol', 'Apache', 'Elementor', 'EmbedPress', 'GZIP Module', 'Instagram Follow Button', 'OceanWP', 'PHP', 'Tailwind CSS', 'Theme In WP', 'UTF-8', 'WP Mobile Menu', 'WPForms', 'Wangsu', 'Woo Themes', 'WooCommerce Checkout', 'WordPress', 'WordPress Multisite', 'jQuery']"
goldenvalleyconstruction.com,Sacramento General Contractor | Golden Valley Construction,Golden Valley Construction,USA,77,34666,2026-09-13T17:06:33.861607201Z,"['AWS WAF Challenge', 'Alternate Protocol', 'Apache', 'Cloudflare', 'Cloudflare CDN', 'Contact Form Plugin', 'DAV', 'Elementor', 'EmbedPress', 'GZIP Module', 'Google', 'Google Cloud DNS', 'Google Font API', 'Google My Business', 'Header, Footer and Blocks for Elementor', 'Microdata for Google Shopping', 'NFOrce Internet', 'PHP', 'Sitelinks Search Box', 'Theme In WP', 'UTF-8', 'WPForms', 'Wangsu', 'Woo Themes', 'WordPress', 'WordPress Multisite', 'Yelp Badge', 'jQuery']"
candidclicks.net,CandidClicks,,IND,60,102,2026-09-13T17:06:33.86020596Z,"['Alternate Protocol', 'Astra Theme', 'Content Delivery Network', 'Elementor', 'EmbedPress', 'Essential Addons for Elementor', 'Fancybox for WordPress', 'Google Cloud DNS', 'Google Font API', 'Instagram Follow Button', 'LiteSpeed', 'Microdata for Google Shopping', 'PHP', 'Theme In WP', 'UTF-8', 'WPForms', 'WhatsApp Sharing', 'Woo Themes', 'WordPress', 'WordPress Multisite', 'WordPress Related Posts', 'jQuery']"
laminker.ro,Főoldal - Laminker - Egyedi bútorgyártás Székelykeresztúr városában,Laminker,,67,860,2026-09-13T17:06:33.848181475Z,"['Alternate Protocol', 'Apache', 'Astra Theme', 'Elementor', 'EmbedPress', 'Google Cloud DNS', 'Google Font API', 'Google Maps', 'Google My Business', 'Microdata for Google Shopping', 'PHP', 'Theme In WP', 'UTF-8', 'WPForms', 'Woo Themes', 'WordPress', 'WordPress Multisite', 'WordPress Related Posts', 'jQuery']"
mexico70.co.uk,Down Mexico Way – the story of the people who experienced the World Cup in Mexico in 1970,,PHL,77,2685,2026-09-13T17:06:33.845729341Z,"['Alternate Protocol', 'Content Delivery Network', 'DAV', 'Elementor', 'EmbedPress', 'Google Analytics', 'Google My Business', 'Google Tag Manager', 'Line2', 'LiteSpeed', 'PHP', 'PWA', 'QUIC', 'QUIC.cloud', 'Responsive', 'Twitter Ads', 'UTF-8', 'WPForms', 'Woo Themes', 'WooCommerce Checkout', 'WordPress', 'WordPress Multisite', 'WordPress Related Posts', 'reCAPTCHA']"
globelinkshipping.ca,Globelink Shipping Canada Inc.,,IND,65,48260,2026-09-13T17:06:33.839801761Z,"['Alternate Protocol', 'Astra Theme', 'Better Lead Generation Services', 'CCSI', 'Cloudflare', 'Elementor', 'EmbedPress', 'Google', 'Google Adsense', 'Google Cloud CDN', 'Google Cloud DNS', 'Google Font API', 'Google Funding Choices', 'Google Matched Content', 'Google Reseller', 'K2F', 'Microdata for Google Shopping', 'PHP', 'QUIC', 'Schema Plugin', 'Subversion', 'Theme In WP', 'UTF-8', 'WPForms', 'Woo Themes', 'WordPress', 'WordPress Multisite', 'WordPress Related Posts', 'jQuery']"
alexakweber.com,Home - Alexa Weber Portfolio,,,60,1486,2026-09-13T17:06:33.826579401Z,"['AWS WAF Challenge', 'Adobe Dreamweaver', 'Alternate Protocol', 'Astra Theme', 'Automattic', 'Cloudflare', 'Cloudflare CDN', 'Eber', 'Elementor', 'EmbedPress', 'GZIP Module', 'Google', 'Google Cloud DNS', 'Google Font API', 'Google My Business', 'Jetpack', 'Microdata for Google Shopping', 'NFOrce Internet', 'Nginx', 'PHP', 'Theme In WP', 'UTF-8', 'University or College', 'WPForms', 'Woo Themes', 'WordPress', 'WordPress Multisite', 'WordPress Related Posts', 'WordPress Stats', 'jQuery']"
sonestamedical.se,Home - Sonesta Medical,Sonesta Medical,USA,70,5165,2026-09-13T16:55:32.219449411Z,"['Adult Content', 'Alternate Protocol', 'Apache', 'Cookie Accept', 'Cookie Notice', 'DuracellTomi Google Tag Manager for WordPress', 'Elementor', 'EmbedPress', 'GZIP Module', 'Google Analytics', 'Google Cloud DNS', 'Google Font API', 'Google My Business', 'Google Tag Manager', 'Hotjar', 'JetElements', 'Microdata for Google Shopping', 'MonsterInsights', 'NFOrce Internet', 'Newsletter for Wordpress', 'OceanWP', 'PHP', 'Table Addons for Elementor', 'Theme In WP', 'UTF-8', 'Ubuntu', 'WP Mobile Menu', 'WPForms', 'Woo Themes', 'WooCommerce Checkout', 'WordPress', 'WordPress Multisite', 'YouTube', 'jQuery', 'reCAPTCHA']"
shubhinterior.in,Home - Interior | PMC | Turnkey Project | Real Estate,Interior | PMC | Turnkey Project | Real Estate,IND,82,4007,2026-09-13T16:55:32.216356192Z,"['Alternate Protocol', 'Cloudflare', 'Content Delivery Network', 'Elementor', 'EmbedPress', 'Google', 'Google Analytics', 'Google Cloud CDN', 'Google Cloud DNS', 'Google Font API', 'Google Maps', 'Google My Business', 'Google Related Website Sites', 'Google Tag Manager', 'Instagram Follow Button', 'LiteSpeed', 'Microdata for Google Shopping', 'MonsterInsights', 'PHP', 'Sitelinks Search Box', 'Theme In WP', 'UTF-8', 'WPForms', 'WordPress', 'WordPress Multisite', 'jQuery']"
kristiegriffin.com,Home - kristiegriffin.com,kristiegriffin.com,,77,19866,2026-09-13T16:55:32.215327683Z,"['AWS WAF Challenge', 'Alternate Protocol', 'Astra Theme', 'Cloudflare', 'Cloudflare CDN', 'Content Delivery Network', 'Elementor', 'EmbedPress', 'Google', 'Google Analytics', 'Google Cloud DNS', 'Google Font API', 'Google My Business', 'Google Tag Manager', 'Header, Footer and Blocks for Elementor', 'LiteSpeed', 'Metform Elemento', 'Microdata for Google Shopping', 'NFOrce Internet', 'PHP', 'QUIC', 'Theme In WP', 'UTF-8', 'WPForms', 'Woo Themes', 'WordPress', 'WordPress Multisite', 'WordPress Related Posts', 'jQuery']"
suncoastpm360.com,Suncoast Property Maintenance 360 – Complete Property Services,,USA,70,40278,2026-09-13T16:55:32.214021325Z,"['AWS WAF Challenge', 'Alternate Protocol', 'Astra Theme', 'Cloudflare', 'Cloudflare CDN', 'Content Delivery Network', 'Elementor', 'Elementor Addon Elements', 'EmbedPress', 'Essential Addons for Elementor', 'Google', 'Google Cloud DNS', 'Google Font API', 'Google Maps', 'Google My Business', 'Header, Footer and Blocks for Elementor', 'IcoMoon', 'LiteSpeed', 'M247', 'NFOrce Internet', 'PHP', 'QUIC', 'Theme In WP', 'UTF-8', 'WPForms', 'Woo Themes', 'WordPress', 'WordPress Multisite', 'WordPress Related Posts', 'jQuery']"
chineseherbalslices.com,Wholesale Chinese Medicinal Herbs and Spices Supplier - GuoCao,Chinese Medicinal Herbal and Spices Manufacturer,CHN,82,62508,2026-09-13T16:55:32.202988316Z,"['AWS WAF Challenge', 'Agoda', 'Alternate Protocol', 'Blocksy', 'Cloudflare', 'Cloudflare CDN', 'Cloudflare Web Analytics', 'Content Delivery Network', 'Contento', 'EmbedPress', 'Express', 'Fireblade', 'Google', 'Google Cloud DNS', 'Google Font API', 'Google My Business', 'Google Related Website Sites', 'IcoMoon', 'Instagram Follow Button', 'Line2', 'LiteSpeed', 'Microdata for Google Shopping', 'QUIC', 'QUIC.cloud', 'Sitelinks Search Box', 'TranslatePress', 'UTF-8', 'WPForms', 'WhatsApp Sharing', 'Woo Themes', 'WooCommerce', 'WooCommerce Checkout', 'WordPress', 'WordPress Multisite', 'Yandex Hosting']"
visionarycios.com,Visionary CIOs | World's No. 1 Magazine for Entrepreneurs,,RUS,87,30110,2026-09-13T16:55:32.199784198Z,"['AWS WAF Challenge', 'Alternate Protocol', 'Amazon WAF Blocked', 'Apture Linking Platform', 'DAV', 'Elementor', 'EmbedPress', 'Google Analytics', 'Google Cloud DNS', 'Google Font API', 'Google My Business', 'Google Tag Manager', 'Instagram Follow Button', 'Lazy Load for WordPress', 'Microdata for Google Shopping', 'NFOrce Internet', 'OceanWP', 'PHP', 'Sitelinks Search Box', 'TUNE', 'Twitter Ads', 'UTF-8', 'University or College', 'WP Rocket', 'WPForms', 'Woo Themes', 'WooCommerce Checkout', 'WordPress', 'WordPress Multisite', 'WordPress Related Posts', 'YouTube']"
quailfinancialsolutions.com,Equipment Financing Made Easy – Quail Financial Solutions - Quail Financial Solutions,Quail Financial Solutions,,72,20784,2026-09-13T16:55:32.198213572Z,"['AWS WAF Challenge', 'Alternate Protocol', 'Cloudflare', 'Cloudflare CDN', 'Content Delivery Network', 'Elementor', 'ElementsKit Elementor', 'EmbedPress', 'GoDaddy', 'Google', 'Google Analytics', 'Google Analytics Dashboard for WordPress', 'Google My Business', 'Google Tag Manager', 'Koko Analytics', 'Microdata for Google Shopping', 'NFOrce Internet', 'OceanWP', 'PHP', 'Perl', 'Python', 'QUIC', 'Site Kit', 'Theme In WP', 'UTF-8', 'Vimeo', 'WPForms', 'WPFront Scroll Top', 'Woo Themes', 'WooCommerce Checkout', 'WordPress', 'WordPress Multisite', 'jQuery']"
basair-tec.com,"Home - Basair Electro Mechanical Co., LTD","Basair Electro Mechanical Co., LTD",CHN,80,34394,2026-09-13T16:55:32.181164139Z,"['AWS WAF Challenge', 'Agoda', 'Alternate Protocol', 'Astra Theme', 'Cloudflare', 'Cloudflare CDN', 'Cloudflare Turnstile', 'Cloudflare Web Analytics', 'Content Delivery Network', 'Elementor', 'EmbedPress', 'Fireblade', 'Google Analytics', 'Google Tag Manager', 'Line2', 'LiteSpeed', 'Microdata for Google Shopping', 'NFOrce Internet', 'QUIC', 'QUIC.cloud', 'TranslatePress', 'UTF-8', 'WPForms', 'WhatsApp Sharing', 'Woo Themes', 'WordPress', 'WordPress Multisite', 'WordPress Related Posts', 'YouTube', 'reCAPTCHA']"
pedrosoldas.com.br,Pedro Soldas – Soldagem em Caxias do Sul,,BRA,70,3316,2026-09-13T16:55:32.178257841Z,"['Alternate Protocol', 'Click to Chat for WhatsApp', 'Elementor', 'EmbedPress', 'Google', 'Google Cloud CDN', 'Google Cloud DNS', 'Google Font API', 'Google Maps', 'Google My Business', 'Header, Footer and Blocks for Elementor', 'Instagram Follow Button', 'MouseWheel Smooth Scroll', 'OceanWP', 'PHP', 'Theme In WP', 'UTF-8', 'WPForms', 'WhatsApp Sharing', 'Woo Themes', 'WooCommerce Checkout', 'WordPress', 'WordPress Multisite', 'jQuery']"
medicomp.com.mx,Medición y Comprobación – Planet Earth Generic Website Template,,MEX,70,3260,2026-09-13T16:55:32.178178561Z,"['Alternate Protocol', 'Astra Theme', 'Elementor', 'EmbedPress', 'Google', 'Google Cloud CDN', 'Google Cloud DNS', 'Google Font API', 'PHP', 'Theme In WP', 'UTF-8', 'WPForms', 'Woo Themes', 'WordPress', 'WordPress Multisite', 'WordPress Related Posts', 'jQuery']"
seechangemedia.org,See Change | Activating the public to scale up the implementation of climate solutions,See Change,,72,35597,2026-09-13T16:42:26.774476285Z,"['AWS WAF Challenge', 'Alternate Protocol', 'Cloudflare', 'Cloudflare CDN', 'Cloudflare Web Analytics', 'Content Delivery Network', 'EmbedPress', 'Fastly', 'Fireblade', 'GenerateBlocks', 'GeneratePress Company', 'Google', 'Google Analytics', 'Google Cloud CDN', 'Google Cloud DNS', 'Google Font API', 'Google My Business', 'Google Tag Manager', 'LiteSpeed', 'MailChimp', 'Microdata for Google Shopping', 'Sitelinks Search Box', 'Thank You', 'UTF-8', 'WPForms', 'WordPress', 'WordPress Multisite', 'jQuery']"
benignitysupport.co.uk,Home - Benignity Support Services,Benignity Support Services,GBR,75,3502,2026-09-13T16:42:26.736259378Z,"['Alternate Protocol', 'Apache', 'Astra Theme', 'Content Delivery Network', 'Elementor', 'EmbedPress', 'GZIP Module', 'Google', 'Google Cloud CDN', 'Google Cloud DNS', 'Google Font API', 'Header, Footer and Blocks for Elementor', 'Microdata for Google Shopping', 'PHP', 'Table Addons for Elementor', 'Theme In WP', 'UTF-8', 'WP Job Manager', 'WPForms', 'WPO365', 'Woo Themes', 'WordPress', 'WordPress Multisite', 'WordPress Related Posts', 'jQuery']"
detectiveagencyphnompenh.com,Home - Detective Agency Phnom Penh,detectiveagencyphnompenh.com,,72,2281,2026-09-13T16:42:26.734608622Z,"['Alternate Protocol', 'Astra Theme', 'Content Delivery Network', 'Elementor', 'EmbedPress', 'Google Cloud DNS', 'Google Font API', 'Header, Footer and Blocks for Elementor', 'LiteSpeed', 'Microdata for Google Shopping', 'NFOrce Internet', 'PHP', 'QUIC', 'Sitelinks Search Box', 'Theme In WP', 'UTF-8', 'WPForms', 'WordPress', 'WordPress Multisite', 'jQuery']"
psiquiatriabiologica.org.co,Asociacion Colombiana de Psiquiatria Biologica,,COL,70,3087,2026-09-13T16:42:26.734210282Z,"['Alternate Protocol', 'Content Delivery Network', 'Elementor', 'EmbedPress', 'Google', 'Google Cloud CDN', 'Google Cloud DNS', 'Google Font API', 'Hello Elementor', 'LiteSpeed', 'PHP', 'Theme In WP', 'UTF-8', 'WPForms', 'WordPress', 'WordPress Multisite', 'YouTube', 'jQuery']"
serverlogic.am,FrontPage - Server Logic,Server Logic,COL,77,11779,2026-09-13T16:42:26.725746309Z,"['Alternate Protocol', 'Animate It', 'Apache', 'Cisco/Arrowpoint Content Service Switch', 'Elementor', 'EmbedPress', 'Fastly', 'FiboSearch', 'Google Cloud DNS', 'Google Font API', 'Google Related Website Sites', 'JivoSite', 'Microdata for Google Shopping', 'PHP', 'Popup Maker for Wordpress', 'QUIC', 'Sitelinks Search Box', 'Theme In WP', 'UTF-8', 'WP Fastest Cache', 'WPForms', 'Woo Themes', 'WooCommerce', 'WooCommerce Checkout', 'WooLentor', 'WordPress', 'WordPress Multisite', 'Yandex Hosting', 'jQuery', 'jsDelivr']"
autodijelovisuzi.hr,Autodijelovi Suzi,Autodijelovi Suzi,POL,72,1306,2026-09-13T16:33:05.715306233Z,"['Alternate Protocol', 'Astra Theme', 'EU Cookie Law for Wordpress.', 'Elementor', 'EmbedPress', 'GZIP Module', 'Google Cloud DNS', 'Google Font API', 'Google Maps', 'Google My Business', 'Header, Footer and Blocks for Elementor', 'Microdata for Google Shopping', 'Nginx', 'PHP', 'Parallels Plesk Panel', 'Sitelinks Search Box', 'Theme In WP', 'UTF-8', 'WPForms', 'Woo Themes', 'WordPress', 'WordPress Multisite', 'WordPress Related Posts', 'jQuery']"
luxuryrealestateschool.com,Luxury Real Estate School - Where Luxury Meets Education!,Luxury Real Estate School,FRA,82,19911,2026-09-13T16:33:05.709095977Z,"['AWS WAF Challenge', 'Alternate Protocol', 'Better Lead Generation Services', 'Cloudflare', 'Cloudflare CDN', 'EmbedPress', 'Facebook Customer Chat SDK', 'Facebook Login', 'Facebook Messenger Platform', 'Facebook Reseller', 'FormSubmit', 'GZIP Module', 'Google', 'Google Analytics', 'Google Cloud CDN', 'Google My Business', 'Google Tag Manager', 'IcoMoon', 'Instagram Follow Button', 'Microdata for Google Shopping', 'MonsterInsights', 'Nginx', 'Ntent', 'PHP', 'Sitelinks Search Box', 'Thank You', 'Theme In WP', 'Twitter Ads', 'UTF-8', 'University or College', 'W3 Total Cache', 'WPForms', 'WordPress', 'WordPress Multisite', 'jQuery', 'reCAPTCHA']"
aok4seniors.org,Give Back To Seniors | Acts of Kindness for Seniors,Acts of Kindness for Seniors,,67,3260,2026-09-13T16:33:05.708587943Z,"['Alternate Protocol', 'Apache', 'Astra Theme', 'Cloudflare', 'Elementor', 'EmbedPress', 'Google', 'Google Cloud CDN', 'Google Cloud DNS', 'Google Font API', 'Microdata for Google Shopping', 'PHP', 'PayPal Button', 'PayPal Form', 'QUIC', 'Sitelinks Search Box', 'Theme In WP', 'UTF-8', 'WPForms', 'Woo Themes', 'WordPress', 'WordPress Multisite', 'WordPress Related Posts', 'jQuery']"
hotelinteriors.co.nz,Hotel Interiors | Leading Hotel Refurbishment & Furniture Supplier,,AUS,77,4644,2026-09-13T16:33:05.702038375Z,"['Alternate Protocol', 'Apture Linking Platform', 'Cloudflare', 'Contact Form Plugin', 'DuracellTomi Google Tag Manager for WordPress', 'Elementor', 'EmbedPress', 'Essential Addons for Elementor', 'GZIP Module', 'Google', 'Google Analytics', 'Google Cloud CDN', 'Google Cloud DNS', 'Google Font API', 'Google My Business', 'Google Tag Manager', 'Hello Elementor', 'Instagram Follow Button', 'LiteSpeed', 'Microdata for Google Shopping', 'PHP', 'Pagekit', 'Piotnet Addons', 'Popup Maker for Wordpress', 'QUIC', 'Smush Image Optimization', 'Sticky Header Effects for Elementor', 'Table Addons for Elementor', 'Theme In WP', 'UTF-8', 'WP Rocket', 'WPForms', 'WordPress', 'WordPress Multisite', 'jQuery', 'reCAPTCHA']"
silbermanlearningprojects.com,Learning & Development Projects at Silberman School of Social Work,,SYC,70,23528,2026-09-13T16:33:05.670444279Z,"['AWS WAF Challenge', 'Add to Any', 'Alternate Protocol', 'Customify', 'Dynamic Visibility for Elementor', 'Elementor', 'EmbedPress', 'GZIP Module', 'Google', 'Google Analytics', 'Google Cloud DNS', 'Google Font API', 'Google Maps', 'Google My Business', 'Google Tag Manager', 'Instagram Follow Button', 'Microsoft 365', 'NFOrce Internet', 'Nginx', 'PHP', 'SiteW', 'Theme In WP', 'Twitter Ads', 'UTF-8', 'University or College', 'WP Accessibility', 'WPForms', 'WordPress', 'WordPress Multisite', 'YouTube', 'jQuery']"
hdco.fi,Welcome to the The Helsinki Distilling Company | hdco.fi,The Helsinki Distilling Company,FIN,87,20183,2026-09-13T16:22:19.549399191Z,"['AWS WAF Challenge', 'Age Gate', 'Alternate Protocol', 'Amazon WAF Blocked', 'Apture Linking Platform', 'ClickOn', 'Content Delivery Network', 'Cybot', 'DAV', 'EmbedPress', 'Facebook Conversion Tracking', 'Facebook Login', 'Facebook Messenger Platform', 'Facebook Pixel', 'Facebook Reseller', 'Facebook Tag API', 'Fastly', 'FormSubmit', 'Google Analytics', 'Google Cloud DNS', 'Google Conversion Tracking', 'Google Font API', 'Google Related Website Sites', 'Google Tag Manager', 'Gravity', 'Gravity Forms', 'IcoMoon', 'Instagram Follow Button', 'LinkedIn Insights', 'LinkedIn Pixel', 'LiteSpeed', 'Microdata for Google Shopping', 'PHP', 'Popup Maker for Wordpress', 'QUIC', 'Site Kit', 'Tailwind CSS', 'Theme In WP', 'UTF-8', 'Uncode', 'WPBakery', 'WPForms', 'WPML Multilingual', 'Woo Themes', 'WordPress', 'WordPress Multisite', 'jQuery']"
luxurypropertyrealty.com,"Luxury Property Realty, LLC - Treating Customers Like Luxury!",Luxury Property Realty,GBR,82,18316,2026-09-13T16:22:19.530793286Z,"['AWS WAF Challenge', 'Alternate Protocol', 'Apache', 'Cloudflare', 'Cloudflare CDN', 'EmbedPress', 'Facebook Customer Chat SDK', 'Facebook Embedded Posts', 'Facebook Login', 'Facebook Messenger Platform', 'Facebook Reseller', 'GZIP Module', 'Google', 'Google Cloud CDN', 'Google My Business', 'IcoMoon', 'Microdata for Google Shopping', 'PHP', 'QUIC', 'Sitelinks Search Box', 'Theme In WP', 'Twitter Ads', 'UTF-8', 'WPForms', 'WordPress', 'WordPress Multisite', 'YouTube', 'jQuery']"
redbarncabinetco.net,"Custom Commercial Cabinets in Arcanum, OH | Red Barn Cabinet Co.",,USA,82,5164,2026-09-13T16:22:19.528484119Z,"['Alternate Protocol', 'Content Delivery Network', 'Divi', 'Elegant Themes', 'EmbedPress', 'Font Awesome', 'GZIP Module', 'Google', 'Google Cloud CDN', 'Google Cloud DNS', 'Google Font API', 'Google My Business', 'Google Related Website Sites', 'Microdata for Google Shopping', 'Nginx', 'PHP', 'Theme In WP', 'UTF-8', 'WP Accessibility', 'WP Engine', 'WPForms', 'Woo Themes', 'WordPress', 'WordPress Multisite', 'jQuery']"
galaxy-epoxy.com,"Epoxy Flooring Huntsville, AL | Galaxy Epoxy Experts",,USA,82,25517,2026-09-13T16:22:19.509186133Z,"['AWS WAF Challenge', 'Alternate Protocol', 'Apture Linking Platform', 'Content Delivery Network', 'Elementor', 'EmbedPress', 'Google', 'Google Analytics', 'Google Cloud CDN', 'Google Maps', 'Google My Business', 'Google Related Website Sites', 'Google Tag Manager', 'Hello Elementor', 'LoftLoader', 'Microdata for Google Shopping', 'NFOrce Internet', 'PHP', 'QUIC', 'Site Kit', 'Sitelinks Search Box', 'Table Addons for Elementor', 'Theme In WP', 'UTF-8', 'Vector Internet Services', 'Vimeo', 'WPForms', 'WordPress', 'WordPress Multisite', 'jQuery']"
ipswichhousewashing.com.au,House Washing Ipswich | Your Trusted Experts In House Washing,,,72,7880,2026-09-13T16:22:19.485456541Z,"['Alternate Protocol', 'Apache', 'Astra Theme', 'Cloudflare', 'Elementor', 'EmbedPress', 'Endurance Page Cache', 'Fastly', 'GZIP Module', 'Google', 'Google Cloud DNS', 'Google Font API', 'Google Related Website Sites', 'Microdata for Google Shopping', 'NFOrce Internet', 'PHP', 'QUIC', 'Sitelinks Search Box', 'Theme In WP', 'WPForms', 'Woo Themes', 'WordPress', 'WordPress Multisite', 'WordPress Related Posts', 'jQuery']"
nessaskitchenpbc.com,Nessa's Kitchen PBC | Official Site,,USA,70,27651,2026-09-13T16:10:15.865179184Z,"['Alternate Protocol', 'Astra Theme', 'ChowNow', 'Cloudflare', 'CoBlocks', 'Contact Form Plugin', 'Content Delivery Network', 'Crisp', 'Elementor', 'ElementsKit Elementor', 'EmbedPress', 'Essential Addons for Elementor', 'Exclusive Addons for Elementor', 'GoDaddy', 'Google Cloud DNS', 'Google Font API', 'Google Maps', 'Google My Business', 'Header, Footer and Blocks for Elementor', 'Instagram Follow Button', 'Line2', 'M247', 'NFOrce Internet', 'PHP', 'The Events Calendar', 'Theme In WP', 'UTF-8', 'WPForms', 'Website Tonight', 'Woo Themes', 'WooCommerce', 'WooCommerce Checkout', 'WordPress', 'WordPress Multisite', 'WordPress Related Posts', 'jQuery', 'myStickymenu', 'reCAPTCHA']"
lakewood-cannabis.com,Lakewood Cannabis |,,,45,599,2026-09-13T16:10:15.86238967Z,"['AWS WAF Challenge', 'Age Gate', 'Alternate Protocol', 'Apache', 'Cloudflare', 'Cloudflare CDN', 'Daily Deals', 'Divi', 'Elegant Themes', 'EmbedPress', 'GZIP Module', 'Google', 'Google Analytics', 'Google Cloud CDN', 'Google Cloud DNS', 'Google Font API', 'Google My Business', 'Google Tag Manager', 'PHP', 'Theme In WP', 'UTF-8', 'WPForms', 'Woo Themes', 'WordPress', 'WordPress Multisite', 'eLand', 'jQuery']"
mercymedicalwaste.co,"Medical Waste Disposal Management | Safe, Compliant & Affordable",Mercy Medical Waste,USA,87,234092,2026-09-13T16:10:15.861855856Z,"['34SP.com', '501c3 Status Nonprofit', 'AAPT', 'AWS WAF Challenge', 'Alternate Protocol', 'Amazon WAF Blocked', 'Apture Linking Platform', 'CCSI', 'Cloudflare', 'Cloudflare CDN', 'Content Delivery Network', 'Corporate Governance and Regulatory Compliance', 'DAV', 'Elementor', 'EmbedPress', 'Essential Addons for Elementor', 'Federal Deposit Insurance Corporation', 'Financial Services Guide', 'Fireblade', 'GZIP Module', 'Google', 'Google Analytics', 'Google Cloud CDN', 'Google Cloud DNS', 'Google Font API', 'Google My Business', 'Google Related Website Sites', 'Google Tag Manager', 'HHVM', 'HMDG', 'Hello Elementor', 'Hexo', 'K2F', 'KVH', 'Lazy Load for WordPress', 'Microdata for Google Shopping', 'Microsoft Clarity', 'NFOrce Internet', 'Nationwide Mortgage Licensing System and Registry', 'No-Q', 'PHP', 'Paessler', 'Perl', 'Phew', 'QUIC', 'SMC', 'Silicon Valley Web Hosting', 'Subversion', 'Table Addons for Elementor', 'UTF-8', 'Unix', 'Visx', 'W3 Total Cache', 'WP Rocket', 'WPForms', 'Wangsu', 'WordPress', 'WordPress Multisite', 'Zeald', 'Zope', 'hCaptcha', 'reCAPTCHA']"
dopamindgames.com,Home - DopaMind Games,dopamindgames.com,,62,2187,2026-09-13T16:10:15.849067757Z,"['Alternate Protocol', 'Content Delivery Network', 'Elementor', 'EmbedPress', 'Google Cloud DNS', 'Google Font API', 'Hello Elementor', 'LiteSpeed', 'Microdata for Google Shopping', 'NFOrce Internet', 'PHP', 'Theme In WP', 'UTF-8', 'WPForms', 'WordPress', 'WordPress Multisite', 'YouTube', 'jQuery']"
am-mm.vg,Home - AM & MM Partners,AM &amp; MM Partners,,65,19100,2026-09-13T16:10:15.831610172Z,"['Alternate Protocol', 'Cloudflare', 'Content Delivery Network', 'Elementor', 'EmbedPress', 'Essential Addons for Elementor', 'Fireblade', 'Google', 'Google Cloud CDN', 'Google Cloud DNS', 'Google Font API', 'Google Forms', 'Google Maps', 'Google My Business', 'IcoMoon', 'LiteSpeed', 'Microdata for Google Shopping', 'Newsletter for Wordpress', 'OceanWP', 'PHP', 'Tailwind CSS', 'Theme In WP', 'UTF-8', 'WP Mobile Menu', 'WPForms', 'Woo Themes', 'WooCommerce Checkout', 'WordPress', 'WordPress Multisite', 'WordPress Related Posts', 'jQuery']"
lifeinsurancecorp.net,Life Insurance Corp,,,55,539,2026-09-13T16:10:15.831466737Z,"['Alternate Protocol', 'Apache', 'Autoptimize', 'Elementor', 'GTranslate', 'GZIP Module', 'Google', 'Google Cloud CDN', 'Google Cloud DNS', 'Google Font API', 'Google My Business', 'IcoMoon', 'Microdata for Google Shopping', 'Newsletter for Wordpress', 'Ninja Forms', 'OceanWP', 'QUIC', 'Tailwind CSS', 'Twitter Ads', 'UTF-8', 'WP Mobile Menu', 'WPForms', 'Woo Themes', 'WooCommerce Checkout', 'WordPress', 'WordPress Multisite', 'jQuery']"
yanikh.com,Digital Agency – Digital Marketing Agency,,IND,80,18397,2026-09-13T16:10:15.829648297Z,"['AWS WAF Challenge', 'Add to Any', 'Alternate Protocol', 'Astra Theme', 'Better Lead Generation Services', 'Cloudflare', 'Content Delivery Network', 'Elementor', 'ElementsKit Elementor', 'EmbedPress', 'Essential Addons for Elementor', 'Google', 'Google Analytics', 'Google Cloud CDN', 'Google Cloud DNS', 'Google Font API', 'Google Tag Manager', 'Instagram Follow Button', 'LiteSpeed', 'PHP', 'QUIC', 'Theme In WP', 'UTF-8', 'WPForms', 'Woo Themes', 'WordPress', 'WordPress Multisite', 'WordPress Related Posts', 'jQuery']"
ventureshrimp.in,ventureshrimp,,IND,55,102,2026-09-13T16:10:15.829578762Z,"['Alternate Protocol', 'Astra Theme', 'Elementor', 'EmbedPress', 'Google Cloud DNS', 'Google Font API', 'Google Maps', 'Google My Business', 'Header, Footer and Blocks for Elementor', 'PHP', 'QUIC', 'Theme In WP', 'UTF-8', 'WPForms', 'WordPress', 'WordPress Multisite', 'jQuery']"
seamlessautotech.com,Seamless – Seamless,,IND,70,5904,2026-09-13T16:10:15.829488776Z,"['Alternate Protocol', 'Better Lead Generation Services', 'Contact Form Plugin', 'Content Delivery Network', 'Elementor', 'EmbedPress', 'Enable jQuery Migrate Helper', 'Font Awesome', 'Google Cloud DNS', 'Google Font API', 'LiteSpeed', 'PHP', 'Page scroll to id', 'Slider Revolution', 'Theme In WP', 'UTF-8', 'Vector Internet Services', 'WPForms', 'Woo Themes', 'WordPress', 'WordPress Multisite']"
hypemarketer.in,Digital Marketing Agency in Mumbai - Hype Marketer,Hype Marketer,IND,82,19103,2026-09-13T16:01:14.080515578Z,"['AWS WAF Challenge', 'Accordion Blocks', 'Alternate Protocol', 'Apture Linking Platform', 'Cloudflare', 'Content Delivery Network', 'Custom Facebook Feed', 'Custom Twitter Feeds', 'Elementor', 'Elfsight', 'EmbedPress', 'Font Awesome', 'Google Analytics', 'Google Customer Reviews', 'Google My Business', 'Google Tag Manager', 'Gutenberg', 'Instagram Feed for WordPress', 'Instagram Follow Button', 'LiteSpeed', 'Microdata for Google Shopping', 'NFOrce Internet', 'PHP', 'QUIC', 'Schema Plugin', 'Site Kit', 'Sitelinks Search Box', 'UTF-8', 'WPForms', 'WordPress', 'WordPress Multisite', 'jQuery', 'reCAPTCHA']"
24protect.gr,24 Protect – Ασφάλεια Kαινοτομία Eμπιστοσύνη,,GAB,65,2550,2026-09-13T16:01:14.076426465Z,"['Alternate Protocol', 'Elementor', 'ElementsKit Elementor', 'EmbedPress', 'GZIP Module', 'Google Maps', 'Google My Business', 'Header, Footer and Blocks for Elementor', 'Metform Elemento', 'NFOrce Internet', 'Nginx', 'OceanWP', 'PHP', 'Theme In WP', 'UTF-8', 'WPForms', 'Woo Themes', 'WooCommerce Checkout', 'WordPress', 'WordPress Multisite', 'jQuery']"
apostolospekas.gr,Πέκας Απόστολος Υποψήφιος Δημοτικός Σύμβουλος Πολιτικός Μηχανικός Πρ. Ειδ. Συνεργάτης Δημάρχου Λαρισαίων,,,60,859,2026-09-13T16:01:14.073375688Z,"['AWS WAF Challenge', 'Alternate Protocol', 'Cloudflare', 'Cloudflare CDN', 'Elementor', 'ElementsKit Elementor', 'EmbedPress', 'Facebook Conversion Tracking', 'Facebook Login', 'Facebook Messenger Platform', 'Facebook Pixel', 'Facebook Reseller', 'Facebook Tag API', 'GZIP Module', 'Google', 'Google Analytics', 'Google My Business', 'Google Tag Manager', 'Hello Elementor', 'Instagram Follow Button', 'NFOrce Internet', 'Nginx', 'PHP', 'Theme In WP', 'Twitter Ads', 'UTF-8', 'WPForms', 'WordPress', 'WordPress Multisite', 'YouTube', 'jQuery', 'reCAPTCHA']"
anpoitinstill.ie,An Poitin Still Carrick on Shannon - An Poitin Still – Carrick on Shannon – Pub and Accommodation,An Poitin Still Carrick on Shannon,IRL,80,16292,2026-09-13T16:01:14.053354328Z,"['Alternate Protocol', 'Apture Linking Platform', 'Click to Chat for WhatsApp', 'Cloudflare', 'Content Delivery Network', 'EmbedPress', 'Fireblade', 'Google Cloud DNS', 'Google Font API', 'IcoMoon', 'LiteSpeed', 'Microdata for Google Shopping', 'Nectar Slide Plugin', 'PHP', 'QUIC', 'Salient', 'Shield Security for Wordpress', 'Sitelinks Search Box', 'The SEO Framework', 'Theme In WP', 'UTF-8', 'WPBakery', 'WPForms', 'WordPress', 'WordPress Multisite', 'jQuery']"
offsitesupplies.co.uk,Home - Offsite Supplies,,CAN,85,17379,2026-09-13T15:47:48.530105696Z,"['Alternate Protocol', 'Apache', 'Contact Form Plugin', 'Content Delivery Network', 'CookieYes', 'EmbedPress', 'Fireblade', 'Font Awesome', 'FreeCSSTemplates', 'GZIP Module', 'Google Analytics', 'Google Cloud DNS', 'Google Font API', 'Google My Business', 'Google Tag Manager', 'Gravity Forms', 'Microdata for Google Shopping', 'MonsterInsights', 'PHP', 'Page scroll to id', 'Stream', 'TablePress', 'Tailwind CSS', 'Theme In WP', 'Twitter Ads', 'UTF-8', 'WPForms', 'WordPress', 'WordPress Multisite', 'YouTube', 'eLand', 'jsDelivr', 'reCAPTCHA']"
movestuff.ie,Home - Move Stuff,Move Stuff,IRL,72,18648,2026-09-13T15:47:48.506760778Z,"['AWS WAF Challenge', 'Alternate Protocol', 'Better Lead Generation Services', 'Cloudflare', 'Cloudflare CDN', 'Contact Form Plugin', 'EmbedPress', 'Flatsome', 'Google', 'Google Analytics', 'Google Cloud DNS', 'Google Font API', 'Google My Business', 'Google Tag Manager', 'IcoMoon', 'Jetpack', 'Material Design Icons', 'Menu Icons by ThemeIsle', 'PHP', 'QUIC', 'Site Kit', 'Theme In WP', 'UTF-8', 'WPForms', 'Woo Themes', 'WordPress', 'WordPress Multisite', 'eLand', 'jQuery']"
digitallmdr.com,#1 Top Rated Digital Marketing Agency In Mumbai,,IND,77,31605,2026-09-13T15:38:17.159874764Z,"['AWS WAF Challenge', 'Alternate Protocol', 'Blocksy', 'Click to Chat for WhatsApp', 'Cloudflare', 'Cloudflare CDN', 'DAV', 'Elementor', 'EmbedPress', 'Google', 'Google Adsense', 'Google Analytics', 'Google Cloud DNS', 'Google Font API', 'Google Funding Choices', 'Google Matched Content', 'Google My Business', 'Google Related Website Sites', 'Google Reseller', 'Google Tag Manager', 'Instagram Follow Button', 'Kitco', 'Microdata for Google Shopping', 'NFOrce Internet', 'Ntent', 'PHP', 'Site Kit', 'Sitelinks Search Box', 'Theme In WP', 'Twitter Ads', 'UTF-8', 'Vector Internet Services', 'WPForms', 'WordPress', 'WordPress Multisite', 'YouTube', 'jQuery', 'reCAPTCHA']"
anniemeadowsrealestate.com,Meadows Real Estate · Raleigh REALTORS® at Hudson Residential – Raleigh Real Estate Agents with Hudson Residential,,USA,87,23469,2026-09-13T15:38:17.158102935Z,"['AWS WAF Challenge', 'Alternate Protocol', 'Automattic', 'Cloudflare', 'Cloudflare CDN', 'Content Delivery Network', 'EmbedPress', 'Fastly', 'GZIP Module', 'Genesis Blocks', 'Google', 'Google Analytics', 'Google Cloud DNS', 'Google Font API', 'Google My Business', 'Google Tag Manager', 'Instagram Feed for WordPress', 'Instagram Follow Button', 'Jetpack', 'Neighborhoods', 'PHP', 'Perl', 'QUIC', 'Social Media Widget', 'StudioPress', 'Theme In WP', 'UTF-8', 'WP Accessibility', 'WPForms', 'WordPress', 'WordPress Multisite', 'WordPress Stats', 'eLand', 'jQuery', 'reCAPTCHA']"
poolmanagementinc.com,Premier Swimming Pool Services- Pool Management Inc.,PMI,USA,82,62103,2026-09-13T15:38:17.13646774Z,"['Amazon WAF Blocked', 'Apture Linking Platform', 'Cisco/Arrowpoint Content Service Switch', 'Cloudflare', 'DoubleClick Bid Manager', 'Elementor', 'EmbedPress', 'Essential Blocks for Gutenberg', 'Google', 'Google Analytics', 'Google My Business', 'Google Tag Manager', 'Hello Elementor', 'Lazy Load for WordPress', 'LiteSpeed', 'Microdata for Google Shopping', 'Microsoft Clarity', 'NFOrce Internet', 'PHP', 'QUIC', 'SMC', 'Table Addons for Elementor', 'UTF-8', 'WP Rocket', 'WPForms', 'WordPress', 'WordPress Multisite', 'eLand', 'hCaptcha', 'jQuery', 'reCAPTCHA']"
operation-hope.org,Operation Hope – Bringing Hope to El Salvador,,BRA,80,20666,2026-09-13T15:27:20.978571465Z,"['AWS WAF Challenge', 'Alternate Protocol', 'Astra Theme', 'Cloudflare', 'Cloudflare CDN', 'CoBlocks', 'Content Delivery Network', 'Elementor', 'EmbedPress', 'GoDaddy', 'Google', 'Google Cloud DNS', 'Google Font API', 'Google My Business', 'Gtranslate for Wordpress', 'Instagram Follow Button', 'MailChimp for WordPress', 'NFOrce Internet', 'PHP', 'Theme In WP', 'UTF-8', 'WPForms', 'Woo Themes', 'WordPress', 'WordPress Multisite', 'WordPress Related Posts', 'YouTube', 'jQuery']"
energywatt.hk,EnergyWatt – 沛力特 電解飲料,,CHN,65,3196,2026-09-13T15:27:20.975378905Z,"['Alternate Protocol', 'Cloudflare', 'Contact Form Plugin', 'Elementor', 'EmbedPress', 'Essential Addons for Elementor', 'GZIP Module', 'Google', 'Instagram Feed for WordPress', 'Instagram Follow Button', 'Nginx', 'PHP', 'Theme In WP', 'UTF-8', 'WPForms', 'WordPress', 'WordPress Multisite', 'jQuery']"
akulsjewels.com,Akuls Jewels,,IND,60,1189,2026-09-13T15:27:20.967163159Z,"['AWS WAF Challenge', 'Alternate Protocol', 'Astra Theme', 'CartFlows', 'Cloudflare', 'Cloudflare CDN', 'Content Delivery Network', 'Custom Facebook Feed', 'Custom Twitter Feeds', 'Elementor', 'EmbedPress', 'Font Awesome', 'Google', 'Google Cloud DNS', 'Google Font API', 'Google My Business', 'Header, Footer and Blocks for Elementor', 'Instagram API', 'Instagram Feed for WordPress', 'Instagram Follow Button', 'LiteSpeed', 'NFOrce Internet', 'PHP', 'Presto Player', 'QUIC', 'Theme In WP', 'UTF-8', 'WPForms', 'Woo Themes', 'WooCommerce', 'WooCommerce Checkout', 'WordPress', 'WordPress Multisite', 'WordPress Related Posts', 'jQuery']"
stockportdab.co.uk,Stockport DAB – DAB in Stockport,,GBR,65,3553,2026-09-13T15:27:20.966448873Z,"['Alternate Protocol', 'Aruba', 'Contact Form Plugin', 'Elementor', 'EmbedPress', 'Font Awesome', 'FreeCSSTemplates', 'Google', 'Google Cloud CDN', 'Google Cloud DNS', 'Google Font API', 'Nginx', 'PHP', 'Redux Framework', 'Slider Revolution', 'TablePress', 'Theme In WP', 'UTF-8', 'WPForms', 'Woo Themes', 'WooCommerce', 'WooCommerce Checkout', 'WordPress', 'WordPress Multisite', 'eLand', 'jQuery']"
proderm.hk,"皮膚專科醫生, 皮膚專科醫生將軍澳, 將軍澳中心皮膚科醫生, 皮膚科將軍澳, 皮膚科醫生觀塘 - 柏頓, 將軍澳皮膚專科中心",,,67,4582,2026-09-13T15:27:20.965607745Z,"['Alternate Protocol', 'Elementor', 'EmbedPress', 'Fastly', 'Font Awesome', 'Google Analytics', 'Google Cloud DNS', 'Google Font API', 'Google Maps', 'Google My Business', 'Google Tag Manager', 'KeyCDN', 'LiteSpeed', 'Microdata for Google Shopping', 'OceanWP', 'PHP', 'QUIC', 'Sitelinks Search Box', 'Tailwind CSS', 'Theme In WP', 'UTF-8', 'WP Mobile Menu', 'WPForms', 'Woo Themes', 'WordPress', 'WordPress Multisite', 'YouTube', 'jQuery']"
neocyce.com,Wind Turbine Recycling & Wind Turbine Dismantling | by NEOCyce,,,72,27942,2026-09-13T15:27:20.962168193Z,"['Amazon WAF Blocked', 'BLR', 'Bulma', 'Cloudflare', 'Cloudflare CDN', 'Content Delivery Network', 'Elementor', 'EmbedPress', 'Essential Addons for Elementor', 'Fireblade', 'Font Awesome', 'GitHub Hosting', 'Google My Business', 'Hestia', 'IcoMoon', 'Instagram Follow Button', 'Lazy Load for WordPress', 'Microdata for Google Shopping', 'NFOrce Internet', 'QUIC', 'Sitelinks Search Box', 'Table Addons for Elementor', 'Tumblr', 'Twitter Ads', 'UTF-8', 'WP Cloud', 'WPForms', 'WPFront Scroll Top', 'Woo Themes', 'WooCommerce Checkout', 'WordPress', 'WordPress Multisite', 'WordPress Related Posts', 'YouTube']"
rugcuttersdancestudio.com,Rugcutters' Dance Studio,,FRA,72,18733,2026-09-13T15:27:20.949363763Z,"['AWS WAF Challenge', 'Alternate Protocol', 'Cloudflare', 'Cloudflare CDN', 'EmbedPress', 'GZIP Module', 'Google', 'Google Cloud DNS', 'Google Font API', 'Google My Business', 'IcoMoon', 'Jetpack', 'Microdata for Google Shopping', 'Nginx', 'PHP', 'Schema Plugin', 'Theme In WP', 'UTF-8', 'WPForms', 'Woo Themes', 'WooCommerce Checkout', 'WordPress', 'WordPress Multisite', 'WordPress Stats', 'jQuery']"
jetlineswag.com,Jetline promotional products – Your trusted source of custom Jetline swag,Jetline promotional products,USA,82,117523,2026-09-13T15:27:20.936347606Z,"['AJAX Libraries API', 'Adult Content', 'Alternate Protocol', 'Business Promotion', 'Cart.com', 'Content Delivery Network', 'Elementor', 'EmbedPress', 'Express', 'Google Analytics', 'Google Cloud DNS', 'Google Customer Reviews', 'Google My Business', 'Google Tag Manager', 'HubSpot Conversations', 'HubSpot WordPress Plugin', 'Hubspot', 'IcoMoon', 'LiteSpeed', 'Microdata for Google Shopping', 'NFOrce Internet', 'PHP', 'Shoptimizer', 'Tawk', 'Theme In WP', 'UTF-8', 'WPForms', 'Woo Themes', 'WooCommerce', 'WooCommerce Checkout', 'WordPress', 'WordPress Multisite', 'jQuery']"
adforce.in,Adforce,,,50,661,2026-09-13T15:17:17.926377116Z,"['Alternate Protocol', 'Apture Linking Platform', 'Contact Form Plugin', 'Content Delivery Network', 'Elementor', 'EmbedPress', 'Facebook Conversion Tracking', 'Facebook Login', 'Facebook Messenger Platform', 'Facebook Pixel', 'Facebook Reseller', 'Facebook Tag API', 'Free Call', 'Google Cloud DNS', 'Google Font API', 'Gravity Forms', 'LiteSpeed', 'NFOrce Internet', 'PHP', 'Popup Maker for Wordpress', 'Storefront', 'Theme In WP', 'UTF-8', 'WPForms', 'WordPress', 'WordPress Multisite', 'jQuery']"
hannesonconstruction.ca,Home - Hanneson Construction,Hanneson Construction,CAN,77,3720,2026-09-13T15:17:17.921873613Z,"['Alternate Protocol', 'Apache', 'Astra Theme', 'Cloudflare', 'Elementor', 'EmbedPress', 'GZIP Module', 'Google Analytics', 'Google Maps', 'Google My Business', 'Google Tag Manager', 'Microdata for Google Shopping', 'MonsterInsights', 'NFOrce Internet', 'Ntent', 'PHP', 'QUIC', 'Theme In WP', 'UTF-8', 'WPForms', 'Woo Themes', 'WordPress', 'WordPress Multisite', 'WordPress Related Posts', 'jQuery', 'reCAPTCHA']"
quensec.com,Quensec | Quality Driven Engineering Excellence,,IND,77,16471,2026-09-13T15:07:00.933073191Z,"['AWS WAF Challenge', 'Adult Content', 'Alternate Protocol', 'Elementor', 'EmbedPress', 'Font Awesome', 'Google Cloud DNS', 'Google Font API', 'IcoMoon', 'Instagram Follow Button', 'Meta Slider for WordPress', 'Microdata for Google Shopping', 'PHP', 'Sitelinks Search Box', 'Theme In WP', 'UTF-8', 'WPForms', 'Woo Themes', 'WordPress', 'WordPress Multisite', 'jQuery', 'myStickymenu']"
aayushphysiotherapy.in,Aayush Physiotherapy Clinic | The Hope Center,aayushphysiotherapy,IND,77,1212,2026-09-13T15:07:00.932206815Z,"['Alternate Protocol', 'Astra Theme', 'Content Delivery Network', 'Elementor', 'ElementsKit Elementor', 'EmbedPress', 'Google Analytics', 'Google Cloud DNS', 'Google Customer Reviews', 'Google Font API', 'Google Maps', 'Google My Business', 'Google Tag Manager', 'LiteSpeed', 'Microdata for Google Shopping', 'PHP', 'Presto Player', 'Schema Plugin', 'Sitelinks Search Box', 'Smart Slider 3', 'Theme In WP', 'UTF-8', 'WPForms', 'Woo Themes', 'WordPress', 'WordPress Multisite', 'WordPress Related Posts', 'YouTube', 'eLand', 'jQuery']"
rcicservices.com,RCICS Services - Royal Choice Immigration,Royal Choice Immigration,CAN,70,5391,2026-09-13T15:07:00.927587856Z,"['Alternate Protocol', 'Apache', 'Coming Soon Page', 'Contact Form Plugin', 'Elementor', 'EmbedPress', 'Express', 'Font Awesome', 'Google', 'Google Cloud DNS', 'Google Font API', 'Gravity Forms', 'IcoMoon', 'Instagram Follow Button', 'Microdata for Google Shopping', 'NFOrce Internet', 'PHP', 'QUIC', 'Slider Revolution', 'Theme In WP', 'UTF-8', 'University or College', 'WPForms', 'WordPress', 'WordPress Multisite', 'WordPress Related Posts', 'jQuery']"
arnaudconsulting.com,Arnaud Consulting – CRM Expert & Conversational AI Designer,,,55,5211,2026-09-13T15:07:00.919535634Z,"['Alternate Protocol', 'Apache', 'CheryFramework', 'Elementor', 'EmbedPress', 'GZIP Module', 'Google', 'Google Cloud CDN', 'Google Cloud DNS', 'Google Font API', 'PHP', 'QUIC', 'Salesforce Hosted', 'Tailwind CSS', 'Theme In WP', 'U-Design', 'UTF-8', 'WPForms', 'WordPress', 'WordPress Multisite', 'jQuery']"
medcarecoin.com,Home - MedCareCoin,Medcare Coin,GBR,70,38270,2026-09-13T15:07:00.911482471Z,"['AWS WAF Challenge', 'Alternate Protocol', 'Apture Linking Platform', 'Astra Theme', 'Cloudflare', 'Cloudflare CDN', 'Community', 'Content Delivery Network', 'Elementor', 'EmbedPress', 'Express', 'Fireblade', 'GitHub Hosting', 'GoDaddy', 'Google', 'Google Analytics', 'Google Cloud DNS', 'Google Font API', 'Google My Business', 'Google Tag Manager', 'Header, Footer and Blocks for Elementor', 'InitiativeS', 'Instagram Follow Button', 'LoftLoader', 'Microdata for Google Shopping', 'NFOrce Internet', 'PHP', 'QUIC', 'Table Addons for Elementor', 'Telegram', 'Theme In WP', 'Twitter Ads', 'UTF-8', 'WPForms', 'Woo Themes', 'WooCommerce', 'WooCommerce Checkout', 'WordPress', 'WordPress Multisite', 'WordPress Related Posts', 'YouTube', 'jQuery']"
pridecollege.in,Pride College of Education – Pride College of Education,,,60,423,2026-09-13T14:58:41.332949539Z,"['AWS WAF Challenge', 'Alternate Protocol', 'Apache', 'Contact Form Plugin', 'Content Delivery Network', 'Elementor', 'ElementsKit Elementor', 'EmbedPress', 'GZIP Module', 'Google Analytics', 'Google Cloud DNS', 'Google Font API', 'Google Tag Manager', 'Instagram Follow Button', 'Newsletter for Wordpress', 'OceanWP', 'PHP', 'Q2W3 Fixed Widget', 'Table Addons for Elementor', 'Tailwind CSS', 'Theme In WP', 'Twitter Ads', 'UTF-8', 'University or College', 'WP Mobile Menu', 'WPForms', 'Woo Themes', 'WordPress', 'WordPress Multisite', 'WordPress Related Posts', 'jQuery']"
propertyclean.nz,Home -,Property Clean,NZL,80,20718,2026-09-13T14:58:41.329443176Z,"['AWS WAF Challenge', 'Alternate Protocol', 'Better Lead Generation Services', 'Cloudflare', 'Cloudflare CDN', 'Content Delivery Network', 'Elementor', 'ElementsKit Elementor', 'EmbedPress', 'Essential Addons for Elementor', 'Exclusive Addons for Elementor', 'Font Awesome', 'Google', 'Google Cloud DNS', 'Google Font API', 'Google My Business', 'Google Related Website Sites', 'Hello Elementor', 'LiteSpeed', 'Microdata for Google Shopping', 'Microsoft Authentication Library for JavaScript', 'NFOrce Internet', 'PHP', 'QUIC', 'Theme In WP', 'UTF-8', 'WPForms', 'WordPress', 'WordPress Multisite', 'jQuery', 'myStickymenu']"
as-saffat.com,AS,,FRA,65,4184,2026-09-13T14:58:41.316872145Z,"['Alternate Protocol', 'Contact Form Plugin', 'Content Delivery Network', 'Elementor', 'EmbedPress', 'Google', 'Google Cloud CDN', 'Google Cloud DNS', 'Google Font API', 'IcoMoon', 'Jetpack', 'LiteSpeed', 'PHP', 'QUIC', 'Redux Framework', 'Slider Revolution', 'Tailwind CSS', 'The Post Grid', 'Theme In WP', 'UTF-8', 'Variation Swatches for WooCommerce', 'WPForms', 'Woo Themes', 'WooCommerce', 'WooCommerce Checkout', 'WooCommerce Payments', 'WordPress', 'WordPress Multisite', 'WordPress Stats', 'YITH WooCommerce Compare', 'jQuery']"
tatongastudio.ca,Tatonga Studio Home - Creating Custom Online Training,Tatonga Studio,USA,82,22456,2026-09-13T14:58:41.306398725Z,"['AWS WAF Challenge', 'Alternate Protocol', 'Animate It', 'Autoptimize', 'Cloudflare', 'Cloudflare CDN', 'Content Delivery Network', 'Corporate Governance and Regulatory Compliance', 'DAV', 'EmbedPress', 'Fastly', 'GZIP Module', 'Google', 'Google Cloud DNS', 'Google Font API', 'Google My Business', 'IcoMoon', 'LearnDash', 'Microdata for Google Shopping', 'Nectar Slide Plugin', 'Nginx', 'PHP', 'Salient', 'Theme In WP', 'Twitter Ads', 'UTF-8', 'WPBakery', 'WPForms', 'WordPress', 'WordPress Multisite', 'YouTube', 'jQuery', 'reCAPTCHA']"
porquenocalpe.com,Welcome - Restaurant Por Qué No? Calpe,Restaurant Por Qué No? Calpe,USA,70,24930,2026-09-13T14:58:41.298427936Z,"['AWS WAF Challenge', 'Alternate Protocol', 'Apache', 'Cloudflare', 'Cloudflare CDN', 'Contact Form Plugin', 'DAV', 'Elementor', 'EmbedPress', 'GZIP Module', 'Google', 'Google Cloud DNS', 'Google Font API', 'Google My Business', 'Metform Elemento', 'Microdata for Google Shopping', 'NFOrce Internet', 'PHP', 'Polylang', 'Slider Revolution', 'Tailwind CSS', 'Theme In WP', 'UTF-8', 'Vector Internet Services', 'WPForms', 'Woo Themes', 'WordPress', 'WordPress Multisite', 'eLand', 'jQuery']"
bebeshine.com,Home -,bebeshine,THA,77,3542,2026-09-13T14:58:41.290621934Z,"['Alternate Protocol', 'Astra Theme', 'Content Delivery Network', 'Elementor', 'EmbedPress', 'FreeCSSTemplates', 'Google', 'Google Analytics', 'Google Cloud CDN', 'Google Cloud DNS', 'Google Font API', 'Google Tag Manager', 'Gravity Forms', 'Header, Footer and Blocks for Elementor', 'LiteSpeed', 'Microdata for Google Shopping', 'PHP', 'Pexels', 'QUIC', 'Royal Elementor Addons', 'Sitelinks Search Box', 'TablePress', 'Theme In WP', 'UTF-8', 'Unsplash', 'WPForms', 'Woo Themes', 'WordPress', 'WordPress Multisite', 'WordPress Related Posts', 'jQuery']"
digicraftsstudio.com,Welcome - Digicrafts Studio,,BWA,82,19736,2026-09-13T14:58:41.287541183Z,"['AWS WAF Challenge', 'Alternate Protocol', 'Cloudflare', 'Cloudflare CDN', 'Content Delivery Network', 'Elementor', 'ElementsKit Elementor', 'EmbedPress', 'Essential Addons for Elementor', 'Google', 'Google My Business', 'Header, Footer and Blocks for Elementor', 'InitiativeS', 'Instagram Follow Button', 'LiteSpeed', 'Microdata for Google Shopping', 'NFOrce Internet', 'PHP', 'Phlox', 'Premium Addons for Elementor', 'QUIC', 'Sitelinks Search Box', 'Sticky Header Effects for Elementor', 'Theme In WP', 'Twitter Ads', 'UTF-8', 'WPForms', 'WordPress', 'WordPress Multisite', 'YouTube', 'eLand', 'jQuery']"
yusuf-cubukcu.com,"Mech. Eng. Yusuf Çubukçu – Hello, I'm Yusuf Çubukçu A Creative Mechanical Engineer From Türkiye Enthusiastic and results-oriented mechanical engineer with a strong academic background and hands-on experience in design, analysis, and simulation of mechanical systems.",,TUR,70,20229,2026-09-13T14:58:41.283824763Z,"['AWS WAF Challenge', 'Alternate Protocol', 'Apture Linking Platform', 'Astra Theme', 'Cloudflare', 'Cloudflare CDN', 'Content Delivery Network', 'Elementor', 'EmbedPress', 'Essential Addons for Elementor', 'Google', 'Google Cloud DNS', 'Google Font API', 'Google My Business', 'Gtranslate for Wordpress', 'Instagram Follow Button', 'LiteSpeed', 'NFOrce Internet', 'PHP', 'Polylang', 'Theme In WP', 'UTF-8', 'WPForms', 'Woo Themes', 'WordPress', 'WordPress Multisite', 'WordPress Related Posts', 'jQuery']"
granitecity.org,"Connecting with God & others | Granite City Church in Quincy, MA",Granite City Church,USA,77,21899,2026-09-13T14:58:41.282233976Z,"['AWS WAF Challenge', 'Alternate Protocol', 'Astra Theme', 'Beaver Builder Lite', 'Cloudflare', 'Cloudflare CDN', 'Content Delivery Network', 'EmbedPress', 'Fastly', 'FormSubmit', 'GZIP Module', 'Google', 'Google Analytics', 'Google My Business', 'Google Tag Manager', 'Microdata for Google Shopping', 'PHP', 'Simple Banner for Wordpress', 'Theme In WP', 'UTF-8', 'WPForms', 'WordPress', 'WordPress Multisite', 'WordPress Related Posts', 'jQuery', 'reCAPTCHA']"
cmphomeinspections.com,"CMP Home Inspections Bokeelia, Southwest Florida",CMP Home Inspections,USA,92,3214,2026-09-13T14:58:41.28052357Z,"['Alternate Protocol', 'Apture Linking Platform', 'Astra Theme', 'Cloudflare', 'Content Delivery Network', 'Elementor', 'EmbedPress', 'Google Analytics', 'Google My Business', 'Google Related Website Sites', 'Google Tag Manager', 'Header, Footer and Blocks for Elementor', 'Instagram Follow Button', 'Microdata for Google Shopping', 'NFOrce Internet', 'PHP', 'Perfmatters', 'Perl', 'UTF-8', 'WP Rocket', 'WPForms', 'Woo Themes', 'WordPress', 'WordPress Multisite', 'WordPress Related Posts', 'jQuery']"
nexhibits.com,Home - Nexhibits,nexhibits.com,GBR,77,4966,2026-09-13T14:58:41.276980972Z,"['Alternate Protocol', 'Contact Form Plugin', 'Content Delivery Network', 'Elementor', 'EmbedPress', 'FreeCSSTemplates', 'Google', 'Google Analytics', 'Google Cloud CDN', 'Google Cloud DNS', 'Google Font API', 'Google My Business', 'Google Tag Manager', 'Header, Footer and Blocks for Elementor', 'Instagram Feed for WordPress', 'Instagram Follow Button', 'Jetpack', 'LiteSpeed', 'Microdata for Google Shopping', 'MonsterInsights', 'No-Q', 'PHP', 'QUIC', 'Schema Plugin', 'Site Reviews for Wordpress', 'Sitelinks Search Box', 'TI WooCommerce Wishlist', 'Tailwind CSS', 'Theme In WP', 'Tidio', 'UTF-8', 'WPForms', 'Woo Themes', 'WooCommerce', 'WooCommerce Checkout', 'WooCommerce Payments', 'WordPress', 'WordPress Multisite', 'WordPress Stats', 'jQuery']"
a2sshine.com,Home - A2S Shine,A2S Shine,IND,70,35228,2026-09-13T14:58:41.271612864Z,"['AWS WAF Challenge', 'Alternate Protocol', 'Apture Linking Platform', 'Blocksy', 'Cloudflare', 'Cloudflare CDN', 'Content Delivery Network', 'Elementor', 'EmbedPress', 'Fireblade', 'Google', 'Google Cloud DNS', 'Google Font API', 'Google My Business', 'Instagram Follow Button', 'Line2', 'LiteSpeed', 'Metform Elemento', 'Microdata for Google Shopping', 'NFOrce Internet', 'PHP', 'Perl', 'Pexels', 'TI WooCommerce Wishlist', 'Table Addons for Elementor', 'Theme In WP', 'UTF-8', 'Variation Swatches for WooCommerce', 'WPForms', 'Woo Themes', 'WooCommerce', 'WooCommerce Checkout', 'WordPress', 'WordPress Multisite', 'eLand', 'jQuery']"
ethoslab.ca,Innovation Hub - Ethọ́s Lab,,CAN,82,7421,2026-09-13T14:58:41.266583355Z,"['Alternate Protocol', 'BunnyCDN', 'BunnyCDN General', 'Contact Form Plugin', 'Content Delivery Network', 'Custom Facebook Feed', 'Custom Twitter Feeds', 'DAV', 'ElementUI', 'EmbedPress', 'Facebook Conversion Tracking', 'Facebook Login', 'Facebook Messenger Platform', 'Facebook Pixel', 'Facebook Reseller', 'Facebook Tag API', 'Font Awesome', 'Google Analytics', 'Google Cloud DNS', 'Google Font API', 'Google Forms', 'Google My Business', 'Google Tag Manager', 'Gravity Forms', 'Instagram Feed for WordPress', 'Instagram Follow Button', 'Line2', 'LiteSpeed', 'LottieFiles', 'MailChimp', 'MailChimp for WordPress', 'Microdata for Google Shopping', 'Nectar Slide Plugin', 'PHP', 'QUIC', 'Salient', 'Shifter', 'Sitelinks Search Box', 'Stripe', 'Theme In WP', 'UTF-8', 'University or College', 'WPBakery', 'WPForms', 'Woo Themes', 'WordPress', 'WordPress Multisite', 'jQuery', 'reCAPTCHA']"
eastcoastexoticsnationwide.com,East Coast Exotics Nationwide,,,67,20891,2026-09-13T14:43:50.698691682Z,"['AWS WAF Challenge', 'Alternate Protocol', 'Apture Linking Platform', 'Astra Theme', 'Automattic', 'CartFlows', 'Cloudflare', 'Cloudflare CDN', 'Coming Soon Page', 'Content Delivery Network', 'Elementor', 'EmbedPress', 'Google', 'Google Analytics', 'Google Cloud DNS', 'Google Font API', 'Google My Business', 'Google Tag Manager', 'Header, Footer and Blocks for Elementor', 'Jetpack', 'Line2', 'LiteSpeed', 'NFOrce Internet', 'PHP', 'QUIC', 'Theme In WP', 'UTF-8', 'WPForms', 'Woo Themes', 'WooCommerce', 'WooCommerce Checkout', 'WooCommerce Payments', 'WordPress', 'WordPress Multisite', 'WordPress Related Posts', 'WordPress Stats', 'jQuery']"
marioncarlsonchildrensbooks.com,Marion Carlson -,,,60,359,2026-09-13T14:43:50.695614435Z,"['AWS WAF Challenge', 'Alternate Protocol', 'Apache', 'Cloudflare', 'Cloudflare CDN', 'EmbedPress', 'GZIP Module', 'Google', 'Google My Business', 'Jetpack', 'Microdata for Google Shopping', 'MouseWheel Smooth Scroll', 'PHP', 'QUIC', 'Theme In WP', 'UTF-8', 'WPForms', 'Woo Themes', 'WordPress', 'WordPress Multisite', 'WordPress Stats', 'jQuery']"
bartoszkubat.pl,Home - Gabinet Stomatologiczny Bartosz Kubat,,POL,92,57594,2026-09-13T14:43:50.693364164Z,"['AWS WAF Challenge', 'Alternate Protocol', 'Amazon WAF Blocked', 'Anti-spam for WordPress', 'CDN JS', 'CleanTalk Spam Protect', 'Cloudflare', 'Cloudflare CDN', 'Content Delivery Network', 'Docplanner', 'EmbedPress', 'Fireblade', 'Google', 'Google My Business', 'INETu', 'LiteSpeed', 'Microdata for Google Shopping', 'PHP', 'Sitelinks Search Box', 'Theme In WP', 'UTF-8', 'WPForms', 'WordPress', 'jQuery', 'jsDelivr']"
aeipms.com.au,AEI Project Management Group Pty Ltd | Oil & Gas & Renewable Energy Experts,,,62,2982,2026-09-13T14:43:50.687315847Z,"['Alternate Protocol', 'Astra Theme', 'Cloudflare', 'EmbedPress', 'Google', 'Google Cloud DNS', 'Google Font API', 'LiteSpeed', 'Ntent', 'PHP', 'Theme In WP', 'UTF-8', 'WPForms', 'WordPress', 'WordPress Multisite', 'WordPress Related Posts', 'jQuery']"
amandaheineyblog.com,Amanda Heiney Blog – Sharing all of my favorite things from luxury to designer inspired!,,,67,9185,2026-09-13T14:36:10.60209868Z,"['Alternate Protocol', 'Automattic', 'Cisco/Arrowpoint Content Service Switch', 'Content Delivery Network', 'EmbedPress', 'Genius Link', 'GitHub Hosting', 'Google', 'Google Cloud DNS', 'Google Font API', 'Gutenberg', 'Instagram Follow Button', 'Jetpack', 'Jetpack Site Accelerator', 'MailPoet', 'Nginx', 'PHP', 'Perl', 'Tailwind CSS', 'Telegram', 'Theme In WP', 'UTF-8', 'WPForms', 'Woo Themes', 'WordPress', 'WordPress Multisite', 'WordPress Stats', 'jQuery']"
shipratiles.com,Shipra Tiles - Manufacturer of Heat Resistant Terrace Tiles,Shipra Tiles,IND,77,33412,2026-09-13T14:36:10.598720019Z,"['AWS WAF Challenge', 'Advanced Woo Search', 'Alternate Protocol', 'Angular', 'Elementor', 'EmbedPress', 'Essential Addons for Elementor', 'Fireblade', 'Google Analytics', 'Google Cloud DNS', 'Google Font API', 'Google Related Website Sites', 'Google Tag Manager', 'Hello Elementor', 'Microdata for Google Shopping', 'NFOrce Internet', 'PHP', 'QUIC', 'Royal Elementor Addons', 'Shipping Rates Calculator', 'Side Cart Woocommerce', 'Sitelinks Search Box', 'Slider Revolution', 'Sticky Header Effects for Elementor', 'The Plus Addons for Elementor', 'Theme In WP', 'UTF-8', 'WPForms', 'WhatsApp Sharing', 'Woo Themes', 'WooCommerce', 'WooCommerce Checkout', 'WordPress', 'WordPress Multisite', 'jQuery']"
crossskills.in,Cross Skills,Cross Skills,,55,402,2026-09-13T14:36:10.595659539Z,"['AWS WAF Challenge', 'Alternate Protocol', 'Automattic', 'Cloudflare', 'Cloudflare CDN', 'Contact Form Plugin', 'Content Delivery Network', 'EmbedPress', 'Event Tickets for Wordpress', 'Express', 'Facebook Conversion Tracking', 'Facebook Login', 'Facebook Messenger Platform', 'Facebook Pixel', 'Facebook Reseller', 'Facebook Tag API', 'FreeCSSTemplates', 'Getwid Gutenberg Blocks', 'Google', 'Google Analytics', 'Google Cloud DNS', 'Google Font API', 'Google Forms', 'Google My Business', 'Google Related Website Sites', 'Google Tag Manager', 'HubSpot WordPress Plugin', 'Instagram Follow Button', 'Jetpack', 'LiteSpeed', 'Microdata for Google Shopping', 'PHP', 'Popup Maker for Wordpress', 'TablePress', 'Theme In WP', 'Twitter Ads', 'UTF-8', 'University or College', 'WPForms', 'Woo Themes', 'WordPress', 'WordPress Multisite', 'WordPress Stats', 'YouTube', 'jQuery']"
rockymountaintruckingllc.com,Rocky Mountain Trucking Home - Rocky Mountain Trucking LLC,,ZAF,82,5689,2026-09-13T14:36:10.59408659Z,"['Alternate Protocol', 'Content Delivery Network', 'Elementor', 'Elementor Addon Elements', 'ElementsKit Elementor', 'EmbedPress', 'Essential Addons for Elementor', 'Google My Business', 'Google Related Website Sites', 'Google Tag Manager', 'Jetpack', 'Line2', 'LiteSpeed', 'Microdata for Google Shopping', 'NFOrce Internet', 'Newsletter for Wordpress', 'OceanWP', 'PHP', 'QUIC', 'QUIC.cloud', 'Sitelinks Search Box', 'Table Addons for Elementor', 'UTF-8', 'WP Mobile Menu', 'WPForms', 'Woo Themes', 'WooCommerce Checkout', 'WordPress', 'WordPress Multisite', 'WordPress Related Posts', 'WordPress Stats', 'reCAPTCHA']"
oslosnekkerservice.no,Oslo Snekkerservice - Oslo Snekker Service,Oslo Snekker Service,NOR,82,4531,2026-09-13T14:36:10.590687079Z,"['Alternate Protocol', 'Apache', 'EmbedPress', 'GZIP Module', 'Google Related Website Sites', 'IcoMoon', 'Instagram Follow Button', 'Microdata for Google Shopping', 'Newsletter for Wordpress', 'OceanWP', 'PHP', 'Sitelinks Search Box', 'Tailwind CSS', 'Theme In WP', 'UTF-8', 'WP Mobile Menu', 'WPForms', 'Woo Themes', 'WooCommerce Checkout', 'WordPress', 'WordPress Multisite', 'Yandex Hosting', 'jQuery']"
theartoflivingstudio.com,"The Art of Living Studio | Therapy in Topeka, KS",,USA,82,18464,2026-09-13T14:36:10.571714658Z,"['AWS WAF Challenge', 'Alternate Protocol', 'Amazon Widgets', 'Apache', 'Apture Linking Platform', 'Cloudflare', 'Divi', 'Elegant Themes', 'EmbedPress', 'Express', 'GZIP Module', 'Google', 'Google Analytics', 'Google Cloud DNS', 'Google Font API', 'Google My Business', 'Google Tag Manager', 'Instagram Follow Button', 'Microdata for Google Shopping', 'MonsterInsights', 'PHP', 'Theme In WP', 'UTF-8', 'WP Rocket', 'WPForms', 'Woo Themes', 'WordPress', 'WordPress Multisite', 'jQuery']"
anchorandtrust.com,Anchor & Trust Insurance Group,,USA,75,30781,2026-09-13T14:36:10.556575349Z,"['Alternate Protocol', 'Apture Linking Platform', 'Automattic', 'Cloudflare', 'Elementor', 'EmbedPress', 'Fireblade', 'GZIP Module', 'Google', 'Google Analytics', 'Google Cloud DNS', 'Google Font API', 'Google Related Website Sites', 'Google Tag Manager', 'HubSpot WordPress Plugin', 'Instagram Follow Button', 'Jetpack', 'Max Mega Menu', 'Max Mega Menu Pro', 'Microdata for Google Shopping', 'NFOrce Internet', 'Nginx', 'PHP', 'Qi Addons For Elementor', 'Telegram', 'Theme In WP', 'UTF-8', 'WP Rocket', 'WPForms', 'Woo Themes', 'WordPress', 'WordPress Multisite', 'WordPress Related Posts', 'WordPress Stats', 'jQuery']"
wiltshireroofingbuildingltd.co.uk,Roofers in Trowbridge | WILTSHIRE ROOFING & BUILDING LTD,,GBR,82,34886,2026-09-13T14:25:46.208261395Z,"['AWS WAF Challenge', 'Agoda', 'Alternate Protocol', 'Cloudflare', 'Cloudflare CDN', 'Content Delivery Network', 'EmbedPress', 'Fireblade', 'Flatsome', 'Font Awesome', 'Google', 'Google Analytics', 'Google My Business', 'Google Related Website Sites', 'Google Tag Manager', 'IcoMoon', 'Line2', 'LiteSpeed', 'Microdata for Google Shopping', 'PHP', 'Perl', 'QUIC', 'QUIC.cloud', 'Sitelinks Search Box', 'UTF-8', 'WPForms', 'WordPress', 'WordPress Multisite']"
jansevatrust.in,Home - janseva trust,janseva trust,IND,87,4770,2026-09-13T14:25:46.19030955Z,"['Alternate Protocol', 'Cloudflare', 'CoBlocks', 'Content Delivery Network', 'Elementor', 'EmbedPress', 'GiveWP', 'Google', 'Google Analytics', 'Google Cloud CDN', 'Google Cloud DNS', 'Google Font API', 'Google Maps', 'Google My Business', 'Google Related Website Sites', 'Google Tag Manager', 'IcoMoon', 'LiteSpeed', 'Microdata for Google Shopping', 'PHP', 'Responsive', 'Site Kit', 'Sitelinks Search Box', 'The Events Calendar', 'Theme In WP', 'UTF-8', 'WPForms', 'Woo Themes', 'WooCommerce Checkout', 'WordPress', 'WordPress Multisite', 'WordPress Related Posts', 'jQuery']"
mygreengene.org,Home - MyGreenGene,MyGreenGene,GBR,77,4764,2026-09-13T14:25:46.180823169Z,"['Alternate Protocol', 'Apache', 'Contact Form Plugin', 'Elementor', 'EmbedPress', 'Event Tickets for Wordpress', 'GZIP Module', 'Google', 'Google Analytics', 'Google Cloud CDN', 'Google Cloud DNS', 'Google Font API', 'Google My Business', 'Google Tag Manager', 'Instagram Follow Button', 'Microdata for Google Shopping', 'MonsterInsights', 'PHP', 'Perl', 'Sitelinks Search Box', 'The Events Calendar', 'Theme In WP', 'Twitter Ads', 'UTF-8', 'WPForms', 'Woo Themes', 'WooCommerce Checkout', 'WordPress', 'WordPress Multisite', 'YouTube', 'jQuery', 'reCAPTCHA']"
msloslearningcenter.com,Home - Ms. Lo's Learning Center,Ms. Lo's Learning Center,,65,22796,2026-09-13T14:25:46.174275926Z,"['AWS WAF Challenge', 'Alternate Protocol', 'Astra Theme', 'Automattic', 'Cloudflare', 'Cloudflare CDN', 'Elementor', 'EmbedPress', 'Essential Addons for Elementor', 'GZIP Module', 'Google', 'Google Cloud DNS', 'Google Font API', 'Google My Business', 'Header, Footer and Blocks for Elementor', 'Instagram Follow Button', 'Jetpack', 'Microdata for Google Shopping', 'NFOrce Internet', 'Nginx', 'PHP', 'QUIC', 'Theme In WP', 'UTF-8', 'WPForms', 'Woo Themes', 'WordPress', 'WordPress Multisite', 'WordPress Related Posts', 'WordPress Stats', 'hCaptcha', 'hCaptcha for WordPress', 'jQuery', 'reCAPTCHA', 'shadcn ui']"
ahmedabadsamay.in,Home - Ahmedabad Samay,,,65,30645,2026-09-13T14:25:46.173268327Z,"['Accelerated Mobile Pages', 'Adult Content', 'Alternate Protocol', 'Baidu Cloud', 'Contact Form Plugin', 'Content Delivery Network', 'EmbedPress', 'Express', 'Fireblade', 'Font Awesome', 'GDPR Consent Management Platform', 'GitHub Hosting', 'Google Adsense', 'Google Analytics', 'Google Cloud DNS', 'Google Font API', 'Google Funding Choices', 'Google Maps', 'Google Matched Content', 'Google My Business', 'Google Reseller', 'Google Tag Manager', 'LiteSpeed', 'Media.net', 'Microdata for Google Shopping', 'Onyx Internet', 'PHP', 'PenNews', 'Perl', 'Schema Plugin', 'Sitelinks Search Box', 'The Events Calendar', 'Theme In WP', 'UTF-8', 'WPBakery', 'WPForms', 'Web Stories', 'Woo Themes', 'WordPress', 'WordPress Multisite', 'WordPress Related Posts', 'Yandex Hosting', 'YouTube', 'bbPress', 'eLand', 'jQuery']"
blindcrew.com.au,"Blinds Central Coast | Roller, Plantation and Verticals",The Blind Crew,AUS,82,18437,2026-09-13T14:25:46.145106Z,"['Accordion Blocks', 'Alternate Protocol', 'Better Lead Generation Services', 'Cloudflare', 'Content Delivery Network', 'EmbedPress', 'Fireblade', 'Flatsome', 'GZIP Module', 'GenerateBlocks', 'Google Analytics', 'Google Related Website Sites', 'Google Tag Manager', 'IcoMoon', 'Lazy Load for WordPress', 'LiteSpeed', 'Microdata for Google Shopping', 'NFOrce Internet', 'PHP', 'Perfmatters', 'QUIC', 'Site Kit', 'Sitelinks Search Box', 'Tailwind CSS', 'Theme In WP', 'UTF-8', 'Ultimate Addons for Gutenberg', 'WPForms', 'Woo Themes', 'WooCommerce', 'WooCommerce Checkout', 'WooCommerce Payments', 'WordPress', 'WordPress Multisite', 'jQuery']"
investwithshaw.com,Shaw Investments – Real Estate Syndication,,VEN,70,29030,2026-09-13T14:25:46.140540683Z,"['Alternate Protocol', 'Apache', 'Automattic', 'Autoptimize', 'Cisco/Arrowpoint Content Service Switch', 'EmbedPress', 'Endurance Page Cache', 'Fastly', 'GZIP Module', 'Google Cloud DNS', 'Google Font API', 'IPFS', 'Jetpack', 'KVH', 'Mesmerize', 'Mesmerize Companion', 'PHP', 'Tailwind CSS', 'Theme In WP', 'UTF-8', 'WPForms', 'Woo Themes', 'WordPress', 'WordPress Multisite', 'WordPress Stats', 'jQuery']"
archanadarekar.com,Home - Welcome to Archana Darekar's Real Estate,Welcome to Archana Darekar&#039;s Real Estate,USA,75,13102,2026-09-13T14:12:34.4638576Z,"['Alternate Protocol', 'Cloudflare', 'CoBlocks', 'Content Delivery Network', 'Elementor', 'EmbedPress', 'GoDaddy', 'Google Cloud DNS', 'Google Font API', 'Google My Business', 'Gtranslate for Wordpress', 'IDX Broker', 'IDXBroker', 'Instagram Follow Button', 'Microdata for Google Shopping', 'NFOrce Internet', 'Negate', 'Newsletter for Wordpress', 'OceanWP', 'PHP', 'Tailwind CSS', 'Theme In WP', 'UTF-8', 'University or College', 'WP Mobile Menu', 'WPForms', 'Woo Themes', 'WooCommerce Checkout', 'WordPress', 'WordPress Multisite', 'WordPress Related Posts', 'jQuery']"
maidsondutytn.com,"Efficient Commercial and Residential Cleaning in Nashville, TN",,USA,82,4402,2026-09-13T14:12:34.460771219Z,"['Alternate Protocol', 'Astra Theme', 'Content Delivery Network', 'Elementor', 'ElementsKit Elementor', 'EmbedPress', 'Gambling Content', 'Google Analytics', 'Google My Business', 'Google Related Website Sites', 'Google Tag Manager', 'LiteSpeed', 'Microdata for Google Shopping', 'NFOrce Internet', 'PHP', 'Pagekit', 'QUIC', 'Smush Image Optimization', 'Table Addons for Elementor', 'Theme In WP', 'UTF-8', 'WP Statistics', 'WPForms', 'Woo Themes', 'WordPress', 'WordPress Multisite', 'WordPress Related Posts', 'jQuery', 'reCAPTCHA', 'shadcn ui']"
yoshimi-restaurant.nl,🍣 🍱 🍤 🦪 Yoshimi Sushi & Grill – De authentieke Japanse smaak in Raamsdonksveer,,,60,260,2026-09-13T14:04:43.903105651Z,"['Alternate Protocol', 'Apache', 'Blocksy', 'Elementor', 'EmbedPress', 'GZIP Module', 'Google', 'Google Cloud CDN', 'Google Cloud DNS', 'Google Font API', 'Google Maps', 'Google My Business', 'Gravity', 'Gravity Forms', 'HappyAddons', 'PHP', 'Theme In WP', 'To Top', 'UTF-8', 'W3 Total Cache', 'WPForms', 'WordPress', 'WordPress Multisite', 'jQuery']"
mystreetmarketing.com,My Street Marketing - Local Digital Marketing Agency Costa Mesa,My Street Marketing,USA,77,20358,2026-09-13T14:04:43.902020866Z,"['AWS WAF Challenge', 'Alternate Protocol', 'Astra Theme', 'Automattic', 'Cloudflare', 'Cloudflare CDN', 'Elementor', 'EmbedPress', 'GZIP Module', 'Google', 'Google Analytics', 'Google Cloud DNS', 'Google Font API', 'Google My Business', 'Google Tag Manager', 'Header, Footer and Blocks for Elementor', 'Instagram Follow Button', 'Jetpack', 'Lazy Load for WordPress', 'Microdata for Google Shopping', 'NFOrce Internet', 'Nginx', 'PHP', 'QUIC', 'Site Kit', 'Table Addons for Elementor', 'Theme In WP', 'UTF-8', 'WPForms', 'Woo Themes', 'WordPress', 'WordPress Multisite', 'WordPress Related Posts', 'WordPress Stats', 'jQuery']"
matchmachinery.com,Home - MATCH MACHINERY,Match Machinery,,65,24021,2026-09-13T14:04:43.881590154Z,"['AWS WAF Challenge', 'Alternate Protocol', 'Cloudflare', 'Content Delivery Network', 'Elementor', 'EmbedPress', 'Font Awesome', 'Google Analytics', 'Google Cloud DNS', 'Google Font API', 'Google Tag Manager', 'Gtranslate for Wordpress', 'LayerSlider Responsive', 'Microdata for Google Shopping', 'NFOrce Internet', 'OceanWP', 'PHP', 'QUIC', 'Site Kit', 'Theme In WP', 'UTF-8', 'Vector Internet Services', 'WP Engine', 'WPForms', 'WPFront Scroll Top', 'Woo Themes', 'WooCommerce', 'WooCommerce Checkout', 'WordPress', 'WordPress Multisite', 'jQuery']"
globalhealthintelligence.com,Home - Global Health Intelligence – Healthcare Market Insights for Emerging Markets,Global Health Intelligence,BRA,82,13976,2026-09-13T14:04:43.850956824Z,"['Alternate Protocol', 'Apache', 'Constant Contact Wordpress Forms', 'Debian', 'EmbedPress', 'GZIP Module', 'Google Cloud DNS', 'Google Font API', 'Line2', 'Microdata for Google Shopping', 'Nectar Slide Plugin', 'PHP', 'Phew', 'Post Grid', 'QUIC', 'Salient', 'Sitelinks Search Box', 'Tailwind CSS', 'Theme In WP', 'UTF-8', 'WP Fastest Cache', 'WPBakery', 'WPForms', 'WPML Multilingual', 'WordPress', 'WordPress Multisite', 'YouTube']"
jtisdalecounseling.com,"Jerald “JT” Tisdale | Therapy in Nashville, TN",,,72,3363,2026-09-13T14:04:43.84491612Z,"['Alternate Protocol', 'Amazon WAF Blocked', 'Apache', 'Apture Linking Platform', 'Divi', 'Elegant Themes', 'EmbedPress', 'Font Awesome', 'GZIP Module', 'Google', 'Google Analytics', 'Google Cloud CDN', 'Google Cloud DNS', 'Google Font API', 'Google Tag Manager', 'Microdata for Google Shopping', 'PHP', 'Theme In WP', 'UTF-8', 'University or College', 'WP Rocket', 'WPForms', 'Woo Themes', 'WordPress', 'WordPress Multisite', 'jQuery']"
altraenterprise.in,Stainless Steel Supplier in Gujarat | SS 304 & 316 Dealer,Altra Enterprise,IND,92,74462,2026-09-13T14:04:43.836747599Z,"['AWS WAF Challenge', 'Adult Content', 'Alternate Protocol', 'Astra Theme', 'CartFlows', 'Cloudflare', 'Cloudflare CDN', 'Content Delivery Network', 'DAV', 'Elementor', 'EmbedPress', 'Ethy', 'Fireblade', 'Gambling Content', 'Google', 'Google Adsense', 'Google Analytics', 'Google Cloud DNS', 'Google Font API', 'Google Funding Choices', 'Google Maps', 'Google Matched Content', 'Google My Business', 'Google Related Website Sites', 'Google Reseller', 'Google Tag Manager', 'Hello Bar', 'Instagram Follow Button', 'Interchange', 'Kitco', 'Line2', 'LiteSpeed', 'Microdata for Google Shopping', 'Microsoft Clarity', 'NFOrce Internet', 'PHP', 'Perl', 'QUIC', 'QUIC.cloud', 'Table Addons for Elementor', 'Thank You', 'The Fresh', 'UTF-8', 'WPForms', 'Woo Themes', 'WooCommerce Checkout', 'WordPress', 'WordPress Multisite', 'YouTube', 'reCAPTCHA', 'shadcn ui']"
makethemostoflife.in,Saloni Sawnani | Clinical Psychologist | Trauma-Informed Therapist,,IND,82,19824,2026-09-13T14:04:43.834574785Z,"['AWS WAF Challenge', 'Alternate Protocol', 'Astra Theme', 'Cloudflare', 'Cloudflare CDN', 'Content Delivery Network', 'Elementor', 'EmbedPress', 'Google', 'Google Cloud DNS', 'Google Font API', 'Google My Business', 'Instagram Follow Button', 'Join.chat', 'LiteSpeed', 'Microdata for Google Shopping', 'NFOrce Internet', 'PHP', 'Theme In WP', 'UTF-8', 'WPForms', 'Woo Themes', 'WordPress', 'WordPress Multisite', 'WordPress Related Posts', 'YouTube', 'jQuery']"
renewsa.co.za,Renew SA – Vehicle License Disk Renewals,,,60,614,2026-09-13T13:50:29.740319959Z,"['Alternate Protocol', 'Aruba', 'Elementor', 'ElementsKit Elementor', 'EmbedPress', 'GZIP Module', 'Hello Elementor', 'Join.chat', 'LiteSpeed', 'NFOrce Internet', 'PHP', 'QUIC', 'Theme In WP', 'UTF-8', 'WPForms', 'WhatsApp Sharing', 'WordPress', 'WordPress Multisite', 'eLand', 'jQuery']"
northernweldingandrepair.com,"Welding Services in Inman, SC | Northern Welding & Repair",,USA,77,3767,2026-09-13T13:50:29.727575563Z,"['Adult Content', 'Alternate Protocol', 'Cloudflare', 'Elementor', 'EmbedPress', 'FormSubmit', 'Google', 'Google Cloud CDN', 'Google Cloud DNS', 'Google Font API', 'Google My Business', 'Header, Footer and Blocks for Elementor', 'Hello Elementor', 'IcoMoon', 'Jeg Elementor Kit', 'LiteSpeed', 'Metform Elemento', 'Microdata for Google Shopping', 'PHP', 'QUIC', 'Theme In WP', 'UTF-8', 'WPForms', 'WordPress', 'WordPress Multisite', 'jQuery']"
ripleychanton.com.au,Home - Ripley Chanton ®,Ripley Chanton ®,,70,34887,2026-09-13T13:50:29.725865407Z,"['AWS WAF Challenge', 'Alternate Protocol', 'Cloudflare', 'Cloudflare CDN', 'Coming Soon Page', 'Content Delivery Network', 'EmbedPress', 'GoDaddy', 'Google', 'Google My Business', 'Instagram Follow Button', 'Microdata for Google Shopping', 'NFOrce Internet', 'Twenty Twenty-Four', 'Twitter Ads', 'UTF-8', 'WPForms', 'Wangsu', 'WordPress', 'WordPress Multisite']"
bezbednost.com,HELP DOO Subotica - agencija za pružanje usluga obezbeđenja,HELP DOO Subotica &#8211; agencija za obezbeđenje,SRB,77,944,2026-09-13T13:50:29.700305019Z,"['Alternate Protocol', 'Astra Theme', 'Elementor', 'EmbedPress', 'Google Cloud DNS', 'Google Font API', 'LiteSpeed', 'Microdata for Google Shopping', 'PHP', 'QUIC', 'Sitelinks Search Box', 'The SEO Framework', 'Theme In WP', 'UTF-8', 'WPForms', 'Woo Themes', 'WordPress', 'WordPress Multisite', 'WordPress Related Posts', 'jQuery']"
stayalivemedical.org,Home - Stay Alive Medicals,Stay Alive Medicals,NGA,70,20640,2026-09-13T13:39:36.107022012Z,"['AWS WAF Challenge', 'Alternate Protocol', 'Astra Theme', 'Automattic', 'Cloudflare', 'Cloudflare CDN', 'Creative Mail by Constant Contact', 'Elementor', 'EmbedPress', 'GZIP Module', 'Google', 'Google Cloud DNS', 'Google Font API', 'Google Maps', 'Google My Business', 'Header, Footer and Blocks for Elementor', 'Jetpack', 'Microdata for Google Shopping', 'NFOrce Internet', 'Nginx', 'PHP', 'Table Addons for Elementor', 'Theme In WP', 'UTF-8', 'WPForms', 'Woo Themes', 'WordPress', 'WordPress Multisite', 'WordPress Related Posts', 'WordPress Stats', 'jQuery']"
alduin.ma,"ALDUIN ▷ PC Gamer Maroc | Achat Ordinateur, Serveur et composants Gaming au Meilleurs prix workstation",,JAM,70,7404,2026-09-13T13:39:36.0977627Z,"['Advanced Woo Search', 'Alternate Protocol', 'Electro', 'Elementor', 'EmbedPress', 'Google Cloud DNS', 'Google Font API', 'NFOrce Internet', 'PHP', 'Theme In WP', 'UTF-8', 'Vector Internet Services', 'WPForms', 'Woo Themes', 'WooCommerce', 'WooCommerce Checkout', 'WordPress', 'WordPress Multisite', 'jQuery']"
topconstruction.eu,TOPCONSTRUCTION,,ESP,50,723,2026-09-13T13:39:36.083263951Z,"['Alternate Protocol', 'Apache', 'Elementor', 'EmbedPress', 'GZIP Module', 'Google Cloud DNS', 'Google Font API', 'Instagram Follow Button', 'NFOrce Internet', 'Newsletter for Wordpress', 'OceanWP', 'PHP', 'Theme In WP', 'UTF-8', 'WP Mobile Menu', 'WPForms', 'Woo Themes', 'WordPress', 'WordPress Multisite', 'jQuery']"
westpenntownship.org,West Penn Township | West Penn Authority | New Ringgold PA,West Penn Township,,82,6010,2026-09-13T13:39:36.077640964Z,"['Alternate Protocol', 'Apache', 'Apture Linking Platform', 'Elementor', 'EmbedPress', 'Font Awesome', 'GZIP Module', 'Google', 'Google Analytics', 'Google Cloud CDN', 'Google Cloud DNS', 'Google Font API', 'Google My Business', 'Google Related Website Sites', 'Google Tag Manager', 'Lazy Load for WordPress', 'Microdata for Google Shopping', 'My Calendar', 'NFOrce Internet', 'OceanWP', 'PHP', 'QUIC', 'Sitelinks Search Box', 'Table Addons for Elementor', 'Tailwind CSS', 'Theme In WP', 'UTF-8', 'WP Mobile Menu', 'WP Rocket', 'WPForms', 'Woo Themes', 'WordPress', 'WordPress Multisite', 'jQuery']"
funnelby.com,Home - Funnelby Cashflow Marketing Agency,Funnelby Cashflow Marketing Agency,ESP,77,5526,2026-09-13T13:30:34.715004559Z,"['Adult Content', 'Alternate Protocol', 'Amazon', 'Content Delivery Network', 'Elementor', 'EmbedPress', 'Google', 'Google Cloud CDN', 'Google Cloud DNS', 'Google Font API', 'Instagram Follow Button', 'LiteSpeed', 'Microdata for Google Shopping', 'PHP', 'Premium Addons for Elementor', 'Sitelinks Search Box', 'Twenty Twenty-Four', 'UTF-8', 'WPForms', 'WordPress', 'WordPress Multisite', 'jQuery']"
mundanepros.com,"Dedicated Virtual Assistant Partner, AI-Powered | MundanePros",,PHL,82,20437,2026-09-13T13:19:55.043434432Z,"['AWS WAF Challenge', 'Alternate Protocol', 'Cloudflare', 'Cloudflare CDN', 'EmbedPress', 'Fastly', 'Google', 'Google Cloud DNS', 'Google Font API', 'Google My Business', 'InitiativeS', 'Instagram Follow Button', 'LiteSpeed', 'Microdata for Google Shopping', 'Oxygen', 'Oxygen Builder', 'PHP', 'QUIC', 'UTF-8', 'WPForms', 'WordPress', 'WordPress Multisite', 'jQuery']"
abirdtreesurgery.com,The Best domestic and commercial tree surgeons in Kent %,A Bird Tree Surgeons,DEU,87,3991,2026-09-13T13:19:55.033789381Z,"['Alternate Protocol', 'Contact Form Plugin', 'Content Delivery Network', 'Custom Twitter Feeds', 'Elementor', 'EmbedPress', 'Essential Addons for Elementor', 'GZIP Module', 'Google Maps', 'Google My Business', 'Instagram Feed for WordPress', 'Instagram Follow Button', 'Make Column Clickable Elementor', 'Microdata for Google Shopping', 'NFOrce Internet', 'Nginx', 'OceanWP', 'PHP', 'Tailwind CSS', 'Theme In WP', 'Twitter Ads', 'UTF-8', 'WP Engine', 'WP Mobile Menu', 'WPForms', 'Woo Themes', 'WooCommerce Checkout', 'WordPress', 'WordPress Multisite', 'jQuery']"
strechy-tost.cz,Úvodní stránka - Střechy TOST,Střechy TOST,CZE,77,4231,2026-09-13T13:19:55.008703066Z,"['Alternate Protocol', 'Apache', 'Bulma', 'DAV', 'Elementor', 'EmbedPress', 'Font Awesome', 'Formidable Pro Form', 'GZIP Module', 'Google', 'Google Analytics', 'Google Cloud CDN', 'Google Cloud DNS', 'Google Font API', 'Google My Business', 'Google Tag Manager', 'Hestia', 'IcoMoon', 'Microdata for Google Shopping', 'MonsterInsights', 'PHP', 'Sitelinks Search Box', 'Theme In WP', 'UTF-8', 'WPForms', 'Woo Themes', 'WooCommerce Checkout', 'WordPress', 'WordPress Multisite', 'jQuery']"
mrscogginsandassociates.com,Mr. Scoggins & Associates LLC.,,USA,65,33847,2026-09-13T13:10:30.492412405Z,"['Alternate Protocol', 'Cloudflare', 'Content Delivery Network', 'Elementor', 'EmbedPress', 'Fireblade', 'GoDaddy', 'Google My Business', 'Hello Elementor', 'LiteSpeed', 'NFOrce Internet', 'PHP', 'Theme In WP', 'UTF-8', 'WPForms', 'Wangsu', 'WordPress', 'WordPress Multisite', 'jQuery', 'reCAPTCHA']"
omarjee.mu,"OMARJEE Official Website | Sports equipment, Footwear & More",Omarjee,MUS,82,3848,2026-09-13T13:10:30.488753973Z,"['3 Products', 'Alternate Protocol', 'Apache', 'Apture Linking Platform', 'CDN JS', 'Cloudflare', 'Cloudflare CDN', 'Customer Reviews for WooCommerce', 'Elementor', 'EmbedPress', 'Facebook Login', 'Facebook Messenger Platform', 'Facebook Reseller', 'Font Awesome', 'GZIP Module', 'Google', 'Google Analytics', 'Google Cloud DNS', 'Google Font API', 'Google Maps', 'Google Tag Manager', 'Instagram Follow Button', 'Lazy Load for WordPress', 'Max Mega Menu', 'Max Mega Menu Pro', 'Microdata for Google Shopping', 'PHP', 'Popup Maker for Wordpress', 'Post Views Counter', 'Smart Slider 3', 'Storefront', 'Theme In WP', 'UTF-8', 'WP Rocket', 'WPForms', 'Woo Themes', 'WooCommerce', 'WooCommerce Checkout', 'WordPress', 'WordPress Multisite', 'eLand', 'jQuery']"
boldmoveintl.com,Bold Move International | Leadership Coaching in Upstate SC,,PHL,82,35438,2026-09-13T13:10:30.452627127Z,"['AWS WAF Challenge', 'Adobe Creative Cloud WebFonts', 'Alternate Protocol', 'Amazon WAF Blocked', 'Anti-spam for WordPress', 'CleanTalk Spam Protect', 'Content Delivery Network', 'DAV', 'Elementor', 'EmbedPress', 'Fastly', 'Fireblade', 'GZIP Module', 'Google My Business', 'Instagram Follow Button', 'Microdata for Google Shopping', 'NFOrce Internet', 'Newsletter for Wordpress', 'Nginx', 'OceanWP', 'PHP', 'Sitelinks Search Box', 'Tailwind CSS', 'Theme In WP', 'Twitter Ads', 'UTF-8', 'WP Mobile Menu', 'WPForms', 'Woo Themes', 'WooCommerce Checkout', 'WordPress', 'WordPress Multisite', 'jQuery']"
ilovechristopher.org,"Christopher's Collection – ""Based on a true story of real animals, these heartwarming tales celebrate the joy of belonging and the magic of new beginnings.""",,GBR,65,448,2026-09-13T13:10:30.446916013Z,"['Alternate Protocol', 'Apache', 'Apture Linking Platform', 'Cloudflare', 'Content Delivery Network', 'EmbedPress', 'GZIP Module', 'Instagram Follow Button', 'PHP', 'Theme In WP', 'Twitter Ads', 'UTF-8', 'WPForms', 'WordPress', 'WordPress Multisite', 'jQuery']"
airlanded.com,AirLanded | Escuela de Formación Aeronáutica Oficial AESA,AirLanded,ESP,77,22610,2026-09-13T12:59:13.664694309Z,"['AWS WAF Challenge', 'Alternate Protocol', 'Amazon WAF Blocked', 'Ametys', 'Astra Theme', 'Cloudflare', 'Cloudflare CDN', 'Complianz', 'DuracellTomi Google Tag Manager for WordPress', 'Elementor', 'EmbedPress', 'Express', 'Facebook Conversion Tracking', 'Facebook Login', 'Facebook Messenger Platform', 'Facebook Pixel', 'Facebook Reseller', 'Facebook Tag API', 'Google', 'Google Analytics', 'Google Cloud DNS', 'Google Font API', 'Google My Business', 'Google Related Website Sites', 'Google Tag Manager', 'Instagram Feed for WordPress', 'Instagram Follow Button', 'Join.chat', 'Microdata for Google Shopping', 'NFOrce Internet', 'Nginx', 'Ntent', 'PHP', 'Schema Plugin', 'Theme In WP', 'TrustIndex', 'Twitter Ads', 'UTF-8', 'Unix', 'WPForms', 'Woo Themes', 'WordPress', 'WordPress Multisite', 'WordPress Related Posts', 'jQuery', 'reCAPTCHA']"
anthonyemmanuel.com,Home | Anthony Emmanuel Network,,ESP,70,29464,2026-09-13T12:59:13.632454035Z,"['AJAX Libraries API', 'AWS WAF Challenge', 'Adult Content', 'Alternate Protocol', 'BLR', 'CDN JS', 'Cloudflare', 'Cloudflare CDN', 'EmbedPress', 'Google', 'Google Adsense', 'Google Analytics', 'Google Analytics Dashboard for WordPress', 'Google Cloud DNS', 'Google Font API', 'Google Funding Choices', 'Google Matched Content', 'Google My Business', 'Google Related Website Sites', 'Google Reseller', 'Google Tag Manager', 'Instagram Follow Button', 'LiteSpeed', 'MailChimp', 'MailOptin for Wordpress', 'Microdata for Google Shopping', 'Newsmag', 'Newspaper', 'PHP', 'Shareaholic', 'Theme In WP', 'Tumblr', 'Twitter Ads', 'UTF-8', 'WPForms', 'Woo Themes', 'WooCommerce Checkout', 'WordPress', 'WordPress Multisite', 'jQuery']"
georgefery.com,George Fery - Freelance Writer & Photographer of the New World and Mesoamerica | Freelance Writer & Photographer,,PHL,80,3228,2026-09-13T12:59:13.630302564Z,"['Adult Content', 'Alternate Protocol', 'Apture Linking Platform', 'CDN JS', 'Cloudflare', 'Cloudflare CDN', 'Content Delivery Network', 'EmbedPress', 'Fastly', 'GZIP Module', 'Google Cloud DNS', 'Google Font API', 'Instagram Follow Button', 'Newsmag', 'Newspaper', 'PHP', 'Shield Security for Wordpress', 'Tailwind CSS', 'Theme In WP', 'UTF-8', 'WPBakery', 'WPForms', 'Woo Themes', 'WooCommerce Checkout', 'WordPress', 'WordPress Multisite', 'jQuery']"
premierseal.co.uk,Premierseal | Specialist Refurbishment Contractors,Premierseal,GBR,82,69739,2026-09-13T12:59:13.630619691Z,"['AWS WAF Challenge', 'Alternate Protocol', 'CDN JS', 'Cloudflare', 'Cloudflare CDN', 'Content Delivery Network', 'EmbedPress', 'Font Awesome', 'Google', 'Google Analytics', 'Google Cloud DNS', 'Google Font API', 'Google My Business', 'Google Tag Manager', 'Hotjar', 'IcoMoon', 'LiteSpeed', 'Microdata for Google Shopping', 'Neve', 'PHP', 'SMC', 'Site Kit', 'SiteOrigin', 'SiteOrigin Panels', 'Theme In WP', 'To Top', 'UTF-8', 'Vantage', 'WPForms', 'WordPress', 'WordPress Multisite', 'jQuery']"
eastalabamaaging.org,Area Agency on Aging of East Alabama,,USA,87,22636,2026-09-13T12:59:13.622999212Z,"['Adobe Creative Cloud WebFonts', 'Alternate Protocol', 'Astra Theme', 'Cloudflare', 'Elementor', 'EmbedPress', 'Essential Addons for Elementor', 'Font Awesome', 'GTranslate', 'Google Analytics', 'Google Cloud DNS', 'Google Font API', 'Google My Business', 'Google Tag Manager', 'Lazy Load for WordPress', 'Max Mega Menu', 'Max Mega Menu Pro', 'Menu Icons by ThemeIsle', 'Microdata for Google Shopping', 'NFOrce Internet', 'Nginx', 'On The Map', 'PHP', 'QUIC', 'Smart Slider 3', 'Theme In WP', 'UTF-8', 'Vimeo', 'WPForms', 'Woo Themes', 'WordPress', 'WordPress Multisite', 'WordPress Related Posts', 'eLand', 'jQuery', 'reCAPTCHA']"
jayastraders.in,"Online Shopping Site for Mobile , Home and Kitchen , Electronic , Toy , Gift - Jayas Traders",Jayas Traders,,67,99545,2026-09-13T12:59:13.600607273Z,"['AWS WAF Challenge', 'Alternate Protocol', 'Apture Linking Platform', 'Cloudflare', 'Cloudflare CDN', 'Content Delivery Network', 'DAV', 'Daily Deals', 'EmbedPress', 'FiboSearch', 'Financial Services Guide', 'GoAffPro', 'Google', 'Google Cloud CDN', 'Google Cloud DNS', 'Google Font API', 'Google My Business', 'Google Play', 'Google Related Website Sites', 'Idaq', 'Instagram Follow Button', 'Juicer DMP', 'KVH', 'LiteSpeed', 'Microdata for Google Shopping', 'Ntent', 'PHP', 'Pico CSS', 'QUIC', 'SMC', 'Shortcodes Ultimate', 'Slider Revolution', 'Smart Coupons for WooCommerce', 'Telegram', 'Theme In WP', 'TrustIndex', 'UTF-8', 'Umbler', 'Vector Internet Services', 'WPBakery', 'WPForms', 'Woo Themes', 'WooCommerce', 'WooCommerce Checkout', 'WooFramework', 'WordPress', 'WordPress Multisite', 'XTemos Studio', 'YouTube', 'Zope', 'hCaptcha', 'jQuery']"
illuminati-monde-666.com,Illuminati Monde Official – Join Our Brotherhood Today,,,72,19733,2026-09-13T12:45:57.587827363Z,"['AWS WAF Challenge', 'Alternate Protocol', 'Apture Linking Platform', 'Cloudflare', 'Cloudflare CDN', 'Content Delivery Network', 'Elementor', 'EmbedPress', 'Google', 'Google Cloud DNS', 'Google Font API', 'Google My Business', 'LiteSpeed', 'NFOrce Internet', 'PHP', 'Responsive', 'Telegram', 'Theme In WP', 'UTF-8', 'WPForms', 'Woo Themes', 'WooCommerce Checkout', 'WordPress', 'WordPress Multisite', 'WordPress Related Posts', 'jQuery']"
jastrading.in,Home -,,IND,70,20750,2026-09-13T12:45:57.581521532Z,"['AWS WAF Challenge', 'Alternate Protocol', 'Cloudflare', 'Cloudflare CDN', 'Content Delivery Network', 'Elementor', 'ElementsKit Elementor', 'EmbedPress', 'Google', 'Google Analytics', 'Google Maps', 'Google My Business', 'Google Related Website Sites', 'Google Tag Manager', 'Header, Footer and Blocks for Elementor', 'Instagram Follow Button', 'LiteSpeed', 'Microdata for Google Shopping', 'NFOrce Internet', 'OceanWP', 'PHP', 'QUIC', 'Tailwind CSS', 'Theme In WP', 'UTF-8', 'WP Mobile Menu', 'WPForms', 'Woo Themes', 'WooCommerce', 'WooCommerce Checkout', 'WordPress', 'WordPress Multisite', 'YouTube', 'jQuery']"
shreekashi.com,Shree Kashi,,CHN,72,21058,2026-09-13T12:45:57.5739871Z,"['AJAX Libraries API', 'AWS WAF Challenge', 'Alternate Protocol', 'Astra Theme', 'Cloudflare', 'Cloudflare CDN', 'Content Delivery Network', 'Elementor', 'ElementsKit Elementor', 'Elfsight', 'EmbedPress', 'Express', 'Google', 'Google Cloud DNS', 'Google Font API', 'Google My Business', 'Gravity Forms', 'Instagram Follow Button', 'Line2', 'LiteSpeed', 'Microdata for Google Shopping', 'NFOrce Internet', 'PHP', 'QUIC', 'QUIC.cloud', 'UTF-8', 'WPForms', 'Woo Themes', 'WordPress', 'WordPress Multisite', 'WordPress Related Posts']"
corpomeca.com,CORPOMECA – Distribuidora de Medicamentos e Insumos Médicos.,,USA,60,983,2026-09-13T12:45:57.572246276Z,"['AWS WAF Challenge', 'Alternate Protocol', 'Cloudflare', 'Cloudflare CDN', 'Elementor', 'EmbedPress', 'Google', 'Google Cloud DNS', 'Google Font API', 'Google Maps', 'Google My Business', 'LiteSpeed', 'NFOrce Internet', 'Newsletter for Wordpress', 'OceanWP', 'PHP', 'QUIC', 'Tailwind CSS', 'Theme In WP', 'UTF-8', 'WP Mobile Menu', 'WPForms', 'Woo Themes', 'WooCommerce Checkout', 'WordPress', 'WordPress Multisite', 'jQuery']"
longservicebadges.co.uk,Welcome to Long Service Badges online shop - Long Service Badges,Long Service Badges,,67,45302,2026-09-13T12:45:57.558048745Z,"['AWS WAF Challenge', 'Alternate Protocol', 'Brevo', 'Cloudflare', 'Cloudflare CDN', 'Content Delivery Network', 'EmbedPress', 'Flatsome', 'Google', 'Google Analytics', 'Google My Business', 'Google Related Website Sites', 'Google Tag Manager', 'IcoMoon', 'KVH', 'LiteSpeed', 'Microdata for Google Shopping', 'PHP', 'QUIC', 'QUIC.cloud', 'Tailwind CSS', 'Thank You', 'Theme My Login', 'Trustpilot Reviews for WordPress', 'Twitter Ads', 'UTF-8', 'WPForms', 'Woo Themes', 'WordPress', 'WordPress Multisite', 'hCaptcha', 'hCaptcha for WordPress', 'jQuery', 'reCAPTCHA', 'shadcn ui']"
applieddecon.com,Biohazard Cleanup Tri-Cities WA | Applied Decon LLC,Applied Decon LLC,AUS,92,21752,2026-09-13T12:45:57.555112782Z,"['AWS WAF Challenge', 'Alternate Protocol', 'Automattic', 'BatCache', 'Cloudflare', 'Cloudflare CDN', 'EmbedPress', 'Fastly', 'Google', 'Google My Business', 'Google Related Website Sites', 'Gutenberg', 'Jetpack', 'Jetpack Site Accelerator', 'Microdata for Google Shopping', 'Nginx', 'PHP', 'Perl', 'QUIC', 'SiteOrigin', 'Sydney Theme', 'Theme In WP', 'UTF-8', 'WPForms', 'Woo Themes', 'WordPress', 'WordPress Multisite', 'WordPress Stats', 'jQuery']"
theshapedental.com,"Trusted Dentist in Georgetown, TX | Shape Dental",,MYS,82,20617,2026-09-13T12:45:57.54771168Z,"['AWS WAF Challenge', 'Alternate Protocol', 'Astra Theme', 'Cloudflare', 'Cloudflare CDN', 'Content Delivery Network', 'DAV', 'DuracellTomi Google Tag Manager for WordPress', 'Elementor', 'ElementsKit Elementor', 'EmbedPress', 'Essential Addons for Elementor', 'Google', 'Google Analytics', 'Google Cloud DNS', 'Google Font API', 'Google My Business', 'Google Related Website Sites', 'Google Tag Manager', 'Header, Footer and Blocks for Elementor', 'LiteSpeed', 'Microdata for Google Shopping', 'Microsoft Clarity', 'NFOrce Internet', 'PHP', 'QUIC', 'Sitelinks Search Box', 'Theme In WP', 'UTF-8', 'University or College', 'WPForms', 'Woo Themes', 'WordPress', 'WordPress Multisite', 'WordPress Related Posts', 'jQuery']"
abeerashashmitedriverstrainingschool.com,Lloydminster Truck Driving School – Class 1 & 3 Training,Hashmite - Drivers Training School,CAN,82,21179,2026-09-13T12:35:36.39692578Z,"['AWS WAF Challenge', 'Alternate Protocol', 'Automattic', 'Cloudflare', 'Cloudflare CDN', 'Elementor', 'EmbedPress', 'Essential Addons for Elementor', 'Essential Blocks for Gutenberg', 'GZIP Module', 'Google', 'Google Cloud DNS', 'Google Font API', 'Google My Business', 'HostGator', 'Jetpack', 'Lazy Load for WordPress', 'Microdata for Google Shopping', 'NFOrce Internet', 'Newsletter for Wordpress', 'Nginx', 'OceanWP', 'PHP', 'Tailwind CSS', 'Theme In WP', 'UTF-8', 'University or College', 'WP Mobile Menu', 'WPForms', 'Woo Themes', 'WooCommerce Checkout', 'WordPress', 'WordPress Multisite', 'WordPress Stats', 'jQuery']"
daharveyjr.com,"Website Design, SEO & Web Consulting Services Based in Utah - @daharveyjr",,,72,17443,2026-09-13T12:25:24.066082651Z,"['AWS WAF Challenge', 'Alternate Protocol', 'Apache', 'CodeIgniter', 'Contact Form Plugin', 'EmbedPress', 'GZIP Module', 'Google Analytics', 'Google Cloud DNS', 'Google Font API', 'Google My Business', 'Google Tag Manager', 'Jetpack', 'MonsterInsights', 'One Designs', 'OnePress', 'PHP', 'QUIC', 'Theme In WP', 'Twitter Ads', 'UTF-8', 'Ubuntu', 'W3 Total Cache', 'WPForms', 'WordPress', 'WordPress Multisite', 'WordPress Stats', 'jQuery', 'reCAPTCHA', 'shadcn ui']"
zimbearings.co.zw,Zimbabwe Bearings,,ZWE,60,162,2026-09-13T12:25:24.06360009Z,"['Alternate Protocol', 'Blocksy', 'Cloudflare', 'Content Delivery Network', 'Elementor', 'EmbedPress', 'Google', 'Google Cloud CDN', 'Google Cloud DNS', 'Google Font API', 'LiteSpeed', 'PHP', 'Table Addons for Elementor', 'Theme In WP', 'UTF-8', 'WPForms', 'Woo Themes', 'WooCommerce', 'WooCommerce Checkout', 'WordPress', 'WordPress Multisite', 'jQuery']"
moldairsolutions.com,New Jersey Mold Removal | New Jersey Mold Testing | Mold Air Solutions – Mold Testing | Mold Inspection | Mold Removal | NJ,,,60,419,2026-09-13T12:12:41.339451225Z,"['AJAX Libraries API', 'Alternate Protocol', 'Apache', 'EmbedPress', 'Font Awesome', 'FormSubmit', 'Google Cloud DNS', 'Google Font API', 'Google My Business', 'Google Related Website Sites', 'One Designs', 'OnePress', 'PHP', 'QUIC', 'Theme In WP', 'UTF-8', 'WPForms', 'WordPress', 'WordPress Multisite', 'jQuery', 'reCAPTCHA', 'shadcn ui']"
bdel.co.in,Baba Debraha Enterprises Private Limited,,IND,55,642,2026-09-13T12:12:41.336514671Z,"['Alternate Protocol', 'Elementor', 'EmbedPress', 'Google Maps', 'Google My Business', 'LiteSpeed', 'NFOrce Internet', 'OceanWP', 'PHP', 'Theme In WP', 'UTF-8', 'WPForms', 'Woo Themes', 'WooCommerce Checkout', 'WordPress', 'WordPress Multisite', 'jQuery']"
shailvishinfra.com,Shailvish Infra Construction | Best Construction Company In Lucknow – Best Construction Company In Lucknow,,IND,70,17811,2026-09-13T12:03:18.627175151Z,"['Alternate Protocol', 'Astra Theme', 'Better Lead Generation Services', 'Cloudflare', 'Elementor', 'GoDaddy', 'Google Cloud DNS', 'Google Font API', 'Google My Business', 'Instagram Follow Button', 'NFOrce Internet', 'PHP', 'UTF-8', 'WPForms', 'Wangsu', 'Woo Themes', 'WordPress Multisite', 'WordPress Related Posts']"
cadbimconverter.com,"CADBIMconverter.com | Revit, AutoCAD, IFC, DGN converter",CADBIMConverter,DEU,92,116099,2026-09-13T12:03:18.596629036Z,"['AWS WAF Challenge', 'Agoda', 'Alternate Protocol', 'Apture Linking Platform', 'Calendly', 'CleanTalk Spam Protect', 'Cloudflare', 'Cloudflare CDN', 'Content Delivery Network', 'Contento', 'EmbedPress', 'Fireblade', 'GitHub Hosting', 'Google', 'Google Analytics', 'Google Cloud DNS', 'Google Font API', 'Google My Business', 'Google Related Website Sites', 'Google Tag Manager', 'Gtranslate for Wordpress', 'IcoMoon', 'InitiativeS', 'Line2', 'LiteSpeed', 'Microdata for Google Shopping', 'Muffin Group', 'PHP', 'Python', 'QUIC', 'QUIC.cloud', 'SMC', 'Simple Download Monitor', 'Slider Revolution', 'Tailwind CSS', 'Telegram', 'TrustIndex', 'Twitter Ads', 'UTF-8', 'Vector Internet Services', 'WPForms', 'Woo Themes', 'WooCommerce Payments', 'WordPress', 'WordPress Multisite', 'YouTube']"
pcrepairathome.com,Home - Apple Support Specialist,"PC, Apple, Internet Repair at Home",AUS,87,1134,2026-09-13T12:03:18.52760154Z,"['Alternate Protocol', 'Cloudflare', 'Content Delivery Network', 'EmbedPress', 'GoDaddy', 'Google Customer Reviews', 'Microdata for Google Shopping', 'PHP', 'SiteOrigin', 'Sydney Theme', 'Theme In WP', 'UTF-8', 'WPForms', 'Woo Themes', 'WordPress', 'WordPress Multisite', 'jQuery']"
dreamstudyagency.com,DSA – L'agence de vos études de rêves,,,55,25102,2026-09-13T11:49:23.036518138Z,"['Alternate Protocol', 'Apache', 'Astra Theme', 'Elementor', 'ElementsKit Elementor', 'EmbedPress', 'Essential Addons for Elementor', 'Express', 'GZIP Module', 'Google Cloud DNS', 'Google Font API', 'K2F', 'KVH', 'PHP', 'Perl', 'SMC', 'Subversion', 'Theme In WP', 'UTF-8', 'WPForms', 'Woo Themes', 'WooCommerce', 'WooCommerce Checkout', 'WordPress', 'WordPress Multisite', 'WordPress Related Posts', 'jQuery']"
wizzdomhub.com,Wizzdom Hub,,IND,65,1607,2026-09-13T11:31:39.859222249Z,"['Alternate Protocol', 'Astra Theme', 'Content Delivery Network', 'Elementor', 'Elementor Addon Elements', 'EmbedPress', 'Font Awesome', 'Google Cloud DNS', 'Google Font API', 'Header, Footer and Blocks for Elementor', 'Instagram Follow Button', 'LiteSpeed', 'PHP', 'Theme In WP', 'Tidio', 'UTF-8', 'WPForms', 'Woo Themes', 'WordPress', 'WordPress Multisite', 'WordPress Related Posts', 'YouTube', 'jQuery']"
bermanlegal.net,"Berman Legal LLC - Fighting for the rights of retirees and employees regarding their pension, disability and health insurance benefits",,USA,77,19114,2026-09-13T11:31:39.854831934Z,"['AWS WAF Challenge', 'Alternate Protocol', 'Cloudflare', 'Cloudflare CDN', 'Creative Mail by Constant Contact', 'EmbedPress', 'GZIP Module', 'Google', 'Google Cloud DNS', 'Google Font API', 'Google My Business', 'IcoMoon', 'Jetpack', 'Meta Slider for WordPress', 'Microdata for Google Shopping', 'Nginx', 'PHP', 'Perl', 'QUIC', 'Theme In WP', 'UTF-8', 'WPForms', 'Woo Themes', 'WordPress', 'WordPress Multisite', 'WordPress Stats', 'jQuery']"
127worldwide.org,127 Worldwide - Vulnerable Communities Can Flourish!,127 Worldwide,USA,92,32809,2026-09-13T11:22:15.553853998Z,"['AWS WAF Challenge', 'Alternate Protocol', 'Automattic', 'BatCache', 'Bloomerang', 'Bunny Fonts', 'Charity Navigator', 'Cloudflare', 'Cloudflare CDN', 'Content Delivery Network', 'Element Pack Lite', 'Elementor', 'Elementor Custom Skin', 'ElementsKit Elementor', 'EmbedPress', 'Fastly', 'Google', 'Google My Business', 'Gutenberg', 'Instagram Follow Button', 'Jetpack', 'Jetpack Site Accelerator', 'Kindful', 'Kitco', 'Microdata for Google Shopping', 'NFOrce Internet', 'Nginx', 'OceanWP', 'PHP', 'Pleroma', 'Premium Addons for Elementor', 'Sticky Header Effects for Elementor', 'Telegram', 'Theme In WP', 'Twitter Ads', 'UTF-8', 'Vimeo', 'WPForms', 'WhatsApp Sharing', 'Woo Themes', 'WooCommerce Checkout', 'WordPress', 'WordPress Multisite', 'WordPress PopUp', 'WordPress Stats', 'jQuery', 'reCAPTCHA']"
envirosp.co.uk,Enviro SP - Environmental Risk Consultant in UK | Sustainability & Environmental Risk Audit,Enviro,GBR,92,21887,2026-09-13T11:22:15.535312758Z,"['AWS WAF Challenge', 'Alibaba Cloud CDN', 'Alternate Protocol', 'CDN JS', 'Cisco/Arrowpoint Content Service Switch', 'Cloudflare', 'Cloudflare CDN', 'Contact Form Plugin', 'Content Delivery Network', 'Elementor', 'EmbedPress', 'Google Cloud DNS', 'Google Font API', 'Google My Business', 'Instagram Follow Button', 'LiteSpeed', 'Microdata for Google Shopping', 'PHP', 'Perl', 'QUIC', 'Sitelinks Search Box', 'Theme In WP', 'UTF-8', 'WPForms', 'WordPress', 'WordPress Multisite', 'jQuery', 'jsDelivr', 'reCAPTCHA']"
iconnectkenyainitiative.org,Iconnect Kenya Initiative : Creative Women-led organization,Iconnect Kenya Initiative,IND,87,3213,2026-09-13T11:22:15.514831106Z,"['Alternate Protocol', 'Astra Theme', 'Automattic', 'Cloudflare', 'Elementor', 'ElementsKit Elementor', 'EmbedPress', 'Essential Addons for Elementor', 'Essential Blocks for Gutenberg', 'Express', 'GZIP Module', 'Google Analytics', 'Google Cloud DNS', 'Google Font API', 'Google Tag Manager', 'InitiativeS', 'Instagram Follow Button', 'Jetpack', 'Microdata for Google Shopping', 'NFOrce Internet', 'OpenResty', 'PHP', 'QUIC', 'Theme In WP', 'UTF-8', 'Ultimate Addons for Gutenberg', 'WPForms', 'Woo Themes', 'WordPress', 'WordPress Multisite', 'WordPress Related Posts', 'WordPress Stats', 'YouTube', 'jQuery']"
sternenhimmel-rs.com,Home - Sternenhimmel,,IND,70,6869,2026-09-13T11:22:15.506776554Z,"['Alternate Protocol', 'Apture Linking Platform', 'Calendly', 'Cloudflare', 'Content Delivery Network', 'DAV', 'Elementor', 'ElementsKit Elementor', 'EmbedPress', 'Essential Addons for Elementor', 'Google', 'Google Analytics', 'Google Cloud CDN', 'Google My Business', 'Google Tag Manager', 'Hello Elementor', 'Instagram Follow Button', 'Microdata for Google Shopping', 'NFOrce Internet', 'NitroPack', 'Ntent', 'Table Addons for Elementor', 'TrustIndex', 'UTF-8', 'WPForms', 'WordPress', 'WordPress Multisite', 'YouTube', 'reCAPTCHA']"
buraqconstruction.ca,Buraq Construction,,CAN,75,2497,2026-09-13T11:11:21.337365769Z,"['Alternate Protocol', 'Astra Theme', 'Better Lead Generation Services', 'Cloudflare', 'Content Delivery Network', 'Elementor', 'ElementsKit Elementor', 'EmbedPress', 'Essential Addons for Elementor', 'Google Cloud DNS', 'Google Font API', 'LiteSpeed', 'NFOrce Internet', 'PHP', 'QUIC', 'Theme In WP', 'UTF-8', 'WPForms', 'Woo Themes', 'WordPress', 'WordPress Multisite', 'WordPress Related Posts', 'jQuery']"
pbmodernengineering.com,pbmodernengineering.com,,,55,377,2026-09-13T11:11:21.327196855Z,"['Alternate Protocol', 'Apache', 'Express', 'GZIP Module', 'GetResponse', 'Google Cloud DNS', 'Google Cloud Storage', 'Google Font API', 'Google My Business', 'PHP', 'Theme In WP', 'UTF-8', 'Unsplash', 'WPForms', 'WebsiteBuilder', 'WordPress', 'WordPress Multisite', 'reCAPTCHA']"
coromandelplumbing.co.nz,"24/7 Plumbing, Gasfitting, and Roofing Services - Coromandel Plumbing",,USA,77,1847,2026-09-13T11:11:21.326947268Z,"['Alternate Protocol', 'Apache', 'CDN JS', 'Cloudflare', 'Cloudflare CDN', 'Contact Form Plugin', 'EmbedPress', 'Google Cloud DNS', 'Google Font API', 'Google My Business', 'Gravity Forms', 'Microdata for Google Shopping', 'PHP', 'Perl', 'QUIC', 'Theme In WP', 'UTF-8', 'WPForms', 'WordPress', 'WordPress Multisite', 'jQuery', 'reCAPTCHA']"
premierbuild-dev.co.uk,Premier Build Developments,,GBR,80,2967,2026-09-13T11:11:21.325782904Z,"['Alternate Protocol', 'Amazon', 'Amazon CloudFront', 'Blocksy', 'CloudFront', 'Cloudflare', 'EmbedPress', 'Google Cloud DNS', 'Google Font API', 'Nginx', 'PHP', 'Theme In WP', 'UTF-8', 'WPForms', 'WordPress', 'WordPress Multisite', 'jQuery']"
lifeandstyle.co.ke,Home - Life and Style Ceramics Limited,Life and Style Ceramics Limited,KEN,82,75090,2026-09-13T11:11:21.292092955Z,"['Alternate Protocol', 'Astra Theme', 'Cloudflare', 'DAV', 'Elementor', 'EmbedPress', 'Facebook Conversion Tracking', 'Facebook Login', 'Facebook Messenger Platform', 'Facebook Pixel', 'Facebook Reseller', 'Facebook Tag API', 'GitHub Hosting', 'Google', 'Google Adsense', 'Google Analytics', 'Google Cloud DNS', 'Google Font API', 'Google Funding Choices', 'Google Matched Content', 'Google My Business', 'Google No Site Links Search', 'Google Reseller', 'Google Tag Manager', 'KVH', 'Microdata for Google Shopping', 'NFOrce Internet', 'No-Q', 'PHP', 'QUIC', 'SMC', 'Site Kit', 'Subversion', 'Theme In WP', 'WPForms', 'Woo Themes', 'WordPress', 'WordPress Multisite', 'WordPress Related Posts', 'jQuery']"
sanjuankayak.com,San Juan Kayak Expeditions | Oldest Sea Kayaking Outfitter in the Islands,San Juan Kayak Expeditions,PRI,82,41609,2026-09-13T10:58:09.076314079Z,"['AWS WAF Challenge', 'Alternate Protocol', 'Cloudflare', 'Cloudflare CDN', 'Content Delivery Network', 'EmbedPress', 'FareHarbor', 'Fastly', 'Fireblade', 'Font Awesome', 'GZIP Module', 'GenerateBlocks', 'Genesis Blocks', 'Google', 'Google Analytics', 'Google Cloud DNS', 'Google Font API', 'Google Maps', 'Google My Business', 'Google Tag Manager', 'Harbor', 'Instagram Follow Button', 'KAYAK', 'Klaviyo', 'Microdata for Google Shopping', 'Ntent', 'PHP', 'Peek', 'Simple Social Icons', 'Sitelinks Search Box', 'Slider Revolution', 'StudioPress', 'The SEO Framework', 'Theme In WP', 'TrustIndex', 'UTF-8', 'WPForms', 'WordPress', 'WordPress Multisite', 'jQuery']"
limousinesenterprise.com,Limousine Services,,USA,60,12279,2026-09-13T10:58:09.06718462Z,"['Alternate Protocol', 'Contact Form Plugin', 'Contento', 'EmbedPress', 'Google Cloud DNS', 'Google Font API', 'Google My Business', 'Instagram Follow Button', 'Nginx', 'No-Q', 'PHP', 'RM Education', 'Slider Revolution', 'Theme In WP', 'UTF-8', 'Visual Composer Ultimate Addons', 'WPBakery', 'WPForms', 'WordPress', 'WordPress Multisite', 'Yelp Badge', 'YouTube', 'jQuery']"
claraconsulting.cl,Clara,,,55,362,2026-09-13T10:49:49.935212315Z,"['AWS WAF Challenge', 'Alternate Protocol', 'Apache', 'Bulma', 'CDN JS', 'Cloudflare', 'Cloudflare CDN', 'ElementUI', 'EmbedPress', 'GZIP Module', 'Google', 'Google Cloud DNS', 'Google Font API', 'Google My Business', 'PHP', 'Theme In WP', 'UTF-8', 'WPForms', 'WordPress', 'WordPress Multisite', 'jQuery', 'jsDelivr']"
studymd.info,Study MD – in United States accredited and recognized Uiversities,,USA,70,18525,2026-09-13T10:49:49.925727539Z,"['AWS WAF Challenge', 'Alternate Protocol', 'Apache', 'Automattic', 'Cloudflare', 'Cloudflare CDN', 'DuracellTomi Google Tag Manager for WordPress', 'EmbedPress', 'GZIP Module', 'Google', 'Google Analytics', 'Google My Business', 'Google Tag Manager', 'Jetpack', 'Lazy Load for WordPress', 'Twenty Twenty-Four', 'UTF-8', 'WPForms', 'Woo Themes', 'WooCommerce', 'WooCommerce Checkout', 'WordPress', 'WordPress Multisite', 'WordPress Stats', 'jQuery']"
primecommerce.asia,Prime Commerce | Commerce Enablement Company in Asia,,JPN,77,10793,2026-09-13T10:49:49.924700591Z,"['AWS Global Accelerator', 'Alternate Protocol', 'Digital Ocean Spaces', 'EmbedPress', 'GZIP Module', 'Google', 'Google Analytics', 'Google Cloud DNS', 'Google Font API', 'Google My Business', 'Google Tag Manager', 'Gravity Forms', 'IcoMoon', 'Microdata for Google Shopping', 'OpenResty', 'PHP', 'Polylang', 'Sitelinks Search Box', 'Tailwind CSS', 'UTF-8', 'Vector Internet Services', 'W3 Total Cache', 'WPForms', 'WordPress', 'WordPress Multisite', 'YouTube', 'reCAPTCHA']"
faceoffintech.com,Beth Stacy - Just another WordPress site,Beth Stacy,,60,376,2026-09-13T10:49:49.901256945Z,"['Alternate Protocol', 'EmbedPress', 'IcoMoon', 'LiteSpeed', 'Microdata for Google Shopping', 'Newsletter for Wordpress', 'OceanWP', 'PHP', 'Tailwind CSS', 'Theme In WP', 'UTF-8', 'WP Mobile Menu', 'WPForms', 'Woo Themes', 'WooCommerce Checkout', 'WordPress', 'WordPress Multisite', 'jQuery']"
kovacconsulting.com,Home - Kovac Non-Profit Consulting,Titan Appliance Repairs,USA,85,21092,2026-09-13T10:38:59.112114246Z,"['501c3 Status Nonprofit', 'AWS WAF Challenge', 'Alternate Protocol', 'Astra Theme', 'Beaver Builder Lite', 'Cloudflare', 'Cloudflare CDN', 'Content Delivery Network', 'EmbedPress', 'Font Awesome', 'Google', 'Google Analytics', 'Google Cloud DNS', 'Google Font API', 'Google My Business', 'Google Tag Manager', 'InitiativeS', 'Instagram Follow Button', 'Microdata for Google Shopping', 'NFOrce Internet', 'PHP', 'QUIC', 'Site Kit', 'Theme In WP', 'UTF-8', 'University or College', 'WP Engine', 'WPForms', 'Woo Themes', 'WordPress', 'WordPress Multisite', 'WordPress Related Posts', 'jQuery']"
windsorwm.com,Windsor Wealth Management LLC - Fee-Only Retirement Planning & Investment Management,Windsor Wealth Management LLC,USA,82,19924,2026-09-13T10:38:59.08860922Z,"['AWS WAF Challenge', 'Alternate Protocol', 'Cloudflare', 'Cloudflare CDN', 'CoBlocks', 'Constant Contact Wordpress Forms', 'Content Delivery Network', 'DAV', 'EmbedPress', 'GoDaddy', 'Google', 'Google Analytics', 'Google Cloud DNS', 'Google Font API', 'Google My Business', 'Google Tag Manager', 'Microdata for Google Shopping', 'PHP', 'Strong Testimonials', 'StudioPress', 'Theme In WP', 'UTF-8', 'WP Show Posts', 'WPForms', 'WordPress', 'WordPress Multisite', 'YouTube', 'jQuery']"
atlantapvb.com,Atlanta Performance Volleyball,Atlanta Performance Volleyball,USA,72,3769,2026-09-13T10:38:59.082064748Z,"['Alternate Protocol', 'Amazon WAF Blocked', 'Aruba', 'Content Delivery Network', 'Elementor', 'EmbedPress', 'GZIP Module', 'Getwid Gutenberg Blocks', 'Google Analytics', 'Google Tag Manager', 'Gravity', 'Gravity Forms', 'Gutenberg', 'IcoMoon', 'Instagram Follow Button', 'Microdata for Google Shopping', 'NFOrce Internet', 'Newsletter for Wordpress', 'OceanWP', 'PHP', 'Tailwind CSS', 'Theme In WP', 'UTF-8', 'Vimeo', 'WP Mobile Menu', 'WPForms', 'Woo Themes', 'WooCommerce Checkout', 'WordPress', 'WordPress Multisite', 'eLand', 'jQuery']"
alperp.co.uk,home - ALPERP,,,60,8960,2026-09-13T10:38:59.054953708Z,"['Alternate Protocol', 'Amazon WAF Blocked', 'App Store', 'Cloudflare', 'Cloudflare CDN', 'Cloudflare Web Analytics', 'Contact Form Plugin', 'Element Pack Lite', 'Elementor', 'ElementsKit Elementor', 'EmbedPress', 'Fireblade', 'Google', 'Google Cloud CDN', 'Google Cloud DNS', 'Google Font API', 'Lazy Load for WordPress', 'Microdata for Google Shopping', 'Popup Maker for Wordpress', 'QUIC', 'Sticky Header Effects for Elementor', 'TranslatePress', 'UTF-8', 'Vector Internet Services', 'WP Rocket', 'WPForms', 'Woo Themes', 'WordPress', 'WordPress Multisite']"
shairdazzle.com,Home - ShairDazzle,,USA,70,49327,2026-09-13T10:38:59.039662036Z,"['3 Products', 'Alternate Protocol', 'Anti-spam for WordPress', 'Aruba', 'Autoptimize', 'BJ Lazy Load for WordPress', 'CleanTalk Spam Protect', 'Cloudflare', 'Cloudflare CDN', 'Cloudflare Web Analytics', 'Elementor', 'EmbedPress', 'Flatsome', 'Google Cloud DNS', 'Google Customer Reviews', 'Google Font API', 'Google My Business', 'IcoMoon', 'Instagram Feed for WordPress', 'Instagram Follow Button', 'K2F', 'KVH', 'Lazy Load for WordPress', 'MailChimp', 'Microdata for Google Shopping', 'NFOrce Internet', 'PHP', 'QUIC', 'Tailwind CSS', 'Theme In WP', 'Tidio', 'Twitter Ads', 'UTF-8', 'Variation Swatches for WooCommerce', 'WP Fastest Cache', 'WPForms', 'WPFront Notification Bar', 'Woo Themes', 'WooCommerce', 'WooCommerce Checkout', 'WordPress', 'WordPress Multisite', 'eLand', 'jQuery', 'jsDelivr']"
pawwinternational.com,Paww International,,,55,910,2026-09-13T10:26:30.896742041Z,"['AWS WAF Challenge', 'Alternate Protocol', 'Astra Theme', 'Cloudflare', 'Cloudflare CDN', 'Content Delivery Network', 'DAV', 'Elementor', 'EmbedPress', 'Google', 'Google Cloud DNS', 'Google Font API', 'Google My Business', 'Header, Footer and Blocks for Elementor', 'Instagram Follow Button', 'Linktree', 'LiteSpeed', 'NFOrce Internet', 'PHP', 'Qi Addons For Elementor', 'Smart Slider 3', 'The Post Grid', 'Theme In WP', 'UTF-8', 'WPForms', 'WhatsApp Sharing', 'Woo Themes', 'WordPress', 'WordPress Multisite', 'WordPress Related Posts', 'eLand', 'jQuery']"
ibkinitiatives.com,IBK Initiatives – A family led social enterprise for people managing their own support,,GBR,65,17888,2026-09-13T10:18:44.210405722Z,"['AWS WAF Challenge', 'Alternate Protocol', 'Cloudflare', 'Cloudflare CDN', 'Content Delivery Network', 'EmbedPress', 'GZIP Module', 'Google', 'Google Analytics', 'Google Cloud DNS', 'Google Font API', 'Google My Business', 'Google Tag Manager', 'InitiativeS', 'Nginx', 'PHP', 'Theme In WP', 'Twitter Ads', 'UTF-8', 'WPForms', 'WordPress', 'WordPress Multisite', 'jQuery']"
pipestemplace.com,Homepage - Pipestem Place,,,65,6923,2026-09-13T10:18:44.198628098Z,"['Alternate Protocol', 'Complianz', 'Contact Form Plugin', 'Creative Mail by Constant Contact', 'ElementUI', 'Elementor', 'EmbedPress', 'Fastly', 'GZIP Module', 'Google', 'Google Cloud CDN', 'Google Cloud DNS', 'Google Font API', 'Gravity Forms', 'HostGator', 'Jetpack', 'Microdata for Google Shopping', 'Nginx', 'PHP', 'Slider Revolution', 'Theme In WP', 'WPForms', 'Woo Themes', 'WordPress', 'WordPress Multisite', 'WordPress Stats', 'jQuery']"
ginza-ks.com,GINZA,,,50,996,2026-09-13T10:18:44.183944377Z,"['AWS WAF Challenge', 'Alternate Protocol', 'Apache', 'Astra Theme', 'Cloudflare', 'Cloudflare CDN', 'Contact Form Plugin', 'Elementor', 'ElementsKit Elementor', 'EmbedPress', 'Essential Addons for Elementor', 'Exclusive Addons for Elementor', 'GZIP Module', 'Google', 'Google Maps', 'Google My Business', 'Gravity', 'Gravity Forms', 'HappyAddons', 'Header, Footer and Blocks for Elementor', 'Instagram Follow Button', 'NFOrce Internet', 'PHP', 'Premium Addons for Elementor', 'QUIC', 'Royal Elementor Addons', 'Theme In WP', 'To Top', 'UTF-8', 'WPForms', 'Woo Themes', 'WordPress', 'WordPress Multisite', 'WordPress Related Posts', 'jQuery']"
imaris.agency,Imaris: Digital agency for internet marketing and advertising,Imaris,UKR,77,26989,2026-09-13T10:18:44.18356219Z,"['501c3 Status Nonprofit', 'AWS WAF Challenge', 'Alternate Protocol', 'AutoComplete', 'Clutch', 'Contact Form Plugin', 'EmbedPress', 'Express', 'Fancybox for WordPress', 'Google Analytics', 'Google Forms', 'Google My Business', 'Google Tag Manager', 'Gravity Forms', 'Instagram Follow Button', 'LiteSpeed', 'Microdata for Google Shopping', 'Microsoft Clarity', 'Nginx', 'PHP', 'QUIC', 'Telegram', 'Theme In WP', 'TranslatePress', 'Twitter Ads', 'UTF-8', 'WPForms', 'WhatsApp Sharing', 'WordPress', 'WordPress Multisite', 'YouTube', 'jQuery', 'jsDelivr', 'reCAPTCHA']"
theconnectionsnj.com,The Connections Magazines | New Jersey The Connections Magazines | New Jersey - Local Advertising Magazine #,The Connections Magazines | New Jersey,USA,72,12944,2026-09-13T10:18:44.181864661Z,"['Alternate Protocol', 'Automattic', 'Call to Visit', 'Contact Form Plugin', 'DAV', 'EmbedPress', 'Express', 'Facebook Login', 'Facebook Messenger Platform', 'Facebook Reseller', 'GZIP Module', 'GetResponse', 'Google Analytics', 'Google My Business', 'Google Related Website Sites', 'Google Tag Manager', 'Gravity Forms', 'IcoMoon', 'Instagram Follow Button', 'Jetpack', 'Microdata for Google Shopping', 'MonsterInsights', 'My Calendar', 'Nginx', 'PHP', 'PWA', 'QUIC', 'RM Education', 'Sapper', 'Site Kit', 'Social Warfare', 'Theme In WP', 'Twitter Ads', 'UTF-8', 'WP Recipe Maker', 'WPForms', 'Woo Themes', 'WooCommerce Checkout', 'WordPress', 'WordPress Multisite', 'WordPress Stats', 'YouTube', 'jQuery']"
mehkaaf.com,MehKaaf Perfume – Luxury & Long-Lasting Fragrance,,PAK,70,18400,2026-09-13T10:18:44.171648252Z,"['AWS WAF Challenge', 'Alternate Protocol', 'Astra Theme', 'Cloudflare', 'Cloudflare CDN', 'EmbedPress', 'Facebook Login', 'Facebook Messenger Platform', 'Facebook Pixel', 'Facebook Reseller', 'Google', 'Google Analytics', 'Google Cloud DNS', 'Google Font API', 'Google My Business', 'Google Tag Manager', 'PHP', 'PixelYourSite', 'QUIC', 'Shipping Rates Calculator', 'Side Cart Woocommerce', 'Site Kit', 'Theme In WP', 'UTF-8', 'WPForms', 'Woo Themes', 'WooCommerce', 'WooCommerce Checkout', 'WordPress', 'WordPress Multisite', 'WordPress Related Posts', 'jQuery']"
monkstownglassdublin.ie,Monkstown Glass And Glazing | 24/7 Window Replacement Dublin,,IRL,67,21507,2026-09-13T10:18:44.166887897Z,"['AWS WAF Challenge', 'Alternate Protocol', 'Better Lead Generation Services', 'Cloudflare', 'Cloudflare CDN', 'Elementor', 'EmbedPress', 'GZIP Module', 'Google', 'Google Analytics', 'Google Cloud DNS', 'Google Font API', 'Google My Business', 'Google Related Website Sites', 'Google Tag Manager', 'Header, Footer and Blocks for Elementor', 'LiteSpeed', 'Microdata for Google Shopping', 'NFOrce Internet', 'PHP', 'QUIC', 'Site Kit', 'Sitelinks Search Box', 'Theme In WP', 'Twenty Twenty', 'UTF-8', 'WPForms', 'WordPress', 'WordPress Multisite', 'eLand', 'jQuery', 'reCAPTCHA']"
fhk.is,Fatahreinsun Kópavogs,Fatahreinsun Kópavogs,,67,19885,2026-09-13T10:18:44.135947882Z,"['AWS WAF Challenge', 'Alternate Protocol', 'Cloudflare', 'Cloudflare CDN', 'Contact Form Plugin', 'Content Delivery Network', 'Elementor', 'EmbedPress', 'GZIP Module', 'Google', 'Google Cloud DNS', 'Google Font API', 'Google My Business', 'Jetpack', 'LiteSpeed', 'Microdata for Google Shopping', 'NFOrce Internet', 'PHP', 'Theme In WP', 'UTF-8', 'WPForms', 'WordPress', 'WordPress Multisite', 'WordPress Stats', 'jQuery']"
hysencela.edu.al,HYSEN ÇELA - Shkolla e mesme teknologjike,"Shkolla e mesme teknologjike ""Hysen Çela""",DEU,77,4641,2026-09-13T10:16:26.15097447Z,"['Alternate Protocol', 'Apture Linking Platform', 'Contact Form Plugin', 'Elementor', 'EmbedPress', 'GTranslate', 'Google', 'Google Analytics', 'Google Cloud CDN', 'Google Cloud DNS', 'Google Font API', 'Google My Business', 'Google Related Website Sites', 'Google Tag Manager', 'Instagram Follow Button', 'Microdata for Google Shopping', 'MonsterInsights', 'PHP', 'Post Grid', 'QUIC', 'Sitelinks Search Box', 'Table Addons for Elementor', 'Theme In WP', 'Tutor LMS', 'UTF-8', 'WPForms', 'Woo Themes', 'WooCommerce Checkout', 'WordPress', 'WordPress Multisite', 'YouTube', 'jQuery']"
adrunleb.com,Adrun Lebanon | Comfortable Sneakers & Running Shoes,Adrun Lebanon,LBN,77,18738,2026-09-13T10:10:26.152205261Z,"['AWS WAF Challenge', 'Alternate Protocol', 'Blocksy', 'Bunny Fonts', 'Cloudflare', 'Cloudflare CDN', 'Content Delivery Network', 'ElementUI', 'EmbedPress', 'Facebook Login', 'Facebook Messenger Platform', 'Facebook Pixel', 'Facebook Reseller', 'Facebook Tag API', 'Google', 'Google Cloud DNS', 'Google Font API', 'Google My Business', 'Instagram Follow Button', 'Line2', 'LiteSpeed', 'Microdata for Google Shopping', 'PHP', 'QUIC', 'QUIC.cloud', 'UTF-8', 'WPForms', 'Woo Themes', 'WordPress', 'WordPress Multisite']"
nestredecorating.com,Homepage - Nest ReDecorating,,USA,82,20873,2026-09-13T10:04:04.174808259Z,"['AWS WAF Challenge', 'Alternate Protocol', 'Apache', 'Apture Linking Platform', 'Automattic', 'Cloudflare', 'Cloudflare CDN', 'Creative Mail by Constant Contact', 'Elementor', 'EmbedPress', 'Essential Addons for Elementor', 'GZIP Module', 'Google', 'Google My Business', 'Investor Relations', 'Jetpack', 'Microdata for Google Shopping', 'NFOrce Internet', 'OceanWP', 'PHP', 'QUIC', 'Tailwind CSS', 'Theme In WP', 'UTF-8', 'WP Mobile Menu', 'WPForms', 'Woo Themes', 'WooCommerce Checkout', 'WordPress', 'WordPress Multisite', 'WordPress Stats', 'jQuery']"
getupontheboard.com,The Board | North Star Media Partners | Minnesota,North Star Media Partners,USA,82,38191,2026-09-13T10:04:04.138611752Z,"['AWS WAF Challenge', 'Adobe Creative Cloud WebFonts', 'Alternate Protocol', 'Astra Theme', 'Better Lead Generation Services', 'Cloudflare', 'Cloudflare CDN', 'Content Delivery Network', 'Elementor', 'EmbedPress', 'GoDaddy', 'Google', 'Google Cloud DNS', 'Google Font API', 'Google My Business', 'Header, Footer and Blocks for Elementor', 'Instagram Follow Button', 'Microdata for Google Shopping', 'NFOrce Internet', 'Ninja Forms', 'PHP', 'Page scroll to id', 'Pico CSS', 'Sitelinks Search Box', 'Table Addons for Elementor', 'The SEO Framework', 'Theme In WP', 'UTF-8', 'WPForms', 'Wangsu', 'Woo Themes', 'WooCommerce Checkout', 'WordPress', 'WordPress Multisite', 'WordPress Related Posts', 'hCaptcha', 'jQuery', 'reCAPTCHA']"
arluxgradnja.rs,ArLuxGradnja - Prodaja stanova Aranđelovac,ArLuxGradnja,SRB,82,5424,2026-09-13T10:04:04.135083367Z,"['Alternate Protocol', 'Aruba', 'Contact Form Plugin', 'Elementor', 'EmbedPress', 'Facebook Conversion Tracking', 'Facebook Login', 'Facebook Messenger Platform', 'Facebook Pixel', 'Facebook Reseller', 'Facebook Tag API', 'GZIP Module', 'Google', 'Google Analytics', 'Google Cloud CDN', 'Google Cloud DNS', 'Google Conversion Tracking', 'Google Font API', 'Google My Business', 'Google Related Website Sites', 'Google Tag Manager', 'Instagram Follow Button', 'Microdata for Google Shopping', 'Newsletter for Wordpress', 'Nginx', 'PHP', 'Recent Posts Widget With Thumbnails', 'Sitelinks Search Box', 'Slider Revolution', 'Theme In WP', 'UTF-8', 'WPForms', 'Woo Themes', 'WooCommerce', 'WooCommerce Checkout', 'WordPress', 'WordPress Multisite', 'eLand', 'jQuery', 'reCAPTCHA']"
hotelvoyageurquebec.com,Home - Hôtel Le Voyageur de Québec,Hôtel Le Voyageur de Québec,CAN,77,41818,2026-09-13T10:04:04.127575397Z,"['AWS WAF Challenge', 'Alternate Protocol', 'Apache', 'Cloudbeds', 'Cloudflare', 'Cloudflare CDN', 'CoBlocks', 'Elementor', 'EmbedPress', 'Essential Addons for Elementor', 'Facebook Customer Chat SDK', 'Facebook Login', 'Facebook Reseller', 'GZIP Module', 'GoDaddy', 'Google', 'Google Analytics', 'Google Maps', 'Google My Business', 'Google Tag Manager', 'IcoMoon', 'Microdata for Google Shopping', 'MonsterInsights', 'NFOrce Internet', 'Newsletter for Wordpress', 'OceanWP', 'PHP', 'Polylang', 'Premium Addons for Elementor', 'Tailwind CSS', 'Theme In WP', 'UTF-8', 'WP Mobile Menu', 'WPForms', 'Wangsu', 'Woo Themes', 'WooCommerce Checkout', 'WordPress', 'WordPress Multisite', 'jQuery', 'reCAPTCHA']"
kolhatkarintriorstudio.com,Kolhatkar Interior Studio,,IND,75,2202,2026-09-13T09:52:09.748881821Z,"['Alternate Protocol', 'Apache', 'Cloudflare', 'Contact Form Plugin', 'Content Delivery Network', 'Crisp', 'EmbedPress', 'Express', 'Flatsome', 'GZIP Module', 'IcoMoon', 'Instagram Follow Button', 'Microdata for Google Shopping', 'PHP', 'Popup Maker for Wordpress', 'Tailwind CSS', 'Theme In WP', 'UTF-8', 'WPForms', 'WhatsApp Sharing', 'WordPress', 'WordPress Multisite', 'YouTube', 'jQuery', 'shadcn ui']"
cmhglobal.net,CMH Global - Elevate Your Brand's Presence,CMH Global,,67,19666,2026-09-13T09:52:09.742062058Z,"['AWS WAF Challenge', 'Alternate Protocol', 'Apture Linking Platform', 'Blocksy', 'Cloudflare', 'Cloudflare CDN', 'Content Delivery Network', 'Elementor', 'EmbedPress', 'Google', 'Google Analytics', 'Google Cloud DNS', 'Google Font API', 'Google Maps', 'Google My Business', 'Google Tag Manager', 'Instagram Follow Button', 'LiteSpeed', 'Microdata for Google Shopping', 'NFOrce Internet', 'PHP', 'Site Kit', 'Sitelinks Search Box', 'Theme In WP', 'UTF-8', 'WPForms', 'WordPress', 'WordPress Multisite', 'jQuery']"
veritasprofessionals.com,"One Veritas Professional Services – Friendly Divorce, Family Mediations and Tax Professionals",,USA,70,4681,2026-09-13T09:52:09.740380143Z,"['Alternate Protocol', 'Apache', 'Astra Theme', 'Cloudflare', 'Elementor', 'EmbedPress', 'Endurance Page Cache', 'Fastly', 'GZIP Module', 'Google Cloud DNS', 'Google Font API', 'Google My Business', 'Header, Footer and Blocks for Elementor', 'NFOrce Internet', 'PHP', 'QUIC', 'Theme In WP', 'WPForms', 'WordPress', 'WordPress Multisite', 'jQuery']"
writeasrain.nz,"Marketing, Content Marketing, & Copywriting | Write as Rain",,NZL,92,3145,2026-09-13T09:52:09.718603719Z,"['Alternate Protocol', 'Content Delivery Network', 'Divi', 'Elegant Themes', 'EmbedPress', 'Fastly', 'GZIP Module', 'Google Analytics', 'Google Cloud DNS', 'Google Font API', 'Google Tag Manager', 'Microdata for Google Shopping', 'PHP', 'Theme In WP', 'UTF-8', 'WPForms', 'Woo Themes', 'WordPress', 'WordPress Multisite', 'jQuery']"
ammanbox.com,Home - AmmanBox,,,77,20407,2026-09-13T09:43:40.322608669Z,"['AWS WAF Challenge', 'Alternate Protocol', 'Astra Theme', 'Automattic', 'Cloudflare', 'Cloudflare CDN', 'ElementUI', 'Elementor', 'EmbedPress', 'Facebook Conversion Tracking', 'Facebook Login', 'Facebook Messenger Platform', 'Facebook Pixel', 'Facebook Reseller', 'Facebook Tag API', 'GZIP Module', 'Google', 'Google Cloud DNS', 'Google Font API', 'Google My Business', 'Instagram Follow Button', 'Jetpack', 'Jetpack Site Accelerator', 'Lazy Load for WordPress', 'Microdata for Google Shopping', 'NFOrce Internet', 'Nginx', 'PHP', 'QUIC', 'Share Link', 'Sitelinks Search Box', 'Table Addons for Elementor', 'Theme In WP', 'UTF-8', 'Variation Swatches for WooCommerce', 'WPForms', 'WPFront Scroll Top', 'Woo Themes', 'WooCommerce Checkout', 'WordPress', 'WordPress Multisite', 'WordPress Related Posts', 'WordPress Stats', 'jQuery']"
lysiservices.com,Home - L.E.D. LYSI Lighting & Electric,,USA,82,29693,2026-09-13T09:43:40.301596103Z,"['AWS WAF Challenge', 'Adult Content', 'Alternate Protocol', 'Automattic', 'BatCache', 'Cloudflare', 'Cloudflare CDN', 'CoBlocks', 'Contact Form Plugin', 'Content Delivery Network', 'EmbedPress', 'Express', 'Fastly', 'Google', 'Google Adsense', 'Google Analytics', 'Google Funding Choices', 'Google Matched Content', 'Google My Business', 'Google Related Website Sites', 'Google Reseller', 'Google Tag Manager', 'Gutenberg', 'Jetpack', 'Jetpack Site Accelerator', 'Kitco', 'Microdata for Google Shopping', 'Nginx', 'Oracle Cloud', 'QUIC', 'Site Kit', 'Sitelinks Search Box', 'Tidio', 'UTF-8', 'WPForms', 'Woo Themes', 'WooCommerce', 'WooCommerce Checkout', 'WooCommerce Payments', 'WordPress', 'WordPress Multisite', 'WordPress Related Posts', 'WordPress Stats', 'jQuery']"
invgroupholdings.com,INV Group | Home,INV Group,GBR,82,22595,2026-09-13T09:43:40.295712267Z,"['AWS WAF Challenge', 'Alternate Protocol', 'Automattic', 'BatCache', 'Cloudflare', 'Cloudflare CDN', 'Elementor', 'EmbedPress', 'Essential Addons for Elementor', 'Fastly', 'Google', 'Google Analytics', 'Google My Business', 'Google Tag Manager', 'Header, Footer and Blocks for Elementor', 'Hello Elementor', 'Investor Relations', 'Jetpack', 'Jetpack Site Accelerator', 'Microdata for Google Shopping', 'NFOrce Internet', 'Nginx', 'PHP', 'Site Kit', 'Theme In WP', 'UTF-8', 'WPForms', 'WordPress', 'WordPress Multisite', 'WordPress Stats', 'jQuery']"
jmangroup.com,JMAN Group – We specialize in translating data into value for private equity funds and their portfolio companies,,IND,80,47137,2026-09-13T09:43:40.290326194Z,"['AWS WAF Challenge', 'Alternate Protocol', 'Astra Theme', 'CDN JS', 'Cloudflare', 'Cloudflare CDN', 'Complianz', 'DAV', 'Elementor', 'EmbedPress', 'Ethy', 'Font Awesome', 'GZIP Module', 'Google Analytics', 'Google My Business', 'Google Tag Manager', 'HubSpot Conversations', 'HubSpot WordPress Plugin', 'Hubspot', 'InitiativeS', 'Intervieweb', 'LinkedIn Insights', 'LinkedIn Pixel', 'Nginx', 'Vector Internet Services', 'W3 Total Cache', 'WPForms', 'Woo Themes', 'WordPress', 'WordPress Multisite', 'WordPress Related Posts', 'jsDelivr']"
careerfinancenews.com,- Latest Finance News,,IRN,82,27265,2026-09-13T09:43:40.288050636Z,"['AWS WAF Challenge', 'Alternate Protocol', 'Astra Theme', 'Cloudflare', 'Cloudflare CDN', 'Contact Form Plugin', 'Content Delivery Network', 'Elementor', 'EmbedPress', 'Fastly', 'GenerateBlocks', 'Google', 'Google Analytics', 'Google My Business', 'Google Tag Manager', 'Instagram Follow Button', 'Kitco', 'LiteSpeed', 'MailChimp for WordPress', 'Microdata for Google Shopping', 'NFOrce Internet', 'PHP', 'Site Kit', 'Sitelinks Search Box', 'Theme In WP', 'UTF-8', 'WPForms', 'Woo Themes', 'WordPress', 'WordPress Multisite', 'WordPress Related Posts', 'jQuery']"
opusxphotography.com,"Wedding Photographer in Eden Prairie & Twin Cities, MN | Opus X Photography",Opus X Professional Photography Services And Portfolio,USA,82,4433,2026-09-13T09:43:40.287289409Z,"['Akismet', 'Alternate Protocol', 'Content Delivery Network', 'Divi', 'Elegant Themes', 'EmbedPress', 'Google', 'Google Analytics', 'Google Cloud CDN', 'Google Cloud DNS', 'Google Font API', 'Google My Business', 'Google Related Website Sites', 'Google Tag Manager', 'Gravity', 'Gravity Forms', 'Instagram Follow Button', 'Microdata for Google Shopping', 'Monarch Social Sharing Plugin For WordPress', 'MonsterInsights', 'Nginx', 'PHP', 'Theme In WP', 'UTF-8', 'WPForms', 'Woo Themes', 'WordPress', 'WordPress Multisite', 'jQuery']"
chuhaitime.com,Home - Chuhai Time,,SGP,65,20359,2026-09-13T09:32:46.920157138Z,"['AWS WAF Challenge', 'Alternate Protocol', 'Automattic', 'CDN JS', 'Cloudflare', 'Cloudflare CDN', 'Contact Form Plugin', 'Creative Mail by Constant Contact', 'Elementor', 'EmbedPress', 'Facebook CDN', 'Flatsome', 'GZIP Module', 'Google', 'Google Cloud DNS', 'Google Font API', 'Google My Business', 'IcoMoon', 'Instagram Feed for WordPress', 'Instagram Follow Button', 'Jetpack', 'Microdata for Google Shopping', 'Nginx', 'Ntent', 'PHP', 'QuadLayers', 'Tailwind CSS', 'Thank You', 'The Deck', 'Theme In WP', 'TrustIndex', 'UTF-8', 'WPForms', 'Woo Themes', 'WooCommerce', 'WooCommerce Checkout', 'WordPress', 'WordPress Multisite', 'WordPress Stats', 'jQuery']"
mailmystatements.com,Patient Statements | Traditional and Digital Billing Solutions,MailMyStatements,,67,17664,2026-09-13T09:32:46.91111306Z,"['Alternate Protocol', 'Apache', 'CheryFramework', 'Elementor', 'EmbedPress', 'Fireblade', 'GZIP Module', 'Google Analytics', 'Google Tag Manager', 'IcoMoon', 'Instagram Follow Button', 'Microdata for Google Shopping', 'NFOrce Internet', 'PHP', 'QUIC', 'Tailwind CSS', 'Theme In WP', 'Twitter Ads', 'U-Design', 'UTF-8', 'WPForms', 'WordPress', 'WordPress Multisite', 'jQuery']"
zeitcetv.com,Zeit Consumer Electronics,,IND,65,1856,2026-09-13T09:32:46.892342915Z,"['Alternate Protocol', 'CDN JS', 'Cloudflare', 'Cloudflare CDN', 'Contact Form Plugin', 'EmbedPress', 'Google Cloud DNS', 'Google Font API', 'Google My Business', 'LiteSpeed', 'Newsmag', 'Newspaper', 'PHP', 'Slider Revolution', 'UTF-8', 'WPBakery', 'WPForms', 'WordPress', 'WordPress Multisite', 'jQuery', 'reCAPTCHA']"
academicenclave.com,"Academic Enclave : The Book Publisher of Delhi, India",Academic Enclave,IND,87,26248,2026-09-13T09:32:46.884710005Z,"['AWS WAF Challenge', 'Adobe Creative Cloud WebFonts', 'Advanced Popups', 'Alternate Protocol', 'Animate It', 'Cloudflare', 'Cloudflare CDN', 'Content Delivery Network', 'DAV', 'Elementor', 'EmbedPress', 'Fontello', 'Google', 'Google Analytics', 'Google Cloud CDN', 'Google Cloud DNS', 'Google Customer Reviews', 'Google Font API', 'Google My Business', 'Google Tag Manager', 'IcoMoon', 'Instagram Follow Button', 'Line2', 'LiteSpeed', 'Microdata for Google Shopping', 'Ntent', 'PHP', 'Python', 'Quiz Maker', 'Slider Revolution', 'TI WooCommerce Wishlist', 'Theme In WP', 'TrustIndex', 'UTF-8', 'University or College', 'Vector Internet Services', 'WP GDPR Compliance', 'WPForms', 'Woo Themes', 'WooCommerce', 'WooCommerce Checkout', 'WordPress', 'WordPress Multisite', 'eLand', 'jQuery', 'reCAPTCHA']"
theapparelshopboston.com,Home | The Apparel Shop Boston,The Apparel Shop Toronto,SYC,82,1744,2026-09-13T09:32:46.882701368Z,"['Alternate Protocol', 'Better Lead Generation Services', 'Contact Form Plugin', 'Divi', 'Elegant Themes', 'EmbedPress', 'Express', 'Google Analytics', 'Google My Business', 'Google Related Website Sites', 'Google Tag Manager', 'Instagram Follow Button', 'LiteSpeed', 'Microdata for Google Shopping', 'MonsterInsights', 'Neighborhoods', 'PHP', 'QUIC', 'Sitelinks Search Box', 'Theme In WP', 'UTF-8', 'WP Rocket', 'WPForms', 'Woo Themes', 'WooCommerce', 'WooCommerce Checkout', 'WordPress', 'WordPress Multisite', 'eLand', 'jQuery']"
desertsafaridubaibook.com,Desert Safari Dubai | Get 40%Off | Deals Start From 50 AED,,IND,77,8202,2026-09-13T09:32:46.877695064Z,"['Alternate Protocol', 'Elementor', 'EmbedPress', 'Google', 'Google Cloud CDN', 'Google Cloud DNS', 'Google Font API', 'Google Maps', 'Google My Business', 'Google Related Website Sites', 'Gtranslate for Wordpress', 'Microdata for Google Shopping', 'Newsletter for Wordpress', 'Nginx', 'OceanWP', 'Pico CSS', 'QUIC', 'Tailwind CSS', 'Tawk', 'UTF-8', 'WP Mobile Menu', 'WPForms', 'Woo Themes', 'WooCommerce Checkout', 'WordPress', 'WordPress Multisite', 'WordPress Related Posts', 'Yandex Hosting', 'reCAPTCHA']"
quicktalenthiring.com,Human Resource Solutions & Talent Acquisition Services,,IND,87,2450,2026-09-13T09:20:59.495447642Z,"['Alternate Protocol', 'Aruba', 'Cloudflare', 'Content Delivery Network', 'Elementor', 'EmbedPress', 'Google Analytics', 'Google Tag Manager', 'Instagram Follow Button', 'Join.chat', 'LiteSpeed', 'Microdata for Google Shopping', 'NFOrce Internet', 'PHP', 'QUIC', 'Royal Elementor Addons', 'Site Kit', 'Sitelinks Search Box', 'UTF-8', 'WPForms', 'WordPress', 'WordPress Multisite', 'eLand', 'jQuery']"
hernandifonti.com,Página Principal - Hernán Difonti,,PHL,82,3887,2026-09-13T09:20:59.489839803Z,"['Alternate Protocol', 'Contact Form Plugin', 'EU Cookie Law for Wordpress.', 'Elementor', 'EmbedPress', 'Google Cloud DNS', 'Google Font API', 'Google Related Website Sites', 'Instagram Follow Button', 'Microdata for Google Shopping', 'NFOrce Internet', 'Newsletter for Wordpress', 'Nginx', 'OceanWP', 'PHP', 'Parallels Plesk Panel', 'Premium Addons for Elementor', 'Tailwind CSS', 'Theme In WP', 'UTF-8', 'WP Mobile Menu', 'WPForms', 'Woo Themes', 'WooCommerce Checkout', 'WordPress', 'WordPress Multisite', 'jQuery']"
trdineshkumar.com,Home - trdineshkumar.com,trdineshkumar.com,,67,35444,2026-09-13T09:11:24.708395752Z,"['AWS WAF Challenge', 'Adult Content', 'Alternate Protocol', 'Apture Linking Platform', 'Aruba', 'Astra Theme', 'Cloudflare', 'Cloudflare CDN', 'Content Delivery Network', 'Elementor', 'EmbedPress', 'Endis', 'Express', 'Google', 'Google Analytics', 'Google Cloud DNS', 'Google Customer Reviews', 'Google Font API', 'Google My Business', 'Google Tag Manager', 'LiteSpeed', 'Microdata for Google Shopping', 'NFOrce Internet', 'PHP', 'Presto Player', 'Schema Plugin', 'Site Kit', 'Theme In WP', 'UTF-8', 'Ultimate Addons for Gutenberg', 'WP Live Chat Support', 'WPForms', 'Woo Themes', 'WordPress', 'WordPress Multisite', 'WordPress Related Posts', 'YouTube', 'eLand', 'jQuery']"
agriculturalintelligence.ai,Home - Agricultural Intelligence,agriculturalintelligence.ai,,72,3260,2026-09-13T09:11:24.706028175Z,"['Alternate Protocol', 'Astra Theme', 'Cloudflare', 'Content Delivery Network', 'Elementor', 'EmbedPress', 'Google', 'Google Cloud CDN', 'Google Cloud DNS', 'Google Font API', 'LiteSpeed', 'Microdata for Google Shopping', 'PHP', 'Sitelinks Search Box', 'Theme In WP', 'UTF-8', 'WPForms', 'Woo Themes', 'WordPress', 'WordPress Multisite', 'WordPress Related Posts', 'jQuery']"
acceleratedequityinsights.com,Accelerated Equity Insights,,USA,67,14931,2026-09-13T09:11:24.68879325Z,"['Alternate Protocol', 'Automattic', 'BatCache', 'Contact Form Plugin', 'Content Delivery Network', 'Elementor', 'EmbedPress', 'Fastly', 'Google Analytics', 'Google Tag Manager', 'Gutenberg', 'HubSpot WordPress Plugin', 'Instagram Follow Button', 'Jetpack', 'Jetpack Site Accelerator', 'NFOrce Internet', 'Nginx', 'PHP', 'SiteOrigin', 'Sydney Theme', 'Table Addons for Elementor', 'Theme In WP', 'Twitter Ads', 'UTF-8', 'University or College', 'WPForms', 'Woo Themes', 'WordPress', 'WordPress Multisite', 'WordPress Stats', 'eLand', 'jQuery']"
youmeandwe.ae,youmeandwe.ae |,youmeandwe.ae,,62,16273,2026-09-13T09:11:24.687570587Z,"['Alternate Protocol', 'Better Lead Generation Services', 'Contact Form Plugin', 'Content Delivery Network', 'Elementor', 'EmbedPress', 'Endis', 'Google Cloud DNS', 'Google Font API', 'IcoMoon', 'LiteSpeed', 'Microdata for Google Shopping', 'PHP', 'QUIC', 'Sitelinks Search Box', 'Slider Revolution', 'Tailwind CSS', 'Theme In WP', 'Twitter Ads', 'UTF-8', 'WPForms', 'Woo Themes', 'WooCommerce', 'WooCommerce Checkout', 'WordPress', 'WordPress Multisite', 'YouTube', 'jQuery']"
lorenzothompson.com,Home - Lorenzo Thompson,,USA,72,3005,2026-09-13T09:11:24.683437701Z,"['Alternate Protocol', 'Elementor', 'Google My Business', 'Google Play', 'IcoMoon', 'JetWooBuilder', 'Microdata for Google Shopping', 'NFOrce Internet', 'OceanWP', 'PHP', 'QUIC', 'Tailwind CSS', 'UTF-8', 'Vue.js', 'WP Mobile Menu', 'WPForms', 'Woo Themes', 'WooCommerce Checkout', 'WordPress', 'WordPress Multisite', 'jQuery']"
timberwolfcycles.ca,"Lightweight Wooden Bicycles – TimberWolf Bike – TimberWolf Cycles builds beautiful custom geometry frames out of history's most tested material, wood. Our patent pending technology enables frames with higher bottom bracket stiffness with a gentle ride.",,,55,519,2026-09-13T09:11:24.666761316Z,"['Alternate Protocol', 'Bulma', 'DAV', 'EmbedPress', 'Google Cloud DNS', 'Google Font API', 'Google My Business', 'Hestia', 'IcoMoon', 'Instagram Follow Button', 'Nginx', 'PHP', 'Shifter', 'Theme In WP', 'Twitter Ads', 'UTF-8', 'University or College', 'WPForms', 'Woo Themes', 'WooCommerce Checkout', 'WordPress', 'WordPress Multisite', 'jQuery', 'reCAPTCHA']"
lamerced5065.com.ar,Adventum – La Merced 5065,,ARG,70,172613,2026-09-13T09:11:24.648055384Z,"['Alternate Protocol', 'Cloudflare', 'DAV', 'Elementor', 'EmbedPress', 'Font Awesome', 'FreeBSD', 'GZIP Module', 'Google', 'Google Analytics', 'Google Cloud CDN', 'Google Tag Manager', 'KeyCDN', 'Nginx', 'Ninja Forms', 'PHP', 'Python', 'Royal Elementor Addons', 'Salesforce Hosted', 'Shopware', 'Table Addons for Elementor', 'UTF-8', 'University or College', 'Vector Internet Services', 'WP Fastest Cache', 'WPForms', 'WhatsApp Sharing', 'Woo Themes', 'WooCommerce Checkout', 'WordPress', 'WordPress Multisite', 'Yandex Hosting', 'reCAPTCHA', 'symfony PHP Framework']"
martelmechanical.com,HVAC Services in Southern & Central Maine | Martel Mechanical,Martel Mechanical,USA,82,41059,2026-09-13T09:00:17.113528988Z,"['AAPT', 'AWS WAF Challenge', 'Alternate Protocol', 'Astra Theme', 'Content Delivery Network', 'Elementor', 'EmbedPress', 'Google', 'Google Analytics', 'Google Cloud DNS', 'Google Customer Reviews', 'Google Font API', 'Google My Business', 'Google Tag Manager', 'Gravity', 'Instagram Feed for WordPress', 'Instagram Follow Button', 'Microdata for Google Shopping', 'NFOrce Internet', 'Nginx', 'Ntent', 'PHP', 'QUIC', 'Theme In WP', 'UTF-8', 'WPForms', 'Woo Themes', 'WordPress', 'WordPress Multisite', 'WordPress Related Posts', 'Yelp Badge', 'jQuery', 'reCAPTCHA']"
p1harmonymerch.com,P1Harmony Merch | FREE Shipping Worldwide,P1Harmony Merch,PRK,92,2682,2026-09-13T09:00:17.083970526Z,"['Alternate Protocol', 'Contact Form Plugin', 'Elementor', 'EmbedPress', 'Google Cloud DNS', 'Google Font API', 'LiteSpeed', 'Microdata for Google Shopping', 'NFOrce Internet', 'Newsletter for Wordpress', 'OceanWP', 'PHP', 'Tailwind CSS', 'Theme In WP', 'WP Fastest Cache', 'WP Mobile Menu', 'WPForms', 'Woo Themes', 'WooCommerce', 'WooCommerce Checkout', 'WordPress', 'WordPress Multisite', 'jQuery']"
juffairsquare.com,Juffair Square – SOMETHING DIFFERENT,,,65,34183,2026-09-13T09:00:17.062845084Z,"['AWS WAF Challenge', 'Alternate Protocol', 'Cloudflare', 'Cloudflare CDN', 'CoBlocks', 'Content Delivery Network', 'EmbedPress', 'GoDaddy', 'Google', 'Google Cloud DNS', 'Google Font API', 'Google My Business', 'Gtranslate for Wordpress', 'Instagram Follow Button', 'Newsletter for Wordpress', 'OceanWP', 'PHP', 'Tailwind CSS', 'Theme In WP', 'UTF-8', 'WP Mobile Menu', 'WPForms', 'Wangsu', 'Woo Themes', 'WooCommerce Checkout', 'WordPress', 'WordPress Multisite', 'jQuery']"
eaglecustomjewelry.net,eagle custom jewelry,,USA,65,20348,2026-09-13T09:00:17.055043556Z,"['AWS WAF Challenge', 'Alternate Protocol', 'Apture Linking Platform', 'Astra Theme', 'Cloudflare', 'Cloudflare CDN', 'Content Delivery Network', 'Elementor', 'EmbedPress', 'Express', 'Google', 'Google Cloud DNS', 'Google Font API', 'Google Maps', 'Google My Business', 'Instagram Follow Button', 'LiteSpeed', 'NFOrce Internet', 'Ntent', 'PHP', 'Theme In WP', 'TrustIndex', 'UTF-8', 'WPForms', 'Woo Themes', 'WordPress', 'WordPress Multisite', 'WordPress Related Posts', 'jQuery']"
mbllogistic.com,HOME - mbllogistic.com,mbllogistic.com,SAU,87,5586,2026-09-13T09:00:17.047936674Z,"['Alternate Protocol', 'Astra Theme', 'Click to Chat for WhatsApp', 'Cloudflare', 'Elementor', 'ElementsKit Elementor', 'EmbedPress', 'Express', 'Google', 'Google Cloud CDN', 'Google Cloud DNS', 'Google Font API', 'Google My Business', 'Google Related Website Sites', 'Gtranslate for Wordpress', 'Instagram Follow Button', 'Microdata for Google Shopping', 'PHP', 'Perl', 'Sitelinks Search Box', 'Theme In WP', 'UTF-8', 'WPForms', 'Woo Themes', 'WordPress', 'WordPress Multisite', 'WordPress Related Posts', 'jQuery', 'reCAPTCHA']"
stallionhealth.co.uk,stallionhealth.co.uk – Stallion Health,,,60,771,2026-09-13T08:45:28.94466578Z,"['AWS WAF Challenge', 'Alternate Protocol', 'CDN JS', 'Cloudflare', 'Cloudflare CDN', 'Contact Form Plugin', 'Elementor', 'ElementsKit Elementor', 'EmbedPress', 'Essential Addons for Elementor', 'Essential Blocks for Gutenberg', 'Google', 'Google Cloud CDN', 'Google My Business', 'Gravity', 'Gravity Forms', 'HappyAddons', 'IcoMoon', 'Livemesh Addons for Elementor', 'Newsletter for Wordpress', 'OceanWP', 'PHP', 'Popup Maker for Wordpress', 'QUIC', 'Royal Elementor Addons', 'Tailwind CSS', 'Theme In WP', 'To Top', 'UTF-8', 'Variation Swatches for WooCommerce', 'WP Mobile Menu', 'WPForms', 'Woo Themes', 'WooCommerce', 'WooCommerce Checkout', 'WordPress', 'WordPress Multisite', 'WordPress Related Posts', 'jQuery', 'jsDelivr', 'reCAPTCHA']"
csra-bolivia.org,Inicio - Consejo de Salud Rural Andino,csra-bolivia.org,ESP,92,3626,2026-09-13T08:45:28.943610089Z,"['Alternate Protocol', 'Content Delivery Network', 'Elementor', 'EmbedPress', 'Google', 'Google Analytics', 'Google Cloud CDN', 'Google Cloud DNS', 'Google Font API', 'Google Maps', 'Google My Business', 'Google Tag Manager', 'Gtranslate for Wordpress', 'Hello Elementor', 'LiteSpeed', 'Microdata for Google Shopping', 'MonsterInsights', 'MouseWheel Smooth Scroll', 'PHP', 'Premium Addons for Elementor', 'Sitelinks Search Box', 'Table Addons for Elementor', 'Theme In WP', 'UTF-8', 'WPForms', 'WordPress', 'WordPress Multisite', 'jQuery']"
havencapitalventures.com,Haven Capital Ventures,,USA,75,45525,2026-09-13T08:45:28.942087727Z,"['AWS WAF Challenge', 'Alternate Protocol', 'Apture Linking Platform', 'Calendly', 'Cloudflare', 'Cloudflare CDN', 'Content Delivery Network', 'DAV', 'Dynamic Visibility for Elementor', 'ElementUI', 'Elementor', 'EmbedPress', 'Essential Addons for Elementor', 'Express', 'Font Awesome', 'GoDaddy', 'Google', 'Google Cloud DNS', 'Google Font API', 'Google My Business', 'Header, Footer and Blocks for Elementor', 'InitiativeS', 'Investor Relations', 'Microdata for Google Shopping', 'NFOrce Internet', 'PHP', 'Popup Maker for Wordpress', 'Prospective', 'QUIC', 'Real Homes', 'Table Addons for Elementor', 'Theme In WP', 'UTF-8', 'Underscores', 'University or College', 'WPForms', 'WPFront Scroll Top', 'Wangsu', 'Woo Themes', 'WordPress', 'WordPress Multisite', 'iHomefinder', 'jQuery', 'reCAPTCHA']"
pjspanelandpaint.co.nz,Home - PJ's Panel & Paint,,CAN,70,7152,2026-09-13T08:34:08.7681456Z,"['3 Products', 'Alternate Protocol', 'Content Delivery Network', 'Elementor', 'EmbedPress', 'Facebook Conversion Tracking', 'Facebook Login', 'Facebook Messenger Platform', 'Facebook Pixel', 'Facebook Reseller', 'Facebook Tag API', 'Fastly', 'GZIP Module', 'Google', 'Google Analytics', 'Google Cloud CDN', 'Google Cloud DNS', 'Google Font API', 'Google Maps', 'Google My Business', 'Google Tag Manager', 'Gravity', 'Gravity Forms', 'HappyAddons', 'Header, Footer and Blocks for Elementor', 'Hello Elementor', 'Microdata for Google Shopping', 'To Top', 'UTF-8', 'WPForms', 'WordPress', 'WordPress Multisite', 'eLand', 'jQuery', 'reCAPTCHA']"
naughtyzone.lk,Home - Nauty Zone,Nauty Zone,,67,11749,2026-09-13T08:34:08.764056835Z,"['Alternate Protocol', 'Contact Form Plugin', 'Content Delivery Network', 'Elementor', 'EmbedPress', 'Google', 'Google Cloud DNS', 'Google Font API', 'IcoMoon', 'LiteSpeed', 'Microdata for Google Shopping', 'Negate', 'PHP', 'Perl', 'QUIC', 'Sitelinks Search Box', 'Slider Revolution', 'Tailwind CSS', 'Theme In WP', 'UTF-8', 'WPForms', 'Woo Themes', 'WooCommerce', 'WooCommerce Checkout', 'WordPress', 'WordPress Multisite', 'YITH WooCommerce Compare', 'jQuery']"
bearpawvet.com,"Best Vet Hospital In Havre, MT | Bear Paw Veterinary Service",Bear Paw Veterinary Service,GBR,82,96044,2026-09-13T08:34:08.753382204Z,"['AAPT', 'AWS WAF Challenge', 'Alternate Protocol', 'Cloudflare', 'Cloudflare CDN', 'Content Delivery Network', 'DAV', 'Divi', 'Elegant Themes', 'EmbedPress', 'Google', 'Google Analytics', 'Google Cloud CDN', 'Google Cloud DNS', 'Google Font API', 'Google My Business', 'Google Related Website Sites', 'Google Tag Manager', 'Microdata for Google Shopping', 'Monarch Social Sharing Plugin For WordPress', 'PHP', 'PetDesk', 'SMC', 'Sitelinks Search Box', 'Thank You', 'Theme In WP', 'UTF-8', 'UserWay', 'WP Engine', 'WPForms', 'Woo Themes', 'WordPress', 'WordPress Multisite', 'jQuery', 'reCAPTCHA']"
finvega.in,finvega,,IND,70,2648,2026-09-13T08:34:08.749246066Z,"['Alternate Protocol', 'Click to Chat for WhatsApp', 'Elementor', 'EmbedPress', 'Essential Addons for Elementor', 'FormSubmit', 'GZIP Module', 'Instagram Follow Button', 'NFOrce Internet', 'OceanWP', 'PHP', 'Perl', 'Popup Maker for Wordpress', 'QUIC', 'Royal Elementor Addons', 'Theme In WP', 'UTF-8', 'WPForms', 'Woo Themes', 'WooCommerce Checkout', 'WordPress', 'WordPress Multisite', 'jQuery']"
sumedhamicroware.in,Home - Sumedha Microware,Sumedha Microware,IND,77,20103,2026-09-13T08:34:08.734511253Z,"['AWS WAF Challenge', 'Alternate Protocol', 'Apture Linking Platform', 'Astra Theme', 'Cloudflare', 'Cloudflare CDN', 'Content Delivery Network', 'Elementor', 'EmbedPress', 'Google', 'Google Cloud DNS', 'Google Font API', 'Google My Business', 'Header, Footer and Blocks for Elementor', 'LiteSpeed', 'Microdata for Google Shopping', 'NFOrce Internet', 'PHP', 'Popup Builder', 'QUIC', 'QuadLayers', 'Theme In WP', 'UTF-8', 'WP Live Chat Support', 'WPForms', 'Woo Themes', 'WordPress', 'WordPress Multisite', 'WordPress Related Posts', 'jQuery']"
bledtransfers.si,"Bled Transfers - Taxi, Transfer, Luxury Transfers, Tours",,HUN,82,21344,2026-09-13T08:24:25.377821632Z,"['AWS WAF Challenge', 'Alternate Protocol', 'Apache', 'Astra Theme', 'Cloudflare', 'Cloudflare CDN', 'Elementor', 'EmbedPress', 'GZIP Module', 'Google', 'Google Analytics', 'Google Cloud DNS', 'Google Font API', 'Google My Business', 'Google Tag Manager', 'Gravity', 'Gravity Forms', 'HappyAddons', 'Header, Footer and Blocks for Elementor', 'Instagram Follow Button', 'Microdata for Google Shopping', 'NFOrce Internet', 'PHP', 'Polylang', 'QUIC', 'Sitelinks Search Box', 'Theme In WP', 'To Top', 'UTF-8', 'WPForms', 'Woo Themes', 'WordPress', 'WordPress Multisite', 'WordPress Related Posts', 'jQuery', 'reCAPTCHA']"
kongstrupvin.dk,Home kongstrupvin.dk,Kongstrup vin,FRA,87,92174,2026-09-13T08:24:25.37007501Z,"['Alternate Protocol', 'Apache', 'Autoptimize', 'CCSI', 'EmbedPress', 'Font Awesome', 'GZIP Module', 'Google Analytics', 'Google Cloud DNS', 'Google Font API', 'Google Maps', 'Google My Business', 'Google Related Website Sites', 'Google Tag Manager', 'Instagram Follow Button', 'KVH', 'Microdata for Google Shopping', 'MonsterInsights', 'Ntent', 'OpenSSL', 'SMC', 'Tailwind CSS', 'TrustIndex', 'UTF-8', 'Unix', 'WP Super Cache', 'WPForms', 'WPFront Scroll Top', 'WonderPush', 'Woo Themes', 'WooCommerce', 'WooCommerce Checkout', 'WordPress', 'WordPress Multisite', 'jQuery', 'shadcn ui']"
jeremyoconnell.com,Jeremy O'Connell | Marketing & Communications Specialist,,AUS,77,19844,2026-09-13T08:24:25.346621483Z,"['AWS WAF Challenge', 'Alternate Protocol', 'Apache', 'Cloudflare', 'Cloudflare CDN', 'Elementor', 'EmbedPress', 'Font Awesome', 'GZIP Module', 'Google', 'Google Cloud DNS', 'Google Font API', 'Google My Business', 'Instagram Follow Button', 'Microdata for Google Shopping', 'NFOrce Internet', 'One Designs', 'OnePress', 'PHP', 'Theme In WP', 'UTF-8', 'WPForms', 'WordPress', 'WordPress Multisite', 'jQuery', 'shadcn ui']"
windsortec.com,"PCBA / Wire Harness Assembly - Rochester, NY - Windsor Technology",Windsor Technology,CAN,77,55282,2026-09-13T08:24:25.326793799Z,"['AWS WAF Challenge', 'Alternate Protocol', 'Amazon WAF Blocked', 'Anti-spam for WordPress', 'Better Lead Generation Services', 'CleanTalk Spam Protect', 'Cloudflare', 'Cloudflare CDN', 'DAV', 'EmbedPress', 'Essential Grid', 'Fastly', 'Fireblade', 'Fontello', 'Google', 'Google Analytics', 'Google Cloud CDN', 'Google Cloud DNS', 'Google Font API', 'Google My Business', 'Google Tag Manager', 'HubSpot Conversations', 'HubSpot WordPress Plugin', 'Hubspot', 'Microdata for Google Shopping', 'Nginx', 'PHP', 'QUIC', 'Schema Plugin', 'Slider Revolution', 'Theme In WP', 'UTF-8', 'WPBakery', 'WPForms', 'Woo Themes', 'WordPress', 'WordPress Multisite', 'jQuery']"
maestransport.ro,MaesTransport,,ROU,50,305,2026-09-13T08:24:25.326623763Z,"['Alternate Protocol', 'CoBlocks', 'Elementor', 'EmbedPress', 'GZIP Module', 'Google Cloud DNS', 'Google Font API', 'IcoMoon', 'Nginx', 'PHP', 'Responsive', 'Theme In WP', 'UTF-8', 'WPForms', 'Woo Themes', 'WooCommerce Checkout', 'WordPress', 'WordPress Multisite', 'jQuery']"
bneuroview.com,Home - BN EUROVIEW LLC,,,72,18326,2026-09-13T08:10:30.826442289Z,"['AWS WAF Challenge', 'Alternate Protocol', 'Apache', 'Blocksy', 'Cloudflare', 'Cloudflare CDN', 'EmbedPress', 'GZIP Module', 'Google', 'Google My Business', 'Gtranslate for Wordpress', 'Instagram Follow Button', 'Microdata for Google Shopping', 'PHP', 'Sitelinks Search Box', 'Stackable Page Builder Gutenberg Blocks', 'Theme In WP', 'UTF-8', 'WPForms', 'WordPress', 'WordPress Multisite', 'jQuery']"
solopianodallas.com,Home - Solo Piano Dallas,Solo Piano Dallas,USA,75,20025,2026-09-13T08:10:30.815923569Z,"['AWS WAF Challenge', 'Alternate Protocol', 'Apache', 'Astra Theme', 'Cloudflare', 'Cloudflare CDN', 'Elementor', 'EmbedPress', 'GZIP Module', 'Google', 'Google Cloud DNS', 'Google Font API', 'Google My Business', 'Gravity', 'Gravity Forms', 'HappyAddons', 'Instagram Follow Button', 'Microdata for Google Shopping', 'NFOrce Internet', 'PHP', 'Theme In WP', 'To Top', 'UTF-8', 'University or College', 'WPForms', 'Woo Themes', 'WordPress', 'WordPress Multisite', 'WordPress Related Posts', 'YouTube', 'jQuery']"
carzonedover.com,Used Cars Dover DE | Buy Here Pay Here & $500 Down | Car Zone,,JPN,92,9455,2026-09-13T08:10:30.8078012Z,"['Alternate Protocol', 'Astra Theme', 'Cloudflare', 'Content Delivery Network', 'Elementor', 'EmbedPress', 'Google Analytics', 'Google My Business', 'Google Related Website Sites', 'Google Tag Manager', 'Jeg Elementor Kit', 'LiteSpeed', 'Microdata for Google Shopping', 'NFOrce Internet', 'NitroPack', 'PHP', 'QUIC', 'Sitelinks Search Box', 'Table Addons for Elementor', 'Theme In WP', 'Twitter Ads', 'UTF-8', 'Vector Internet Services', 'WPForms', 'Woo Themes', 'WordPress', 'WordPress Multisite', 'WordPress Related Posts', 'jQuery', 'reCAPTCHA']"
beautifulfeetstudio.com,Beautiful Feet Studio of Dance & The Arts,Beautiful Feet Studio,,67,6240,2026-09-13T08:10:30.803050373Z,"['Akismet', 'Alternate Protocol', 'Apture Linking Platform', 'Contact Form Plugin', 'DuracellTomi Google Tag Manager for WordPress', 'Elfsight', 'EmbedPress', 'Express', 'Google Analytics', 'Google My Business', 'Google Tag Manager', 'Instagram Feed for WordPress', 'Instagram Follow Button', 'LiteSpeed', 'MaxCDN', 'Microdata for Google Shopping', 'PDF Embedder for Wordpress', 'PHP', 'QUIC', 'Responsive Lightbox', 'The Studio Director', 'Theme In WP', 'Twitter Ads', 'UTF-8', 'Video Embed and Thumbnail Generator', 'Vimeo', 'WPForms', 'WordPress', 'WordPress Multisite', 'YouTube', 'jQuery', 'reCAPTCHA']"
nemethpali.eu,Németh Pali,,SVK,50,382,2026-09-13T08:10:30.792190958Z,"['AWS WAF Challenge', 'Alternate Protocol', 'Apache', 'Cloudflare', 'Cloudflare CDN', 'Elementor', 'EmbedPress', 'GZIP Module', 'Google', 'Google Cloud CDN', 'Google Cloud DNS', 'Google Font API', 'Google My Business', 'Jupiter X Core', 'PHP', 'Perl', 'QUIC', 'Theme In WP', 'UTF-8', 'Ubuntu', 'WPForms', 'Woo Themes', 'WordPress', 'WordPress Multisite', 'jQuery']"
manzoku.co.uk,Manzoku,,,45,302,2026-09-13T07:58:59.621063596Z,"['AWS WAF Challenge', 'Alternate Protocol', 'Apache', 'Astra Theme', 'DAV', 'Elementor', 'EmbedPress', 'Google Cloud DNS', 'Google Font API', 'Instagram Follow Button', 'PHP', 'QUIC', 'Table Addons for Elementor', 'Theme In WP', 'UTF-8', 'WPForms', 'Woo Themes', 'WordPress', 'WordPress Multisite', 'WordPress Related Posts', 'jQuery']"
diamondchauffeur.org,Diamond Chauffeur - Travel In Style,Diamond Chauffeur,GBR,80,23306,2026-09-13T07:58:59.590342403Z,"['AWS WAF Challenge', 'Alternate Protocol', 'Astra Theme', 'Automattic', 'Cloudflare', 'Cloudflare CDN', 'Content Delivery Network', 'Elementor', 'EmbedPress', 'Google', 'Google My Business', 'Gutenberg', 'Instagram Follow Button', 'Jetpack', 'Jetpack Site Accelerator', 'Microdata for Google Shopping', 'NFOrce Internet', 'Nginx', 'Ntent', 'Oracle Cloud', 'PHP', 'QUIC', 'Theme In WP', 'TrustIndex', 'UTF-8', 'WPForms', 'WhatsApp Sharing', 'Woo Themes', 'WordPress', 'WordPress Multisite', 'WordPress Related Posts', 'WordPress Stats', 'jQuery']"
alanaogata.com,The Ogata Lab,,CAN,65,18066,2026-09-13T07:58:59.584827279Z,"['AWS WAF Challenge', 'Alternate Protocol', 'Apture Linking Platform', 'Blocksy', 'Cloudflare', 'Cloudflare CDN', 'Content Delivery Network', 'EmbedPress', 'Google', 'Google Cloud DNS', 'Google Font API', 'Google My Business', 'LiteSpeed', 'PHP', 'Stackable Page Builder Gutenberg Blocks', 'Theme In WP', 'UTF-8', 'University or College', 'WP Accessibility', 'WPForms', 'WordPress', 'WordPress Multisite', 'jQuery']"
pinfoldcarehome.co.uk,Pinfold Care Home | Compassionate Mental Health Residential Care in Streatham pinfoldcarehome.co.uk,,GBR,82,19417,2026-09-13T07:58:59.572832226Z,"['AWS WAF Challenge', 'Alternate Protocol', 'Cloudflare', 'Cloudflare CDN', 'Contact Form Plugin', 'Content Delivery Network', 'EmbedPress', 'Google', 'Google Analytics', 'Google My Business', 'Google Tag Manager', 'Gravity Forms', 'LiteSpeed', 'Microdata for Google Shopping', 'PHP', 'Site Kit', 'Sitelinks Search Box', 'Theme In WP', 'UTF-8', 'WPForms', 'WordPress', 'WordPress Multisite', 'YooTheme', 'reCAPTCHA']"
dvksconstructionllc.com,DVKS Construction LLC – Ceramic Tile Work,,USA,67,27718,2026-09-13T07:48:14.171090239Z,"['AWS WAF Challenge', 'Alternate Protocol', 'Astra Theme', 'Automattic', 'BatCache', 'Better Lead Generation Services', 'Cloudflare', 'Cloudflare CDN', 'Content Delivery Network', 'Elementor', 'EmbedPress', 'Fastly', 'Google', 'Google My Business', 'Gutenberg', 'Jetpack', 'Jetpack Site Accelerator', 'NFOrce Internet', 'Nginx', 'PHP', 'Theme In WP', 'UTF-8', 'Vector Internet Services', 'WPForms', 'Woo Themes', 'WordPress', 'WordPress Multisite', 'WordPress Related Posts', 'WordPress Stats', 'jQuery']"
do-south.com,Do south bespoke kitchens designer brand furniture and lighting,Do South,GBR,77,9143,2026-09-13T07:48:14.149128117Z,"['3 Products', 'Alternate Protocol', 'Apache', 'Apture Linking Platform', 'CDN JS', 'Cloudflare', 'Cloudflare CDN', 'Complianz', 'Content Delivery Network', 'Elementor', 'EmbedPress', 'Essential Addons for Elementor', 'Express', 'Facebook Conversion Tracking', 'Facebook Login', 'Facebook Messenger Platform', 'Facebook Pixel', 'Facebook Reseller', 'Facebook Tag API', 'GZIP Module', 'Google', 'Google Analytics', 'Google Cloud CDN', 'Google Cloud DNS', 'Google Font API', 'Google My Business', 'Google Tag Manager', 'Gravity', 'Gravity Forms', 'Instagram Follow Button', 'Klarna', 'MailChimp', 'Microdata for Google Shopping', 'Microsoft Clarity', 'NFOrce Internet', 'PHP', 'PayPal', 'StackPath', 'Storefront', 'Theme In WP', 'Twitter Ads', 'UTF-8', 'Variation Swatches for WooCommerce', 'WPForms', 'Woo Themes', 'WooCommerce', 'WooCommerce Checkout', 'WordPress', 'WordPress Multisite', 'YouTube', 'jQuery', 'reCAPTCHA']"
thinkerspublishing.com,Thinkers Publishing - Expanding Chess Knowledge,,SYC,70,37745,2026-09-13T07:48:14.141587819Z,"['AWS WAF Challenge', 'Alternate Protocol', 'Amazon WAF Blocked', 'Anti-spam for WordPress', 'Apache', 'Apture Linking Platform', 'CleanTalk Spam Protect', 'Cloudflare', 'Cloudflare CDN', 'Coming Soon Page', 'DAV', 'Elementor', 'EmbedPress', 'Express', 'Facebook Customer Chat SDK', 'Facebook Login', 'Facebook Messenger Platform', 'Facebook Reseller', 'FiboSearch', 'Fireblade', 'GZIP Module', 'Google', 'Google Analytics', 'Google My Business', 'Google Related Website Sites', 'Google Tag Manager', 'Instagram Follow Button', 'Microdata for Google Shopping', 'MonsterInsights', 'NFOrce Internet', 'Newsletter for Wordpress', 'OceanWP', 'PHP', 'PayPal', 'QUIC', 'Sitelinks Search Box', 'Theme In WP', 'Twitter Ads', 'UTF-8', 'University or College', 'WP Mobile Menu', 'WPForms', 'Woo Themes', 'WooCommerce', 'WooCommerce Checkout', 'WooCommerce Pixel Manager by woopt', 'WooCommerce Stripe Payment Gateway', 'WordPress', 'WordPress Multisite', 'jQuery', 'reCAPTCHA']"
flowmasterpressurewashing.com,"Flowmaster Pressure Washing | Argyle, Denton, Flower Mound, TX",,,82,130765,2026-09-13T07:48:14.140143053Z,"['AWS WAF Challenge', 'Alternate Protocol', 'Better Lead Generation Services', 'Cloudflare', 'Cloudflare CDN', 'Content Delivery Network', 'Elementor', 'EmbedPress', 'GoDaddy', 'Google', 'Google Analytics', 'Google My Business', 'Google Tag Manager', 'Instagram Follow Button', 'KVH', 'NFOrce Internet', 'No-Q', 'O2MC Dimml', 'Podium', 'QUIC', 'SMC', 'Subversion', 'UTF-8', 'WPForms', 'Wangsu', 'WordPress', 'WordPress Multisite', 'jQuery']"
sarayaha.in,Sara Yaha News,,IND,60,1431,2026-09-13T07:48:14.131022635Z,"['Alternate Protocol', 'Content Delivery Network', 'DC74', 'EmbedPress', 'FreeCSSTemplates', 'Google Cloud DNS', 'Google Font API', 'Instagram Follow Button', 'LiteSpeed', 'Newsmag', 'Newspaper', 'PHP', 'Subversion', 'Theme In WP', 'UTF-8', 'WP Statistics', 'WPBakery', 'WPForms', 'WPS Visitor Counter Plugin', 'Woo Themes', 'WooCommerce Checkout', 'WordPress', 'WordPress Multisite', 'YouTube', 'jQuery']"
mgbtex.com,MGB – MANUFACTURERS & EXPORTERS OF TEXTILE FABRICS & MADE-UPS,,PAK,70,3011,2026-09-13T07:48:14.115283888Z,"['Alternate Protocol', 'Elementor', 'EmbedPress', 'Google Maps', 'Google My Business', 'IcoMoon', 'NFOrce Internet', 'Nginx', 'OceanWP', 'PHP', 'Tailwind CSS', 'Theme In WP', 'UTF-8', 'WP Mobile Menu', 'WPForms', 'Woo Themes', 'WooCommerce Checkout', 'WordPress', 'WordPress Multisite', 'jQuery']"
aqusa.shop,Home - aqusa,aqusa,,62,19810,2026-09-13T07:48:14.115404359Z,"['AWS WAF Challenge', 'Alternate Protocol', 'Astra Theme', 'Cloudflare', 'Cloudflare CDN', 'Content Delivery Network', 'Elementor', 'EmbedPress', 'Essential Addons for Elementor', 'Google', 'Google Cloud DNS', 'Google Font API', 'Google Maps', 'Google My Business', 'LiteSpeed', 'Microdata for Google Shopping', 'NFOrce Internet', 'PHP', 'QUIC', 'Theme In WP', 'UTF-8', 'WPForms', 'WhatsApp Sharing', 'Woo Themes', 'WooCommerce', 'WooCommerce Checkout', 'WordPress', 'WordPress Multisite', 'WordPress Related Posts', 'YouTube', 'jQuery']"
abloomcareservices.com,Abloom Care,,,55,3285,2026-09-13T07:35:22.435032524Z,"['Alternate Protocol', 'Contact Form Plugin', 'Easy Accordio', 'EmbedPress', 'Google Analytics', 'Google Tag Manager', 'Gravity Forms', 'Instagram Follow Button', 'PHP', 'Prospective', 'QUIC', 'Rate my Post', 'Theme In WP', 'Twenty Fourteen', 'UTF-8', 'WP Responsive Menu', 'WPForms', 'WordPress', 'WordPress Multisite', 'jQuery']"
yamaqu.com,Home - yamaqu.com,yamaqu.com,IDN,72,3322,2026-09-13T07:35:22.403578524Z,"['Alternate Protocol', 'Elementor', 'EmbedPress', 'Google', 'Google Cloud CDN', 'Google Cloud DNS', 'Google Font API', 'Header, Footer and Blocks for Elementor', 'Jeg Elementor Kit', 'LiteSpeed', 'Metform Elemento', 'Microdata for Google Shopping', 'Neve', 'PHP', 'Sitelinks Search Box', 'Table Addons for Elementor', 'Theme In WP', 'UTF-8', 'University or College', 'WPForms', 'WordPress', 'WordPress Multisite', 'jQuery']"
ohio-psychiatry.com,"JOSHUA J. OGLEHART – Psychiatric Nurse Practitioner, MSN, APRN, PMHNP",,,55,782,2026-09-13T07:35:22.40165713Z,"['AWS WAF Challenge', 'Alternate Protocol', 'Coming Soon Page', 'Content Delivery Network', 'Elementor', 'EmbedPress', 'GZIP Module', 'Google', 'Google Cloud CDN', 'Google Cloud DNS', 'Google Font API', 'Google Maps', 'Google My Business', 'Gravity', 'Gravity Forms', 'Newsletter for Wordpress', 'Nginx', 'OceanWP', 'PHP', 'Thank You', 'Theme In WP', 'UTF-8', 'WP Engine', 'WP Mobile Menu', 'WPForms', 'Woo Themes', 'WordPress', 'WordPress Multisite', 'jQuery']"
fusionmaint.com,FUSION ELECTRO MECHANICAL MAINTENANCE LLC,Fusion Maintenance LLC,,67,20255,2026-09-13T07:35:22.384317599Z,"['AWS WAF Challenge', 'Alternate Protocol', 'Apache', 'Cloudflare', 'Cloudflare CDN', 'Elementor', 'EmbedPress', 'GZIP Module', 'Google', 'Google Analytics', 'Google My Business', 'Google Tag Manager', 'IcoMoon', 'Microdata for Google Shopping', 'NFOrce Internet', 'PHP', 'Rife Free', 'SearchWP', 'Theme In WP', 'UTF-8', 'WPForms', 'WordPress', 'WordPress Multisite', 'jQuery']"
palmaholding.com,"Luxury Real Estate in Dubai, UAE | Palma Holding",Palma Holding,ESP,92,5366,2026-09-13T07:35:22.376721808Z,"['Alternate Protocol', 'Apache', 'Aruba', 'Contact Form Plugin', 'DAV', 'Elementor', 'EmbedPress', 'Fancybox for WordPress', 'GZIP Module', 'Google', 'Google Cloud CDN', 'Google Cloud DNS', 'Google Font API', 'Google My Business', 'Google Related Website Sites', 'Gravity Forms', 'Instagram Follow Button', 'Microdata for Google Shopping', 'PHP', 'Schema Plugin', 'Thank You', 'UTF-8', 'WP Super Cache', 'WPForms', 'WordPress', 'WordPress Multisite', 'YouTube', 'eLand', 'reCAPTCHA', 'shadcn ui']"
hyxc.ae,HYXC Trading,,,40,723,2026-09-13T07:35:22.372873201Z,"['Alternate Protocol', 'DuracellTomi Google Tag Manager for WordPress', 'Elementor', 'EmbedPress', 'Google Analytics', 'Google Cloud DNS', 'Google Font API', 'Google My Business', 'Google Tag Manager', 'Kitco', 'LiteSpeed', 'NFOrce Internet', 'Newsletter for Wordpress', 'Ntent', 'OceanWP', 'PHP', 'Sign In With Google', 'Site Kit', 'Table Addons for Elementor', 'Tailwind CSS', 'Theme In WP', 'UTF-8', 'WP Mobile Menu', 'WPForms', 'Woo Themes', 'WooCommerce Checkout', 'WordPress', 'WordPress Multisite', 'WordPress Related Posts', 'YouTube', 'jQuery']"
astradesign.us,ASTRA DESIGN,,USA,55,10362,2026-09-13T07:35:22.370072452Z,"['AWS WAF Challenge', 'Alternate Protocol', 'Apache', 'Cloudflare', 'Cloudflare CDN', 'Contento', 'EmbedPress', 'GZIP Module', 'Google', 'Google Cloud DNS', 'Google Font API', 'Google My Business', 'Instagram Follow Button', 'Jetpack', 'PHP', 'Polylang', 'UTF-8', 'WPForms', 'WooCommerce', 'WooCommerce Checkout', 'WordPress', 'WordPress Multisite', 'WordPress Stats', 'jQuery']"
kingwebmediapr.com,King Web Media | Diseño de Páginas Web y Artes Gráficos,King Web Media,,82,4674,2026-09-13T07:22:50.539444218Z,"['Alternate Protocol', 'Better Lead Generation Services', 'Bulma', 'Cloudflare', 'Content Delivery Network', 'DAV', 'Elementor', 'EmbedPress', 'Font Awesome', 'Google Cloud DNS', 'Google Font API', 'Instagram Follow Button', 'LiteSpeed', 'Microdata for Google Shopping', 'NFOrce Internet', 'PHP', 'QUIC', 'Tailwind CSS', 'Theme In WP', 'UTF-8', 'WPForms', 'WhatsApp Sharing', 'WordPress', 'WordPress Multisite', 'hCaptcha', 'jQuery', 'reCAPTCHA']"
rachat-diamant.com,Rachat Diamant Au Meilleur Prix Vendre votre Diamant,,FRA,77,19828,2026-09-13T07:22:50.529621709Z,"['AWS WAF Challenge', 'Alternate Protocol', 'Apache', 'Astra Theme', 'Cloudflare', 'Cloudflare CDN', 'DAV', 'Elementor', 'EmbedPress', 'Envoy', 'GZIP Module', 'Google', 'Google Cloud DNS', 'Google Font API', 'Google My Business', 'Header, Footer and Blocks for Elementor', 'Instagram Follow Button', 'Microdata for Google Shopping', 'NFOrce Internet', 'PHP', 'Royal Elementor Addons', 'Simple Banner for Wordpress', 'Theme In WP', 'UTF-8', 'WPForms', 'Woo Themes', 'WordPress', 'WordPress Multisite', 'WordPress Related Posts', 'YouTube', 'jQuery']"
elnadaco.com,El Nada For Contracting,,EGY,65,3165,2026-09-13T07:12:59.40686035Z,"['Alternate Protocol', 'Content Delivery Network', 'Elementor', 'EmbedPress', 'Google', 'Google Cloud CDN', 'Google Cloud DNS', 'Google Font API', 'Google Maps', 'Google My Business', 'Instagram Follow Button', 'LiteSpeed', 'PHP', 'Royal Elementor Addons', 'Slider Revolution', 'Tailwind CSS', 'Theme In WP', 'UTF-8', 'University or College', 'WPForms', 'WordPress', 'WordPress Multisite', 'jQuery']"
weatherbyappraisalsinc.com,Weatherby Appraisals Inc – A full service real estate appraisal and consulting firm,,,60,520,2026-09-13T07:12:59.381231127Z,"['AWS WAF Challenge', 'Alternate Protocol', 'Cloudflare', 'Cloudflare CDN', 'Content Delivery Network', 'EmbedPress', 'Google', 'Google Cloud DNS', 'Google Font API', 'Google Maps', 'Google My Business', 'LiteSpeed', 'One Designs', 'OnePress', 'PHP', 'QUIC', 'Shortcodes Ultimate', 'Theme In WP', 'UTF-8', 'WPForms', 'WordPress', 'WordPress Multisite', 'jQuery', 'shadcn ui']"
hobbacare.com,hobbacare,,IND,70,2303,2026-09-13T07:12:59.381116915Z,"['Alternate Protocol', 'CDN JS', 'Click to Chat for WhatsApp', 'Cloudflare', 'Cloudflare CDN', 'Elementor', 'ElementsKit Elementor', 'EmbedPress', 'GS Logo Slider', 'GZIP Module', 'Hello Elementor', 'Instagram Follow Button', 'Menu Icons by ThemeIsle', 'NFOrce Internet', 'PHP', 'Qi Addons For Elementor', 'Theme In WP', 'UTF-8', 'WPForms', 'WPFront Scroll Top', 'WordPress', 'WordPress Multisite', 'YouTube', 'jQuery', 'jsDelivr']"
outeniquabop.co.za,Bond van Oud-Polisebeamptes Outeniqua,,,67,2765,2026-09-13T07:12:59.356028897Z,"['Alternate Protocol', 'Click to Chat for WhatsApp', 'Content Delivery Network', 'DAV', 'Elementor', 'EmbedPress', 'Essential Addons for Elementor', 'Google Analytics', 'Google Cloud DNS', 'Google Font API', 'Google My Business', 'Google Tag Manager', 'LiteSpeed', 'Microdata for Google Shopping', 'MonsterInsights', 'NFOrce Internet', 'Ninja Forms', 'OceanWP', 'PHP', 'QUIC', 'Theme In WP', 'UTF-8', 'WPForms', 'Woo Themes', 'WooCommerce Checkout', 'WordPress', 'WordPress Multisite', 'jQuery']"
skyconnectonline.com,SkyConnect – Cable & Internet Services,,USA,65,18090,2026-09-13T06:58:10.051026804Z,"['AWS WAF Challenge', 'Alternate Protocol', 'Apache', 'Astra Theme', 'Cloudflare', 'Cloudflare CDN', 'EmbedPress', 'Facebook Login', 'Facebook Messenger Platform', 'Facebook Pixel', 'Facebook Reseller', 'GZIP Module', 'GenerateBlocks', 'Google', 'Google Cloud DNS', 'Google Font API', 'Google My Business', 'PHP', 'QUIC', 'Theme In WP', 'UTF-8', 'Ultimate Addons for Gutenberg', 'WPForms', 'WordPress', 'WordPress Multisite', 'WordPress Related Posts', 'jQuery']"
domingo-painting.com,Domingo Painting – Just another WordPress site,,,60,447,2026-09-13T06:58:10.033702187Z,"['Alternate Protocol', 'Astra Theme', 'Cloudflare', 'Content Delivery Network', 'Elementor', 'EmbedPress', 'Google', 'Google Cloud CDN', 'Google Cloud DNS', 'Google Font API', 'Line2', 'LiteSpeed', 'PHP', 'QUIC', 'QUIC.cloud', 'UTF-8', 'WPForms', 'Woo Themes', 'WordPress', 'WordPress Multisite', 'WordPress Related Posts']"
turmericprofessional.com,turmericprofessional.com – Turmeric Professional. Your Path to Healthy Hair and Skin.,,IND,70,50437,2026-09-13T06:58:10.014101492Z,"['AWS WAF Challenge', 'Alternate Protocol', 'Blocksy', 'Cloudflare', 'Cloudflare CDN', 'Content Delivery Network', 'Elementor', 'EmbedPress', 'Google', 'Google Adsense', 'Google Analytics', 'Google Cloud DNS', 'Google Font API', 'Google Funding Choices', 'Google Matched Content', 'Google My Business', 'Google Reseller', 'Google Tag Manager', 'Line2', 'LiteSpeed', 'NFOrce Internet', 'PHP', 'QUIC', 'QUIC.cloud', 'Table Addons for Elementor', 'The Fresh', 'UTF-8', 'WPForms', 'Woo Themes', 'WordPress', 'WordPress Multisite']"
moments-hunters.com,Moment Hunters - Welcome Box for Families,moments-hunters.com,LVA,77,25082,2026-09-13T06:58:10.011527454Z,"['AWS WAF Challenge', 'Alternate Protocol', 'Cloudflare', 'Cloudflare CDN', 'Contact Form Plugin', 'Content Delivery Network', 'DC74', 'Elementor', 'EmbedPress', 'Google', 'Google Analytics', 'Google Cloud DNS', 'Google Font API', 'Google My Business', 'Google Tag Manager', 'LiteSpeed', 'Microdata for Google Shopping', 'NFOrce Internet', 'Newsletter for Wordpress', 'OceanWP', 'PHP', 'Site Kit', 'Tailwind CSS', 'Theme In WP', 'UTF-8', 'WP Mobile Menu', 'WPForms', 'Woo Themes', 'WooCommerce Checkout', 'WordPress', 'WordPress Multisite', 'jQuery']"
ecodesoft.ca,"SEO, Website Development, Web Design, Digital Marketing Agency",EcodeSoft Solutions,USA,77,54040,2026-09-13T06:45:55.727917905Z,"['Alternate Protocol', 'Apache', 'CDN JS', 'Cloudflare', 'Cloudflare CDN', 'DAV', 'Elementor', 'EmbedPress', 'GZIP Module', 'Google', 'Google Analytics', 'Google Cloud CDN', 'Google Cloud DNS', 'Google Font API', 'Google Related Website Sites', 'Google Tag Manager', 'Hello Elementor', 'LiteSpeed', 'Max Mega Menu', 'Max Mega Menu Pro', 'Microdata for Google Shopping', 'PHP', 'QUIC', 'SMC', 'Sonetel Chat', 'Subversion', 'Theme In WP', 'UTF-8', 'WPForms', 'WordPress', 'WordPress Multisite', 'jQuery']"
gerassociation.com,home | GLOBUS EDUCATION & RESEARCH ASSOCIATION,GERA Foundation,,82,17268,2026-09-13T06:45:55.718498981Z,"['AWS WAF Challenge', 'Alternate Protocol', 'Apache', 'Astra Theme', 'Content Delivery Network', 'Convertful', 'Elementor', 'ElementsKit Elementor', 'EmbedPress', 'GZIP Module', 'Google Analytics', 'Google Cloud DNS', 'Google Font API', 'Google Related Website Sites', 'Google Tag Manager', 'HT Mega', 'InitiativeS', 'Microdata for Google Shopping', 'PHP', 'Theme In WP', 'UTF-8', 'University or College', 'WPForms', 'WordPress', 'WordPress Multisite', 'jQuery']"
maureenraylaw.com,Home - Maureen Ray Site,Maureen Ray Site,,65,32877,2026-09-13T06:45:55.704799276Z,"['AWS WAF Challenge', 'Alternate Protocol', 'Cloudflare', 'Content Delivery Network', 'Elementor', 'EmbedPress', 'GeneratePress Company', 'Genesis Blocks', 'Google', 'Google Cloud DNS', 'Google Font API', 'Google My Business', 'Kitco', 'Microdata for Google Shopping', 'PHP', 'Prospective', 'Theme In WP', 'UTF-8', 'WP Engine', 'WP Show Posts', 'WPForms', 'WordPress', 'WordPress Multisite', 'jQuery', 'reCAPTCHA']"
novemedical.com,Best Bariatric and Plastic Surgery in Turkey - Novemedical,"Novemed - Bariatric & Plastic Surgery, Turkey",TUR,82,20767,2026-09-13T06:45:55.703869454Z,"['AWS WAF Challenge', 'Alternate Protocol', 'Cloudflare', 'Cloudflare CDN', 'Content Delivery Network', 'DAV', 'EmbedPress', 'Google', 'Google Analytics', 'Google Cloud DNS', 'Google Font API', 'Google My Business', 'Google Related Website Sites', 'Google Tag Manager', 'IcoMoon', 'Instagram Feed for WordPress', 'Instagram Follow Button', 'Line2', 'Menu Icons by ThemeIsle', 'Microdata for Google Shopping', 'Nectar Slide Plugin', 'Ntent', 'PHP', 'QUIC', 'Salient', 'Theme In WP', 'UTF-8', 'WP Engine', 'WPBakery', 'WPForms', 'WPML Multilingual', 'WhatsApp Sharing', 'WordPress', 'WordPress Multisite', 'YouTube', 'jQuery', 'jsDelivr']"
impulsoea.com.mx,"Impulso Económico Activo – Adquiere un Préstamo sin Aval ni Garantías, en menos de 24 horas.",,MEX,70,20064,2026-09-13T06:45:55.68336315Z,"['AWS WAF Challenge', 'Alternate Protocol', 'CheryFramework', 'Cloudflare', 'Cloudflare CDN', 'Elementor', 'EmbedPress', 'Google', 'Google My Business', 'IcoMoon', 'Instagram Follow Button', 'NFOrce Internet', 'Nginx', 'PHP', 'QUIC', 'Theme In WP', 'U-Design', 'UTF-8', 'WPForms', 'WordPress', 'WordPress Multisite', 'eLand', 'jQuery']"
arsalservices.com,"Arsal Services – Best Website Design, Smm Boosting, Social Media marketing, seo , store listing services provider in worldwide",,USA,70,7533,2026-09-13T06:45:55.680295608Z,"['Alternate Protocol', 'Animate It', 'Apture Linking Platform', 'Cloudflare', 'Contact Form Plugin', 'Elementor', 'Elementor Addon Elements', 'EmbedPress', 'Essential Addons for Elementor', 'Funding Choices', 'Google Adsense', 'Google Analytics', 'Google Cloud DNS', 'Google Font API', 'Google Funding Choices', 'Google Matched Content', 'Google My Business', 'Google Reseller', 'Google Tag Manager', 'Instagram Follow Button', 'NFOrce Internet', 'PHP', 'Premium Addons for Elementor', 'QUIC', 'Theme In WP', 'UTF-8', 'Vector Internet Services', 'WP Rocket', 'WPForms', 'Woo Themes', 'WooFramework', 'WordPress', 'WordPress Multisite', 'XTemos Studio', 'jQuery']"
b2b-trading.nl,B2B Trading - Solutions for Education and Business,B2B Trading,NLD,77,3701,2026-09-13T06:35:28.224325431Z,"['Alternate Protocol', 'Contact Form Plugin', 'Elementor', 'EmbedPress', 'Google', 'Google Analytics', 'Google Cloud CDN', 'Google Cloud DNS', 'Google Font API', 'Google Tag Manager', 'Instagram Follow Button', 'Microdata for Google Shopping', 'Newsletter for Wordpress', 'Nginx', 'OceanWP', 'PHP', 'Polylang', 'QUIC', 'Tailwind CSS', 'Telegram', 'Theme In WP', 'UTF-8', 'WP Mobile Menu', 'WPForms', 'Woo Themes', 'WooCommerce', 'WooCommerce Checkout', 'WordPress', 'WordPress Multisite', 'YouTube', 'jQuery']"
shiftcar.co.uk,Home - shiftcar.co.uk,,GBR,77,17701,2026-09-13T06:35:28.190730642Z,"['Alternate Protocol', 'Better Lead Generation Services', 'Click to Chat for WhatsApp', 'Elementor', 'EmbedPress', 'Fireblade', 'Google Analytics', 'Google Cloud DNS', 'Google Maps', 'Google My Business', 'Google Tag Manager', 'Header, Footer and Blocks for Elementor', 'Microdata for Google Shopping', 'NFOrce Internet', 'Newsletter for Wordpress', 'OceanWP', 'PHP', 'QUIC', 'Site Kit', 'Sitelinks Search Box', 'Theme In WP', 'UTF-8', 'WP Mobile Menu', 'WPForms', 'Woo Themes', 'WooCommerce Checkout', 'WordPress', 'WordPress Multisite', 'WordPress Related Posts', 'jQuery']"
alizeetower.com,Alizee Tower,,MEX,60,1916,2026-09-13T06:25:10.669376764Z,"['Alternate Protocol', 'Apache', 'Click to Chat for WhatsApp', 'Cloudbeds', 'Contact Form Plugin', 'EmbedPress', 'FreeCSSTemplates', 'GZIP Module', 'Google Analytics', 'Google Cloud DNS', 'Google Font API', 'Google Maps', 'Google My Business', 'Google Tag Manager', 'Gravity Forms', 'IcoMoon', 'Instagram Feed for WordPress', 'Instagram Follow Button', 'Ntent', 'PHP', 'Slider Revolution', 'Tailwind CSS', 'Theme In WP', 'TrustIndex', 'UTF-8', 'WPBakery', 'WPForms', 'WPML Multilingual', 'WordPress', 'WordPress Multisite', 'YouTube', 'jQuery']"
truewhitecoatconfessions.com,True White Coat Confessions | Dr. Larry Shall,True White Coat Confessions,GBR,92,25525,2026-09-13T06:25:10.668568987Z,"['AWS WAF Challenge', 'Alternate Protocol', 'Apture Linking Platform', 'Cloudflare', 'Contact Form Plugin', 'Content Delivery Network', 'DAV', 'Elementor', 'EmbedPress', 'FreeCSSTemplates', 'GoDaddy', 'Google Analytics', 'Google Cloud DNS', 'Google Font API', 'Google Tag Manager', 'Gravity Forms', 'Microdata for Google Shopping', 'NFOrce Internet', 'PHP', 'QUIC', 'RM Education', 'Thank You', 'Theme In WP', 'UTF-8', 'WPForms', 'Woo Themes', 'WordPress', 'WordPress Multisite', 'jQuery']"
braveart-studios.com,Home - BraveArt Studios,BraveArt Studios,AUS,87,20813,2026-09-13T06:25:10.663115867Z,"['AWS WAF Challenge', 'Alternate Protocol', 'Cloudflare', 'Cloudflare CDN', 'Content Delivery Network', 'Elementor', 'EmbedPress', 'Express', 'Google', 'Google Analytics', 'Google Cloud CDN', 'Google My Business', 'Google Tag Manager', 'Instagram Feed for WordPress', 'Instagram Follow Button', 'LiteSpeed', 'Microdata for Google Shopping', 'MonsterInsights', 'PHP', 'QUIC', 'Show.co', 'Tailwind CSS', 'Twitter Ads', 'UTF-8', 'WPForms', 'Woo Themes', 'WooCommerce', 'WooCommerce Checkout', 'WordPress', 'WordPress Multisite', 'jQuery', 'reCAPTCHA']"
hollandsymphony.org,Homepage - Holland Symphony Orchestra,Holland Symphony Orchestra,CAN,77,5391,2026-09-13T06:25:10.653137865Z,"['Alternate Protocol', 'Apture Linking Platform', 'Constant Contact', 'DAV', 'EWWW Image Optimizer', 'Elementor', 'EmbedPress', 'Essential Addons for Elementor', 'Google Analytics', 'Google Cloud DNS', 'Google Font API', 'Google Related Website Sites', 'Google Tag Manager', 'Header, Footer and Blocks for Elementor', 'IcoMoon', 'LiteSpeed', 'MailChimp for WordPress', 'Microdata for Google Shopping', 'Muffin Group', 'NFOrce Internet', 'PDF Embedder for Wordpress', 'PHP', 'Poptin', 'QUIC', 'The Events Calendar', 'Theme In WP', 'UTF-8', 'W3 Total Cache', 'WPForms', 'Woo Themes', 'WordPress', 'WordPress Multisite', 'WordPress SEO Structured Data Schema Plugin', 'jQuery']"
mgscanberrapainter.com.au,MGS Canberra Painting - Paint Just The Way You Want It,,AUS,77,4014,2026-09-13T06:25:10.64329142Z,"['Alternate Protocol', 'Contact Form Plugin', 'Content Delivery Network', 'Elementor', 'EmbedPress', 'Google Analytics', 'Google Cloud DNS', 'Google Font API', 'Google My Business', 'Google Tag Manager', 'Gravity Forms', 'IcoMoon', 'LiteSpeed', 'Microdata for Google Shopping', 'NFOrce Internet', 'PHP', 'Recent Posts Widget With Thumbnails', 'Theme In WP', 'UTF-8', 'WPForms', 'WordPress', 'WordPress Multisite', 'jQuery', 'reCAPTCHA']"
dreamlashes.in,Dream Lashes – Dream Lashes,,IND,80,19760,2026-09-13T06:11:09.712594604Z,"['AWS WAF Challenge', 'Alternate Protocol', 'Astra Theme', 'Cloudflare', 'Cloudflare CDN', 'Content Delivery Network', 'Elementor', 'EmbedPress', 'Google', 'Google Analytics', 'Google Cloud DNS', 'Google Font API', 'Google My Business', 'Google Tag Manager', 'Instagram Follow Button', 'LiteSpeed', 'NFOrce Internet', 'PHP', 'Theme In WP', 'UTF-8', 'WPForms', 'WhatsApp Sharing', 'Woo Themes', 'WordPress', 'WordPress Multisite', 'WordPress Related Posts', 'jQuery']"
mygnotech.com,Home - Gnotech,Gnotech,GHA,77,766,2026-09-13T06:11:09.71051036Z,"['Alternate Protocol', 'Better Lead Generation Services', 'Content Delivery Network', 'Elementor', 'EmbedPress', 'Google Analytics', 'Google Cloud DNS', 'Google Font API', 'Google My Business', 'Google Tag Manager', 'Hello Elementor', 'Instagram Follow Button', 'LiteSpeed', 'Microdata for Google Shopping', 'PHP', 'QUIC', 'Sitelinks Search Box', 'Theme In WP', 'Twitter Ads', 'UTF-8', 'WPForms', 'Woo Themes', 'WordPress', 'WordPress Multisite', 'jQuery']"
epitomeconcierge.com,epitomeconcierge.com,,UGA,65,19930,2026-09-13T06:11:09.7074987Z,"['AWS WAF Challenge', 'Alternate Protocol', 'Apture Linking Platform', 'Blocksy', 'Cloudflare', 'Cloudflare CDN', 'Content Delivery Network', 'Element Pack Lite', 'Elementor', 'EmbedPress', 'FormSubmit', 'Google', 'Google Cloud DNS', 'Google Font API', 'Google My Business', 'Header, Footer and Blocks for Elementor', 'Instagram Follow Button', 'LiteSpeed', 'NFOrce Internet', 'PHP', 'Royal Elementor Addons', 'Theme In WP', 'UTF-8', 'WPForms', 'WordPress', 'WordPress Multisite', 'jQuery']"
vbexporters.com,"VB Exporters – Quality Vegetables, Exported with Care",,,72,48642,2026-09-13T06:11:09.704073969Z,"['AWS WAF Challenge', 'Alternate Protocol', 'Contact Form Plugin', 'Content Delivery Network', 'Cornerstone', 'Elementor', 'EmbedPress', 'Essential Addons for Elementor', 'Google Cloud DNS', 'Google Font API', 'Google My Business', 'InitiativeS', 'LiteSpeed', 'NFOrce Internet', 'PHP', 'QUIC', 'Responsive', 'Table Addons for Elementor', 'The Fresh', 'Theme In WP', 'UTF-8', 'WPForms', 'Woo Themes', 'WooCommerce Checkout', 'WordPress', 'WordPress Multisite', 'WordPress Related Posts', 'jQuery', 'reCAPTCHA']"
masonproperties.com,"Apartments for Rent in DeKalb, IL | Mason Properties",Mason Properties,USA,82,40375,2026-09-13T06:01:12.746095058Z,"['AWS WAF Challenge', 'Alternate Protocol', 'Autoptimize', 'CCSI', 'Cloudflare', 'Cloudflare CDN', 'Content Delivery Network', 'Divi', 'Elegant Themes', 'EmbedPress', 'Font Awesome', 'GZIP Module', 'Google', 'Google My Business', 'Google Related Website Sites', 'Instagram Follow Button', 'Microdata for Google Shopping', 'Nginx', 'No-Q', 'PHP', 'Pagekit', 'QUIC', 'Theme In WP', 'Twitter Ads', 'UTF-8', 'University or College', 'WP Engine', 'WPForms', 'WordPress', 'WordPress Multisite', 'Yelp Badge', 'jQuery']"
numerlilas.com,Numerlilas,Numerlilas,PRT,70,170248,2026-09-13T06:01:12.739989277Z,"['Alternate Protocol', 'Cloudflare', 'Cookie Accept', 'Cookie Notice', 'Divi', 'Elegant Themes', 'EmbedPress', 'Express', 'Fireblade', 'GZIP Module', 'Google', 'Google Analytics', 'Google Cloud CDN', 'Google Cloud DNS', 'Google Font API', 'Google My Business', 'Google Related Website Sites', 'Google Tag Manager', 'Microdata for Google Shopping', 'Nginx', 'PHP', 'Perl', 'QUIC', 'Salesforce Hosted', 'Sitelinks Search Box', 'The SEO Framework', 'Theme In WP', 'UTF-8', 'W3 Total Cache', 'WPForms', 'Woo Themes', 'WordPress', 'WordPress Multisite', 'jQuery', 'reCAPTCHA']"
shaniabrown.design,Shania Brown Design,,,45,1138,2026-09-13T06:01:12.725631015Z,"['AWS WAF Challenge', 'Adobe Creative Cloud WebFonts', 'Alternate Protocol', 'Cloudflare', 'Cloudflare CDN', 'Content Delivery Network', 'Elementor', 'EmbedPress', 'Google', 'Google Cloud DNS', 'Google Font API', 'Google My Business', 'IcoMoon', 'Instagram Follow Button', 'NFOrce Internet', 'Nginx', 'PHP', 'Pagekit', 'Smush Image Optimization', 'Theme In WP', 'UTF-8', 'WPForms', 'WordPress', 'WordPress Multisite', 'jQuery']"
allpurposeshippingcontainers.com,Shipping Containers for Sale | Shipping Containers Near Me | 50% Off Sale,Steel Works Storage Containers,PRI,82,6594,2026-09-13T06:01:12.682365799Z,"['Alternate Protocol', 'Content Delivery Network', 'Elementor', 'ElementsKit Elementor', 'EmbedPress', 'Essential Addons for Elementor', 'Fonts Plugin', 'Google', 'Google Cloud CDN', 'Google Cloud DNS', 'Google Font API', 'Gravity', 'Gravity Forms', 'Gtranslate for Wordpress', 'HappyAddons', 'Header, Footer and Blocks for Elementor', 'IcoMoon', 'LiteSpeed', 'Livemesh Addons for Elementor', 'Microdata for Google Shopping', 'NFOrce Internet', 'Newsletter for Wordpress', 'OceanWP', 'PHP', 'Perl', 'QUIC', 'Sticky Header Effects for Elementor', 'TI WooCommerce Wishlist', 'Table Addons for Elementor', 'Tailwind CSS', 'Tawk', 'Theme In WP', 'To Top', 'UTF-8', 'WP Mobile Menu', 'WPForms', 'Woo Themes', 'WooCommerce', 'WooCommerce Checkout', 'WooCommerce Payments', 'WooLentor', 'WordPress', 'WordPress Multisite', 'WordPress Related Posts', 'eLand', 'jQuery']"
distinctiveexteriors.ca,"Distinctive Exteriors – Exterior Finishing Services for Central Vancouver Island, BC",,CAN,65,53848,2026-09-13T06:01:12.678788129Z,"['Alternate Protocol', 'Astra Theme', 'Cloudflare', 'Elementor', 'EmbedPress', 'Google', 'Google Cloud CDN', 'Google Cloud DNS', 'Google Font API', 'Google Maps', 'Google My Business', 'Nginx', 'PHP', 'SMC', 'Theme In WP', 'To Top', 'TrustIndex', 'UTF-8', 'WPForms', 'Woo Themes', 'WordPress', 'WordPress Multisite', 'WordPress Related Posts', 'jQuery']"
gtrancenlptraining.com,NLP Training With Gtrance,,COL,65,18466,2026-09-13T05:47:14.185835814Z,"['AWS WAF Challenge', 'Alternate Protocol', 'Apache', 'Calendly', 'Cloudflare', 'Elementor', 'ElementsKit Elementor', 'EmbedPress', 'Express', 'Facebook Conversion Tracking', 'Facebook Login', 'Facebook Messenger Platform', 'Facebook Pixel', 'Facebook Reseller', 'Facebook Tag API', 'GZIP Module', 'Google Analytics', 'Google My Business', 'Google Tag Manager', 'Hello Elementor', 'Hotjar', 'Instagram Follow Button', 'NFOrce Internet', 'PHP', 'QUIC', 'Table Addons for Elementor', 'Theme In WP', 'Twitter Ads', 'UTF-8', 'WPForms', 'WordPress', 'WordPress Multisite', 'YouTube', 'jQuery']"
artisticum.se,Naslovna - artisticum.se,artisticum.se,SWE,87,23092,2026-09-13T05:47:14.167413793Z,"['Alternate Protocol', 'Amazon CloudFront', 'CloudFront', 'Cloudflare', 'Content Delivery Network', 'DAV', 'EmbedPress', 'Fastly', 'Google Cloud DNS', 'Google Font API', 'KVH', 'LiteSpeed', 'Microdata for Google Shopping', 'PHP', 'Sitelinks Search Box', 'Smart Slider 3', 'Store Locator WordPress', 'Subversion', 'Tailwind CSS', 'Theme In WP', 'UTF-8', 'WPForms', 'Woo Themes', 'WooCommerce', 'WooCommerce Checkout', 'WordPress', 'WordPress Multisite', 'YITH WooCommerce Compare', 'eLand', 'jQuery']"
brasabeer.com,Brasa - Brasa,,USA,65,12823,2026-09-13T05:47:14.165675402Z,"['Alternate Protocol', 'Cloudflare', 'Contact Form Plugin', 'Custom Twitter Feeds', 'Elementor', 'EmbedPress', 'Facebook Login', 'GitHub Hosting', 'Google', 'Google Analytics', 'Google Cloud CDN', 'Google Cloud DNS', 'Google Font API', 'Google Maps', 'Google My Business', 'Google Tag Manager', 'Instagram Feed for WordPress', 'Instagram Follow Button', 'Linktree', 'Microdata for Google Shopping', 'Negate', 'Nginx', 'PHP', 'Perl', 'QUIC', 'Qi Addons For Elementor', 'Redux Framework', 'Slider Revolution', 'Theme In WP', 'Twitter Ads', 'UTF-8', 'WPForms', 'WPML Multilingual', 'Woo Themes', 'WooCommerce', 'WooCommerce Checkout', 'WordPress', 'WordPress Multisite', 'jQuery', 'reCAPTCHA']"
samocha.co,Samocha,,IND,75,54513,2026-09-13T05:47:14.150355135Z,"['Alternate Protocol', 'Apache', 'Astra Theme', 'Click to Chat for WhatsApp', 'Content Delivery Network', 'DAV', 'Elementor', 'ElementsKit Elementor', 'EmbedPress', 'Essential Addons for Elementor', 'GZIP Module', 'Google', 'Google Cloud CDN', 'Google Cloud DNS', 'Google Customer Reviews', 'Google Font API', 'Google My Business', 'Lazy Load for WordPress', 'Ntent', 'PHP', 'Parcel', 'Prime Slide for Elementor', 'SMC', 'Theme In WP', 'TrustIndex', 'UTF-8', 'University or College', 'WPForms', 'Woo Themes', 'WordPress', 'WordPress Multisite', 'WordPress Related Posts', 'amCharts', 'eLand', 'jQuery']"
scholarmedia.africa,Scholar Media Africa - Daily Positive Change!,Scholar Media Africa,KEN,77,17622,2026-09-13T05:47:14.145365756Z,"['AWS WAF Challenge', 'Alternate Protocol', 'CDN JS', 'Cloudflare', 'Cloudflare CDN', 'DAV', 'EmbedPress', 'Google Adsense', 'Google Analytics', 'Google Cloud DNS', 'Google Font API', 'Google Funding Choices', 'Google Matched Content', 'Google My Business', 'Google Reseller', 'Google Tag Manager', 'InitiativeS', 'LiteSpeed', 'Microdata for Google Shopping', 'Newsmag', 'Newspaper', 'OneSignal', 'PHP', 'ProfilePress', 'Slider Revolution', 'Twitter Ads', 'UTF-8', 'University or College', 'WP Super Cache', 'WPBakery', 'WPForms', 'Woo Themes', 'WordPress', 'WordPress Multisite', 'YouTube', 'jQuery', 'tagDiv Cloud Library']"
physio-aktiv-hoogstede.de,Physio Aktiv Hoogstede,Physio Aktiv Hoogstede,,60,102,2026-09-13T05:47:14.141966634Z,"['Alternate Protocol', 'Astra Theme', 'Content Delivery Network', 'Elementor', 'EmbedPress', 'Google Cloud DNS', 'Google Font API', 'Instagram Follow Button', 'LiteSpeed', 'Microdata for Google Shopping', 'PHP', 'Sitelinks Search Box', 'Theme In WP', 'UTF-8', 'WPForms', 'WordPress', 'WordPress Multisite', 'jQuery']"
thinkservex-us.com,Homepage | Servex,Servex,,70,83102,2026-09-13T05:47:14.140503279Z,"['AWS WAF Challenge', 'Alternate Protocol', 'CDN JS', 'Cloudflare', 'Cloudflare CDN', 'Contact Form Plugin', 'Content Delivery Network', 'Elementor', 'Elementor Addon Elements', 'EmbedPress', 'Essential Addons for Elementor', 'GZIP Module', 'Google', 'Google Analytics', 'Google Cloud DNS', 'Google Font API', 'Google My Business', 'Google Related Website Sites', 'Google Tag Manager', 'HubSpot WordPress Plugin', 'IcoMoon', 'Instagram Follow Button', 'Kadence WP', 'Microdata for Google Shopping', 'NFOrce Internet', 'PHP', 'SMC', 'Sucuri Cloudproxy', 'Table Addons for Elementor', 'Thank You', 'Theme In WP', 'Tidio', 'TranslatePress', 'UTF-8', 'Variation Swatches for WooCommerce', 'WP Video Lightbox', 'WPForms', 'Woo Themes', 'WooCommerce', 'WooCommerce Checkout', 'WordPress', 'WordPress Multisite', 'YouTube', 'jQuery', 'reCAPTCHA']"
kinglyluxury.ae,Kingly Luxury,,,60,102,2026-09-13T05:37:38.812891388Z,"['Alternate Protocol', 'Astra Theme', 'Cloudflare', 'Elementor', 'EmbedPress', 'Essential Addons for Elementor', 'Google Cloud DNS', 'Google Customer Reviews', 'Google Font API', 'Google Maps', 'Google My Business', 'Header, Footer and Blocks for Elementor', 'LiteSpeed', 'PHP', 'QUIC', 'Royal Elementor Addons', 'Table Addons for Elementor', 'Theme In WP', 'UTF-8', 'WPForms', 'Woo Themes', 'WordPress', 'WordPress Multisite', 'WordPress Related Posts', 'jQuery']"
allroundgraphics.be,Allroundgraphics.be – Graphics design,,,50,162,2026-09-13T05:37:38.803906029Z,"['Alternate Protocol', 'Angular', 'Cloudflare', 'Elementor', 'EmbedPress', 'Essential Addons for Elementor', 'GZIP Module', 'GeneratePress Company', 'Google', 'Google Cloud CDN', 'Google Cloud DNS', 'Google Font API', 'Header, Footer and Blocks for Elementor', 'Nginx', 'PHP', 'Theme In WP', 'UTF-8', 'WP Statistics', 'WPForms', 'WordPress', 'WordPress Multisite', 'jQuery']"
thehacktech.com,HackTech Hackathon 2025 in Cyprus,,,67,53007,2026-09-13T05:37:38.802273298Z,"['AWS WAF Challenge', 'Alternate Protocol', 'Cloudflare', 'Cloudflare CDN', 'Contact Form Plugin', 'EmbedPress', 'Fireblade', 'GZIP Module', 'Gambling Content', 'Google', 'Google Analytics', 'Google Maps', 'Google My Business', 'Google Tag Manager', 'Gravity Forms', 'Instagram Follow Button', 'M247', 'Microdata for Google Shopping', 'PHP', 'Theme In WP', 'UTF-8', 'WPForms', 'WordPress', 'WordPress Multisite', 'jQuery']"
kettex.eu,Videoendoscopy from KETTEX,,CZE,55,980,2026-09-13T05:37:38.794765317Z,"['AWS WAF Challenge', 'Alternate Protocol', 'Apache', 'Cloudflare', 'Cloudflare CDN', 'Elementor', 'EmbedPress', 'GZIP Module', 'Google', 'Google Analytics', 'Google My Business', 'Google Tag Manager', 'NFOrce Internet', 'OceanWP', 'PHP', 'Tawk', 'Theme In WP', 'UTF-8', 'WP Mobile Menu', 'WP Super Cache', 'WPForms', 'Woo Themes', 'WooCommerce Checkout', 'WordPress', 'WordPress Multisite', 'jQuery']"
block20buffalo.com,"Block20 Student Apartments – Live Near UB in Amherst, NY",Block20,USA,82,18796,2026-09-13T05:37:38.789014144Z,"['AWS WAF Challenge', 'Adobe Creative Cloud WebFonts', 'Alternate Protocol', 'CDN JS', 'Cloudflare', 'Cloudflare CDN', 'Content Delivery Network', 'Divi', 'Easy Fancybox', 'Elegant Themes', 'Elfsight', 'EmbedPress', 'Font Awesome', 'GDPR Cookie Compliance', 'Google Analytics', 'Google Cloud DNS', 'Google Font API', 'Google Maps', 'Google Tag Manager', 'Gtranslate for Wordpress', 'Instagram Follow Button', 'Max Mega Menu', 'Max Mega Menu Pro', 'Microdata for Google Shopping', 'PHP', 'Popup Builder', 'Say what', 'Theme In WP', 'Twitter Ads', 'UTF-8', 'University or College', 'UserWay', 'WP Engine', 'WPForms', 'Woo Themes', 'WordPress', 'WordPress Multisite', 'eLand', 'jQuery', 'jQuery Pin It Button for Images']"
theatreatthemill.com,Home - Theatre at The Mill,,,77,17468,2026-09-13T05:37:38.789662833Z,"['AWS WAF Challenge', 'Alternate Protocol', 'Cloudflare', 'Content Delivery Network', 'Cookie Control', 'Divi', 'Elegant Themes', 'EmbedPress', 'Google Analytics', 'Google Cloud DNS', 'Google Font API', 'Google Maps', 'Google Tag Manager', 'Microdata for Google Shopping', 'PHP', 'Perl', 'Theme In WP', 'Twitter Ads', 'UTF-8', 'WP Engine', 'WPForms', 'Woo Themes', 'WordPress', 'WordPress Multisite', 'jQuery']"
mtsscaffoldinghertford.co.uk,Scaffolders Hertford & Hoddesdon | MTS Scaffolding Services,MTS Scaffolding,,77,5594,2026-09-13T05:37:38.778022741Z,"['Alternate Protocol', 'Apture Linking Platform', 'Elementor', 'EmbedPress', 'GZIP Module', 'Google', 'Google Analytics', 'Google Cloud DNS', 'Google Font API', 'Google My Business', 'Google Tag Manager', 'Hello Elementor', 'Microdata for Google Shopping', 'NFOrce Internet', 'Nginx', 'PHP', 'Parallels Plesk Panel', 'QUIC', 'Theme In WP', 'TrustIndex', 'UTF-8', 'WP Rocket', 'WPForms', 'WordPress', 'WordPress Multisite', 'jQuery']"
cleanpowerwash.co.uk,"JHB Cleanpowerwash - Driveways, patios, roofs cleaning services Kent",,GBR,60,975,2026-09-13T05:37:38.777208222Z,"['Alternate Protocol', 'Better Lead Generation Services', 'Cloudflare', 'EmbedPress', 'Fastly', 'GZIP Module', 'Google Cloud DNS', 'Google Font API', 'Google My Business', 'Nginx', 'Oxygen', 'Oxygen Builder', 'PHP', 'PWA', 'Parallels Plesk Panel', 'Popup Maker for Wordpress', 'UTF-8', 'WPForms', 'WordPress', 'reCAPTCHA']"
mgistars.com,MGI Stars,,IND,65,8634,2026-09-13T05:37:38.774209081Z,"['Alternate Protocol', 'Content Delivery Network', 'Elementor', 'EmbedPress', 'GZIP Module', 'Google', 'Google Cloud CDN', 'Google Cloud DNS', 'Google Font API', 'IcoMoon', 'Instagram Follow Button', 'LiteSpeed', 'PHP', 'QUIC', 'Theme In WP', 'Twitter Ads', 'UTF-8', 'Vector Internet Services', 'WPForms', 'Woo Themes', 'WooCommerce', 'WooCommerce Checkout', 'WordPress', 'WordPress Multisite', 'YouTube', 'eLand', 'jQuery']"
liquidlustllc.com,"Liquid Lust | Pouring Memories, One Drink At A Time",,,55,7784,2026-09-13T05:24:43.409298116Z,"['Alternate Protocol', 'Amazon WAF Blocked', 'Anti-spam for WordPress', 'Apache', 'CheryFramework', 'CleanTalk Spam Protect', 'Cornerstone', 'EmbedPress', 'Fireblade', 'GZIP Module', 'Google', 'Google Cloud CDN', 'Google Cloud DNS', 'Google Font API', 'Instagram Follow Button', 'PHP', 'Slider Revolution', 'Theme In WP', 'UTF-8', 'WPForms', 'Woo Themes', 'WordPress', 'WordPress Multisite', 'jQuery']"
aepatel.com,Pharmaceutical Distributor Mauritius | AEPATEL,A. E. Patel & Co. Ltd,MUS,77,20223,2026-09-13T05:24:43.406411889Z,"['AWS WAF Challenge', 'Add to Any', 'Alternate Protocol', 'Bulma', 'Cloudflare', 'Cloudflare CDN', 'Contact Form Plugin', 'EmbedPress', 'GZIP Module', 'Google', 'Google Analytics', 'Google Cloud DNS', 'Google Font API', 'Google Maps', 'Google My Business', 'Google Tag Manager', 'Gtranslate for Wordpress', 'Hestia', 'IcoMoon', 'Instagram Follow Button', 'LiteSpeed', 'Microdata for Google Shopping', 'Ninja Forms', 'PHP', 'Smart Slider 3', 'Theme In WP', 'UTF-8', 'WP Logo Showcase', 'WPForms', 'Woo Themes', 'WooCommerce Checkout', 'WordPress', 'WordPress Multisite', 'eLand', 'jQuery', 'reCAPTCHA']"
mediamichou.com,Home 02 - Media Michou,Media Michou,,57,102,2026-09-13T05:24:43.405263959Z,"['Alternate Protocol', 'Apache', 'Contact Form Plugin', 'Elementor', 'EmbedPress', 'FreeCSSTemplates', 'GZIP Module', 'Google Cloud DNS', 'Google Font API', 'Google Maps', 'Microdata for Google Shopping', 'PHP', 'Sitelinks Search Box', 'Theme In WP', 'UTF-8', 'WPForms', 'WordPress', 'WordPress Multisite', 'jQuery']"
skillmedics.com,Home -,,,77,781,2026-09-13T05:24:43.396216674Z,"['Alternate Protocol', 'Astra Theme', 'Content Delivery Network', 'Elementor', 'EmbedPress', 'Google Cloud DNS', 'Google Font API', 'LiteSpeed', 'Microdata for Google Shopping', 'PHP', 'Sitelinks Search Box', 'Theme In WP', 'UTF-8', 'University or College', 'WPForms', 'WordPress', 'WordPress Multisite', 'jQuery']"
carmenwatt.com,Home - Carmen Watt Carmen Watt,,USA,67,20008,2026-09-13T05:13:04.67494686Z,"['AWS WAF Challenge', 'Adult Content', 'Alternate Protocol', 'Amazon Widgets', 'Apache', 'Astra Theme', 'Cloudflare', 'Cloudflare CDN', 'Elementor', 'EmbedPress', 'Essential Addons for Elementor', 'Font Awesome', 'Google', 'Google Cloud DNS', 'Google Font API', 'Google My Business', 'Instagram Feed for WordPress', 'Instagram Follow Button', 'LiteSpeed', 'Microdata for Google Shopping', 'NFOrce Internet', 'PHP', 'QUIC', 'Theme In WP', 'Twitter Ads', 'UTF-8', 'University or College', 'WPForms', 'Woo Themes', 'WordPress', 'WordPress Multisite', 'WordPress Related Posts', 'YouTube', 'jQuery']"
kendrickheywoodmd.com,Dr. Kendrick Heywood – Redefining Personalized Age Management and Regenerative Medicine,,USA,80,33573,2026-09-13T05:13:04.670879986Z,"['AWS WAF Challenge', 'Alternate Protocol', 'Cloudflare', 'Cloudflare CDN', 'Content Delivery Network', 'Elementor', 'ElementsKit Elementor', 'EmbedPress', 'Essential Addons for Elementor', 'Essential Blocks for Gutenberg', 'Google', 'Google Cloud DNS', 'Google Font API', 'Google My Business', 'Instagram Follow Button', 'QUIC', 'Sucuri Cloudproxy', 'Table Addons for Elementor', 'UTF-8', 'WPForms', 'Wangsu', 'WordPress', 'WordPress Multisite']"
fitmeals.ie,Fit Meals High Protein – Home | Fitmeals Healthy Ready Meals,fitmeals.ie,ITA,82,2907,2026-09-13T05:13:04.650290786Z,"['Alternate Protocol', 'Apache', 'Cloudflare', 'EmbedPress', 'GZIP Module', 'Google', 'Google Analytics', 'Google Tag Manager', 'Instagram Follow Button', 'Microdata for Google Shopping', 'PHP', 'PopularFX', 'QUIC', 'Theme In WP', 'Twitter Ads', 'UTF-8', 'University or College', 'WP Super Cache', 'WPForms', 'WordPress', 'WordPress Multisite', 'YouTube', 'eLand', 'jQuery']"
oges.tr,OGES ENERJİ,,TUR,77,21786,2026-09-13T05:13:04.625640189Z,"['Alternate Protocol', 'Cloudflare', 'Elementor', 'EmbedPress', 'Endis', 'Fontello', 'Google', 'Google Cloud CDN', 'Google Cloud DNS', 'Google Font API', 'HostGator', 'Microsoft Azure', 'Microsoft IIS', 'PHP', 'Parallels Plesk Panel', 'Prime Slide for Elementor', 'Qi Addons For Elementor', 'Theme In WP', 'UTF-8', 'Visual Studio', 'WPForms', 'WordPress', 'WordPress Multisite', 'WordPress Related Posts', 'eLand', 'jQuery']"
studymentor.gr,StudyMentor | Αναγνώριση Πτυχίων ΔΟΑΤΑΠ και ΑΤΕΕΝ.,StudyMentor – Οδηγός Σπουδών & Ακαδημαϊκής Υποστήριξης,,82,8190,2026-09-13T05:01:27.58740642Z,"['Alternate Protocol', 'Amazon WAF Blocked', 'Apture Linking Platform', 'Cloudflare', 'Content Delivery Network', 'Eduma', 'Elementor', 'EmbedPress', 'Facebook Reseller', 'GZIP Module', 'Google Analytics', 'Google Tag Manager', 'IcoMoon', 'Kitco', 'Lazy Load for WordPress', 'Microdata for Google Shopping', 'NFOrce Internet', 'Newsletter for Wordpress', 'Nginx', 'PHP', 'PixelYourSite', 'QUIC', 'Schema Plugin', 'Site Kit', 'UTF-8', 'University or College', 'WP Rocket', 'WPForms', 'Woo Themes', 'WordPress', 'WordPress Multisite', 'jQuery']"
urbanao.com,"Architecture, Planning & Design Excellence | Urban A&O",Urban A&O,GBR,82,19934,2026-09-13T05:01:27.571943916Z,"['AWS WAF Challenge', 'Alternate Protocol', 'Apture Linking Platform', 'Cloudflare', 'Elementor', 'ElementsKit Elementor', 'EmbedPress', 'Essential Addons for Elementor', 'GZIP Module', 'Google', 'Google Analytics', 'Google Cloud CDN', 'Google Tag Manager', 'Hello Elementor', 'InitiativeS', 'Instagram Follow Button', 'LiteSpeed', 'LoftLoader', 'Microdata for Google Shopping', 'NFOrce Internet', 'PHP', 'QUIC', 'Table Addons for Elementor', 'Theme In WP', 'UTF-8', 'University or College', 'Vimeo', 'WPForms', 'WordPress', 'WordPress Multisite', 'YouTube', 'jQuery']"
nor-fishing.no,Nor-Fishing - Nor-Fishing,,NOR,70,18435,2026-09-13T05:01:27.569243664Z,"['AWS WAF Challenge', 'Alternate Protocol', 'Apache', 'Cloudflare', 'Cloudflare CDN', 'CoBlocks', 'EmbedPress', 'Envoy', 'Facebook Conversion Tracking', 'Facebook Login', 'Facebook Messenger Platform', 'Facebook Pixel', 'Facebook Reseller', 'Facebook Tag API', 'GZIP Module', 'Google', 'Google Analytics', 'Google My Business', 'Google Tag Manager', 'IcoMoon', 'Instagram Follow Button', 'Microdata for Google Shopping', 'PHP', 'Polylang', 'Tailwind CSS', 'Theme In WP', 'UTF-8', 'WPForms', 'WordPress', 'WordPress Multisite', 'YouTube', 'jQuery']"
hoppingtails.com,Home - hoppingtails.com,hoppingtails.com,IND,70,20877,2026-09-13T05:01:27.543584714Z,"['AWS WAF Challenge', 'Alternate Protocol', 'Cloudflare', 'Cloudflare CDN', 'Contact Form Plugin', 'Content Delivery Network', 'Elementor', 'EmbedPress', 'Google', 'Google Cloud DNS', 'Google Font API', 'Google My Business', 'Google Related Website Sites', 'Instagram Follow Button', 'LiteSpeed', 'Microdata for Google Shopping', 'NFOrce Internet', 'OceanWP', 'PHP', 'QUIC', 'SVG Support', 'Table Addons for Elementor', 'Tailwind CSS', 'Theme In WP', 'UTF-8', 'WP Mobile Menu', 'WP Slick Slider and Image Carousel', 'WPForms', 'WhatsApp Sharing', 'Woo Themes', 'WooCommerce', 'WooCommerce Checkout', 'WordPress', 'WordPress Multisite', 'eLand', 'jQuery']"
canberransforagooddeath.net,Canberrans for a Good Death,,,50,260,2026-09-13T04:49:51.222168363Z,"['Alternate Protocol', 'Apache', 'EmbedPress', 'GZIP Module', 'Google Cloud DNS', 'Google Font API', 'One Designs', 'OnePress', 'PHP', 'Theme In WP', 'UTF-8', 'WPForms', 'WordPress', 'WordPress Multisite', 'jQuery', 'shadcn ui']"
javawebdesign.com,Home - Java Web Design,Java Web Design,IRL,70,26371,2026-09-13T04:36:55.54207271Z,"['AWS WAF Challenge', 'Alternate Protocol', 'Astra Theme', 'Better Lead Generation Services', 'Cisco/Arrowpoint Content Service Switch', 'Cloudflare', 'Cloudflare CDN', 'Contact Form Plugin', 'DAV', 'Elementor', 'EmbedPress', 'Ethy', 'GZIP Module', 'Google', 'Google Analytics', 'Google Cloud DNS', 'Google Font API', 'Google My Business', 'Google Tag Manager', 'Header, Footer and Blocks for Elementor', 'Instagram Follow Button', 'Microdata for Google Shopping', 'MonsterInsights', 'NFOrce Internet', 'Nginx', 'PHP', 'QUIC', 'Theme In WP', 'UTF-8', 'WP Advanced Ads', 'WPForms', 'Woo Themes', 'WordPress', 'WordPress Ad Manager and AdSense Ads', 'WordPress Multisite', 'WordPress Related Posts', 'eLand', 'jQuery']"
merrymind.in,Certified Financial Planner and Financial Advisor in Kolkata,Merry Mind,IND,77,37305,2026-09-13T04:36:55.503203541Z,"['AWS WAF Challenge', 'Alternate Protocol', 'Azion', 'Click to Chat for WhatsApp', 'Cloudflare', 'Cloudflare CDN', 'Contact Form Plugin', 'DAV', 'EmbedPress', 'Express', 'Fireblade', 'FreeCSSTemplates', 'GZIP Module', 'Google', 'Google Cloud DNS', 'Google Font API', 'Google My Business', 'Google Related Website Sites', 'IcoMoon', 'Jetpack', 'LiteSpeed', 'Microdata for Google Shopping', 'NFOrce Internet', 'Nginx', 'PHP', 'Perl', 'QUIC', 'Slider Revolution', 'TablePress', 'Thank You', 'The Events Calendar', 'Theme In WP', 'UTF-8', 'University or College', 'Visual Composer Ultimate Addons', 'W3 Total Cache', 'WP Accessibility', 'WPBakery', 'WPForms', 'WhatsApp Sharing', 'Woo Themes', 'WooCommerce Checkout', 'WordPress', 'WordPress Multisite', 'jQuery']"
travelverse.global,Travelverse.global - Transforming The Travel Industry,Travel Verse Global,LKA,92,1110,2026-09-13T04:36:55.495596472Z,"['Alternate Protocol', 'Astra Theme', 'Content Delivery Network', 'Elementor', 'EmbedPress', 'Essential Addons for Elementor', 'Google Analytics', 'Google Cloud DNS', 'Google Font API', 'Google My Business', 'Google Tag Manager', 'Header, Footer and Blocks for Elementor', 'Instagram Follow Button', 'LiteSpeed', 'Microdata for Google Shopping', 'MonsterInsights', 'PHP', 'Sitelinks Search Box', 'Theme In WP', 'UTF-8', 'WPForms', 'Woo Themes', 'WordPress', 'WordPress Multisite', 'WordPress Related Posts', 'jQuery']"
wecanrelate.ca,"Home | Online Couple Therapist | Sara Marlowe | ON, NS & AB",We Can Relate,USA,92,35490,2026-09-13T04:36:55.490342887Z,"['AWS WAF Challenge', 'Adult Content', 'Alternate Protocol', 'Astra Theme', 'Cloudflare', 'Cloudflare CDN', 'Content Delivery Network', 'Elementor', 'EmbedPress', 'Essential Addons for Elementor', 'GoDaddy', 'Google', 'Google Analytics', 'Google Cloud DNS', 'Google Font API', 'Google My Business', 'Google Tag Manager', 'Header, Footer and Blocks for Elementor', 'Instagram Follow Button', 'Microdata for Google Shopping', 'NFOrce Internet', 'PHP', 'Sitelinks Search Box', 'Theme In WP', 'UTF-8', 'WPForms', 'Wangsu', 'Website Tonight', 'Woo Themes', 'WordPress', 'WordPress Multisite', 'WordPress Related Posts', 'YouTube', 'jQuery']"
lsaglobal.co.uk,Home - LSA Global,LSA Global,GBR,77,19040,2026-09-13T04:36:55.485356666Z,"['AWS WAF Challenge', 'Alternate Protocol', 'Astra Theme', 'Cloudflare', 'Cloudflare CDN', 'Content Delivery Network', 'Elementor', 'EmbedPress', 'Express', 'GenerateBlocks', 'Google', 'Google Analytics', 'Google Cloud CDN', 'Google Cloud DNS', 'Google Font API', 'Google Maps', 'Google My Business', 'Google Tag Manager', 'Line2', 'LiteSpeed', 'Microdata for Google Shopping', 'PHP', 'QUIC', 'QUIC.cloud', 'Smart Slider 3', 'UTF-8', 'WPForms', 'Woo Themes', 'WordPress', 'WordPress Multisite', 'WordPress Related Posts', 'eLand']"
thetricity.ca,Inlet District - Inlet Disctrict,,CAN,92,53082,2026-09-13T04:23:34.585838672Z,"['Alternate Protocol', 'Automattic', 'Elementor', 'Elementor Addon Elements', 'ElementsKit Elementor', 'EmbedPress', 'Essential Addons for Elementor', 'Google Analytics', 'Google My Business', 'Google Tag Manager', 'Jetpack', 'Jetpack Site Accelerator', 'Microdata for Google Shopping', 'MonsterInsights', 'NFOrce Internet', 'Nginx', 'SMC', 'Site Kit', 'Sitelinks Search Box', 'Twenty Twenty-Two', 'UTF-8', 'WPForms', 'WordPress', 'WordPress Multisite', 'WordPress Related Posts', 'WordPress Stats', 'jQuery']"
lorenlampert4judge.com,Home - Loren Lampert for Judge - Committee to Elect Loren Lampert,,USA,75,19760,2026-09-13T04:23:34.577777224Z,"['AWS WAF Challenge', 'Alternate Protocol', 'Astra Theme', 'Cloudflare', 'Cloudflare CDN', 'Content Delivery Network', 'Elementor', 'EmbedPress', 'Google', 'Google Analytics', 'Google Cloud DNS', 'Google Font API', 'Google My Business', 'Google Tag Manager', 'InitiativeS', 'Microdata for Google Shopping', 'NFOrce Internet', 'PHP', 'Theme In WP', 'UTF-8', 'University or College', 'WPForms', 'Woo Themes', 'WordPress', 'WordPress Multisite', 'WordPress Related Posts', 'jQuery']"
fisiatraaguayodos.com,Terapia Física y Rehabilitación | Instituto Metropolitano,Instituto Metropolitano de Medicina Física,PRI,82,21267,2026-09-13T04:23:34.572806634Z,"['AWS WAF Challenge', 'Alternate Protocol', 'Cloudflare', 'Cloudflare CDN', 'Content Delivery Network', 'Cookies and You', 'Elementor', 'ElementsKit Elementor', 'EmbedPress', 'Essential Addons for Elementor', 'Google', 'Google Analytics', 'Google Cloud DNS', 'Google Font API', 'Google Maps', 'Google My Business', 'Google Tag Manager', 'Gravity', 'Gravity Forms', 'HappyAddons', 'Header, Footer and Blocks for Elementor', 'Hello Elementor', 'Instagram Follow Button', 'LiteSpeed', 'Microdata for Google Shopping', 'NFOrce Internet', 'PHP', 'Premium Addons for Elementor', 'Royal Elementor Addons', 'Theme In WP', 'To Top', 'UTF-8', 'WPForms', 'WordPress', 'WordPress Multisite', 'jQuery', 'reCAPTCHA']"
penbenpublishing.com,Homepage - penbenpublishing,,USA,85,35223,2026-09-13T04:23:34.570758417Z,"['AWS WAF Challenge', 'Alternate Protocol', 'Amazon Widgets', 'Cloudflare', 'Cloudflare CDN', 'Content Delivery Network', 'Elementor', 'ElementsKit Elementor', 'EmbedPress', 'Essential Addons for Elementor', 'Express', 'GoDaddy', 'Google', 'Google My Business', 'Header, Footer and Blocks for Elementor', 'Microdata for Google Shopping', 'NFOrce Internet', 'QUIC', 'Royal Elementor Addons', 'To Top', 'Twenty Twenty-Two', 'UTF-8', 'WPForms', 'Wangsu', 'WordPress', 'WordPress Multisite', 'jQuery']"
glazingadvice.com,Glazing Advice – Independent glazing and conservatory advice,,,50,862,2026-09-13T04:15:18.399442428Z,"['AWS WAF Challenge', 'Alternate Protocol', 'Astra Theme', 'Cloudflare', 'Cloudflare CDN', 'Elementor', 'EmbedPress', 'Google', 'Google Cloud DNS', 'Google Font API', 'Google My Business', 'Header, Footer and Blocks for Elementor', 'LiteSpeed', 'NFOrce Internet', 'PHP', 'Theme In WP', 'UTF-8', 'WPForms', 'Woo Themes', 'WordPress', 'WordPress Multisite', 'WordPress Related Posts', 'jQuery']"
pelthon.com,Home - pelthon.com,pelthon.com,AUS,87,171033,2026-09-13T04:15:18.398736463Z,"['AWS WAF Challenge', 'Alternate Protocol', 'Amazon', 'Bulma', 'Cloudflare', 'Cloudflare CDN', 'Content Delivery Network', 'EmbedPress', 'Google', 'Google Analytics', 'Google Cloud DNS', 'Google Font API', 'Google My Business', 'Google Tag Manager', 'Hestia', 'IcoMoon', 'LiteSpeed', 'Microdata for Google Shopping', 'Ninja Forms', 'PHP', 'Salesforce Hosted', 'Theme In WP', 'UTF-8', 'WPForms', 'Woo Themes', 'WooCommerce Checkout', 'WordPress', 'WordPress Multisite', 'jQuery']"
southafricasurftours.com,Surf Trip South Africa | Guided Surf Tours & Camps,,ZAF,92,3304,2026-09-13T04:15:18.386133051Z,"['Alternate Protocol', 'Amazon WAF Blocked', 'Apache', 'Apture Linking Platform', 'EmbedPress', 'Font Awesome', 'GZIP Module', 'Google', 'Google Analytics', 'Google Cloud DNS', 'Google Font API', 'Google Tag Manager', 'Gravity Forms', 'Instagram Follow Button', 'Lazy Load for WordPress', 'Microdata for Google Shopping', 'PHP', 'Perl', 'Sitelinks Search Box', 'UTF-8', 'WP Rocket', 'WPForms', 'WordPress', 'WordPress Multisite', 'YouTube', 'jQuery', 'myStickymenu']"
schnasselaw.com,Home -,,USA,87,11265,2026-09-13T04:15:18.358467189Z,"['Adobe Creative Cloud WebFonts', 'Adult Content', 'Alternate Protocol', 'Automattic', 'Cisco/Arrowpoint Content Service Switch', 'CoBlocks', 'Content Delivery Network', 'Elementor', 'EmbedPress', 'Essential Addons for Elementor', 'Express', 'Fastly', 'GZIP Module', 'GoDaddy', 'Google Analytics', 'Google Tag Manager', 'Gutenberg', 'Jetpack', 'Microdata for Google Shopping', 'NFOrce Internet', 'OceanWP', 'PHP', 'Perl', 'Sticky Header Effects for Elementor', 'Theme In WP', 'Twitter Ads', 'UTF-8', 'WPForms', 'Woo Themes', 'WooCommerce Checkout', 'WordPress', 'WordPress Multisite', 'WordPress Stats', 'jQuery']"
cynoled.com,LED Display Manufacturer | Professional LED Screens Made in Shenzhen | Cynoled,Cynoled,CHN,77,34907,2026-09-13T04:01:39.996753876Z,"['AWS WAF Challenge', 'Alternate Protocol', 'Better Lead Generation Services', 'Blocksy', 'Click to Chat for WhatsApp', 'Cloudflare', 'Cloudflare CDN', 'DAV', 'EmbedPress', 'Express', 'Facebook Conversion Tracking', 'Facebook Login', 'Facebook Messenger Platform', 'Facebook Pixel', 'Facebook Reseller', 'Facebook Tag API', 'Fireblade', 'GZIP Module', 'Google', 'Google Analytics', 'Google My Business', 'Google Tag Manager', 'Microdata for Google Shopping', 'Microsoft Clarity', 'PHP', 'QUIC', 'StatCounter', 'Theme In WP', 'TranslatePress', 'UTF-8', 'WPForms', 'Woo Themes', 'WordPress', 'WordPress Multisite', 'jQuery', 'reCAPTCHA']"
bowenindustrialhire.com.au,Bowen Industrial Hire – Your industrial solutions partner,,,62,21581,2026-09-13T03:50:59.982747529Z,"['Alternate Protocol', 'Cloudflare', 'EmbedPress', 'Fireblade', 'Fonts Plugin', 'GZIP Module', 'Genesis Blocks', 'Google', 'Google Analytics', 'Google Cloud CDN', 'Google Cloud DNS', 'Google Font API', 'Google My Business', 'Google Related Website Sites', 'Google Tag Manager', 'Gutenberg', 'MonsterInsights', 'Nginx', 'PHP', 'Responsive Lightbox', 'StudioPress', 'Theme In WP', 'UTF-8', 'Vimeo', 'WPForms', 'WordPress', 'WordPress Multisite', 'YouTube', 'jQuery', 'reCAPTCHA']"
connectingleadershipresources.com,Connecting Leadership Resources – Offices of Professional Development,,AUS,65,6142,2026-09-13T03:50:59.973104842Z,"['Alternate Protocol', 'Apache', 'Contact Form Plugin', 'DAV', 'Elementor', 'EmbedPress', 'Essential Addons for Elementor', 'GZIP Module', 'Google', 'Google Cloud DNS', 'Google Font API', 'Google Maps', 'Google My Business', 'NFOrce Internet', 'PHP', 'Polylang', 'SiteOrigin', 'Sydney Theme', 'Theme In WP', 'UTF-8', 'University or College', 'WP Fastest Cache', 'WPForms', 'Woo Themes', 'WordPress', 'WordPress Multisite', 'reCAPTCHA']"
lawprimetutorial.com,lawprimetutorial,,IND,65,4301,2026-09-13T03:50:59.96573945Z,"['Alternate Protocol', 'Blocksy', 'Elementor', 'ElementsKit Elementor', 'EmbedPress', 'Essential Addons for Elementor', 'Google', 'Google Cloud CDN', 'Google Cloud DNS', 'Google Font API', 'HappyAddons', 'Instagram Follow Button', 'Metform Elemento', 'PHP', 'Poptin', 'Premium Addons for Elementor', 'Royal Elementor Addons', 'Theme In WP', 'UTF-8', 'University or College', 'WPForms', 'WordPress', 'WordPress Multisite', 'jQuery']"
serviceone-electric.com,Licensed Electrician Near Me | Service One Electric,,USA,82,38114,2026-09-13T03:50:59.956273729Z,"['AWS WAF Challenge', 'Alternate Protocol', 'Astra Theme', 'CallRail', 'Cloudflare', 'Cloudflare CDN', 'Content Delivery Network', 'Elementor', 'EmbedPress', 'Fastly', 'Fireblade', 'GZIP Module', 'Google', 'Google Analytics', 'Google Cloud DNS', 'Google Font API', 'Google My Business', 'Google Related Website Sites', 'Google Tag Manager', 'Instagram Follow Button', 'Microdata for Google Shopping', 'Nginx', 'Ntent', 'QUIC', 'SiteW', 'Table Addons for Elementor', 'TrustIndex', 'UTF-8', 'WPForms', 'Woo Themes', 'WordPress', 'WordPress Multisite', 'WordPress Related Posts', 'YouTube']"
collinsvilleconnect.com.au,Collinsville Connect - Connecting our community in the digital age,Collinsville Connect,FLK,77,21557,2026-09-13T03:50:59.951567389Z,"['AWS WAF Challenge', 'Alternate Protocol', 'Apache', 'Cloudflare', 'Cloudflare CDN', 'EmbedPress', 'Font Awesome', 'Fontello', 'GZIP Module', 'Google', 'Google Analytics', 'Google Cloud DNS', 'Google Font API', 'Google My Business', 'Google Tag Manager', 'MailChimp for WordPress', 'Microdata for Google Shopping', 'MonsterInsights', 'PHP', 'StudioPress', 'Tailwind CSS', 'Theme In WP', 'UTF-8', 'WPForms', 'WordPress', 'WordPress Carousel', 'WordPress Multisite', 'Writesonic Botsonic', 'jQuery', 'reCaptcha by BestWebSoft']"
wgtpainting.co.nz,WGT Painting & Decorating | Christchurch,WGT Painting & Decorating,,62,3087,2026-09-13T03:50:59.948609136Z,"['Alternate Protocol', 'Apache', 'Cloudflare', 'Elementor', 'EmbedPress', 'Google', 'Google Cloud CDN', 'Google Cloud DNS', 'Google Font API', 'Hello Elementor', 'LiteSpeed', 'Microdata for Google Shopping', 'PHP', 'Theme In WP', 'UTF-8', 'WPForms', 'WordPress', 'WordPress Multisite', 'jQuery']"
ownharmony.com,Home - Own Harmony,Own Harmony,,60,4791,2026-09-13T03:50:59.947893716Z,"['Alternate Protocol', 'Astra Theme', 'Baidu Cloud', 'Beaver Builder Lite', 'ClickFunnels', 'Cloudflare', 'Cloudflare CDN', 'Content Delivery Network', 'ContentViews', 'EmbedPress', 'GDPR Consent Management Platform', 'GitHub Hosting', 'Google Analytics', 'Google Cloud DNS', 'Google Font API', 'Google My Business', 'Google Tag Manager', 'Gravity', 'Media.net', 'Microdata for Google Shopping', 'No-Q', 'Onyx Internet', 'PHP', 'Perl', 'QUIC', 'Schema Plugin', 'Shopify', 'Theme In WP', 'UTF-8', 'WPForms', 'Woo Themes', 'WordPress', 'WordPress Multisite', 'WordPress Related Posts', 'Yandex Hosting', 'eLand', 'jQuery']"
primroseboutiq.com,Home - Primrose BoutiQ,PRIMROSE BOUTIQ,,75,6440,2026-09-13T03:39:04.925968823Z,"['Alternate Protocol', 'Contact Form Plugin', 'Content Delivery Network', 'Elementor', 'EmbedPress', 'Fastly', 'GZIP Module', 'Google Cloud DNS', 'Google Font API', 'Google My Business', 'Instagram Feed for WordPress', 'Instagram Follow Button', 'Microdata for Google Shopping', 'NFOrce Internet', 'Newsletter for Wordpress', 'OceanWP', 'PHP', 'QUIC', 'Tailwind CSS', 'Theme In WP', 'UTF-8', 'WP Mobile Menu', 'WPForms', 'Woo Themes', 'WooCommerce', 'WooCommerce Checkout', 'WooCommerce Payments', 'WordPress', 'WordPress Multisite', 'jQuery', 'jQuery Pin It Button for Images', 'reCAPTCHA']"
arrowheadlodgeresort.com,Arrowhead Lodge Resort and Outfitters,,,55,1452,2026-09-13T03:39:04.909643898Z,"['AWS WAF Challenge', 'Alternate Protocol', 'Apache', 'Astra Theme', 'Cloudflare', 'Cloudflare CDN', 'CoBlocks', 'Elementor', 'EmbedPress', 'GoDaddy', 'Google', 'Google Cloud DNS', 'Google Font API', 'Google My Business', 'Instagram Follow Button', 'NFOrce Internet', 'PHP', 'QUIC', 'Table Addons for Elementor', 'Theme In WP', 'UTF-8', 'UserWay', 'WPForms', 'Woo Themes', 'WordPress', 'WordPress Multisite', 'WordPress Related Posts', 'YouTube', 'jQuery']"
lrcinc.ca,"Home Renovation Company in Brantford, Ontario | LRC Inc",LRC INC.,CAN,92,34813,2026-09-13T03:39:04.904415751Z,"['AWS WAF Challenge', 'Alternate Protocol', 'Amazon WAF Blocked', 'Apture Linking Platform', 'Cloudflare', 'Content Delivery Network', 'DAV', 'Elementor', 'ElementsKit Elementor', 'EmbedPress', 'Facebook Conversion Tracking', 'Facebook Login', 'Facebook Messenger Platform', 'Facebook Pixel', 'Facebook Reseller', 'Facebook Tag API', 'GoDaddy', 'Google Analytics', 'Google Maps', 'Google My Business', 'Google Related Website Sites', 'Google Tag Manager', 'Gravity Forms', 'Hello Elementor', 'Instagram Follow Button', 'Investor Relations', 'Microdata for Google Shopping', 'NFOrce Internet', 'Perl', 'UTF-8', 'WPForms', 'Wangsu', 'WordPress', 'WordPress Multisite', 'reCAPTCHA']"
vazquezcustomtrim.com,Home - Vazquez Custom Trim,Vazquez Custom Trim,USA,70,7397,2026-09-13T03:29:37.6786542Z,"['Alternate Protocol', 'Cloudflare', 'DAV', 'Elementor', 'EmbedPress', 'Essential Addons for Elementor', 'Google Analytics', 'Google My Business', 'Google Tag Manager', 'Header, Footer and Blocks for Elementor', 'Hello Elementor', 'Microdata for Google Shopping', 'MonsterInsights', 'NFOrce Internet', 'PHP', 'QUIC', 'Site Kit', 'Table Addons for Elementor', 'Theme In WP', 'UTF-8', 'Vector Internet Services', 'WPForms', 'WordPress', 'WordPress Multisite', 'jQuery']"
alicessmokehouse.com,Best Secrets of Great Barbecue - Alice's Smokehouse,Alice's Smokehouse,USA,82,19881,2026-09-13T03:29:37.641637578Z,"['AWS WAF Challenge', 'Adult Content', 'Alternate Protocol', 'Amazon Widgets', 'Apache', 'Cloudflare', 'Cloudflare CDN', 'EmbedPress', 'GZIP Module', 'Google', 'Google My Business', 'Jetpack', 'Mailjet Email Marketing for Wordpress', 'Mailjet Widget', 'Microdata for Google Shopping', 'Twenty Twenty-Three', 'UTF-8', 'WPForms', 'Woo Themes', 'WordPress', 'WordPress Multisite', 'YouTube', 'jQuery', 'reCAPTCHA']"
peachtreenursing.com,Caring it's what we do best - Peach Tree Place,,USA,65,19796,2026-09-13T03:16:15.192644445Z,"['AWS WAF Challenge', 'Adobe Creative Cloud WebFonts', 'Alternate Protocol', 'Blog Designer Pack', 'CDN JS', 'Cloudflare', 'Cloudflare CDN', 'Content Delivery Network', 'Cookie Accept', 'Cookie Notice', 'Divi', 'Elegant Themes', 'EmbedPress', 'Express', 'Facebook Login', 'Facebook Messenger Platform', 'Facebook Reseller', 'GZIP Module', 'Google', 'Google Analytics', 'Google Cloud DNS', 'Google Font API', 'Google Maps', 'Google My Business', 'Google Tag Manager', 'Max Mega Menu', 'Max Mega Menu Pro', 'Microdata for Google Shopping', 'Nginx', 'PHP', 'Theme In WP', 'UTF-8', 'University or College', 'WP Engine', 'WPForms', 'Woo Themes', 'WordPress', 'WordPress Multisite', 'jQuery']"
savemyconcrete.com,Concrete Leveling Denver | Summit Pro Solutions,Concrete Leveling in Denver,USA,82,213921,2026-09-13T03:16:15.173249872Z,"['Alternate Protocol', 'Cloudflare', 'DAV', 'Elementor', 'EmbedPress', 'Font Awesome', 'FreeBSD', 'GZIP Module', 'Google', 'Google Cloud CDN', 'Google My Business', 'Google Related Website Sites', 'Hello Elementor', 'KVH', 'KeyCDN', 'M247', 'Microdata for Google Shopping', 'Nginx', 'Ninja Forms', 'Ntent', 'Perl', 'Python', 'QUIC', 'Royal Elementor Addons', 'Salesforce Hosted', 'Shopware', 'Table Addons for Elementor', 'To Top', 'TrustIndex', 'UTF-8', 'University or College', 'Vector Internet Services', 'WPForms', 'Woo Themes', 'WooCommerce Checkout', 'WordPress', 'WordPress Multisite', 'Yandex Hosting', 'reCAPTCHA', 'symfony PHP Framework']"
sarahfaithauthor.com,Sarahfaith Nwosu,,JPN,70,25096,2026-09-13T03:16:15.16991733Z,"['AWS WAF Challenge', 'Alternate Protocol', 'Apache', 'Astra Theme', 'Cisco/Arrowpoint Content Service Switch', 'Cloudflare', 'Cloudflare CDN', 'Content Delivery Network', 'Elementor', 'EmbedPress', 'GZIP Module', 'Google', 'Google Cloud DNS', 'Google Font API', 'Google My Business', 'MailPoet', 'NFOrce Internet', 'PHP', 'Presto Player', 'Theme In WP', 'UTF-8', 'University or College', 'WPForms', 'Woo Themes', 'WordPress', 'WordPress Multisite', 'WordPress Related Posts', 'jQuery']"
titseyfest.co.uk,Home - Titsey Festival,Titsey Festival,CAN,77,17870,2026-09-13T03:07:06.880039374Z,"['AWS WAF Challenge', 'Alternate Protocol', 'Apache', 'Cloudflare', 'Cloudflare CDN', 'EmbedPress', 'GZIP Module', 'Google', 'Google Analytics', 'Google My Business', 'Google Tag Manager', 'Instagram Follow Button', 'Microdata for Google Shopping', 'PHP', 'Site Kit', 'ThemeFusion', 'UTF-8', 'Ubuntu', 'WPForms', 'WordPress', 'WordPress Multisite', 'jQuery']"
iyasklussenbedrijf.com,Home - IyasKlussenbedrijf,,NLD,85,20444,2026-09-13T03:07:06.875984655Z,"['AWS WAF Challenge', 'Alternate Protocol', 'Apture Linking Platform', 'Cloudflare', 'Cloudflare CDN', 'Content Delivery Network', 'Elementor', 'ElementsKit Elementor', 'EmbedPress', 'Essential Addons for Elementor', 'Google', 'Google Cloud DNS', 'Google Font API', 'Google My Business', 'Google Related Website Sites', 'Hello Elementor', 'LiteSpeed', 'Microdata for Google Shopping', 'NFOrce Internet', 'PHP', 'Theme In WP', 'UTF-8', 'WPForms', 'WordPress', 'WordPress Multisite', 'jQuery']"
kingjohnorchestra.org.uk,King John Orchestra - King John Orchestra,,CAN,75,634,2026-09-13T03:07:06.820803224Z,"['Alternate Protocol', 'EmbedPress', 'GZIP Module', 'Google Calendar', 'Google My Business', 'Google No Site Links Search', 'Hiawatha', 'Microdata for Google Shopping', 'Nginx', 'PHP', 'SiteOrigin', 'Sydney Theme', 'Theme In WP', 'UTF-8', 'University or College', 'WPForms', 'Woo Themes', 'WordPress', 'WordPress Multisite', 'jQuery']"
crmproplugin.com,CRM Pro WordPress Plugin | Connect Your Platform,CRM Pro Plugin,,72,3245,2026-09-13T03:07:06.816398569Z,"['501c3 Status Nonprofit', 'Alternate Protocol', 'Blocksy', 'Cloudflare', 'Content Delivery Network', 'Elementor', 'EmbedPress', 'GZIP Module', 'Google', 'Google Cloud CDN', 'Google Cloud DNS', 'Google Font API', 'Microdata for Google Shopping', 'PHP', 'Theme In WP', 'UTF-8', 'WPForms', 'Woo Themes', 'WooCommerce', 'WooCommerce Checkout', 'WordPress', 'WordPress Multisite', 'jQuery']"
tytio.ai,Home - tytio,tytio,,62,1965,2026-09-13T02:52:30.713864764Z,"['Alternate Protocol', 'Cookie Accept', 'Cookie Notice', 'Corporate Governance and Regulatory Compliance', 'Divi', 'Elegant Themes', 'EmbedPress', 'GZIP Module', 'Google Analytics', 'Google Cloud DNS', 'Google Font API', 'Google My Business', 'Google Related Website Sites', 'Google Tag Manager', 'Microdata for Google Shopping', 'MonsterInsights', 'Nginx', 'PHP', 'Parallels Plesk Panel', 'QUIC', 'Sitelinks Search Box', 'Theme In WP', 'UTF-8', 'WPForms', 'Woo Themes', 'WordPress', 'WordPress Multisite', 'eLand', 'jQuery']"
sjfencesupply.com,"Fence Supplier in Philadelphia | Sales, Delivery & Support",H&J Fence Supply Company,USA,77,28685,2026-09-13T02:42:34.935720211Z,"['AWS WAF Challenge', 'Alternate Protocol', 'Apture Linking Platform', 'Astra Theme', 'Cloudflare', 'Cloudflare CDN', 'Community', 'Content Delivery Network', 'Elementor', 'EmbedPress', 'Facebook Conversion Tracking', 'Facebook Login', 'Facebook Messenger Platform', 'Facebook Pixel', 'Facebook Reseller', 'Facebook Tag API', 'FormSubmit', 'Google', 'Google Analytics', 'Google My Business', 'Google Related Website Sites', 'Google Tag Manager', 'Harbor', 'Kitco', 'LiteSpeed', 'Microdata for Google Shopping', 'NFOrce Internet', 'PHP', 'QUIC', 'Schema Plugin', 'Site Kit', 'Synchrony', 'Theme In WP', 'Twitter Ads', 'UTF-8', 'WPForms', 'Woo Themes', 'WooCommerce', 'WooCommerce Checkout', 'WordPress', 'WordPress Multisite', 'WordPress Related Posts', 'WordPress SEO Structured Data Schema Plugin', 'Yelp Badge', 'YouTube', 'eLand', 'jQuery']"
coquitlamchildcare.com,Coquitlam Childcare – Licensed Childcare Center,,AUS,45,1256,2026-09-13T02:42:34.925472722Z,"['Alternate Protocol', 'Elementor', 'EmbedPress', 'Essential Addons for Elementor', 'Google Analytics', 'Google Tag Manager', 'Instagram Follow Button', 'NFOrce Internet', 'PHP', 'QUIC', 'SiteOrigin', 'Sydney Theme', 'Theme In WP', 'TruConversion', 'UTF-8', 'WPForms', 'Woo Themes', 'WordPress', 'WordPress Multisite', 'jQuery']"
kinconsults.com,Home - Kin Consults,Kinconsults,UGA,70,16660,2026-09-13T02:42:34.918758411Z,"['Alternate Protocol', 'Contact Form Plugin', 'Content Delivery Network', 'EmbedPress', 'Fireblade', 'Google Cloud DNS', 'Google Font API', 'Gravity Forms', 'IcoMoon', 'Jetpack', 'LiteSpeed', 'Microdata for Google Shopping', 'Microsoft Clarity', 'PHP', 'QUIC', 'Redux Framework', 'Slider Revolution', 'Sway Theme', 'Tawk', 'Theme In WP', 'Twitter Ads', 'UTF-8', 'WPBakery', 'WPForms', 'Woo Themes', 'WordPress', 'WordPress Multisite', 'WordPress Related Posts', 'WordPress Stats', 'jQuery']"
realestateinvestsolutionsllc.com,Sell Probate Property Fast | Private Lenders in Massachusetts,Real Estate Investment Solutions,GBR,92,58534,2026-09-13T02:42:34.911565789Z,"['Alternate Protocol', 'Amazon', 'Amazon S3 CDN', 'Apture Linking Platform', 'Content Delivery Network', 'Elementor', 'EmbedPress', 'Express', 'Facebook Login', 'Facebook Messenger Platform', 'Facebook Pixel', 'Facebook Reseller', 'Font Awesome', 'GZIP Module', 'Google', 'Google Analytics', 'Google Cloud CDN', 'Google Cloud DNS', 'Google Font API', 'Google Tag Manager', 'Instagram Follow Button', 'Jetpack', 'MailChimp', 'Microdata for Google Shopping', 'NFOrce Internet', 'Neighborhoods', 'OceanWP', 'PHP', 'PayPal Adaptive Payments', 'QUIC', 'SMC', 'Simple Download Monitor', 'Storyblocks', 'Sucuri Cloudproxy', 'Table Addons for Elementor', 'Thank You', 'Theme In WP', 'UTF-8', 'WPForms', 'Woo Themes', 'WooCommerce', 'WooCommerce Checkout', 'WordPress', 'WordPress Multisite', 'WordPress Stats', 'jQuery']"
forgoodness-sake.com,"For Goodness Sake – Your Life, Only Better",,NLD,65,17850,2026-09-13T02:31:52.723016237Z,"['Alternate Protocol', 'Amazon WAF Blocked', 'Anti-spam for WordPress', 'CleanTalk Spam Protect', 'Contact Form Plugin', 'Elementor', 'EmbedPress', 'Fireblade', 'Google Cloud DNS', 'Google Font API', 'Gravity Forms', 'Hello Elementor', 'IcoMoon', 'LiteSpeed', 'Menu Icons by ThemeIsle', 'NFOrce Internet', 'PHP', 'UTF-8', 'WPForms', 'WordPress', 'WordPress Multisite', 'jQuery']"
jagrutishydro.com,Jagruti's Hydro & NDT Services,,IND,70,3295,2026-09-13T02:31:52.712191797Z,"['Alternate Protocol', 'Contact Form Plugin', 'Content Delivery Network', 'Elementor', 'ElementsKit Elementor', 'EmbedPress', 'Essential Addons for Elementor', 'Google Cloud DNS', 'Google Font API', 'IcoMoon', 'Instagram Follow Button', 'LiteSpeed', 'Livemesh Addons for Elementor', 'NFOrce Internet', 'OceanWP', 'PHP', 'Premium Addons for Elementor', 'Tailwind CSS', 'Theme In WP', 'UTF-8', 'WP Mobile Menu', 'WPForms', 'Woo Themes', 'WooCommerce Checkout', 'WordPress', 'WordPress Multisite', 'jQuery']"
rijksmedia.nl,Rijks Media - Jouw video partner in Zuid-Limburg,Rijks Media,NLD,77,22075,2026-09-13T02:31:52.701473088Z,"['3 Products', 'Adobe Creative Cloud WebFonts', 'Alternate Protocol', 'EmbedPress', 'Google Analytics', 'Google My Business', 'Google Tag Manager', 'INETu', 'IcoMoon', 'Instagram Follow Button', 'Microdata for Google Shopping', 'MonsterInsights', 'Nginx', 'Ninja Forms', 'Ntent', 'PHP', 'Parallels Plesk Panel', 'Theme In WP', 'UTF-8', 'WPForms', 'WordPress', 'WordPress Multisite', 'eLand', 'jQuery']"
hashinibuilders.com,Hashini Builders – Best Builders in Ponnamaravathi | Civil & Construction Experts,,,82,11691,2026-09-13T02:31:52.688945253Z,"['Akismet', 'Alternate Protocol', 'Automattic', 'BatCache', 'Contact Form Plugin', 'Elementor', 'EmbedPress', 'Fastly', 'Google Adsense', 'Google Analytics', 'Google Conversion Tracking', 'Google Funding Choices', 'Google Matched Content', 'Google My Business', 'Google Related Website Sites', 'Google Reseller', 'Google Tag Manager', 'Gravity Forms', 'Gutenberg', 'IcoMoon', 'Jetpack', 'Jetpack Site Accelerator', 'Kitco', 'Microdata for Google Shopping', 'NFOrce Internet', 'Nginx', 'PHP', 'Site Kit', 'Tailwind CSS', 'Theme In WP', 'UTF-8', 'WPForms', 'Woo Themes', 'WooCommerce', 'WooCommerce Checkout', 'WordPress', 'WordPress Multisite', 'WordPress Stats', 'jQuery']"
chesapeakehopecounseling.com,"Counseling for Anxiety, Trauma & Relationships | Chesapeake Hope Counseling",,USA,77,19547,2026-09-13T02:31:52.688694315Z,"['AWS WAF Challenge', 'Alternate Protocol', 'Cloudflare', 'Cloudflare CDN', 'Elementor', 'EmbedPress', 'Google', 'Google My Business', 'Hello Elementor', 'LiteSpeed', 'Microdata for Google Shopping', 'NFOrce Internet', 'PHP', 'Table Addons for Elementor', 'Theme In WP', 'UTF-8', 'WPForms', 'WordPress', 'WordPress Multisite', 'YouTube', 'jQuery']"
monoshilon.com,মনোশীলন – আপনার মানসিক স্বাস্থ্য সহায়ক,,BGD,70,19760,2026-09-13T02:31:52.678129448Z,"['AWS WAF Challenge', 'Alternate Protocol', 'Ametys', 'Astra Theme', 'Cloudflare', 'Cloudflare CDN', 'Content Delivery Network', 'Elementor', 'EmbedPress', 'Google', 'Google Cloud DNS', 'Google Font API', 'Google My Business', 'LiteSpeed', 'NFOrce Internet', 'PHP', 'QUIC', 'Theme In WP', 'UTF-8', 'WPForms', 'Woo Themes', 'WooCommerce', 'WooCommerce Checkout', 'WordPress', 'WordPress Multisite', 'WordPress Related Posts', 'jQuery']"
kijanitesting.com,"Kijani Testing – You Design It, We Test It.",,KEN,70,18297,2026-09-13T02:20:22.765419602Z,"['AWS WAF Challenge', 'Alternate Protocol', 'DAV', 'Elementor', 'EmbedPress', 'Google', 'Google Cloud CDN', 'Google Cloud DNS', 'Google Font API', 'LiteSpeed', 'Microdata for Google Shopping', 'OceanWP', 'PHP', 'QUIC', 'Theme In WP', 'Twitter Ads', 'UTF-8', 'University or College', 'WPForms', 'Woo Themes', 'WooCommerce Checkout', 'WordPress', 'WordPress Multisite', 'YouTube', 'jQuery']"
labuanbajoholiday.com,Labuan Bajo Holiday – Labuan Bajo Holiday,,IDN,65,1691,2026-09-13T02:20:22.763804869Z,"['Add to Any', 'Alternate Protocol', 'Apture Linking Platform', 'Elementor', 'ElementsKit Elementor', 'EmbedPress', 'Google Cloud DNS', 'Google Font API', 'Gtranslate for Wordpress', 'Instagram Follow Button', 'LiteSpeed', 'Newsletter for Wordpress', 'OceanWP', 'PHP', 'Photo Gallery by FooGallery', 'QUIC', 'Table Addons for Elementor', 'Theme In WP', 'UTF-8', 'WP Mobile Menu', 'WPForms', 'Woo Themes', 'WordPress', 'WordPress Multisite', 'WordPress Related Posts', 'YouTube', 'eLand', 'jQuery']"
lindahocuttbooks.com,Home - Linda Hocutt,,,55,359,2026-09-13T02:20:22.725812647Z,"['AWS WAF Challenge', 'Alternate Protocol', 'Apache', 'Apture Linking Platform', 'Cloudflare', 'Cloudflare CDN', 'EmbedPress', 'GZIP Module', 'Google', 'Google My Business', 'Microdata for Google Shopping', 'PHP', 'Theme In WP', 'UTF-8', 'WPForms', 'WordPress', 'WordPress Multisite', 'YouTube', 'jQuery']"
pengyuetoys.com,15 Years+ Wooden Toys Manufacturer | Eagle Creation Toys,,CHN,72,28593,2026-09-13T02:20:22.717797203Z,"['AWS WAF Challenge', 'Alternate Protocol', 'BLR', 'Cloudflare', 'Cloudflare CDN', 'EmbedPress', 'GZIP Module', 'Google', 'Google Cloud DNS', 'Google Font API', 'Google My Business', 'IcoMoon', 'Nginx', 'PHP', 'Popup Maker for Wordpress', 'Smart Slider 3', 'Theme In WP', 'ThemeFusion', 'Tumblr', 'UTF-8', 'WP jQuery Lightbox', 'WPForms', 'Woo Themes', 'WooCommerce', 'WooCommerce Checkout', 'WordPress', 'WordPress Multisite', 'eLand', 'jQuery']"
johnbcyc.com,"cyourselfchange | Therapy and Hypnosis in Frankfort, IL",,,72,18284,2026-09-13T02:20:22.712634756Z,"['AWS WAF Challenge', 'Alternate Protocol', 'Amazon WAF Blocked', 'Apache', 'Apture Linking Platform', 'Divi', 'Elegant Themes', 'EmbedPress', 'Font Awesome', 'GZIP Module', 'Google', 'Google Analytics', 'Google Cloud CDN', 'Google Cloud DNS', 'Google Font API', 'Google Tag Manager', 'Microdata for Google Shopping', 'PHP', 'Theme In WP', 'UTF-8', 'WP Rocket', 'WPForms', 'WordPress', 'WordPress Multisite', 'jQuery']"
thepetluckteam.com,Homepage - The Petluck Team,Shannon Louis,USA,77,28288,2026-09-13T02:07:15.46435668Z,"['AWS WAF Challenge', 'Alternate Protocol', 'Amazon', 'BunnyCDN', 'BunnyCDN General', 'CDN JS', 'Cloudflare', 'Cloudflare CDN', 'Complianz', 'Contact Form Plugin', 'Content Delivery Network', 'EmbedPress', 'FEEDZY RSS Feeds', 'Font Awesome', 'FormSubmit', 'Google', 'Google Analytics', 'Google Cloud DNS', 'Google Font API', 'Google Related Website Sites', 'Google Tag Manager', 'IDX Broker', 'IDXBroker', 'Instagram Feed for WordPress', 'Instagram Follow Button', 'Microdata for Google Shopping', 'Neighborhoods', 'PHP', 'PixelYourSite', 'QUIC', 'Slider Revolution', 'Theme In WP', 'UTF-8', 'Visual Composer Ultimate Addons', 'W3.CSS', 'WP Engine', 'WPBakery', 'WPForms', 'WordPress', 'WordPress Multisite', 'jQuery']"
sarich-elektro.de,Sarich Elektro GmbH,Sarich Elektro,DEU,52,759,2026-09-13T02:07:15.447122419Z,"['Alternate Protocol', 'Elementor', 'ElementsKit Elementor', 'EmbedPress', 'Google Analytics', 'Google My Business', 'Google Tag Manager', 'Instagram Follow Button', 'LiteSpeed', 'Metform Elemento', 'Microdata for Google Shopping', 'MonsterInsights', 'NFOrce Internet', 'Newsletter for Wordpress', 'OceanWP', 'PHP', 'Theme In WP', 'UTF-8', 'WP Mobile Menu', 'WPForms', 'Woo Themes', 'WooCommerce Checkout', 'WordPress', 'WordPress Multisite', 'WordPress Related Posts', 'YouTube', 'jQuery']"
ceosoftware.co,The First CEO Platform | CEO-S Software,Khorus Software,USA,85,35784,2026-09-13T02:07:15.444889215Z,"['AWS WAF Challenge', 'Alternate Protocol', 'Amazon Widgets', 'Autoptimize', 'Cloudflare', 'Content Delivery Network', 'Elementor', 'EmbedPress', 'Essential Addons for Elementor', 'Google', 'Google Analytics', 'Google Analytics Dashboard for WordPress', 'Google Cloud CDN', 'Google Cloud DNS', 'Google Font API', 'Google My Business', 'Google Tag Manager', 'HubSpot WordPress Plugin', 'IcoMoon', 'Intercom', 'Master Slider', 'Microdata for Google Shopping', 'ProfilePress', 'Table Addons for Elementor', 'Twitter Ads', 'UTF-8', 'WP Engine', 'WPForms', 'Woo Themes', 'WordPress', 'WordPress Multisite', 'jQuery']"
edinwears.com,Home - Edin Wears,,IRL,80,4839,2026-09-13T01:59:23.105778589Z,"['Alternate Protocol', 'Apture Linking Platform', 'Astra Theme', 'Contact Form Plugin', 'EWWW Image Optimizer', 'Elementor', 'ElementsKit Elementor', 'EmbedPress', 'Essential Addons for Elementor', 'GZIP Module', 'Google', 'Google Analytics', 'Google Cloud CDN', 'Google Cloud DNS', 'Google Font API', 'Google My Business', 'Google Tag Manager', 'Instagram Follow Button', 'Lazy Load for WordPress', 'LiteSpeed', 'Microdata for Google Shopping', 'PHP', 'QUIC', 'Slider Revolution', 'Theme In WP', 'UTF-8', 'WP Rocket', 'WPForms', 'Woo Themes', 'WooCommerce', 'WooCommerce Checkout', 'WordPress', 'WordPress Multisite', 'WordPress Related Posts', 'eLand', 'jQuery', 'reCAPTCHA']"
thepilatesstudiomidleton.com,Pilates Studio Midleton East Cork offer a wide range of classes,The Pilates Studio Midleton,,72,2380,2026-09-13T01:59:23.103739005Z,"['Alternate Protocol', 'Apache', 'Contact Form Plugin', 'Cookies and You', 'EmbedPress', 'Formidable Pro Form', 'GZIP Module', 'Google Analytics', 'Google Cloud DNS', 'Google Font API', 'Google My Business', 'Google Tag Manager', 'Instagram Follow Button', 'Meta Slider for WordPress', 'Microdata for Google Shopping', 'MonsterInsights', 'PHP', 'Panoramic', 'Perl', 'SiteOrigin', 'SiteOrigin Panels', 'Theme In WP', 'UTF-8', 'Ubuntu', 'WPForms', 'Woo Themes', 'WooCommerce', 'WooCommerce Checkout', 'WordPress', 'WordPress Multisite', 'jQuery', 'reCAPTCHA']"
hiltonheadbicycle.com,HIlton Head Bicycle Company,Hilton Head Bicycle Company,,75,39984,2026-09-13T01:59:23.087375545Z,"['AWS WAF Challenge', 'Adult Content', 'Alternate Protocol', 'Constant Contact Wordpress Forms', 'Content Delivery Network', 'Divi', 'Elegant Themes', 'EmbedPress', 'FareHarbor', 'Fastly', 'Financial Services Guide', 'GZIP Module', 'Google Analytics', 'Google Cloud DNS', 'Google Customer Reviews', 'Google Font API', 'Google Maps', 'Google My Business', 'Google Tag Manager', 'Gravity', 'Harbor', 'Instagram Feed for WordPress', 'Instagram Follow Button', 'KAYAK', 'KVH', 'Microdata for Google Shopping', 'Ntent', 'PHP', 'QUIC', 'Theme In WP', 'UTF-8', 'WPForms', 'Woo Themes', 'WordPress', 'WordPress Multisite', 'Yelp Badge', 'eLand', 'jQuery', 'reCAPTCHA']"
kasinokotonasi.com,Home - Kasino Kotonasi,Kasino Kotonasi,,67,25865,2026-09-13T01:59:23.074298499Z,"['Alternate Protocol', 'Apache', 'Contact Form Plugin', 'Ektron', 'Elementor', 'EmbedPress', 'GZIP Module', 'Gambling Content', 'Google Cloud DNS', 'Google Font API', 'Instagram Feed for WordPress', 'Microdata for Google Shopping', 'Modern Events Calendar Lite', 'PHP', 'Sitelinks Search Box', 'Theme In WP', 'UTF-8', 'Ubuntu', 'WP PageNavi', 'WP PostRatings', 'WPForms', 'WordPress', 'WordPress Multisite', 'eLand', 'jQuery']"
kiddyvit.bg,Начало - KiddyVit,,,60,752,2026-09-13T01:59:23.074632071Z,"['Alternate Protocol', 'Apache', 'Complianz', 'DAV', 'ETranslate', 'EmbedPress', 'Facebook Conversion Tracking', 'Facebook Login', 'Facebook Messenger Platform', 'Facebook Pixel', 'Facebook Reseller', 'Facebook Tag API', 'GTranslate', 'GZIP Module', 'Google Analytics', 'Google My Business', 'Google Tag Manager', 'Gtranslate for Wordpress', 'Instagram Follow Button', 'MailChimp for WordPress', 'Microdata for Google Shopping', 'PHP', 'Perl', 'Sassy Social Share', 'Store Locator WordPress', 'Theme In WP', 'UTF-8', 'W3 Total Cache', 'WPForms', 'WordPress', 'WordPress Multisite', 'jQuery', 'jsDelivr']"
healthequitymatters.ca,Home - Northwestern Health Unit: Health Equity Matters,Northwestern Health Unit,USA,77,26927,2026-09-13T01:59:23.064008842Z,"['AWS WAF Challenge', 'Adult Content', 'Alternate Protocol', 'Apache', 'BLR', 'Bulma', 'Elementor', 'EmbedPress', 'GZIP Module', 'Genesis Blocks', 'GitHub Hosting', 'Google Analytics', 'Google Cloud DNS', 'Google Font API', 'Google My Business', 'Google Tag Manager', 'Hestia', 'IcoMoon', 'Instagram Follow Button', 'Microdata for Google Shopping', 'Ninja Forms', 'PHP', 'Pagekit', 'Smush Image Optimization', 'Stackable Page Builder Gutenberg Blocks', 'Theme In WP', 'Tumblr', 'Twitter Ads', 'UTF-8', 'WPForms', 'Woo Themes', 'WooCommerce Checkout', 'WordPress', 'WordPress Multisite', 'WordPress Related Posts', 'YouTube', 'jQuery']"
hmdhandyman.co.uk,HMDHandyman - Handyman in London,HMD Handyman,GBR,77,21362,2026-09-13T01:59:23.049514339Z,"['AWS WAF Challenge', 'Alternate Protocol', 'Apache', 'Better Lead Generation Services', 'Cloudflare', 'Cloudflare CDN', 'DAV', 'Elementor', 'EmbedPress', 'GZIP Module', 'Google', 'Google Cloud DNS', 'Google Font API', 'Google My Business', 'Instagram Feed for WordPress', 'Instagram Follow Button', 'Microdata for Google Shopping', 'NFOrce Internet', 'No-Q', 'Ntent', 'One Designs', 'OnePress', 'PHP', 'QUIC', 'Table Addons for Elementor', 'Theme In WP', 'TrustIndex', 'UTF-8', 'WPForms', 'WordPress', 'WordPress Multisite', 'Yell Business', 'jQuery', 'kk Star Ratings', 'shadcn ui']"
compassionbd.org,Home - Compassion International Bangladesh,Compassion International Bangladesh,BGD,75,125235,2026-09-13T01:59:23.045279378Z,"['Alternate Protocol', 'Content Delivery Network', 'DAV', 'Elementor', 'EmbedPress', 'Fastly', 'Financial Services Guide', 'Fireblade', 'Font Awesome', 'GZIP Module', 'Gravity Forms', 'Idaq', 'K2F', 'KVH', 'Lazy Load for WordPress', 'Microdata for Google Shopping', 'NFOrce Internet', 'No-Q', 'QUIC', 'RM Education', 'SMC', 'Subversion', 'UTF-8', 'WPForms', 'WordPress', 'WordPress Multisite', 'WordPress Related Posts']"
createbuildingsolutionsltd.com,Create Building Solutions LTD,,GBR,65,2286,2026-09-13T01:43:08.37092064Z,"['Alternate Protocol', 'Contact Form Plugin', 'Elementor', 'Elfsight', 'EmbedPress', 'Google Cloud DNS', 'Google Font API', 'Google My Business', 'LiteSpeed', 'PHP', 'Perl', 'QUIC', 'Slider Revolution', 'Theme In WP', 'UTF-8', 'WPForms', 'WordPress', 'WordPress Multisite', 'jQuery', 'reCAPTCHA']"
totalgleam.co.uk,"Total Gleam | Expert Exterior Cleaning Wirral, Liverpool & Chester",Total Gleam,GBR,82,6840,2026-09-13T01:43:08.358230878Z,"['Alternate Protocol', 'Apture Linking Platform', 'Call to Visit', 'Cloudflare', 'DAV', 'Elementor', 'ElementsKit Elementor', 'EmbedPress', 'Express', 'FormSubmit', 'GZIP Module', 'Google Analytics', 'Google Conversion Tracking', 'Google Maps', 'Google My Business', 'Google Related Website Sites', 'Google Tag Manager', 'Header, Footer and Blocks for Elementor', 'Hello Elementor', 'IcoMoon', 'Instagram Follow Button', 'Jeg Elementor Kit', 'LiteSpeed', 'Metform Elemento', 'Microdata for Google Shopping', 'NFOrce Internet', 'Ntent', 'PHP', 'QUIC', 'QuadLayers', 'Share Link', 'Site Kit', 'Sticky Header Effects for Elementor', 'Table Addons for Elementor', 'TrustIndex', 'UTF-8', 'WP Rocket', 'WPForms', 'WordPress', 'WordPress Multisite', 'YouTube', 'jQuery', 'reCAPTCHA']"
basharatiyat.com,Bashar Atiyat – SAG-AFTRA,,USA,65,2724,2026-09-13T01:43:08.356460809Z,"['Alternate Protocol', 'DAV', 'Elementor', 'EmbedPress', 'GZIP Module', 'Google Cloud DNS', 'Google Font API', 'HT Mega', 'Header, Footer and Blocks for Elementor', 'Instagram Follow Button', 'NFOrce Internet', 'Nginx', 'OceanWP', 'PHP', 'Perl', 'Smart Slider 3', 'Stream', 'Theme In WP', 'Twitter Ads', 'UTF-8', 'WP Mobile Menu', 'WPForms', 'WhatsApp Sharing', 'Woo Themes', 'WooCommerce Checkout', 'WordPress', 'WordPress Multisite', 'WordPress Related Posts', 'eLand', 'jQuery']"
coastalsunsetbonfires.com,Home of Beach Bonfires - Coastal Sunset Bonfires,,USA,77,20645,2026-09-13T01:43:08.351689524Z,"['AWS WAF Challenge', 'Alternate Protocol', 'Apture Linking Platform', 'Cloudflare', 'Cloudflare CDN', 'Elementor', 'EmbedPress', 'Google', 'Google Analytics', 'Google Cloud CDN', 'Google Cloud DNS', 'Google Font API', 'Google Maps', 'Google My Business', 'Google Related Website Sites', 'Google Tag Manager', 'Hello Elementor', 'Instagram Follow Button', 'Microdata for Google Shopping', 'MonsterInsights', 'NFOrce Internet', 'PHP', 'Sitelinks Search Box', 'Slider Revolution', 'Theme In WP', 'UTF-8', 'W3 Total Cache', 'WPForms', 'WordPress', 'WordPress Multisite', 'YouTube', 'jQuery']"
vaguvibe.com,Vagu Vibe,,USA,60,658,2026-09-13T01:32:04.439487374Z,"['Alternate Protocol', 'Apache', 'Contact Form Plugin', 'Elementor', 'EmbedPress', 'GZIP Module', 'Google Analytics', 'Google Tag Manager', 'Gravity Forms', 'NFOrce Internet', 'PHP', 'Theme In WP', 'UTF-8', 'Ubuntu', 'Vimeo', 'WPForms', 'Woo Themes', 'WooCommerce', 'WooCommerce Checkout', 'WooCommerce Stripe Payment Gateway', 'WordPress', 'WordPress Multisite', 'jQuery']"
udvet.com,"Vet Hospital In Calgary, AB | University District Vet Clinic",,CAN,82,26163,2026-09-13T01:32:04.439302235Z,"['AWS WAF Challenge', 'Alternate Protocol', 'Amazon WAF Blocked', 'Apture Linking Platform', 'Cloudflare', 'Cloudflare CDN', 'Content Delivery Network', 'Divi', 'Elegant Themes', 'EmbedPress', 'Google', 'Google Analytics', 'Google Cloud CDN', 'Google Cloud DNS', 'Google Font API', 'Google My Business', 'Google Related Website Sites', 'Google Tag Manager', 'Instagram Follow Button', 'Microdata for Google Shopping', 'Monarch Social Sharing Plugin For WordPress', 'PHP', 'PetDesk', 'Sitelinks Search Box', 'Telegram', 'Twitter Ads', 'UTF-8', 'University or College', 'UserWay', 'WP Engine', 'WP Rocket', 'WPForms', 'WhatsApp Sharing', 'Woo Themes', 'WordPress', 'WordPress Multisite', 'WordPress PopUp', 'YouTube', 'eLand', 'reCAPTCHA']"
canontyler.com,Canon Tyler,,,40,871,2026-09-13T01:32:04.439855018Z,"['Alternate Protocol', 'Cloudflare', 'Content Delivery Network', 'Elementor', 'ElementsKit Elementor', 'EmbedPress', 'GoDaddy', 'Google Cloud DNS', 'Google Font API', 'Linktree', 'NFOrce Internet', 'Newsletter for Wordpress', 'OceanWP', 'PHP', 'Tailwind CSS', 'Theme In WP', 'UTF-8', 'WP Mobile Menu', 'WPForms', 'Woo Themes', 'WooCommerce Checkout', 'WordPress', 'WordPress Multisite', 'WordPress Related Posts', 'YouTube', 'jQuery']"
deslyfoods.com,Natural Asian Sauces Manufacturer | DESLY FOODS,,CHN,82,12086,2026-09-13T01:32:04.424936985Z,"['Alternate Protocol', 'Amazon WAF Blocked', 'Amazon Widgets', 'CDN JS', 'Cloudflare', 'Cloudflare CDN', 'Cloudflare Web Analytics', 'Divi', 'Elegant Themes', 'EmbedPress', 'GZIP Module', 'Google', 'Google Analytics', 'Google Cloud CDN', 'Google Cloud DNS', 'Google Font API', 'Google My Business', 'Google Related Website Sites', 'Google Tag Manager', 'Jetpack', 'Kitco', 'Lazy Load for WordPress', 'Microdata for Google Shopping', 'Nginx', 'QUIC', 'Site Kit', 'Snitcher', 'Twitter Ads', 'UTF-8', 'WP Rocket', 'WPForms', 'WhatsApp Sharing', 'Woo Themes', 'WooCommerce Checkout', 'WordPress', 'WordPress Multisite', 'reCAPTCHA']"
litopapir.rs,Sustainable Paper Packaging Manufacture - Litopapir,Litopapir,SRB,87,22152,2026-09-13T01:32:04.423925411Z,"['Alternate Protocol', 'Apture Linking Platform', 'Cloudflare', 'Contact Form Plugin', 'Elementor', 'EmbedPress', 'GZIP Module', 'GitHub Hosting', 'Google', 'Google Analytics', 'Google Cloud CDN', 'Google Cloud DNS', 'Google Font API', 'Google Maps', 'Google My Business', 'Google Tag Manager', 'IcoMoon', 'Lazy Load for WordPress', 'Microdata for Google Shopping', 'Nginx', 'On The Map', 'PHP', 'Parallels Plesk Panel', 'Sitelinks Search Box', 'Theme In WP', 'UTF-8', 'WP Rocket', 'WPForms', 'WPML Multilingual', 'Woo Themes', 'WooCommerce Checkout', 'WordPress', 'WordPress Multisite', 'eLand', 'jQuery']"
centuriongroup.com.au,Contact – Centurion,,AUS,50,229,2026-09-13T01:32:04.362947305Z,"['Alternate Protocol', 'Apache', 'Coming Soon Page', 'EmbedPress', 'Google Cloud DNS', 'Google Font API', 'Google My Business', 'Gravity', 'Gravity Forms', 'Microdata for Google Shopping', 'PHP', 'SiteOrigin', 'SiteOrigin Panels', 'Slider Revolution', 'Subversion', 'Theme In WP', 'UTF-8', 'Vantage', 'WPForms', 'Woo Themes', 'WordPress', 'WordPress Multisite', 'jQuery', 'reCAPTCHA']"
ifhcs.org,Integrity First – Home Care Solutions,,FRA,77,29169,2026-09-13T01:16:44.619098982Z,"['AWS WAF Challenge', 'Alternate Protocol', 'BLR', 'Cloudflare', 'Cloudflare CDN', 'EmbedPress', 'Font Awesome', 'GZIP Module', 'Google', 'Google My Business', 'Instagram Follow Button', 'Nginx', 'PHP', 'Tailwind CSS', 'Theme In WP', 'ThemeFusion', 'Tumblr', 'Twitter Ads', 'UTF-8', 'WP jQuery Lightbox', 'WPForms', 'WhatsApp Sharing', 'WordPress', 'WordPress Multisite', 'jQuery', 'reCAPTCHA']"
asarphome.com,South Asian Real Estate Professionals Network,,,67,22197,2026-09-13T01:16:44.568374551Z,"['AWS WAF Challenge', 'Alternate Protocol', 'Bunny Fonts', 'Cloudflare', 'Cloudflare CDN', 'Content Delivery Network', 'Elementor', 'EmbedPress', 'Express', 'Fastly', 'Google', 'Google Analytics', 'Google Cloud CDN', 'Google Cloud DNS', 'Google Font API', 'Google My Business', 'Google Related Website Sites', 'Google Tag Manager', 'InitiativeS', 'Jetpack', 'Line2', 'LiteSpeed', 'Microdata for Google Shopping', 'PHP', 'Perl', 'QUIC', 'QUIC.cloud', 'Table Addons for Elementor', 'UTF-8', 'WPForms', 'WordPress', 'WordPress Multisite', 'WordPress PopUp', 'WordPress Stats', 'YouTube']"
scrapbuyerindammam.com,Home - Scrap Buyer in Dammam,Scrap Buyer,SAU,82,19547,2026-09-13T01:05:10.485749408Z,"['AWS WAF Challenge', 'Alternate Protocol', 'Apture Linking Platform', 'Cloudflare', 'Cloudflare CDN', 'Content Delivery Network', 'DuracellTomi Google Tag Manager for WordPress', 'Elementor', 'EmbedPress', 'GZIP Module', 'Google', 'Google Analytics', 'Google My Business', 'Google Tag Manager', 'Hello Elementor', 'Instagram Follow Button', 'LiteSpeed', 'Microdata for Google Shopping', 'NFOrce Internet', 'PHP', 'QUIC', 'Theme In WP', 'UTF-8', 'WPForms', 'WordPress', 'WordPress Multisite', 'YouTube', 'jQuery']"
jamiesonwellnessacademy.com,Jamieson Wellness Academy – Cultivating the World's Wellness Journey,,,67,25980,2026-09-13T01:05:10.483083513Z,"['AWS WAF Challenge', 'Alternate Protocol', 'Automattic', 'Cloudflare', 'Cloudflare CDN', 'CoBlocks', 'Content Delivery Network', 'Eduma', 'Elementor', 'EmbedPress', 'Express', 'GitHub Hosting', 'GoDaddy', 'Google', 'Google Analytics', 'Google Cloud DNS', 'Google Font API', 'Google My Business', 'Google Tag Manager', 'Gravity', 'H5P for WordPress', 'IcoMoon', 'Jetpack', 'Jetpack Site Accelerator', 'Klaviyo', 'Klaviyo for WordPress', 'LearnPress', 'Microdata for Google Shopping', 'NFOrce Internet', 'Nginx', 'PHP', 'Perl', 'Schema Plugin', 'Slider Revolution', 'Theme In WP', 'UTF-8', 'WPForms', 'Woo Themes', 'WordPress', 'WordPress Multisite', 'WordPress Stats', 'accessiBe', 'jQuery']"
wifitechnow.com,Home - WIFITECH,WIFITECH,,60,783,2026-09-13T01:05:10.467415089Z,"['Alternate Protocol', 'Amazon WAF Blocked', 'Elementor', 'EmbedPress', 'GZIP Module', 'Google', 'Google Cloud CDN', 'Google Cloud DNS', 'Google Font API', 'Header, Footer and Blocks for Elementor', 'Jetpack', 'Microdata for Google Shopping', 'NFOrce Internet', 'Newsletter for Wordpress', 'Nginx', 'OceanWP', 'PHP', 'Premium Addons for Elementor', 'Table Addons for Elementor', 'Tailwind CSS', 'UTF-8', 'WP Fastest Cache', 'WP Mobile Menu', 'WPForms', 'Woo Themes', 'WooCommerce Checkout', 'WordPress', 'WordPress Multisite', 'WordPress Related Posts']"
lthium.com,LTHIUM,,,35,1139,2026-09-13T01:05:10.441233239Z,"['AWS WAF Challenge', 'Alternate Protocol', 'Cloudflare', 'Cloudflare CDN', 'Elementor', 'EmbedPress', 'Google', 'Google Cloud DNS', 'Google Font API', 'Google My Business', 'IcoMoon', 'Instagram Follow Button', 'LiteSpeed', 'NFOrce Internet', 'Newsletter for Wordpress', 'OceanWP', 'PHP', 'Shipping Rates Calculator', 'Tailwind CSS', 'Theme In WP', 'Twitter Ads', 'UTF-8', 'WP Mobile Menu', 'WPForms', 'Woo Themes', 'WooCommerce', 'WooCommerce Checkout', 'WooCommerce Payments', 'WordPress', 'WordPress Multisite', 'WordPress Related Posts', 'jQuery']"
cruxcarecoliving.com,Crux Care Co-Living,,USA,65,18208,2026-09-13T01:05:10.434200143Z,"['AWS WAF Challenge', 'Alternate Protocol', 'Apache', 'Contact Form Plugin', 'Elementor', 'EmbedPress', 'GZIP Module', 'Gambling Content', 'Google Cloud DNS', 'Google Font API', 'Gravity', 'Gravity Forms', 'HappyAddons', 'Jetpack', 'NFOrce Internet', 'OceanWP', 'PHP', 'Popup Maker for Wordpress', 'Tailwind CSS', 'Theme In WP', 'To Top', 'UTF-8', 'WP Mobile Menu', 'WP Rocket', 'WPForms', 'Woo Themes', 'WooCommerce Checkout', 'WordPress', 'WordPress Multisite', 'jQuery']"
absolutelyspotless.co.uk,Professional Cleaning Chiswick | Absolutely Spotless ltd,,GBR,87,94320,2026-09-13T00:53:55.988812095Z,"['AWS WAF Challenge', 'Alternate Protocol', 'Beaver Builder Lite', 'Better Lead Generation Services', 'CDN JS', 'Cloudflare', 'Cloudflare CDN', 'Content Delivery Network', 'Contento', 'EmbedPress', 'Google', 'Google Analytics', 'Google Cloud DNS', 'Google Font API', 'Google My Business', 'Google Tag Manager', 'LiteSpeed', 'Microdata for Google Shopping', 'PHP', 'QUIC', 'SMC', 'Schema Plugin', 'Thank You', 'Theme In WP', 'UTF-8', 'WPForms', 'WordPress', 'WordPress Multisite', 'jQuery', 'reCAPTCHA']"
renovationpartnersnyc.com,Luxury Home Renovations NYC | High End Remodeling | Renovation Partners NYC,Renovation Partners,USA,72,21182,2026-09-13T00:53:55.977295036Z,"['Alternate Protocol', 'Content Delivery Network', 'Elementor', 'EmbedPress', 'Fontello', 'Google', 'Google Analytics', 'Google Cloud CDN', 'Google Cloud DNS', 'Google Font API', 'Google Maps', 'Google My Business', 'Google Tag Manager', 'Header, Footer and Blocks for Elementor', 'LiteSpeed', 'Microdata for Google Shopping', 'On The Map', 'PHP', 'Prime Slide for Elementor', 'QUIC', 'Qi Addons For Elementor', 'Sitelinks Search Box', 'SmartCrawl', 'Theme In WP', 'UTF-8', 'WP Google Maps', 'WPForms', 'WordPress', 'WordPress Multisite', 'WordPress Related Posts', 'jQuery']"
joysercasa.lu,Joyser Casa – Complete Renovation Services in Luxembourg,,LUX,87,41538,2026-09-13T00:53:55.966503069Z,"['AWS WAF Challenge', 'Alternate Protocol', 'Better Lead Generation Services', 'Cloudflare', 'Cloudflare CDN', 'Content Delivery Network', 'Elementor', 'EmbedPress', 'Facebook Login', 'Facebook Messenger Platform', 'Facebook Pixel', 'Facebook Reseller', 'Facebook Tag API', 'Google', 'Google Analytics', 'Google My Business', 'Google Tag Manager', 'Hello Elementor', 'Instagram Follow Button', 'KVH', 'Line2', 'LiteSpeed', 'Microdata for Google Shopping', 'NFOrce Internet', 'Pico CSS', 'QUIC', 'QUIC.cloud', 'Subversion', 'Table Addons for Elementor', 'UTF-8', 'Underscores', 'WPForms', 'WPML Multilingual', 'WordPress', 'WordPress Multisite', 'YouTube', 'jQuery', 'reCAPTCHA']"
drstephanielogan.com,Home - Dr. Stephanie Logan,Dr. Stephanie Logan,,60,723,2026-09-13T00:43:42.898097029Z,"['Alternate Protocol', 'CDN JS', 'Cloudflare', 'Cloudflare CDN', 'DAV', 'Elementor', 'EmbedPress', 'GZIP Module', 'Google Analytics', 'Google Cloud DNS', 'Google Font API', 'Google My Business', 'Google Tag Manager', 'Microdata for Google Shopping', 'MonsterInsights', 'NFOrce Internet', 'Nginx', 'OceanWP', 'PHP', 'Tailwind CSS', 'Theme In WP', 'UTF-8', 'University or College', 'WP Fastest Cache', 'WP Mobile Menu', 'WPForms', 'Woo Themes', 'WooCommerce Checkout', 'WordPress', 'WordPress Multisite', 'jQuery']"
customcph.dk,custom-cph.com,,DNK,65,2423,2026-09-13T00:43:42.873782121Z,"['Alternate Protocol', 'Animate It', 'Cloudflare', 'EmbedPress', 'Facebook Conversion Tracking', 'Facebook Login', 'Facebook Messenger Platform', 'Facebook Pixel', 'Facebook Reseller', 'Facebook Tag API', 'GZIP Module', 'Google Analytics', 'Google Cloud DNS', 'Google Font API', 'Google My Business', 'Google Tag Manager', 'Instagram Feed for WordPress', 'Instagram Follow Button', 'Line2', 'Menu Icons by ThemeIsle', 'MonsterInsights', 'Nectar Slide Plugin', 'Nginx', 'PHP', 'Popup Maker for Wordpress', 'Post Grid', 'QUIC', 'Salient', 'Tailwind CSS', 'Theme In WP', 'UTF-8', 'WPBakery', 'WPForms', 'WordPress', 'WordPress Multisite', 'jQuery', 'reCAPTCHA']"
jksuperdrive.com,JK Maini Precision Technology Limited | JKSuperdrive,,IND,77,5775,2026-09-13T00:43:42.859407367Z,"['Alternate Protocol', 'Apache', 'CDN JS', 'Cloudflare', 'Cloudflare CDN', 'Contact Form Plugin', 'Cookie Accept', 'Cookie Notice', 'DAV', 'DoubleClick Bid Manager', 'Elementor', 'ElementsKit Elementor', 'EmbedPress', 'Font Awesome', 'GZIP Module', 'GitHub Hosting', 'Google', 'Google Analytics', 'Google Cloud DNS', 'Google Font API', 'Google Maps', 'Google My Business', 'Google Related Website Sites', 'Google Tag Manager', 'Instagram Follow Button', 'Max Mega Menu', 'Max Mega Menu Pro', 'Microdata for Google Shopping', 'PHP', 'QUIC', 'Smart Slider 3', 'Sticky Header Effects for Elementor', 'Thank You', 'Theme In WP', 'UTF-8', 'Ubuntu', 'Video PopUp for Wordpress', 'W3 Total Cache', 'WPForms', 'Woo Themes', 'WooCommerce', 'WooCommerce Checkout', 'WooLentor', 'WordPress', 'WordPress Download Manager', 'WordPress Multisite', 'YouTube', 'eLand', 'jQuery', 'reCAPTCHA']"
exatechcomputer.com,Home - Exatech Computers,Exatech Computer,,60,8120,2026-09-13T00:30:19.164464134Z,"['AWS WAF Challenge', 'Alternate Protocol', 'Apture Linking Platform', 'Aruba', 'Cloudflare', 'Cloudflare CDN', 'Content Delivery Network', 'Daily Deals', 'DuracellTomi Google Tag Manager for WordPress', 'Electro', 'EmbedPress', 'Google', 'Google Analytics', 'Google Cloud CDN', 'Google Cloud DNS', 'Google Conversion Tracking', 'Google Font API', 'Google My Business', 'Google Recommendations AI', 'Google Related Website Sites', 'Google Tag Manager', 'LiteSpeed', 'Microdata for Google Shopping', 'Ntent', 'PHP', 'Placehold IT', 'QUIC', 'Sign In With Google', 'Sitelinks Search Box', 'Slider Revolution', 'Theme In WP', 'Tidio', 'UTF-8', 'Vector Internet Services', 'WPBakery', 'WPForms', 'Woo Themes', 'WooCommerce', 'WooCommerce Checkout', 'WooCommerce Stripe Payment Gateway', 'WordPress', 'WordPress Multisite', 'YITH WooCommerce Compare', 'eLand', 'jQuery', 'reCAPTCHA', 'shadcn ui']"
lakeheadfundraising.ca,Lakehead Fundraising Association,,CAN,67,793,2026-09-13T00:20:53.893226728Z,"['Alternate Protocol', 'Apache', 'Elementor', 'EmbedPress', 'GZIP Module', 'PHP', 'Responsive', 'Theme In WP', 'UTF-8', 'WPForms', 'Woo Themes', 'WooCommerce Checkout', 'WordPress', 'WordPress Multisite', 'WordPress Related Posts']"
weintastisch.ch,ROCKT! - ROCKT! GIN - SESSIONS - EVENTRAUM,Spirit Manufaktur GmbH,BRA,77,18983,2026-09-13T00:20:53.883095397Z,"['AWS WAF Challenge', 'Age Gate', 'Alternate Protocol', 'Elementor', 'EmbedPress', 'GTranslate', 'GZIP Module', 'Google', 'Google Cloud CDN', 'Google Cloud DNS', 'Google Font API', 'Google My Business', 'Instagram Follow Button', 'Microdata for Google Shopping', 'Microsoft Authentication Library for JavaScript', 'Newsletter for Wordpress', 'OceanWP', 'PHP', 'QUIC', 'Sitelinks Search Box', 'Store Locator WordPress', 'Tailwind CSS', 'Theme In WP', 'UTF-8', 'WP Mobile Menu', 'WPForms', 'Woo Themes', 'WooCommerce', 'WooCommerce Checkout', 'WordPress', 'WordPress Multisite', 'YouTube', 'YouTube Advanced by Embed Plus', 'jQuery', 'myStickymenu']"
petrogate.com,PetroGate,,CAN,65,16652,2026-09-13T00:20:53.835206313Z,"['AWS WAF Challenge', 'Alternate Protocol', 'Apache', 'Bulma', 'EmbedPress', 'GZIP Module', 'Google Cloud DNS', 'Google Font API', 'Hestia', 'IcoMoon', 'Otter Blocks', 'PHP', 'Say what', 'Theme In WP', 'TranslatePress', 'UTF-8', 'WPForms', 'Woo Themes', 'WooCommerce Checkout', 'WordPress', 'WordPress Multisite', 'jQuery']"
99blueprint.com,BLUEPRINT INTERIOR DECORATION L.L.C | Bringing your vision to life- one blueprint at a time!,,,55,340,2026-09-13T00:20:53.835034675Z,"['Alternate Protocol', 'Divi', 'Elegant Themes', 'Elementor', 'EmbedPress', 'GZIP Module', 'Google', 'Google Cloud CDN', 'Google Cloud DNS', 'Google Font API', 'Instagram Follow Button', 'Nginx', 'PHP', 'QUIC', 'Tawk', 'Theme In WP', 'UTF-8', 'WPForms', 'Woo Themes', 'WordPress', 'WordPress Multisite', 'eLand', 'jQuery']"
citygruppe.at,Professionelle Reinigungsfirma Wien - CityM - Ihr Hausbetreuer,,,77,19795,2026-09-13T00:20:53.823951802Z,"['Alternate Protocol', 'Amazon WAF Blocked', 'Apache', 'Apture Linking Platform', 'Complianz', 'Elementor', 'EmbedPress', 'GZIP Module', 'Google', 'Google Analytics', 'Google Cloud DNS', 'Google Font API', 'Google Maps', 'Google My Business', 'Google Recommendations AI', 'Instagram Follow Button', 'Lazy Load for WordPress', 'Microdata for Google Shopping', 'OceanWP', 'PHP', 'Table Addons for Elementor', 'Theme In WP', 'UTF-8', 'WP Rocket', 'WPForms', 'Woo Themes', 'WordPress', 'WordPress Multisite', 'jQuery', 'reCAPTCHA']"
socialgo.in,SocialGo: Digital Marketing & Social Media Experts,,IND,77,91556,2026-09-13T00:20:53.816543322Z,"['AWS WAF Challenge', 'Adult Content', 'Alternate Protocol', 'Apture Linking Platform', 'Click to Chat for WhatsApp', 'Cloudflare', 'Cloudflare CDN', 'CoBlocks', 'Elementor', 'EmbedPress', 'Essential Addons for Elementor', 'Font Awesome', 'GoDaddy', 'Google', 'Google Cloud DNS', 'Google Customer Reviews', 'Google Font API', 'Google My Business', 'Header, Footer and Blocks for Elementor', 'IcoMoon', 'Instagram Follow Button', 'LiteSpeed', 'Microdata for Google Shopping', 'NFOrce Internet', 'Ntent', 'PHP', 'QUIC', 'QuadLayers', 'Responsive', 'SMC', 'Sitelinks Search Box', 'Table Addons for Elementor', 'Theme In WP', 'To Top', 'TrustIndex', 'UTF-8', 'WPForms', 'Woo Themes', 'WooCommerce Checkout', 'WordPress', 'WordPress Multisite', 'WordPress Related Posts', 'YouTube', 'iomart', 'jQuery']"
newage.market,New Age Markets in Electricity (NAME)Home - New Age Markets in Electricity (NAME),,IND,70,16227,2026-09-13T00:20:53.8129298Z,"['AWS WAF Challenge', 'Apache', 'Apture Linking Platform', 'ArvanCloud', 'CDN JS', 'Cloudflare', 'Cloudflare CDN', 'ElementUI', 'EmbedPress', 'Fancybox for WordPress', 'GZIP Module', 'Google Analytics', 'Google Tag Manager', 'Microdata for Google Shopping', 'PHP', 'QUIC', 'Sitelinks Search Box', 'Theme In WP', 'UTF-8', 'WP Rocket', 'WPForms', 'WordPress', 'WordPress Multisite', 'jQuery', 'jsDelivr', 'mod_pagespeed']"
pristinemomentsovencleaning.co.uk,Oven Cleaning Coulsdon - Pristine Moments Oven Cleaning,https://pristinemomentsovencleaning.co.uk,CAN,82,19796,2026-09-13T00:05:49.775391748Z,"['AWS WAF Challenge', 'Alternate Protocol', 'Apache', 'Astra Theme', 'Cloudflare', 'Cloudflare CDN', 'Content Delivery Network', 'Elementor', 'EmbedPress', 'GZIP Module', 'Google', 'Google Cloud DNS', 'Google Font API', 'Google Maps', 'Google My Business', 'Header, Footer and Blocks for Elementor', 'Microdata for Google Shopping', 'NFOrce Internet', 'PHP', 'Pagekit', 'QUIC', 'Schema Plugin', 'Smush Image Optimization', 'Theme In WP', 'UTF-8', 'WPForms', 'Woo Themes', 'WordPress', 'WordPress Multisite', 'WordPress Related Posts', 'jQuery']"
ost-betongent.no,Hjem - Øst Betongentreprenør og Anlegg AS - Øst Betongentreprenør og Anlegg AS,gray-nightingale-270683.hostingersite.com,,60,862,2026-09-13T00:05:49.764819398Z,"['AWS WAF Challenge', 'Adult Content', 'Alternate Protocol', 'Astra Theme', 'Cloudflare', 'Cloudflare CDN', 'Content Delivery Network', 'Elementor', 'EmbedPress', 'Google', 'Google Cloud DNS', 'Google Font API', 'Google Maps', 'Google My Business', 'LiteSpeed', 'Microdata for Google Shopping', 'NFOrce Internet', 'PHP', 'Theme In WP', 'UTF-8', 'WPForms', 'Woo Themes', 'WordPress', 'WordPress Multisite', 'WordPress Related Posts', 'jQuery']"
alliesforracialjustice.org,Allies for Racial Justice - Resurrection Church,"Resurrection, A United Methodist Church",CAN,70,44068,2026-09-13T00:05:49.746251679Z,"['AWS WAF Challenge', 'Adobe Creative Cloud WebFonts', 'Adult Content', 'Alternate Protocol', 'Cloudflare', 'Content Delivery Network', 'Elementor', 'EmbedPress', 'Essential Addons for Elementor', 'Facebook Conversion Tracking', 'Facebook Login', 'Facebook Messenger Platform', 'Facebook Pixel', 'Facebook Reseller', 'Facebook Tag API', 'Google Analytics', 'Google My Business', 'Google Tag Manager', 'Gravity', 'Gravity Forms', 'Hello Elementor', 'HubSpot Conversations', 'HubSpot WordPress Plugin', 'Hubspot', 'InitiativeS', 'Instagram Follow Button', 'JetElements', 'JetWooBuilder', 'Klaviyo', 'Microdata for Google Shopping', 'NFOrce Internet', 'PHP', 'The Events Calendar', 'Theme In WP', 'UTF-8', 'Vimeo', 'WP Engine', 'WPForms', 'Woo Themes', 'WordPress', 'WordPress Multisite', 'YouTube', 'Zendesk Guide', 'jQuery', 'reCAPTCHA']"
masterkitchenwardrobe.co.uk,Home - masterkitchenwardrobe.co.uk,masterkitchenwardrobe.co.uk,GBR,82,20201,2026-09-12T23:57:18.511076464Z,"['AWS WAF Challenge', 'Alternate Protocol', 'Astra Theme', 'Cloudflare', 'Cloudflare CDN', 'Content Delivery Network', 'Elementor', 'ElementsKit Elementor', 'EmbedPress', 'Essential Addons for Elementor', 'Google', 'Google Analytics', 'Google Cloud DNS', 'Google Font API', 'Google Maps', 'Google My Business', 'Google Tag Manager', 'Gravity', 'Gravity Forms', 'HappyAddons', 'Instagram Follow Button', 'LiteSpeed', 'Microdata for Google Shopping', 'NFOrce Internet', 'PHP', 'QUIC', 'Royal Elementor Addons', 'Theme In WP', 'To Top', 'UTF-8', 'WPForms', 'Woo Themes', 'WooCommerce', 'WooCommerce Checkout', 'WordPress', 'WordPress Multisite', 'WordPress Related Posts', 'jQuery']"
jeremy-reeves.com,Jeremy Reeves,Jeremy Reeves,USA,70,20785,2026-09-12T23:57:18.500217194Z,"['Alternate Protocol', 'Content Delivery Network', 'EmbedPress', 'Font Awesome', 'GZIP Module', 'Google Cloud DNS', 'Google Font API', 'HubSpot Conversations', 'HubSpot WordPress Plugin', 'Hubspot', 'Microdata for Google Shopping', 'Nginx', 'One Designs', 'OnePress', 'PHP', 'Parallels Plesk Panel', 'Theme In WP', 'Twitter Ads', 'UTF-8', 'WPForms', 'WordPress', 'WordPress Multisite', 'jQuery', 'shadcn ui']"
alpenfrisch.at,Alpenfrisch - Alpenfrisch,Alpenfrisch,AUT,82,19735,2026-09-12T23:57:18.498742404Z,"['AWS WAF Challenge', 'Alternate Protocol', 'Cloudflare', 'Cloudflare CDN', 'Content Delivery Network', 'Elementor', 'EmbedPress', 'Essential Addons for Elementor', 'Google', 'Google Cloud DNS', 'Google Font API', 'Google Maps', 'Google My Business', 'Hello Elementor', 'LiteSpeed', 'Microdata for Google Shopping', 'NFOrce Internet', 'PHP', 'Prime Slide for Elementor', 'Royal Elementor Addons', 'Theme In WP', 'To Top', 'UTF-8', 'WPForms', 'WordPress', 'WordPress Multisite', 'jQuery']"
nichapaflorist.com,ร้านดอกไม้ ณิชาภา - Nichapa Florist,ร้านดอกไม้ณิชาภา - Nichapa Florist,AUS,67,37707,2026-09-12T23:57:18.46705274Z,"['AWS WAF Challenge', 'Alternate Protocol', 'Cloudflare', 'Cloudflare CDN', 'Cloudflare Web Analytics', 'Contact Form Plugin', 'EmbedPress', 'Fireblade', 'GetButton.io', 'Google Analytics', 'Google Maps', 'Google My Business', 'Google Related Website Sites', 'Google Tag Manager', 'Instagram Follow Button', 'LiteSpeed', 'Microdata for Google Shopping', 'PHP', 'Pagekit', 'SVG Support', 'SiteOrigin', 'SiteOrigin Panels', 'Smush Image Optimization', 'Sydney Theme', 'Theme In WP', 'UTF-8', 'Vantage', 'Vector Internet Services', 'WPForms', 'Woo Themes', 'WordPress', 'WordPress Multisite', 'jQuery', 'reCAPTCHA']"
vinctos.com,Vinctos - Recruitment Technology,Vinctos Ltd,,60,19817,2026-09-12T23:57:18.465490418Z,"['AWS WAF Challenge', 'Alternate Protocol', 'CDN JS', 'Cloudflare', 'Cloudflare CDN', 'Content Delivery Network', 'Elementor', 'EmbedPress', 'Fireblade', 'FormSubmit', 'Google', 'Google Analytics', 'Google Cloud DNS', 'Google Font API', 'Google My Business', 'Google Recommendations AI', 'Google Related Website Sites', 'Google Tag Manager', 'K2F', 'Matomo', 'Matomo Tag Manager', 'Microdata for Google Shopping', 'NFOrce Internet', 'PHP', 'Parallels Plesk Panel', 'Theme In WP', 'UTF-8', 'WPForms', 'WordPress', 'WordPress Multisite', 'YouTube', 'jQuery', 'jsDelivr', 'reCAPTCHA']"
seahagediting.com,sea hag editing » Sea Hag Editing,Sea Hag Editing,AUS,65,4812,2026-09-12T23:45:07.006850376Z,"['Alternate Protocol', 'Content Delivery Network', 'Elementor', 'EmbedPress', 'Google', 'Google Cloud DNS', 'Google Font API', 'LiteSpeed', 'Microdata for Google Shopping', 'NFOrce Internet', 'PHP', 'QUIC', 'Royal Elementor Addons', 'SiteOrigin', 'Sydney Theme', 'Theme In WP', 'UTF-8', 'University or College', 'WPForms', 'Woo Themes', 'WordPress', 'WordPress Multisite', 'jQuery']"
ascutneyharvest.com,Ascutney Harvest,,CAN,65,4865,2026-09-12T23:45:07.00095322Z,"['Alternate Protocol', 'Cloudflare', 'Content Delivery Network', 'CoreUI', 'Elementor', 'EmbedPress', 'Google', 'Google Analytics', 'Google Cloud CDN', 'Google Cloud DNS', 'Google Font API', 'Google Maps', 'Google My Business', 'Google Tag Manager', 'Instagram Follow Button', 'LiteSpeed', 'MonsterInsights', 'PHP', 'Tailwind CSS', 'Theme In WP', 'UTF-8', 'WPForms', 'Woo Themes', 'WooCommerce', 'WooCommerce Checkout', 'WordPress', 'WordPress Multisite', 'jQuery', 'reCAPTCHA']"
allinonedocument.com,All In One Document - Buy Real/fake Passports and ID cards Online,All In One Document,AUS,82,32955,2026-09-12T23:45:06.99421075Z,"['Alternate Protocol', 'Apture Linking Platform', 'Cloudflare', 'Cloudflare CDN', 'Cloudflare Web Analytics', 'Content Delivery Network', 'Elementor', 'EmbedPress', 'Fireblade', 'Font Awesome', 'FreeCSSTemplates', 'Google', 'Google Cloud DNS', 'Google Font API', 'Google Related Website Sites', 'HubSpot WordPress Plugin', 'JivoSite', 'LiteSpeed', 'Microdata for Google Shopping', 'NFOrce Internet', 'Ninja Forms', 'PHP', 'Pagekit', 'Post Views Counter', 'SiteOrigin', 'Sitelinks Search Box', 'Smush Image Optimization', 'Sydney Theme', 'TablePress', 'Telegram', 'Theme In WP', 'UTF-8', 'University or College', 'WPForms', 'Woo Themes', 'WordPress', 'WordPress Multisite', 'Yandex Hosting', 'jQuery']"
obesterav.com,obesterav.com,,,35,162,2026-09-12T23:45:06.986361311Z,"['Alternate Protocol', 'Apache', 'Astra Theme', 'Elementor', 'EmbedPress', 'GZIP Module', 'Google', 'Google Cloud CDN', 'Google Cloud DNS', 'Google Font API', 'Header, Footer and Blocks for Elementor', 'PHP', 'Theme In WP', 'UTF-8', 'WPForms', 'Woo Themes', 'WordPress', 'WordPress Multisite', 'WordPress Related Posts', 'jQuery']"
tree-surgeons-near-me.com,Tree Surgeons Near Me | Tree Service Near Me LLC - Tree Surgeons | Tree Service Near Me,Tree Surgeons | Tree Service Near Me,USA,87,26787,2026-09-12T23:45:06.983167538Z,"['AWS WAF Challenge', 'Alternate Protocol', 'Cloudflare', 'Cloudflare CDN', 'Content Delivery Network', 'Elementor', 'EmbedPress', 'Google', 'Google Analytics', 'Google Cloud DNS', 'Google Font API', 'Google My Business', 'Google Tag Manager', 'LiteSpeed', 'Microdata for Google Shopping', 'NFOrce Internet', 'Near Me', 'PHP', 'QUIC', 'Site Kit', 'Theme In WP', 'UTF-8', 'WPForms', 'WordPress', 'WordPress Multisite', 'jQuery']"
freelancedigitalexpert.in,The digital expert,,IND,60,859,2026-09-12T23:45:06.982962059Z,"['AWS WAF Challenge', 'Alternate Protocol', 'Blocksy', 'Cloudflare', 'Cloudflare CDN', 'Coming Soon Page', 'Content Delivery Network', 'Elementor', 'EmbedPress', 'Google', 'Google Analytics', 'Google My Business', 'Google Tag Manager', 'Instagram Follow Button', 'LiteSpeed', 'NFOrce Internet', 'PHP', 'Theme In WP', 'UTF-8', 'WPForms', 'WordPress', 'WordPress Multisite', 'YouTube', 'eLand', 'jQuery']"
ocfsolutions.com,Fulfillment Partner - ocfsolution.com,"Store, Pick, Pack, and Dispatch with OC Fulfillment Solutions Ltd",,72,20129,2026-09-12T23:45:06.978346855Z,"['AWS WAF Challenge', 'Alternate Protocol', 'Cloudflare', 'Cloudflare CDN', 'Content Delivery Network', 'DAV', 'Elementor', 'ElementsKit Elementor', 'EmbedPress', 'Google', 'Google My Business', 'LiteSpeed', 'Microdata for Google Shopping', 'NFOrce Internet', 'Newsletter for Wordpress', 'OceanWP', 'PHP', 'Parcel', 'Tailwind CSS', 'Theme In WP', 'UTF-8', 'WP Mobile Menu', 'WPForms', 'Woo Themes', 'WooCommerce Checkout', 'WordPress', 'WordPress Multisite', 'jQuery']"
propaneexchangellc.com,Home - Propane Exchange,Propane Exchange,USA,75,5888,2026-09-12T23:45:06.965558935Z,"['Alternate Protocol', 'Cloudflare', 'Cloudflare CDN', 'Content Delivery Network', 'Elementor', 'ElementsKit Elementor', 'EmbedPress', 'Express', 'FormSubmit', 'Google', 'Google Analytics', 'Google Cloud CDN', 'Google Cloud DNS', 'Google Font API', 'Google My Business', 'Google Tag Manager', 'Header, Footer and Blocks for Elementor', 'Hello Elementor', 'Hotjar', 'Jetpack', 'Metform Elemento', 'Microdata for Google Shopping', 'PHP', 'Premium Addons for Elementor', 'QUIC', 'Sticky Header Effects for Elementor', 'Table Addons for Elementor', 'Theme In WP', 'UTF-8', 'WPForms', 'Woo Themes', 'WordPress', 'WordPress Multisite', 'jQuery', 'reCAPTCHA']"
cheryleamanbooks.com,Cheryle Books,,GBR,75,6088,2026-09-12T23:45:06.963643168Z,"['Alternate Protocol', 'Apache', 'Content Delivery Network', 'ContentBox', 'EmbedPress', 'GZIP Module', 'Google Cloud DNS', 'Google Font API', 'PHP', 'QUIC', 'Shifter', 'Telegram', 'Theme In WP', 'UTF-8', 'Vector Internet Services', 'WPBakery', 'WPForms', 'Woo Themes', 'WooCommerce', 'WooCommerce Checkout', 'WooFramework', 'WordPress', 'WordPress Multisite', 'jQuery']"
reshmacreates.com,Best Digital Marketing Expert In Thrissur - Reshma Ajayan,,IND,82,20480,2026-09-12T23:33:46.486856215Z,"['AWS WAF Challenge', 'Alternate Protocol', 'Astra Theme', 'Cloudflare', 'Cloudflare CDN', 'Content Delivery Network', 'Elementor', 'EmbedPress', 'Google', 'Google Analytics', 'Google Cloud DNS', 'Google Font API', 'Google My Business', 'Google Related Website Sites', 'Google Tag Manager', 'Instagram Follow Button', 'LiteSpeed', 'Microdata for Google Shopping', 'NFOrce Internet', 'PHP', 'Site Kit', 'Sitelinks Search Box', 'Theme In WP', 'UTF-8', 'WPForms', 'Woo Themes', 'WordPress', 'WordPress Multisite', 'WordPress Related Posts', 'jQuery']"
gloriaaccounting.com.au,Home - GLORIA,,,67,35262,2026-09-12T23:33:46.479075299Z,"['AWS WAF Challenge', 'Alternate Protocol', 'Cloudflare', 'Cloudflare CDN', 'Content Delivery Network', 'Elementor', 'EmbedPress', 'GoDaddy', 'Google', 'Google My Business', 'Microdata for Google Shopping', 'NFOrce Internet', 'PHP', 'QUIC', 'Simple Banner for Wordpress', 'SiteOrigin', 'Sydney Theme', 'Theme In WP', 'UTF-8', 'WPForms', 'Wangsu', 'Woo Themes', 'WordPress', 'WordPress Multisite', 'jQuery']"
hoteldhruvpalace.com,Best Hotel in Trimbakeshwar – Hotel Dhruv Palace,Hotel Dhruv Palace,IND,77,95626,2026-09-12T23:33:46.479908775Z,"['AWS WAF Challenge', 'Alternate Protocol', 'Angular', 'Cart.com', 'Cloudflare', 'Cloudflare CDN', 'DAV', 'Elementor', 'ElementsKit Elementor', 'EmbedPress', 'Google', 'Google Analytics', 'Google My Business', 'Google Related Website Sites', 'Google Tag Manager', 'Instagram Follow Button', 'Metform Elemento', 'Microdata for Google Shopping', 'NFOrce Internet', 'Popup Maker for Wordpress', 'Sapper', 'Site Kit', 'UTF-8', 'WPForms', 'WhatsApp Sharing', 'Woo Themes', 'WooCommerce', 'WooCommerce Checkout', 'WordPress', 'WordPress Multisite', 'jQuery']"
suradgroup.net,Surad Group – Surad Group,,,60,8260,2026-09-12T23:23:03.760012202Z,"['Alternate Protocol', 'Column Shortcodes', 'Content Delivery Network', 'Elementor', 'ElementsKit Elementor', 'EmbedPress', 'Essential Addons for Elementor', 'Fireblade', 'Font Awesome', 'Google Cloud DNS', 'Google Font API', 'Kriesi.at', 'LiteSpeed', 'NFOrce Internet', 'Premium Addons for Elementor', 'QUIC', 'UTF-8', 'WPForms', 'Woo Themes', 'WordPress', 'WordPress Multisite', 'jQuery']"
theicestmoritz.ch,THE ICE St. Moritz - International Concours of Elegance,The ICE St. Moritz,,77,38130,2026-09-12T23:23:03.752360023Z,"['AWS WAF Challenge', 'Alternate Protocol', 'Amazon WAF Blocked', 'App Store', 'Bing Cashback', 'Cloudflare', 'Cloudflare CDN', 'Elementor', 'Elfsight', 'EmbedPress', 'Google Analytics', 'Google Cloud DNS', 'Google Maps', 'Google My Business', 'Google Play', 'Google Tag Manager', 'Hello Elementor', 'Instagram Follow Button', 'M247', 'Microdata for Google Shopping', 'NFOrce Internet', 'PDF Embedder for Wordpress', 'PHP', 'Parallels Plesk Panel', 'QUIC', 'Theme In WP', 'UTF-8', 'Vello', 'WP Fastest Cache', 'WPForms', 'WordPress', 'WordPress Multisite']"
methowunitarian.org,Methow Valley Unitarian Universalist Fellowship,,USA,70,2281,2026-09-12T23:23:03.744077232Z,"['Alternate Protocol', 'Apache', 'Astra Theme', 'Elementor', 'EmbedPress', 'Google Cloud DNS', 'Google Font API', 'Header, Footer and Blocks for Elementor', 'NFOrce Internet', 'PHP', 'Perl', 'Theme In WP', 'UTF-8', 'University or College', 'WP Super Cache', 'WPForms', 'WordPress', 'WordPress Multisite', 'jQuery']"
dadzelectrical.com,"Electric, HVAC & Solar Experts | Dadz Electrical",Dadz Electrical Services,,82,30012,2026-09-12T23:23:03.727355923Z,"['AWS WAF Challenge', 'Alternate Protocol', 'Apture Linking Platform', 'Cloudflare', 'Cloudflare CDN', 'Content Delivery Network', 'EmbedPress', 'Facebook Conversion Tracking', 'Facebook Login', 'Facebook Messenger Platform', 'Facebook Pixel', 'Facebook Reseller', 'Facebook Tag API', 'Fancybox for WordPress', 'Fastly', 'GZIP Module', 'GitHub Hosting', 'Google', 'Google Analytics', 'Google My Business', 'Google Tag Manager', 'Lazy Load for WordPress', 'Microdata for Google Shopping', 'OpenAI', 'PHP', 'QUIC', 'StudioPress', 'Tailwind CSS', 'Theme In WP', 'UTF-8', 'Vector Internet Services', 'Vimeo', 'WPForms', 'WordPress', 'WordPress Multisite', 'WordPress Related Posts', 'Yelp Badge', 'jQuery', 'jsDelivr', 'reCAPTCHA']"
freespeechhistory.com,Clear and Present Danger - A Free Speech History Podcast,,AUS,82,67221,2026-09-12T23:23:03.71354174Z,"['AWS WAF Challenge', 'Alternate Protocol', 'Amazon Widgets', 'Apache', 'Apple Auto Link Maker', 'DAV', 'EmbedPress', 'Express', 'Fireblade', 'GZIP Module', 'Google Forms', 'Google My Business', 'Google Play', 'Microdata for Google Shopping', 'NFOrce Internet', 'PHP', 'Say what', 'SiteOrigin', 'SiteOrigin Panels', 'Sydney Theme', 'The Fresh', 'Theme In WP', 'Twitter Ads', 'UTF-8', 'University or College', 'Vantage', 'Vector Internet Services', 'WPForms', 'Woo Themes', 'WordPress', 'WordPress Multisite', 'YouTube', 'jQuery']"
rsmediaconsultancy.com,RS Media Consultancy OPC Private Limited,,IND,65,3309,2026-09-12T23:12:00.64888183Z,"['Alternate Protocol', 'Astra Theme', 'Cloudflare', 'DAV', 'Elementor', 'EmbedPress', 'GZIP Module', 'Google', 'Google Cloud CDN', 'Google Cloud DNS', 'Google Font API', 'LiteSpeed', 'Microdata for Google Shopping', 'PHP', 'QUIC', 'Schema Plugin', 'Smart Slider 3', 'Theme In WP', 'UTF-8', 'WPForms', 'Woo Themes', 'WordPress', 'WordPress Multisite', 'WordPress Related Posts', 'eLand', 'jQuery']"
chocosilo.ch,Association de Quartier Chocolaterie Silo,,,55,8201,2026-09-12T23:12:00.63545713Z,"['Alternate Protocol', 'Astra Theme', 'Cloudflare', 'Custom Facebook Feed', 'EmbedPress', 'Fireblade', 'Font Awesome', 'GenerateBlocks', 'GiveWP', 'Google Cloud DNS', 'Google Font API', 'InitiativeS', 'Instagram Follow Button', 'NFOrce Internet', 'Nginx', 'PHP', 'Photo Gallery for WordPress', 'QUIC', 'Theme In WP', 'UTF-8', 'Ultimate Addons for Gutenberg', 'WPForms', 'Woo Themes', 'WordPress', 'WordPress Multisite', 'WordPress Related Posts', 'jQuery']"
votec.net,Home - VOTEC Corporation,VOTEC Corporation,USA,77,4746,2026-09-12T23:12:00.633642647Z,"['Alternate Protocol', 'Apache', 'Beaver Builder Lite', 'Complianz', 'EmbedPress', 'Font Awesome', 'Fontello', 'Google Analytics', 'Google My Business', 'Google Related Website Sites', 'Google Tag Manager', 'IcoMoon', 'Microdata for Google Shopping', 'MonsterInsights', 'OpenSSL', 'Oracle Cloud', 'PHP', 'Schema Plugin', 'Site Kit', 'Theme In WP', 'UTF-8', 'WPForms', 'WordPress', 'WordPress Multisite', 'eLand', 'jQuery']"
nannyville-cu.com,"Nannyville, LLC : Champaign-Urbana Babysitting Service","Nannyville, LLC",,67,2737,2026-09-12T23:12:00.632647979Z,"['Alternate Protocol', 'Contact Form Plugin', 'Elementor', 'EmbedPress', 'GZIP Module', 'Google Cloud DNS', 'Google Font API', 'Instagram Follow Button', 'Jetpack', 'Microdata for Google Shopping', 'NFOrce Internet', 'Nginx', 'OceanWP', 'PHP', 'Table Addons for Elementor', 'Tailwind CSS', 'Theme In WP', 'UTF-8', 'WP Mobile Menu', 'WPForms', 'Woo Themes', 'WooCommerce Checkout', 'WordPress', 'WordPress Multisite', 'YouTube', 'jQuery']"
getgtsnow.com,Gannage Technology Services - Central Coast IT Services,Gannage Technology Services,AUS,77,19646,2026-09-12T23:12:00.629119215Z,"['AWS WAF Challenge', 'Alternate Protocol', 'Automattic', 'Better Lead Generation Services', 'Cloudflare', 'Cloudflare CDN', 'Content Delivery Network', 'EmbedPress', 'Google', 'Google My Business', 'Jetpack', 'Jetpack Site Accelerator', 'Microdata for Google Shopping', 'Nginx', 'PHP', 'QUIC', 'Tailwind CSS', 'Theme In WP', 'UTF-8', 'WPForms', 'WordPress', 'WordPress Multisite', 'WordPress Stats', 'jQuery', 'reCAPTCHA']"
fstravelguide.com,Home - fstravelguide.com,fstravelguide.com,USA,70,6780,2026-09-12T23:12:00.62691154Z,"['Alternate Protocol', 'Apache', 'Astra Theme', 'Elementor', 'EmbedPress', 'Fastly', 'GZIP Module', 'Google', 'Google Cloud CDN', 'Google Cloud DNS', 'Google Font API', 'Google Related Website Sites', 'HostGator', 'Microdata for Google Shopping', 'PHP', 'Theme In WP', 'WPForms', 'Woo Themes', 'WordPress', 'WordPress Multisite', 'WordPress Related Posts', 'jQuery']"
pharmahealth.in,"Home - Global Pharmaceutical Company, Top Pharma Companies - unitechpharmaceutical","Global Pharmaceutical Company, Top Pharma Companies - unitechpharmaceutical",IND,82,1083,2026-09-12T23:12:00.613283894Z,"['Alternate Protocol', 'Content Delivery Network', 'Elementor', 'EmbedPress', 'Google Cloud DNS', 'Google Font API', 'Header, Footer and Blocks for Elementor', 'LiteSpeed', 'Microdata for Google Shopping', 'OceanWP', 'PHP', 'Perl', 'QUIC', 'Schema Plugin', 'Sitelinks Search Box', 'Tailwind CSS', 'Theme In WP', 'UTF-8', 'WP Mobile Menu', 'WPForms', 'Woo Themes', 'WordPress', 'WordPress Multisite', 'jQuery']"
gauridigital.com,gauridigital.com,,IND,65,19674,2026-09-12T23:12:00.606165442Z,"['AWS WAF Challenge', 'Alternate Protocol', 'Apture Linking Platform', 'Cloudflare', 'Cloudflare CDN', 'Content Delivery Network', 'Elementor', 'ElementsKit Elementor', 'EmbedPress', 'Google', 'Google Analytics', 'Google Cloud DNS', 'Google Font API', 'Google My Business', 'Google Tag Manager', 'Hello Elementor', 'LiteSpeed', 'NFOrce Internet', 'PHP', 'Theme In WP', 'UTF-8', 'WPForms', 'WordPress', 'WordPress Multisite', 'jQuery']"
dekenbenjamin.com,Independent Insurance Agency | Union Bay Risk,Union Bay Risk Advisors LLC,USA,92,35087,2026-09-12T23:12:00.598046042Z,"['AWS WAF Challenge', 'Adult Content', 'Alternate Protocol', 'Apture Linking Platform', 'Cloudflare', 'Cloudflare CDN', 'Content Delivery Network', 'DAV', 'Elementor', 'EmbedPress', 'Fireblade', 'GoDaddy', 'Google', 'Google Analytics', 'Google Cloud DNS', 'Google Font API', 'Google My Business', 'Google Tag Manager', 'Harbor', 'Hello Elementor', 'Instagram Follow Button', 'LiteSpeed', 'Microdata for Google Shopping', 'Microsoft Clarity', 'NFOrce Internet', 'PHP', 'QUIC', 'Table Addons for Elementor', 'Theme In WP', 'UTF-8', 'WPForms', 'WordPress', 'WordPress Multisite', 'jQuery']"
aeronomicsllc.com,"Aeronomics LLC – Home Renovations, Bathroom and Kitchen Remodel - Aeronomics LLC",Aeronomics LLC,,72,4452,2026-09-12T23:12:00.597797658Z,"['Alternate Protocol', 'Contact Form Plugin', 'Content Delivery Network', 'Easy Pie Chart', 'Elementor', 'EmbedPress', 'GZIP Module', 'Genesis Blocks', 'Google Cloud DNS', 'Google Font API', 'IcoMoon', 'Instagram Feed for WordPress', 'Instagram Follow Button', 'Microdata for Google Shopping', 'NFOrce Internet', 'Nginx', 'PHP', 'QUIC', 'Qi Addons For Elementor', 'Slider Revolution', 'Table Addons for Elementor', 'The Events Calendar', 'Theme In WP', 'UTF-8', 'WP Engine', 'WPForms', 'WordPress', 'WordPress Multisite', 'YouTube', 'eLand', 'jQuery']"
medicaldigitals.eu,Healthcare Advertising Agency for HCPs & Patients | Medical Digitals,Medial digitals,NLD,92,36723,2026-09-12T22:58:05.642165651Z,"['AWS WAF Challenge', 'Alternate Protocol', 'Apollo IO', 'Apture Linking Platform', 'Better Lead Generation Services', 'CDN JS', 'Cloudflare', 'Cloudflare CDN', 'Content Delivery Network', 'CookieYes', 'ElementUI', 'EmbedPress', 'Facebook Conversion Tracking', 'Facebook Login', 'Facebook Messenger Platform', 'Facebook Pixel', 'Facebook Reseller', 'Facebook Tag API', 'FormSubmit', 'Google', 'Google Analytics', 'Google Cloud DNS', 'Google Font API', 'Google My Business', 'Google Related Website Sites', 'Google Tag Manager', 'HubSpot WordPress Plugin', 'IcoMoon', 'LottieFiles', 'Microdata for Google Shopping', 'No-Q', 'PHP', 'Tailwind CSS', 'Theme In WP', 'UTF-8', 'Vector Internet Services', 'WPForms', 'WhatsApp Sharing', 'WordPress', 'WordPress Multisite', 'jQuery', 'reCAPTCHA']"
b-contact.com,Call Center Services and Support - B-Contact,B-Contact,,72,978,2026-09-12T22:58:05.642540144Z,"['Alternate Protocol', 'Better Lead Generation Services', 'Cloudflare', 'Content Delivery Network', 'CookieYes', 'Corporate Governance and Regulatory Compliance', 'EmbedPress', 'Font Awesome', 'Google Cloud DNS', 'Google Font API', 'Instagram Follow Button', 'LiteSpeed', 'Microdata for Google Shopping', 'One Designs', 'OnePress', 'PHP', 'Perl', 'QUIC', 'Tailwind CSS', 'Theme In WP', 'Twitter Ads', 'UTF-8', 'WPForms', 'WordPress', 'WordPress Multisite', 'jQuery', 'shadcn ui']"
fulva.co.uk,Financial Strategist - Fulva Giust,The Giust Practice,,82,28145,2026-09-12T22:58:05.640353993Z,"['Alternate Protocol', 'Apache', 'Cloudflare', 'Content Delivery Network', 'CookieConsent', 'Divi', 'Elegant Themes', 'EmbedPress', 'GZIP Module', 'Google', 'Google Cloud CDN', 'Google Cloud DNS', 'Google Font API', 'K2F', 'Microdata for Google Shopping', 'PHP', 'Theme In WP', 'UTF-8', 'WPForms', 'Woo Themes', 'WordPress', 'WordPress Multisite', 'eLand', 'jQuery']"
oceanlinkenterprise.com,oceanlinkenterprise.com,,USA,65,35092,2026-09-12T22:48:55.92074619Z,"['AWS WAF Challenge', 'Alternate Protocol', 'Cloudflare', 'Cloudflare CDN', 'Content Delivery Network', 'Elementor', 'ElementsKit Elementor', 'EmbedPress', 'Fancybox for WordPress', 'Fireblade', 'Google', 'Google Cloud DNS', 'Google Font API', 'Google My Business', 'Gtranslate for Wordpress', 'Hello Elementor', 'LiteSpeed', 'NFOrce Internet', 'Nginx', 'PHP', 'QUIC', 'Theme In WP', 'UTF-8', 'WP Statistics', 'WPForms', 'Woo Themes', 'WooCommerce', 'WooCommerce Checkout', 'WordPress', 'WordPress Multisite', 'jQuery']"
globiartists.com,Globi Artists Export & Import – Leading Wooden Articles & Terracotta Jewellery Exporter Company From India,,IND,65,41585,2026-09-12T22:48:55.906657094Z,"['AWS WAF Challenge', 'Alternate Protocol', 'Apture Linking Platform', 'CCSI', 'CDN JS', 'Cloudflare', 'Cloudflare CDN', 'DAV', 'Elementor', 'ElementsKit Elementor', 'EmbedPress', 'Font Awesome', 'Google', 'Google My Business', 'Gtranslate for Wordpress', 'HappyAddons', 'Instagram Follow Button', 'Microdata for Google Shopping', 'NFOrce Internet', 'PHP', 'Premium Addons for Elementor', 'QUIC', 'Sassy Social Share', 'Schema Plugin', 'Sinatra', 'Smart Slider 3', 'Theme In WP', 'Twitter Ads', 'UTF-8', 'WPForms', 'WhatsApp Sharing', 'Woo Themes', 'WooCommerce', 'WooCommerce Checkout', 'WordPress', 'WordPress Multisite', 'eLand', 'jQuery', 'reCAPTCHA']"
womentraveller.com,Affordable Luxury Group Travel for Women | Vacation Travel,Women Traveller,IND,82,4948,2026-09-12T22:48:55.881426618Z,"['Alternate Protocol', 'Click to Chat for WhatsApp', 'Element Pack Lite', 'Elementor', 'EmbedPress', 'Essential Addons for Elementor', 'GZIP Module', 'Google Analytics', 'Google Cloud DNS', 'Google Font API', 'Google My Business', 'Google Related Website Sites', 'Google Tag Manager', 'Instagram Follow Button', 'Microdata for Google Shopping', 'NFOrce Internet', 'Nginx', 'OceanWP', 'PHP', 'Popup Maker for Wordpress', 'QUIC', 'Theme In WP', 'UTF-8', 'WP Logo Showcase', 'WP Mobile Menu', 'WP Rocket', 'WPForms', 'Woo Themes', 'WooCommerce Checkout', 'WordPress', 'WordPress Multisite', 'jQuery', 'reCAPTCHA']"
loveararat.org,No Violence Against Women,,,60,221,2026-09-12T22:48:55.877363142Z,"['Alternate Protocol', 'Cloudflare', 'Contact Form Plugin', 'Easy Pie Chart', 'Elementor', 'EmbedPress', 'Google', 'Google Analytics', 'Google Cloud DNS', 'Google Font API', 'Graphy', 'HubSpot WordPress Plugin', 'Instagram Follow Button', 'LiteSpeed', 'Microdata for Google Shopping', 'PHP', 'Soledad', 'Theme In WP', 'UTF-8', 'WPForms', 'Woo Themes', 'WordPress', 'WordPress Multisite', 'YouTube', 'bbPress', 'jQuery']"
outsourceleverage.com,Home - lead generation platform,outsouceleverage.com outsource leverage,IND,77,20860,2026-09-12T22:36:18.522683715Z,"['AWS WAF Challenge', 'Alternate Protocol', 'Better Lead Generation Services', 'Cloudflare', 'Cloudflare CDN', 'Elementor', 'ElementsKit Elementor', 'EmbedPress', 'Essential Addons for Elementor', 'Google', 'Google Analytics', 'Google Cloud DNS', 'Google Font API', 'Google My Business', 'Google Related Website Sites', 'Google Tag Manager', 'Header, Footer and Blocks for Elementor', 'Line2', 'Metform Elemento', 'Microdata for Google Shopping', 'NFOrce Internet', 'PHP', 'Pinterest Conversion Tracking', 'Premium Addons for Elementor', 'QUIC', 'Share Link', 'Site Kit', 'Theme In WP', 'UTF-8', 'WPForms', 'Woo Themes', 'WooCommerce', 'WooCommerce Checkout', 'WordPress', 'WordPress Multisite', 'jQuery']"
holmliablandakor.no,Holmlia Blandakor,,,50,332,2026-09-12T22:21:50.721500148Z,"['Alternate Protocol', 'Apache', 'Elementor', 'ElementsKit Elementor', 'EmbedPress', 'Essential Addons for Elementor', 'GZIP Module', 'Google', 'Google Cloud CDN', 'Google Cloud DNS', 'Google Font API', 'Instagram Follow Button', 'Newsletter for Wordpress', 'OceanWP', 'PHP', 'Sticky Header Effects for Elementor', 'Table Addons for Elementor', 'Theme In WP', 'UTF-8', 'WP Event Manager', 'WP Mobile Menu', 'WPForms', 'Woo Themes', 'WooCommerce Checkout', 'WordPress', 'WordPress Multisite', 'WordPress Related Posts', 'jQuery']"
bsight.org,Home - bsight.org,bsight.org,QAT,65,25715,2026-09-12T22:11:45.405679399Z,"['AWS WAF Challenge', 'Ajax Search Lite', 'Alternate Protocol', 'Aruba', 'Contact Form Plugin', 'Elegant Themes', 'EmbedPress', 'Facebook Conversion Tracking', 'Facebook Login', 'Facebook Messenger Platform', 'Facebook Pixel', 'Facebook Reseller', 'Facebook Tag API', 'Google', 'Google Cloud DNS', 'Google Customer Reviews', 'Google Font API', 'Google My Business', 'Instagram Follow Button', 'LearnDash', 'LiteSpeed', 'Microdata for Google Shopping', 'PHP', 'Popup Maker for Wordpress', 'QUIC', 'QuadLayers', 'Sassy Social Share', 'Sitelinks Search Box', 'Theme In WP', 'TrustIndex', 'Twenty Twenty', 'Twitter Ads', 'UTF-8', 'Vector Internet Services', 'WPForms', 'Woo Themes', 'WooCommerce', 'WooCommerce Checkout', 'WordPress', 'WordPress Multisite', 'YouTube', 'YouTube Advanced by Embed Plus', 'eLand', 'jQuery', 'qTranslate', 'reCAPTCHA']"
upliftjunction.org,"Uplift Junction - Global Christian network, stories and art",Uplift Junction,,72,2654,2026-09-12T22:11:45.375501515Z,"['Alternate Protocol', 'Blocksy', 'Cloudflare', 'EmbedPress', 'Express', 'GZIP Module', 'GiveWP', 'Google Cloud DNS', 'Google Font API', 'Google My Business', 'Google No Site Links Search', 'Gravity Forms', 'Gtranslate for Wordpress', 'Instagram Follow Button', 'Microdata for Google Shopping', 'Nginx', 'PHP', 'Stackable Page Builder Gutenberg Blocks', 'Theme In WP', 'UTF-8', 'WP Fastest Cache', 'WPForms', 'Woo Themes', 'WooCommerce', 'WooCommerce Checkout', 'WooCommerce Stripe Payment Gateway', 'WordPress', 'WordPress Multisite', 'reCAPTCHA']"
montessoristeppingstones.com,Montessori Stepping Stones | Macomb County Daycare and School | Infant–8th,,USA,82,4507,2026-09-12T21:59:23.539960212Z,"['Alternate Protocol', 'Apache', 'Cloudflare', 'Content Delivery Network', 'Divi', 'Elegant Themes', 'EmbedPress', 'GZIP Module', 'Google', 'Google Analytics', 'Google Cloud CDN', 'Google Cloud DNS', 'Google Font API', 'Google Maps', 'Google My Business', 'Google Tag Manager', 'Instagram Follow Button', 'Jetpack', 'Microdata for Google Shopping', 'Microsoft Clarity', 'Oddle', 'PHP', 'Prefix Free', 'Schema Plugin', 'The Events Calendar', 'Theme In WP', 'UTF-8', 'WPForms', 'WordPress', 'WordPress Multisite', 'YouTube', 'eLand', 'jQuery']"
mrslohcs.nl,Photography by Ruben Schols | Mr Slohcs Photography |,Mr Slohcs Photographhy,,52,102,2026-09-12T21:48:45.878053638Z,"['Alternate Protocol', 'Contact Form Plugin', 'Elementor', 'EmbedPress', 'Google Analytics', 'Google Cloud DNS', 'Google Font API', 'Google Tag Manager', 'Hello Elementor', 'Instagram Follow Button', 'Microdata for Google Shopping', 'Nginx', 'PHP', 'Photo Gallery for WordPress', 'Sitelinks Search Box', 'Twitter Ads', 'UTF-8', 'WPForms', 'WordPress', 'WordPress Multisite', 'jQuery']"
seo-in-glasgow.co.uk,Be Found. Local SEO in Glasgow from iZurch.,,GBR,77,1010,2026-09-12T21:48:45.878484898Z,"['501c3 Status Nonprofit', 'Alternate Protocol', 'Apache', 'Apture Linking Platform', 'Astra Theme', 'Cloudflare', 'CookieConsent', 'EmbedPress', 'GZIP Module', 'Google Analytics', 'Google Tag Manager', 'IcoMoon', 'Instagram Follow Button', 'LiteSpeed', 'Microdata for Google Shopping', 'PHP', 'QUIC', 'Tailwind CSS', 'Theme In WP', 'Twitter Ads', 'UTF-8', 'WPForms', 'WordPress', 'WordPress Multisite']"
fbrgroup.com,Insurance Solutions to Maximize Financial Success - FBR Group,FBR Group,,57,20809,2026-09-12T21:37:11.48352547Z,"['Akismet', 'Alternate Protocol', 'Amazon WAF Blocked', 'Apache', 'Apture Linking Platform', 'Contact Form Plugin', 'Contento', 'EmbedPress', 'Express', 'Financial Industry Regulatory Authority', 'Fireblade', 'GZIP Module', 'Google', 'Google Analytics', 'Google Cloud DNS', 'Google Font API', 'Google My Business', 'Google Tag Manager', 'Gravity Forms', 'Lazy Load for WordPress', 'Microdata for Google Shopping', 'PHP', 'Responsive Lightbox', 'Schema Plugin', 'SiteOrigin', 'SiteOrigin Panels', 'Subversion', 'UTF-8', 'Vantage', 'WP Lightbox 2', 'WP Rocket', 'WPForms', 'Wangsu', 'Woo Themes', 'WordPress', 'WordPress Multisite', 'eLand', 'reCAPTCHA']"
rewindemergencyservices.com,"Rewind Emergency Services – Water Damage Restoration Company in Orange County, CA",Rewind Emergency Services,USA,67,6746,2026-09-12T21:37:11.482670976Z,"['Alternate Protocol', 'Apache', 'Autoptimize', 'CoBlocks', 'CoreUI', 'EmbedPress', 'Fastly', 'GZIP Module', 'Google', 'Google Analytics', 'Google Cloud DNS', 'Google Font API', 'Google Tag Manager', 'Gravity Forms', 'KeyCDN', 'Microdata for Google Shopping', 'QUIC', 'Tailwind CSS', 'UTF-8', 'WPForms', 'WordPress', 'WordPress Multisite', 'Yelp Badge', 'shadcn ui']"
definedbenefitpartners.com,Defined Benefit Partners – Guaranteed Retirement Income,,,62,19410,2026-09-12T21:37:11.482305737Z,"['AWS WAF Challenge', 'Alternate Protocol', 'Apache', 'Automattic', 'Cloudflare', 'Cloudflare CDN', 'EmbedPress', 'GZIP Module', 'Google', 'Google Cloud DNS', 'Google Font API', 'Google My Business', 'Jetpack', 'PHP', 'Perl', 'StudioPress', 'Theme In WP', 'Twitter Ads', 'UTF-8', 'WPForms', 'WordPress', 'WordPress Multisite', 'WordPress Stats', 'jQuery']"
vocaleigh.co.uk,VocaLeigh,,GBR,75,3260,2026-09-12T21:37:11.472230296Z,"['Alternate Protocol', 'Apture Linking Platform', 'Astra Theme', 'Content Delivery Network', 'Elementor', 'EmbedPress', 'Express', 'Google', 'Google Cloud CDN', 'Google Cloud DNS', 'Google Font API', 'Header, Footer and Blocks for Elementor', 'LiteSpeed', 'PHP', 'QUIC', 'Theme In WP', 'Twitter Ads', 'UTF-8', 'WPForms', 'Woo Themes', 'WordPress', 'WordPress Multisite', 'WordPress Related Posts', 'YouTube', 'eLand', 'jQuery']"
skylighttransport.co.uk,Skylight Transport – Courier Services,,GBR,72,26232,2026-09-12T21:29:01.986083798Z,"['Alternate Protocol', 'Apache', 'Contact Form Plugin', 'Content Delivery Network', 'Contento', 'EmbedPress', 'GZIP Module', 'Google Cloud DNS', 'Google Font API', 'IcoMoon', 'Muffin Group', 'PHP', 'Parcel', 'QUIC', 'Slider Revolution', 'Theme In WP', 'UTF-8', 'Video PopUp for Wordpress', 'WPForms', 'Woo Themes', 'WordPress', 'WordPress Multisite', 'jQuery']"
albararyind.com,Home - Albarary Industries,albarary ind,JOR,82,5941,2026-09-12T21:29:01.972197647Z,"['Alternate Protocol', 'Apture Linking Platform', 'Contact Form Plugin', 'Content Delivery Network', 'Elementor', 'ElementsKit Elementor', 'EmbedPress', 'Facebook Conversion Tracking', 'Facebook Login', 'Facebook Messenger Platform', 'Facebook Pixel', 'Facebook Reseller', 'Facebook Tag API', 'FormSubmit', 'Google', 'Google Analytics', 'Google Cloud DNS', 'Google Font API', 'Google My Business', 'Google Tag Manager', 'Graphina', 'Header, Footer and Blocks for Elementor', 'Instagram Follow Button', 'LiteSpeed', 'Max Mega Menu', 'Max Mega Menu Pro', 'Microdata for Google Shopping', 'NFOrce Internet', 'Ntent', 'PHP', 'Polylang', 'Presto Player', 'Sign In With Google', 'Site Kit', 'Sitelinks Search Box', 'Slider Revolution', 'Theme In WP', 'TrustIndex', 'UTF-8', 'WPForms', 'Woo Themes', 'WooCommerce', 'WooCommerce Checkout', 'WordPress', 'WordPress Multisite', 'YouTube', 'jQuery', 'myStickymenu', 'xCharts']"
tavistockwoodturners.org,Home - Tavistock Turners & Carvers Club,,,65,70540,2026-09-12T21:29:01.97180204Z,"['AWS WAF Challenge', 'Alternate Protocol', 'CanvasJS', 'Cloudflare', 'Cloudflare CDN', 'CoBlocks', 'Content Delivery Network', 'Cornerstone', 'EmbedPress', 'GoDaddy', 'Google', 'Google My Business', 'IcoMoon', 'Microdata for Google Shopping', 'PHP', 'Perl', 'Pico CSS', 'QUIC', 'SMC', 'The Events Calendar', 'Theme In WP', 'Twenty Twenty-One', 'UTF-8', 'WPForms', 'Woo Themes', 'WooCommerce', 'WooCommerce Checkout', 'WordPress', 'WordPress Multisite', 'YouTube', 'hCaptcha', 'jQuery']"
30yarddumpsterrental.com,30 Yard Dumpster Rental - 30 Yard Dumpster Rental,30 Yard Dumpster Rental,,67,20466,2026-09-12T21:13:10.216258287Z,"['AWS WAF Challenge', 'Alternate Protocol', 'Apache', 'Astra Theme', 'Automattic', 'Better Lead Generation Services', 'Cloudflare', 'Cloudflare CDN', 'Elementor', 'EmbedPress', 'GZIP Module', 'GenerateBlocks', 'Google', 'Google Cloud DNS', 'Google Font API', 'Google Maps', 'Google My Business', 'Header, Footer and Blocks for Elementor', 'Jetpack', 'Microdata for Google Shopping', 'NFOrce Internet', 'PHP', 'QUIC', 'Theme In WP', 'UTF-8', 'Ultimate Addons for Gutenberg', 'WPForms', 'Woo Themes', 'WordPress', 'WordPress Multisite', 'WordPress Related Posts', 'WordPress Stats', 'jQuery']"
animalclinicofestillcounty.com,Best Vet Clinic In Irvine KY | Animal Clinic Of Estill County,,ITA,82,93324,2026-09-12T21:13:10.214042338Z,"['AWS WAF Challenge', 'Alternate Protocol', 'Cloudflare', 'Cloudflare CDN', 'Content Delivery Network', 'Divi', 'Elegant Themes', 'EmbedPress', 'Google', 'Google Analytics', 'Google Cloud CDN', 'Google Cloud DNS', 'Google Font API', 'Google My Business', 'Google Tag Manager', 'Microdata for Google Shopping', 'Monarch Social Sharing Plugin For WordPress', 'On The Map', 'PHP', 'PetDesk', 'QUIC', 'SMC', 'Sitelinks Search Box', 'Tailwind CSS', 'Thank You', 'Theme In WP', 'UTF-8', 'UserWay', 'WP Engine', 'WPForms', 'Woo Themes', 'WordPress', 'WordPress Multisite', 'jQuery', 'reCAPTCHA']"
thepalacedanbury.com,Performing Arts Center | Connecticut - The Palace Danbury,,USA,82,2888,2026-09-12T21:13:10.2045743Z,"['Alternate Protocol', 'Cloudflare', 'EmbedPress', 'GZIP Module', 'Google', 'Google Cloud CDN', 'Google Cloud DNS', 'Google Font API', 'Google My Business', 'Instagram Follow Button', 'Microdata for Google Shopping', 'MouseWheel Smooth Scroll', 'Nginx', 'PHP', 'Parcel', 'Telegram', 'Theme In WP', 'TicketSpice', 'UTF-8', 'WPForms', 'WordPress', 'WordPress Multisite', 'jQuery']"
opphubs.com,Home - Opportunity Hub,Opportunity Hub,BGD,82,20165,2026-09-12T21:13:10.199567926Z,"['AWS WAF Challenge', 'Alternate Protocol', 'Cloudflare', 'Cloudflare CDN', 'Content Delivery Network', 'ContentViews', 'Creative Mail by Constant Contact', 'Elementor', 'EmbedPress', 'Font Awesome', 'Google', 'Google Analytics', 'Google Cloud DNS', 'Google Font API', 'Google My Business', 'Google Tag Manager', 'Header, Footer and Blocks for Elementor', 'LiteSpeed', 'Microdata for Google Shopping', 'NFOrce Internet', 'One Designs', 'OnePress', 'PHP', 'QUIC', 'Theme In WP', 'UTF-8', 'University or College', 'WPForms', 'WordPress', 'WordPress Multisite', 'YouTube', 'jQuery', 'shadcn ui']"
centrefrancoplus.ca,Home - Centre Franco Plus,,USA,82,96557,2026-09-12T21:13:10.192276127Z,"['Alternate Protocol', 'Cloudflare', 'Contact Form Plugin', 'Contento', 'DAV', 'EmbedPress', 'Google Cloud DNS', 'Google Font API', 'Google No Site Links Search', 'IcoMoon', 'KVH', 'Microdata for Google Shopping', 'Muffin Group', 'Nginx', 'No-Q', 'PHP', 'QUIC', 'SMC', 'Slider Revolution', 'Subversion', 'Theme In WP', 'UTF-8', 'Unsplash', 'WPForms', 'Woo Themes', 'WordPress', 'WordPress Multisite', 'jQuery']"
naamhur.com,naamhur - Ecommerce website for a brand,naamhur,BGD,77,3436,2026-09-12T21:13:10.190166038Z,"['Alternate Protocol', 'Astra Theme', 'Content Delivery Network', 'Elementor', 'ElementsKit Elementor', 'EmbedPress', 'Facebook Conversion Tracking', 'Facebook Login', 'Facebook Messenger Platform', 'Facebook Pixel', 'Facebook Reseller', 'Facebook Tag API', 'Google', 'Google Cloud CDN', 'Google Cloud DNS', 'Google Customer Reviews', 'Google Font API', 'Instagram Follow Button', 'LiteSpeed', 'Microdata for Google Shopping', 'PHP', 'QUIC', 'Sitelinks Search Box', 'Theme In WP', 'Twitter Ads', 'UTF-8', 'WPForms', 'WhatsApp Sharing', 'Woo Themes', 'WooCommerce', 'WooCommerce Checkout', 'WooLentor', 'WordPress', 'WordPress Multisite', 'WordPress Related Posts', 'YouTube', 'jQuery']"
justinandluke.com,Justin & Luke | Medical Practice Growth Experts,Justin & Luke,ESP,82,42707,2026-09-12T21:13:10.189604422Z,"['AWS WAF Challenge', 'Alternate Protocol', 'Amazon WAF Blocked', 'Anti-spam for WordPress', 'Apple Auto Link Maker', 'Apture Linking Platform', 'Beaver Builder Lite', 'CleanTalk Spam Protect', 'Cloudflare', 'Cloudflare CDN', 'Content Delivery Network', 'DuracellTomi Google Tag Manager for WordPress', 'EmbedPress', 'Fireblade', 'Google', 'Google Analytics', 'Google Cloud CDN', 'Google My Business', 'Google Tag Manager', 'Instagram Follow Button', 'Lazy Load for WordPress', 'Microdata for Google Shopping', 'PHP', 'Prospective', 'Schema Plugin', 'Sitelinks Search Box', 'The SEO Framework', 'UTF-8', 'WP Rocket', 'WPForms', 'WordPress', 'WordPress Multisite', 'YouTube', 'hCaptcha', 'reCAPTCHA']"
thecoupleacademy.com,The Couples Academy | Online Counseling in California,,,82,20545,2026-09-12T21:03:53.325664276Z,"['AWS WAF Challenge', 'Alternate Protocol', 'Cloudflare', 'Cloudflare CDN', 'Content Delivery Network', 'Divi', 'Elegant Themes', 'EmbedPress', 'Fastly', 'GZIP Module', 'Google', 'Google Analytics', 'Google Cloud DNS', 'Google Font API', 'Google My Business', 'Google Tag Manager', 'Instagram Follow Button', 'Microdata for Google Shopping', 'PHP', 'Theme In WP', 'UTF-8', 'WPForms', 'Woo Themes', 'WordPress', 'WordPress Multisite', 'jQuery']"
dropdripa.ca,DROP DRIPA,,AUS,65,18048,2026-09-12T21:03:53.324286239Z,"['AWS WAF Challenge', 'Alternate Protocol', 'Aruba', 'Cloudflare', 'Cloudflare CDN', 'EmbedPress', 'Google', 'Google My Business', 'PHP', 'Theme In WP', 'UTF-8', 'WPForms', 'WordPress', 'WordPress Multisite', 'eLand', 'jQuery']"
procraftconcreteconstruction1.com,"Cincinnati Concrete Driveways, Stamped Patios, and More",Procraft Concrete Construction,USA,77,5430,2026-09-12T21:03:53.322839848Z,"['Alternate Protocol', 'DAV', 'Elementor', 'ElementsKit Elementor', 'EmbedPress', 'Google', 'Google Analytics', 'Google Cloud CDN', 'Google Cloud DNS', 'Google Font API', 'Google Maps', 'Google My Business', 'Google Tag Manager', 'Gravity', 'Hello Elementor', 'IcoMoon', 'Microdata for Google Shopping', 'Ntent', 'PHP', 'Perl', 'QUIC', 'Table Addons for Elementor', 'Theme In WP', 'TrustIndex', 'UTF-8', 'WPForms', 'WordPress', 'WordPress Multisite', 'Yelp Badge', 'eLand', 'jQuery', 'reCAPTCHA']"
plattelakeveterinaryclinic.com,"Best Vet Hospital In Honor, MI | Platte Lake Vet",Platte Lake Veterinary Clinic,USA,82,75072,2026-09-12T21:03:53.310007342Z,"['AWS WAF Challenge', 'Alternate Protocol', 'Cloudflare', 'Cloudflare CDN', 'Content Delivery Network', 'DAV', 'Divi', 'Elegant Themes', 'EmbedPress', 'Google', 'Google Analytics', 'Google Cloud CDN', 'Google Cloud DNS', 'Google Font API', 'Google My Business', 'Google Related Website Sites', 'Google Tag Manager', 'Microdata for Google Shopping', 'Monarch Social Sharing Plugin For WordPress', 'PHP', 'PetDesk', 'Plausible Analytics', 'SMC', 'Sitelinks Search Box', 'Tailwind CSS', 'Thank You', 'Theme In WP', 'UTF-8', 'UserWay', 'WP Engine', 'WPForms', 'Woo Themes', 'WordPress', 'WordPress Multisite', 'eLand', 'jQuery']"
forwardsolutions.sn,Forward Solutions – Forward Solutions,,SEN,65,19007,2026-09-12T21:03:53.306000201Z,"['AWS WAF Challenge', 'Alternate Protocol', 'Apache', 'Astra Theme', 'Automattic', 'Elementor', 'EmbedPress', 'Essential Addons for Elementor', 'GZIP Module', 'Google', 'Google Cloud CDN', 'Google Cloud DNS', 'Google Font API', 'Jetpack', 'PHP', 'Theme In WP', 'UTF-8', 'WPForms', 'WPML Multilingual', 'Woo Themes', 'WordPress', 'WordPress Multisite', 'WordPress Related Posts', 'WordPress Stats', 'jQuery']"
killer-innovations.com,Killer Innovations,,USA,87,111728,2026-09-12T21:03:53.296471146Z,"['AWS WAF Challenge', 'Adult Content', 'Age Gate', 'Alternate Protocol', 'Amazon WAF Blocked', 'Anti-spam for WordPress', 'Apture Linking Platform', 'Cart.com', 'CleanTalk Spam Protect', 'Cloudflare', 'Content Delivery Network', 'Elementor', 'EmbedPress', 'Fireblade', 'Google', 'Google Analytics', 'Google Cloud DNS', 'Google Font API', 'Google Tag Manager', 'IcoMoon', 'Instagram Follow Button', 'NFOrce Internet', 'PHP', 'QUIC', 'Shoptimizer', 'Smart Coupons for WooCommerce', 'Tailwind CSS', 'The Events Calendar', 'Theme In WP', 'UTF-8', 'WPForms', 'Woo Themes', 'WooCommerce', 'WooCommerce Checkout', 'WooCommerce Waitlist Pro', 'WordPress', 'WordPress Multisite', 'YouTube', 'cstate', 'jQuery']"
relationshipsrelearned.com,Relationships Relearned,,,72,19492,2026-09-12T21:03:53.295968859Z,"['AWS WAF Challenge', 'Alternate Protocol', 'Contact Form Plugin', 'Content Delivery Network', 'DAV', 'EmbedPress', 'Essential Grid', 'GZIP Module', 'Google', 'Google Analytics', 'Google Cloud CDN', 'Google Cloud DNS', 'Google Font API', 'Google My Business', 'Google Related Website Sites', 'Google Tag Manager', 'Gravity', 'IcoMoon', 'Jetpack', 'Nginx', 'PHP', 'Slider Revolution', 'Twitter Ads', 'UTF-8', 'WPForms', 'WordPress', 'WordPress Multisite', 'WordPress Stats', 'jQuery']"
secepcareers.net,SECEP Teaching Careers & Educators Training,,USA,82,20975,2026-09-12T21:03:53.284444835Z,"['AWS WAF Challenge', 'Alternate Protocol', 'Apture Linking Platform', 'CDN JS', 'Cloudflare', 'Cloudflare CDN', 'Contact Form Plugin', 'Content Delivery Network', 'EmbedPress', 'Google', 'Google Analytics', 'Google Cloud CDN', 'Google Cloud DNS', 'Google Font API', 'Google My Business', 'Google Tag Manager', 'Gravity Forms', 'IcoMoon', 'Instagram Follow Button', 'Microdata for Google Shopping', 'PHP', 'Slider Revolution', 'Theme In WP', 'UTF-8', 'WP Engine', 'WPBakery', 'WPForms', 'WordPress', 'WordPress Multisite', 'jQuery', 'reCAPTCHA']"
dselectricsystemsinc.ca,DS Electric Systems Inc. - DS Electric Systems Inc,,CAN,92,34233,2026-09-12T21:03:53.279073458Z,"['AWS WAF Challenge', 'Alternate Protocol', 'Better Lead Generation Services', 'Cloudflare', 'Cloudflare CDN', 'CoBlocks', 'Content Delivery Network', 'DAV', 'Divi', 'Elegant Themes', 'EmbedPress', 'GoDaddy', 'Google', 'Google Analytics', 'Google Cloud DNS', 'Google Customer Reviews', 'Google Font API', 'Google My Business', 'Google Tag Manager', 'Microdata for Google Shopping', 'Ntent', 'PHP', 'Sitelinks Search Box', 'Theme In WP', 'TrustIndex', 'UTF-8', 'WPForms', 'Wangsu', 'Woo Themes', 'WordPress', 'WordPress Multisite', 'jQuery']"
ealbersphotography.com,ELIZABETH ALBERS PHOTOGRAPHY - Elizabeth Albers,,GBR,75,45655,2026-09-12T21:03:53.258500102Z,"['AWS WAF Challenge', 'Alternate Protocol', 'Automattic', 'BatCache', 'Cloudflare', 'Cloudflare CDN', 'Content Delivery Network', 'Custom Facebook Feed', 'EmbedPress', 'Fastly', 'Font Awesome', 'Google', 'Google My Business', 'HMDG', 'Instagram Follow Button', 'Jetpack', 'Jetpack Site Accelerator', 'MaxCDN', 'Meta Slider for WordPress', 'Nginx', 'Oddle', 'PHP', 'Simple Social Icons', 'Sitelinks Search Box', 'StudioPress', 'Theme In WP', 'Twitter Ads', 'UTF-8', 'WPForms', 'WordPress', 'WordPress Multisite', 'WordPress Stats', 'jQuery']"
gyandatrust.in,Gyanda Bharti – Empowering Young Minds,,IND,87,5444,2026-09-12T20:51:04.332574037Z,"['Alternate Protocol', 'Automattic', 'BatCache', 'Content Delivery Network', 'Elementor', 'EmbedPress', 'Essential Addons for Elementor', 'Express', 'Fastly', 'InitiativeS', 'Jetpack', 'Jetpack Site Accelerator', 'NFOrce Internet', 'Nginx', 'OceanWP', 'QUIC', 'Table Addons for Elementor', 'The Post Grid', 'UTF-8', 'WPForms', 'Woo Themes', 'WooCommerce Checkout', 'WordPress', 'WordPress Multisite', 'WordPress Stats', 'jQuery']"
bethel-pharmacy.com,Bethel Pharmacy,Bethel Pharmacy,,67,56198,2026-09-12T20:51:04.307098742Z,"['AWS WAF Challenge', 'Alternate Protocol', 'Amazon CloudFront', 'Cisco/Arrowpoint Content Service Switch', 'CloudFront', 'Cloudflare', 'Contact Form Plugin', 'Content Delivery Network', 'Ecwid Ecommerce Shopping Cart', 'Elementor', 'ElementsKit Elementor', 'EmbedPress', 'GoDaddy', 'Google Analytics', 'Google Cloud DNS', 'Google Font API', 'Google Related Website Sites', 'Google Tag Manager', 'Header, Footer and Blocks for Elementor', 'Instagram Follow Button', 'Jeg Elementor Kit', 'KVH', 'Klaviyo', 'Klaviyo for WordPress', 'MailMunch', 'MailPoet', 'Metform Elemento', 'Microdata for Google Shopping', 'NFOrce Internet', 'OceanWP', 'PHP', 'RM Education', 'Schema Plugin', 'Simple Banner for Wordpress', 'Sitelinks Search Box', 'Table Addons for Elementor', 'Theme In WP', 'Typeform', 'UPS', 'UTF-8', 'WP Mobile Menu', 'WPForms', 'Woo Themes', 'WooCommerce Checkout', 'WordPress', 'WordPress Multisite', 'jQuery']"
specialteamscoaching.com,Home - Special Teams Coaching,,,60,781,2026-09-12T20:51:04.306325097Z,"['AWS WAF Challenge', 'Alternate Protocol', 'Cloudflare', 'Cloudflare CDN', 'Creative Mail by Constant Contact', 'EmbedPress', 'Express', 'GZIP Module', 'GetResponse', 'Google', 'Google Cloud DNS', 'Google Cloud Storage', 'Google Font API', 'Google Maps', 'Google My Business', 'Instagram Follow Button', 'Jetpack', 'Microdata for Google Shopping', 'Nginx', 'PHP', 'Theme In WP', 'Twitter Ads', 'UTF-8', 'University or College', 'Unsplash', 'WPForms', 'WebsiteBuilder', 'Woo Themes', 'WordPress', 'WordPress Multisite', 'WordPress Stats', 'jQuery', 'reCAPTCHA']"
abscommercialsolutions.co.uk,Home - ABS,ABS,,70,18684,2026-09-12T20:51:04.301354138Z,"['AWS WAF Challenge', 'Alternate Protocol', 'Cloudflare', 'Content Delivery Network', 'EWWW Image Optimizer', 'Elementor', 'EmbedPress', 'Google Analytics', 'Google Tag Manager', 'JetElements', 'Microdata for Google Shopping', 'NFOrce Internet', 'OceanWP', 'PHP', 'Pixelmate', 'Table Addons for Elementor', 'Theme In WP', 'UTF-8', 'Vue.js', 'WP Engine', 'WPForms', 'Woo Themes', 'WooCommerce Checkout', 'WordPress', 'WordPress Multisite', 'jQuery']"
cicconewellness.com,Ciccone Wellness and Weight Loss Center,Ciccone Family Chiropractic and Wellness Center,USA,82,6294,2026-09-12T20:51:04.271643454Z,"['Akismet', 'Alternate Protocol', 'Astra Theme', 'Blog Designer Pack', 'Cloudflare', 'Contact Form Plugin', 'Content Delivery Network', 'Elementor', 'EmbedPress', 'EmbedSocial', 'Essential Addons for Elementor', 'Facebook Conversion Tracking', 'Facebook Login', 'Facebook Messenger Platform', 'Facebook Pixel', 'Facebook Reseller', 'Facebook Tag API', 'Fullscript', 'GoDaddy', 'Google Analytics', 'Google Cloud DNS', 'Google Customer Reviews', 'Google Font API', 'Google My Business', 'Google Related Website Sites', 'Google Tag Manager', 'Gravity', 'Header, Footer and Blocks for Elementor', 'Instagram Follow Button', 'Microdata for Google Shopping', 'Modern Events Calendar Lite', 'NFOrce Internet', 'PHP', 'Perl', 'PixelYourSite', 'Popup Maker for Wordpress', 'Post Grid', 'QUIC', 'Strong Testimonials', 'Theme In WP', 'To Top', 'UTF-8', 'Vimeo', 'WPForms', 'Woo Themes', 'WordPress', 'WordPress Multisite', 'WordPress Related Posts', 'Yelp Badge', 'YouTube', 'jQuery', 'reCAPTCHA']"
gpvlresort.com,Garden Poolside Villa Lagonissi | Rent a villa in Lagonissi,,USA,77,20440,2026-09-12T20:51:04.265850557Z,"['AWS WAF Challenge', 'Alternate Protocol', 'Cloudflare', 'Cloudflare CDN', 'Cybot', 'Elementor', 'EmbedPress', 'Essential Addons for Elementor', 'Express', 'Google', 'Google Analytics', 'Google Cloud CDN', 'Google Cloud DNS', 'Google Font API', 'Google My Business', 'Google Tag Manager', 'Microdata for Google Shopping', 'NFOrce Internet', 'Nginx', 'PHP', 'Parallels Plesk Panel', 'Sitelinks Search Box', 'Slider Revolution', 'Theme In WP', 'UTF-8', 'WPForms', 'Woo Themes', 'WooCommerce', 'WooCommerce Checkout', 'WordPress', 'WordPress Multisite', 'jQuery']"
aseavilla.gr,Asea Villa Rethymno Crete - Luxury Villa,Luxury Villa,,45,1694,2026-09-12T20:51:04.261363188Z,"['AWS WAF Challenge', 'Alternate Protocol', 'Apture Linking Platform', 'Astra Theme', 'Cloudflare', 'Cloudflare CDN', 'Elementor', 'EmbedPress', 'Ethy', 'Fancybox for WordPress', 'Google', 'Google Analytics', 'Google Cloud DNS', 'Google Font API', 'Google My Business', 'Google Tag Manager', 'Microdata for Google Shopping', 'NFOrce Internet', 'Nginx', 'PHP', 'Parallels Plesk Panel', 'Prime Slide for Elementor', 'QUIC', 'Table Addons for Elementor', 'Theme In WP', 'UTF-8', 'WPForms', 'WPML Multilingual', 'WordPress', 'WordPress Multisite', 'jQuery']"
bwptravel.com,Home - BWP Travel,BWP Travel,,72,21475,2026-09-12T20:38:50.779773313Z,"['AWS WAF Challenge', 'Alternate Protocol', 'Calendly', 'Cloudflare', 'Cloudflare CDN', 'Content Delivery Network', 'ConvertKit for Wordpress', 'Elementor', 'EmbedPress', 'Google', 'Google Analytics', 'Google Cloud DNS', 'Google Font API', 'Google My Business', 'Google Tag Manager', 'IcoMoon', 'Instagram Follow Button', 'LiteSpeed', 'Microdata for Google Shopping', 'NFOrce Internet', 'Newsletter for Wordpress', 'OceanWP', 'PDF Embedder for Wordpress', 'PHP', 'QUIC', 'RankMath', 'Sitelinks Search Box', 'Social Warfare', 'Tailwind CSS', 'Theme In WP', 'Twitter Ads', 'UTF-8', 'Ultimate Blocks', 'WP Mobile Menu', 'WPForms', 'Woo Themes', 'WooCommerce Checkout', 'WordPress', 'WordPress Multisite', 'jQuery']"
houghtonplanning.co.uk,Planning Consultant in Scotland - Houghton Planning,,,67,3037,2026-09-12T20:38:50.760764508Z,"['Alternate Protocol', 'Apache', 'EmbedPress', 'Fastly', 'GZIP Module', 'Google Cloud DNS', 'Google Font API', 'Microdata for Google Shopping', 'Oxygen', 'Oxygen Builder', 'Twenty Twenty', 'UTF-8', 'WPForms', 'WordPress', 'WordPress Multisite', 'jQuery']"
directfundingnaw.com,Direct Funding Now,,USA,60,3748,2026-09-12T20:28:00.015688315Z,"['Alternate Protocol', 'CDN JS', 'Cloudflare', 'Cloudflare CDN', 'Content Delivery Network', 'Elementor', 'ElementsKit Elementor', 'EmbedPress', 'GoDaddy', 'Hello Elementor', 'NFOrce Internet', 'QUIC', 'UTF-8', 'Unlimited Elements For Elementor', 'WPForms', 'Wangsu', 'WordPress', 'WordPress Multisite', 'jQuery']"
aleniandnoah.com,Aleni and Noah General Trading & Construction Company,,UGA,65,19810,2026-09-12T20:28:00.008530333Z,"['AWS WAF Challenge', 'Alternate Protocol', 'Astra Theme', 'Cloudflare', 'Cloudflare CDN', 'Elementor', 'EmbedPress', 'Essential Addons for Elementor', 'Google', 'Google Cloud DNS', 'Google Font API', 'Google My Business', 'LiteSpeed', 'NFOrce Internet', 'PHP', 'QUIC', 'Theme In WP', 'UTF-8', 'WPForms', 'Woo Themes', 'WordPress', 'WordPress Multisite', 'WordPress Related Posts', 'jQuery']"
inhousemarketinggroup.com,Inhouse Marketing,,USA,65,19597,2026-09-12T20:27:59.981755139Z,"['AWS WAF Challenge', 'Alternate Protocol', 'Apache', 'Cloudflare', 'Cloudflare CDN', 'Elementor', 'EmbedPress', 'Essential Addons for Elementor', 'GZIP Module', 'Google', 'Google My Business', 'Hello Elementor', 'NFOrce Internet', 'PHP', 'QUIC', 'Theme In WP', 'UTF-8', 'WPForms', 'WordPress', 'WordPress Multisite', 'jQuery']"
