domain,title,business_name,country,seo_score,tech_spend,crawled_at,technologies
royaljawcrusher.com,Crushing Machine Manufacturer | Crusher Machine Manufacturer in Gujarat,Royal Engineering,IND,82,2196,2026-09-13T11:22:15.57392378Z,"['Add to Any', 'Alternate Protocol', 'Content Delivery Network', 'EmbedPress', 'GZIP Module', 'Google Analytics', 'Google Related Website Sites', 'Google Tag Manager', 'IcoMoon', 'Lazy Load for WordPress', 'Microdata for Google Shopping', 'Microsoft Clarity', 'Nginx', 'PHP', 'Parallels Plesk Panel', 'Theme In WP', 'Twitter Ads', 'UTF-8', 'Visual Composer Ultimate Addons', 'WPBakery', 'WhatsApp Sharing', 'Woo Themes', 'WordPress', 'WordPress Multisite', 'WordPress Related Posts', 'Zopim', 'jQuery']"
nasvitime.cz,"Plastic flooring, LED lighting and acoustic wall panels | NASVITIME.CZ – Blansko",,CZE,82,4215,2026-09-13T11:22:15.573359269Z,"['Alibaba Cloud CDN', 'Alternate Protocol', 'Apache', 'Cybot', 'DuracellTomi Google Tag Manager for WordPress', 'Elementor', 'EmbedPress', 'GZIP Module', 'Google Analytics', 'Google My Business', 'Google Related Website Sites', 'Google Tag Manager', 'Hello Elementor', 'Instagram Follow Button', 'JetElements', 'Microdata for Google Shopping', 'NFOrce Internet', 'PHP', 'Polylang', 'QUIC', 'Sitelinks Search Box', 'Theme In WP', 'UTF-8', 'Vue.js', 'WordPress', 'WordPress Multisite', 'YouTube', 'jQuery', 'reCAPTCHA']"
novuswebstudio.com,Novus Web Studio,,,67,3320,2026-09-13T11:22:15.573269424Z,"['Astro', 'Better Lead Generation Services', 'Calendly', 'Content Delivery Network', 'Google', 'Google Analytics', 'Google Cloud CDN', 'Google Tag Manager', 'Heroku', 'Netlify', 'PWA', 'Tailwind CSS', 'UTF-8', 'Web Studio', 'shadcn ui']"
jdrivingschool.com,"J Driving School Milton | MTO Approved | Milton, Oakville, Mississauga and nearby areas",,CAN,82,38993,2026-09-13T11:22:15.573497046Z,"['AWS WAF Challenge', 'Alternate Protocol', 'AutoComplete', 'Content Delivery Network', 'Elementor', 'EmbedPress', 'Font Awesome', 'Google Analytics', 'Google Cloud DNS', 'Google Font API', 'Google My Business', 'Google Related Website Sites', 'Google Tag Manager', 'IcoMoon', 'Instagram Follow Button', 'KVH', 'LiteSpeed', 'Microdata for Google Shopping', 'NFOrce Internet', 'No-Q', 'Ntent', 'PHP', 'QUIC', 'Sign In With Google', 'Tailwind CSS', 'Theme In WP', 'TrustIndex', 'UTF-8', 'WordPress', 'WordPress Multisite', 'jQuery']"
nallikaribb.fi,Oulun ensimmäinen Bakery & Bistro,,,47,60,2026-09-13T11:22:15.572751193Z,"['GZIP Module', 'Google', 'Google Analytics', 'Google Cloud CDN', 'Instagram Follow Button', 'Nginx', 'Tailwind CSS', 'UTF-8']"
homely.mx,Homely - Limpieza profesional,,MEX,72,127257,2026-09-13T11:22:15.570930551Z,"['34SP.com', 'Azion', 'Cloudflare', 'Cloudflare CDN', 'Cloudflare Web Analytics', 'Content Delivery Network', 'DAV', 'Federal Deposit Insurance Corporation', 'Financial Services Guide', 'Fireblade', 'Google Analytics', 'Google Tag Manager', 'Instagram Follow Button', 'K2F', 'KVH', 'Netlify', 'Next.js', 'No-Q', 'Ntent', 'Paessler', 'Pleroma', 'RM Education', 'RawGit', 'SMC', 'Subversion', 'Tailwind CSS', 'Typeform', 'UTF-8', 'Visx', 'YouTube']"
nowclinicsa.org,Home - New Opportunities for Wellness Clinic,,USA,80,16766,2026-09-13T11:22:15.56901086Z,"['AJAX Libraries API', 'AWS WAF Challenge', 'Alternate Protocol', 'Cloudflare', 'Content Delivery Network', 'DuracellTomi Google Tag Manager for WordPress', 'EmbedPress', 'Font Awesome', 'FooBox', 'Formidable Pro Form', 'FreeCSSTemplates', 'Google Analytics', 'Google Cloud DNS', 'Google Font API', 'Google Tag Manager', 'Meta Slider for WordPress', 'Microdata for Google Shopping', 'PHP', 'TablePress', 'Tailwind CSS', 'Theme In WP', 'UTF-8', 'University or College', 'WP Engine', 'WPBakery', 'WordPress', 'WordPress Multisite', 'jQuery']"
enoughfinancialcoaching.com,"Financial Coaching | Enough Financial Coaching, LLC",Enough Financial Coaching,,72,18148,2026-09-13T11:22:15.569176979Z,"['AWS WAF Challenge', 'Alternate Protocol', 'Cloudflare', 'Cloudflare CDN', 'Creative Mail by Constant Contact', 'EmbedPress', 'Financial Services Guide', 'GZIP Module', 'Google', 'Google Analytics', 'Google Cloud DNS', 'Google Font API', 'Google My Business', 'Google Tag Manager', 'Jetpack', 'Microdata for Google Shopping', 'Nginx', 'UTF-8', 'Woo Themes', 'WordPress', 'WordPress Multisite', 'WordPress Stats', 'jQuery', 'shadcn ui']"
ingridnixon.com,"Storytelling, Performance - Ingrid Nixon, Storyteller",,,77,25720,2026-09-13T11:22:15.568597526Z,"['GitHub Hosting', 'GoDaddy', 'Google', 'Google Analytics', 'Google Cloud DNS', 'Google Font API', 'Google My Business', 'Google Tag Manager', 'Instagram Follow Button', 'PWA', 'QUIC', 'RM Education', 'UTF-8', 'University or College', 'Wangsu', 'Website Tonight', 'WordPress', 'YouTube']"
ano-phone.com,Secure Encrypted Smartphone + Private VPN - ANO-PHONE,,SGP,75,42564,2026-09-13T11:22:15.568900322Z,"['Alternate Protocol', 'Cloudflare', 'Cloudflare CDN', 'Cloudflare Web Analytics', 'Contento', 'EmbedPress', 'Fireblade', 'Google Adsense', 'Google Analytics', 'Google Funding Choices', 'Google Matched Content', 'Google Reseller', 'Google Tag Manager', 'IcoMoon', 'LiveChat', 'LiveChat Monitoring', 'Microdata for Google Shopping', 'PHP', 'QUIC', 'Subversion', 'Tawk', 'Theme In WP', 'UTF-8', 'WP Super Cache', 'Woo Themes', 'WooCommerce', 'WooCommerce Checkout', 'WordPress', 'WordPress Multisite', 'jQuery']"
hailateatru.com,hailateatru.com -,,USA,70,418,2026-09-13T11:22:15.567314363Z,"['Alternate Protocol', 'Apture Linking Platform', 'Cloudflare', 'Cloudflare CDN', 'DAV', 'EmbedPress', 'Facebook Conversion Tracking', 'Facebook Login', 'Facebook Messenger Platform', 'Facebook Pixel', 'Facebook Reseller', 'Facebook Tag API', 'Google Analytics', 'Google Cloud DNS', 'Google Font API', 'Google My Business', 'Instagram Follow Button', 'MonsterInsights', 'PHP', 'Polylang', 'Sassy Social Share', 'Sitelinks Search Box', 'Theme In WP', 'Twitter Ads', 'UTF-8', 'WordPress', 'WordPress Multisite', 'jQuery']"
3branch.com,3branch | The #1 Supplier in Library Furniture & Organizers,3Branch,,82,35511,2026-09-13T11:22:15.566072834Z,"['AWS WAF Challenge', 'Alternate Protocol', 'Amazon WAF Blocked', 'Anti-spam for WordPress', 'Aruba', 'CleanTalk Spam Protect', 'Cloudflare', 'Cloudflare Web Analytics', 'Content Delivery Network', 'Elementor', 'EmbedPress', 'Essential Addons for Elementor', 'Fireblade', 'Google Analytics', 'Google My Business', 'Google Related Website Sites', 'Google Tag Manager', 'Gravity', 'Gravity Forms', 'Hello Elementor', 'Instagram Follow Button', 'Lazy Load for WordPress', 'Microdata for Google Shopping', 'NFOrce Internet', 'Table Addons for Elementor', 'UTF-8', 'WP Engine', 'WP Rocket', 'Woo Themes', 'WooCommerce', 'WooCommerce Checkout', 'WordPress', 'WordPress Multisite', 'eLand', 'jQuery', 'reCAPTCHA']"
mollystore.si,Home - Zuni,,CHL,72,19306,2026-09-13T11:22:15.562472199Z,"['AWS WAF Challenge', 'Alternate Protocol', 'Cloudflare', 'Cloudflare CDN', 'Contact Form Plugin', 'DuracellTomi Google Tag Manager for WordPress', 'Elementor', 'EmbedPress', 'Google', 'Google Analytics', 'Google Cloud CDN', 'Google Cloud DNS', 'Google Font API', 'Google My Business', 'Google Tag Manager', 'Instagram Follow Button', 'LiteSpeed', 'Microdata for Google Shopping', 'NFOrce Internet', 'PHP', 'QUIC', 'Sitelinks Search Box', 'Slider Revolution', 'Theme In WP', 'UTF-8', 'Woo Themes', 'WooCommerce', 'WooCommerce Checkout', 'WordPress', 'WordPress Multisite', 'jQuery']"
maskovanie.sk,Global Mask | Vysokoteplotné maskovanie,,,62,547,2026-09-13T11:22:15.561321496Z,"['Bulma', 'Google Analytics', 'Google Cloud DNS', 'Google Font API', 'Google Tag Manager', 'IcoMoon', 'OpenResty', 'Slider Revolution', 'Tailwind CSS', 'jQuery']"
wtga.us,WTGA - WATERTODAY GEORGIA,,USA,77,20640,2026-09-13T11:22:15.56143091Z,"['AWS WAF Challenge', 'DAV', 'Ethy', 'Express', 'Google Analytics', 'Google Tag Manager', 'Investor Relations', 'Microsoft Azure', 'Microsoft IIS', 'NFOrce Internet', 'Visual Studio']"
wabanareacouncil.com,Waban Area Council | Waban Area Council,,FLK,65,18560,2026-09-13T11:22:15.557071854Z,"['AJAX Libraries API', 'Amazon', 'Amazon S3 CDN', 'Apache', 'Constant Contact', 'Content Delivery Network', 'Drupal', 'Express', 'Fireblade', 'GZIP Module', 'Google Analytics', 'Google Calendar', 'Google Cloud DNS', 'Google Font API', 'Google My Business', 'PHP', 'Parcel', 'Storyblocks', 'Subversion', 'UTF-8', 'Zoom Video Conferencing', 'jQuery']"
euroline-online.com,Custom Cabinetry in New Jersey | Euroline Concepts,,USA,77,2440,2026-09-13T11:22:15.556467303Z,"['Alternate Protocol', 'Cloudflare', 'Cloudflare CDN', 'Cloudflare Web Analytics', 'Express', 'Google', 'Google Analytics', 'Google Cloud DNS', 'Google Customer Reviews', 'Google Font API', 'Google Tag Manager', 'Instagram Follow Button', 'Microdata for Google Shopping', 'Pico CSS', 'UTF-8']"
antcube.shop,ANTCUBE by ANTSTORE - the perfect home for your ant colony,ANTCUBE,DEU,82,81376,2026-09-13T11:22:15.555246565Z,"['Akamai Bot Manager', 'Alternate Protocol', 'Apture Linking Platform', 'Automattic', 'Autoptimize', 'Cloudflare', 'Cloudflare Bot Manager', 'Cloudflare CDN', 'Cloudflare Web Analytics', 'CookieYes', 'DAV', 'DoubleClick Bid Manager', 'EmbedPress', 'Fireblade', 'Flatsome', 'GZIP Module', 'Google Analytics', 'Google Maps', 'Google My Business', 'Google Related Website Sites', 'Google Tag Manager', 'IcoMoon', 'Instagram Follow Button', 'Jetpack', 'K2F', 'Kitco', 'Microdata for Google Shopping', 'MonsterInsights', 'Ntent', 'Perl', 'QUIC', 'Sign In With Google', 'Tailwind CSS', 'TranslatePress', 'TrustIndex', 'Twitter Ads', 'UTF-8', 'Woo Themes', 'WordPress', 'WordPress Multisite', 'WordPress Stats', 'YouTube', 'jQuery', 'reCAPTCHA']"
ticktockinc.com,Tick Tock Inc.,,,47,,2026-09-13T11:22:15.555065453Z,"['Content Delivery Network', 'Gatsby JS', 'GitHub Hosting', 'Google Analytics', 'Netlify', 'Tailwind CSS', 'UTF-8']"
nakisoba.ca,Nakisoba Dog Training - Comox Valley,Nakisoba Dog Training,,82,19627,2026-09-13T11:22:15.552071252Z,"['AWS WAF Challenge', 'Adobe Creative Cloud WebFonts', 'Content Delivery Network', 'Font Awesome', 'Google', 'Google Analytics', 'Google Cloud DNS', 'Google Font API', 'Google Tag Manager', 'Instagram Follow Button', 'Microdata for Google Shopping', 'NFOrce Internet', 'Netlify', 'Tailwind CSS', 'UTF-8']"
gichemicals.ie,GI Chemicals: A CSG Brand | CSG,,IRL,87,2408,2026-09-13T11:22:15.552822915Z,"['Alternate Protocol', 'Amazon WAF Blocked', 'Aruba', 'EmbedPress', 'GZIP Module', 'Google Analytics', 'Google My Business', 'Google Tag Manager', 'Gravity', 'Gravity Forms', 'Instagram Follow Button', 'Microdata for Google Shopping', 'Nginx', 'PHP', 'PWA', 'Theme In WP', 'UTF-8', 'WordPress', 'WordPress Multisite', 'eLand', 'jQuery', 'reCAPTCHA', 'uPress']"
cjpropertyservices.co.uk,Letting Agents in Hull and the Surrounding Area - CJ Property,CJ Property,GBR,92,21324,2026-09-13T11:22:15.549916777Z,"['Adobe Creative Cloud WebFonts', 'Adult Content', 'Alternate Protocol', 'Amazon WAF Blocked', 'Content Delivery Network', 'Elementor', 'EmbedPress', 'Fireblade', 'GZIP Module', 'GeneratePress Company', 'Google', 'Google Analytics', 'Google Cloud DNS', 'Google Font API', 'Google Maps', 'Google My Business', 'Google Tag Manager', 'Gravity', 'Gravity Forms', 'Instagram Follow Button', 'Iubenda', 'Microdata for Google Shopping', 'NFOrce Internet', 'PHP', 'Popup Maker for Wordpress', 'Theme In WP', 'UTF-8', 'WP PageNavi', 'WordPress', 'WordPress Multisite', 'jQuery', 'reCAPTCHA']"
uhbddr.hr,UHBDDR,,USA,60,63,2026-09-13T11:22:15.54946033Z,"['Alternate Protocol', 'DAV', 'GZIP Module', 'Google', 'Google Analytics', 'Google Cloud DNS', 'Google Font API', 'Google Tag Manager', 'OpenResty', 'PHP', 'PWA', 'Pleroma', 'Tailwind CSS', 'Theme In WP', 'UTF-8', 'WordPress', 'WordPress Multisite', 'jQuery']"
troingebergselsol.se,Tröingebergs El & Sol – Falkenberg,,,55,10348,2026-09-13T11:22:15.546633661Z,"['Alternate Protocol', 'Contact Form Plugin', 'Contento', 'Elementor', 'EmbedPress', 'Google', 'Google Analytics', 'Google Cloud CDN', 'Google Cloud DNS', 'Google Font API', 'Google My Business', 'Google Tag Manager', 'IcoMoon', 'Muffin Group', 'Nginx', 'PHP', 'QUIC', 'Slider Revolution', 'Subversion', 'Theme In WP', 'UTF-8', 'WPBakery', 'Woo Themes', 'WordPress', 'WordPress Multisite', 'eLand', 'jQuery', 'reCAPTCHA']"
mysimplegolf.com,Golf Made Easy: Your Path to Simple Golf Skills,,,67,18120,2026-09-13T11:22:15.544734421Z,"['GitHub Hosting', 'GoDaddy', 'Google', 'Google Analytics', 'Google Cloud DNS', 'Google Font API', 'Google My Business', 'Google Tag Manager', 'Instagram Follow Button', 'PWA', 'UTF-8', 'Wangsu', 'Website Tonight']"
chuckmullinslaw.com,Chuck Mullins Law,,,72,18312,2026-09-13T11:22:15.543171405Z,"['Alternate Protocol', 'Facebook Conversion Tracking', 'Facebook Login', 'Facebook Messenger Platform', 'Facebook Pixel', 'Facebook Reseller', 'Facebook Tag API', 'GitHub Hosting', 'GoDaddy', 'Google', 'Google Analytics', 'Google Cloud DNS', 'Google Font API', 'Google My Business', 'Google Tag Manager', 'Line2', 'PWA', 'UTF-8', 'University or College', 'Wangsu', 'Website Tonight']"
superushopfitting.com,"Super U Shopfitting Limited - Custom Shopfitting Manufacturer, Retail Fixture Factory",,CHN,82,15251,2026-09-13T11:22:15.542415928Z,"['Alternate Protocol', 'Astra Theme', 'Cloudflare', 'Cloudflare CDN', 'Cloudflare Web Analytics', 'Content Delivery Network', 'EmbedPress', 'Fireblade', 'GenerateBlocks', 'Google Analytics', 'Google Tag Manager', 'Instagram Follow Button', 'Lazy Load for WordPress', 'Microdata for Google Shopping', 'PHP', 'QUIC', 'Sitelinks Search Box', 'Theme In WP', 'UTF-8', 'Ultimate Addons for Gutenberg', 'WhatsApp Sharing', 'WordPress', 'WordPress Multisite', 'YouTube', 'jQuery']"
ejandsonsmovingservice.com,ABC Greater MI Chapter | Home Builders Association Midland MI,,,62,3652,2026-09-13T11:22:15.541780201Z,"['Add to Any', 'Alternate Protocol', 'Ametys', 'Apache', 'Contact Form Plugin', 'Elementor', 'EmbedPress', 'Events Manager for WordPress', 'GZIP Module', 'Google Analytics', 'Google My Business', 'Google Tag Manager', 'IcoMoon', 'Instagram Follow Button', 'Max Mega Menu', 'Max Mega Menu Pro', 'NFOrce Internet', 'PDF Embedder for Wordpress', 'PHP', 'Pagekit', 'Smush Image Optimization', 'Theme In WP', 'Twitter Ads', 'UTF-8', 'WordPress', 'WordPress Multisite', 'YouTube', 'bbPress', 'jQuery', 'jsDelivr', 'reCAPTCHA']"
singem.org,singem.org,,,35,,2026-09-13T11:22:15.540463427Z,"['Alternate Protocol', 'Astra Theme', 'Content Delivery Network', 'EmbedPress', 'Google Analytics', 'Google Tag Manager', 'LiteSpeed', 'Ntent', 'PHP', 'Theme In WP', 'UTF-8', 'WordPress', 'WordPress Multisite', 'WordPress Related Posts']"
localvideo.us,Helping Businesses Grow And Prosper Through The Use Of Digital Marketing,,GBR,82,30028,2026-09-13T11:22:15.540742638Z,"['Alternate Protocol', 'Azion', 'Beaver Builder Lite', 'CDN JS', 'Cloudflare', 'Cloudflare CDN', 'Contento', 'Cookie Accept', 'Cookie Notice', 'EmbedPress', 'Facebook Conversion Tracking', 'Facebook Login', 'Facebook Messenger Platform', 'Facebook Pixel', 'Facebook Reseller', 'Facebook Tag API', 'Font Awesome', 'Free Call', 'Google', 'Google Analytics', 'Google Cloud DNS', 'Google Font API', 'Google Related Website Sites', 'Google Tag Manager', 'Instagram Follow Button', 'Microdata for Google Shopping', 'PHP', 'Perl', 'Site Kit', 'Sitelinks Search Box', 'Tagembed', 'Theme In WP', 'Twitter Ads', 'UTF-8', 'WordPress', 'WordPress Multisite', 'eLand', 'jQuery']"
elitepropertyservicesnw.co.uk,Builders Warrington | Garage Conversions & Extensions | Elite,Elite Property Services (NW) Ltd,GBR,87,95467,2026-09-13T11:22:15.537121162Z,"['Amazon WAF Blocked', 'Apture Linking Platform', 'Coming Soon Page', 'Content Delivery Network', 'DAV', 'DC74', 'Express', 'Fastly', 'Fastly CDN', 'Financial Services Guide', 'GZIP Module', 'Google Analytics', 'Google Related Website Sites', 'Google Tag Manager', 'Microdata for Google Shopping', 'NFOrce Internet', 'PWA', 'QUIC', 'SMC', 'Seflow Italy', 'Sentry', 'SiteW', 'Subversion', 'Twitter Ads', 'UTF-8', 'Vector Internet Services', 'Wix', 'Wix Media', 'Yell Business', 'YouTube', 'eLand', 'mlcom']"
pillow.zone,Pillow,,UKR,67,1200,2026-09-13T11:22:15.536420848Z,"['Content Delivery Network', 'GZIP Module', 'Google Analytics', 'Google My Business', 'Google Tag Manager', 'Next.js', 'Nginx', 'Pleroma', 'Rush', 'Tailwind CSS', 'UTF-8', 'Ubuntu']"
osirishealth.co.uk,Specialist Neurorehabilitation and Spasticity Management | PSP,,,77,18136,2026-09-13T11:22:15.535501072Z,"['AWS WAF Challenge', 'Alternate Protocol', 'Cloudflare', 'Cloudflare CDN', 'Cloudflare Turnstile', 'Complianz', 'Contact Form Plugin', 'Content Delivery Network', 'DuracellTomi Google Tag Manager for WordPress', 'EmbedPress', 'Google Analytics', 'Google Cloud DNS', 'Google Font API', 'Google Tag Manager', 'IcoMoon', 'Microdata for Google Shopping', 'PHP', 'Schema Plugin', 'Site Kit', 'Tailwind CSS', 'Theme In WP', 'UTF-8', 'University or College', 'WP Engine', 'WordPress', 'WordPress Multisite', 'jQuery', 'reCAPTCHA']"
myexpressionoflife.com,My Expression of Life | ThruMyBrownEyes,,SGP,77,28147,2026-09-13T11:22:15.535683668Z,"['AWS WAF Challenge', 'Alternate Protocol', 'Automattic', 'Automattic Direct', 'Content Delivery Network', 'DAV', 'EmbedPress', 'Express', 'Global Privacy Control', 'Google Analytics', 'Jetpack', 'Jetpack Site Accelerator', 'Nginx', 'Perl', 'Phew', 'QUIC', 'Tailwind CSS', 'US Privacy User Signal Mechanism', 'UTF-8', 'WordPress', 'WordPress Multisite', 'WordPress Stats']"
alliantstrategic.com,Affordable Housing Finance & Advisory | Walker & Dunlop,,USA,77,206748,2026-09-13T11:22:15.530717166Z,"['501c3 Status Nonprofit', 'AJAX Libraries API', 'AWS WAF Challenge', 'Adobe Creative Cloud WebFonts', 'Amazon', 'Amazon CloudFront', 'Amazon S3 CDN', 'Apture Linking Platform', 'CloudFront', 'Cloudflare', 'Content Delivery Network', 'Flow', 'GZIP Module', 'Google', 'Google Analytics', 'Google Cloud DNS', 'Google Font API', 'Google Related Website Sites', 'Google Tag Manager', 'Instagram Follow Button', 'Intellimize', 'Microdata for Google Shopping', 'Site Search 360', 'Snowplow', 'Storyblocks', 'Tailwind CSS', 'Twitter Ads', 'UTF-8', 'Vector Internet Services', 'WF Cookie Consent', 'YouTube', 'eLand', 'jsDelivr', 'securiti']"
assemblr.io,Dave Chandler - Portfolio,,AUS,65,165700,2026-09-13T11:22:15.528931296Z,"['AWS WAF Challenge', 'ArvanCloud', 'DAV', 'Express', 'GitHub Hosting', 'Google Analytics', 'Google Cloud DNS', 'Google Font API', 'Google Tag Manager', 'InitiativeS', 'Instagram Follow Button', 'LiteSpeed', 'Python', 'Salesforce Hosted', 'Tailwind CSS', 'University or College', 'jsDelivr']"
cultivatingethos.org,Pastor Scott Furrow,Cultivating Ethos,USA,77,1372,2026-09-13T11:22:15.527607813Z,"['Adobe Creative Cloud WebFonts', 'Aruba', 'Coming Soon Page', 'Express', 'GZIP Module', 'Google Analytics', 'Google Tag Manager', 'Instagram Follow Button', 'Line2', 'Microdata for Google Shopping', 'QUIC', 'SiteW', 'Squarespace', 'Tailwind CSS', 'Twitter Ads', 'UTF-8', 'WordPress SEO Structured Data Schema Plugin', 'eLand']"
premeracoatings.ae,Premera Coatings UAE,,JPN,75,20641,2026-09-13T11:22:15.527221491Z,"['Alternate Protocol', 'Apache', 'Astra Theme', 'Better Lead Generation Services', 'Content Delivery Network', 'DAV', 'Elementor', 'EmbedPress', 'Fireblade', 'GZIP Module', 'Google Analytics', 'Google Maps', 'Google My Business', 'Google Tag Manager', 'Instagram Feed for WordPress', 'Instagram Follow Button', 'Kitco', 'Linktree', 'PHP', 'QUIC', 'Site Kit', 'Smart Slider 3', 'Table Addons for Elementor', 'Theme In WP', 'UTF-8', 'Woo Themes', 'WooCommerce', 'WooCommerce Checkout', 'WordPress', 'WordPress Multisite', 'WordPress Related Posts', 'YouTube', 'eLand', 'jQuery']"
mw-insure.com,M&W Insurance Services | Commercial Property Insurance | Los Angeles,,USA,87,105368,2026-09-13T11:22:15.522449012Z,"['123FormBuilder', 'Alternate Protocol', 'Amazon WAF Blocked', 'Apture Linking Platform', 'Better Lead Generation Services', 'Cloudflare', 'Content Delivery Network', 'Express', 'Fastly', 'Fastly CDN', 'Fireblade', 'GZIP Module', 'Google Analytics', 'Google Customer Reviews', 'Google Related Website Sites', 'Google Tag Manager', 'Microdata for Google Shopping', 'NFOrce Internet', 'PWA', 'QUIC', 'SMC', 'Seflow Italy', 'Sentry', 'SiteW', 'UTF-8', 'Vector Internet Services', 'Wix', 'Wix Media', 'eLand', 'mlcom']"
shepherdsbushmarket.org,Shepherd's Bush Market - Homepage - 110 Years of History : Shepherd's Bush Market,Shepherd's Bush Market,GBR,82,68824,2026-09-13T11:22:15.521807505Z,"['AWS WAF Challenge', 'Airtable', 'Alternate Protocol', 'Amazon', 'Amazon S3 CDN', 'Apture Linking Platform', 'Boxzilla', 'Cloudflare', 'Cloudflare CDN', 'Content Delivery Network', 'Cornerstone', 'ElementUI', 'EmbedPress', 'Express', 'Facebook Conversion Tracking', 'Facebook Login', 'Facebook Messenger Platform', 'Facebook Pixel', 'Facebook Reseller', 'Facebook Tag API', 'Google', 'Google Analytics', 'Google My Business', 'Google Tag Manager', 'Instagram Follow Button', 'Investor Relations', 'MailChimp', 'Microdata for Google Shopping', 'Nginx', 'On The Map', 'PHP', 'QUIC', 'Storyblocks', 'The Fresh', 'Theme In WP', 'Twitter Ads', 'UTF-8', 'Umbler', 'WordPress', 'WordPress Multisite', 'jQuery']"
dream.co.in,Dream.co.in,,,47,734,2026-09-13T11:22:15.51964015Z,"['AWS WAF Challenge', 'ArvanCloud', 'Font Awesome', 'GZIP Module', 'Google Analytics', 'Google Cloud DNS', 'Google Font API', 'Google Tag Manager', 'Microsoft Azure', 'OpenResty', 'StackPath', 'UTF-8', 'jsDelivr']"
ffsarasotafl.org,ffsarasotafl.org – Friendship Force Sarasota,,USA,65,18496,2026-09-13T11:22:15.517837195Z,"['501c3 Status Nonprofit', 'AWS WAF Challenge', 'Alternate Protocol', 'Automattic', 'Canva Websites', 'Cloudflare', 'Cloudflare CDN', 'Contact Form Plugin', 'EmbedPress', 'GZIP Module', 'GeneratePress Company', 'Google', 'Google Analytics', 'Google Analytics Dashboard for WordPress', 'Google My Business', 'Google Tag Manager', 'Jetpack', 'Nginx', 'PHP', 'Share Link', 'The Events Calendar', 'Theme In WP', 'UTF-8', 'WordPress', 'WordPress Multisite', 'WordPress Stats', 'YouTube', 'jQuery']"
bymikaylajean.com,BY MIKAYLA JEAN,,ZAF,50,25541,2026-09-13T11:22:15.515029005Z,"['Adobe Creative Cloud WebFonts', 'Aruba', 'Coming Soon Page', 'Express', 'GZIP Module', 'Google Analytics', 'Google Tag Manager', 'Instagram Follow Button', 'Line2', 'Magento Enterprise', 'Microdata for Google Shopping', 'QUIC', 'SiteW', 'Squarespace', 'UTF-8', 'WordPress SEO Structured Data Schema Plugin', 'eLand']"
sun-analytics.nl,About | Sun Analytics,,VEN,92,30800,2026-09-13T11:22:15.515607516Z,"['AWS WAF Challenge', 'Alternate Protocol', 'Cisco/Arrowpoint Content Service Switch', 'Content Delivery Network', 'Eventbrite', 'Fastly', 'GZIP Module', 'GitHub Hosting', 'Google Analytics', 'Jekyll', 'Medium', 'Microdata for Google Shopping', 'Ntent', 'Oracle Cloud', 'PWA', 'Python', 'UTF-8', 'Vector Internet Services', 'jsDelivr']"
iconnectkenyainitiative.org,Iconnect Kenya Initiative : Creative Women-led organization,Iconnect Kenya Initiative,IND,87,3213,2026-09-13T11:22:15.514831106Z,"['Alternate Protocol', 'Astra Theme', 'Automattic', 'Cloudflare', 'Elementor', 'ElementsKit Elementor', 'EmbedPress', 'Essential Addons for Elementor', 'Essential Blocks for Gutenberg', 'Express', 'GZIP Module', 'Google Analytics', 'Google Cloud DNS', 'Google Font API', 'Google Tag Manager', 'InitiativeS', 'Instagram Follow Button', 'Jetpack', 'Microdata for Google Shopping', 'NFOrce Internet', 'OpenResty', 'PHP', 'QUIC', 'Theme In WP', 'UTF-8', 'Ultimate Addons for Gutenberg', 'WPForms', 'Woo Themes', 'WordPress', 'WordPress Multisite', 'WordPress Related Posts', 'WordPress Stats', 'YouTube', 'jQuery']"
edenplus.org,EDEN+ Nonprofit Fundraising Consulting,Eden Plus LLC,USA,77,91347,2026-09-13T11:22:15.51409016Z,"['Alternate Protocol', 'Aruba', 'Coming Soon Page', 'Express', 'FormSubmit', 'GZIP Module', 'Google Analytics', 'Google Tag Manager', 'HubSpot Conversations', 'Hubspot', 'Instagram Follow Button', 'Line2', 'Magento Enterprise', 'Microdata for Google Shopping', 'Newsletter for Wordpress', 'Pico CSS', 'QUIC', 'SiteW', 'Squarespace', 'UTF-8', 'Vector Internet Services', 'WordPress SEO Structured Data Schema Plugin', 'YouTube', 'eLand']"
onlinebookspublishing.com,Home | Professional Book Publishing Services,,USA,92,137424,2026-09-13T11:22:15.512658815Z,"['Alternate Protocol', 'Apture Linking Platform', 'Baidu Cloud', 'DAV', 'DC74', 'Elementor', 'EmbedPress', 'Format', 'GDPR Consent Management Platform', 'GitHub Hosting', 'Google Adsense', 'Google Analytics', 'Google Matched Content', 'Google Related Website Sites', 'Google Reseller', 'Google Tag Manager', 'HMDG', 'Hello Elementor', 'Instagram Follow Button', 'K2F', 'KVH', 'Lazy Load for WordPress', 'Media.net', 'Microdata for Google Shopping', 'NFOrce Internet', 'Onyx Internet', 'Perl', 'QUIC', 'SMC', 'Sitelinks Search Box', 'Subversion', 'Tawk', 'UTF-8', 'WordPress', 'WordPress Multisite', 'Yandex Hosting', 'eLand']"
blackburnadi.co.uk,Home - Blackburn ADI,Blackburn ADI,GBR,87,23888,2026-09-13T11:22:15.508054588Z,"['Alternate Protocol', 'Contact Form Plugin', 'Content Delivery Network', 'Elementor', 'EmbedPress', 'Google', 'Google Analytics', 'Google Cloud CDN', 'Google Cloud DNS', 'Google Font API', 'Google My Business', 'Google Tag Manager', 'Hello Elementor', 'Instagram Follow Button', 'KVH', 'LiteSpeed', 'Microdata for Google Shopping', 'PHP', 'QUIC', 'Sitelinks Search Box', 'Table Addons for Elementor', 'Theme In WP', 'UTF-8', 'WordPress', 'WordPress Multisite', 'YouTube', 'jQuery', 'reCAPTCHA']"
sternenhimmel-rs.com,Home - Sternenhimmel,,IND,70,6869,2026-09-13T11:22:15.506776554Z,"['Alternate Protocol', 'Apture Linking Platform', 'Calendly', 'Cloudflare', 'Content Delivery Network', 'DAV', 'Elementor', 'ElementsKit Elementor', 'EmbedPress', 'Essential Addons for Elementor', 'Google', 'Google Analytics', 'Google Cloud CDN', 'Google My Business', 'Google Tag Manager', 'Hello Elementor', 'Instagram Follow Button', 'Microdata for Google Shopping', 'NFOrce Internet', 'NitroPack', 'Ntent', 'Table Addons for Elementor', 'TrustIndex', 'UTF-8', 'WPForms', 'WordPress', 'WordPress Multisite', 'YouTube', 'reCAPTCHA']"
wee-wee-pads.com,"Wee-Wee Pee Pads for Dogs & Puppies Official Website – Wee-Wee by Four Paws — America's original dog pee pads since 1970. Leak-proof, odor-control training pads for puppies, adults & senior dogs.",,USA,65,17025,2026-09-13T11:19:26.16171505Z,"['Alternate Protocol', 'Amazon Widgets', 'Blocksy', 'Content Delivery Network', 'Cornerstone', 'Elementor', 'EmbedPress', 'Fireblade', 'Google Analytics', 'Google Cloud DNS', 'Google Font API', 'Google Tag Manager', 'LiteSpeed', 'NFOrce Internet', 'PHP', 'QUIC', 'Site Kit', 'Stackable Page Builder Gutenberg Blocks', 'Theme In WP', 'UTF-8', 'WordPress', 'WordPress Multisite', 'jQuery']"
mrpropadvisor.com,"Flats for Sale & Rent in Noida — Godrej Woods, ATS, CRC Sublims",mrpropadvisor.com,IND,82,4845,2026-09-13T11:11:21.343425701Z,"['Alternate Protocol', 'Astra Theme', 'Elementor', 'ElementsKit Elementor', 'EmbedPress', 'Essential Addons for Elementor', 'Essential Blocks for Gutenberg', 'Express', 'Google', 'Google Analytics', 'Google Cloud CDN', 'Google Cloud DNS', 'Google Font API', 'Google My Business', 'Google Tag Manager', 'Instagram Follow Button', 'Jetpack', 'Microdata for Google Shopping', 'NFOrce Internet', 'PHP', 'QUIC', 'Sitelinks Search Box', 'Theme In WP', 'Woo Themes', 'WordPress', 'WordPress Multisite', 'WordPress Related Posts', 'WordPress Stats', 'YouTube', 'jQuery']"
gmha.net,Greene Metropolitan Housing Authority - GMHA,Greene Metropolitan Housing Authority,USA,82,14630,2026-09-13T11:11:21.341571166Z,"['Alternate Protocol', 'Amazon WAF Blocked', 'Apture Linking Platform', 'EmbedPress', 'Express', 'Google Analytics', 'Google Cloud DNS', 'Google Maps', 'Google My Business', 'Google Tag Manager', 'Gtranslate for Wordpress', 'Gutenberg Blocks by Kadence Blocks', 'Kadence WP', 'LiteSpeed', 'Matomo', 'Matomo Tag Manager', 'Microdata for Google Shopping', 'PHP', 'PWA', 'Paymentus', 'Sitelinks Search Box', 'SuperPWA', 'Thank You', 'UTF-8', 'WP Rocket', 'WordPress', 'WordPress Multisite', 'reCAPTCHA']"
pompomgolf.com,PomPomGolf.com domain name may be for sale,,,42,734,2026-09-13T11:11:21.341959932Z,"['AWS WAF Challenge', 'ArvanCloud', 'Font Awesome', 'GZIP Module', 'Google Analytics', 'Google Cloud DNS', 'Google Font API', 'Google Tag Manager', 'Microsoft Azure', 'OpenResty', 'StackPath', 'UTF-8', 'jsDelivr']"
mckenziemortgage.com,Josh McKenzie - VP of Lending | Lower Mortgage,,ZAF,70,23340,2026-09-13T11:11:21.339043547Z,"['Amazon WAF Blocked', 'Apture Linking Platform', 'Bankrate', 'Cloudflare', 'Cloudflare CDN', 'Fastly', 'Google Analytics', 'Google My Business', 'Google Tag Manager', 'HubSpot Conversations', 'Hubspot', 'Hubspot Knowledge Base', 'Instagram Follow Button', 'Investor Relations', 'Microdata for Google Shopping', 'Nationwide Mortgage Licensing System and Registry', 'QUIC', 'Tailwind CSS', 'UTF-8', 'WordPress Related Posts', 'jsDelivr']"
rnscoachingcenter.com,Gorakhpur Best Coaching Center : R.N.S COACHING CENTER,,IND,72,15099,2026-09-13T11:11:21.339813568Z,"['Apache', 'CDN JS', 'Cloudflare', 'Cloudflare CDN', 'ElementUI', 'Facebook Login', 'Facebook Reseller', 'Font Awesome', 'GZIP Module', 'Google Adsense', 'Google Analytics', 'Google Funding Choices', 'Google Matched Content', 'Google My Business', 'Google Reseller', 'Google Tag Manager', 'Instagram Follow Button', 'PHP', 'Sharebutton Fonts', 'Tailwind CSS', 'Twitter Ads', 'UTF-8', 'University or College', 'Wangsu', 'WhatsApp Sharing', 'YouTube', 'jQuery']"
baliongreens.com,Balion Greens Pvt. Ltd.,,IND,77,13748,2026-09-13T11:11:21.339994781Z,"['Fastly CDN', 'Google', 'Google Analytics', 'Google Cloud DNS', 'Google Font API', 'Google Tag Manager', 'HostGator', 'IcoMoon', 'Microsoft Azure', 'Microsoft IIS', 'Parallels Plesk Panel', 'Tailwind CSS', 'Visual Studio']"
hacheavocat.ca,Home | Haché et Associés Avocats inc.,,CAN,65,16248,2026-09-13T11:11:21.338028939Z,"['Alternate Protocol', 'Apache', 'CDN JS', 'Cloudflare', 'Cloudflare CDN', 'EmbedPress', 'Facebook Like', 'Facebook Login', 'Facebook Messenger Platform', 'Facebook Reseller', 'GZIP Module', 'Google Analytics', 'Google Cloud DNS', 'Google Font API', 'Google My Business', 'Google Recommendations AI', 'Google Tag Manager', 'Hotjar', 'PHP', 'PWA', 'Polylang', 'Theme In WP', 'Twitter Ads', 'UTF-8', 'WordPress', 'WordPress Multisite']"
hong-zhuang.com,紅粧國際美容有限公司│保養護膚品OEM/ODM研發製造,,,42,99,2026-09-13T11:11:21.336533125Z,"['Financial Services Guide', 'Font Awesome', 'Google Analytics', 'LiteSpeed', 'QUIC', 'Tailwind CSS', 'UTF-8']"
hoasimtravel.com,Home - Hoa Sim Travel,Hoa Sim Travel,THA,87,25235,2026-09-13T11:11:21.33676909Z,"['AWS WAF Challenge', 'Alternate Protocol', 'Cisco/Arrowpoint Content Service Switch', 'Cloudflare', 'Cloudflare CDN', 'Content Delivery Network', 'DAV', 'Elementor', 'ElementsKit Elementor', 'EmbedPress', 'Essential Addons for Elementor', 'FiboSearch', 'Google', 'Google Analytics', 'Google Cloud DNS', 'Google Maps', 'Google My Business', 'Google Tag Manager', 'Hello Elementor', 'Line2', 'LiteSpeed', 'Material-UI', 'Microdata for Google Shopping', 'NFOrce Internet', 'PHP', 'Perl', 'QUIC', 'Shipping Rates Calculator', 'Side Cart Woocommerce', 'Site Kit', 'Theme In WP', 'UTF-8', 'Vercel', 'Woo Themes', 'WooCommerce', 'WooCommerce Checkout', 'WordPress', 'WordPress Multisite', 'eLand', 'jQuery', 'jsDelivr']"
spaisride.com,Shopping Online,,,52,7500,2026-09-13T11:11:21.336605854Z,"['Cloudflare', 'Cloudflare CDN', 'Cloudflare Web Analytics', 'Express', 'Fireblade', 'Google Analytics', 'Google Tag Manager', 'Next.js', 'Pleroma', 'Tailwind CSS', 'UTF-8']"
abiraami.com,Abiraami P S,,GBR,65,71122,2026-09-13T11:11:21.335731977Z,"['Apache', 'Apture Linking Platform', 'ClickOn', 'Express', 'GZIP Module', 'GetResponse', 'GitHub Hosting', 'Google', 'Google Analytics', 'Google Cloud CDN', 'Google Cloud DNS', 'Google Font API', 'Google My Business', 'Google Recommendations AI', 'Google Related Website Sites', 'Google Tag Manager', 'Instagram Follow Button', 'Microdata for Google Shopping', 'NFOrce Internet', 'No-Q', 'Ntent', 'SMC', 'Sapper', 'Schema Plugin', 'Subversion', 'UTF-8']"
skylattice-pro.com,SkyLattice Pro,,,55,2501,2026-09-13T11:11:21.33547518Z,"['Alternate Protocol', 'Blocksy', 'Content Delivery Network', 'Elementor', 'ElementsKit Elementor', 'EmbedPress', 'Essential Addons for Elementor', 'Google Analytics', 'Google Cloud DNS', 'Google Font API', 'Google Tag Manager', 'Gravity', 'Gravity Forms', 'HappyAddons', 'Header, Footer and Blocks for Elementor', 'LiteSpeed', 'NFOrce Internet', 'PHP', 'Premium Addons for Elementor', 'QUIC', 'RM Education', 'Royal Elementor Addons', 'Theme In WP', 'To Top', 'UTF-8', 'WordPress', 'WordPress Multisite', 'jQuery']"
divinebricks.in,Home Page divinebricks.in,,IND,82,40,2026-09-13T11:11:21.334252728Z,"['Alternate Protocol', 'Apache', 'CDN JS', 'Cloudflare', 'Cloudflare CDN', 'Express', 'GZIP Module', 'Google Analytics', 'Google Cloud DNS', 'Google Font API', 'Google Tag Manager', 'Instagram Follow Button', 'Microdata for Google Shopping', 'PHP', 'QUIC', 'Tailwind CSS', 'Theme In WP', 'Twitter Ads', 'UTF-8', 'WordPress', 'WordPress Multisite']"
dalyimprovementsllc.com,HOME | ABOUT | Daly Improvements,,USA,87,90141,2026-09-13T11:11:21.334500732Z,"['Amazon WAF Blocked', 'Apture Linking Platform', 'Content Delivery Network', 'DAV', 'Express', 'Fastly', 'Fastly CDN', 'GZIP Module', 'Google Analytics', 'Google Related Website Sites', 'Google Tag Manager', 'Microdata for Google Shopping', 'NFOrce Internet', 'PWA', 'Perl', 'QUIC', 'SMC', 'Seflow Italy', 'Sentry', 'SiteW', 'UTF-8', 'Vector Internet Services', 'WP Booking Calendar', 'Wix', 'Wix Media', 'eLand', 'mlcom']"
fiddlinfish.com,Must-Try Brewery in Winston-Salem | Fiddlin' Fish,,USA,82,18027,2026-09-13T11:11:21.333946897Z,"['AWS WAF Challenge', 'DAV', 'ElementUI', 'Express', 'Fastly', 'GZIP Module', 'Google Analytics', 'Google My Business', 'Google Tag Manager', 'IcoMoon', 'Instagram Follow Button', 'Microdata for Google Shopping', 'Microsoft Authentication Library for JavaScript', 'Tailwind CSS', 'UTF-8', 'WP Job Manager', 'Yelp Badge', 'jQuery']"
romerosautorepair.com,Romero's Radiator Muffler & Auto Repair - Premier Repair Facility in Oceanside,,,60,5063,2026-09-13T11:11:21.332759318Z,"['Apache', 'Apture Linking Platform', 'ClickOn', 'DAV', 'Debian', 'Express', 'GZIP Module', 'Google', 'Google Analytics', 'Google Cloud CDN', 'Google Cloud DNS', 'Google Font API', 'Google Maps', 'Google My Business', 'Google Workspace', 'K2F', 'Ntent', 'SiteW', 'Subversion', 'UTF-8']"
mamasguides.com,Mamas' Guides -,Mamas&#039; Guides,EGY,65,1496,2026-09-13T11:11:21.332918146Z,"['Adult Content', 'Alternate Protocol', 'CDN JS', 'Cloudflare', 'Cloudflare CDN', 'Content Delivery Network', 'EmbedPress', 'Google Adsense', 'Google Analytics', 'Google Cloud DNS', 'Google Font API', 'Google Funding Choices', 'Google Matched Content', 'Google My Business', 'Google Reseller', 'Google Tag Manager', 'Instagram Follow Button', 'Kadence WP', 'LiteSpeed', 'Microdata for Google Shopping', 'Oddle', 'PHP', 'Theme In WP', 'Twitter Ads', 'UTF-8', 'WordPress', 'WordPress Multisite']"
magalconnect.com,Gaëtan Magal's Portfolio,,,67,1240,2026-09-13T11:11:21.331097152Z,"['Apache', 'GZIP Module', 'Google Analytics', 'Google Cloud DNS', 'Google Font API', 'Google Maps', 'Google My Business', 'Google Tag Manager', 'PHP', 'jQuery', 'reCAPTCHA']"
visible.com.au,Visible | Perth Digital Marketing & Growth Agency,,AUS,82,35447,2026-09-13T11:11:21.330207812Z,"['AWS WAF Challenge', 'Alternate Protocol', 'Amazon WAF Blocked', 'Autoptimize', 'Cloudflare', 'Content Delivery Network', 'DAV', 'EmbedPress', 'Facebook Conversion Tracking', 'Facebook Login', 'Facebook Messenger Platform', 'Facebook Pixel', 'Facebook Reseller', 'Facebook Tag API', 'Font Awesome', 'Free Call', 'Google', 'Google Analytics', 'Google Cloud DNS', 'Google Conversion Tracking', 'Google Font API', 'Google My Business', 'Google Recommendations AI', 'Google Tag Manager', 'Gravity', 'Gravity Forms', 'Instagram Follow Button', 'Microdata for Google Shopping', 'NFOrce Internet', 'PHP', 'Perl', 'Tailwind CSS', 'UTF-8', 'WP Engine', 'WordPress', 'WordPress Multisite', 'YouTube', 'jQuery']"
titleanddmvexpress.com,Home - Get your Car Title and Derivers Lisense,Get your Car Title and Derivers Lisense,,72,17969,2026-09-13T11:11:21.32969544Z,"['AWS WAF Challenge', 'Alternate Protocol', 'Apture Linking Platform', 'Astra Theme', 'Cloudflare', 'Cloudflare CDN', 'Content Delivery Network', 'Elementor', 'EmbedPress', 'Express', 'GenerateBlocks', 'Google', 'Google Analytics', 'Google Cloud DNS', 'Google Customer Reviews', 'Google Font API', 'Google My Business', 'Google Tag Manager', 'LiteSpeed', 'Microdata for Google Shopping', 'PHP', 'Perl', 'QUIC', 'Telegram', 'Theme In WP', 'UTF-8', 'Ultimate Addons for Gutenberg', 'Woo Themes', 'WordPress', 'WordPress Multisite', 'WordPress Related Posts', 'jQuery']"
limoomattress.com,Limoo Mattress – Premium Quality Mattresses Made in Canada,,,45,225,2026-09-13T11:11:21.328416132Z,"['Alternate Protocol', 'Apache', 'EmbedPress', 'GZIP Module', 'Google Analytics', 'Google Tag Manager', 'IcoMoon', 'Inspiro Theme', 'PHP', 'Theme In WP', 'UTF-8', 'WordPress', 'WordPress Multisite', 'jQuery']"
nikklesincbookkeepingllc.com,Nikklesinc Bookkeeping | Bookkeeping Services | Mount Vernon,Nikklesinc Bookkeeping,USA,87,90935,2026-09-13T11:11:21.32816995Z,"['34SP.com', 'About Cookies', 'Amazon', 'Cloudflare', 'Cloudflare CDN', 'Coming Soon Page', 'DAV', 'Express', 'Financial Services Guide', 'Fireblade', 'Font Awesome', 'Google Analytics', 'Google Maps', 'Google My Business', 'Google Tag Manager', 'M247', 'Material-UI', 'NFOrce Internet', 'Network Advertising Initiative', 'Oddle', 'Pico CSS', 'QUIC', 'SMC', 'Thank You', 'Twitter Ads', 'UENI', 'UTF-8']"
deloatchlaw.com,New York Criminal & Securities Attorney,,USA,92,19571,2026-09-13T11:11:21.326511491Z,"['AWS WAF Challenge', 'Alternate Protocol', 'Amazon WAF Blocked', 'Aruba', 'Cloudflare', 'Cloudflare CDN', 'Cloudflare Turnstile', 'Content Delivery Network', 'Digital Ocean Spaces', 'EmbedPress', 'Financial Industry Regulatory Authority', 'Font Awesome', 'Google Analytics', 'Google My Business', 'Google Tag Manager', 'Gravity', 'Gravity Forms', 'Microdata for Google Shopping', 'PHP', 'Pico CSS', 'QUIC', 'Sitelinks Search Box', 'Termageddon', 'ThemeFusion', 'Twitter Ads', 'UTF-8', 'UserWay', 'Usercentrics', 'WP Engine', 'WonderPush', 'WordPress', 'WordPress Multisite', 'eLand', 'jQuery', 'reCAPTCHA']"
atf-dynamicznie.pl,Stacja MAHLE FluidPro ATX-280 do dynamicznej wymiany oleju ATF - Atf-dynamicznie.pl,,,62,1339,2026-09-13T11:11:21.325361599Z,"['Alibaba Cloud CDN', 'Bulma', 'CDN JS', 'Cloudflare', 'Cloudflare CDN', 'Font Awesome', 'Google Analytics', 'Google Cloud DNS', 'Google Font API', 'Google Maps', 'Google My Business', 'Google Tag Manager', 'LiteSpeed', 'Tailwind CSS', 'UTF-8', 'YouTube', 'jQuery', 'reCAPTCHA']"
brinumam.lv,Brīnumam,,,57,8000,2026-09-13T11:11:21.323087783Z,"['Alternate Protocol', 'Cloudflare', 'Cloudflare CDN', 'Fireblade', 'Google Analytics', 'Google Tag Manager', 'Instagram Follow Button', 'Microdata for Google Shopping', 'NFOrce Internet', 'Next.js', 'Pleroma', 'Sitelinks Search Box', 'Thank You', 'UTF-8']"
sport.tlu.ee,Home - TLÜ Spordiklubi / TLU Sports Club,TL&Uuml; Spordiklubi,EST,70,20973,2026-09-13T11:11:21.323803662Z,"['AWS WAF Challenge', 'Alternate Protocol', 'Apache', 'Cloudflare', 'Cloudflare CDN', 'Custom Facebook Feed', 'ElementUI', 'Elementor', 'EmbedPress', 'Essential Addons for Elementor', 'Facebook CDN', 'Facebook Conversion Tracking', 'Facebook Customer Chat SDK', 'Facebook Login', 'Facebook Messenger Platform', 'Facebook Pixel', 'Facebook Reseller', 'Facebook Tag API', 'Font Awesome', 'GTranslate', 'GZIP Module', 'Google', 'Google Analytics', 'Google Cloud DNS', 'Google Font API', 'Google My Business', 'Google Tag Manager', 'Hotjar', 'Instagram Feed for WordPress', 'Instagram Follow Button', 'Menu Icons by ThemeIsle', 'Microdata for Google Shopping', 'NFOrce Internet', 'PHP', 'Polylang', 'Qi Addons For Elementor', 'Theme In WP', 'Twitter Ads', 'UTF-8', 'University or College', 'Woo Themes', 'WooCommerce', 'WooCommerce Checkout', 'WordPress', 'WordPress Multisite', 'WordPress Related Posts', 'YouTube', 'jQuery']"
hyperdot.com.au,AEO & GEO Agency Sydney | Get Recommended by AI | Hyperdot,Hyperdot,USA,92,15960,2026-09-13T11:11:21.322215688Z,"['AWS WAF Challenge', 'Alternate Protocol', 'Astro', 'Cloudflare', 'Cloudflare CDN', 'Content Delivery Network', 'DoubleClick Bid Manager', 'Facebook Reseller', 'Google Analytics', 'Google Customer Reviews', 'Google My Business', 'Google Related Website Sites', 'Google Tag Manager', 'Instagram Follow Button', 'Microdata for Google Shopping', 'Microsoft Clarity', 'QUIC', 'Sitelinks Search Box', 'Tailwind CSS', 'UTF-8', 'Vercel', 'shadcn ui']"
hsfoundation.ca,Leading Hidradenitis Suppurativa Foundation | Canada,,USA,82,21375,2026-09-13T11:11:21.319512525Z,"['AWS WAF Challenge', 'Alternate Protocol', 'Amazon Widgets', 'Dun and BradStreet', 'Elementor', 'EmbedPress', 'Essential Addons for Elementor', 'Google', 'Google Analytics', 'Google My Business', 'Google Related Website Sites', 'Google Tag Manager', 'Hello Elementor', 'Instagram Feed for WordPress', 'Instagram Follow Button', 'Microdata for Google Shopping', 'NFOrce Internet', 'Nginx', 'PHP', 'Parallels Plesk Panel', 'Polylang', 'Sitelinks Search Box', 'Theme In WP', 'UTF-8', 'Vimeo', 'WordPress', 'WordPress Multisite', 'YouTube', 'jQuery']"
1023thebullfm.com,102.3 The Bull – Wichita Falls #1 for New Country – Wichita Falls Country Radio,,CAN,92,121992,2026-09-13T11:11:21.317603458Z,"['Alternate Protocol', 'Amazon Associates Affiliate Shop', 'Apache', 'DAV', 'Daily Deals', 'DoubleClick Bid Manager', 'Facebook Pixel', 'Facebook Reseller', 'Financial Services Guide', 'Gambling Content', 'Google', 'Google Analytics', 'Google Cloud DNS', 'Google Font API', 'Google My Business', 'Google Recommendations AI', 'Google Tag Manager', 'Gravity', 'Header Tag by Index Exchange', 'IcoMoon', 'Instagram Follow Button', 'Microdata for Google Shopping', 'NFOrce Internet', 'Ntent', 'Phew', 'Prebid', 'QUIC', 'Revcontent Reseller', 'SMC', 'Twitter Ads', 'US Privacy User Signal Mechanism', 'UTF-8', 'Unsplash', 'WordPress', 'WordPress Multisite', 'YouTube', 'comScore']"
highlinegrain.com,"HighLine Grain Growers, Inc",,FRA,70,73381,2026-09-13T11:11:21.316066652Z,"['123FormBuilder', 'AJAX Libraries API', 'Adobe Creative Cloud WebFonts', 'Apple Auto Link Maker', 'AutoComplete', 'CDN JS', 'Cloudflare', 'Cloudflare CDN', 'Content Delivery Network', 'DoubleClick Bid Manager', 'Facebook Login', 'Facebook Reseller', 'Fastly', 'Font Awesome', 'Google', 'Google Analytics', 'Google Calendar', 'Google Cloud CDN', 'Google Cloud DNS', 'Google Font API', 'Google Maps', 'Google Matched Content', 'Google My Business', 'Google Play', 'Google Reseller', 'Google Tag Manager', 'MailChimp', 'Microsoft 365', 'Microsoft Azure', 'No-Q', 'RM Education', 'SAS', 'Sentry', 'Tabs Responsive', 'Twitter Ads', 'Typeform', 'UTF-8', 'Vimeo', 'Visual Studio', 'Wistia', 'YouTube', 'amCharts', 'eLand', 'jQuery', 'taggbox']"
318newsapp.com,318 News App - Everything Shreveport and Louisiana,,,77,109492,2026-09-13T11:11:21.31508266Z,"['Alternate Protocol', 'Amazon Associates Affiliate Shop', 'DAV', 'DoubleClick Bid Manager', 'Facebook Pixel', 'Facebook Reseller', 'Financial Services Guide', 'Gambling Content', 'Google', 'Google Analytics', 'Google Cloud DNS', 'Google Font API', 'Google My Business', 'Google Recommendations AI', 'Google Tag Manager', 'Gravity', 'Header Tag by Index Exchange', 'IcoMoon', 'Instagram Follow Button', 'Microdata for Google Shopping', 'NFOrce Internet', 'Ntent', 'Prebid', 'Revcontent Reseller', 'SMC', 'Twitter Ads', 'US Privacy User Signal Mechanism', 'UTF-8', 'Unsplash', 'WordPress', 'WordPress Multisite', 'comScore']"
kingwillystudios.com,Creative Marketing Agency | King Willy,King Willy,USA,92,104376,2026-09-13T11:11:21.315742114Z,"['AJAX Libraries API', 'Alternate Protocol', 'Amazon WAF Blocked', 'Anti-spam for WordPress', 'Apture Linking Platform', 'BatCache', 'Bulma', 'CleanTalk Spam Protect', 'Contact Form Plugin', 'Content Delivery Network', 'DAV', 'EmbedPress', 'Fastly', 'Fireblade', 'GitHub Hosting', 'Google', 'Google Analytics', 'Google Cloud DNS', 'Google Related Website Sites', 'Google Tag Manager', 'Hotjar', 'HubSpot WordPress Plugin', 'Hubspot', 'IcoMoon', 'Instagram Follow Button', 'Jetpack', 'Lazy Load for WordPress', 'LottieFiles', 'Microdata for Google Shopping', 'Nginx', 'PHP', 'Popup Maker for Wordpress', 'Prospective', 'QUIC', 'SMC', 'Theme In WP', 'Twitter Ads', 'UTF-8', 'Uncode', 'Vector Internet Services', 'WP Rocket', 'WPBakery', 'Woo Themes', 'WordPress', 'WordPress Multisite', 'WordPress Stats', 'YouTube', 'eLand']"
careernodes.com,CareerNodes: Become easier for hiring algorithms to interpret,,,60,,2026-09-13T11:11:21.314454213Z,"['Bulma', 'Coming Soon Page', 'GZIP Module', 'Google Analytics', 'Google Conversion Tracking', 'Google Tag Manager', 'Nginx', 'QUIC', 'Tailwind CSS', 'UTF-8', 'University or College', 'jQuery']"
phonsee.com,Phonsee Everything They Hide With Mobile Phone Tracker App,Phonsee,,67,,2026-09-13T11:11:21.314866363Z,"['Alternate Protocol', 'Angular', 'Apture Linking Platform', 'Cloudflare', 'Cloudflare CDN', 'Cloudflare Web Analytics', 'Content Delivery Network', 'DAV', 'Express', 'Google Analytics', 'Google Tag Manager', 'Microdata for Google Shopping', 'Next.js', 'Ntent', 'Pleroma', 'QUIC', 'UTF-8']"
restassuredhomecare.com,"SureCare Connections | Care Guidance, Home Care, Adult Day Training,",,USA,82,34460,2026-09-13T11:11:21.314556556Z,"['AWS WAF Challenge', 'Alternate Protocol', 'Authorize.net', 'Cloudflare', 'Cloudflare Web Analytics', 'Content Delivery Network', 'Facebook Conversion Tracking', 'Facebook Pixel', 'Facebook Reseller', 'Facebook Tag API', 'Fireblade', 'Google', 'Google Analytics', 'Google Cloud CDN', 'Google Cloud DNS', 'Google Cloud Storage', 'Google Font API', 'Google Related Website Sites', 'Google Tag Manager', 'Instagram Follow Button', 'Microdata for Google Shopping', 'Nuxt.js', 'UTF-8']"
elitepromomarketing.com,"Custom Promotional Products in Alberta, CA",Elite Promotional Marketing,CAN,82,6620,2026-09-13T11:11:21.313230418Z,"['Alternate Protocol', 'Apture Linking Platform', 'CDN JS', 'Cloudflare', 'Cloudflare CDN', 'Coming Soon Page', 'Content Delivery Network', 'Elementor', 'EmbedPress', 'Favorites for WordPress', 'Google', 'Google Analytics', 'Google Cloud CDN', 'Google Cloud DNS', 'Google Customer Reviews', 'Google Font API', 'Google My Business', 'Google Tag Manager', 'Harbor', 'Hello Elementor', 'Hotjar', 'Insightly', 'Instagram Follow Button', 'LiteCart', 'LiteSpeed', 'Microdata for Google Shopping', 'No-Q', 'Ntent', 'PHP', 'Pagekit', 'Perl', 'Post Views Counter', 'QUIC', 'Sitelinks Search Box', 'Smush Image Optimization', 'Table Addons for Elementor', 'Theme In WP', 'TrustIndex', 'UTF-8', 'Umbler', 'University or College', 'Woo Themes', 'WooCommerce', 'WooCommerce Checkout', 'WordPress', 'WordPress Multisite', 'YouTube', 'jQuery', 'reCAPTCHA']"
talspinecenter.com,"chiropractor Tallahassee, Tallahassee chiropractor Chiropractor Tallahassee Dr. Joseph Miller",,USA,82,35890,2026-09-13T11:11:21.312593588Z,"['Adult Content', 'Amazon', 'Cloudflare', 'Cloudflare CDN', 'Cloudflare Web Analytics', 'Content Delivery Network', 'Fireblade', 'Google Analytics', 'Google Maps', 'Google My Business', 'Google Tag Manager', 'Microdata for Google Shopping', 'On The Map', 'PHP', 'Tailwind CSS', 'Twitter Ads', 'UTF-8', 'UserWay']"
outsightcoaching.com,Outsight Coaching,,,55,675,2026-09-13T11:11:21.311047359Z,"['Alternate Protocol', 'Apture Linking Platform', 'Automattic', 'Complianz', 'Elementor', 'EmbedPress', 'Essential Addons for Elementor', 'GZIP Module', 'Google', 'Google Analytics', 'Google Cloud DNS', 'Google Font API', 'Google Related Website Sites', 'Google Tag Manager', 'Instagram Feed for WordPress', 'Jetpack', 'Microdata for Google Shopping', 'NFOrce Internet', 'Nginx', 'PHP', 'Premium Addons for Elementor', 'ProfilePress', 'Qi Addons For Elementor', 'Theme In WP', 'UTF-8', 'WP Rocket', 'Woo Themes', 'WordPress', 'WordPress Multisite', 'WordPress Stats', 'jQuery']"
aquaterradigital.net,#1 Digital Marketers For Irrigation Companies | AquaTerra Digital,,USA,82,17172,2026-09-13T11:11:21.309074345Z,"['Alternate Protocol', 'Amazon WAF Blocked', 'Anti-spam for WordPress', 'Astra Theme', 'CleanTalk Spam Protect', 'Cloudflare', 'Content Delivery Network', 'Elementor', 'EmbedPress', 'Facebook Conversion Tracking', 'Facebook Login', 'Facebook Messenger Platform', 'Facebook Pixel', 'Facebook Reseller', 'Facebook Tag API', 'Fireblade', 'FormSubmit', 'Google Analytics', 'Google My Business', 'Google Tag Manager', 'Instagram Follow Button', 'Microdata for Google Shopping', 'NFOrce Internet', 'PHP', 'QUIC', 'Site Kit', 'Sitelinks Search Box', 'Table Addons for Elementor', 'Theme In WP', 'Twitter Ads', 'UTF-8', 'WP Rocket', 'Woo Themes', 'WordPress', 'WordPress Multisite', 'WordPress Related Posts', 'YouTube', 'jQuery']"
crossfitmomentum.com,"Gym/Physical Fitness Center in Nyack - MOMENTUM'S FITNESS CLASSES IN NYACK, NY -CROSSFIT, HIIT, ENDURANCE, STRENGTH",,,60,10428,2026-09-13T11:11:21.309806788Z,"['AJAX Libraries API', 'Alternate Protocol', 'Automattic', 'CDN JS', 'Cloudflare', 'Cloudflare CDN', 'Content Delivery Network', 'EmbedPress', 'Facebook Conversion Tracking', 'Facebook Customer Chat SDK', 'Facebook Login', 'Facebook Messenger Platform', 'Facebook Pixel', 'Facebook Reseller', 'Facebook Tag API', 'Fireblade', 'Font Awesome', 'Google', 'Google Analytics', 'Google Cloud DNS', 'Google Font API', 'Google My Business', 'Google Tag Manager', 'Instagram Follow Button', 'Jetpack', 'Kinsta', 'Microdata for Google Shopping', 'Nginx', 'No-Q', 'Ntent', 'PHP', 'QUIC', 'Referrizer', 'Theme In WP', 'TrustIndex', 'UTF-8', 'WordPress', 'WordPress Multisite', 'WordPress Stats', 'Yelp Badge', 'jQuery']"
yourpuppybubbles.com,"Puppy Bubbles - Dog Grooming & SPA Salon on Mercer Island, WA",,JPN,77,30000,2026-09-13T11:11:21.30762458Z,"['AWS WAF Challenge', 'Fireblade', 'Google Analytics', 'Google My Business', 'Google Tag Manager', 'Nginx', 'QUIC', 'UTF-8', 'University or College', 'Yelp Badge', 'YouTube']"
jcinternational.lk,JC International Foreign Employment Agency – Empowering People. Building Futures.,,LKA,65,19492,2026-09-13T11:11:21.306353394Z,"['AWS WAF Challenge', 'Alternate Protocol', 'Cloudflare', 'Cloudflare CDN', 'Contact Form Plugin', 'Elementor', 'EmbedPress', 'Google', 'Google Analytics', 'Google Cloud CDN', 'Google Cloud DNS', 'Google Font API', 'Google My Business', 'Google Tag Manager', 'LiteSpeed', 'MailChimp for WordPress', 'NFOrce Internet', 'PHP', 'Site Kit', 'Slider Revolution', 'Theme In WP', 'UTF-8', 'WP Job Manager', 'WordPress', 'WordPress Multisite', 'YouTube', 'jQuery']"
bedfordunderwriters.com,Bedford Underwriters,,,57,135,2026-09-13T11:11:21.305165905Z,"['AJAX Libraries API', 'GZIP Module', 'Google Analytics', 'Google Cloud DNS', 'Google Tag Manager', 'ISO/IEC 8859', 'Microsoft Azure', 'Microsoft IIS', 'SiteW', 'Twitter Ads', 'Visual Studio', 'Write.as', 'jQuery']"
together-software.pl,Together Software — Internal tools & reporting (MVP 2–6 weeks),,POL,72,15000,2026-09-13T11:11:21.303038198Z,"['Alternate Protocol', 'Apache', 'Apture Linking Platform', 'Fireblade', 'GZIP Module', 'Google Analytics', 'Google Tag Manager', 'PHP', 'Perl', 'QUIC', 'UTF-8']"
idea.edu.pl,Idea,,POL,65,17108,2026-09-13T11:11:21.302457824Z,"['AJAX Libraries API', 'AWS WAF Challenge', 'Alternate Protocol', 'Apache', 'CDN JS', 'Cloudflare', 'Cloudflare CDN', 'Contact Form Plugin', 'EmbedPress', 'Font Awesome', 'GZIP Module', 'Google Analytics', 'Google Cloud DNS', 'Google Font API', 'Google My Business', 'Google Related Website Sites', 'Google Tag Manager', 'PHP', 'Theme In WP', 'UTF-8', 'WordPress', 'WordPress Multisite', 'jQuery', 'reCAPTCHA']"
pioneerseurope.org,Serving the unreached people groups - Pioneers Europe,Pioneers Europe,,65,17740,2026-09-13T11:11:21.301859953Z,"['Agoda', 'Alternate Protocol', 'Cloudflare', 'Cloudflare CDN', 'Cloudflare Web Analytics', 'Content Delivery Network', 'DAV', 'Elementor', 'EmbedPress', 'Fireblade', 'Google Analytics', 'Google Tag Manager', 'Gtranslate for Wordpress', 'Hello Elementor', 'Line2', 'LiteSpeed', 'Microdata for Google Shopping', 'NFOrce Internet', 'PHP', 'QUIC', 'QUIC.cloud', 'UTF-8', 'WordPress', 'WordPress Multisite']"
braininfinity.com,Brain Infinity Neurofeedback,,CHN,87,2861,2026-09-13T11:11:21.301012255Z,"['Alternate Protocol', 'Amazon', 'Amazon CloudFront', 'Amazon Route 53', 'Apache', 'AutoComplete', 'CloudFront', 'Column Shortcodes', 'Content Delivery Network', 'EmbedPress', 'Express', 'Fontello', 'GZIP Module', 'Google Analytics', 'Google Cloud DNS', 'Google Font API', 'Google Tag Manager', 'LayerSlider Responsive', 'Microdata for Google Shopping', 'PHP', 'Site Kit', 'Theme In WP', 'UTF-8', 'University or College', 'WP Rocket', 'WPML Multilingual', 'Woo Themes', 'WooCommerce', 'WooCommerce Checkout', 'WordPress', 'WordPress Multisite', 'YouTube', 'jQuery']"
naumovastudio.com.ua,Elena Naumova Studio,,UKR,67,5407,2026-09-13T11:11:21.300321174Z,"['Fastly', 'Font Awesome', 'Google', 'Google Analytics', 'Google Cloud DNS', 'Google Font API', 'Google Maps', 'Google Tag Manager', 'IcoMoon', 'Instagram Follow Button', 'Nginx', 'Subversion', 'Svelte', 'Tailwind CSS', 'Telegram', 'jQuery']"
bedfactree.co.uk,Premium Beds and Mattresses Online UK | Bed Factree,,PRK,77,25492,2026-09-13T11:11:21.300728248Z,"['AWS WAF Challenge', 'Alternate Protocol', 'Automattic', 'ClickOn', 'Cloudflare', 'Cloudflare CDN', 'DuracellTomi Google Tag Manager for WordPress', 'ElementUI', 'Elementor', 'EmbedPress', 'Express', 'Facebook Conversion Tracking', 'Facebook Login', 'Facebook Messenger Platform', 'Facebook Pixel', 'Facebook Reseller', 'Facebook Tag API', 'Google', 'Google Analytics', 'Google Cloud DNS', 'Google Font API', 'Google My Business', 'Google Related Website Sites', 'Google Tag Manager', 'Jetpack', 'Microdata for Google Shopping', 'NFOrce Internet', 'PHP', 'QUIC', 'Shopify', 'Shopify Collabs', 'Telegram', 'Theme In WP', 'Trustpilot Reviews for WordPress', 'UTF-8', 'WhatsApp Sharing', 'Woo Themes', 'WooCommerce', 'WooCommerce Checkout', 'WooCommerce Payments', 'WooFramework', 'WordPress', 'WordPress Multisite', 'WordPress Stats', 'XTemos Studio', 'eLand', 'jQuery', 'reCAPTCHA']"
the-angel.com,The Angel at Rose Hall Bed and Breakfast: Eureka Springs Arkansas,,ZAF,82,38092,2026-09-13T11:11:21.296976194Z,"['AWS WAF Challenge', 'Apture Linking Platform', 'Content Delivery Network', 'Fireblade', 'GetResponse', 'Google', 'Google Analytics', 'Google Cloud CDN', 'Google Related Website Sites', 'Google Tag Manager', 'Microdata for Google Shopping', 'Thank You', 'Think Reservations', 'UTF-8', 'Vercel', 'shadcn ui']"
etcproduce.com,ETC Produce & Provisions,ETC Produce & Provisions,USA,65,31333,2026-09-13T11:11:21.293114495Z,"['Adobe Creative Cloud WebFonts', 'Aruba', 'Express', 'Facebook Login', 'Facebook Messenger Platform', 'Facebook Pixel', 'Facebook Reseller', 'Facebook Tag API', 'GZIP Module', 'Google Analytics', 'Google Tag Manager', 'Instagram Follow Button', 'Line2', 'Microdata for Google Shopping', 'QUIC', 'SiteW', 'Squarespace', 'The Fresh', 'UTF-8', 'WordPress SEO Structured Data Schema Plugin', 'eLand']"
lifeandstyle.co.ke,Home - Life and Style Ceramics Limited,Life and Style Ceramics Limited,KEN,82,75090,2026-09-13T11:11:21.292092955Z,"['Alternate Protocol', 'Astra Theme', 'Cloudflare', 'DAV', 'Elementor', 'EmbedPress', 'Facebook Conversion Tracking', 'Facebook Login', 'Facebook Messenger Platform', 'Facebook Pixel', 'Facebook Reseller', 'Facebook Tag API', 'GitHub Hosting', 'Google', 'Google Adsense', 'Google Analytics', 'Google Cloud DNS', 'Google Font API', 'Google Funding Choices', 'Google Matched Content', 'Google My Business', 'Google No Site Links Search', 'Google Reseller', 'Google Tag Manager', 'KVH', 'Microdata for Google Shopping', 'NFOrce Internet', 'No-Q', 'PHP', 'QUIC', 'SMC', 'Site Kit', 'Subversion', 'Theme In WP', 'WPForms', 'Woo Themes', 'WordPress', 'WordPress Multisite', 'WordPress Related Posts', 'jQuery']"
petefowler.com,PFCS,"Pete Fowler Construction Services, Inc.",,50,3544,2026-09-13T11:11:21.291285608Z,"['AJAX Libraries API', 'Adobe Creative Cloud WebFonts', 'Aruba', 'DoubleClick Bid Manager', 'Express', 'GZIP Module', 'Google Analytics', 'Google Cloud DNS', 'Google Flights Conversion Tracking', 'Google My Business', 'Google Tag Manager', 'Hireology', 'Line2', 'LinkedIn Insights', 'Microdata for Google Shopping', 'QUIC', 'SiteW', 'Squarespace', 'UTF-8', 'WordPress SEO Structured Data Schema Plugin', 'eLand', 'jQuery']"
holzbau-partner.ch,Home - Holzbau Partner,Holzbau Partner AG,,60,794,2026-09-13T11:11:21.29023824Z,"['Adult Content', 'Alternate Protocol', 'DAV', 'Elementor', 'EmbedPress', 'GZIP Module', 'Google Analytics', 'Google Tag Manager', 'Hello Elementor', 'Instagram Feed for WordPress', 'Instagram Follow Button', 'JetElements', 'Matomo', 'Matomo Tag Manager', 'Microdata for Google Shopping', 'NFOrce Internet', 'Nginx', 'OoohBoi Steroids for Elementor', 'PHP', 'Theme In WP', 'UTF-8', 'WordPress', 'WordPress Multisite', 'jQuery']"
celikbau.com,Celikbau GmbH - Ihr Experte für Bauleistungen in Deutschland,Celikbau GmbH,,72,10081,2026-09-13T11:11:21.289572326Z,"['Alternate Protocol', 'Apache', 'Astra Theme', 'DAV', 'Elementor', 'EmbedPress', 'Google', 'Google Analytics', 'Google Cloud DNS', 'Google Font API', 'Google Related Website Sites', 'Google Tag Manager', 'Microdata for Google Shopping', 'NFOrce Internet', 'PHP', 'Theme In WP', 'UTF-8', 'Vector Internet Services', 'Woo Themes', 'WordPress', 'WordPress Multisite', 'WordPress Related Posts', 'jQuery']"
apclink.co,Salesmsg - Business Texting and Calling for Revenue Teams,"SalesMessage, Inc.",POL,77,190858,2026-09-13T11:11:21.289819889Z,"['AJAX Libraries API', 'Alternate Protocol', 'Amazon', 'Amazon CloudFront', 'App Store', 'Apture Linking Platform', 'ArvanCloud', 'CloudFront', 'Cloudflare', 'Content Delivery Network', 'Envoy', 'Facebook Conversion Tracking', 'Facebook Login', 'Facebook Messenger Platform', 'Facebook Pixel', 'Facebook Reseller', 'Facebook Tag API', 'FormSubmit', 'GZIP Module', 'Google', 'Google Analytics', 'Google Cloud DNS', 'Google Font API', 'Google My Business', 'Google Play', 'Google Tag Manager', 'Greenhouse', 'IcoMoon', 'Instagram Follow Button', 'Intercom', 'Microdata for Google Shopping', 'No-Q', 'Optibase', 'RM Education', 'Salesforce Hosted', 'Smart App Banner', 'Tailwind CSS', 'Twitter Ads', 'Typeform', 'UTF-8', 'WF Cookie Consent', 'Webflow', 'YouTube', 'jsDelivr']"
gaiagazer.com,GaiaGazer - Meaningful Travel and Experiences | GaiaGazer,,JPN,82,77152,2026-09-13T11:11:21.289234928Z,"['AddThis for Wordpress', 'Alternate Protocol', 'Amazon WAF Blocked', 'Apture Linking Platform', 'Baidu Cloud', 'CDN JS', 'Cloudflare', 'Cloudflare CDN', 'Cloudflare Web Analytics', 'Content Delivery Network', 'DAV', 'Disqus Comment System for WordPress', 'DoubleClick Bid Manager', 'EmbedPress', 'Facebook Conversion Tracking', 'Facebook Login', 'Facebook Messenger Platform', 'Facebook Pixel', 'Facebook Reseller', 'Facebook Tag API', 'Font Awesome', 'GDPR Consent Management Platform', 'GitHub Hosting', 'Google', 'Google Analytics', 'Google Cloud CDN', 'Google Cloud DNS', 'Google Font API', 'Google Maps', 'Google Matched Content', 'Google My Business', 'Google Recommendations AI', 'Google Reseller', 'Google Tag Manager', 'Harbor', 'Instagram Feed for WordPress', 'Instagram Follow Button', 'KVH', 'Lazy Load for WordPress', 'LiteSpeed', 'Media.net', 'Microdata for Google Shopping', 'Microsoft Ajax Content Delivery Network', 'Neighborhoods', 'O2MC Dimml', 'Oddle', 'Onyx Internet', 'PHP', 'Perl', 'QUIC', 'Sitelinks Search Box', 'StackPath', 'Storyblocks', 'Telegram', 'Theme In WP', 'Travelpayouts', 'Twitter Ads', 'UTF-8', 'Vello', 'Vimeo', 'WP Rocket', 'WhatsApp Sharing', 'WordPress', 'WordPress Multisite', 'Yandex Hosting', 'YouTube', 'eLand', 'jQuery']"
movementkitchen.co.uk,Movement Kitchen – Home,,GBR,72,3940,2026-09-13T11:11:21.28821479Z,"['Apture Linking Platform', 'Content Delivery Network', 'Fastly', 'GZIP Module', 'Gatsby JS', 'GitHub Hosting', 'Google Analytics', 'Google Cloud DNS', 'Google Font API', 'Google My Business', 'Google Tag Manager', 'Instagram Follow Button', 'NFOrce Internet', 'UTF-8', 'YouTube']"
quintesourcewater.com,Home | Source Water Protection,,CAN,67,18640,2026-09-13T11:11:21.288572059Z,"['Alternate Protocol', 'CDN JS', 'Cloudflare', 'Cloudflare CDN', 'Content Delivery Network', 'Fireblade', 'Google', 'Google Analytics', 'Google Cloud DNS', 'Google Custom Search', 'Google Font API', 'Google My Business', 'Google Tag Manager', 'Instagram Follow Button', 'UTF-8', 'YouTube', 'reCAPTCHA']"
phelosoliman.com,Phelo Soliman,,,52,,2026-09-13T11:11:21.287693544Z,"['Content Delivery Network', 'GitHub Hosting', 'Google Analytics', 'Google Tag Manager', 'Next.js', 'Tailwind CSS', 'UTF-8', 'Vercel', 'shadcn ui']"
hancockplasteringpainting.co.uk,"Plastering & Painting, Middlesex & Home Counties | Hancock",,GBR,82,336,2026-09-13T11:10:26.150930403Z,"['Amazon WAF Blocked', 'Apture Linking Platform', 'Content Delivery Network', 'FormSubmit', 'Google Analytics', 'Google Tag Manager', 'Microdata for Google Shopping', 'Perl', 'QUIC', 'Thank You', 'UTF-8', 'Vercel']"
persistentroi.com,Best Digital Marketing Agency | Persistent ROI,Persistent ROI,,82,19189,2026-09-13T10:58:09.109154852Z,"['AWS WAF Challenge', 'Alternate Protocol', 'Amazon WAF Blocked', 'Astra Theme', 'Better Lead Generation Services', 'CDN JS', 'Cloudflare', 'Cloudflare CDN', 'Elementor', 'Elementor Addon Elements', 'EmbedPress', 'Essential Addons for Elementor', 'Font Awesome', 'Google Analytics', 'Google Cloud DNS', 'Google Font API', 'Google My Business', 'Google Related Website Sites', 'Google Tag Manager', 'Gravity', 'Gravity Forms', 'Metronet Profile Picture', 'Microdata for Google Shopping', 'NFOrce Internet', 'PHP', 'QUIC', 'Sitelinks Search Box', 'Table Addons for Elementor', 'Theme In WP', 'UTF-8', 'Woo Themes', 'WordPress', 'WordPress Multisite', 'WordPress Related Posts', 'jQuery', 'reCAPTCHA']"
logodesignhouston.com,Logo Design | Houston,,USA,55,603,2026-09-13T10:58:09.108520826Z,"['Alternate Protocol', 'Contact Form Plugin', 'Content Delivery Network', 'EmbedPress', 'Fastly', 'GZIP Module', 'Google Analytics', 'Google Cloud DNS', 'Google Font API', 'Google My Business', 'PHP', 'Theme In WP', 'Twenty Fourteen', 'Twitter Ads', 'UTF-8', 'WordPress', 'WordPress Multisite', 'jQuery', 'reCAPTCHA']"
gopaliyasteno.com,Gopaliya Steno Classes | Best Steno Classes in Jaipur,,IND,82,99,2026-09-13T10:58:09.108120593Z,"['Apture Linking Platform', 'Font Awesome', 'Google Analytics', 'Google Tag Manager', 'PHP', 'QUIC', 'Telegram', 'UTF-8', 'YouTube', 'jQuery']"
ashlove.me,ashlove,,,72,1213,2026-09-13T10:58:09.106278296Z,"['Adobe Creative Cloud WebFonts', 'Alternate Protocol', 'Aruba', 'Express', 'Facebook Login', 'Facebook Messenger Platform', 'Facebook Pixel', 'Facebook Reseller', 'Facebook Tag API', 'GZIP Module', 'Google Analytics', 'Google Tag Manager', 'Instagram Follow Button', 'Line2', 'Microdata for Google Shopping', 'QUIC', 'Squarespace', 'Twitter Ads', 'UTF-8', 'WordPress SEO Structured Data Schema Plugin', 'eLand']"
wildboysllc.com,Wild Boys LLC In Athens AL - Wild Boys LLC in Athens AL - Wild Boys,,USA,72,2908,2026-09-13T10:58:09.106063784Z,"['GZIP Module', 'Google', 'Google Analytics', 'Google Cloud DNS', 'Google Font API', 'Google Tag Manager', 'IcoMoon', 'Tailwind CSS', 'UTF-8', 'jQuery']"
dink.social,Dink - App and management system for your sports club,,ITA,77,50300,2026-09-13T10:58:09.105725594Z,"['Alternate Protocol', 'App Store', 'DAV', 'GitHub Hosting', 'Google Analytics', 'Google My Business', 'Google Play', 'Google Tag Manager', 'Instagram Follow Button', 'Iubenda', 'Nuxt.js', 'SMC', 'Tailwind CSS', 'UTF-8', 'YouTube']"
manorhousecyber.com,Manorhouse Cybersecurity | Freehold | Cybersecurity Services,Manorhouse Cybersecurity Consulting,,77,108535,2026-09-13T10:58:09.104985549Z,"['34SP.com', 'AWS WAF Challenge', 'About Cookies', 'Cloudflare', 'Cloudflare CDN', 'Cloudflare Web Analytics', 'Coming Soon Page', 'Corporate Governance and Regulatory Compliance', 'DAV', 'Express', 'Financial Services Guide', 'Fireblade', 'Font Awesome', 'Google Analytics', 'Google My Business', 'Google Tag Manager', 'M247', 'Material-UI', 'NFOrce Internet', 'Network Advertising Initiative', 'Oddle', 'Perl', 'Pico CSS', 'QUIC', 'SMC', 'Thank You', 'Twitter Ads', 'UENI', 'UTF-8', 'Underscores', 'Vector Internet Services']"
hotelrichelieufontainebleau.com,∞ Hotel in Fontainebleau | The Richelieu,,FRA,82,5999,2026-09-13T10:58:09.104341448Z,"['Adobe Creative Cloud WebFonts', 'Book Direct', 'Express', 'Facebook Login', 'Facebook Reseller', 'Font Awesome', 'GZIP Module', 'Google Analytics', 'Google Cloud DNS', 'Google Font API', 'Google Maps', 'Google My Business', 'Google Tag Manager', 'NFOrce Internet', 'Nginx', 'Parallels Plesk Panel', 'ReservIT', 'Tailwind CSS', 'UTF-8', 'YouTube', 'reCAPTCHA', 'tarteaucitron.js']"
t50gymnastics.co.uk,Home - T50 Gymnastics,,GBR,72,2008,2026-09-13T10:58:09.103836176Z,"['Alternate Protocol', 'Content Delivery Network', 'EmbedPress', 'Formidable Pro Form', 'Google Analytics', 'Google Cloud DNS', 'Google Cloud Storage', 'Google Font API', 'Google Related Website Sites', 'Google Tag Manager', 'LiteSpeed', 'Microdata for Google Shopping', 'PHP', 'Sapper', 'Sitelinks Search Box', 'Thank You', 'Theme In WP', 'UTF-8', 'WP GDPR Compliance', 'WordPress', 'WordPress Multisite', 'jQuery']"
aboutthamesditton.co.uk,About Thames Ditton – The directory of who's who and what's what around about Thames Ditton,,,55,503,2026-09-13T10:58:09.103514913Z,"['Alternate Protocol', 'Apture Linking Platform', 'Elementor', 'EmbedPress', 'Google Analytics', 'Google Cloud DNS', 'Google Font API', 'Google Related Website Sites', 'Google Tag Manager', 'Hello Elementor', 'NFOrce Internet', 'Nginx', 'QUIC', 'UTF-8', 'University or College', 'WordPress', 'WordPress Multisite', 'jQuery']"
hotdogcharlies.com,Hot Dog Charlie's - Best Fast Food Restaurant in Cohoes,,USA,77,5427,2026-09-13T10:58:09.102548345Z,"['ElementUI', 'Fastly', 'GZIP Module', 'Google Analytics', 'Google My Business', 'Google Tag Manager', 'IcoMoon', 'Microsoft Authentication Library for JavaScript', 'QUIC', 'Tailwind CSS', 'Toast POS', 'UTF-8', 'WP Job Manager', 'jQuery']"
60something.eu,Home - 60 Something,60something.eu,GBR,77,7582,2026-09-13T10:58:09.101440406Z,"['Alternate Protocol', 'Astra Theme', 'Content Delivery Network', 'Elementor', 'EmbedPress', 'Google Analytics', 'Google Cloud DNS', 'Google Font API', 'Google My Business', 'Google Tag Manager', 'Instagram Follow Button', 'LiteSpeed', 'Microdata for Google Shopping', 'MonsterInsights', 'NFOrce Internet', 'PHP', 'QUIC', 'QUIC.cloud', 'Twitter Ads', 'UTF-8', 'Vector Internet Services', 'WordPress', 'WordPress Multisite', 'jQuery']"
heirloomtomatofarm.com,"Heirloom Tomato Farms - Denver, Colorado",,,77,1681,2026-09-13T10:58:09.101569291Z,"['Adobe Creative Cloud WebFonts', 'Aruba', 'Express', 'Facebook Login', 'Facebook Messenger Platform', 'Facebook Pixel', 'Facebook Reseller', 'Facebook Tag API', 'GZIP Module', 'Google Analytics', 'Google Tag Manager', 'IcoMoon', 'Instagram Follow Button', 'Line2', 'Microdata for Google Shopping', 'QUIC', 'Squarespace', 'UTF-8', 'WordPress SEO Structured Data Schema Plugin', 'eLand']"
completeinhomecare.com.au,Professional Care Services for Individuals - Complete Inhome Care,Complete Inhome Care,AUS,72,1180,2026-09-13T10:58:09.098533224Z,"['Alternate Protocol', 'Bridge', 'Contact Form Plugin', 'Content Delivery Network', 'EmbedPress', 'Font Awesome', 'Google Analytics', 'Google Cloud DNS', 'Google Font API', 'Instagram Follow Button', 'Jetpack', 'Jetpack Site Accelerator', 'LayerSlider Responsive', 'LiteSpeed', 'Microdata for Google Shopping', 'PHP', 'Pleroma', 'QUIC', 'Schema Plugin', 'Sitelinks Search Box', 'Slider Revolution', 'Theme In WP', 'UTF-8', 'WPBakery', 'WordPress', 'WordPress Multisite', 'WordPress Stats', 'Zopim', 'jQuery']"
metalfrio.com.ru,Metalfrio Solutions,,RUS,77,20000,2026-09-13T10:58:09.097990026Z,"['ADFOX', 'Baidu Cloud', 'DDoS-GUARD', 'GZIP Module', 'Google Analytics', 'Google My Business', 'Google Related Website Sites', 'Google Tag Manager', 'Microdata for Google Shopping', 'Schema Plugin', 'Tilda', 'UTF-8', 'Vector Internet Services', 'Vimeo', 'Yandex Hosting', 'Yandex Metrika']"
jilawater.com.au,Whole House Water Filter Brisbane | Installed & Assessed | Jila Water,,AUS,77,56012,2026-09-13T10:58:09.097285204Z,"['Alternate Protocol', 'Amazon WAF Blocked', 'Anti-spam for WordPress', 'Apture Linking Platform', 'Azion', 'CleanTalk Spam Protect', 'Cloudflare', 'Content Delivery Network', 'Cornerstone', 'DAV', 'Elementor', 'EmbedPress', 'Essential Addons for Elementor', 'Facebook Conversion Tracking', 'Facebook Login', 'Facebook Messenger Platform', 'Facebook Pixel', 'Facebook Reseller', 'Facebook Tag API', 'Fireblade', 'Google', 'Google Analytics', 'Google Customer Reviews', 'Google Maps', 'Google My Business', 'Google Tag Manager', 'Instagram Follow Button', 'Lazy Load for WordPress', 'Microdata for Google Shopping', 'NFOrce Internet', 'On The Map', 'OpenAI', 'PHP', 'Perl', 'QUIC', 'Sitelinks Search Box', 'To Top', 'UTF-8', 'WP Rocket', 'Wangsu', 'WordPress', 'WordPress Multisite', 'eLand']"
fernandocalil.com,Portfolio of Fernando Calil - Software Developer,,BRA,72,115810,2026-09-13T10:58:09.096457467Z,"['AWS WAF Challenge', 'Content Delivery Network', 'DAV', 'GitHub Hosting', 'Google Analytics', 'Google My Business', 'Google Tag Manager', 'IPFS', 'K2F', 'KVH', 'Next.js', 'No-Q', 'Pleroma', 'Python', 'QUIC', 'SMC', 'Subversion', 'Tailwind CSS', 'UTF-8', 'Vector Internet Services', 'Vercel', 'shadcn ui']"
ascendingarts.exchange,Ascending Arts,,,72,91373,2026-09-13T10:58:09.094718106Z,"['AJAX Libraries API', 'AWS WAF Challenge', 'Adobe Creative Cloud WebFonts', 'Aruba', 'Express', 'GZIP Module', 'Google Analytics', 'Google Cloud DNS', 'Google Tag Manager', 'Instagram Follow Button', 'Line2', 'Magento Enterprise', 'Microdata for Google Shopping', 'QUIC', 'SiteW', 'Squarespace', 'UTF-8', 'WordPress SEO Structured Data Schema Plugin', 'YouTube', 'eLand', 'jQuery']"
nmsaindia.com,Navi Mumbai Sports Association | World class club in Vashi since 1981,,IND,55,181,2026-09-13T10:58:09.094530162Z,"['Alternate Protocol', 'Contact Form Plugin', 'Divi', 'Elegant Themes', 'EmbedPress', 'Google Analytics', 'Google Cloud DNS', 'Google Font API', 'Google My Business', 'Google Tag Manager', 'Instagram Follow Button', 'LiteSpeed', 'PHP', 'Popup Maker for Wordpress', 'Theme In WP', 'UTF-8', 'WP PageNavi', 'WordPress', 'WordPress Multisite', 'YouTube', 'jQuery']"
thesocialsiouxfalls.com,"Wedding & Event Venue In Sioux Falls, SD - The Social In Sioux Falls, SD - The Social",,USA,72,2908,2026-09-13T10:58:09.0938587Z,"['GZIP Module', 'Google', 'Google Analytics', 'Google Cloud DNS', 'Google Font API', 'Google My Business', 'Google Tag Manager', 'IcoMoon', 'Instagram Follow Button', 'Tailwind CSS', 'UTF-8', 'jQuery']"
gowilliamsburg.com,Williamsburg Visitors' Guide | Historical Adventure,,USA,82,56838,2026-09-13T10:58:09.09277009Z,"['Ajax Search Pro for Wordpress', 'Alternate Protocol', 'Analytify', 'CDN JS', 'Chatbase', 'Cloudflare', 'Cloudflare CDN', 'Content Delivery Network', 'Elementor', 'EmbedPress', 'Font Awesome', 'Getty Images Embed', 'Google', 'Google Analytics', 'Google Cloud CDN', 'Google Maps', 'Google My Business', 'Google Tag Manager', 'Gravity', 'Hello Elementor', 'LiteSpeed', 'Microdata for Google Shopping', 'NFOrce Internet', 'PHP', 'Pico CSS', 'SMC', 'Sitelinks Search Box', 'SmartCrawl', 'Tailwind CSS', 'Twitter Ads', 'UTF-8', 'WordPress', 'WordPress Multisite', 'YouTube', 'hCaptcha', 'jQuery', 'qTranslate']"
talent-arcade.com,Talent Arcade,,,55,2501,2026-09-13T10:58:09.091500606Z,"['Alternate Protocol', 'Blocksy', 'Content Delivery Network', 'Elementor', 'ElementsKit Elementor', 'EmbedPress', 'Essential Addons for Elementor', 'Google Analytics', 'Google Cloud DNS', 'Google Font API', 'Google Tag Manager', 'Gravity', 'Gravity Forms', 'HappyAddons', 'Header, Footer and Blocks for Elementor', 'LiteSpeed', 'NFOrce Internet', 'PHP', 'Premium Addons for Elementor', 'QUIC', 'RM Education', 'Royal Elementor Addons', 'Theme In WP', 'To Top', 'UTF-8', 'WordPress', 'WordPress Multisite', 'jQuery']"
geekunicorn.com,Geek Unicorn Inc. | Geek Unicorn,Geek Unicorn,,65,5474,2026-09-13T10:58:09.091906998Z,"['Alternate Protocol', 'CheryFramework', 'ConvertPlug', 'Cornerstone', 'EmbedPress', 'Endurance Page Cache', 'Facebook Conversion Tracking', 'Facebook Login', 'Facebook Messenger Platform', 'Facebook Pixel', 'Facebook Reseller', 'Facebook Tag API', 'Fastly', 'Google Analytics', 'Google Cloud DNS', 'Google Customer Reviews', 'Google Font API', 'Google My Business', 'Google Related Website Sites', 'Google Tag Manager', 'Gravity', 'Instagram Follow Button', 'MailChimp', 'Microdata for Google Shopping', 'Nginx', 'PHP', 'QUIC', 'Theme In WP', 'TrustIndex', 'Woo Themes', 'WooCommerce', 'WooCommerce Checkout', 'WordPress', 'WordPress Multisite', 'YouTube', 'eLand', 'jQuery', 'reCAPTCHA']"
terralandworks-vm.com,Terra Land Works,,,60,25981,2026-09-13T10:58:09.090873882Z,"['Aruba', 'Express', 'FormSubmit', 'GZIP Module', 'Google Analytics', 'Google Tag Manager', 'Line2', 'Magento Enterprise', 'Microdata for Google Shopping', 'NFOrce Internet', 'Newsletter for Wordpress', 'Pico CSS', 'QUIC', 'SiteW', 'Squarespace', 'UTF-8', 'WordPress SEO Structured Data Schema Plugin', 'eLand']"
webitlandscapingandlawncare2.com,In Sioux Falls SD - Lawn Ranger Landscaping & Lawn Care,,USA,72,54468,2026-09-13T10:58:09.090733831Z,"['Amazon S3 CDN', 'CDN JS', 'Cloudflare', 'Cloudflare CDN', 'GZIP Module', 'Google', 'Google Analytics', 'Google Cloud DNS', 'Google Font API', 'Google Tag Manager', 'IcoMoon', 'SMC', 'Storyblocks', 'Tailwind CSS', 'UTF-8', 'jQuery', 'reCAPTCHA']"
lagarcia.us,About Me - Luis A. Garcia,,,65,3120,2026-09-13T10:58:09.090165584Z,"['Alternate Protocol', 'CDN JS', 'Cloudflare', 'Cloudflare CDN', 'Content Delivery Network', 'Fastly', 'GZIP Module', 'GitHub Hosting', 'Google Analytics', 'Google My Business', 'Google Related Website Sites', 'Jekyll', 'Microdata for Google Shopping', 'PWA', 'Schema Plugin', 'Twitter Ads', 'UTF-8', 'University or College']"
doares.com,Front Page - doares.com,doares.com,,72,88437,2026-09-13T10:58:09.089376355Z,"['AWS WAF Challenge', 'Alternate Protocol', 'Cloudflare', 'Cloudflare CDN', 'Colibri', 'Colibri Page Builder', 'Content Delivery Network', 'EmbedPress', 'Express', 'Font Awesome', 'Google', 'Google Analytics', 'Google Cloud DNS', 'Google Font API', 'Google My Business', 'Google Tag Manager', 'IcoMoon', 'Icons8', 'KVH', 'LiteSpeed', 'Microdata for Google Shopping', 'PHP', 'Pleroma', 'SMC', 'Subversion', 'UTF-8', 'WordPress', 'WordPress Multisite', 'jQuery', 'shadcn ui']"
hopesorg.com,Home - hopesorg.com,,IND,80,17855,2026-09-13T10:58:09.089941297Z,"['Adult Content', 'Alternate Protocol', 'Astra Theme', 'Content Delivery Network', 'Elementor', 'EmbedPress', 'Express', 'Fireblade', 'FormSubmit', 'Google Analytics', 'Google Cloud DNS', 'Google Font API', 'Google Tag Manager', 'Instagram Follow Button', 'Line2', 'LiteSpeed', 'Metform Elemento', 'Microdata for Google Shopping', 'NFOrce Internet', 'PHP', 'QUIC', 'QUIC.cloud', 'UTF-8', 'Woo Themes', 'WordPress', 'WordPress Multisite', 'WordPress Related Posts']"
ezenwasworld.com,"EZENWA'S WORLD by Ezenwa Ilabor | Lifestyle, Beauty & Wellness",,,77,77036,2026-09-13T10:58:09.089516896Z,"['AJAX Libraries API', 'Adobe Creative Cloud WebFonts', 'Alternate Protocol', 'Aruba', 'Express', 'FormSubmit', 'GZIP Module', 'Google Analytics', 'Google Cloud DNS', 'Google My Business', 'Google Tag Manager', 'IcoMoon', 'Instagram Follow Button', 'Line2', 'Magento Enterprise', 'Microdata for Google Shopping', 'Newsletter for Wordpress', 'Pico CSS', 'QUIC', 'SiteW', 'Squarespace', 'UTF-8', 'WordPress SEO Structured Data Schema Plugin', 'YouTube', 'eLand', 'jQuery']"
casadeliabacalar.com,Home | Casa Delia Hotel Downtown,,PHL,75,57293,2026-09-13T10:58:09.088926136Z,"['Alternate Protocol', 'Amazon', 'Amazon CloudFront', 'Amazon Route 53', 'Amazon S3 CDN', 'CloudFront', 'Content Delivery Network', 'ElementUI', 'Font Awesome', 'GZIP Module', 'Google Analytics', 'Google Cloud DNS', 'Google Maps', 'Google My Business', 'Google Tag Manager', 'IcoMoon', 'Imgix', 'Instagram Follow Button', 'Little Hotelier', 'Microdata for Google Shopping', 'SMC', 'SiteMinder']"
premierpressurewashingoh.com,Pressure Washing In Springfield OH - Premier Pressure Washing & Property Maintenance in Springfield OH - Premier Pressure Washing and Property Maintenace,,,62,2908,2026-09-13T10:58:09.08573738Z,"['GZIP Module', 'Google', 'Google Analytics', 'Google Cloud DNS', 'Google Font API', 'Google My Business', 'Google Tag Manager', 'IcoMoon', 'QUIC', 'Tailwind CSS', 'UTF-8', 'YouTube', 'jQuery']"
toothwizz.com,ToothWizz,,USA,65,1885,2026-09-13T10:58:09.084106834Z,"['Alternate Protocol', 'Elementor', 'ElementsKit Elementor', 'EmbedPress', 'Essential Addons for Elementor', 'Express', 'GZIP Module', 'Google Analytics', 'Google Tag Manager', 'Header, Footer and Blocks for Elementor', 'Hello Elementor', 'NFOrce Internet', 'Nginx', 'QUIC', 'UTF-8', 'WP Fastest Cache', 'WordPress', 'WordPress Multisite']"
biegiolsztyn.pl,BiegiOlsztyn.pl – biegi w Olsztynie – Największe imprezy biegowe Warmii i Mazur. Biegi w Olsztynie.,,,55,15063,2026-09-13T10:58:09.082677129Z,"['Alternate Protocol', 'Contact Form Plugin', 'EmbedPress', 'Google', 'Google Analytics', 'Google Cloud DNS', 'Google Font API', 'Google Tag Manager', 'LiteSpeed', 'PHP', 'SMC', 'Theme In WP', 'UTF-8', 'WordPress', 'WordPress Multisite', 'jQuery']"
mickcookson.co.uk,Mick Cookson Photography,,,67,76069,2026-09-13T10:58:09.082031145Z,"['Aruba', 'Express', 'FormSubmit', 'GZIP Module', 'Google Analytics', 'Google Tag Manager', 'Instagram Follow Button', 'Line2', 'Magento Enterprise', 'Microdata for Google Shopping', 'QUIC', 'SiteW', 'Squarespace', 'Tailwind CSS', 'Thank You', 'UTF-8', 'WordPress SEO Structured Data Schema Plugin', 'eLand']"
beehivestorageheber.com,"Self Storage Units & Indoor RV Parking in Heber, UT | Beehive Storage",Beehive Storage,USA,77,99430,2026-09-13T10:58:09.082437818Z,"['34SP.com', 'Alternate Protocol', 'Cloudflare', 'Cloudflare Web Analytics', 'ContentBox', 'DAV', 'Eber', 'Financial Services Guide', 'GZIP Module', 'GitHub Hosting', 'Google', 'Google Analytics', 'Google Cloud DNS', 'Google Font API', 'Google Tag Manager', 'Hexo', 'Idaq', 'KVH', 'Line2', 'MediaPlatform', 'No-Q', 'Phew', 'QUIC', 'Sitelinks Search Box', 'Subversion', 'UTF-8', 'University or College']"
remalsinai.com,Sharm El Sheikh Excursions & Egypt Tours | Remal Sinai, Remal Sinai,EGY,77,19088,2026-09-13T10:58:09.08173556Z,"['AWS WAF Challenge', 'Alternate Protocol', 'CDN JS', 'Cloudflare', 'Cloudflare CDN', 'Cloudflare Turnstile', 'Content Delivery Network', 'Facebook Conversion Tracking', 'Facebook Login', 'Facebook Messenger Platform', 'Facebook Pixel', 'Facebook Reseller', 'Facebook Tag API', 'Google Analytics', 'Google Related Website Sites', 'Google Tag Manager', 'IcoMoon', 'Instagram Follow Button', 'LiteSpeed', 'Metricool', 'Microdata for Google Shopping', 'QUIC', 'Telegram', 'UTF-8', 'Yandex Hosting']"
dglengineering.co.uk,"Machining, Repairs & Prototypes DGL Engineering Northamptonshire",DGL Engineering Ltd,GBR,67,75973,2026-09-13T10:58:09.078340925Z,"['Aruba', 'Better Lead Generation Services', 'Express', 'GZIP Module', 'Google Analytics', 'Google Tag Manager', 'Instagram Follow Button', 'Line2', 'Magento Enterprise', 'Microdata for Google Shopping', 'QUIC', 'SiteW', 'Squarespace', 'UTF-8', 'WordPress SEO Structured Data Schema Plugin', 'eLand']"
savtans.com,"SAV Express Trucking, Brokerage & Online Logistics",,,67,228,2026-09-13T10:58:09.078224689Z,"['AJAX Libraries API', 'Alternate Protocol', 'Contact Form Plugin', 'Content Delivery Network', 'EmbedPress', 'Express', 'GZIP Module', 'Google Analytics', 'Google Cloud DNS', 'Google Font API', 'Google Maps', 'Google My Business', 'Google Tag Manager', 'Microdata for Google Shopping', 'Nginx', 'PHP', 'QUIC', 'SVG Support', 'Slider Revolution', 'Theme In WP', 'Twitter Ads', 'UTF-8', 'WP Super Cache', 'WPBakery', 'Woo Themes', 'WordPress', 'WordPress Multisite', 'WordPress Related Posts', 'YouTube', 'jQuery']"
williammacaskill.com,William MacAskill,Centre for Effective Altruism,GBR,75,19453,2026-09-13T10:58:09.077657774Z,"['AWS WAF Challenge', 'Amazon', 'Aruba', 'Express', 'GZIP Module', 'Google Analytics', 'Google Related Website Sites', 'Google Tag Manager', 'Line2', 'Microdata for Google Shopping', 'QUIC', 'SiteW', 'Squarespace', 'Storyblocks', 'UTF-8', 'University or College', 'WordPress SEO Structured Data Schema Plugin', 'YouTube', 'eLand']"
reticonsulting.net,"Reti Consulting | Unlocking Potential, Transforming Organisations",Reti Consulting,AUS,57,10861,2026-09-13T10:58:09.076767603Z,"['Alternate Protocol', 'Autoptimize', 'Beaver Builder Lite', 'Content Delivery Network', 'Contento', 'EmbedPress', 'Fastly', 'Font Awesome', 'GZIP Module', 'Google', 'Google Analytics', 'Google Cloud DNS', 'Google Font API', 'Google Tag Manager', 'Microdata for Google Shopping', 'PHP', 'UTF-8', 'WordPress', 'WordPress Multisite', 'YouTube', 'jQuery']"
sanjuankayak.com,San Juan Kayak Expeditions | Oldest Sea Kayaking Outfitter in the Islands,San Juan Kayak Expeditions,PRI,82,41609,2026-09-13T10:58:09.076314079Z,"['AWS WAF Challenge', 'Alternate Protocol', 'Cloudflare', 'Cloudflare CDN', 'Content Delivery Network', 'EmbedPress', 'FareHarbor', 'Fastly', 'Fireblade', 'Font Awesome', 'GZIP Module', 'GenerateBlocks', 'Genesis Blocks', 'Google', 'Google Analytics', 'Google Cloud DNS', 'Google Font API', 'Google Maps', 'Google My Business', 'Google Tag Manager', 'Harbor', 'Instagram Follow Button', 'KAYAK', 'Klaviyo', 'Microdata for Google Shopping', 'Ntent', 'PHP', 'Peek', 'Simple Social Icons', 'Sitelinks Search Box', 'Slider Revolution', 'StudioPress', 'The SEO Framework', 'Theme In WP', 'TrustIndex', 'UTF-8', 'WPForms', 'WordPress', 'WordPress Multisite', 'jQuery']"
shiprockcarmel.com,Carmel Highlands Home For Rent - Luxury Rental - Carmel - Pebble Beach,,,82,122107,2026-09-13T10:58:09.072160079Z,"['AWS WAF Challenge', 'Amazon CloudFront', 'Apture Linking Platform', 'CDN JS', 'CloudFront', 'Cloudflare', 'Cloudflare CDN', 'Cloudflare Web Analytics', 'Cloudinary', 'Coming Soon Page', 'Content Delivery Network', 'ETranslate', 'Express', 'Facebook Conversion Tracking', 'Facebook Login', 'Facebook Messenger Platform', 'Facebook Pixel', 'Facebook Reseller', 'Facebook Tag API', 'Fireblade', 'FormSubmit', 'GTranslate', 'GitHub Hosting', 'Global Privacy Control', 'Google', 'Google Analytics', 'Google Cloud DNS', 'Google Font API', 'Google Maps', 'Google My Business', 'Google Retail Product Discovery', 'Google Tag Manager', 'Instagram Follow Button', 'Line2', 'Luxury Presence', 'Neighborhoods', 'PHP', 'Parcel', 'Perl', 'RM Education', 'SMC', 'Spark Platform', 'Thank You', 'Twitter Ads', 'UTF-8', 'Vimeo', 'Yelp Badge', 'YouTube', 'jQuery', 'jsDelivr', 'shadcn ui']"
regenerativemasters.com,Cellular Therapy And Treatment | Regenerative Masters,Regenerative Masters,USA,82,16748,2026-09-13T10:58:09.071839527Z,"['AWS WAF Challenge', 'Alternate Protocol', 'Content Delivery Network', 'Elementor', 'EmbedPress', 'Express', 'GZIP Module', 'Google Analytics', 'Google Maps', 'Google My Business', 'Google Tag Manager', 'Hello Elementor', 'Image Hotspot by DevVN', 'Microdata for Google Shopping', 'NFOrce Internet', 'Nginx', 'Ntent', 'PHP', 'Table Addons for Elementor', 'Theme In WP', 'UTF-8', 'Ubuntu', 'WordPress', 'WordPress Multisite', 'jQuery']"
gagliano.law,Aviation Lawyer - Board Certified Airplane Attorney - Gagliano Law,Gagliano Law Firm,,82,27468,2026-09-13T10:58:09.071308836Z,"['AWS WAF Challenge', 'Alternate Protocol', 'Content Delivery Network', 'Elementor', 'EmbedPress', 'Fastly', 'GZIP Module', 'Google Analytics', 'Google Related Website Sites', 'Google Tag Manager', 'Hello Elementor', 'Instagram Follow Button', 'Microdata for Google Shopping', 'NFOrce Internet', 'Perl', 'RM Education', 'Twitter Ads', 'UTF-8', 'WordPress', 'WordPress Multisite', 'YouTube', 'jQuery']"
topk9nosh.com,Top K9 Nosh | Raw Dog Food North Wales | Call: 07544 369 479,TopK9Nosh,CAN,92,1827,2026-09-13T10:58:09.065329765Z,"['Alternate Protocol', 'Apache', 'Content Delivery Network', 'Elementor', 'EmbedPress', 'GZIP Module', 'Google Analytics', 'Google Tag Manager', 'Hello Elementor', 'Instagram Follow Button', 'Microdata for Google Shopping', 'NFOrce Internet', 'PHP', 'QUIC', 'Theme In WP', 'UTF-8', 'Woo Themes', 'WooCommerce', 'WooCommerce Checkout', 'WordPress', 'WordPress Multisite', 'jQuery']"
cintiafalcao.com.br,Cintia Falcao - Portfolio,,NLD,70,18228,2026-09-13T10:58:09.065516096Z,"['AWS WAF Challenge', 'Content Delivery Network', 'ElementUI', 'Fastly', 'GZIP Module', 'GitHub Hosting', 'Google Analytics', 'Google Tag Manager', 'IcoMoon', 'LottieFiles', 'Tailwind CSS', 'Twitter Ads', 'UTF-8']"
hotellittapalace.com,Home - Official Website - Best Price Guarantee | Hotel Litta Palace,,ITA,70,6720,2026-09-13T10:58:09.06287768Z,"['Alternate Protocol', 'Booking Affiliate', 'Google Analytics', 'Google Related Website Sites', 'Google Tag Manager', 'Instagram Follow Button', 'Microdata for Google Shopping', 'Nginx', 'UTF-8', 'Vertical Booking']"
genprideseattle.org,GenPride,GenPride,USA,87,9726,2026-09-13T10:58:09.06295102Z,"['3D FlipBook', '501c3 Status Nonprofit', 'AJAX Libraries API', 'Alternate Protocol', 'Astra Theme', 'Automattic', 'BambooHR', 'Bunny Fonts', 'Content Delivery Network', 'DuracellTomi Google Tag Manager for WordPress', 'EmbedPress', 'Fastly', 'GS Logo Slider', 'GZIP Module', 'Google Adsense', 'Google Analytics', 'Google Cloud DNS', 'Google Funding Choices', 'Google Matched Content', 'Google My Business', 'Google Reseller', 'Google Tag Manager', 'InitiativeS', 'Jetpack', 'MailChimp', 'Microdata for Google Shopping', 'PHP', 'Site Kit', 'Theme In WP', 'UTF-8', 'WordPress', 'WordPress Multisite', 'WordPress Related Posts', 'WordPress Stats', 'YouTube', 'jQuery', 'jsDelivr', 'myStickymenu', 'reCAPTCHA']"
graysoncattleco.com,Homepage - Grayson Cattle Company,,USA,70,20948,2026-09-13T10:49:49.939437053Z,"['Alternate Protocol', 'CoBlocks', 'Column Shortcodes', 'Content Delivery Network', 'DC74', 'EmbedPress', 'Facebook Login', 'Facebook Reseller', 'GoDaddy', 'Google Analytics', 'Google Cloud DNS', 'Google Font API', 'Google My Business', 'Google Tag Manager', 'Kriesi.at', 'Microdata for Google Shopping', 'PHP', 'Sucuri Cloudproxy', 'Theme In WP', 'UTF-8', 'Wangsu', 'WordPress', 'WordPress Multisite', 'jQuery']"
wholesaleuniversity.com,Welcome,,,65,30760,2026-09-13T10:49:49.939533678Z,"['AJAX Libraries API', 'AWS WAF Challenge', 'Cloudflare', 'Content Delivery Network', 'GZIP Module', 'Google Analytics', 'Google Cloud DNS', 'Google Related Website Sites', 'Google Tag Manager', 'Hatch', 'Instagram Follow Button', 'PHP', 'QUIC', 'Subversion', 'Tailwind CSS', 'Theme In WP', 'Twitter Ads', 'UTF-8', 'University or College', 'WordPress', 'jQuery']"
eldivaunion.ro,Plant-Based Cheese For The Food Industry | Eldiva Union,Eldiva Union,ROU,82,5680,2026-09-13T10:49:49.938388543Z,"['Alternate Protocol', 'Astra Theme', 'Azion', 'Elementor', 'EmbedPress', 'Express', 'Google', 'Google Analytics', 'Google Cloud DNS', 'Google Font API', 'Google My Business', 'Google Tag Manager', 'LiteSpeed', 'Microdata for Google Shopping', 'NFOrce Internet', 'PHP', 'Polylang', 'QUIC', 'Site Kit', 'Sitelinks Search Box', 'Theme In WP', 'UTF-8', 'Woo Themes', 'WooCommerce', 'WooCommerce Checkout', 'WordPress', 'WordPress Multisite', 'WordPress Related Posts', 'jQuery']"
oasiseritrea.com,Eritrea Tours Travel Agency Visit Eritrea with Local Experts,Oasis Eritrea Travel & Tour,ITA,92,19067,2026-09-13T10:49:49.938661774Z,"['Alternate Protocol', 'Content Delivery Network', 'Elementor', 'EmbedPress', 'Fireblade', 'Font Awesome', 'Google Analytics', 'Google Cloud DNS', 'Google Font API', 'Google Related Website Sites', 'Google Tag Manager', 'Gtranslate for Wordpress', 'IcoMoon', 'Instagram Follow Button', 'Line2', 'LiteSpeed', 'Microdata for Google Shopping', 'NFOrce Internet', 'PHP', 'QUIC', 'QUIC.cloud', 'Twitter Ads', 'UTF-8', 'WordPress', 'WordPress Multisite']"
eewilkins.com,E.E. Wilkins - Author and Blogger,E.E. Wilkins,,82,76690,2026-09-13T10:49:49.935132866Z,"['34SP.com', 'AWS WAF Challenge', 'About Cookies', 'Apture Linking Platform', 'Cloudflare', 'Cloudflare CDN', 'Coming Soon Page', 'Commoninja', 'Cornerstone', 'Express', 'Financial Services Guide', 'Font Awesome', 'Google Analytics', 'Google My Business', 'Google Tag Manager', 'Instagram Follow Button', 'Material-UI', 'NFOrce Internet', 'Negate', 'Network Advertising Initiative', 'Oddle', 'Pico CSS', 'QUIC', 'SMC', 'Tailwind CSS', 'Thank You', 'Twitter Ads', 'UENI', 'UTF-8', 'University or College', 'Walmart', 'eLand']"
yobislight.com,Wholesale Car LED Headlight Bulbs Supplier/manufacturers | YOBIS,YOBIS LED CARLIGHT,CHN,77,18420,2026-09-13T10:49:49.93552702Z,"['Alternate Protocol', 'Better Lead Generation Services', 'Cloudflare', 'ETranslate', 'Facebook Login', 'Facebook Messenger Platform', 'Facebook Reseller', 'Fancybox for WordPress', 'Fireblade', 'GTranslate', 'Google Analytics', 'Google My Business', 'Google Related Website Sites', 'Google Tag Manager', 'Instagram Follow Button', 'Microdata for Google Shopping', 'Pico CSS', 'Pleroma', 'UTF-8', 'WhatsApp Sharing']"
ledgerbennett.com,"Global B2B Marketing Agency, B2B Demand Generation | Ledger Bennett",Ledger Bennett,,72,67490,2026-09-13T10:49:49.934136924Z,"['AJAX Libraries API', 'AWS WAF Challenge', 'Adult Content', 'Alternate Protocol', 'BJ Lazy Load for WordPress', 'Contact Form Plugin', 'Content Delivery Network', 'Contento', 'CookieYes', 'EmbedPress', 'Fastly', 'GZIP Module', 'GatedContent.com', 'Google', 'Google Analytics', 'Google Cloud DNS', 'Google Font API', 'Google Maps', 'Google My Business', 'Google Tag Manager', 'HubSpot Conversations', 'HubSpot WordPress Plugin', 'Hubspot', 'Lazy Load for WordPress', 'Microdata for Google Shopping', 'Nginx', 'Ntent', 'PHP', 'QUIC', 'Subversion', 'Theme In WP', 'Twitter Ads', 'UTF-8', 'Vimeo', 'WordPress', 'WordPress Multisite', 'jQuery', 'reCAPTCHA']"
proline-global.com,Proline Global | Pipeline Construction Equipment,,,60,8044,2026-09-13T10:49:49.93389548Z,"['Alternate Protocol', 'Content Delivery Network', 'Corporate Governance and Regulatory Compliance', 'DAV', 'Divi', 'Elegant Themes', 'EmbedPress', 'Fireblade', 'Google Analytics', 'Google Cloud DNS', 'Google Font API', 'Google Related Website Sites', 'Google Tag Manager', 'Instagram Follow Button', 'Line2', 'LiteSpeed', 'Microsoft Clarity', 'PHP', 'QUIC', 'QUIC.cloud', 'TranslatePress', 'UTF-8', 'WP Mobile Menu', 'Woo Themes', 'WooCommerce Checkout', 'WordPress', 'WordPress Multisite', 'eLand']"
arearenovationct.com,"Stamford, CT Remodeling Contractors | Area Renovation Inc",Area Renovation,USA,92,38924,2026-09-13T10:49:49.932872869Z,"['AWS WAF Challenge', 'Alternate Protocol', 'Cloudflare', 'Cloudflare CDN', 'DAV', 'Elementor', 'EmbedPress', 'Financial Services Guide', 'Google', 'Google Analytics', 'Google Cloud CDN', 'Google Cloud DNS', 'Google Customer Reviews', 'Google Font API', 'Google Maps', 'Google My Business', 'Google Tag Manager', 'Hello Elementor', 'Instagram Follow Button', 'M247', 'Microdata for Google Shopping', 'Ntent', 'PHP', 'Pagekit', 'QUIC', 'Schema Plugin', 'Smush Image Optimization', 'Tailwind CSS', 'The Deck', 'Theme In WP', 'UTF-8', 'WP Fastest Cache', 'WordPress', 'WordPress Multisite', 'reCAPTCHA']"
maintax.org,Malta Institute of Taxation – MIT,,,70,7154,2026-09-13T10:49:49.932454087Z,"['Alternate Protocol', 'Amazon', 'Amazon WAF Blocked', 'Aruba', 'Cloudflare', 'Cloudflare CDN', 'Content Delivery Network', 'DuracellTomi Google Tag Manager for WordPress', 'EmbedPress', 'Facebook Conversion Tracking', 'Facebook Login', 'Facebook Messenger Platform', 'Facebook Pixel', 'Facebook Reseller', 'Facebook Tag API', 'Font Awesome', 'Google', 'Google Analytics', 'Google Cloud CDN', 'Google Cloud DNS', 'Google Font API', 'Google My Business', 'Google Tag Manager', 'Gravity', 'Gravity Forms', 'IcoMoon', 'InitiativeS', 'PHP', 'Slider Revolution', 'Theme In WP', 'UTF-8', 'WPBakery', 'Woo Themes', 'WooCommerce', 'WooCommerce Checkout', 'WordPress', 'WordPress Multisite', 'eLand', 'jQuery', 'reCAPTCHA']"
fridgefix.us,Refrigerator Repair Commercial & Residential | FridgeFix,FridgeFix,USA,87,696,2026-09-13T10:49:49.932232623Z,"['Astro', 'Better Lead Generation Services', 'Content Delivery Network', 'Express', 'Google Analytics', 'Google My Business', 'Google Tag Manager', 'IcoMoon', 'Microdata for Google Shopping', 'Netlify', 'Perl', 'QUIC', 'Tailwind CSS', 'UTF-8', 'Yelp Badge', 'YouTube']"
crosstimbersrotary.com,Home Page | Rotary Club of Cross Timbers,,GBR,82,76007,2026-09-13T10:49:49.931913593Z,"['AWS WAF Challenge', 'Apture Linking Platform', 'AutoComplete', 'Bulma', 'Cloudflare', 'Coming Soon Page', 'Facebook CDN', 'Facebook Login', 'Facebook Messenger Platform', 'Facebook Reseller', 'GZIP Module', 'Google', 'Google Analytics', 'Google Calendar', 'Google Cloud CDN', 'Google Forms', 'Google Maps', 'Google My Business', 'Google Tag Manager', 'IcoMoon', 'Instagram Follow Button', 'Microsoft Application Insights', 'Microsoft Azure Blob Storage', 'OneCause', 'PHP', 'Perl', 'QUIC', 'Qgiv', 'SMC', 'University or College', 'YouTube']"
redrocksdrywallconstruction.com,Redrocks DryWall Construction: Installation & Repair Service,Redrocks DryWall Construction,USA,87,2483,2026-09-13T10:49:49.930215794Z,"['Alternate Protocol', 'Content Delivery Network', 'Elementor', 'ElementsKit Elementor', 'EmbedPress', 'Google Analytics', 'Google Tag Manager', 'Hello Elementor', 'LiteSpeed', 'Microdata for Google Shopping', 'NFOrce Internet', 'PHP', 'QUIC', 'Site Kit', 'Theme In WP', 'Tidio', 'UTF-8', 'WordPress', 'WordPress Multisite', 'jQuery']"
flyersdeliverymelbourne.com.au,Flyer Delivery Melbourne - GPS Tracked Flyer Delivery | Flyers Direct,,,67,240,2026-09-13T10:49:49.930669237Z,"['Apture Linking Platform', 'Better Lead Generation Services', 'Content Delivery Network', 'Google Analytics', 'Google Tag Manager', 'Microdata for Google Shopping', 'Next.js', 'Pleroma', 'QUIC', 'Schema Plugin', 'Tailwind CSS', 'UTF-8', 'Vercel', 'shadcn ui']"
noladiasporalaw.org,Home - Nola Diaspora Immigration Law,Nola Diaspora Immigration Law,USA,77,98137,2026-09-13T10:49:49.929035195Z,"['Adobe Creative Cloud WebFonts', 'Alternate Protocol', 'Contact Form Plugin', 'DAV', 'Elementor', 'EmbedPress', 'Endis', 'Federal Deposit Insurance Corporation', 'Financial Services Guide', 'Google', 'Google Analytics', 'Google Cloud CDN', 'Google Cloud DNS', 'Google Font API', 'Google Tag Manager', 'Idaq', 'KVH', 'Line2', 'LiteSpeed', 'Microdata for Google Shopping', 'NFOrce Internet', 'No-Q', 'PHP', 'QUIC', 'SMC', 'Slider Revolution', 'Subversion', 'Theme In WP', 'UMI CMS', 'UTF-8', 'Vector Internet Services', 'Vvveb', 'Woo Themes', 'WooCommerce', 'WooCommerce Checkout', 'WordPress', 'WordPress Multisite', 'jQuery']"
baldur.dk,BALDUR. - Security Consultancy,,,77,21998,2026-09-13T10:49:49.928293586Z,"['AWS WAF Challenge', 'Bulma', 'CDN JS', 'Cloudflare', 'Cloudflare CDN', 'Font Awesome', 'GZIP Module', 'Google Analytics', 'Google Tag Manager', 'Nginx', 'Paessler', 'Ubuntu', 'jsDelivr']"
boyertownchiropractor.com,"Home | Chiropractor in Boyertown, PA | Parks Chiropractic PC",,USA,82,6570,2026-09-13T10:49:49.927336033Z,"['Adult Content', 'Cloudflare', 'Cloudflare CDN', 'Cloudflare Web Analytics', 'Content Delivery Network', 'DAV', 'Elfsight', 'Google Analytics', 'Google Customer Reviews', 'Google Related Website Sites', 'Google Tag Manager', 'Microdata for Google Shopping', 'PHP', 'Tailwind CSS', 'UTF-8', 'University or College', 'UserWay', 'Vector Internet Services', 'Yelp Badge']"
fairviewhillsgolf.com,Fairview Country Club | Golf is our Favorite Game,,USA,77,3628,2026-09-13T10:49:49.926509227Z,"['CDN JS', 'Cloudflare', 'Cloudflare CDN', 'DAV', 'Filestack', 'GZIP Module', 'Google Analytics', 'Google Cloud DNS', 'Google Font API', 'Google Maps', 'Google My Business', 'Google Tag Manager', 'Instagram Follow Button', 'Ntent', 'Pico CSS', 'Pleroma', 'Python', 'Tailwind CSS', 'UTF-8', 'jsDelivr', 'reCAPTCHA']"
a1lockbarstow.com,A1 Lock Barstow Locksmith Services Since 1976,A1 Lock Barstow,ZAF,57,503,2026-09-13T10:49:49.92659731Z,"['Alternate Protocol', 'Apache', 'Elementor', 'ElementsKit Elementor', 'EmbedPress', 'FreeCSSTemplates', 'GZIP Module', 'Google Analytics', 'Google Cloud DNS', 'Google Font API', 'Google Related Website Sites', 'Google Tag Manager', 'Header, Footer and Blocks for Elementor', 'Microdata for Google Shopping', 'NFOrce Internet', 'PHP', 'QUIC', 'Theme In WP', 'UTF-8', 'WordPress', 'WordPress Multisite', 'jQuery']"
studymd.info,Study MD – in United States accredited and recognized Uiversities,,USA,70,18525,2026-09-13T10:49:49.925727539Z,"['AWS WAF Challenge', 'Alternate Protocol', 'Apache', 'Automattic', 'Cloudflare', 'Cloudflare CDN', 'DuracellTomi Google Tag Manager for WordPress', 'EmbedPress', 'GZIP Module', 'Google', 'Google Analytics', 'Google My Business', 'Google Tag Manager', 'Jetpack', 'Lazy Load for WordPress', 'Twenty Twenty-Four', 'UTF-8', 'WPForms', 'Woo Themes', 'WooCommerce', 'WooCommerce Checkout', 'WordPress', 'WordPress Multisite', 'WordPress Stats', 'jQuery']"
kbsd.ch,KBSD E-Réputation & Cyber-Securité > Agence de conseil en Cyber-Sécurité & Gestion de Réputation en Ligne,,,62,19840,2026-09-13T10:49:49.925058951Z,"['Apache', 'Baidu Cloud', 'Concrete CMS', 'Fireblade', 'GZIP Module', 'Google Analytics', 'Google Cloud DNS', 'Google Font API', 'Google Tag Manager', 'PHP', 'Twitter Ads', 'UTF-8', 'Yandex Hosting', 'jQuery']"
hunterbrousseau.com,Home - Hunter Brousseau Fishing,Hunter Brousseau Fishing - angler website powered by Pro Sites Unlimited LLC,,72,4650,2026-09-13T10:49:49.925973249Z,"['Alternate Protocol', 'Apache', 'Astra Theme', 'Coming Soon Page', 'Elementor', 'EmbedPress', 'Essential Addons for Elementor', 'GZIP Module', 'Google', 'Google Analytics', 'Google Cloud DNS', 'Google Font API', 'Google My Business', 'Google Tag Manager', 'Metronet Profile Picture', 'Microdata for Google Shopping', 'MonsterInsights', 'NFOrce Internet', 'PHP', 'Sticky Header Effects for Elementor', 'Theme In WP', 'UTF-8', 'WP Super Cache', 'Woo Themes', 'WordPress', 'WordPress Multisite', 'WordPress Related Posts', 'YouTube', 'jQuery']"
primecommerce.asia,Prime Commerce | Commerce Enablement Company in Asia,,JPN,77,10793,2026-09-13T10:49:49.924700591Z,"['AWS Global Accelerator', 'Alternate Protocol', 'Digital Ocean Spaces', 'EmbedPress', 'GZIP Module', 'Google', 'Google Analytics', 'Google Cloud DNS', 'Google Font API', 'Google My Business', 'Google Tag Manager', 'Gravity Forms', 'IcoMoon', 'Microdata for Google Shopping', 'OpenResty', 'PHP', 'Polylang', 'Sitelinks Search Box', 'Tailwind CSS', 'UTF-8', 'Vector Internet Services', 'W3 Total Cache', 'WPForms', 'WordPress', 'WordPress Multisite', 'YouTube', 'reCAPTCHA']"
logicnextgen.com,Logic Nextgen | IT Training,,,57,3003,2026-09-13T10:49:49.917203881Z,"['Apache', 'CDN JS', 'Cloudflare', 'Cloudflare CDN', 'GZIP Module', 'Google Analytics', 'Google Cloud DNS', 'Google Font API', 'Google Tag Manager', 'Instagram Follow Button', 'PHP', 'UTF-8', 'Wangsu', 'jQuery']"
adtotext.com,AD to TEXT - Turn Your Ads into Text Lead,,USA,70,2299,2026-09-13T10:49:49.91589611Z,"['Bulma', 'DAV', 'Google Analytics', 'Google Cloud DNS', 'Google Font API', 'Google My Business', 'Google Related Website Sites', 'Google Tag Manager', 'Nginx', 'PHP', 'Parallels Plesk Panel', 'Slider Revolution', 'Tailwind CSS', 'UTF-8', 'eLand', 'jQuery', 'reCAPTCHA']"
betsys.org,Female Plumbing Near You | Betsy's Plumbing,,GBR,77,4740,2026-09-13T10:49:49.91549123Z,"['Amazon', 'Calendly', 'Content Delivery Network', 'Facebook Conversion Tracking', 'Facebook Login', 'Facebook Messenger Platform', 'Facebook Pixel', 'Facebook Reseller', 'Facebook Tag API', 'Google Analytics', 'Google My Business', 'Google Related Website Sites', 'Google Tag Manager', 'Netlify', 'QUIC', 'Tailwind CSS', 'UTF-8', 'WF Cookie Consent', 'YouTube', 'reCAPTCHA']"
mobilebandsaege.de,Carpentry Tools: Carpenter plane and Wood Bandsaw,,DEU,77,3328,2026-09-13T10:49:49.915423819Z,"['Alternate Protocol', 'Apache', 'Contact Form Plugin', 'EmbedPress', 'GZIP Module', 'Google', 'Google Analytics', 'Google Cloud DNS', 'Google Font API', 'Google Related Website Sites', 'Google Tag Manager', 'Microdata for Google Shopping', 'PHP', 'Polylang', 'Theme In WP', 'Twenty Twelve', 'UTF-8', 'WordPress', 'WordPress Multisite', 'jQuery']"
wisconsinpoetlaureate.org,Welcome to Wisconsin Poet Laureate Commission | Wisconsin Poet Laureate Commission,,MEX,60,3,2026-09-13T10:49:49.914371542Z,"['Apache', 'Content Delivery Network', 'Drupal', 'GZIP Module', 'Google Analytics', 'Google Cloud DNS', 'Google Font API', 'PHP', 'UTF-8', 'University or College', 'jQuery']"
brechfaforestbarns.co.uk,Brechfa Forest Barns - Totally Dog Friendly Escapes,,,77,8158,2026-09-13T10:49:49.912152468Z,"['Alternate Protocol', 'Book Direct', 'Cisco/Arrowpoint Content Service Switch', 'Coming Soon Page', 'Contact Form Plugin', 'Content Delivery Network', 'DAV', 'EmbedPress', 'Ethy', 'Google Analytics', 'Google Cloud DNS', 'Google Font API', 'Google Tag Manager', 'Instagram Feed for WordPress', 'Instagram Follow Button', 'LiteSpeed', 'MailChimp for WordPress', 'Microdata for Google Shopping', 'PHP', 'Perl', 'QUIC', 'SiteOrigin', 'SiteOrigin Panels', 'Subversion', 'SuperControl', 'Theme In WP', 'UTF-8', 'Vantage', 'WordPress', 'WordPress Multisite', 'YouTube', 'eLand', 'jQuery']"
stbarth-immobilier.fr,Agence immobilière Saint-Barthélemy | Habitat Project,,,77,1807,2026-09-13T10:49:49.912474573Z,"['AJAX Libraries API', 'Alternate Protocol', 'Apache', 'AutoComplete', 'CDN JS', 'Cloudflare', 'Cloudflare CDN', 'Font Awesome', 'GZIP Module', 'Google Analytics', 'Google Cloud DNS', 'Google My Business', 'Google Tag Manager', 'IcoMoon', 'UTF-8', 'jQuery', 'reCAPTCHA']"
spwatertankcleaner.com,Home - Professional Water Tank Cleaning Services in Delhi NCR,,IND,82,51788,2026-09-13T10:49:49.912023683Z,"['Alternate Protocol', 'Contact Form Plugin', 'Elementor', 'EmbedPress', 'Free Call', 'FreeCSSTemplates', 'Google Analytics', 'Google Cloud DNS', 'Google Font API', 'Google Tag Manager', 'Microdata for Google Shopping', 'NFOrce Internet', 'PHP', 'SMC', 'Tailwind CSS', 'Theme In WP', 'UTF-8', 'WordPress', 'WordPress Multisite', 'eLand', 'jQuery']"
casadelospobresusa.com,Casa De Los Pobres USA - Supporting The Casa In Tijuana,,USA,82,49,2026-09-13T10:49:49.911851224Z,"['501c3 Status Nonprofit', 'Alternate Protocol', 'Bunny Fonts', 'Charity Navigator', 'Content Delivery Network', 'DAV', 'EmbedPress', 'Google Analytics', 'Google Tag Manager', 'Hello Elementor', 'Instagram Follow Button', 'LiteSpeed', 'Microdata for Google Shopping', 'PHP', 'Site Kit', 'Sitelinks Search Box', 'UTF-8', 'WordPress', 'WordPress Multisite', 'YouTube', 'jQuery']"
rookreel.com,RookReel Creative | Branding & Content Studio - rookreel.com,rookreel.com,USA,72,95329,2026-09-13T10:49:49.911123677Z,"['AWS WAF Challenge', 'Alternate Protocol', 'Apture Linking Platform', 'Astra Theme', 'Cart.com', 'Cloudflare', 'Cloudflare CDN', 'Content Delivery Network', 'Elementor', 'EmbedPress', 'GenerateBlocks', 'Google', 'Google Analytics', 'Google My Business', 'Google Tag Manager', 'Instagram Follow Button', 'LiteSpeed', 'Microdata for Google Shopping', 'PHP', 'QUIC', 'Recart', 'Theme In WP', 'UTF-8', 'Ultimate Addons for Gutenberg', 'Woo Themes', 'WordPress', 'WordPress Multisite', 'WordPress Related Posts', 'YouTube', 'jQuery']"
thehustle.nz,Website Development Agency | The Hustle NZ,The Hustle,NZL,67,79356,2026-09-13T10:49:49.910932128Z,"['AWS WAF Challenge', 'Alternate Protocol', 'Autoptimize', 'CCSI', 'Cloudflare', 'Cloudflare CDN', 'Cloudflare Turnstile', 'Elementor', 'EmbedPress', 'Google', 'Google Analytics', 'Google Cloud DNS', 'Google Font API', 'Google Tag Manager', 'IcoMoon', 'Instagram Follow Button', 'KVH', 'Microdata for Google Shopping', 'Nginx', 'O2MC Dimml', 'PHP', 'Tailwind CSS', 'Theme In WP', 'UTF-8', 'WordPress', 'WordPress Multisite', 'jQuery', 'reCAPTCHA']"
apartmentselefteria.com,Rhodes Holiday Apartments with Swimming Pool - Apartments Elefteria,Apartments Elefteria,GRC,67,6035,2026-09-13T10:49:49.910795732Z,"['Alternate Protocol', 'Amazon WAF Blocked', 'Book Direct', 'Booking Affiliate', 'Complianz', 'Contact Form Plugin', 'Elementor', 'EmbedPress', 'FreeCSSTemplates', 'GeneratePress Company', 'Google', 'Google Analytics', 'Google Cloud DNS', 'Google Font API', 'Google Maps', 'Google My Business', 'Google Tag Manager', 'Harbor', 'Instagram Follow Button', 'Microdata for Google Shopping', 'NFOrce Internet', 'Nginx', 'PHP', 'Parallels Plesk Panel', 'QuadLayers', 'Slider Revolution', 'TablePress', 'Theme In WP', 'UTF-8', 'WordPress', 'WordPress Multisite', 'jQuery', 'reCAPTCHA']"
freyaslaser.com,"Med Spa in Prescott, AZ | Freya's Laser & Body Sculpting",Freya's Laser & Body Sculpting,USA,82,19431,2026-09-13T10:49:49.908650579Z,"['Alternate Protocol', 'Automattic', 'Contact Form Plugin', 'Content Delivery Network', 'Elementor', 'ElementsKit Elementor', 'EmbedPress', 'Express', 'Facebook Conversion Tracking', 'Facebook Login', 'Facebook Messenger Platform', 'Facebook Pixel', 'Facebook Reseller', 'Facebook Tag API', 'GoDaddy', 'Google Analytics', 'Google Tag Manager', 'Header, Footer and Blocks for Elementor', 'Hello Elementor', 'Instagram Follow Button', 'Jetpack', 'Line2', 'Microdata for Google Shopping', 'NFOrce Internet', 'PHP', 'Poptin', 'QUIC', 'Stripe', 'Sucuri Cloudproxy', 'Theme In WP', 'UTF-8', 'Wangsu', 'Website Tonight', 'Woo Themes', 'WooCommerce', 'WooCommerce Checkout', 'WordPress', 'WordPress Multisite', 'WordPress Stats', 'jQuery', 'myStickymenu']"
cansupply.eu,CAN SUPPLY,,BGR,77,241681,2026-09-13T10:49:49.907783061Z,"['501c3 Status Nonprofit', 'Alternate Protocol', 'Cloudflare', 'DAV', 'Express', 'Facebook Pixel', 'Fastly', 'Font Awesome', 'FreeBSD', 'GetResponse', 'Google Analytics', 'Google Tag Manager', 'Instagram Follow Button', 'KeyCDN', 'PWA', 'Parcel', 'Python', 'QUIC', 'Recent Tweets Widget for WordPress', 'SMC', 'Salesforce Hosted', 'Shopware', 'Squid', 'Twitter Ads', 'UTF-8', 'University or College', 'Vector Internet Services', 'Waveform Technology', 'WhatsApp Sharing', 'Yandex Hosting', 'symfony PHP Framework']"
flossdentalboutique.com,Reno Dentist | Floss Dental Boutique | Cosmetic Dentist,,USA,92,91610,2026-09-13T10:49:49.906599477Z,"['AWS WAF Challenge', 'Alternate Protocol', 'Cloudflare', 'Content Delivery Network', 'Cookie Accept', 'Cookie Notice', 'DAV', 'EmbedPress', 'Facebook CDN', 'Financial Services Guide', 'Genesis Blocks', 'Google', 'Google Analytics', 'Google Cloud CDN', 'Google Cloud DNS', 'Google Font API', 'Google My Business', 'Google Tag Manager', 'Idaq', 'Instagram Follow Button', 'KVH', 'Microdata for Google Shopping', 'Ntent', 'PHP', 'QUIC', 'SMC', 'Slider Revolution', 'ThemeFusion', 'UTF-8', 'WP Engine', 'WordPress', 'WordPress Multisite', 'Yelp Badge', 'YouTube', 'jQuery']"
modernholistichealth.com,Functional & Holistic Health | Modern Holistic Health,Modern Holistic Health,USA,82,2415,2026-09-13T10:49:49.906303812Z,"['Alternate Protocol', 'Cloudflare', 'Content Delivery Network', 'Content ad', 'Elementor', 'EmbedPress', 'Facebook Conversion Tracking', 'Facebook Login', 'Facebook Messenger Platform', 'Facebook Pixel', 'Facebook Reseller', 'Facebook Tag API', 'Google Analytics', 'Google Tag Manager', 'Hello Elementor', 'Instagram Follow Button', 'Microdata for Google Shopping', 'NFOrce Internet', 'Pico CSS', 'Practice Better', 'QUIC', 'Table Addons for Elementor', 'Twitter Ads', 'UTF-8', 'Woo Themes', 'WooCommerce', 'WooCommerce Checkout', 'WordPress', 'WordPress Multisite', 'YouTube', 'jQuery']"
invictuslion.com,Invictus Lion,,AUS,72,52600,2026-09-13T10:49:49.904047581Z,"['AWS WAF Challenge', 'Amazon CloudFront', 'Aruba', 'Baidu Cloud', 'CDN JS', 'CloudFront', 'Cloudflare', 'Cloudflare CDN', 'Fireblade', 'GZIP Module', 'Google Analytics', 'InitiativeS', 'KVH', 'OpenResty', 'Perl', 'UTF-8', 'eLand', 'jQuery']"
nolwennbiannic-photographe.fr,Wedding photographer Provence – Nolwenn Biannic,,,77,19579,2026-09-13T10:49:49.904633234Z,"['AWS WAF Challenge', 'Alternate Protocol', 'Apture Linking Platform', 'Astra Theme', 'Cloudflare', 'Cloudflare CDN', 'Contact Form Plugin', 'Content Delivery Network', 'DAV', 'Elementor', 'EmbedPress', 'Google', 'Google Analytics', 'Google Cloud DNS', 'Google Font API', 'Google My Business', 'Google Tag Manager', 'Instagram Feed for WordPress', 'Instagram Follow Button', 'LiteSpeed', 'Microdata for Google Shopping', 'NFOrce Internet', 'PHP', 'Polylang', 'Site Kit', 'Thank You', 'Theme In WP', 'UTF-8', 'Woo Themes', 'WordPress', 'WordPress Multisite', 'WordPress Related Posts', 'jQuery']"
afreshener.com,Laundry Detergent Manufacturer China | OEM & Private Label Supplier,IKEDA Freshener,CHN,87,5764,2026-09-13T10:49:49.903394667Z,"['Alternate Protocol', 'Apture Linking Platform', 'Astra Theme', 'EWWW Image Optimizer', 'Elementor', 'EmbedPress', 'Google', 'Google Analytics', 'Google Cloud DNS', 'Google Conversion Tracking', 'Google Font API', 'Google My Business', 'Google Tag Manager', 'Instagram Follow Button', 'Lazy Load for WordPress', 'Microdata for Google Shopping', 'NFOrce Internet', 'PHP', 'QUIC', 'Table Addons for Elementor', 'Theme In WP', 'UTF-8', 'WP Rocket', 'Woo Themes', 'WooCommerce', 'WooCommerce Checkout', 'WordPress', 'WordPress Multisite', 'WordPress Related Posts', 'YouTube', 'jQuery', 'reCAPTCHA']"
loren.com,Loren Castings - Work With The Best Jewelry Casting Service,,,72,8668,2026-09-13T10:49:49.902967603Z,"['Amazon CloudFront', 'Call to Visit', 'CloudFront', 'Google Analytics', 'Google Tag Manager', 'IcoMoon', 'Microdata for Google Shopping', 'Nginx', 'PHP', 'Perl', 'Tailwind CSS', 'Theme In WP', 'Top Rated Local', 'UTF-8', 'WordPress', 'WordPress Multisite', 'jQuery']"
antzar.com,Sergey Antonov - UI/UX Design & Illustrator,,,72,8891,2026-09-13T10:49:49.902125675Z,"['ADFOX', 'CoreUI', 'GZIP Module', 'Google Analytics', 'Google Tag Manager', 'Instagram Follow Button', 'Line2', 'Nginx', 'PWA', 'Telegram', 'UTF-8', 'Yandex Hosting', 'Yandex Metrika']"
ejstevens-portfolio.info,EJ Stevens,,,45,21623,2026-09-13T10:49:49.901907746Z,"['Amazon', 'Apache', 'Apture Linking Platform', 'ClickOn', 'DAV', 'Express', 'GZIP Module', 'GetResponse', 'GitHub Hosting', 'Google', 'Google Analytics', 'Google Cloud CDN', 'Google Cloud DNS', 'Google Font API', 'Google My Business', 'Google Recommendations AI', 'Google Related Website Sites', 'Google Tag Manager', 'Instagram Follow Button', 'Microdata for Google Shopping', 'NFOrce Internet', 'Ntent', 'SMC', 'Sapper', 'Schema Plugin', 'Subversion', 'UTF-8']"
muskeys.ca,Muskey's Landing | Make your stay the best it possibly can be,,USA,60,159,2026-09-13T10:49:49.901528674Z,"['Alternate Protocol', 'Apache', 'GZIP Module', 'Google Analytics', 'Google Cloud DNS', 'Google Font API', 'IcoMoon', 'PHP', 'Theme In WP', 'UTF-8', 'Woo Themes', 'WordPress', 'WordPress Multisite', 'jQuery']"
plantsvilla.in,Buy Plants Villa products online at best prices on https://plantsvilla.in,,IND,72,3400,2026-09-13T10:49:49.901596527Z,"['AJAX Libraries API', 'Alternate Protocol', 'Amazon', 'Amazon CloudFront', 'Apture Linking Platform', 'CloudFront', 'Express', 'Facebook Login', 'Facebook Messenger Platform', 'Facebook Pixel', 'Facebook Reseller', 'GZIP Module', 'Google Analytics', 'Google Cloud DNS', 'Google Related Website Sites', 'Google Tag Manager', 'Instagram Follow Button', 'Microsoft Clarity', 'Nginx', 'Sentry', 'UTF-8']"
herbertnitsch.com,Freediver Herbert Nitsch,,JPN,87,15140,2026-09-13T10:49:49.901789498Z,"['AJAX Libraries API', 'AWS WAF Challenge', 'EverWeb', 'GZIP Module', 'Gambling Content', 'Google Analytics', 'Google Cloud DNS', 'Google Font API', 'Google Tag Manager', 'Instagram Follow Button', 'Nginx', 'UTF-8', 'YouTube', 'jQuery']"
myancestorslivedhere.com,My Ancestors Lived Here | helping you with your personal journey in your family genealogy,,SYC,77,3377,2026-09-13T10:49:49.898039816Z,"['Alternate Protocol', 'Automattic', 'Automattic Direct', 'BatCache', 'Content Delivery Network', 'EmbedPress', 'Fastly', 'Global Privacy Control', 'Google Analytics', 'Jetpack', 'Jetpack Site Accelerator', 'Nginx', 'No-Q', 'PHP', 'Share Link', 'Tailwind CSS', 'Theme In WP', 'Twitter Ads', 'US Privacy User Signal Mechanism', 'UTF-8', 'WordPress', 'WordPress Multisite', 'WordPress Stats']"
pokersamband.is,Pókersamband Íslands – Félagasamtök pókerspilara á Íslandi,,,70,25767,2026-09-13T10:49:49.898981466Z,"['Alternate Protocol', 'Column Shortcodes', 'Content Delivery Network', 'Contento', 'EmbedPress', 'Facebook Login', 'Facebook Messenger Platform', 'Facebook Pixel', 'Facebook Reseller', 'GZIP Module', 'Gambling Content', 'Google Analytics', 'Google Cloud DNS', 'Google Font API', 'Google Tag Manager', 'Kriesi.at', 'MailChimp', 'Nginx', 'PHP', 'Parallels Plesk Panel', 'Theme In WP', 'To Top', 'UTF-8', 'Woo Themes', 'WooCommerce', 'WooCommerce Checkout', 'WordPress', 'WordPress Multisite', 'jQuery']"
zootownchurch.com,Missoula Church - Zootown Church,Zootown Church,,62,102869,2026-09-13T10:49:49.897626383Z,"['Aruba', 'Church Center', 'Contento', 'Express', 'FormSubmit', 'GZIP Module', 'Google Analytics', 'Google Tag Manager', 'Instagram Follow Button', 'Line2', 'Magento Enterprise', 'Microdata for Google Shopping', 'QUIC', 'SiteW', 'Squarespace', 'UTF-8', 'WordPress SEO Structured Data Schema Plugin', 'YouTube', 'eLand']"
internationalenglishchoirs.com,International English Choirs,,DEU,77,80973,2026-09-13T10:49:49.896126141Z,"['Aruba', 'Express', 'GZIP Module', 'Google Analytics', 'Google Tag Manager', 'Instagram Follow Button', 'Line2', 'Magento Enterprise', 'Microdata for Google Shopping', 'QUIC', 'SiteW', 'Squarespace', 'UTF-8', 'University or College', 'Vector Internet Services', 'WordPress SEO Structured Data Schema Plugin', 'YouTube', 'eLand']"
ns-architects.com,Nicolas Schuybroek,,USA,50,,2026-09-13T10:49:49.895198773Z,"['GZIP Module', 'Google Analytics', 'Instagram Follow Button', 'Nginx', 'PHP']"
hoteltoscanini.it,Toscanini,,ITA,65,3939,2026-09-13T10:49:49.895928353Z,"['AddThis', 'Alternate Protocol', 'Azion', 'CDN JS', 'Cloudflare', 'Cloudflare CDN', 'ElementUI', 'Facebook Login', 'Facebook Reseller', 'Font Awesome', 'GZIP Module', 'Google', 'Google Analytics', 'Google Tag Manager', 'Instagram Follow Button', 'Microdata for Google Shopping', 'Nginx', 'PHP', 'Sitelinks Search Box', 'Tailwind CSS', 'UTF-8', 'Vimeo', 'YouTube', 'jsDelivr']"
jasonaldrich.net,Jason Aldrich,,,45,21761,2026-09-13T10:49:49.895542692Z,"['Apache', 'Apture Linking Platform', 'ClickOn', 'Express', 'GZIP Module', 'GetResponse', 'GitHub Hosting', 'Google', 'Google Analytics', 'Google Cloud CDN', 'Google Cloud DNS', 'Google Font API', 'Google My Business', 'Google Recommendations AI', 'Google Related Website Sites', 'Google Tag Manager', 'Microdata for Google Shopping', 'NFOrce Internet', 'No-Q', 'Ntent', 'SMC', 'Sapper', 'Schema Plugin', 'Subversion', 'UTF-8']"
kiramasonrealtor.com,"Kira Mason, Real Estate Agent - Compass",Compass,USA,77,529235,2026-09-13T10:49:49.894835596Z,"['AWS WAF Challenge', 'Active Campaign', 'Alibaba Cloud CDN', 'Amazon', 'Amazon CloudFront', 'Amazon Route 53', 'Apple Auto Link Maker', 'Apture Linking Platform', 'CDN JS', 'CloudFront', 'Cloudflare', 'Cloudflare CDN', 'Coming Soon Page', 'Content Delivery Network', 'Content Square', 'CookieConsent', 'DoubleClick Bid Manager', 'ElementUI', 'Express', 'Facebook Reseller', 'Fireblade', 'Flourish', 'FullStory', 'GitHub Hosting', 'Global Privacy Control', 'Google', 'Google Analytics', 'Google Cloud DNS', 'Google Font API', 'Google Maps', 'Google My Business', 'Google Play', 'Google Recommendations AI', 'Google Tag Manager', 'Gravity', 'Greenhouse', 'Heap', 'Homes.com CMS', 'Hubspot', 'Instagram Follow Button', 'Intercom', 'Investor Relations', 'Keller Williams Realty', 'LaunchDarkly', 'Microdata for Google Shopping', 'Nationwide Mortgage Licensing System and Registry', 'Neighborhoods', 'Parcel', 'Perl', 'Prospective', 'QUIC', 'Qualtrics Site Intercept', 'RM Education', 'Salesforce', 'Salesforce Experience Cloud', 'Salesforce Hosted', 'Segment', 'SiteW', 'Smart App Banner', 'Stripe', 'The Deck', 'Trustarc Cookie Consent', 'Twitter Ads', 'Typeform', 'UTF-8', 'University or College', 'Userpilot', 'Vimeo', 'Wistia', 'YouTube', 'cstate', 'eLand', 'jsDelivr', 'reCAPTCHA']"
sarasotasmarthomes.com,"Smart Home Automation in Sarasota, FL | Expert Installers.",Sarasota Smart Homes LLC,USA,77,112341,2026-09-13T10:49:49.892532375Z,"['Alternate Protocol', 'Amazon WAF Blocked', 'Apture Linking Platform', 'Better Lead Generation Services', 'BunnyCDN', 'BunnyCDN General', 'Content Delivery Network', 'DAV', 'Express', 'Fastly', 'Fastly CDN', 'Fireblade', 'GZIP Module', 'Google Analytics', 'Google Related Website Sites', 'Google Tag Manager', 'Homes.com CMS', 'Microdata for Google Shopping', 'NFOrce Internet', 'PWA', 'Perl', 'QUIC', 'SMC', 'Seflow Italy', 'Sentry', 'SiteW', 'Thank You', 'UTF-8', 'Vector Internet Services', 'WP Booking Calendar', 'Wix', 'Wix Media', 'mlcom']"
trophywaterguideservice.com,East Tennessee Fly Fishing | Trophy Water Guide Service,,,72,9367,2026-09-13T10:49:49.888745696Z,"['Alternate Protocol', 'Amazon WAF Blocked', 'Apture Linking Platform', 'Content Delivery Network', 'Elementor', 'EmbedPress', 'Facebook Conversion Tracking', 'Facebook Login', 'Facebook Messenger Platform', 'Facebook Pixel', 'Facebook Reseller', 'Facebook Tag API', 'GZIP Module', 'Google Analytics', 'Google Tag Manager', 'Hello Elementor', 'Instagram Follow Button', 'Kitco', 'Lazy Load for WordPress', 'Marketing Pro', 'Microdata for Google Shopping', 'NFOrce Internet', 'Nginx', 'PHP', 'QUIC', 'Sitelinks Search Box', 'Table Addons for Elementor', 'Twitter Ads', 'UTF-8', 'WP Rocket', 'WordPress', 'WordPress Multisite']"
glamandglowbyisabel.com,Glam and Glow by Isabel - Home,Glam and Glow by Isabel,,82,18312,2026-09-13T10:49:49.888272885Z,"['Alternate Protocol', 'Facebook Conversion Tracking', 'Facebook Login', 'Facebook Messenger Platform', 'Facebook Pixel', 'Facebook Reseller', 'Facebook Tag API', 'GitHub Hosting', 'GoDaddy', 'Google', 'Google Analytics', 'Google Cloud DNS', 'Google Font API', 'Google My Business', 'Google Tag Manager', 'Instagram Follow Button', 'Line2', 'Microdata for Google Shopping', 'PWA', 'UTF-8', 'Wangsu', 'Website Tonight']"
groenecirculairecampus.nl,Green Chemistry Campus,,NOR,77,1240,2026-09-13T10:49:49.888492255Z,"['Apache', 'CDN JS', 'Cloudflare', 'Cloudflare CDN', 'GZIP Module', 'Google Analytics', 'Google Cloud DNS', 'Google Font API', 'Google My Business', 'Google Tag Manager', 'ShareThis', 'UTF-8', 'reCAPTCHA']"
floratravels.in,Flora Travels,,IND,52,258,2026-09-13T10:49:49.88706948Z,"['Apache', 'GZIP Module', 'Google Analytics', 'Google Cloud DNS', 'Google Font API', 'Google Maps', 'Google My Business', 'IcoMoon', 'Instagram Follow Button', 'QUIC', 'Twitter Ads', 'UTF-8', 'WoWonder', 'jQuery']"
astromumbai.in,Astrology,,GBR,50,5000,2026-09-13T10:49:49.887212486Z,"['Endis', 'Google Analytics', 'Google Tag Manager', 'LiteSpeed', 'QUIC', 'Tailwind CSS', 'UTF-8', 'YouTube', 'jQuery']"
solqpro.com,The Smarter Way to Go Solar - Solar Installation Company - SolQ,SolQ,USA,77,20574,2026-09-13T10:49:49.886603298Z,"['AWS WAF Challenge', 'Alternate Protocol', 'Apture Linking Platform', 'Automattic', 'Cloudflare', 'Cloudflare CDN', 'Elementor', 'Elfsight', 'EmbedPress', 'Google', 'Google Analytics', 'Google Customer Reviews', 'Google My Business', 'Google Tag Manager', 'Hello Elementor', 'IcoMoon', 'Instagram Follow Button', 'Jetpack', 'LiteSpeed', 'Microdata for Google Shopping', 'NFOrce Internet', 'PHP', 'QUIC', 'Tawk', 'Theme In WP', 'UTF-8', 'WordPress', 'WordPress Multisite', 'WordPress Stats', 'jQuery', 'jsDelivr']"
thefarmatbakermountain.com,"The Farm at Baker Mountain | Luxury RV Resort in Scottsboro, AL",,USA,77,9092,2026-09-13T10:49:49.886892173Z,"['1Password', 'Alternate Protocol', 'Framer Sites', 'Google', 'Google Analytics', 'Google Cloud CDN', 'Google Tag Manager', 'Instagram Follow Button', 'Ntent', 'Yandex Hosting', 'YouTube', 'Zeald']"
panoramatreeservice.com,"Tree Service Tampa, FL | Removal, Trimming, Stump Grinding",,USA,72,32591,2026-09-13T10:38:59.116286874Z,"['AWS WAF Challenge', 'Alternate Protocol', 'Amazon WAF Blocked', 'Anti-spam for WordPress', 'Better Lead Generation Services', 'CleanTalk Spam Protect', 'DAV', 'Elementor', 'ElementsKit Elementor', 'EmbedPress', 'Fireblade', 'Google Analytics', 'Google Conversion Tracking', 'Google Customer Reviews', 'Google Maps', 'Google My Business', 'Google Related Website Sites', 'Google Tag Manager', 'Hello Elementor', 'Microsoft Clarity', 'NFOrce Internet', 'Nginx', 'Perl', 'QUIC', 'Table Addons for Elementor', 'Twitter Ads', 'UTF-8', 'WordPress', 'WordPress Multisite', 'YouTube', 'jQuery', 'jsDelivr']"
bromley-mots.co.uk,"Garage Services Bromley | MOT, Repairs & Servicing",Bromley Vehicle Test Centre Ltd,GBR,77,14818,2026-09-13T10:38:59.114739442Z,"['Alternate Protocol', 'Amazon WAF Blocked', 'CleanTalk Spam Protect', 'Cloudflare', 'Cloudflare CDN', 'Custom Twitter Feeds', 'EmbedPress', 'Font Awesome', 'GDPR Cookie Compliance', 'Google Analytics', 'Google Cloud DNS', 'Google Font API', 'Google My Business', 'Google Tag Manager', 'Instagram Feed for WordPress', 'Instagram Follow Button', 'Microdata for Google Shopping', 'PHP', 'Phew', 'QUIC', 'Slider Revolution', 'Theme In WP', 'TrustIndex', 'Twitter Ads', 'UTF-8', 'WP Fastest Cache', 'WPBakery', 'WordPress', 'WordPress Multisite', 'eLand', 'reCAPTCHA']"
sistemasicuro.it,Sistemasicuro – Sistemasicuro,,,55,156,2026-09-13T10:38:59.114635595Z,"['Alternate Protocol', 'Azion', 'Cookie Accept', 'Cookie Notice', 'EmbedPress', 'GZIP Module', 'Google Analytics', 'Google Related Website Sites', 'IcoMoon', 'Nginx', 'PHP', 'Tailwind CSS', 'Theme In WP', 'UTF-8', 'Vello', 'WordPress', 'WordPress Multisite', 'jQuery']"
arclainspaces.com,Best Architect in Ahmedabad | Arclain Spaces,,IND,77,15720,2026-09-13T10:38:59.113135676Z,"['Apache', 'CDN JS', 'Cloudflare', 'Cloudflare CDN', 'ElementUI', 'Express', 'GZIP Module', 'Google Analytics', 'Google Related Website Sites', 'Google Tag Manager', 'Instagram Follow Button', 'Microdata for Google Shopping', 'Tailwind CSS', 'Wangsu', 'jQuery', 'jsDelivr']"
pop.energy,"POP | UK Home Solar, Battery & Heat Pump Installers",,GBR,87,85028,2026-09-13T10:38:59.112416602Z,"['Alternate Protocol', 'Amazon WAF Blocked', 'Apture Linking Platform', 'Baidu Cloud', 'Content Delivery Network', 'DAV', 'Express', 'GZIP Module', 'Google Analytics', 'Google Related Website Sites', 'Google Tag Manager', 'Instagram Follow Button', 'Microdata for Google Shopping', 'NFOrce Internet', 'PWA', 'QUIC', 'SMC', 'Seflow Italy', 'Sentry', 'SiteW', 'Subversion', 'UTF-8', 'Vector Internet Services', 'Wix', 'Wix Media', 'Yandex Hosting', 'eLand', 'mlcom']"
kovacconsulting.com,Home - Kovac Non-Profit Consulting,Titan Appliance Repairs,USA,85,21092,2026-09-13T10:38:59.112114246Z,"['501c3 Status Nonprofit', 'AWS WAF Challenge', 'Alternate Protocol', 'Astra Theme', 'Beaver Builder Lite', 'Cloudflare', 'Cloudflare CDN', 'Content Delivery Network', 'EmbedPress', 'Font Awesome', 'Google', 'Google Analytics', 'Google Cloud DNS', 'Google Font API', 'Google My Business', 'Google Tag Manager', 'InitiativeS', 'Instagram Follow Button', 'Microdata for Google Shopping', 'NFOrce Internet', 'PHP', 'QUIC', 'Site Kit', 'Theme In WP', 'UTF-8', 'University or College', 'WP Engine', 'WPForms', 'Woo Themes', 'WordPress', 'WordPress Multisite', 'WordPress Related Posts', 'jQuery']"
dougtabuchi.com,Doug Tabuchi,,,25,603,2026-09-13T10:38:59.111494503Z,"['Content Delivery Network', 'Fastly', 'GZIP Module', 'GitHub Hosting', 'Google Analytics', 'Google Cloud DNS', 'Google Font API', 'UTF-8']"
nxtnotary.com,nxtnotary.com,nxtnotary.com,USA,70,18312,2026-09-13T10:38:59.109046264Z,"['Alternate Protocol', 'Facebook Conversion Tracking', 'Facebook Login', 'Facebook Messenger Platform', 'Facebook Pixel', 'Facebook Reseller', 'Facebook Tag API', 'GitHub Hosting', 'GoDaddy', 'Google', 'Google Analytics', 'Google Cloud DNS', 'Google Font API', 'Google My Business', 'Google Tag Manager', 'Line2', 'Microdata for Google Shopping', 'PWA', 'QUIC', 'UTF-8', 'Wangsu', 'Website Tonight']"
agropomoc.com,Spare parts for agricultural machinery and tractors.,,POL,87,16868,2026-09-13T10:38:59.109148348Z,"['Cloudflare', 'Cloudflare CDN', 'Facebook Customer Chat SDK', 'Facebook Login', 'Facebook Messenger Platform', 'Facebook Reseller', 'Fireblade', 'Google Analytics', 'Google Maps', 'Google My Business', 'Google Related Website Sites', 'Google Tag Manager', 'Microdata for Google Shopping', 'QUIC', 'Schema Plugin', 'Tailwind CSS', 'Trusted Shops', 'UTF-8', 'eLand']"
anafence.com,A&A Fence & Iron,,USA,65,18380,2026-09-13T10:38:59.108702064Z,"['Alternate Protocol', 'Amazon WAF Blocked', 'Anti-spam for WordPress', 'CleanTalk Spam Protect', 'Elementor', 'EmbedPress', 'Fireblade', 'GZIP Module', 'Google Analytics', 'Google Maps', 'Google My Business', 'Google Tag Manager', 'Hello Elementor', 'Instagram Follow Button', 'Lucky Orange', 'Microdata for Google Shopping', 'NFOrce Internet', 'Nginx', 'PHP', 'Pico CSS', 'QUIC', 'Table Addons for Elementor', 'Theme In WP', 'UTF-8', 'WP Fastest Cache', 'WordPress', 'WordPress Multisite', 'reCAPTCHA']"
clarkjacobs.co.uk,Doing Business in Australia,,VEN,87,24399,2026-09-13T10:38:59.107619174Z,"['Adobe Creative Cloud WebFonts', 'Akismet', 'Alternate Protocol', 'Amazon WAF Blocked', 'Anti-spam for WordPress', 'Aruba', 'Astra Theme', 'Cisco/Arrowpoint Content Service Switch', 'CleanTalk Spam Protect', 'Cloudflare', 'Content Delivery Network', 'DAV', 'Elementor', 'EmbedPress', 'Fireblade', 'Font Awesome', 'Google Analytics', 'Google My Business', 'Google Tag Manager', 'Gravity', 'Gravity Forms', 'JetWooBuilder', 'Modern Events Calendar Lite', 'NFOrce Internet', 'OoohBoi Steroids for Elementor', 'PHP', 'QUIC', 'Theme In WP', 'TranslatePress', 'UTF-8', 'University or College', 'Vue.js', 'Woo Themes', 'WordPress', 'WordPress Multisite', 'WordPress Related Posts', 'eLand', 'jQuery', 'reCAPTCHA']"
kevinbaldwingolf.com,Golf Lessons in San Francisco with Kevin Baldwin,Kevin Baldwin Golf,VEN,92,49202,2026-09-13T10:38:59.106212994Z,"['Alternate Protocol', 'Apture Linking Platform', 'Astra Theme', 'Cisco/Arrowpoint Content Service Switch', 'Cloudflare', 'Content Delivery Network', 'Elementor', 'Elementor Addon Elements', 'EmbedPress', 'Essential Addons for Elementor', 'GoDaddy', 'Google Analytics', 'Google Tag Manager', 'HT Mega', 'HubSpot Conversations', 'HubSpot WordPress Plugin', 'Hubspot', 'LiteSpeed', 'Microdata for Google Shopping', 'NFOrce Internet', 'PHP', 'Paessler', 'Theme In WP', 'UTF-8', 'University or College', 'Wangsu', 'Woo Themes', 'WordPress', 'WordPress Multisite', 'WordPress Related Posts', 'jQuery']"
naturallywellfamilymedicine.com,"Dr. Deb Bossio, Naturally Well Family Medicine",Naturally Well Family Medicine,USA,87,1933,2026-09-13T10:38:59.104080882Z,"['Adobe Creative Cloud WebFonts', 'Aruba', 'Express', 'GZIP Module', 'Google Analytics', 'Google Related Website Sites', 'Google Tag Manager', 'Line2', 'Microdata for Google Shopping', 'QUIC', 'Squarespace', 'Tailwind CSS', 'UTF-8', 'WordPress SEO Structured Data Schema Plugin', 'eLand']"
brandingbachelors.in,Digital Marketing Agency in Chennai | Branding Bachelors,Branding Bachelors,IND,87,16000,2026-09-13T10:38:59.102372157Z,"['AWS WAF Challenge', 'Alternate Protocol', 'Better Lead Generation Services', 'Content Delivery Network', 'DAV', 'Fontshare', 'Google Analytics', 'Google Cloud DNS', 'Google Font API', 'Google Related Website Sites', 'Google Tag Manager', 'Instagram Follow Button', 'Microdata for Google Shopping', 'Microsoft Clarity', 'Next.js', 'PWA', 'QUIC', 'Sitelinks Search Box', 'Tailwind CSS', 'Twitter Ads', 'UTF-8', 'Vercel', 'shadcn ui']"
texasbestcommercialrealestate.com,"TEXAS BEST COMMERCIAL REAL ESTATE OF LAND, RETAIL, INDUSTRIAL, MULTI-FAMILY, OFFICE, MIXED-USE, SPECIAL-USE & OTHER USES","Barb Cole, NCREA, TX. Realtor, Broker | Coldwell Banker Commercial Worldwide",USA,87,120437,2026-09-13T10:38:59.102643365Z,"['AWS WAF Challenge', 'Amazon WAF Blocked', 'Apture Linking Platform', 'Aruba', 'Content Delivery Network', 'DAV', 'Express', 'Fastly', 'Fastly CDN', 'Fireblade', 'FormSubmit', 'GZIP Module', 'Google Analytics', 'Google Related Website Sites', 'Google Tag Manager', 'Microdata for Google Shopping', 'NFOrce Internet', 'PWA', 'Perl', 'Pico CSS', 'QUIC', 'SMC', 'Seflow Italy', 'Sentry', 'SiteW', 'Subversion', 'Thank You', 'UTF-8', 'Vector Internet Services', 'WP Booking Calendar', 'Wix', 'Wix Media', 'eLand', 'mlcom']"
careymuhammad.com,Digital Marketing,,USA,52,60,2026-09-13T10:38:59.093684658Z,"['Alternate Protocol', 'FormSubmit', 'Google Analytics', 'Nginx', 'Perl', 'QUIC', 'Thank You', 'UTF-8']"
hallcreeklodge.com,Hall Creek Lodge Near Traverse City | Sleeps 32 Group Retreat | Adventure North Vacation Rentals,,,82,26299,2026-09-13T10:38:59.091342017Z,"['AJAX Libraries API', 'AWS WAF Challenge', 'Alternate Protocol', 'Apture Linking Platform', 'AutoComplete', 'Book Direct', 'CDN JS', 'Cloudflare', 'Cloudflare CDN', 'DC74', 'Elfsight', 'Express', 'Facebook Conversion Tracking', 'Facebook Login', 'Facebook Messenger Platform', 'Facebook Pixel', 'Facebook Reseller', 'Facebook Tag API', 'Font Awesome', 'Global Privacy Control', 'Google', 'Google Analytics', 'Google Cloud', 'Google Cloud DNS', 'Google Cloud Storage', 'Google Font API', 'Google Maps', 'Google Tag Manager', 'Instagram Follow Button', 'Microdata for Google Shopping', 'Pleroma', 'QUIC', 'Share Link', 'Tailwind CSS', 'Twitter Ads', 'UTF-8', 'jQuery', 'jsDelivr']"
erciyesyapi.com,ERCİYES YAPI,,TUR,72,12508,2026-09-13T10:38:59.090429953Z,"['ADFOX', 'Amazon', 'Amazon CloudFront', 'CloudFront', 'GZIP Module', 'Google Analytics', 'Google Cloud DNS', 'Google Font API', 'Google My Business', 'Google Tag Manager', 'IcoMoon', 'Instagram Follow Button', 'Nginx', 'Pleroma', 'Tailwind CSS', 'UTF-8', 'Ubuntu', 'Yandex Hosting', 'Yandex Metrika', 'reCAPTCHA']"
ailabaronhomeopathy.co.uk,Aila Baron Homeopathy,,GBR,72,2868,2026-09-13T10:38:59.090017952Z,"['Alternate Protocol', 'CDN JS', 'Cloudflare', 'Cloudflare CDN', 'Content Delivery Network', 'Fastly', 'GZIP Module', 'GitHub Hosting', 'Google Analytics', 'Google Tag Manager', 'Hexo', 'Hugo', 'IcoMoon', 'Microdata for Google Shopping', 'Schema Plugin', 'UTF-8', 'jQuery', 'jsDelivr']"
suzannemaialee.com,suzanne lee sadowski,,,62,6681,2026-09-13T10:38:59.089758141Z,"['Adobe Creative Cloud WebFonts', 'Aruba', 'Cisco/Arrowpoint Content Service Switch', 'Express', 'GZIP Module', 'Google Analytics', 'Google Tag Manager', 'IcoMoon', 'Instagram Follow Button', 'Line2', 'Microdata for Google Shopping', 'QUIC', 'Squarespace', 'UTF-8', 'WordPress SEO Structured Data Schema Plugin', 'eLand']"
caissecc.com,Tank Traders Multiplex,,CAN,60,3,2026-09-13T10:38:59.088866247Z,"['Apache', 'EmbedPress', 'GZIP Module', 'Google Analytics', 'Google Cloud DNS', 'Google Font API', 'Google Tag Manager', 'Instagram Follow Button', 'PHP', 'Tailwind CSS', 'Theme In WP', 'UTF-8', 'WordPress', 'WordPress Multisite', 'jQuery', 'jsDelivr']"
windsorwm.com,Windsor Wealth Management LLC - Fee-Only Retirement Planning & Investment Management,Windsor Wealth Management LLC,USA,82,19924,2026-09-13T10:38:59.08860922Z,"['AWS WAF Challenge', 'Alternate Protocol', 'Cloudflare', 'Cloudflare CDN', 'CoBlocks', 'Constant Contact Wordpress Forms', 'Content Delivery Network', 'DAV', 'EmbedPress', 'GoDaddy', 'Google', 'Google Analytics', 'Google Cloud DNS', 'Google Font API', 'Google My Business', 'Google Tag Manager', 'Microdata for Google Shopping', 'PHP', 'Strong Testimonials', 'StudioPress', 'Theme In WP', 'UTF-8', 'WP Show Posts', 'WPForms', 'WordPress', 'WordPress Multisite', 'YouTube', 'jQuery']"
gotzoom.com,Got Zoom - Student Loan Relief,Got Zoom,,82,15357,2026-09-13T10:38:59.086319339Z,"['Alternate Protocol', 'Cloudflare', 'Content Delivery Network', 'EmbedPress', 'Fireblade', 'Google Analytics', 'Google Cloud DNS', 'Google Font API', 'Google My Business', 'Google Tag Manager', 'Gravity Forms', 'Microdata for Google Shopping', 'Ninetheme', 'PHP', 'QUIC', 'Simple Banner for Wordpress', 'Subversion', 'Theme In WP', 'UTF-8', 'University or College', 'WPBakery', 'WordPress', 'WordPress Multisite', 'jQuery']"
yasenconstruction.co.nz,YaSen Renovations® | Home Renovation Auckland,Yasen Construction,NZL,87,24533,2026-09-13T10:38:59.086592951Z,"['Alternate Protocol', 'Cloudflare', 'Cloudflare CDN', 'Contact Form Plugin', 'Content Delivery Network', 'Elementor', 'ElementsKit Elementor', 'EmbedPress', 'Express', 'Fireblade', 'FormSubmit', 'Google Analytics', 'Google My Business', 'Google Tag Manager', 'Gravity', 'Gravity Forms', 'HappyAddons', 'Hello Elementor', 'Instagram Follow Button', 'Jeg Elementor Kit', 'Metform Elemento', 'Microdata for Google Shopping', 'MonsterInsights', 'NFOrce Internet', 'PHP', 'Prospective', 'Theme In WP', 'To Top', 'UTF-8', 'WPBakery', 'WordPress', 'WordPress Multisite', 'jQuery']"
microfountpress.com,Microfount Proofreading and Copy-editing,Microfount,GBR,77,12497,2026-09-13T10:38:59.08698315Z,"['Adobe Creative Cloud WebFonts', 'Alternate Protocol', 'Aruba', 'BLR', 'Express', 'FormSubmit', 'GZIP Module', 'Google Analytics', 'Google Related Website Sites', 'Google Tag Manager', 'IcoMoon', 'Line2', 'Microdata for Google Shopping', 'QUIC', 'Squarespace', 'Tumblr', 'UTF-8', 'University or College', 'WordPress SEO Structured Data Schema Plugin', 'eLand']"
ice-chemical.co.uk,ICE UK,,GBR,67,40,2026-09-13T10:38:59.085804904Z,"['AJAX Libraries API', 'GZIP Module', 'Google Analytics', 'Google Cloud DNS', 'Google Font API', 'Subversion', 'Tailwind CSS', 'jQuery']"
medicinespringsranch.com,Medicine Springs Ranch Home of the Mile High Marans and Deeply Saturated Colored Eggs,,ZAF,72,18312,2026-09-13T10:38:59.085327114Z,"['Express', 'Facebook Conversion Tracking', 'Facebook Login', 'Facebook Messenger Platform', 'Facebook Pixel', 'Facebook Reseller', 'Facebook Tag API', 'GoDaddy', 'Google', 'Google Analytics', 'Google Cloud DNS', 'Google Font API', 'Google My Business', 'Google Tag Manager', 'Line2', 'PWA', 'UTF-8', 'Wangsu', 'Website Tonight']"
gomaids.ca,Home - GoMaids,,CAN,77,16556,2026-09-13T10:38:59.084607861Z,"['AWS WAF Challenge', 'Alternate Protocol', 'Contact Form Plugin', 'DAV', 'EmbedPress', 'Essential Blocks for Gutenberg', 'GZIP Module', 'Google Analytics', 'Google Cloud DNS', 'Google Font API', 'Google Tag Manager', 'Gutenberg Blocks by Kadence Blocks', 'Microdata for Google Shopping', 'Nginx', 'PHP', 'QUIC', 'Site Kit', 'Sitelinks Search Box', 'Theme In WP', 'UTF-8', 'Ultimate Addons for Gutenberg', 'WP Fastest Cache', 'WordPress', 'WordPress Multisite', 'reCAPTCHA']"
bradyklein.com,Brady Klein | CS Student,,,72,2400,2026-09-13T10:38:59.08442901Z,"['Alternate Protocol', 'Content Delivery Network', 'Fastly', 'GZIP Module', 'GitHub Hosting', 'Google Analytics', 'Google Tag Manager', 'Jekyll', 'Microdata for Google Shopping', 'Tailwind CSS', 'Twitter Ads', 'UTF-8']"
cri-conf.org,cri-conf 2021 - Computational Research Integrity Conference,,DEU,87,35918,2026-09-13T10:38:59.083170374Z,"['AWS WAF Challenge', 'Auth0', 'BootstrapMade', 'CDN JS', 'Cloudflare', 'Cloudflare CDN', 'Content Delivery Network', 'Corporate Governance and Regulatory Compliance', 'DAV', 'Express', 'Fastly', 'Font Awesome', 'GZIP Module', 'GitHub Hosting', 'Google Analytics', 'Google Cloud DNS', 'Google Font API', 'Google Tag Manager', 'NFOrce Internet', 'Qualtrics Site Intercept', 'Tailwind CSS', 'Twitter Ads', 'UTF-8', 'University or College', 'YouTube', 'jQuery']"
doggonemad.com.au,Dog Trainer Sydney | Dog Gone Mad | Australia,Dog Gone Mad,AUS,82,105694,2026-09-13T10:38:59.082149756Z,"['123FormBuilder', 'Alternate Protocol', 'Amazon WAF Blocked', 'Apture Linking Platform', 'Content Delivery Network', 'DAV', 'Epic Form Builder', 'Express', 'Fastly', 'Fastly CDN', 'Financial Services Guide', 'Fireblade', 'GZIP Module', 'Google Analytics', 'Google Conversion Tracking', 'Google My Business', 'Google Related Website Sites', 'Google Tag Manager', 'Microdata for Google Shopping', 'NFOrce Internet', 'PWA', 'Perl', 'QUIC', 'SMC', 'Seflow Italy', 'Sentry', 'SiteW', 'Subversion', 'Thank You', 'UTF-8', 'University or College', 'Vector Internet Services', 'WP Booking Calendar', 'Wix', 'Wix Media', 'YouTube', 'eLand', 'mlcom']"
atlantapvb.com,Atlanta Performance Volleyball,Atlanta Performance Volleyball,USA,72,3769,2026-09-13T10:38:59.082064748Z,"['Alternate Protocol', 'Amazon WAF Blocked', 'Aruba', 'Content Delivery Network', 'Elementor', 'EmbedPress', 'GZIP Module', 'Getwid Gutenberg Blocks', 'Google Analytics', 'Google Tag Manager', 'Gravity', 'Gravity Forms', 'Gutenberg', 'IcoMoon', 'Instagram Follow Button', 'Microdata for Google Shopping', 'NFOrce Internet', 'Newsletter for Wordpress', 'OceanWP', 'PHP', 'Tailwind CSS', 'Theme In WP', 'UTF-8', 'Vimeo', 'WP Mobile Menu', 'WPForms', 'Woo Themes', 'WooCommerce Checkout', 'WordPress', 'WordPress Multisite', 'eLand', 'jQuery']"
danddmaterialsaz.com,"Landscaping Rocks - Tucson, AZ - D & D Materials LLC",,USA,72,16548,2026-09-13T10:38:59.081762613Z,"['Amazon CloudFront', 'Apture Linking Platform', 'CloudFront', 'Content Delivery Network', 'Duda', 'GZIP Module', 'Google Analytics', 'Google My Business', 'Google Tag Manager', 'Mixpanel', 'Nginx', 'QUIC', 'Smooch', 'Tailwind CSS', 'Thryv', 'Twitter Ads', 'UTF-8', 'iPromote', 'reCAPTCHA']"
pro-juvenate-uk.co.uk,Roof Cleaning and Coating Services,,GBR,82,33136,2026-09-13T10:38:59.08112343Z,"['Alternate Protocol', 'Better Lead Generation Services', 'Cloudflare', 'Content Delivery Network', 'Element Pack Lite', 'Elementor', 'EmbedPress', 'Fireblade', 'GoDaddy', 'Google Analytics', 'Google Customer Reviews', 'Google Related Website Sites', 'Google Tag Manager', 'Header, Footer and Blocks for Elementor', 'Hello Elementor', 'Instagram Follow Button', 'Microdata for Google Shopping', 'NFOrce Internet', 'PHP', 'Premium Addons for Elementor', 'Sitelinks Search Box', 'Theme In WP', 'UTF-8', 'Wangsu', 'WordPress', 'WordPress Multisite', 'WordPress Related Posts', 'jQuery']"
dance360orlando.com,Home | Dance 360 Orlando,Dance 360 Orlando,USA,77,102304,2026-09-13T10:38:59.079042485Z,"['AWS WAF Challenge', 'Alternate Protocol', 'Amazon WAF Blocked', 'Apture Linking Platform', 'Authorize.net', 'Cloudflare', 'Cloudflare CDN', 'Cloudflare Web Analytics', 'Content Delivery Network', 'Endis', 'Facebook Conversion Tracking', 'Facebook Pixel', 'Facebook Reseller', 'Facebook Tag API', 'Fireblade', 'Google', 'Google Analytics', 'Google Cloud CDN', 'Google Cloud DNS', 'Google Cloud Storage', 'Google Font API', 'Google My Business', 'Google Tag Manager', 'HighLevel', 'Instagram Follow Button', 'Microdata for Google Shopping', 'Nuxt.js', 'SMC', 'Tailwind CSS', 'UTF-8']"
pearlandrotary.com,Home Page | Rotary Club of Pearland,,GBR,72,12788,2026-09-13T10:38:59.076388956Z,"['Apture Linking Platform', 'AutoComplete', 'Bulma', 'Cloudflare', 'Facebook Login', 'Facebook Messenger Platform', 'Facebook Reseller', 'GZIP Module', 'Google', 'Google Analytics', 'Google Maps', 'Google My Business', 'Google Related Website Sites', 'Google Tag Manager', 'IcoMoon', 'Microsoft Application Insights', 'Microsoft Azure Blob Storage', 'Perl', 'RM Education']"
makeoverbyshivani.in,"Makeover by Shivani (Bridal makeup, makeup classes and many more..)",,,67,18454,2026-09-13T10:38:59.076538041Z,"['AWS WAF Challenge', 'Alternate Protocol', 'Blocksy', 'Cloudflare', 'Cloudflare CDN', 'Elementor', 'EmbedPress', 'GZIP Module', 'Google', 'Google Analytics', 'Google Cloud CDN', 'Google Cloud DNS', 'Google Font API', 'Google My Business', 'Google Tag Manager', 'Instagram Feed for WordPress', 'Instagram Follow Button', 'Microdata for Google Shopping', 'Nginx', 'Ntent', 'PHP', 'Sitelinks Search Box', 'Theme In WP', 'TrustIndex', 'UTF-8', 'Ubuntu', 'WordPress', 'WordPress Multisite', 'jQuery']"
sskblaw.com,Top NY Personal Injury & Medical Malpractice Lawyers,,USA,82,24638,2026-09-13T10:38:59.076848579Z,"['Alternate Protocol', 'Amazon WAF Blocked', 'Cloudflare', 'Cloudflare CDN', 'Content Delivery Network', 'ElementUI', 'EmbedPress', 'Font Awesome', 'Gambling Content', 'Google', 'Google Analytics', 'Google Cloud DNS', 'Google Font API', 'Google Maps', 'Google My Business', 'Google Tag Manager', 'HubSpot Conversations', 'HubSpot WordPress Plugin', 'Hubspot', 'Instagram Follow Button', 'Metricool', 'Microdata for Google Shopping', 'Microsoft Clarity', 'Perl', 'QUIC', 'Site Kit', 'SiteW', 'Thank You', 'Twitter Ads', 'UTF-8', 'UserWay', 'WordPress', 'WordPress Multisite', 'YouTube', 'reCAPTCHA']"
cuadra.la,Cuadra | Préstamos en Guatemala desde Q200,,,82,10634,2026-09-13T10:38:59.074597407Z,"['AJAX Libraries API', 'Amazon', 'Amazon CloudFront', 'Amazon Route 53', 'Apture Linking Platform', 'CDN JS', 'CloudFront', 'Cloudflare', 'Cloudflare CDN', 'Content Delivery Network', 'Facebook Conversion Tracking', 'Facebook Login', 'Facebook Messenger Platform', 'Facebook Pixel', 'Facebook Reseller', 'Facebook Tag API', 'Google', 'Google Analytics', 'Google Cloud DNS', 'Google Font API', 'Google My Business', 'Google Play', 'Google Tag Manager', 'IcoMoon', 'Instagram Follow Button', 'Microdata for Google Shopping', 'Tailwind CSS', 'UTF-8', 'Vector Internet Services', 'WF Cookie Consent', 'Webflow', 'WhatsApp Sharing', 'jQuery']"
anthonyautosales.com,Used Cars for Sale in Thomson GA | Anthony Auto Sales,Anthony Auto Sales,JPN,82,21882,2026-09-13T10:38:59.074335642Z,"['AWS WAF Challenge', 'Alternate Protocol', 'Apture Linking Platform', 'Cloudflare', 'Cloudflare CDN', 'Coming Soon Page', 'Contact Form Plugin', 'Content Delivery Network', 'Elementor', 'EmbedPress', 'Font Awesome', 'Google', 'Google Analytics', 'Google Cloud DNS', 'Google Font API', 'Google My Business', 'Google Tag Manager', 'Gtranslate for Wordpress', 'Instagram Follow Button', 'Microdata for Google Shopping', 'NFOrce Internet', 'Ntent', 'PHP', 'QUIC', 'Site Kit', 'Table Addons for Elementor', 'TrustIndex', 'UTF-8', 'VisitorTracking', 'WordPress', 'WordPress Multisite', 'jQuery', 'reCAPTCHA']"
athena-charity.in.ua,"Благодійний Фонд ""Атена""",Благодійний Фонд «Атена»,UKR,67,338,2026-09-13T10:38:59.073554585Z,"['Alternate Protocol', 'Elementor', 'GZIP Module', 'Google Analytics', 'Google Cloud DNS', 'Google Font API', 'Google Tag Manager', 'Instagram Follow Button', 'Microdata for Google Shopping', 'Nginx', 'PHP', 'Telegram', 'UTF-8', 'W3 Total Cache', 'WordPress', 'WordPress Multisite']"
suryakley.com,Surya Kley - Hospitality Photographer Based in Zurich,Surya Kley,,62,26157,2026-09-13T10:38:59.073165709Z,"['AWS WAF Challenge', 'Alternate Protocol', 'Cloudflare', 'Cloudflare CDN', 'Content Delivery Network', 'Elementor', 'ElementsKit Elementor', 'EmbedPress', 'Google', 'Google Analytics', 'Google Cloud CDN', 'Google Cloud DNS', 'Google Font API', 'Google My Business', 'Google Tag Manager', 'Hello Elementor', 'LiteSpeed', 'Microdata for Google Shopping', 'PHP', 'RM Education', 'Site Kit', 'Theme In WP', 'TranslatePress', 'Typeform', 'UTF-8', 'WordPress', 'WordPress Multisite', 'jQuery']"
havelockevents.com,Eastern North Carolina Event Venue - Havelock Tourist & Event Center,,USA,77,3507,2026-09-13T10:38:59.072424553Z,"['Alternate Protocol', 'Astra Theme', 'Beaver Builder Lite', 'Content Delivery Network', 'EmbedPress', 'Google', 'Google Analytics', 'Google Cloud DNS', 'Google Font API', 'Google My Business', 'Google Tag Manager', 'Gravity', 'Line2', 'LiteSpeed', 'Microdata for Google Shopping', 'QUIC', 'QUIC.cloud', 'Schema Plugin', 'Sitelinks Search Box', 'UTF-8', 'WordPress', 'WordPress Multisite', 'WordPress Related Posts']"
powertorquetrans.com,Power Torque Transmissions,,USA,70,6084,2026-09-13T10:38:59.064340572Z,"['Alternate Protocol', 'Amazon', 'Cloudflare', 'Cloudflare CDN', 'Content Delivery Network', 'Elementor', 'EmbedPress', 'Formstack', 'Google', 'Google Analytics', 'Google Cloud CDN', 'Google Cloud DNS', 'Google Font API', 'Google Tag Manager', 'Material Design Icons', 'Microdata for Google Shopping', 'PHP', 'Theme In WP', 'UTF-8', 'WordPress', 'WordPress Multisite']"
skysticks.org.ua,"Школа барабанщиков, уроки игры на ударных в Киеве, преподаватель игры на барабанах - Skysticks",,UKR,67,700,2026-09-13T10:38:59.063408538Z,"['Apache', 'Debian', 'GZIP Module', 'Google Analytics', 'Google Cloud DNS', 'Google Font API', 'Google Tag Manager', 'IcoMoon', 'Line2', 'Tailwind CSS', 'UTF-8', 'YouTube']"
takeshiirie.com,Irie Takeshi | 入江剛史建築設計事務所,,,35,3,2026-09-13T10:38:59.063512083Z,"['AJAX Libraries API', 'Google Analytics', 'Google Cloud DNS', 'Google Tag Manager', 'Nginx', 'UTF-8', 'jQuery', 'jsDelivr']"
greentech-systems.de,🌱 GreenTech Systems – Innovative Heizlösungen für Altbauten,,,72,198,2026-09-13T10:38:59.063202397Z,"['Alternate Protocol', 'Apache', 'EmbedPress', 'Google Analytics', 'Google Tag Manager', 'Instagram Follow Button', 'LiteSpeed', 'Microdata for Google Shopping', 'Oxygen', 'Oxygen Builder', 'Sitelinks Search Box', 'Twenty Twenty-Three', 'UTF-8', 'WordPress', 'WordPress Multisite', 'jQuery']"
lesourdpartners.com,"Home - LeSourd Partners, Inc.","LeSourd Partners, Inc.",SEN,85,18863,2026-09-13T10:38:59.063112942Z,"['AWS WAF Challenge', 'Alternate Protocol', 'Cloudflare', 'Content Delivery Network', 'EmbedPress', 'Financial Industry Regulatory Authority', 'Google', 'Google Analytics', 'Google Cloud CDN', 'Google Tag Manager', 'Microdata for Google Shopping', 'PHP', 'Theme In WP', 'UTF-8', 'Ultra', 'WP Engine', 'WP-Members', 'WordPress', 'WordPress Multisite', 'jQuery']"
studiobrzak.tv,Weddings and events in Croatia- StudioBrzak Planner Agency,Weddings and events in Croatia- StudioBrzak Planner Agency,,67,3482,2026-09-13T10:38:59.062508031Z,"['AddThis', 'AddThis for Wordpress', 'Alternate Protocol', 'Beaver Builder Lite', 'Content Delivery Network', 'DAV', 'EmbedPress', 'Engintron', 'GZIP Module', 'GitHub Hosting', 'Google', 'Google Analytics', 'Google Cloud DNS', 'Google Font API', 'Instagram Follow Button', 'Jetpack', 'Max Mega Menu', 'Max Mega Menu Pro', 'Microdata for Google Shopping', 'Nginx', 'Ninja Forms', 'PHP', 'Perl', 'QUIC', 'Schema Plugin', 'Slider Revolution', 'Smart Slider 3', 'Tailwind CSS', 'The Events Calendar', 'Theme In WP', 'UTF-8', 'W3 Total Cache', 'WordPress', 'WordPress Multisite', 'WordPress Stats', 'eLand', 'jQuery']"
palmerfurniture.com,Bespoke Joinery & Luxury Kitchens - Palmer Furniture,,GBR,82,2536,2026-09-13T10:38:59.06153206Z,"['Alternate Protocol', 'Elementor', 'EmbedPress', 'Google Analytics', 'Google My Business', 'Google Tag Manager', 'Hello Elementor', 'Instagram Follow Button', 'LiteSpeed', 'Microdata for Google Shopping', 'MonsterInsights', 'NFOrce Internet', 'Ntent', 'PHP', 'Sitelinks Search Box', 'Theme In WP', 'TrustIndex', 'UTF-8', 'WordPress', 'WordPress Multisite', 'jQuery']"
nodecongress.com,Node Congress,,USA,72,46404,2026-09-13T10:38:59.058588144Z,"['Amazon CloudFront', 'Apture Linking Platform', 'CloudFront', 'Cloudflare', 'Cloudflare CDN', 'Cloudflare Workers', 'Content Delivery Network', 'Corporate Governance and Regulatory Compliance', 'DAV', 'Facebook Conversion Tracking', 'Facebook Login', 'Facebook Messenger Platform', 'Facebook Pixel', 'Facebook Reseller', 'Facebook Tag API', 'Fireblade', 'GitHub Hosting', 'Google', 'Google Analytics', 'Google Cloud DNS', 'Google Font API', 'Google Forms', 'Google My Business', 'Google Tag Manager', 'HMDG', 'Heroku', 'Hotjar', 'Imgix', 'InitiativeS', 'Instagram Follow Button', 'LinkedIn Insights', 'LinkedIn Pixel', 'Medium', 'Netlify', 'Ntent', 'Payload CMS', 'QUIC', 'SpatialChat', 'Tailwind CSS', 'Tito', 'Twitter Ads', 'Twitter Analytics', 'UTF-8', 'University or College', 'Vector Internet Services', 'Vercel', 'YouTube', 'Zoom Video Conferencing', 'eLand', 'jsDelivr', 'shadcn ui']"
onelifecycling.com,Boutique ebike tours - One Life Cycling Tours,,,67,3629,2026-09-13T10:38:59.058460152Z,"['Alternate Protocol', 'Coming Soon Page', 'Content Delivery Network', 'Element Pack Lite', 'Elementor', 'EmbedPress', 'Engintron', 'Essential Addons for Elementor', 'GZIP Module', 'Google', 'Google Analytics', 'Google Cloud CDN', 'Google Cloud DNS', 'Google Font API', 'Google Tag Manager', 'Instagram Follow Button', 'JivoSite', 'Microdata for Google Shopping', 'Nginx', 'OceanWP', 'PHP', 'Sitelinks Search Box', 'Theme In WP', 'UTF-8', 'W3 Total Cache', 'WP Mobile Menu', 'Woo Themes', 'WordPress', 'WordPress Multisite', 'jQuery']"
sirasacargo.com,sirasacargo.com – Sirasa Cargo,,LKA,80,24566,2026-09-13T10:38:59.05632246Z,"['AWS WAF Challenge', 'Agoda', 'Alternate Protocol', 'Astra Theme', 'Cloudflare', 'Cloudflare CDN', 'Content Delivery Network', 'DAV', 'Elementor', 'EmbedPress', 'Google', 'Google Analytics', 'Google Cloud DNS', 'Google Font API', 'Google My Business', 'Google Tag Manager', 'Instagram Follow Button', 'LiteSpeed', 'Metform Elemento', 'NFOrce Internet', 'PHP', 'Parcel', 'QUIC', 'QuadLayers', 'Theme In WP', 'UTF-8', 'Vector Internet Services', 'Woo Themes', 'WordPress', 'WordPress Multisite', 'WordPress Related Posts', 'jQuery']"
hatira.app,Hatira,,,52,,2026-09-13T10:38:59.056026645Z,"['App Store', 'Astro', 'GZIP Module', 'Google Analytics', 'Google My Business', 'Google Play', 'Google Tag Manager', 'Nginx', 'PWA', 'shadcn ui']"
autobodyshopsintexas.com,Body Shops in Texas - Auto Body Shops in Texas,Auto Body Shops in Texas,USA,72,98028,2026-09-13T10:38:59.056944939Z,"['Alternate Protocol', 'Beaver Builder Lite', 'Contento', 'Easy Table of Contents', 'EmbedPress', 'Financial Services Guide', 'Font Awesome', 'GZIP Module', 'Google', 'Google Analytics', 'Google Cloud DNS', 'Google Font API', 'Google Tag Manager', 'Gravity', 'KVH', 'Microdata for Google Shopping', 'Nginx', 'PHP', 'SMC', 'Schema Plugin', 'Site Kit', 'Sitelinks Search Box', 'Tailwind CSS', 'Theme In WP', 'UTF-8', 'WP Job Manager', 'WordPress', 'WordPress Multisite', 'jQuery']"
miroyaltitle.com,"Title Company - Fenton, Linden, Holly, MI | Royal Title Agency, LLC",,,60,9611,2026-09-13T10:38:59.055684168Z,"['Alternate Protocol', 'CDN JS', 'Cloudflare', 'Cloudflare CDN', 'Cloudflare Web Analytics', 'Contact Form Plugin', 'Divi', 'ETranslate', 'Elegant Themes', 'Elementor', 'EmbedPress', 'Fastly', 'Fireblade', 'GTranslate', 'Google Analytics', 'Google Cloud DNS', 'Google Font API', 'Google My Business', 'Google Tag Manager', 'MaxCDN', 'Microdata for Google Shopping', 'PHP', 'Theme In WP', 'UTF-8', 'UserWay', 'Woo Themes', 'WordPress', 'WordPress Multisite', 'jQuery', 'reCAPTCHA']"
serenity-tax.com,Serenity Tax & Accounting,,USA,92,20910,2026-09-13T10:38:59.055072237Z,"['AWS WAF Challenge', 'Adobe Creative Cloud WebFonts', 'Alternate Protocol', 'Beaver Builder Lite', 'Content Delivery Network', 'EmbedPress', 'Fastly', 'Font Awesome', 'GZIP Module', 'GeneratePress Company', 'Google', 'Google Analytics', 'Google Cloud DNS', 'Google Font API', 'Google My Business', 'Google Tag Manager', 'Instagram Follow Button', 'Iubenda', 'Microdata for Google Shopping', 'PHP', 'QUIC', 'Sitelinks Search Box', 'Theme In WP', 'UTF-8', 'WordPress', 'WordPress Multisite', 'jQuery']"
proexpertcarpentry.com,"Pro Expert Carpentry - Miami, Palm Beach",Proexpert Carpentry,USA,72,1573,2026-09-13T10:38:59.055811369Z,"['Alternate Protocol', 'CleanTalk Spam Protect', 'EmbedPress', 'GZIP Module', 'Google Analytics', 'Google My Business', 'Google Tag Manager', 'Microdata for Google Shopping', 'Nginx', 'PHP', 'Parallels Plesk Panel', 'Site Kit', 'Theme In WP', 'UTF-8', 'WP Fastest Cache', 'WordPress', 'WordPress Multisite', 'jQuery', 'reCAPTCHA']"
masports.com,Homepage - Mid-Atlantic Sports,,USA,85,12589,2026-09-13T10:38:59.053227967Z,"['Alternate Protocol', 'Better Lead Generation Services', 'Content Delivery Network', 'EmbedPress', 'Fastly', 'GZIP Module', 'Google Analytics', 'HubSpot Conversations', 'Hubspot', 'LinkedIn Insights', 'LinkedIn Pixel', 'Microdata for Google Shopping', 'PHP', 'Tailwind CSS', 'Theme In WP', 'Twitter Ads', 'UTF-8', 'WordPress', 'WordPress Multisite', 'jQuery']"
jetterbros.com,Hydro Jetting Nevada County | 2 Bros and A Hose,,USA,82,61841,2026-09-13T10:38:59.042875509Z,"['Alternate Protocol', 'Astra Theme', 'Content Delivery Network', 'DAV', 'Elementor', 'EmbedPress', 'Google', 'Google Analytics', 'Google Cloud DNS', 'Google Font API', 'Google Maps', 'Google My Business', 'Google Tag Manager', 'Line2', 'LiteSpeed', 'Microdata for Google Shopping', 'NFOrce Internet', 'Ntent', 'PHP', 'Pico CSS', 'QUIC', 'QUIC.cloud', 'SMC', 'TrustIndex', 'UTF-8', 'Vector Internet Services', 'Woo Themes', 'WordPress', 'WordPress Multisite', 'WordPress Related Posts', 'Yelp Badge', 'reCAPTCHA']"
goldenhershlaw.com,"Personal Injury Attorneys - Goldenhersh & Goldenhersh, P.C.","Goldenhersh & Goldenhersh, P.C.",USA,82,17128,2026-09-13T10:38:59.042640094Z,"['AWS WAF Challenge', 'Alternate Protocol', 'Bridge', 'Cloudflare', 'Content Delivery Network', 'EmbedPress', 'Google Analytics', 'Google Cloud DNS', 'Google Font API', 'Google Maps', 'Google My Business', 'Google Related Website Sites', 'Google Tag Manager', 'Microdata for Google Shopping', 'PHP', 'Schema Plugin', 'Simple Banner for Wordpress', 'Theme In WP', 'UTF-8', 'WP Engine', 'WPBakery', 'WordPress', 'WordPress Multisite', 'jQuery']"
southnorte.com,Premium Tequila & Cocktails & Crafted Beers - SouthNorte,SouthNorte Beer Co,PHL,92,70950,2026-09-13T10:38:59.042198889Z,"['Adobe Creative Cloud WebFonts', 'Alternate Protocol', 'Amazon WAF Blocked', 'Beaver Builder Lite', 'Contact Form Plugin', 'Content Delivery Network', 'Contento', 'Elfsight', 'EmbedPress', 'Fastly', 'GZIP Module', 'Google', 'Google Analytics', 'Google Cloud DNS', 'Google Font API', 'Google Tag Manager', 'Gutenberg', 'Instagram Feed for WordPress', 'Instagram Follow Button', 'LoftLoader', 'Microdata for Google Shopping', 'PHP', 'Schema Plugin', 'Theme In WP', 'Twitter Ads', 'UTF-8', 'Vignette OpenText', 'WordPress', 'WordPress Multisite', 'YouTube', 'jQuery']"
cirositaliandeli.com,"Ciro's Italian Deli & Restaurant - Davie, FL",,USA,82,3027,2026-09-13T10:38:59.038127644Z,"['DAV', 'ElementUI', 'Fastly', 'GZIP Module', 'Google Analytics', 'Google Customer Reviews', 'Google My Business', 'Google Tag Manager', 'IcoMoon', 'Instagram Follow Button', 'Microdata for Google Shopping', 'Microsoft Authentication Library for JavaScript', 'QUIC', 'Tailwind CSS', 'UTF-8', 'WP Job Manager', 'jQuery']"
chrin.org.rs,Odbor za ljudska prava Niš,Odbor za ljudska prava Niš,SRB,87,26895,2026-09-13T10:38:59.037032324Z,"['Adult Content', 'Alternate Protocol', 'CDN JS', 'Cloudflare', 'Cloudflare CDN', 'Contact Form Plugin', 'Custom Twitter Feeds', 'DAV', 'DuracellTomi Google Tag Manager for WordPress', 'Easy Twitter Feed Widget Plugin', 'Ektron', 'EmbedPress', 'GZIP Module', 'Google Analytics', 'Google Cloud DNS', 'Google Font API', 'Google My Business', 'Google Tag Manager', 'Instagram Feed for WordPress', 'Instagram Follow Button', 'Lazy Load for WordPress', 'Microdata for Google Shopping', 'MonsterInsights', 'Newsmag', 'Newspaper', 'Nginx', 'PHP', 'Pico CSS', 'Sitelinks Search Box', 'Theme In WP', 'Twitter Ads', 'UTF-8', 'WPBakery', 'Woo Themes', 'WordPress', 'WordPress Multisite', 'YouTube', 'jQuery', 'reCAPTCHA']"
hmsnboutiquetrading.com,Garment Manufacturing & Trading Company in UAE | HMSN,,,67,760,2026-09-13T10:38:59.036143305Z,"['Better Lead Generation Services', 'CDN JS', 'Cloudflare', 'Cloudflare CDN', 'Express', 'Google Analytics', 'Google Cloud DNS', 'Google Font API', 'Google Related Website Sites', 'Google Tag Manager', 'Instagram Follow Button', 'LiteSpeed', 'Material Design Icons', 'Microsoft Clarity', 'PHP', 'QUIC', 'Tailwind CSS', 'Twitter Ads', 'UTF-8', 'WhatsApp Sharing', 'jQuery']"
stanleyconstruction.us,Stanley Construction,Stanley Construction,GBR,75,118535,2026-09-13T10:38:59.035309638Z,"['34SP.com', 'About Cookies', 'Cloudflare', 'Cloudflare CDN', 'Coming Soon Page', 'DAV', 'Express', 'Financial Services Guide', 'Fireblade', 'Font Awesome', 'Google Analytics', 'Google Maps', 'Google My Business', 'Google Tag Manager', 'M247', 'Material-UI', 'NFOrce Internet', 'Network Advertising Initiative', 'Oddle', 'QUIC', 'SMC', 'Thank You', 'The Fresh', 'Twitter Ads', 'UENI', 'UTF-8']"
azronet.com,Azronet - the Oracle NetSuite implementation specialist,,GBR,82,28929,2026-09-13T10:38:59.033945693Z,"['AWS WAF Challenge', 'Alternate Protocol', 'Contact Form Plugin', 'EmbedPress', 'GZIP Module', 'Google Analytics', 'Google Cloud DNS', 'Google Font API', 'Google My Business', 'HubSpot Conversations', 'Hubspot', 'Microdata for Google Shopping', 'Nginx', 'Oracle Cloud', 'PHP', 'QUIC', 'Share Link', 'Theme In WP', 'Twitter Ads', 'UTF-8', 'Ubuntu', 'WP Fastest Cache', 'WPBakery', 'Woo Themes', 'WordPress', 'WordPress Multisite', 'YouTube', 'reCAPTCHA']"
bryanpark.com,"Home | Bryan Park Golf & Conference Center | Greensboro, NC",Bryan Park Golf &amp; Conference Center,USA,92,20867,2026-09-13T10:38:59.031623354Z,"['AWS WAF Challenge', 'Alternate Protocol', 'Analytify', 'BatCache', 'CheryFramework', 'Cloudflare', 'Cloudflare CDN', 'DAV', 'EmbedPress', 'Express', 'Facebook Login', 'Facebook Messenger Platform', 'Facebook Reseller', 'Fancybox for WordPress', 'Fastly', 'Google', 'Google Analytics', 'Google Cloud DNS', 'Google Font API', 'Google My Business', 'Google Tag Manager', 'IcoMoon', 'Jetpack', 'Microdata for Google Shopping', 'Nginx', 'PHP', 'Sitelinks Search Box', 'Slider Revolution', 'Tailwind CSS', 'Theme In WP', 'UTF-8', 'WPBakery', 'WordPress', 'WordPress Multisite', 'WordPress Stats', 'jQuery', 'shadcn ui']"
tryrusuoapp.com,Greetings to Rusuo VPN for China | Rusuo VPN for China,Rusuo VPN for China,,67,15039,2026-09-13T10:26:30.907219029Z,"['Alternate Protocol', 'Cloudflare', 'Cloudflare CDN', 'Cloudflare Web Analytics', 'Coming Soon Page', 'Content Delivery Network', 'Drupal', 'Fireblade', 'Google Analytics', 'Google Tag Manager', 'Harbor', 'QUIC', 'Tailwind CSS', 'UTF-8', 'shadcn ui']"
newliferehabilitationcenter.com,Best Rehab Centre In Mumbai (Call:08587004622) | Best Rehabilitation Centre In Mumbai | Best Alcohol And Drug Rehabilitation Centre In Mumbai | Rehabilitation Centre In Mumbai,,IND,52,156,2026-09-13T10:26:30.900237568Z,"['Apache', 'Fancybox for WordPress', 'GZIP Module', 'Google Analytics', 'Google My Business', 'Google Tag Manager', 'IcoMoon', 'Ubuntu']"
seaglassdiy.com,seaglassdiy,seaglassdiy,VAT,65,82294,2026-09-13T10:26:30.900387325Z,"['Apture Linking Platform', 'Aruba', 'Baidu Cloud', 'Cloudflare', 'Cloudflare CDN', 'DAV', 'Enjoi', 'Express', 'Google', 'Google Analytics', 'Google Cloud DNS', 'Google Font API', 'Google Related Website Sites', 'Google Tag Manager', 'IcoMoon', 'Microdata for Google Shopping', 'No-Q', 'PHP', 'QUIC', 'SMC', 'Shopify', 'Shopify Collabs', 'Snowplow', 'UTF-8', 'Yandex Hosting', 'eLand', 'hCaptcha', 'reCAPTCHA']"
kassoom.ae,Kassoom Affordable Online Tutoring - One-To-One Tutoring For Ages 7-18,,GBR,77,5720,2026-09-13T10:26:30.899272094Z,"['Alternate Protocol', 'Apache', 'CDN JS', 'Cloudflare', 'Cloudflare CDN', 'GZIP Module', 'Google Analytics', 'Google Related Website Sites', 'Google Tag Manager', 'Instagram Follow Button', 'QUIC', 'Tailwind CSS', 'Twitter Ads', 'UTF-8', 'Ubuntu', 'Vector Internet Services', 'jQuery', 'jsDelivr']"
nimaiedukart.in,"Nimaiedukart: Top Colleges, Universities & Institutes in India | Admission, Fees, Rankings of Top Management, Engineering, Medical Colleges. Your one-stop solution to explore and discover India's best professional courses.",,IND,87,1255,2026-09-13T10:26:30.898744318Z,"['Bulma', 'CDN JS', 'Cloudflare', 'Cloudflare CDN', 'DAV', 'Font Awesome', 'FreeCSSTemplates', 'Google Analytics', 'Google Cloud DNS', 'Google Maps', 'Google Tag Manager', 'ISO/IEC 8859', 'IcoMoon', 'Instagram Follow Button', 'Microdata for Google Shopping', 'PHP', 'Tidio', 'UTF-8', 'University or College']"
gosteamireland.com,Best Cleaning Services Galway - Go Steam - Ireland,Go Steam - Ireland,IRL,87,95525,2026-09-13T10:26:30.89858626Z,"['Alternate Protocol', 'Amazon WAF Blocked', 'Apture Linking Platform', 'Content Delivery Network', 'DAV', 'DC74', 'Express', 'Fastly', 'Fastly CDN', 'GZIP Module', 'Google Analytics', 'Google Customer Reviews', 'Google Related Website Sites', 'Google Tag Manager', 'Instagram Follow Button', 'Microdata for Google Shopping', 'NFOrce Internet', 'POWr', 'PWA', 'Perl', 'QUIC', 'SMC', 'Seflow Italy', 'Sentry', 'SiteW', 'Thank You', 'UTF-8', 'Vector Internet Services', 'VocalReferences', 'WP Booking Calendar', 'Wix', 'Wix Media', 'eLand', 'mlcom']"
thesignaturelodge.id,Home - The Signature Lodge,The Signature Lodge,IDN,70,8597,2026-09-13T10:26:30.898122701Z,"['Alibaba Cloud CDN', 'Alternate Protocol', 'Automattic', 'Booking Affiliate', 'Content Delivery Network', 'ElementUI', 'Elementor', 'EmbedPress', 'Facebook Conversion Tracking', 'Facebook Login', 'Facebook Messenger Platform', 'Facebook Pixel', 'Facebook Reseller', 'Facebook Tag API', 'FormSubmit', 'Google Adsense', 'Google Analytics', 'Google Funding Choices', 'Google Matched Content', 'Google My Business', 'Google Related Website Sites', 'Google Reseller', 'Google Tag Manager', 'Hello Elementor', 'Instagram Follow Button', 'JetWooBuilder', 'Jetpack', 'Kitco', 'LiteSpeed', 'Microdata for Google Shopping', 'NFOrce Internet', 'PHP', 'QUIC', 'Site Kit', 'Theme In WP', 'UTF-8', 'Unix', 'WP Booking Calendar', 'WhatsApp Sharing', 'Woo Themes', 'WooCommerce', 'WooCommerce Checkout', 'WordPress', 'WordPress Multisite', 'WordPress Stats', 'YouTube', 'jQuery']"
skinwecares.com,Skinwecares,Skinwecares,,65,12044,2026-09-13T10:26:30.898269463Z,"['Amazon CloudFront', 'Apture Linking Platform', 'Baidu Cloud', 'CloudFront', 'Cloudflare', 'Cloudflare CDN', 'Express', 'Google', 'Google Analytics', 'Google Cloud CDN', 'Google Cloud DNS', 'Google Cloud Storage', 'Google Tag Manager', 'IcoMoon', 'Microdata for Google Shopping', 'QUIC', 'Shopify', 'Shopify Collabs', 'UTF-8', 'Yandex Hosting', 'hCaptcha', 'reCAPTCHA']"
dreamjob.lt,DreamJob - It's time for a DreamJOB :),,LTU,82,607,2026-09-13T10:26:30.897169315Z,"['AddThis for Wordpress', 'Apache', 'CDN JS', 'Cloudflare', 'Cloudflare CDN', 'Font Awesome', 'GZIP Module', 'Google Analytics', 'Google Cloud DNS', 'Google Font API', 'Google Tag Manager', 'IcoMoon', 'Instagram Follow Button', 'PHP', 'QUIC']"
olympiacomforts.com,Best Lodge Near Southadka & Dharmasthala -Olympia Comforts,olympiacomforts.com,USA,87,33314,2026-09-13T10:26:30.897483068Z,"['AWS WAF Challenge', 'Alternate Protocol', 'Astra Theme', 'Cloudflare', 'Cloudflare CDN', 'Content Delivery Network', 'EmbedPress', 'Fireblade', 'GenerateBlocks', 'Google', 'Google Analytics', 'Google Cloud DNS', 'Google Font API', 'Google My Business', 'Google Tag Manager', 'Line2', 'LiteSpeed', 'Microdata for Google Shopping', 'PHP', 'QUIC', 'QUIC.cloud', 'UTF-8', 'WordPress', 'WordPress Multisite', 'WordPress Related Posts']"
aaofoundation.net,Home | American Association Of Orthodontists Foundation | St. Louis Missouri,,USA,77,40,2026-09-13T10:26:30.896991876Z,"['Akamai Global Host', 'CDN JS', 'Cloudflare', 'Cloudflare CDN', 'Content Delivery Network', 'Google Analytics', 'Google Cloud DNS', 'Google Font API', 'Google Tag Manager', 'Instagram Follow Button', 'QUIC', 'Tailwind CSS', 'Twitter Ads', 'UTF-8', 'YouTube']"
getcopybase.com,CopyBase - GorillaFlow,GorillaFlow Ltd,,60,30622,2026-09-13T10:26:30.896824595Z,"['CDN JS', 'Calendly', 'Cloudflare', 'Cloudflare CDN', 'Content Delivery Network', 'Drift', 'Elementor', 'EmbedPress', 'Figma', 'Google', 'Google Analytics', 'Google Cloud DNS', 'Google Font API', 'Google My Business', 'Google Tag Manager', 'Hello Elementor', 'Hotjar', 'Lazy Load for WordPress', 'Microdata for Google Shopping', 'NFOrce Internet', 'PHP', 'QUIC', 'Theme In WP', 'Twitter Ads', 'UTF-8', 'WP Rocket', 'WordPress', 'WordPress Multisite', 'jQuery']"
starqualityremodel.com,Home - Star Quality Remodeling,,USA,85,17988,2026-09-13T10:26:30.896092121Z,"['AWS WAF Challenge', 'Alternate Protocol', 'Autoptimize', 'Cloudflare', 'Content Delivery Network', 'Elementor', 'EmbedPress', 'Google Analytics', 'Google Cloud DNS', 'Google Font API', 'Google My Business', 'Google Tag Manager', 'Hello Elementor', 'Instagram Follow Button', 'Microdata for Google Shopping', 'NFOrce Internet', 'UTF-8', 'WP Engine', 'WordPress', 'WordPress Multisite', 'jQuery']"
computerzone.lk,Computer Shop Sri Lanka | PC Parts | Computerzone.lk,,JAM,87,3039,2026-09-13T10:26:30.894677039Z,"['Alternate Protocol', 'Apture Linking Platform', 'Aruba', 'Automattic', 'ClickOn', 'Contact Form Plugin', 'Content Delivery Network', 'Elementor', 'EmbedPress', 'Financial Services Guide', 'Google Analytics', 'Google Cloud DNS', 'Google Font API', 'Google My Business', 'Google Tag Manager', 'Jetpack', 'LiteSpeed', 'MailChimp for WordPress', 'Microdata for Google Shopping', 'NFOrce Internet', 'PHP', 'PixelYourSite', 'QUIC', 'Site Kit', 'Sitelinks Search Box', 'Telegram', 'Theme In WP', 'UTF-8', 'Woo Themes', 'WooCommerce', 'WooCommerce Checkout', 'WooFramework', 'WordPress', 'WordPress Multisite', 'WordPress Stats', 'XTemos Studio', 'YouTube', 'eLand', 'jQuery']"
vikingsdiary.com,Home - vikingsdiary,,SWE,77,20081,2026-09-13T10:26:30.894278057Z,"['AWS WAF Challenge', 'Alternate Protocol', 'Astra Theme', 'Cloudflare', 'Cloudflare CDN', 'Elementor', 'EmbedPress', 'Google', 'Google Analytics', 'Google Cloud DNS', 'Google Font API', 'Google My Business', 'Google Related Website Sites', 'Google Tag Manager', 'Instagram Follow Button', 'Microdata for Google Shopping', 'NFOrce Internet', 'PHP', 'Site Kit', 'Theme In WP', 'UTF-8', 'Woo Themes', 'WordPress', 'WordPress Multisite', 'WordPress Related Posts', 'jQuery']"
confur.net,Continental Furnaces | Industrial Furnace Manufacturer in India,,IND,82,35612,2026-09-13T10:26:30.894039959Z,"['AI Log', 'AWS WAF Challenge', 'Alternate Protocol', 'Apache', 'Apture Linking Platform', 'Cloudflare', 'Cloudflare CDN', 'Complianz', 'Contact Form Plugin', 'Elementor', 'EmbedPress', 'Fireblade', 'GTranslate', 'GZIP Module', 'Google', 'Google Analytics', 'Google Cloud DNS', 'Google Font API', 'Google My Business', 'Google Related Website Sites', 'Google Tag Manager', 'Gravity', 'Gravity Forms', 'HappyAddons', 'LiteSpeed', 'Microdata for Google Shopping', 'NFOrce Internet', 'PHP', 'Photo Gallery for WordPress', 'Site Kit', 'Theme In WP', 'To Top', 'UTF-8', 'WordPress', 'WordPress Multisite', 'jQuery']"
nathanscarandleasing.com,"Rideshare car rental for Uber, Lyft, Amazon Flex, Postmates, ALL PLATFORMS APPROVED",,USA,72,564,2026-09-13T10:26:30.894887196Z,"['Amazon CloudFront', 'CloudFront', 'Duda', 'FormSubmit', 'GZIP Module', 'Google Analytics', 'Google Tag Manager', 'Microdata for Google Shopping', 'Nginx', 'Tailwind CSS', 'Thank You', 'UTF-8']"
balancedbehavioralhealth.com,"Balanced Behavioral Health, LLC | Stratford ABA Services","Balanced Behavioral Health, LLC",USA,87,89050,2026-09-13T10:26:30.89395435Z,"['34SP.com', 'AWS WAF Challenge', 'About Cookies', 'Cloudflare', 'Cloudflare CDN', 'Coming Soon Page', 'Commoninja', 'Cornerstone', 'Elfsight', 'Express', 'Financial Services Guide', 'Font Awesome', 'Google Analytics', 'Google Maps', 'Google My Business', 'Google Tag Manager', 'Instagram Follow Button', 'Investor Relations', 'M247', 'Material-UI', 'NFOrce Internet', 'Network Advertising Initiative', 'Oddle', 'Pico CSS', 'SMC', 'Thank You', 'Twitter Ads', 'UENI', 'UTF-8']"
ksooam.com,ESPN 102.3FM/AM 1000 KSOO - Sioux Falls Sports Leader,,USA,77,109492,2026-09-13T10:26:30.891043352Z,"['Alternate Protocol', 'Amazon Associates Affiliate Shop', 'Apture Linking Platform', 'DAV', 'DoubleClick Bid Manager', 'Facebook Pixel', 'Facebook Reseller', 'Financial Services Guide', 'Google', 'Google Analytics', 'Google Cloud DNS', 'Google Font API', 'Google My Business', 'Google Recommendations AI', 'Google Tag Manager', 'Gravity', 'Header Tag by Index Exchange', 'IcoMoon', 'Instagram Follow Button', 'Microdata for Google Shopping', 'NFOrce Internet', 'Ntent', 'Prebid', 'Revcontent Reseller', 'SMC', 'Twitter Ads', 'US Privacy User Signal Mechanism', 'UTF-8', 'University or College', 'Unsplash', 'WordPress', 'WordPress Multisite', 'YouTube', 'comScore']"
graina.in,Graina - A Healthy Life with Natural Grains,,IND,65,2440,2026-09-13T10:26:30.890076736Z,"['CDN JS', 'Cloudflare', 'Cloudflare CDN', 'Content Delivery Network', 'Fastly', 'GZIP Module', 'GitHub Hosting', 'Google Analytics', 'Google Cloud DNS', 'Google Font API', 'Google Tag Manager', 'QUIC', 'UTF-8']"
hammspawsomedogwash.com,"Hamm's Pawsome Dogwash | Local Dogwash & Groomer | Bethlehem, PA",,,67,3018,2026-09-13T10:26:30.890772485Z,"['Alternate Protocol', 'Amazon', 'Apache', 'Contact Form Plugin', 'EmbedPress', 'GZIP Module', 'Google Analytics', 'Google Cloud DNS', 'Google Font API', 'Google Maps', 'Google Tag Manager', 'IcoMoon', 'PHP', 'Sitelinks Search Box', 'Slider Revolution', 'Theme In WP', 'ThemeFusion', 'UTF-8', 'WP jQuery Lightbox', 'WordPress', 'WordPress Multisite', 'jQuery']"
windermerelakehouse.co.uk,Home - Windermere Lake House,Windermere Lake House,,82,4045,2026-09-13T10:26:30.889875644Z,"['AJAX Libraries API', 'Alternate Protocol', 'Amazon', 'Amazon CloudFront', 'Apache', 'CloudFront', 'Contact Form Plugin', 'Content Delivery Network', 'Divi', 'Elegant Themes', 'EmbedPress', 'Font Awesome', 'GZIP Module', 'Google Analytics', 'Google Cloud DNS', 'Google Font API', 'Google My Business', 'Google Tag Manager', 'Microdata for Google Shopping', 'PHP', 'Sitelinks Search Box', 'Thank You', 'Theme In WP', 'UTF-8', 'Woo Themes', 'WordPress', 'WordPress Multisite', 'WordPress Related Posts', 'eLand', 'jQuery', 'reCAPTCHA']"
creativeproducts.co.in,Creative Products | Protex,,,72,3849,2026-09-13T10:26:30.889097912Z,"['BunnyCDN', 'BunnyCDN General', 'Dukaan', 'Facebook Login', 'Facebook Reseller', 'GZIP Module', 'Google Analytics', 'Google Tag Manager', 'Material-UI', 'Microdata for Google Shopping', 'QUIC', 'Tailwind CSS', 'UTF-8']"
broomfieldcoaching.com,Life Coaching & Atheist Sober Coaching | Broomfield Coaching,Broomfield Coaching,USA,87,105141,2026-09-13T10:26:30.887813636Z,"['AWS WAF Challenge', 'Alternate Protocol', 'Amazon WAF Blocked', 'Apture Linking Platform', 'Content Delivery Network', 'DAV', 'Express', 'Fastly', 'Fastly CDN', 'GZIP Module', 'Google Analytics', 'Google Related Website Sites', 'Google Tag Manager', 'Microdata for Google Shopping', 'NFOrce Internet', 'PWA', 'Perl', 'QUIC', 'SMC', 'Seflow Italy', 'Sentry', 'SiteW', 'Subversion', 'Thank You', 'UTF-8', 'Vector Internet Services', 'WP Booking Calendar', 'Wix', 'Wix Media', 'eLand', 'mlcom']"
fivestarautotint.com,Five Star Auto Tint | Window Tint Special $79.99,,USA,82,16548,2026-09-13T10:26:30.887688668Z,"['Alternate Protocol', 'Amazon CloudFront', 'CloudFront', 'Content Delivery Network', 'Duda', 'Elfsight', 'Fireblade', 'GZIP Module', 'Google Analytics', 'Google Customer Reviews', 'Google Related Website Sites', 'Google Tag Manager', 'Instagram Follow Button', 'Microdata for Google Shopping', 'Nginx', 'QUIC', 'Tailwind CSS', 'UTF-8', 'Yelp Badge']"
geckotech.nl,"Geckotech | Custom Software Development | Almere, NL",,NLD,82,5893,2026-09-13T10:26:30.886776223Z,"['Cybot', 'FastClick', 'Google Analytics', 'Google Cloud DNS', 'Google Maps', 'IcoMoon', 'QUIC', 'Tailwind CSS', 'UTF-8', 'Vector Internet Services']"
delighttraders.com,delighttraders.com -,delighttraders.com,,40,260,2026-09-13T10:26:30.885224444Z,"['AWS WAF Challenge', 'Alternate Protocol', 'Cloudflare', 'Cloudflare CDN', 'Coming Soon Page', 'Content Delivery Network', 'EmbedPress', 'GeneratePress Company', 'Google', 'Google Analytics', 'Google My Business', 'Google Tag Manager', 'LiteSpeed', 'Microdata for Google Shopping', 'PHP', 'Theme In WP', 'UTF-8', 'WordPress', 'WordPress Multisite']"
creamcrumbatx.com,Cream & Crumb,,USA,77,18120,2026-09-13T10:26:30.884156174Z,"['Apache', 'Express', 'GoDaddy', 'Google', 'Google Analytics', 'Google Cloud DNS', 'Google Font API', 'Google Tag Manager', 'Instagram Follow Button', 'PWA', 'UTF-8', 'Wangsu', 'Website Tonight']"
autoservisholicky.sk,Úvod,,,40,243,2026-09-13T10:26:30.881037775Z,"['AJAX Libraries API', 'CookieConsent', 'Google Analytics', 'Google Cloud DNS', 'Google Font API', 'Google My Business', 'OpenResty', 'StackPath', 'Tailwind CSS', 'UTF-8', 'jQuery', 'jsDelivr']"
indigenhl.com,MQCC™: Enter the BlockChain™ (www.EnterTheBlockChain.com) - Indigenous Hockey,,USA,70,137060,2026-09-13T10:26:30.88154576Z,"['Amazon', 'Amazon Widgets', 'Apache', 'Apture Linking Platform', 'Blockchain', 'CCSI', 'ClickOn', 'Express', 'Fireblade', 'GZIP Module', 'GetResponse', 'GitHub Hosting', 'Google', 'Google Analytics', 'Google Cloud CDN', 'Google Cloud DNS', 'Google Font API', 'Google Forms', 'Google My Business', 'Google Recommendations AI', 'Google Related Website Sites', 'Google Tag Manager', 'InitiativeS', 'Investing', 'KVH', 'Microdata for Google Shopping', 'NFOrce Internet', 'Ntent', 'Oracle Cloud', 'Perl', 'Plausible Analytics', 'SMC', 'Sapper', 'Schema Plugin', 'Subversion', 'UTF-8', 'University or College']"
palettecafe.nl,Home - Palettecafe.nl,,NLD,87,23668,2026-09-13T10:26:30.880241425Z,"['Alternate Protocol', 'Content Delivery Network', 'Elementor', 'EmbedPress', 'Express', 'Google Analytics', 'Google Related Website Sites', 'Google Tag Manager', 'Hello Elementor', 'Instagram Follow Button', 'LiteSpeed', 'M247', 'Microdata for Google Shopping', 'NFOrce Internet', 'PHP', 'Site Kit', 'Sitelinks Search Box', 'Theme In WP', 'UTF-8', 'WordPress', 'WordPress Multisite', 'Zenchef', 'jQuery']"
gurjarijewellers.in,Buy GURJARI JEWELLERS products online at best prices on https://gurjarijewellers.in,,IND,67,2680,2026-09-13T10:26:30.878971251Z,"['AJAX Libraries API', 'Amazon', 'Amazon CloudFront', 'Apture Linking Platform', 'CDN JS', 'CloudFront', 'Cloudflare', 'Cloudflare CDN', 'Express', 'Facebook Login', 'Facebook Messenger Platform', 'Facebook Pixel', 'Facebook Reseller', 'GZIP Module', 'Google Analytics', 'Google Cloud DNS', 'Google Tag Manager', 'Instagram Follow Button', 'Microsoft Clarity', 'Nginx', 'Sentry', 'Subversion', 'UTF-8']"
sounddesignsolutions.com,SDSolutions,,,52,3,2026-09-13T10:26:30.878542795Z,"['AJAX Libraries API', 'Alternate Protocol', 'Apache', 'Fancybox for WordPress', 'Google Analytics', 'Google Cloud DNS', 'Google Font API', 'Tailwind CSS', 'UTF-8', 'jQuery']"
seedance2.art,Seedance 2 | #1 Seedance 2 AI Video Generator - Text to Video & Image to Video,Seedance 2.0,USA,82,22791,2026-09-13T10:26:30.877980198Z,"['Alternate Protocol', 'Apture Linking Platform', 'Cisco/Arrowpoint Content Service Switch', 'Cloudflare', 'Cloudflare CDN', 'Coming Soon Page', 'DAV', 'Express', 'Fireblade', 'Google', 'Google Analytics', 'Google Cloud DNS', 'Google Font API', 'Google My Business', 'Google Tag Manager', 'Microdata for Google Shopping', 'Microsoft Clarity', 'Next.js', 'Plausible Analytics', 'Pleroma', 'QUIC', 'Radix UI', 'Sign In With Google', 'Tailwind CSS', 'Twitter Ads', 'UTF-8', 'Unsplash', 'shadcn ui']"
learnai.im,LearnAI – Digital Isle of Man Activate AI,,,55,1271,2026-09-13T10:26:30.874916581Z,"['AWS WAF Challenge', 'Alternate Protocol', 'EmbedPress', 'Eventbrite', 'Fastly', 'Google Analytics', 'Google Cloud DNS', 'Google Font API', 'Google Tag Manager', 'Gutenberg Blocks by Kadence Blocks', 'Kadence WP', 'KeyCDN', 'LearnDash', 'Nginx', 'PHP', 'Theme In WP', 'UTF-8', 'WordPress', 'WordPress Multisite', 'jQuery']"
ibkinitiatives.com,IBK Initiatives – A family led social enterprise for people managing their own support,,GBR,65,17888,2026-09-13T10:18:44.210405722Z,"['AWS WAF Challenge', 'Alternate Protocol', 'Cloudflare', 'Cloudflare CDN', 'Content Delivery Network', 'EmbedPress', 'GZIP Module', 'Google', 'Google Analytics', 'Google Cloud DNS', 'Google Font API', 'Google My Business', 'Google Tag Manager', 'InitiativeS', 'Nginx', 'PHP', 'Theme In WP', 'Twitter Ads', 'UTF-8', 'WPForms', 'WordPress', 'WordPress Multisite', 'jQuery']"
southhbygulshabegum.com,southhbygulshabegum.com – premium luxury jewelry,,IND,70,4784,2026-09-13T10:18:44.209743785Z,"['Alternate Protocol', 'Elementor', 'EmbedPress', 'Google', 'Google Analytics', 'Google Cloud CDN', 'Google Cloud DNS', 'Google Font API', 'Google Tag Manager', 'IcoMoon', 'Instagram Follow Button', 'NFOrce Internet', 'PHP', 'QUIC', 'Sassy Social Share', 'Site Kit', 'Slider Revolution', 'Tailwind CSS', 'Theme In WP', 'UTF-8', 'Woo Themes', 'WooCommerce', 'WooCommerce Checkout', 'WordPress', 'WordPress Multisite', 'jQuery']"
katteycasa.com,KATTEYCASA SPHYNX CATTERY - Northern Minnesota's Sphynx Cattery,,USA,87,32521,2026-09-13T10:18:44.207125988Z,"['Alternate Protocol', 'Beaver Builder Lite', 'Content Delivery Network', 'Contento', 'EmbedPress', 'Fastly', 'GZIP Module', 'GitHub Hosting', 'Google', 'Google Analytics', 'Google Cloud DNS', 'Google Font API', 'Google Tag Manager', 'Microdata for Google Shopping', 'PHP', 'Schema Plugin', 'Theme In WP', 'UTF-8', 'WordPress', 'WordPress Multisite', 'Yandex Hosting', 'jQuery']"
thompsonprocleaning.co.uk,Exterior Cleaning Wakefield - Thompson Pro Cleaning,Thompson Pro Cleaning,GBR,82,7718,2026-09-13T10:18:44.20615892Z,"['Alternate Protocol', 'Apture Linking Platform', 'CDN JS', 'Cloudflare', 'Cloudflare CDN', 'Contact Form Plugin', 'EmbedPress', 'Font Awesome', 'Go Pricing', 'Google', 'Google Analytics', 'Google Cloud CDN', 'Google Cloud DNS', 'Google Font API', 'Google Tag Manager', 'Instagram Follow Button', 'Kitco', 'Microdata for Google Shopping', 'PHP', 'QUIC', 'Site Kit', 'Slider Revolution', 'The7', 'Theme In WP', 'Visual Composer Ultimate Addons', 'WP Fastest Cache', 'WPBakery', 'WordPress', 'WordPress Multisite']"
hampshiretherapyhub.com,Hampshire Therapy,,GBR,62,20517,2026-09-13T10:18:44.206274254Z,"['AJAX Libraries API', 'AWS WAF Challenge', 'Alternate Protocol', 'Bunny Fonts', 'Cloudflare', 'Cloudflare CDN', 'Cloudflare Web Analytics', 'Content Delivery Network', 'Cornerstone', 'EmbedPress', 'Express', 'Google Analytics', 'Google Cloud DNS', 'Google Tag Manager', 'Microdata for Google Shopping', 'No-Q', 'PHP', 'Subversion', 'Twenty Twenty', 'UTF-8', 'Vector Internet Services', 'WP Statistics', 'WordPress', 'WordPress Multisite', 'Zope', 'jQuery']"
atmos.is,Atmos - Atmos Cloud,,,62,22744,2026-09-13T10:18:44.205580279Z,"['Alternate Protocol', 'Amazon WAF Blocked', 'Anti-spam for WordPress', 'Baidu Cloud', 'CleanTalk Spam Protect', 'EmbedPress', 'Fireblade', 'Google', 'Google Analytics', 'Google Cloud CDN', 'Google Cloud DNS', 'Google Font API', 'Google Tag Manager', 'LiteSpeed', 'Microdata for Google Shopping', 'Nginx', 'PHP', 'Parallels Plesk Panel', 'Polylang', 'QUIC', 'Site Kit', 'Theme In WP', 'UTF-8', 'WordPress', 'WordPress Multisite', 'Yandex Hosting', 'eLand']"
marinhoefreitas.adv.br,Marinho e Freitas Advogados,,GRC,65,248,2026-09-13T10:18:44.204319819Z,"['Alternate Protocol', 'Content Delivery Network', 'Elementor', 'EmbedPress', 'Google Analytics', 'Google Maps', 'Google My Business', 'Google Tag Manager', 'Hello Elementor', 'LiteSpeed', 'PHP', 'Theme In WP', 'UTF-8', 'WordPress', 'WordPress Multisite', 'jQuery']"
iotsy.ru,"iotsy: оборудование для систем ""Умный дом"" в Москве и по всей России",,CHL,77,51230,2026-09-13T10:18:44.204786662Z,"['Amazon', 'DAV', 'Express', 'Fancybox for WordPress', 'Financial Services Guide', 'GZIP Module', 'Google Analytics', 'Google Tag Manager', 'K2F', 'KVH', 'Nginx', 'No-Q', 'Roistat', 'Subversion', 'UTF-8', 'Ubuntu', 'Yandex Hosting']"
lynxrabbitdesign.com,Lynx Rabbit Design,,,60,3448,2026-09-13T10:18:44.203388646Z,"['Better Lead Generation Services', 'GitHub Hosting', 'GoDaddy', 'Google', 'Google Analytics', 'Google Cloud DNS', 'Google Font API', 'Google My Business', 'Google Tag Manager', 'Instagram Follow Button', 'Line2', 'PWA', 'UTF-8', 'Wangsu', 'Website Tonight']"
smixin.sg,Jeff Supplies - Exclusive Distributor of SMIXIN Systems in Singapore,,SGP,47,120,2026-09-13T10:18:44.202313894Z,"['Adobe Creative Cloud WebFonts', 'Google Analytics', 'Google Tag Manager', 'Tailwind CSS', 'WhatsApp Sharing']"
platinumelection.com,ELECTIONS. EFFICIENTLY FROM START TO FINISH,Platinum Technology,,72,15163,2026-09-13T10:18:44.201508701Z,"['AWS WAF Challenge', 'Alternate Protocol', 'Bulma', 'Contact Form Plugin', 'Content Delivery Network', 'DuracellTomi Google Tag Manager for WordPress', 'EWWW Image Optimizer', 'EmbedPress', 'Google Analytics', 'Google Tag Manager', 'Microdata for Google Shopping', 'Nginx', 'PHP', 'Tailwind CSS', 'Theme In WP', 'UTF-8', 'UberMenu', 'WP Fastest Cache', 'WPBakery', 'WordPress', 'WordPress Multisite', 'YouTube', 'eLand']"
fdelec.fr,FDelec,,FRA,55,3,2026-09-13T10:18:44.2016738Z,"['Apache', 'Debian', 'Drupal', 'GZIP Module', 'Google Analytics', 'Google Cloud DNS', 'Google Maps', 'PHP', 'UTF-8', 'jQuery']"
atlantarvshow.com,Atlanta RV Shows | Official Site for Georgia's Largest RV Expos,Atlanta Camping & RV Show,USA,72,7599,2026-09-13T10:18:44.201419076Z,"['Alternate Protocol', 'Apture Linking Platform', 'Automattic', 'BatCache', 'Content Delivery Network', 'EmbedPress', 'Fastly', 'Font Awesome', 'Google Analytics', 'Google Cloud DNS', 'Google Font API', 'Google My Business', 'Google Tag Manager', 'Instagram Follow Button', 'Jetpack', 'MailChimp', 'Microdata for Google Shopping', 'MonsterInsights', 'Nginx', 'PHP', 'Shipping Rates Calculator', 'Show.co', 'Side Cart Woocommerce', 'Social Warfare', 'StudioPress', 'Theme In WP', 'UTF-8', 'Woo Themes', 'WooCommerce', 'WooCommerce Checkout', 'WooCommerce Stripe Payment Gateway', 'WordPress', 'WordPress Multisite', 'WordPress Stats', 'YouTube', 'iHomefinder', 'jQuery']"
gluestone.be,Gluestone,,,55,590,2026-09-13T10:18:44.200538328Z,"['Bulma', 'Ethy', 'GZIP Module', 'Google Analytics', 'Google Tag Manager', 'Nginx', 'jQuery']"
digitalembassy.es,Digital Embassy | Marketing de Influencia y Branded Content,Digital Embassy,ESP,92,73498,2026-09-13T10:18:44.200919283Z,"['Alternate Protocol', 'Apache', 'Autoptimize', 'Elementor', 'EmbedPress', 'Financial Services Guide', 'GZIP Module', 'Google', 'Google Analytics', 'Google Cloud CDN', 'Google Cloud DNS', 'Google Font API', 'Google Maps', 'Google My Business', 'Google Tag Manager', 'Hello Elementor', 'Instagram Follow Button', 'JetElements', 'Jetpack', 'KVH', 'Microdata for Google Shopping', 'OptiMole', 'PHP', 'SMC', 'Sitelinks Search Box', 'Subversion', 'Theme In WP', 'UTF-8', 'Vue.js', 'WordPress', 'WordPress Multisite', 'WordPress Stats', 'YouTube', 'jQuery']"
sunrisepestsolutions.com,Best pest control services Near me in Hyderabad | 07013464197,,IND,82,15508,2026-09-13T10:18:44.199989892Z,"['CDN JS', 'Cloudflare', 'Cloudflare CDN', 'Fireblade', 'Google Analytics', 'Google Cloud DNS', 'Google Font API', 'Google Tag Manager', 'IcoMoon', 'Instagram Follow Button', 'Microdata for Google Shopping', 'UTF-8', 'WhatsApp Sharing', 'jQuery']"
itnews21.ru,АйТиНьюс+ Чувашия - последние новости в мире технологий... и немного больше,,,62,8908,2026-09-13T10:18:44.193498808Z,"['ADFOX', 'Alternate Protocol', 'GZIP Module', 'Google Analytics', 'Google Cloud DNS', 'Google Code Prettify', 'Google Font API', 'IcoMoon', 'Joomla!', 'K2', 'Nginx', 'PHP', 'RokNavMenu', 'UTF-8', 'Yandex Hosting', 'Yandex Metrika', 'jQuery']"
apexcleaningfife.co.uk,Apex Cleaning Fife | Cleaning Services in Kirkcaldy,Apex Cleaning Fife,,77,88865,2026-09-13T10:18:44.191893187Z,"['34SP.com', 'About Cookies', 'Adult Content', 'Cloudflare', 'Cloudflare CDN', 'Coming Soon Page', 'Express', 'Financial Services Guide', 'Fireblade', 'Font Awesome', 'Google Analytics', 'Google Maps', 'Google My Business', 'Google Tag Manager', 'M247', 'Material-UI', 'NFOrce Internet', 'Network Advertising Initiative', 'No-Q', 'Ntent', 'Oddle', 'SMC', 'Thank You', 'Twitter Ads', 'UENI', 'UTF-8']"
fotmw.org,Friends of the Muskoka Watershed – Turning science into community-wide action.,,,55,560,2026-09-13T10:18:44.190945229Z,"['AWS WAF Challenge', 'Alternate Protocol', 'Amazon', 'Amazon S3 CDN', 'Apache', 'Azion', 'Canada Helps', 'Cloudflare', 'Cloudflare CDN', 'EmbedPress', 'Event Tickets for Wordpress', 'GZIP Module', 'Google', 'Google Analytics', 'Google My Business', 'Google Tag Manager', 'Instagram Follow Button', 'Meta Slider for WordPress', 'PHP', 'Storyblocks', 'Thank You', 'Twenty Twenty-Four', 'UTF-8', 'Ubuntu', 'University or College', 'WordPress', 'WordPress Multisite', 'YouTube', 'jQuery']"
claims1st.com,ClaimsFirst - Insurance Claim Management NationwideClaimsFirst - Insurance Claim Management Nationwide,"ClaimsFirst Services, LLC",IMN,92,17489,2026-09-13T10:18:44.190847592Z,"['AJAX Libraries API', 'AWS WAF Challenge', 'Alternate Protocol', 'Cloudflare', 'Content Delivery Network', 'EmbedPress', 'Google Analytics', 'Google Cloud DNS', 'Google Tag Manager', 'Microdata for Google Shopping', 'PHP', 'Theme In WP', 'UTF-8', 'WP Engine', 'WordPress', 'WordPress Multisite', 'jQuery', 'reCAPTCHA']"
beautifulalleppey.com,Alleppey Houseboat Booking | Private Kerala Houseboats,Beautiful Alleppey Houseboats,IND,82,17005,2026-09-13T10:18:44.188863842Z,"['Alternate Protocol', 'Content Delivery Network', 'Elementor', 'EmbedPress', 'Fireblade', 'Font Awesome', 'GZIP Module', 'Google Analytics', 'Google Cloud DNS', 'Google Font API', 'Google Tag Manager', 'Instagram Follow Button', 'LiteSpeed', 'Microdata for Google Shopping', 'NFOrce Internet', 'PHP', 'QUIC', 'Table Addons for Elementor', 'The7', 'Theme In WP', 'UTF-8', 'Woo Themes', 'WooCommerce', 'WooCommerce Checkout', 'WordPress', 'WordPress Multisite', 'YouTube', 'jQuery']"
mensfuraccessories.com,"▷ Men's Fur Hats, Scarves, Collars | Men's Fur Accessories Online Store",,ITA,72,40,2026-09-13T10:18:44.187847209Z,"['Arastta', 'Express', 'GZIP Module', 'Google Analytics', 'Google Cloud DNS', 'Google Font API', 'Nginx', 'Subversion', 'Tailwind CSS', 'Tawk', 'Twitter Ads', 'UTF-8']"
paymentsconsulting.com,Payments Consulting Network - Industry specialists in payments,,USA,77,15907,2026-09-13T10:18:44.186455972Z,"['Advisory Board', 'Alternate Protocol', 'Amazon', 'Amazon S3 CDN', 'BLR', 'Custom Twitter Feeds', 'EmbedPress', 'Formidable Pro Form', 'GZIP Module', 'Gambling Content', 'Google', 'Google Analytics', 'Google Cloud CDN', 'Google Cloud DNS', 'Google Font API', 'Google Tag Manager', 'Microdata for Google Shopping', 'PHP', 'QUIC', 'Slider Revolution', 'Storyblocks', 'Theme In WP', 'ThemeFusion', 'TradingView', 'Tumblr', 'Twitter Ads', 'Twitter CDN', 'UTF-8', 'WP jQuery Lightbox', 'WhatsApp Sharing', 'WordPress', 'WordPress Multisite', 'jQuery']"
aurignac-immo.com,Home | BAIA IMMOBILIER,,FRA,67,5744,2026-09-13T10:18:44.186203561Z,"['Alternate Protocol', 'Amazon', 'Amazon CloudFront', 'Apimo', 'CloudFront', 'DAV', 'GZIP Module', 'GetResponse', 'Google Analytics', 'Google Cloud DNS', 'Google Font API', 'Google My Business', 'Google Tag Manager', 'Nginx', 'UTF-8', 'jQuery', 'reCAPTCHA']"
balancegreenville.com,"Balance Bodywork and Yoga | Greenville, SC | Trauma-informed, holistic, intuitive wellness",,USA,92,82008,2026-09-13T10:18:44.184353774Z,"['Accordion Blocks', 'Accordion FAQ', 'Aruba', 'Elfsight', 'Express', 'FormSubmit', 'GZIP Module', 'Google Analytics', 'Google Tag Manager', 'Instagram Follow Button', 'Line2', 'Magento Enterprise', 'Microdata for Google Shopping', 'Newsletter for Wordpress', 'Pico CSS', 'QUIC', 'SiteW', 'Squarespace', 'Squarespace Online Appointment Scheduling', 'UTF-8', 'Vector Internet Services', 'WordPress SEO Structured Data Schema Plugin', 'YouTube', 'eLand']"
syncschool.com.mx,SyncSchool,,PHL,70,5140,2026-09-13T10:18:44.184252882Z,"['AJAX Libraries API', 'Amazon', 'Amazon CloudFront', 'CloudFront', 'ETranslate', 'GTranslate', 'Google Analytics', 'Google Cloud DNS', 'Google My Business', 'Google Play', 'Tailwind CSS', 'YouTube']"
junxin-energy.com,"Hebei Junxin - Energy Gas Solutions & Equipment for LNG, CNG, LPG",MY SHOP,CHN,77,12020,2026-09-13T10:18:44.184458512Z,"['Alternate Protocol', 'Better Lead Generation Services', 'Cloudflare', 'ETranslate', 'Ethy', 'GTranslate', 'Google Analytics', 'Google My Business', 'Google Related Website Sites', 'Google Tag Manager', 'Microdata for Google Shopping', 'Pico CSS', 'Pleroma', 'QUIC', 'Tawk', 'UEESHOP', 'UTF-8', 'Yandex Hosting']"
farcoop.com,Farmers Cooperative Elevator Company,,,60,43878,2026-09-13T10:18:44.184575447Z,"['123FormBuilder', 'AJAX Libraries API', 'Adobe Creative Cloud WebFonts', 'Apple Auto Link Maker', 'AutoComplete', 'Brightspot', 'CDN JS', 'Cloudflare', 'Cloudflare CDN', 'Content Delivery Network', 'DoubleClick Bid Manager', 'Facebook Login', 'Facebook Reseller', 'Fastly', 'Font Awesome', 'Google', 'Google Analytics', 'Google Calendar', 'Google Cloud CDN', 'Google Cloud DNS', 'Google Font API', 'Google Maps', 'Google Matched Content', 'Google My Business', 'Google Play', 'Google Reseller', 'Google Tag Manager', 'MailChimp', 'Microsoft 365', 'Microsoft Azure', 'RM Education', 'SAS', 'Sentry', 'Twitter Ads', 'Typeform', 'UTF-8', 'Vimeo', 'Visual Studio', 'Wistia', 'YouTube', 'amCharts', 'eLand', 'jQuery', 'taggbox']"
imaris.agency,Imaris: Digital agency for internet marketing and advertising,Imaris,UKR,77,26989,2026-09-13T10:18:44.18356219Z,"['501c3 Status Nonprofit', 'AWS WAF Challenge', 'Alternate Protocol', 'AutoComplete', 'Clutch', 'Contact Form Plugin', 'EmbedPress', 'Express', 'Fancybox for WordPress', 'Google Analytics', 'Google Forms', 'Google My Business', 'Google Tag Manager', 'Gravity Forms', 'Instagram Follow Button', 'LiteSpeed', 'Microdata for Google Shopping', 'Microsoft Clarity', 'Nginx', 'PHP', 'QUIC', 'Telegram', 'Theme In WP', 'TranslatePress', 'Twitter Ads', 'UTF-8', 'WPForms', 'WhatsApp Sharing', 'WordPress', 'WordPress Multisite', 'YouTube', 'jQuery', 'jsDelivr', 'reCAPTCHA']"
theindiawatch.com,"Market Research Services Company in Gurgaon, India-The India Watch",,IND,72,6228,2026-09-13T10:18:44.182966362Z,"['Apache', 'AutoComplete', 'Bulma', 'CDN JS', 'Cloudflare', 'Cloudflare CDN', 'ElementUI', 'GZIP Module', 'Google Analytics', 'Google Cloud DNS', 'Google Font API', 'Google My Business', 'Google Related Website Sites', 'Google Tag Manager', 'IcoMoon', 'Instagram Follow Button', 'Medium', 'PHP', 'Tailwind CSS', 'Thank You', 'Twitter Ads', 'UTF-8', 'Vector Internet Services', 'WhatsApp Sharing', 'jsDelivr']"
triadtraining.com,Triad Training | Fitness and training Gym in Oconee GA,,SHN,77,17820,2026-09-13T10:18:44.182625428Z,"['AWS WAF Challenge', 'Amazon CloudFront', 'CDN JS', 'CloudFront', 'Cloudflare', 'Cloudflare CDN', 'Commoninja', 'Duda', 'FormSubmit', 'GZIP Module', 'Google Analytics', 'Google My Business', 'Google Related Website Sites', 'Google Tag Manager', 'Instagram API', 'Instagram Follow Button', 'Microdata for Google Shopping', 'Nginx', 'QUIC', 'Tailwind CSS', 'Thank You', 'UTF-8', 'Vimeo', 'reCAPTCHA']"
reliablehvacandplumbing.com,"Reliable HVAC & Plumbing-Professional Heating, Air Conditioning, Ventilation, and Plumbing - Reliable Hvac Plumbing",,USA,77,4393,2026-09-13T10:18:44.181350085Z,"['Bing Cashback', 'Cloudflare', 'Constant Contact', 'Content Delivery Network', 'Express', 'Google', 'Google Analytics', 'Google Cloud CDN', 'Google Cloud DNS', 'Google Cloud Storage', 'Google Tag Manager', 'Instagram Follow Button', 'Netlify', 'Perl', 'Unsplash', 'WebsiteBuilder']"
theconnectionsnj.com,The Connections Magazines | New Jersey The Connections Magazines | New Jersey - Local Advertising Magazine #,The Connections Magazines | New Jersey,USA,72,12944,2026-09-13T10:18:44.181864661Z,"['Alternate Protocol', 'Automattic', 'Call to Visit', 'Contact Form Plugin', 'DAV', 'EmbedPress', 'Express', 'Facebook Login', 'Facebook Messenger Platform', 'Facebook Reseller', 'GZIP Module', 'GetResponse', 'Google Analytics', 'Google My Business', 'Google Related Website Sites', 'Google Tag Manager', 'Gravity Forms', 'IcoMoon', 'Instagram Follow Button', 'Jetpack', 'Microdata for Google Shopping', 'MonsterInsights', 'My Calendar', 'Nginx', 'PHP', 'PWA', 'QUIC', 'RM Education', 'Sapper', 'Site Kit', 'Social Warfare', 'Theme In WP', 'Twitter Ads', 'UTF-8', 'WP Recipe Maker', 'WPForms', 'Woo Themes', 'WooCommerce Checkout', 'WordPress', 'WordPress Multisite', 'WordPress Stats', 'YouTube', 'jQuery']"
sociallyeverywhere.com,Social Media Agency Barcelona & Reus | Socially Everywhere,,ESP,82,17668,2026-09-13T10:18:44.180997515Z,"['AWS WAF Challenge', 'Alternate Protocol', 'Content Delivery Network', 'DoubleClick Bid Manager', 'Google', 'Google Analytics', 'Google Cloud DNS', 'Google Font API', 'Google My Business', 'Google Tag Manager', 'Instagram Follow Button', 'Microdata for Google Shopping', 'Netlify', 'Next.js', 'Pleroma', 'Tailwind CSS', 'UTF-8', 'shadcn ui']"
copycatgraphics.be,Maak kennis met Copycat - van idee tot impact,Copycat,BEL,92,51926,2026-09-13T10:18:44.180200053Z,"['Adobe Creative Cloud WebFonts', 'Alternate Protocol', 'Content Delivery Network', 'DAV', 'Divi', 'Elegant Themes', 'EmbedPress', 'Financial Services Guide', 'Font Awesome', 'Google Analytics', 'Google Cloud DNS', 'Google Font API', 'Google My Business', 'Google Tag Manager', 'LiteSpeed', 'Microdata for Google Shopping', 'PHP', 'SMC', 'Sitelinks Search Box', 'UTF-8', 'WordPress', 'WordPress Multisite', 'jQuery', 'reCAPTCHA']"
kalrapriyanka.com,Dr. Priyanka Kalra- Best Psychiatrist In Ludhiana,Dr. Priyanka Kalra,IND,82,19415,2026-09-13T10:18:44.179246925Z,"['AWS WAF Challenge', 'Alternate Protocol', 'Bookly', 'Contact Form Plugin', 'Elementor', 'EmbedPress', 'Essential Addons for Elementor', 'Essential Blocks for Gutenberg', 'Facebook Conversion Tracking', 'Facebook Login', 'Facebook Messenger Platform', 'Facebook Pixel', 'Facebook Reseller', 'Facebook Tag API', 'Google', 'Google Analytics', 'Google Cloud CDN', 'Google Cloud DNS', 'Google Font API', 'Google My Business', 'Google Tag Manager', 'Gutentor', 'Instagram Follow Button', 'Microdata for Google Shopping', 'PHP', 'QUIC', 'Quiz Maker', 'Sitelinks Search Box', 'Theme In WP', 'Twitter Ads', 'UTF-8', 'University or College', 'Woo Themes', 'WordPress', 'WordPress Multisite', 'YouTube', 'jQuery', 'myStickymenu', 'reCAPTCHA']"
bluiqinsurance.com,Home - Blu IQ Insurance,Blu IQ Insurance,,72,5680,2026-09-13T10:18:44.175282179Z,"['Alternate Protocol', 'Apache', 'Apture Linking Platform', 'Astra Theme', 'Better Lead Generation Services', 'Elementor', 'EmbedPress', 'GZIP Module', 'Google', 'Google Analytics', 'Google Cloud DNS', 'Google Font API', 'Google My Business', 'Google Tag Manager', 'Microdata for Google Shopping', 'NFOrce Internet', 'PHP', 'QUIC', 'Site Kit', 'Theme In WP', 'UTF-8', 'WP Rocket', 'Woo Themes', 'WordPress', 'WordPress Multisite', 'WordPress Related Posts', 'jQuery', 'reCAPTCHA']"
shantainursingcollege.com,Shantai Nursing College,,IND,55,35303,2026-09-13T10:18:44.173277568Z,"['Bulma', 'CDN JS', 'Cloudflare', 'Cloudflare CDN', 'Engage', 'Google', 'Google Analytics', 'Google Cloud DNS', 'Google Font API', 'Google My Business', 'Google Tag Manager', 'Instagram Follow Button', 'KVH', 'Microsoft Ajax Content Delivery Network', 'QUIC', 'Salesforce Experience Cloud', 'StackPath', 'UTF-8', 'University or College', 'Vercel', 'YouTube', 'jsDelivr']"
bursayatirim.com.tr,TEKNOSAB|Bursa Technology Organized Industrial Zone,,TUR,72,,2026-09-13T10:18:44.172211011Z,"['Alternate Protocol', 'Angular', 'Bulma', 'GZIP Module', 'Google Analytics', 'Google Tag Manager', 'LiteSpeed', 'QUIC', 'UTF-8', 'University or College', 'jQuery']"
mehkaaf.com,MehKaaf Perfume – Luxury & Long-Lasting Fragrance,,PAK,70,18400,2026-09-13T10:18:44.171648252Z,"['AWS WAF Challenge', 'Alternate Protocol', 'Astra Theme', 'Cloudflare', 'Cloudflare CDN', 'EmbedPress', 'Facebook Login', 'Facebook Messenger Platform', 'Facebook Pixel', 'Facebook Reseller', 'Google', 'Google Analytics', 'Google Cloud DNS', 'Google Font API', 'Google My Business', 'Google Tag Manager', 'PHP', 'PixelYourSite', 'QUIC', 'Shipping Rates Calculator', 'Side Cart Woocommerce', 'Site Kit', 'Theme In WP', 'UTF-8', 'WPForms', 'Woo Themes', 'WooCommerce', 'WooCommerce Checkout', 'WordPress', 'WordPress Multisite', 'WordPress Related Posts', 'jQuery']"
beyondwellnessar.com,"Med Spa & Wellness Clinic in Little Rock & Lonsdale, AR",Beyond Wellness,ZAF,82,57104,2026-09-13T10:18:44.1714811Z,"['Alternate Protocol', 'Apture Linking Platform', 'BunnyCDN', 'BunnyCDN General', 'Cloudflare', 'Cloudflare CDN', 'Elementor', 'ElementsKit Elementor', 'EmbedPress', 'Google Analytics', 'Google My Business', 'Google Related Website Sites', 'Google Tag Manager', 'Instagram Follow Button', 'LiteSpeed', 'LoftLoader', 'Microdata for Google Shopping', 'NFOrce Internet', 'SMC', 'Sitelinks Search Box', 'Table Addons for Elementor', 'UTF-8', 'UserWay', 'Vimeo', 'WP Portfolio Astra', 'WordPress', 'WordPress Related Posts', 'jQuery']"
esmgroup.au,"Mechanical, HVAC & Fire Services WA Facilities | ESMG",,,77,91181,2026-09-13T10:18:44.169155746Z,"['AWS WAF Challenge', 'Accordion Blocks', 'Accordion FAQ', 'Aruba', 'Express', 'FormSubmit', 'GZIP Module', 'Google Analytics', 'Google Tag Manager', 'Line2', 'Magento Enterprise', 'Microdata for Google Shopping', 'QUIC', 'SiteW', 'Squarespace', 'Thank You', 'UTF-8', 'WordPress SEO Structured Data Schema Plugin', 'eLand']"
brandnexdigitalmarketing.com,Home - brandnexdigitalmarketing.com,brandnexdigitalmarketing.com,RWA,85,18946,2026-09-13T10:18:44.168836263Z,"['AWS WAF Challenge', 'Alternate Protocol', 'Angular', 'Cloudflare', 'Cloudflare CDN', 'Content Delivery Network', 'Divi', 'Elegant Themes', 'EmbedPress', 'Google', 'Google Analytics', 'Google Cloud CDN', 'Google Cloud DNS', 'Google Font API', 'Google My Business', 'Google Tag Manager', 'Instagram Follow Button', 'LiteSpeed', 'Microdata for Google Shopping', 'PHP', 'Site Kit', 'Theme In WP', 'UTF-8', 'Woo Themes', 'WordPress', 'WordPress Multisite', 'YouTube', 'jQuery', 'reCAPTCHA']"
smilesoftware.com,"TextExpander: #1 Text Replacement & Shortcut App, Free Forever",TextExpander,,67,178457,2026-09-13T10:18:44.167251155Z,"['AdRoll', 'Adobe Creative Cloud WebFonts', 'Advertising.com', 'Alternate Protocol', 'Amazon', 'Amazon CloudFront', 'Amazon Route 53', 'AppNexus Direct', 'Autoptimize', 'Bing Cashback', 'Bulma', 'ByteDance', 'CDN JS', 'Calendly', 'CloudFront', 'Cloudflare', 'Cloudflare CDN', 'Content Delivery Network', 'DoubleClick Bid Manager', 'ElementUI', 'EmbedPress', 'Express', 'Font Awesome', 'Google', 'Google Analytics', 'Google Cloud DNS', 'Google My Business', 'Google Reseller', 'Google Tag Manager', 'Gravity', 'Instagram Follow Button', 'IponWeb BidSwitch', 'Iubenda', 'Microdata for Google Shopping', 'Microsoft Clarity', 'Oath Reseller', 'OpenAI', 'Oribi Analytics', 'Outbrain Direct', 'PHP', 'ProfitWell', 'Pubmatic', 'QUIC', 'Recruitee', 'Salesforce Hosted', 'Smart App Banner', 'Storyblocks', 'Taboola Direct', 'Taboola Reseller', 'Tailwind CSS', 'Thank You', 'Theme In WP', 'Triple Lift Direct', 'Twitter Ads', 'UTF-8', 'VWO Engage', 'Vimeo CDN', 'Visual Website Optimizer', 'WordPress', 'WordPress Multisite', 'Yahoo Web Analytics', 'YouTube', 'jQuery']"
smartsolutionsdigi.com,Smart solutions digi,,IND,60,495,2026-09-13T10:18:44.166785684Z,"['Coming Soon Page', 'Font Awesome', 'Google Analytics', 'Google My Business', 'Google Tag Manager', 'IcoMoon', 'Instagram Follow Button', 'Pexels', 'QUIC', 'StackPath', 'jQuery', 'jsDelivr']"
monkstownglassdublin.ie,Monkstown Glass And Glazing | 24/7 Window Replacement Dublin,,IRL,67,21507,2026-09-13T10:18:44.166887897Z,"['AWS WAF Challenge', 'Alternate Protocol', 'Better Lead Generation Services', 'Cloudflare', 'Cloudflare CDN', 'Elementor', 'EmbedPress', 'GZIP Module', 'Google', 'Google Analytics', 'Google Cloud DNS', 'Google Font API', 'Google My Business', 'Google Related Website Sites', 'Google Tag Manager', 'Header, Footer and Blocks for Elementor', 'LiteSpeed', 'Microdata for Google Shopping', 'NFOrce Internet', 'PHP', 'QUIC', 'Site Kit', 'Sitelinks Search Box', 'Theme In WP', 'Twenty Twenty', 'UTF-8', 'WPForms', 'WordPress', 'WordPress Multisite', 'eLand', 'jQuery', 'reCAPTCHA']"
courseforergonomics.com,Course For Ergonomics,,,65,6099,2026-09-13T10:18:44.166440924Z,"['Font Awesome', 'Google Analytics', 'Google Tag Manager', 'LiteSpeed', 'Microdata for Google Shopping', 'Nomics', 'QUIC', 'UTF-8']"
caballeroaz.com,"Caballero Property Management, Inc. | Phoenix, Mesa, Tempe, Scottsdale, Chandler, Gilbert | Home Page",,USA,72,52067,2026-09-13T10:18:44.166374183Z,"['Amazon CloudFront', 'AudioEye', 'CloudFront', 'Duda', 'Font Awesome', 'GZIP Module', 'Google Analytics', 'Google Tag Manager', 'Nginx', 'SMC', 'Tailwind CSS', 'UTF-8']"
symsim.eu,SYMSIM22 – Vielen Dank an alle Teilnehmer,,DEU,77,17861,2026-09-13T10:18:44.165951025Z,"['Alternate Protocol', 'CookieYes', 'EmbedPress', 'Endis', 'GZIP Module', 'Google', 'Google Analytics', 'Google Cloud CDN', 'Google Cloud DNS', 'Google Font API', 'Google My Business', 'Google Tag Manager', 'Instagram Follow Button', 'Microdata for Google Shopping', 'Nginx', 'PHP', 'Perl', 'Slider Revolution', 'Theme In WP', 'UTF-8', 'University or College', 'WPBakery', 'Woo Themes', 'WordPress', 'WordPress Multisite', 'jQuery']"
nearnow.to,NearNow: Mentor Coaching and Strategic Advisory,,,60,25720,2026-09-13T10:18:44.163973765Z,"['AWS WAF Challenge', 'Accordion Blocks', 'Accordion FAQ', 'Aruba', 'Calendly', 'Express', 'FormSubmit', 'GZIP Module', 'Google Analytics', 'Google Tag Manager', 'InitiativeS', 'Line2', 'Magento Enterprise', 'Microdata for Google Shopping', 'QUIC', 'SiteW', 'Squarespace', 'UTF-8', 'WordPress SEO Structured Data Schema Plugin', 'eLand']"
eugenes.ca,Eugene's Wholesale Greek Food ∈ Victoria BC,,SYC,72,16600,2026-09-13T10:18:44.162849751Z,"['Adobe Creative Cloud WebFonts', 'AutoComplete', 'CakePHP', 'Fireblade', 'Google Analytics', 'Google Cloud DNS', 'Google Font API', 'Google My Business', 'Google Tag Manager', 'LiteSpeed', 'PHP', 'QUIC', 'Subversion', 'UTF-8', 'University or College', 'jQuery', 'reCAPTCHA']"
lisacherkasky.com,Lisa Cherkasky. food stylist. culinary producer. recipe creator. food writer. chef. washington dc.,,USA,77,4081,2026-09-13T10:18:44.161160444Z,"['Adobe Creative Cloud WebFonts', 'Aruba', 'Express', 'Fastly', 'GZIP Module', 'Google Analytics', 'IcoMoon', 'Instagram Follow Button', 'Line2', 'Microdata for Google Shopping', 'QUIC', 'Squarespace', 'UTF-8', 'WordPress SEO Structured Data Schema Plugin', 'YouTube', 'eLand']"
elevendotdesign.com,Eleven Dot | Premium Interior & Architecture Design Studio,,IND,62,,2026-09-13T10:18:44.161693488Z,"['Content Delivery Network', 'GZIP Module', 'Google Analytics', 'Google Tag Manager', 'Next.js', 'Nginx', 'QUIC', 'UTF-8', 'shadcn ui']"
happynhealed.com,"Energy Healer Across Purley, London | Happy & Healed",Happy &amp; Healed,,77,105303,2026-09-13T10:18:44.159640503Z,"['AWS WAF Challenge', 'Alternate Protocol', 'Amazon WAF Blocked', 'Apture Linking Platform', 'Content Delivery Network', 'DAV', 'Express', 'Fastly', 'Fastly CDN', 'GZIP Module', 'Google Analytics', 'Google Related Website Sites', 'Google Tag Manager', 'Instagram Follow Button', 'Microdata for Google Shopping', 'NFOrce Internet', 'POWr', 'PWA', 'Perl', 'QUIC', 'SMC', 'Seflow Italy', 'Sentry', 'SiteW', 'Sitelinks Search Box', 'Thank You', 'UTF-8', 'Vector Internet Services', 'WP Booking Calendar', 'Wix', 'Wix Media', 'mlcom']"
cwmr.org,"Central Washington Mountain Rescue – Yakima, WA – A volunteer organization dedicated to saving lives through search, rescue, and mountain safety education.",,,35,10162,2026-09-13T10:18:44.158037307Z,"['Alternate Protocol', 'Beaver Builder Lite', 'Cloudflare', 'Cloudflare CDN', 'Content Delivery Network', 'Contento', 'EmbedPress', 'Formidable Pro Form', 'Google', 'Google Analytics', 'Google Cloud DNS', 'Google Font API', 'Google Related Website Sites', 'Google Tag Manager', 'Instagram Follow Button', 'Microdata for Google Shopping', 'PHP', 'Schema Plugin', 'Theme In WP', 'UTF-8', 'WordPress', 'WordPress Multisite', 'jQuery']"
productprotectionsolutions.com,Product Protection Solutions | Loss Prevention,,,77,16408,2026-09-13T10:18:44.158970643Z,"['Alternate Protocol', 'Amazon WAF Blocked', 'Anti-spam for WordPress', 'CallRail', 'CleanTalk Spam Protect', 'Divi', 'Elegant Themes', 'EmbedPress', 'Fireblade', 'GZIP Module', 'Google Analytics', 'Google Cloud DNS', 'Google Font API', 'Google Tag Manager', 'Lazy Load for WordPress', 'Microdata for Google Shopping', 'Nginx', 'PHP', 'QUIC', 'Theme In WP', 'Twitter Ads', 'UTF-8', 'Woo Themes', 'WordPress', 'WordPress Multisite', 'jQuery']"
rencensmiles.com,Renaissance Dental Centre,,GBR,85,126119,2026-09-13T10:18:44.158102454Z,"['Aruba', 'BotPenguin', 'Contento', 'Express', 'FormSubmit', 'GZIP Module', 'Google Analytics', 'Google Tag Manager', 'Instagram Follow Button', 'K2F', 'Line2', 'Magento Enterprise', 'Microdata for Google Shopping', 'QUIC', 'SiteW', 'Squarespace', 'UTF-8', 'WordPress SEO Structured Data Schema Plugin', 'eLand']"
johnston-county-defense-lawyer.com,"Johnston County Defense Attorney - Reece & Reece, Attorneys","Reece & Reece, Attorneys",USA,77,25603,2026-09-13T10:18:44.155022352Z,"['Adult Content', 'Alternate Protocol', 'Amazon WAF Blocked', 'Anti-spam for WordPress', 'Apache', 'Apture Linking Platform', 'Aruba', 'CDN JS', 'CleanTalk Spam Protect', 'Cloudflare', 'Cloudflare CDN', 'EmbedPress', 'Express', 'Fireblade', 'GZIP Module', 'Google', 'Google Analytics', 'Google Cloud DNS', 'Google Font API', 'Google Maps', 'Google My Business', 'Google Tag Manager', 'Gravity', 'Gravity Forms', 'Lazy Load for WordPress', 'Microdata for Google Shopping', 'PHP', 'QUIC', 'RM Education', 'Thank You', 'Theme In WP', 'UTF-8', 'University or College', 'WP Rocket', 'WordPress', 'WordPress Multisite', 'eLand', 'jQuery']"
hungerstreetcanada.com,Authentic Indian Cuisine in Surrey | Hunger Street,,CAN,77,5168,2026-09-13T10:18:44.153239105Z,"['Alternate Protocol', 'Astra Theme', 'Content Delivery Network', 'Elementor', 'ElementsKit Elementor', 'EmbedPress', 'Google', 'Google Analytics', 'Google Cloud DNS', 'Google Font API', 'Google Related Website Sites', 'Google Tag Manager', 'Instagram Follow Button', 'LiteSpeed', 'Microdata for Google Shopping', 'NFOrce Internet', 'PHP', 'Theme In WP', 'UTF-8', 'Woo Themes', 'WordPress', 'WordPress Multisite', 'WordPress Related Posts', 'jQuery']"
pateco.be,Pateco - Home,,BEL,77,1540,2026-09-13T10:18:44.152242182Z,"['AJAX Libraries API', 'CDN JS', 'Cloudflare', 'Cloudflare CDN', 'GZIP Module', 'Google Analytics', 'Google Cloud DNS', 'Google Font API', 'Google Tag Manager', 'NFOrce Internet', 'Nginx', 'Tailwind CSS', 'UTF-8', 'jQuery']"
marioimmanuel.org,Mario R. Immanuel – Re:Discover Who You Are,,,62,3239,2026-09-13T10:18:44.151118468Z,"['Alternate Protocol', 'Automattic', 'Automattic Direct', 'BatCache', 'Calendly', 'Content Delivery Network', 'EmbedPress', 'Fastly', 'Global Privacy Control', 'Google Analytics', 'Instagram Follow Button', 'Investor Relations', 'Jetpack', 'Jetpack Site Accelerator', 'Nginx', 'Perl', 'Tailwind CSS', 'US Privacy User Signal Mechanism', 'UTF-8', 'WordPress', 'WordPress Multisite', 'WordPress Stats']"
webitaccountant1.com,In Sioux Falls SD - Elite Accounting,,USA,67,3268,2026-09-13T10:18:44.15105318Z,"['Amazon S3 CDN', 'GZIP Module', 'Google', 'Google Analytics', 'Google Cloud DNS', 'Google Font API', 'Google Tag Manager', 'IcoMoon', 'QUIC', 'Storyblocks', 'Tailwind CSS', 'UTF-8', 'jQuery']"
openbaygarage.com,Home - Openbay Garage,,USA,92,43379,2026-09-13T10:18:44.150424001Z,"['Adobe Creative Cloud WebFonts', 'Alternate Protocol', 'Beaver Builder Lite', 'Cloudflare', 'Cloudflare CDN', 'Content Delivery Network', 'Contento', 'EmbedPress', 'Fireblade', 'Formidable Pro Form', 'Google', 'Google Analytics', 'Google Cloud DNS', 'Google Font API', 'Google Tag Manager', 'Instagram Follow Button', 'Microdata for Google Shopping', 'PHP', 'Schema Plugin', 'Site Kit', 'Sitelinks Search Box', 'Square', 'The Events Calendar', 'Theme In WP', 'UTF-8', 'WordPress', 'WordPress Multisite', 'YouTube', 'jQuery']"
autotowllocservicestation.co.uk,Auto Tow Rhuddlan | Tow Bars | Tyres | Mot Testing | 01352 711604,,,82,2688,2026-09-13T10:18:44.150632835Z,"['Alternate Protocol', 'Apache', 'Content Delivery Network', 'Elementor', 'EmbedPress', 'GZIP Module', 'Google', 'Google Analytics', 'Google Cloud CDN', 'Google Cloud DNS', 'Google Font API', 'Google Tag Manager', 'Hello Elementor', 'Microdata for Google Shopping', 'PHP', 'Perl', 'QUIC', 'Thank You', 'UTF-8', 'WordPress', 'WordPress Multisite', 'jQuery']"
evanpowell.com.au,Evan Powell,,,60,25481,2026-09-13T10:18:44.149306046Z,"['Aruba', 'Express', 'FormSubmit', 'GZIP Module', 'Google Analytics', 'Google Tag Manager', 'Line2', 'Magento Enterprise', 'Microdata for Google Shopping', 'QUIC', 'SiteW', 'Squarespace', 'UTF-8', 'WordPress SEO Structured Data Schema Plugin', 'eLand']"
rdlkstore.com,Home - RD,RD,,62,1125,2026-09-13T10:18:44.149688362Z,"['Alibaba Cloud Object Storage Service', 'Alternate Protocol', 'Blocksy', 'EmbedPress', 'Google Analytics', 'Google My Business', 'Google Related Website Sites', 'Google Tag Manager', 'Gutenberg Blocks by Kadence Blocks', 'Instagram Follow Button', 'LiteSpeed', 'Microdata for Google Shopping', 'PHP', 'QUIC', 'Site Kit', 'Theme In WP', 'UTF-8', 'Variation Swatches for WooCommerce', 'Woo Themes', 'WooCommerce', 'WooCommerce Checkout', 'WordPress', 'WordPress Multisite', 'jQuery']"
jfragos.com,Jim Fragos – Jim Fragos website,,,60,263,2026-09-13T10:18:44.149459667Z,"['AWS WAF Challenge', 'Alternate Protocol', 'Astra Theme', 'Cloudflare', 'Cloudflare CDN', 'Elementor', 'EmbedPress', 'GZIP Module', 'Google', 'Google Analytics', 'Google Cloud DNS', 'Google Font API', 'Google My Business', 'Google Tag Manager', 'Header, Footer and Blocks for Elementor', 'Nginx', 'PHP', 'Perl', 'Table Addons for Elementor', 'Theme In WP', 'UTF-8', 'Woo Themes', 'WordPress', 'WordPress Multisite', 'WordPress Related Posts', 'jQuery']"
true-med-systems.com,TruMed Systems - Vaccine Storage & Inventory Management Solutions,TruMed Systems,USA,87,86358,2026-09-13T10:18:44.148329385Z,"['AWS WAF Challenge', 'Alternate Protocol', 'Apture Linking Platform', 'Bing Cashback', 'Bing Conversion Tracking', 'Cloudflare', 'Cloudflare CDN', 'Content Delivery Network', 'EmbedPress', 'Ensighten', 'Font Awesome', 'Google Analytics', 'Google Related Website Sites', 'Google Tag Manager', 'IcoMoon', 'KVH', 'Lazy Load for WordPress', 'PHP', 'QUIC', 'ThemeFusion', 'Twitter Ads', 'UTF-8', 'WordPress', 'WordPress Multisite', 'YouTube', 'jQuery']"
elifalke.com,Hub | Johnny Flash Productions,,,60,9213,2026-09-13T10:18:44.148911201Z,"['Akismet', 'Alternate Protocol', 'Amazon WAF Blocked', 'Anti-spam for WordPress', 'Apture Linking Platform', 'Aruba', 'Beaver Builder Lite', 'Better Click To Tweet', 'CleanTalk Spam Protect', 'Cloudflare', 'Cloudflare CDN', 'Content Delivery Network', 'Digital Ocean Spaces', 'Drip', 'EmbedPress', 'Express', 'Fireblade', 'Font Awesome', 'Google', 'Google Analytics', 'Google Cloud DNS', 'Google Font API', 'Google My Business', 'Google Tag Manager', 'Gravity', 'Gravity Forms', 'Instagram Follow Button', 'Lazy Load for WordPress', 'Microdata for Google Shopping', 'MonsterInsights', 'PHP', 'Termageddon', 'Theme In WP', 'Twitter Ads', 'UTF-8', 'Usercentrics', 'Vimeo CDN', 'WP Rocket', 'Woo Themes', 'WooCommerce', 'WooCommerce Checkout', 'WooCommerce Stripe Payment Gateway', 'WordPress', 'WordPress Multisite', 'accessiBe', 'eLand', 'jQuery', 'reCAPTCHA']"
persephonictarot.com,Persephonic Tarot & Astrology | Explore Tarot Guidance,,USA,82,81636,2026-09-13T10:18:44.148561444Z,"['Aruba', 'Express', 'FormSubmit', 'GZIP Module', 'Google Analytics', 'Google Tag Manager', 'IcoMoon', 'Instagram Follow Button', 'Line2', 'Magento Enterprise', 'Microdata for Google Shopping', 'Newsletter for Wordpress', 'Pico CSS', 'QUIC', 'SiteW', 'Squarespace', 'UTF-8', 'Vector Internet Services', 'WordPress SEO Structured Data Schema Plugin', 'YouTube', 'eLand']"
naveiralaser.com,Naveira Laser,,ESP,67,5747,2026-09-13T10:18:44.148228843Z,"['Cisco/Arrowpoint Content Service Switch', 'Coming Soon Page', 'GZIP Module', 'Google Analytics', 'IcoMoon', 'UTF-8', 'Vimeo']"
pellapets.com,"Pella Pets – Your Best Friend's, Best Friend",,,70,2108,2026-09-13T10:18:44.146368087Z,"['Adobe Creative Cloud WebFonts', 'Alternate Protocol', 'Cloudflare', 'Cloudflare CDN', 'Content Delivery Network', 'Elementor', 'EmbedPress', 'Google Analytics', 'Google My Business', 'Google Tag Manager', 'Instagram Follow Button', 'NFOrce Internet', 'PHP', 'Table Addons for Elementor', 'Theme In WP', 'Twenty Twenty', 'UTF-8', 'WordPress', 'WordPress Multisite', 'jQuery']"
byarspainting.com,Painting Contractor In Rives TN - Byars Painting & Drywall Finishing,,USA,72,2908,2026-09-13T10:18:44.145045164Z,"['GZIP Module', 'Google', 'Google Analytics', 'Google Cloud DNS', 'Google Font API', 'Google Tag Manager', 'IcoMoon', 'Tailwind CSS', 'UTF-8', 'jQuery']"
serenityhillwf.com,"Top Med Spa in Wichita Falls, TX | Serenity Hill Aesthetics",,USA,82,53417,2026-09-13T10:18:44.143494176Z,"['Alternate Protocol', 'Apture Linking Platform', 'Cloudflare', 'Cloudflare CDN', 'Cloudflare Web Analytics', 'Elementor', 'EmbedPress', 'Google Analytics', 'Google Maps', 'Google My Business', 'Google Related Website Sites', 'Google Tag Manager', 'Instagram Follow Button', 'LiteSpeed', 'LoftLoader', 'Microdata for Google Shopping', 'NFOrce Internet', 'SMC', 'Sitelinks Search Box', 'Table Addons for Elementor', 'UTF-8', 'UserWay', 'Vimeo', 'WP Portfolio Astra', 'WordPress', 'WordPress Related Posts', 'jQuery']"
spmr-motorcycles.co.uk,SPMR Motorcycles | Electrical and Mechanical Engineer in Coventry,SPMR Motorcycles,GBR,92,89465,2026-09-13T10:18:44.142231442Z,"['34SP.com', 'About Cookies', 'Cloudflare', 'Cloudflare CDN', 'Coming Soon Page', 'DAV', 'Express', 'Financial Services Guide', 'Fireblade', 'Font Awesome', 'GitHub Hosting', 'Google Analytics', 'Google Maps', 'Google My Business', 'Google Tag Manager', 'M247', 'Material-UI', 'NFOrce Internet', 'Network Advertising Initiative', 'No-Q', 'Ntent', 'Oddle', 'Perl', 'QUIC', 'SMC', 'Subversion', 'Thank You', 'Twitter Ads', 'UENI', 'UTF-8', 'Yell Business', 'YouTube', 'eLand']"
almarossavillas.com,Almarossa Luxury Villas in Santorini,,GRC,87,2588,2026-09-13T10:18:44.142794963Z,"['AJAX Libraries API', 'Content Delivery Network', 'EmbedPress', 'Google', 'Google Analytics', 'Google Cloud DNS', 'Google Font API', 'Google My Business', 'Google Tag Manager', 'LiteSpeed', 'PHP', 'QUIC', 'Tailwind CSS', 'Theme In WP', 'UTF-8', 'WPML Multilingual', 'WordPress', 'WordPress Multisite', 'jQuery']"
jannatec.com,Jannatec Technologies | Mining Safety & Communications.705.566.3939,Jannatec Technologies,CAN,77,41621,2026-09-13T10:18:44.141943789Z,"['AWS WAF Challenge', 'Alternate Protocol', 'Apache', 'Cloudflare', 'Cloudflare CDN', 'Contact Form Plugin', 'Elementor', 'Elementor Addon Elements', 'EmbedPress', 'Essential Addons for Elementor', 'Exclusive Addons for Elementor', 'Google', 'Google Analytics', 'Google My Business', 'Google Tag Manager', 'Gtranslate for Wordpress', 'Hello Elementor', 'Instagram Follow Button', 'M247', 'Microdata for Google Shopping', 'MonsterInsights', 'NFOrce Internet', 'PHP', 'Popup Maker for Wordpress', 'QUIC', 'Triggered Messaging', 'Twitter Ads', 'UTF-8', 'WordPress', 'WordPress Multisite', 'YouTube', 'jQuery', 'reCAPTCHA']"
joannashouse.gr,"Joanna's House – Lemnos, Greece",,USA,75,20587,2026-09-13T10:18:44.14161206Z,"['Alibaba Cloud CDN', 'Azure Edge', 'Fireblade', 'Google Analytics', 'Google Cloud DNS', 'Google Font API', 'Google My Business', 'Google Tag Manager', 'IcoMoon', 'Instagram Follow Button', 'PHP', 'Tailwind CSS', 'UTF-8', 'Woo Themes', 'jQuery']"
innovativetherapiesgroup.com,Home - Innovative Therapies Group,,LUX,82,2082,2026-09-13T10:18:44.140241744Z,"['Alternate Protocol', 'Content Delivery Network', 'Element Pack Lite', 'Elementor', 'ElementsKit Elementor', 'EmbedPress', 'Google Analytics', 'Google My Business', 'Google Tag Manager', 'Hello Elementor', 'LiteSpeed', 'Microdata for Google Shopping', 'NFOrce Internet', 'PHP', 'Premium Addons for Elementor', 'Site Kit', 'Sitelinks Search Box', 'Theme In WP', 'UTF-8', 'University or College', 'Woo Themes', 'WooCommerce', 'WooCommerce Checkout', 'WordPress', 'WordPress Multisite', 'jQuery']"
robbiemcpherson.com,Robbie McPherson – Films,,JPN,60,122,2026-09-13T10:18:44.139366034Z,"['Alternate Protocol', 'DAV', 'EmbedPress', 'GZIP Module', 'Google', 'Google Analytics', 'Google Cloud DNS', 'Google Font API', 'Google My Business', 'Google Tag Manager', 'MonsterInsights', 'Nginx', 'PHP', 'Tailwind CSS', 'Theme In WP', 'UTF-8', 'WP Rocket', 'WordPress', 'WordPress Multisite', 'jQuery']"
fifotrack.com,Personal Tracker | Vehicle Tracker | Fuel Sensor,,CHN,72,107828,2026-09-13T10:18:44.13872708Z,"['Alternate Protocol', 'Amazon WAF Blocked', 'Apture Linking Platform', 'Content Delivery Network', 'Express', 'Fastly', 'Fastly CDN', 'GZIP Module', 'Google Analytics', 'Google Conversion Tracking', 'Google Related Website Sites', 'Google Tag Manager', 'Microdata for Google Shopping', 'NFOrce Internet', 'On The Map', 'PWA', 'QUIC', 'SMC', 'Seflow Italy', 'Sentry', 'SiteW', 'Sitelinks Search Box', 'UTF-8', 'Vector Internet Services', 'Wix', 'Wix Media', 'mlcom']"
a2rhouse.co.uk,A&R HOUSE SOLUTIONS LTD | Premium Home Renovation & Improvement,,USA,82,5659,2026-09-13T10:18:44.137113048Z,"['CDN JS', 'Cloudflare', 'Cloudflare CDN', 'Fastly', 'Font Awesome', 'Google', 'Google Analytics', 'Google Cloud DNS', 'Google Font API', 'Google Related Website Sites', 'Google Tag Manager', 'Instagram Follow Button', 'LiteSpeed', 'QUIC', 'Tailwind CSS', 'shadcn ui']"
incapture.ca,Incapture | Film & Video Content Production | 705.618.1606,Incapture Media Creator,USA,77,23661,2026-09-13T10:18:44.137311817Z,"['Adult Content', 'Alternate Protocol', 'Apache', 'Apture Linking Platform', 'Contact Form Plugin', 'Elementor', 'EmbedPress', 'Essential Addons for Elementor', 'Exclusive Addons for Elementor', 'Google Analytics', 'Google My Business', 'Google Tag Manager', 'HMDG', 'Header, Footer and Blocks for Elementor', 'Hello Elementor', 'Instagram Follow Button', 'Microdata for Google Shopping', 'MonsterInsights', 'NFOrce Internet', 'PHP', 'Popup Maker for Wordpress', 'QUIC', 'Twitter Ads', 'UTF-8', 'University or College', 'Vimeo', 'WordPress', 'WordPress Multisite', 'YouTube', 'jQuery', 'reCAPTCHA']"
localweb.builders,Welcome,,,40,8091,2026-09-13T10:18:44.137012156Z,"['Coming Soon Page', 'Content Delivery Network', 'Facebook Conversion Tracking', 'Facebook Login', 'Facebook Messenger Platform', 'Facebook Pixel', 'Facebook Reseller', 'Facebook Tag API', 'Fireblade', 'GZIP Module', 'GetGist', 'Google Analytics', 'Google Cloud DNS', 'Google Font API', 'Google Tag Manager', 'Microdata for Google Shopping', 'QUIC', 'Schema Plugin', 'Tailwind CSS', 'UTF-8', 'Unless']"
santolinafarm.com,"Santolina Farm, Inc. - Equine Cryogenic Services, Breeding, Therapy Rehabilitation, Bask son frozen semen available, Horses for sales, USDA Approved Center for Semen Collection and Processing, Embryo transfer and freezing - Home",,USA,67,7640,2026-09-13T10:18:44.137643928Z,"['Alternate Protocol', 'Apache', 'GZIP Module', 'Google Analytics', 'Google Cloud DNS', 'Google Font API', 'Google Tag Manager', 'Joomla!', 'PHP', 'RM Education', 'RokNavMenu', 'UTF-8', 'jQuery']"
kiwiandpeach.com,Kiwi + Peach,,USA,65,30977,2026-09-13T10:18:44.135291653Z,"['Alternate Protocol', 'Apture Linking Platform', 'Automattic', 'Automattic Direct', 'Content Delivery Network', 'EmbedPress', 'Food Gawker', 'Gawker', 'Global Privacy Control', 'Google Analytics', 'Instagram Follow Button', 'Interchange', 'Jetpack', 'Jetpack Site Accelerator', 'Nginx', 'No-Q', 'Perl', 'QUIC', 'Tailwind CSS', 'The Fresh', 'Twitter Ads', 'US Privacy User Signal Mechanism', 'UTF-8', 'University or College', 'WordPress', 'WordPress Multisite', 'WordPress Stats', 'YouTube', 'eLand']"
ablymedical.es,Home,,DEU,72,28200,2026-09-13T10:18:44.135042047Z,"['AWS WAF Challenge', 'Alternate Protocol', 'CDN JS', 'Cloudflare', 'Cloudflare CDN', 'Content Delivery Network', 'Fastly', 'Google Analytics', 'Google My Business', 'Google Tag Manager', 'Hubspot Knowledge Base', 'Microdata for Google Shopping', 'Tailwind CSS', 'UTF-8', 'jQuery']"
hysencela.edu.al,HYSEN ÇELA - Shkolla e mesme teknologjike,"Shkolla e mesme teknologjike ""Hysen Çela""",DEU,77,4641,2026-09-13T10:16:26.15097447Z,"['Alternate Protocol', 'Apture Linking Platform', 'Contact Form Plugin', 'Elementor', 'EmbedPress', 'GTranslate', 'Google', 'Google Analytics', 'Google Cloud CDN', 'Google Cloud DNS', 'Google Font API', 'Google My Business', 'Google Related Website Sites', 'Google Tag Manager', 'Instagram Follow Button', 'Microdata for Google Shopping', 'MonsterInsights', 'PHP', 'Post Grid', 'QUIC', 'Sitelinks Search Box', 'Table Addons for Elementor', 'Theme In WP', 'Tutor LMS', 'UTF-8', 'WPForms', 'Woo Themes', 'WooCommerce Checkout', 'WordPress', 'WordPress Multisite', 'YouTube', 'jQuery']"
thefuturegrow.shop,The Future Grow — Premium Beauty & Personal Care Essentials,The Future Grow,IND,77,21680,2026-09-13T10:10:26.151848041Z,"['Cloudinary', 'Content Delivery Network', 'Facebook Reseller', 'Google', 'Google Analytics', 'Google Cloud DNS', 'Google Font API', 'Google My Business', 'Google Recommendations AI', 'Google Tag Manager', 'Instagram Follow Button', 'Microdata for Google Shopping', 'Next.js', 'Parcel', 'Pleroma', 'QUIC', 'Sitelinks Search Box', 'Tailwind CSS', 'UTF-8', 'Vercel', 'shadcn ui']"
silencerpest.com,"Silencer Pest Management | Pest Control Service in Merced, CA",,IND,77,16047,2026-09-13T10:04:04.184457795Z,"['Authorize.net', 'CDN JS', 'Cloudflare', 'Cloudflare CDN', 'Coming Soon Page', 'Content Delivery Network', 'Financial Services Guide', 'Fireblade', 'GTranslate', 'GZIP Module', 'Google Analytics', 'Google Cloud DNS', 'Google Font API', 'Google My Business', 'Google Tag Manager', 'IcoMoon', 'Microdata for Google Shopping', 'QUIC', 'Responsive Lightbox', 'Schema Plugin', 'Tailwind CSS', 'UTF-8', 'WP Lightbox 2']"
duffluxury.net,Replica Watches: Best Super CloneWatches by DUFF Luxury,,,60,15691,2026-09-13T10:04:04.18331245Z,"['Alternate Protocol', 'Apture Linking Platform', 'Contact Form Plugin', 'Cornerstone', 'Elementor', 'EmbedPress', 'Express', 'GZIP Module', 'Google', 'Google Analytics', 'Google Cloud CDN', 'Google Cloud DNS', 'Google Font API', 'Google Tag Manager', 'LoftLoader', 'Max Mega Menu', 'NFOrce Internet', 'Nginx', 'PHP', 'QUIC', 'SMC', 'Theme In WP', 'UTF-8', 'WhatsApp Sharing', 'Woo Themes', 'WooCommerce', 'WooCommerce Checkout', 'WooFramework', 'WordPress', 'WordPress Multisite', 'XTemos Studio', 'jQuery']"
flask.news,flask.news – Every day news about Flask framework (Python).,,,62,647,2026-09-13T10:04:04.182922573Z,"['Adult Content', 'Alternate Protocol', 'Automattic', 'Automattic Direct', 'Content Delivery Network', 'EmbedPress', 'GitHub Hosting', 'Global Privacy Control', 'Google Analytics', 'Instagram Follow Button', 'Jetpack', 'Jetpack Site Accelerator', 'License Buttons', 'Nginx', 'Python', 'Tailwind CSS', 'Twitter Ads', 'US Privacy User Signal Mechanism', 'UTF-8', 'WordPress', 'WordPress Multisite', 'WordPress Stats']"
mortonindustrial.ca,"Morton Industrial Sales | Fluid Power Parts, Sales & Services",Morton Industrial,USA,77,3285,2026-09-13T10:04:04.182518674Z,"['Alternate Protocol', 'Apache', 'Contact Form Plugin', 'Elementor', 'EmbedPress', 'Essential Addons for Elementor', 'Financial Services Guide', 'Google Analytics', 'Google My Business', 'Google Tag Manager', 'Header, Footer and Blocks for Elementor', 'Hello Elementor', 'Microdata for Google Shopping', 'MonsterInsights', 'NFOrce Internet', 'PHP', 'Popup Maker for Wordpress', 'QUIC', 'Table Addons for Elementor', 'Tailwind CSS', 'UTF-8', 'WordPress', 'WordPress Multisite', 'jQuery', 'reCAPTCHA']"
kaufmanfencepros.com,"Automatic Gates & Fencing In Terrell, TX - Ranch Road Fence Company In Terrell, TX - Ranch Road Fence Company",,,62,2908,2026-09-13T10:04:04.176187216Z,"['GZIP Module', 'Google', 'Google Analytics', 'Google Cloud DNS', 'Google Font API', 'Google My Business', 'Google Tag Manager', 'IcoMoon', 'Tailwind CSS', 'Twitter Ads', 'UTF-8', 'jQuery']"
bonus.vacations,Home - Bonus Vacations,,,65,16734,2026-09-13T10:04:04.173516373Z,"['Alternate Protocol', 'Automattic', 'Cloudflare', 'Contact Form Plugin', 'Content Delivery Network', 'EmbedPress', 'GoDaddy', 'Google Analytics', 'Google Cloud DNS', 'Google Font API', 'Google Tag Manager', 'IcoMoon', 'Jetpack', 'LiteSpeed', 'Microdata for Google Shopping', 'PHP', 'QUIC', 'Site Kit', 'Theme In WP', 'UTF-8', 'Wangsu', 'Woo Themes', 'WooCommerce', 'WooCommerce Checkout', 'WordPress', 'WordPress Multisite', 'WordPress Stats', 'jQuery', 'jsDelivr']"
resilienceneurorehab.co.uk,Home | Resilience Neuro Specialists,Resilience Neuro Specialists,GBR,92,19835,2026-09-13T10:04:04.173667981Z,"['AWS WAF Challenge', 'Alternate Protocol', 'Amazon WAF Blocked', 'Automattic', 'BatCache', 'Colibri', 'Complianz', 'EmbedPress', 'Fastly', 'Font Awesome', 'Google Analytics', 'Google Tag Manager', 'Gutenberg', 'IcoMoon', 'Icons8', 'Jetpack', 'Jetpack Site Accelerator', 'Microdata for Google Shopping', 'Nginx', 'PHP', 'Perl', 'Pleroma', 'Poptin', 'UTF-8', 'Woo Themes', 'WordPress', 'WordPress Multisite', 'WordPress Stats', 'YouTube', 'jQuery', 'shadcn ui']"
jovabees.com,Jovabees Face Painting -Corporate Entertainment & Parties- Colorado US,,,67,90633,2026-09-13T10:04:04.173427189Z,"['Alternate Protocol', 'Amazon WAF Blocked', 'Apture Linking Platform', 'Content Delivery Network', 'DAV', 'Express', 'Facebook Embedded Posts', 'Fastly', 'Fastly CDN', 'GZIP Module', 'Google Analytics', 'Google Related Website Sites', 'Google Tag Manager', 'Microdata for Google Shopping', 'NFOrce Internet', 'No-Q', 'POWr', 'PWA', 'Perl', 'QUIC', 'SMC', 'Seflow Italy', 'Sentry', 'SiteW', 'Thank You', 'UTF-8', 'Vector Internet Services', 'WP Booking Calendar', 'Wix', 'Wix Media', 'mlcom']"
bridge-now.com,Play Bridge Now!,,,62,564,2026-09-13T10:04:04.172359851Z,"['Apache', 'Bulma', 'CDN JS', 'Cloudflare', 'Cloudflare CDN', 'FormSubmit', 'GZIP Module', 'Google Analytics', 'Google My Business', 'IcoMoon', 'Nginx', 'UTF-8', 'Ubuntu']"
covid19vaccineanswers.org,The Conversation: Between Us About Us,,,62,10563,2026-09-13T10:04:04.169228564Z,"['Adobe Creative Cloud WebFonts', 'Alternate Protocol', 'Amazon WAF Blocked', 'Apture Linking Platform', 'ArvanCloud', 'Bulma', 'Content Delivery Network', 'Cookie Accept', 'Cookie Notice', 'EmbedPress', 'Fastly', 'Font Awesome', 'GZIP Module', 'GitHub Hosting', 'Google', 'Google Analytics', 'Google Cloud DNS', 'Google Font API', 'Google Related Website Sites', 'Google Tag Manager', 'Microdata for Google Shopping', 'New Relic', 'Nginx', 'PHP', 'Pantheon', 'Search and Filter Pro', 'ShareThis', 'SiteOrigin', 'SiteOrigin Panels', 'Theme In WP', 'Twitter Ads', 'Twitter Analytics', 'Twitter Conversion Tracking', 'UTF-8', 'WP Google Maps', 'Woo Themes', 'WooCommerce', 'WooCommerce Checkout', 'WordPress', 'WordPress Multisite', 'YouTube', 'jQuery', 'jsDelivr']"
turnupthevolumedj.com,DJ Service In Rock Springs WY - Turn Up The Volume - DJ/Karaoke Services,,ZAF,67,2908,2026-09-13T10:04:04.168545766Z,"['GZIP Module', 'Google', 'Google Analytics', 'Google Cloud DNS', 'Google Font API', 'Google Tag Manager', 'IcoMoon', 'Tailwind CSS', 'UTF-8', 'jQuery']"
expertimmoservices.com,EXPERT IMMO SERVICES,,GLP,55,840,2026-09-13T10:04:04.168023148Z,"['Alternate Protocol', 'Amazon', 'Amazon CloudFront', 'Apimo', 'ArvanCloud', 'CloudFront', 'GZIP Module', 'Google Analytics', 'Google My Business', 'Google Tag Manager', 'Instagram Follow Button', 'Nginx', 'UTF-8', 'jQuery', 'jsDelivr', 'reCAPTCHA']"
tossacademy.com,Best Badminton Academy in India | TOSS Academy | HOME,TOSS Academy,GBR,77,18485,2026-09-13T10:04:04.167310645Z,"['AWS WAF Challenge', 'Alternate Protocol', 'Click to Chat for WhatsApp', 'Cloudflare', 'Cloudflare CDN', 'Contact Form Plugin', 'Divi', 'Elegant Themes', 'EmbedPress', 'Google', 'Google Analytics', 'Google Cloud CDN', 'Google Cloud DNS', 'Google Font API', 'Google My Business', 'Google Related Website Sites', 'Google Tag Manager', 'Instagram Follow Button', 'LiteSpeed', 'Microdata for Google Shopping', 'PHP', 'QUIC', 'Theme In WP', 'UTF-8', 'Woo Themes', 'WordPress', 'WordPress Multisite', 'YouTube', 'eLand', 'jQuery']"
feeltoheal.co,Feel to Heal,,,55,8163,2026-09-13T10:04:04.167730827Z,"['AWS WAF Challenge', 'Alternate Protocol', 'Amazon WAF Blocked', 'Authorize.net', 'Cloudflare', 'Cloudflare CDN', 'Cloudflare Web Analytics', 'Content Delivery Network', 'Facebook Conversion Tracking', 'Facebook Pixel', 'Facebook Reseller', 'Facebook Tag API', 'Fireblade', 'Google', 'Google Analytics', 'Google Cloud CDN', 'Google Cloud DNS', 'Google Cloud Storage', 'Google Font API', 'Google Tag Manager', 'Microsoft Clarity', 'Nuxt.js', 'QUIC', 'Share Link', 'Tailwind CSS', 'UTF-8', 'shadcn ui']"
counselingwithmaggie.com,EMDR Trauma Therapy Chicago | Maggie Reynolds LCPC,,USA,82,18278,2026-09-13T10:04:04.164834834Z,"['AWS WAF Challenge', 'Alternate Protocol', 'Amazon WAF Blocked', 'Apache', 'Apture Linking Platform', 'Divi', 'Easy Fancybox', 'Elegant Themes', 'EmbedPress', 'GZIP Module', 'Google', 'Google Analytics', 'Google Cloud CDN', 'Google Cloud DNS', 'Google Font API', 'Google My Business', 'Google Tag Manager', 'Instagram Follow Button', 'Jetpack', 'Microdata for Google Shopping', 'MonsterInsights', 'PHP', 'Sitelinks Search Box', 'Twitter Ads', 'UTF-8', 'WP Rocket', 'Woo Themes', 'WordPress', 'WordPress Multisite', 'jQuery Pin It Button for Images']"
redwoodcommercial.net,Redwood Commercial,,,50,,2026-09-13T10:04:04.164534742Z,"['Alternate Protocol', 'Apache', 'EmbedPress', 'GZIP Module', 'Google Analytics', 'PHP', 'Tailwind CSS', 'Theme In WP', 'UTF-8', 'W3 Total Cache', 'WordPress', 'WordPress Multisite']"
alchemyintegratedmedicine.com,Alchemy Integrated Medicine | - Primary Care & Addiction Medicine,,USA,77,2109,2026-09-13T10:04:04.164323936Z,"['Alternate Protocol', 'Apache', 'Contact Form Plugin', 'EmbedPress', 'Google Analytics', 'Google Cloud DNS', 'Google Font API', 'Google My Business', 'Google Related Website Sites', 'Google Tag Manager', 'Microdata for Google Shopping', 'PHP', 'Simple Lightbox', 'Theme In WP', 'UTF-8', 'WP Video Lightbox', 'WPBakery', 'Woo Themes', 'WordPress', 'WordPress Multisite', 'YouTube', 'jQuery', 'reCAPTCHA']"
enriquesolis.me,Enrique Solis - Portfolio,,USA,77,2680,2026-09-13T10:04:04.162910295Z,"['Angular', 'GitHub Hosting', 'Google', 'Google Analytics', 'Google Cloud DNS', 'Google Font API', 'Google Tag Manager', 'LiteSpeed', 'Microsoft Clarity', 'Next.js', 'QUIC', 'Styled Components', 'Tailwind CSS', 'Vercel']"
recoverathletics.com,Prehab and injury prevention app for runners | Recover Athletics,,USA,77,2756,2026-09-13T10:04:04.162794972Z,"['Alternate Protocol', 'Amazon WAF Blocked', 'App Store', 'Automattic', 'Complianz', 'Elementor', 'EmbedPress', 'Facebook Conversion Tracking', 'Facebook Login', 'Facebook Messenger Platform', 'Facebook Pixel', 'Facebook Reseller', 'Facebook Tag API', 'FormSubmit', 'GZIP Module', 'Google Analytics', 'Google My Business', 'Google Tag Manager', 'Header, Footer and Blocks for Elementor', 'Hello Elementor', 'Instagram Follow Button', 'Jetpack', 'Microdata for Google Shopping', 'MonsterInsights', 'NFOrce Internet', 'Nginx', 'Twenty Seventeen', 'UTF-8', 'Woo Themes', 'WordPress', 'WordPress Multisite', 'YouTube', 'jQuery']"
emphasisdigital.io,Local Business Marketing,,,62,4070,2026-09-13T10:04:04.161477537Z,"['Alternate Protocol', 'Authorize.net', 'Content Delivery Network', 'GZIP Module', 'Google', 'Google Analytics', 'Google Cloud CDN', 'Google Cloud DNS', 'Google Cloud Storage', 'Google Font API', 'Google Tag Manager', 'Microsoft Clarity', 'No-Q', 'Ntent', 'Nuxt.js', 'UTF-8']"
canadian-seeds.com,Buy Quality Canadian Cannabis Seeds | Wide Range of Varieties,Canadian Seeds company,CAN,87,2440,2026-09-13T10:04:04.161301111Z,"['Alternate Protocol', 'Cloudflare', 'Cloudflare CDN', 'Express', 'Google', 'Google Analytics', 'Google Cloud DNS', 'Google Font API', 'Google Tag Manager', 'Microdata for Google Shopping', 'Perl', 'QUIC', 'UTF-8']"
theuntouchables.co,The Untouchables Television Show | A Retrospective,The Untouchables TV Show Retrospective,,67,16350,2026-09-13T10:04:04.161206339Z,"['Alternate Protocol', 'Cloudflare', 'CoBlocks', 'Contact Form Plugin', 'Content Delivery Network', 'EmbedPress', 'Facebook Login', 'Facebook Messenger Platform', 'Facebook Reseller', 'GoDaddy', 'Google Analytics', 'Google Cloud DNS', 'Google Font API', 'Google Tag Manager', 'IcoMoon', 'Line2', 'Microdata for Google Shopping', 'Nectar Slide Plugin', 'PHP', 'QUIC', 'Salient', 'Tailwind CSS', 'Theme In WP', 'Twitter Ads', 'UTF-8', 'WPBakery', 'Wangsu', 'WordPress', 'WordPress Multisite', 'YouTube', 'jQuery']"
libertystreetlegal.com,"Liberty Street Legal PLLC: Civil Rights & Zoning Law | Liberty Street Legal PLLC, Amy Lavine Esq.",,USA,77,17470,2026-09-13T10:04:04.160258381Z,"['Alternate Protocol', 'Content Delivery Network', 'Express', 'Fireblade', 'Google', 'Google Analytics', 'Google Cloud DNS', 'Google Font API', 'Google Tag Manager', 'Microdata for Google Shopping', 'Thank You', 'Zyro']"
stoeltingco.com,Stoelting Co. - Maker of Physiological and Psychological Instruments,,USA,57,603,2026-09-13T10:04:04.160199572Z,"['Bulma', 'Cybot', 'Fastly', 'GZIP Module', 'Google Analytics', 'Google Cloud DNS', 'Google Font API', 'Google Tag Manager', 'Nginx', 'Pleroma', 'Tailwind CSS', 'UTF-8', 'jQuery', 'jsDelivr']"
tiffanybikes.com,Tiffany bikes – OEM of high-end bikes,,CHN,65,249,2026-09-13T10:04:04.160325392Z,"['Adult Content', 'Alternate Protocol', 'Contact Form Plugin', 'EmbedPress', 'Font Awesome', 'Google Analytics', 'Google Tag Manager', 'Instagram Follow Button', 'LiteSpeed', 'PHP', 'QUIC', 'ThemeFusion', 'Twitter Ads', 'UTF-8', 'Woo Themes', 'WooCommerce', 'WooCommerce Checkout', 'WordPress', 'WordPress Multisite', 'YouTube', 'jQuery']"
weddingfur.com,"▷ Bridal Real Fur Stoles, Shawls & Accessories | Wedding Fur Online Store",,,62,40,2026-09-13T10:04:04.156837648Z,"['Arastta', 'Express', 'Facebook Login', 'Facebook Messenger Platform', 'Facebook Reseller', 'GZIP Module', 'Google Analytics', 'Google Cloud DNS', 'Google Font API', 'Nginx', 'Subversion', 'Tailwind CSS', 'Tawk', 'Twitter Ads', 'UTF-8']"
moroccosaharaspirit.com,Morocco Tours & Sahara Desert Trips from Marrakech,,FRA,82,38538,2026-09-13T10:04:04.153740382Z,"['AWS WAF Challenge', 'Alternate Protocol', 'Book Direct', 'Cloudflare', 'Cloudflare CDN', 'Content Delivery Network', 'Elementor', 'EmbedPress', 'Google', 'Google Adsense', 'Google Analytics', 'Google Cloud CDN', 'Google Cloud DNS', 'Google Font API', 'Google Funding Choices', 'Google Matched Content', 'Google My Business', 'Google Reseller', 'Google Tag Manager', 'IcoMoon', 'Instagram Follow Button', 'KVH', 'LiteSpeed', 'Microdata for Google Shopping', 'MonsterInsights', 'PHP', 'Schema Plugin', 'Tailwind CSS', 'TranslatePress', 'UTF-8', 'WordPress', 'WordPress Multisite', 'jQuery']"
technologybae.com,"TechnologyBae | Web, App & AI Development Company",,,67,33203,2026-09-13T10:04:04.153288912Z,"['AWS WAF Challenge', 'Alternate Protocol', 'Apache', 'Apture Linking Platform', 'Cloudflare', 'Cloudflare Web Analytics', 'Elementor', 'EmbedPress', 'Fireblade', 'GZIP Module', 'Google Analytics', 'Google Cloud DNS', 'Google Font API', 'Google My Business', 'Google Tag Manager', 'Hello Elementor', 'Instagram Follow Button', 'Microdata for Google Shopping', 'NFOrce Internet', 'PHP', 'Perl', 'QUIC', 'RocketCDN', 'Sitelinks Search Box', 'Table Addons for Elementor', 'Tawk', 'Theme In WP', 'UTF-8', 'WP Rocket', 'WordPress', 'WordPress Multisite', 'jQuery', 'reCAPTCHA']"
sarcmediq.com,Home - SARC MedIQ,,USA,77,38922,2026-09-13T10:04:04.150016212Z,"['Alternate Protocol', 'AthenaHealth', 'Content Delivery Network', 'CookieYes', 'EmbedPress', 'GZIP Module', 'Google', 'Google Analytics', 'Google Cloud DNS', 'Google Font API', 'Google My Business', 'Google Tag Manager', 'Instagram Follow Button', 'KVH', 'LinkedIn Pixel', 'LiteSpeed', 'Microdata for Google Shopping', 'PHP', 'QUIC', 'Sitelinks Search Box', 'Tailwind CSS', 'Theme In WP', 'UTF-8', 'WordPress', 'WordPress Multisite', 'YouTube', 'jsDelivr', 'reCAPTCHA', 'shadcn ui']"
1520theticket.com,Rochester Now,,USA,77,116941,2026-09-13T10:04:04.148963556Z,"['Alternate Protocol', 'Amazon Associates Affiliate Shop', 'Artisteer', 'Coming Soon Page', 'DAV', 'DoubleClick Bid Manager', 'Express', 'Facebook Pixel', 'Facebook Reseller', 'Financial Services Guide', 'Google', 'Google Analytics', 'Google Cloud DNS', 'Google Font API', 'Google My Business', 'Google Recommendations AI', 'Google Tag Manager', 'Gravity', 'Header Tag by Index Exchange', 'IcoMoon', 'Instagram Follow Button', 'Microdata for Google Shopping', 'NFOrce Internet', 'Ntent', 'Perl', 'Prebid', 'QUIC', 'Rackspace CDN', 'Revcontent Reseller', 'SMC', 'SiteW', 'Twitter Ads', 'US Privacy User Signal Mechanism', 'UTF-8', 'Unsplash', 'WordPress', 'WordPress Multisite', 'YouTube', 'comScore']"
armyravillas.gr,Armyra Villas Volimes Zante Zakynthos Greece,,GRC,72,2908,2026-09-13T10:04:04.145160076Z,"['Book Direct', 'CDN JS', 'Cloudflare', 'Cloudflare CDN', 'Google Analytics', 'Google Cloud DNS', 'Google Font API', 'Google Maps', 'Google My Business', 'Google Tag Manager', 'IcoMoon', 'Nginx', 'RateParity', 'Tailwind CSS', 'UTF-8', 'reCAPTCHA']"
immo-goult.com,"Real estate agency IMMO GOULT,",,FRA,72,4612,2026-09-13T10:04:04.144408645Z,"['Alternate Protocol', 'Amazon', 'Amazon CloudFront', 'Apimo', 'CloudFront', 'GZIP Module', 'Google Analytics', 'Google Cloud DNS', 'Google Font API', 'Google My Business', 'Google Tag Manager', 'Instagram Follow Button', 'Nginx', 'UTF-8', 'jQuery', 'reCAPTCHA']"
exploriumdenton.org,Explorium Denton - A Children's Museum,,,52,5225,2026-09-13T10:04:04.141443587Z,"['501c3 Status Nonprofit', 'Alternate Protocol', 'BLR', 'Content Delivery Network', 'EmbedPress', 'GZIP Module', 'Google Analytics', 'Google Analytics Dashboard for WordPress', 'Google Cloud DNS', 'Google Font API', 'Google Maps', 'Google My Business', 'Google Tag Manager', 'Instagram Follow Button', 'MailChimp for WordPress', 'Microdata for Google Shopping', 'PHP', 'Photo Gallery for WordPress', 'Sucuri Cloudproxy', 'The Events Calendar', 'Theme In WP', 'ThemeFusion', 'Tumblr', 'Twitter Ads', 'UTF-8', 'WP jQuery Lightbox', 'Wangsu', 'WordPress', 'WordPress Multisite', 'YouTube', 'jQuery']"
zendori.co,Zendori | Custom Clothes & Accessories | Raleigh,Zendori,USA,82,83535,2026-09-13T10:04:04.140936214Z,"['34SP.com', 'AWS WAF Challenge', 'About Cookies', 'Apture Linking Platform', 'Better Lead Generation Services', 'Cloudflare', 'Cloudflare CDN', 'Coming Soon Page', 'Express', 'Financial Services Guide', 'Fireblade', 'Font Awesome', 'Google Analytics', 'Google Maps', 'Google My Business', 'Google Tag Manager', 'Material-UI', 'NFOrce Internet', 'Network Advertising Initiative', 'Oddle', 'Pico CSS', 'QUIC', 'SMC', 'Tailwind CSS', 'Thank You', 'Twitter Ads', 'UENI', 'UTF-8']"
poppascookbook.com,Poppa's Cookbook | Catering & Meal Prep | Lansing,"Poppa's Cookbook, LLC",USA,82,134242,2026-09-13T10:04:04.139583266Z,"['34SP.com', 'AWS WAF Challenge', 'About Cookies', 'Apture Linking Platform', 'Cloudflare', 'Cloudflare CDN', 'Coming Soon Page', 'Commoninja', 'Cornerstone', 'DAV', 'Elfsight', 'Express', 'Financial Services Guide', 'Fireblade', 'Font Awesome', 'Google Analytics', 'Google Maps', 'Google My Business', 'Google Tag Manager', 'InitiativeS', 'Instagram Follow Button', 'Line2', 'M247', 'Material-UI', 'NFOrce Internet', 'Network Advertising Initiative', 'Oddle', 'Pico CSS', 'SMC', 'Thank You', 'The Fresh', 'Twitter Ads', 'UENI', 'UTF-8']"
ngbplastering.co.uk,Weston Super Mare Plastering Experts - NGB Plastering,REED & CO,GBR,92,2445,2026-09-13T10:04:04.137921913Z,"['Alternate Protocol', 'Contact Form Plugin', 'Content Delivery Network', 'Custom Facebook Feed', 'Custom Twitter Feeds', 'EmbedPress', 'Font Awesome', 'Google Analytics', 'Google Cloud DNS', 'Google Font API', 'Google Maps', 'Google My Business', 'Google Related Website Sites', 'Google Tag Manager', 'LiteSpeed', 'Microdata for Google Shopping', 'PHP', 'QUIC', 'Sitelinks Search Box', 'Slider Revolution', 'Theme In WP', 'UTF-8', 'WPBakery', 'Woo Themes', 'WordPress', 'WordPress Multisite', 'jQuery', 'reCAPTCHA']"
ajlenaerts.be,AJ Lenaerts,,,45,660,2026-09-13T10:04:04.13657915Z,"['Amazon', 'Amazon CloudFront', 'CloudFront', 'Content Delivery Network', 'Fastly', 'GZIP Module', 'Google Analytics', 'Instagram Follow Button', 'OpenResty', 'Subversion', 'Tailwind CSS', 'UTF-8']"
rajskutru.cz,"Web Hosting, Domain Registration, Virtual Private Servers - VPS Server housing | BEST-HOSTING.cz",,,72,3048,2026-09-13T10:04:04.136012847Z,"['AJAX Libraries API', 'Adult Content', 'Express', 'GZIP Module', 'Google Analytics', 'Google Cloud DNS', 'Google Related Website Sites', 'Google Tag Manager', 'LiteSpeed', 'Matomo', 'Matomo Tag Manager', 'Nginx', 'PHP', 'Tailwind CSS', 'Twitter Ads']"
boroderschool.com,Boroder School,,,42,759,2026-09-13T10:04:04.136524378Z,"['Content Delivery Network', 'ElementUI', 'Fastly', 'Google Analytics', 'Google Cloud DNS', 'Google Font API', 'Google Maps', 'Google Tag Manager', 'IcoMoon', 'Instagram Follow Button', 'UTF-8', 'YouTube', 'jQuery']"
specstrack.com,Home - Specstrack,Specstrack,SGP,65,6302,2026-09-13T10:04:04.136634413Z,"['Adult Content', 'Angular', 'Apture Linking Platform', 'Aruba', 'Cloudflare', 'Cloudflare CDN', 'Cloudflare Web Analytics', 'CoBlocks', 'Contact Form Plugin', 'Drag and Drop Multiple File Upload', 'Element Pack Lite', 'ElementUI', 'Elementor', 'Elementor Addon Elements', 'ElementsKit Elementor', 'EmbedPress', 'Essential Addons for Elementor', 'Essential Blocks for Gutenberg', 'Fancybox for WordPress', 'FiboSearch', 'Firebase', 'GeneratePress Company', 'GoDaddy', 'Google', 'Google Analytics', 'Google Cloud CDN', 'Google Cloud DNS', 'Google Font API', 'Google Tag Manager', 'HT Mega', 'Instagram Follow Button', 'Microdata for Google Shopping', 'PHP', 'QUIC', 'Site Kit', 'Table Addons for Elementor', 'Theme In WP', 'UTF-8', 'Variation Swatches for WooCommerce', 'Website Tonight', 'Woo Themes', 'WooCommerce', 'WooCommerce Checkout', 'WooLentor', 'WordPress', 'WordPress Carousel', 'WordPress Multisite', 'eLand', 'jQuery']"
arluxgradnja.rs,ArLuxGradnja - Prodaja stanova Aranđelovac,ArLuxGradnja,SRB,82,5424,2026-09-13T10:04:04.135083367Z,"['Alternate Protocol', 'Aruba', 'Contact Form Plugin', 'Elementor', 'EmbedPress', 'Facebook Conversion Tracking', 'Facebook Login', 'Facebook Messenger Platform', 'Facebook Pixel', 'Facebook Reseller', 'Facebook Tag API', 'GZIP Module', 'Google', 'Google Analytics', 'Google Cloud CDN', 'Google Cloud DNS', 'Google Conversion Tracking', 'Google Font API', 'Google My Business', 'Google Related Website Sites', 'Google Tag Manager', 'Instagram Follow Button', 'Microdata for Google Shopping', 'Newsletter for Wordpress', 'Nginx', 'PHP', 'Recent Posts Widget With Thumbnails', 'Sitelinks Search Box', 'Slider Revolution', 'Theme In WP', 'UTF-8', 'WPForms', 'Woo Themes', 'WooCommerce', 'WooCommerce Checkout', 'WordPress', 'WordPress Multisite', 'eLand', 'jQuery', 'reCAPTCHA']"
coffeebaradriaan.be,Coffeebar Adriaan in Brugge: Coffee - Tea - Breakfast - Lunch - Take Away,Coffeebar Adriaan,FRA,82,25230,2026-09-13T10:04:04.133881726Z,"['AnyChat', 'CDN JS', 'Cloudflare', 'Cloudflare CDN', 'Contento', 'CookieHub', 'ElementUI', 'Facebook Conversion Tracking', 'Facebook Login', 'Facebook Messenger Platform', 'Facebook Pixel', 'Facebook Reseller', 'Facebook Tag API', 'GZIP Module', 'Google Analytics', 'Google My Business', 'Google Tag Manager', 'Instagram Follow Button', 'Microdata for Google Shopping', 'Nginx', 'PWA', 'UTF-8', 'WordPress', 'eLand', 'jsDelivr']"
talltalesranch.org,Tall Tales Ranch – An inclusive life-sharing community,,USA,80,42031,2026-09-13T10:04:04.133401053Z,"['Alternate Protocol', 'Beaver Builder Lite', 'Bloomerang', 'CDN JS', 'Cloudflare', 'Cloudflare CDN', 'Content Delivery Network', 'Contento', 'Embed Any Document', 'EmbedPress', 'GZIP Module', 'GoDaddy', 'Google Analytics', 'Google My Business', 'Google Tag Manager', 'Gravity', 'Instagram Follow Button', 'Microdata for Google Shopping', 'MonsterInsights', 'PHP', 'Pagekit', 'Schema Plugin', 'Sucuri Cloudproxy', 'Theme In WP', 'Twitter Ads', 'UTF-8', 'Vimeo', 'Wangsu', 'Website Tonight', 'WordPress', 'WordPress Multisite', 'jQuery']"
mysim2go.com,Buy eSIM and Connect Instantly – Fast Internet Worldwide | Sim2Go,Sim2Go,BIH,82,50039,2026-09-13T10:04:04.128194068Z,"['AWS WAF Challenge', 'Alternate Protocol', 'Cloudflare', 'Cloudflare CDN', 'Coming Soon Page', 'Content Delivery Network', 'Fireblade', 'Google Analytics', 'Google Tag Manager', 'Instagram Follow Button', 'KVH', 'Microdata for Google Shopping', 'Next.js', 'QUIC', 'Radix UI', 'Tailwind CSS', 'Thank You', 'UTF-8', 'shadcn ui']"
anthemsoft.in,AnthemSoft Solutions | Digital Marketing Agency | WEB App Development Agency,,IND,82,968,2026-09-13T10:04:04.127879264Z,"['Google Analytics', 'Google Maps', 'Google My Business', 'Google Tag Manager', 'IcoMoon', 'Instagram Follow Button', 'PHP', 'ShareThis', 'Subversion', 'Triggered Messaging', 'Twitter Ads', 'UTF-8']"
gadgethouse.pl,GadgetHouse - Gadżety reklamowe,,POL,80,15775,2026-09-13T10:04:04.127290087Z,"['AWS WAF Challenge', 'Alternate Protocol', 'CDN JS', 'Cloudflare', 'Cloudflare CDN', 'EmbedPress', 'Facebook Conversion Tracking', 'Facebook Login', 'Facebook Messenger Platform', 'Facebook Pixel', 'Facebook Reseller', 'Facebook Tag API', 'Font Awesome', 'Google Analytics', 'Google Cloud DNS', 'Google Font API', 'Google Maps', 'Google Tag Manager', 'IcoMoon', 'LiteSpeed', 'Microdata for Google Shopping', 'PHP', 'PWA', 'Polylang', 'QUIC', 'Tailwind CSS', 'Theme In WP', 'UTF-8', 'WordPress', 'WordPress Multisite', 'a3 Lazy Load', 'jQuery']"
hotelvoyageurquebec.com,Home - Hôtel Le Voyageur de Québec,Hôtel Le Voyageur de Québec,CAN,77,41818,2026-09-13T10:04:04.127575397Z,"['AWS WAF Challenge', 'Alternate Protocol', 'Apache', 'Cloudbeds', 'Cloudflare', 'Cloudflare CDN', 'CoBlocks', 'Elementor', 'EmbedPress', 'Essential Addons for Elementor', 'Facebook Customer Chat SDK', 'Facebook Login', 'Facebook Reseller', 'GZIP Module', 'GoDaddy', 'Google', 'Google Analytics', 'Google Maps', 'Google My Business', 'Google Tag Manager', 'IcoMoon', 'Microdata for Google Shopping', 'MonsterInsights', 'NFOrce Internet', 'Newsletter for Wordpress', 'OceanWP', 'PHP', 'Polylang', 'Premium Addons for Elementor', 'Tailwind CSS', 'Theme In WP', 'UTF-8', 'WP Mobile Menu', 'WPForms', 'Wangsu', 'Woo Themes', 'WooCommerce Checkout', 'WordPress', 'WordPress Multisite', 'jQuery', 'reCAPTCHA']"
ioimmigration.com,Immigration and Entertainment Law Firm | Los Angeles - Matten Law LLP,,USA,77,17460,2026-09-13T10:04:04.12767082Z,"['AWS WAF Challenge', 'B12', 'DAV', 'GZIP Module', 'GitHub Hosting', 'Google Analytics', 'Google My Business', 'Instagram Follow Button', 'Line2', 'Perl', 'QUIC', 'Twitter Ads', 'University or College', 'reCAPTCHA']"
millrunexpress.com,Mill Run Express,,,62,360,2026-09-13T10:04:04.125090723Z,"['Adobe Creative Cloud WebFonts', 'Apache', 'Express', 'GZIP Module', 'Google Analytics', 'Google Customer Reviews', 'Google My Business', 'Google Tag Manager', 'PHP', 'PWA', 'Perl', 'QUIC', 'UTF-8']"
apowerwashcompany.com,Toledo's Premier Pressure Washing Services | A Power Wash Company,A Power Wash Company,USA,77,2908,2026-09-13T10:04:04.124169627Z,"['GZIP Module', 'Google', 'Google Analytics', 'Google Cloud DNS', 'Google Font API', 'Google My Business', 'Google Tag Manager', 'IcoMoon', 'Instagram Follow Button', 'Investor Relations', 'Microdata for Google Shopping', 'Tailwind CSS', 'UTF-8', 'Yelp Badge', 'jQuery']"
nextgenindore.com,Nextgen Computer Institute - Best IT & Non IT Training,Nextgen Computer Institute,IND,77,20464,2026-09-13T10:04:04.123331193Z,"['Alibaba Cloud CDN', 'Apache', 'Bulma', 'CDN JS', 'Cloudflare', 'Cloudflare CDN', 'CodeIgniter', 'Express', 'GZIP Module', 'Google', 'Google Analytics', 'Google Cloud DNS', 'Google Font API', 'Google Tag Manager', 'IcoMoon', 'Icons8', 'Instagram Follow Button', 'Microdata for Google Shopping', 'Oracle Cloud', 'PHP', 'Python', 'QUIC', 'Tailwind CSS', 'UTF-8', 'Wangsu', 'YouTube', 'jsDelivr']"
adityasingh.io,Aditya Singh | Developer,,,50,5600,2026-09-13T10:04:04.123268078Z,"['Astro', 'Builder', 'Calendly', 'Content Delivery Network', 'ElementUI', 'Fastly', 'GZIP Module', 'GitHub Hosting', 'Google Analytics', 'Google Tag Manager', 'Instagram Follow Button', 'K2F', 'PWA', 'UTF-8']"
aloeherbals.com,Aloe Herbal,,NPL,67,16200,2026-09-13T10:04:04.122088921Z,"['Content Delivery Network', 'Ethy', 'Fireblade', 'GZIP Module', 'GitHub Hosting', 'Google Analytics', 'Google Customer Reviews', 'Google Tag Manager', 'Instagram Follow Button', 'Next.js', 'Nginx', 'Perl', 'QUIC', 'Tailwind CSS', 'UTF-8', 'Ubuntu', 'YouTube', 'shadcn ui']"
3pbondi.au,"3P Bondi | Pizza, Pasta, Pide & Cocktails in Bondi Beach",,AUS,67,600,2026-09-13T10:04:04.122003443Z,"['Content Delivery Network', 'Google Analytics', 'Google My Business', 'Google Tag Manager', 'Instagram Follow Button', 'Next.js', 'QUIC', 'Quandoo', 'Tailwind CSS', 'UTF-8']"
protectivepestcontrol.com,"Protective Pest Control Company Boca Raton, Wellington, Palm Beach",,USA,77,17440,2026-09-13T10:04:04.11954553Z,"['AJAX Libraries API', 'Alternate Protocol', 'Apache', 'AutoComplete', 'Fireblade', 'GZIP Module', 'Google', 'Google Analytics', 'Google Cloud DNS', 'Google Font API', 'Google Tag Manager', 'Instagram Follow Button', 'QUIC', 'Twitter Ads', 'UTF-8', 'Yelp Badge', 'jQuery']"
jamentertainment.events,"JAM Entertainment | Reno-Tahoe Wedding & Event DJ, MC & Photo Booths",JAM Entertainment,USA,77,111504,2026-09-13T10:04:04.118766556Z,"['Alternate Protocol', 'Angular', 'Apture Linking Platform', 'Aruba', 'Cisco/Arrowpoint Content Service Switch', 'Contento', 'DAV', 'Elfsight', 'Express', 'GZIP Module', 'Google Analytics', 'Google My Business', 'Google Tag Manager', 'Instagram Follow Button', 'Line2', 'Linktree', 'Magento Enterprise', 'Microdata for Google Shopping', 'Newsletter for Wordpress', 'Pico CSS', 'QUIC', 'SiteW', 'Squarespace', 'UTF-8', 'Vector Internet Services', 'WordPress SEO Structured Data Schema Plugin', 'Yelp Badge', 'YouTube', 'eLand']"
jlgtrees.com,JLG Tree Service Near Me | Los Angeles & Ventura County | LA & Ventura County | Tree Surgeons,,ESP,92,96181,2026-09-13T10:04:04.117916566Z,"['Accordion Blocks', 'Accordion FAQ', 'Aruba', 'Express', 'Fireblade', 'FormSubmit', 'GZIP Module', 'Google Analytics', 'Google Tag Manager', 'Instagram Follow Button', 'Line2', 'Magento Enterprise', 'Microdata for Google Shopping', 'Perl', 'QUIC', 'SiteW', 'Squarespace', 'Thank You', 'UTF-8', 'Vector Internet Services', 'WordPress SEO Structured Data Schema Plugin', 'Yelp Badge', 'eLand']"
biomedikalisanagyermekekert.hu,Biomedikalis.hu | Biomedikálisana gyermekekértal apítvány,,,72,17499,2026-09-13T09:52:09.749097496Z,"['Apache', 'CDN JS', 'Cloudflare', 'Cloudflare CDN', 'Endis', 'Font Awesome', 'Google Analytics', 'Google Tag Manager', 'PHP', 'Placehold IT', 'StackPath', 'Tailwind CSS', 'UTF-8', 'YouTube']"
wesleyshanksdentureclinic.ca,Dentures In Hanmer | Wesley Shanks Denture Clinic,,CAN,77,31102,2026-09-13T09:52:09.749331479Z,"['Akismet', 'Alternate Protocol', 'Apache', 'Contact Form Plugin', 'Drift', 'EmbedPress', 'Facebook Login', 'Facebook Messenger Platform', 'Facebook Reseller', 'Font Awesome', 'Google Analytics', 'Google Cloud DNS', 'Google Font API', 'Google My Business', 'Google Tag Manager', 'IcoMoon', 'Microdata for Google Shopping', 'MonsterInsights', 'PHP', 'Perl', 'Popup Maker for Wordpress', 'QUIC', 'Slider Revolution', 'Theme In WP', 'UTF-8', 'University or College', 'WordPress', 'WordPress Multisite', 'YouTube', 'jQuery']"
becuriousfirst.com,"WAGilabs – ""Ideas for Good!""",,USA,65,16408,2026-09-13T09:52:09.747094349Z,"['501c3 Status Nonprofit', 'AWS WAF Challenge', 'Alternate Protocol', 'Amazon WAF Blocked', 'Cloudflare', 'Cloudflare CDN', 'Content Delivery Network', 'EmbedPress', 'Google Analytics', 'Google My Business', 'Google Tag Manager', 'Gravity', 'Gravity Forms', 'PHP', 'Site Kit', 'Theme In WP', 'UTF-8', 'WordPress', 'WordPress Multisite', 'YouTube', 'eLand', 'jQuery', 'reCAPTCHA']"
dwelldental.com,DWELL DENTAL,,USA,82,76432,2026-09-13T09:52:09.747493279Z,"['Adobe Creative Cloud WebFonts', 'Aruba', 'Express', 'Font Awesome', 'GZIP Module', 'Google Analytics', 'Google My Business', 'Google Tag Manager', 'Line2', 'Magento Enterprise', 'Microdata for Google Shopping', 'QUIC', 'SiteW', 'Squarespace', 'UTF-8', 'WordPress SEO Structured Data Schema Plugin', 'eLand']"
immobilierevallette.com,Mira,,FRA,60,708,2026-09-13T09:52:09.745592937Z,"['Alternate Protocol', 'Amazon', 'Amazon CloudFront', 'Apimo', 'CloudFront', 'GZIP Module', 'GetResponse', 'Google Analytics', 'Google My Business', 'Google Tag Manager', 'Instagram Follow Button', 'Nginx', 'Twitter Ads', 'UTF-8', 'jQuery', 'reCAPTCHA']"
sueadamslaw.com,Sue Adams Law | Solicitor in Dorset,Sue Adams Law,,72,33109,2026-09-13T09:52:09.745498755Z,"['AWS WAF Challenge', 'Adobe Creative Cloud WebFonts', 'Alternate Protocol', 'Amazon WAF Blocked', 'Animate It', 'CDN JS', 'Cloudflare', 'Cloudflare CDN', 'Contact Form Plugin', 'EmbedPress', 'Fireblade', 'GDPR Cookie Compliance', 'Google', 'Google Analytics', 'Google My Business', 'Google Tag Manager', 'LiteSpeed', 'Microdata for Google Shopping', 'PHP', 'Responsive Lightbox', 'Tailwind CSS', 'Theme In WP', 'UTF-8', 'Vimeo', 'WordPress', 'WordPress Multisite', 'YouTube', 'jQuery']"
divinesigns.co.uk,Signage & Vehicle Graphics | Divine Signs,Divine Signs Ltd,GBR,87,23335,2026-09-13T09:52:09.744647923Z,"['AWS WAF Challenge', 'Alternate Protocol', 'Automattic', 'BatCache', 'Cloudflare', 'Cloudflare CDN', 'CookieYes', 'Elementor', 'EmbedPress', 'Fastly', 'Google', 'Google Analytics', 'Google Maps', 'Google My Business', 'Google Related Website Sites', 'Google Tag Manager', 'Gutenberg', 'Hello Elementor', 'Instagram Follow Button', 'Jetpack', 'Jetpack Site Accelerator', 'Microdata for Google Shopping', 'MonsterInsights', 'NFOrce Internet', 'Nginx', 'Pagekit', 'QUIC', 'Smush Image Optimization', 'Table Addons for Elementor', 'UTF-8', 'University or College', 'WordPress', 'WordPress Multisite', 'WordPress Stats', 'jQuery']"
cmhglobal.net,CMH Global - Elevate Your Brand's Presence,CMH Global,,67,19666,2026-09-13T09:52:09.742062058Z,"['AWS WAF Challenge', 'Alternate Protocol', 'Apture Linking Platform', 'Blocksy', 'Cloudflare', 'Cloudflare CDN', 'Content Delivery Network', 'Elementor', 'EmbedPress', 'Google', 'Google Analytics', 'Google Cloud DNS', 'Google Font API', 'Google Maps', 'Google My Business', 'Google Tag Manager', 'Instagram Follow Button', 'LiteSpeed', 'Microdata for Google Shopping', 'NFOrce Internet', 'PHP', 'Site Kit', 'Sitelinks Search Box', 'Theme In WP', 'UTF-8', 'WPForms', 'WordPress', 'WordPress Multisite', 'jQuery']"
gradeamath.com,Grade A Math,"Grade A Math, LLC",USA,77,76333,2026-09-13T09:52:09.742340237Z,"['Adobe Creative Cloud WebFonts', 'Aruba', 'Express', 'GZIP Module', 'Google Analytics', 'Google Tag Manager', 'Line2', 'Magento Enterprise', 'Microdata for Google Shopping', 'QUIC', 'SiteW', 'Squarespace', 'UTF-8', 'WordPress SEO Structured Data Schema Plugin', 'eLand']"
anabolnaturals.com,Finest Nutritional Supplements Available,,,72,75640,2026-09-13T09:52:09.740924544Z,"['Alternate Protocol', 'Authorize.net', 'Cart.com', 'GZIP Module', 'Google Analytics', 'Google Cloud DNS', 'Google Font API', 'Google Tag Manager', 'Microdata for Google Shopping', 'Nginx', 'PHP', 'Parallels Plesk Panel', 'Tailwind CSS', 'Thank You', 'UTF-8', 'YouTube']"
skinbytania.com,Skin Care In Marina Del Rey CA - Skin By Tania In Marina Del Rey CA - Skin By Tania,,BEL,67,2908,2026-09-13T09:52:09.7397802Z,"['GZIP Module', 'Google', 'Google Analytics', 'Google Cloud DNS', 'Google Font API', 'Google My Business', 'Google Tag Manager', 'IcoMoon', 'Square', 'Tailwind CSS', 'UTF-8', 'jQuery']"
colbornfarms.com,Home - Colborn Farms,,,72,15593,2026-09-13T09:52:09.73858536Z,"['AWS WAF Challenge', 'Alternate Protocol', 'Cloudflare', 'Cloudflare CDN', 'Content Delivery Network', 'Elementor', 'EmbedPress', 'Essential Addons for Elementor', 'Financial Services Guide', 'Google Analytics', 'Google Tag Manager', 'Hello Elementor', 'Instagram Follow Button', 'LiteSpeed', 'Microdata for Google Shopping', 'PHP', 'Perfmatters', 'Sitelinks Search Box', 'Twitter Ads', 'UTF-8', 'Vimeo', 'WordPress', 'WordPress Multisite', 'jQuery']"
boshao.me,Bo Shao,,DEU,75,2999,2026-09-13T09:52:09.738956009Z,"['Alternate Protocol', 'CDN JS', 'Cloudflare', 'Cloudflare CDN', 'Content Delivery Network', 'Fastly', 'Font Awesome', 'GZIP Module', 'GitHub Hosting', 'Google Analytics', 'Google My Business', 'Google Tag Manager', 'Jekyll', 'Microdata for Google Shopping', 'PWA', 'Schema Plugin', 'StatCounter', 'UTF-8', 'University or College', 'jsDelivr']"
fdrhydrographics.com,Hydro Graphics In Barnesville PA - FDR Hydro Graphics in Barnesville Pa - FDr Hydro Graphics,,,57,1419,2026-09-13T09:52:09.738819412Z,"['DC74', 'GZIP Module', 'Google', 'Google Analytics', 'Google Cloud DNS', 'Google Font API', 'Google Tag Manager', 'IcoMoon', 'QUIC', 'Tailwind CSS', 'UTF-8', 'jQuery']"
ferreteriacanvalero.com,Ferreteria Can Valero | Ferretería de Profesional en Palma de Mallorca,,ESP,65,1586,2026-09-13T09:52:09.737358832Z,"['Alternate Protocol', 'Ametys', 'Contact Form Plugin', 'Divi', 'Elegant Themes', 'EmbedPress', 'GZIP Module', 'Google Analytics', 'Google Cloud DNS', 'Google Font API', 'Google My Business', 'Google Tag Manager', 'PHP', 'Polylang', 'Theme In WP', 'UTF-8', 'WordPress', 'WordPress Multisite', 'jQuery', 'reCAPTCHA']"
lisamarienorman.com,Lisa Marie Norman,,,65,106445,2026-09-13T09:52:09.73745017Z,"['Accordion Blocks', 'Accordion FAQ', 'Adobe Creative Cloud WebFonts', 'Aruba', 'Contento', 'Express', 'GZIP Module', 'Google Analytics', 'Google Tag Manager', 'Line2', 'Magento Enterprise', 'Microdata for Google Shopping', 'QUIC', 'SiteW', 'Squarespace', 'UTF-8', 'Vector Internet Services', 'WordPress SEO Structured Data Schema Plugin', 'eLand']"
sunrisebagelme.com,Must-Try Brunch Restaurant in Waterville | Sunrise Bagel,,USA,77,5427,2026-09-13T09:52:09.737036517Z,"['Adult Content', 'ElementUI', 'Fastly', 'GZIP Module', 'Google Analytics', 'Google My Business', 'Google Tag Manager', 'IcoMoon', 'Instagram Follow Button', 'Microsoft Authentication Library for JavaScript', 'Tailwind CSS', 'Toast POS', 'UTF-8', 'WP Job Manager', 'jQuery']"
eliteaspirephysiciansolutions.com,Private Equity Healthcare Investment | Aspire Physician Solutions,,USA,82,1891,2026-09-13T09:52:09.737267235Z,"['Alternate Protocol', 'Content Delivery Network', 'Elementor', 'Google Analytics', 'Google Tag Manager', 'Line2', 'LiteSpeed', 'NFOrce Internet', 'PHP', 'UTF-8']"
fenwayliving.com,Condos for sale in Willoughby Town Centre | Fenway,Fenway,CAN,75,16928,2026-09-13T09:52:09.736960493Z,"['AJAX Libraries API', 'Alternate Protocol', 'CDN JS', 'Cloudflare', 'Cloudflare CDN', 'Coming Soon Page', 'Content Delivery Network', 'EmbedPress', 'GoDaddy', 'Google Analytics', 'Google Cloud DNS', 'Google My Business', 'Google Tag Manager', 'Microdata for Google Shopping', 'PHP', 'Site Kit', 'Theme In WP', 'UPS', 'UTF-8', 'Wangsu', 'WordPress', 'WordPress Multisite', 'jQuery', 'jsDelivr', 'reCAPTCHA']"
minersfootballalums.org,"Miners Football Alumni Association, Inc. – In Support of Manoogue Football",,USA,70,371,2026-09-13T09:52:09.735551309Z,"['501c3 Status Nonprofit', 'All-in-One Event Calendar for WordPress', 'Alternate Protocol', 'EmbedPress', 'Google Analytics', 'Google Cloud DNS', 'Google Font API', 'PHP', 'Theme In WP', 'UTF-8', 'University or College', 'WordPress', 'WordPress Multisite', 'jQuery']"
theeastneukpodcaststudio.co.uk,East Neuk Studio,East Neuk Studio,,67,80973,2026-09-13T09:52:09.73470156Z,"['Aruba', 'Express', 'GZIP Module', 'Google Analytics', 'Google Tag Manager', 'Instagram Follow Button', 'Investor Relations', 'Line2', 'Magento Enterprise', 'Microdata for Google Shopping', 'QUIC', 'SiteW', 'Squarespace', 'UTF-8', 'Vector Internet Services', 'WordPress SEO Structured Data Schema Plugin', 'eLand']"
bosshard-management.com,"BOSSHARD SAS – Amélioration de la performance, Restructuration & Business Development",,RUS,77,647,2026-09-13T09:52:09.732840135Z,"['Alternate Protocol', 'Automattic', 'Automattic Direct', 'EmbedPress', 'GDPR Consent Management Platform', 'Global Privacy Control', 'Google Analytics', 'Instagram Follow Button', 'Jetpack', 'Jetpack Site Accelerator', 'Nginx', 'Perl', 'Subversion', 'Tailwind CSS', 'Twitter Ads', 'US Privacy User Signal Mechanism', 'UTF-8', 'WordPress', 'WordPress Multisite', 'WordPress Stats']"
gaypolo.com,Gay Polo League,,NZL,65,116573,2026-09-13T09:52:09.732025237Z,"['501c3 Status Nonprofit', 'Adobe Creative Cloud WebFonts', 'Adult Content', 'Aruba', 'Contento', 'Express', 'Facebook Conversion Tracking', 'Facebook Login', 'Facebook Messenger Platform', 'Facebook Pixel', 'Facebook Reseller', 'Facebook Tag API', 'GZIP Module', 'Google Analytics', 'Google Tag Manager', 'Instagram Follow Button', 'Line2', 'Magento Enterprise', 'Microdata for Google Shopping', 'OLO', 'QUIC', 'SiteW', 'Squarespace', 'UTF-8', 'Vimeo', 'WordPress SEO Structured Data Schema Plugin', 'eLand']"
seethebest.ca,Sell Your Home in Orangeville Expert Real Estate Agent Kevin Flaherty,,GBR,92,25384,2026-09-13T09:52:09.730219528Z,"['AWS WAF Challenge', 'Alternate Protocol', 'Amazon WAF Blocked', 'Authorize.net', 'Call to Visit', 'Cloudflare', 'Cloudflare CDN', 'Cloudflare Web Analytics', 'Content Delivery Network', 'DC74', 'Elfsight', 'Facebook Conversion Tracking', 'Facebook Pixel', 'Facebook Reseller', 'Facebook Tag API', 'Google', 'Google Analytics', 'Google Cloud CDN', 'Google Cloud DNS', 'Google Cloud Storage', 'Google Font API', 'Google Tag Manager', 'Microdata for Google Shopping', 'Nuxt.js', 'Pixabay', 'QUIC', 'Tailwind CSS', 'UTF-8', 'Unix', 'Unsplash', 'YouTube', 'shadcn ui']"
essentialwell-being.co.uk,Essential Well-being beauty therapy & massage - Spalding Lincs,,AUS,87,1288,2026-09-13T09:52:09.728765237Z,"['Alternate Protocol', 'Apache', 'Contact Form Plugin', 'Content Delivery Network', 'EmbedPress', 'GZIP Module', 'Google Analytics', 'Google My Business', 'Instagram Follow Button', 'Microdata for Google Shopping', 'PHP', 'Slider Revolution', 'Theme In WP', 'UTF-8', 'WP jQuery Lightbox', 'WordPress', 'WordPress Multisite', 'jQuery', 'reCAPTCHA']"
cwprime.com,Longboat Key Restaurants | CW Prime,,PHL,72,204190,2026-09-13T09:52:09.728345955Z,"['Adobe Analytics', 'Adobe Marketing Cloud', 'Akamai Global Host', 'Content Delivery Network', 'Google Analytics', 'Google Cloud DNS', 'Google Font API', 'Google My Business', 'Google Tag Manager', 'Instagram Follow Button', 'OpenTable', 'QUIC', 'UTF-8', 'reCAPTCHA']"
diamondrockflooring.com,Concrete Polishing Los Angeles & Inland Empire | Diamond Rock,Diamond Rock Flooring Inc. dba Diamond Rock Concrete Restoration,USA,87,100973,2026-09-13T09:52:09.728060075Z,"['Aruba', 'Contento', 'Express', 'GZIP Module', 'Google Analytics', 'Google My Business', 'Google Tag Manager', 'Instagram Follow Button', 'Line2', 'Magento Enterprise', 'Microdata for Google Shopping', 'QUIC', 'SiteW', 'Squarespace', 'UTF-8', 'WordPress SEO Structured Data Schema Plugin', 'eLand']"
muskokabigred.com,"Muskoka Big Red Cottage Waterfront Retreat, Hunstville, Ontario",,USA,70,1274,2026-09-13T09:52:09.727239718Z,"['AJAX Libraries API', 'Alternate Protocol', 'Elementor', 'EmbedPress', 'Formidable Pro Form', 'Google Analytics', 'Google Cloud DNS', 'Google Font API', 'Google Tag Manager', 'IcoMoon', 'PHP', 'Theme In WP', 'Twitter Ads', 'Vimeo', 'Woo Themes', 'WooCommerce', 'WooCommerce Checkout', 'WordPress', 'WordPress Multisite', 'jQuery']"
