domain,title,business_name,country,seo_score,tech_spend,crawled_at,technologies
sunshinepartyrentals.ca,Home - Sunshine Party and Tent Rentals,Sunshine Party and Tent Rentals,USA,75,1311,2026-09-13T19:00:39.957769215Z,"['Alternate Protocol', 'Angular', 'CDN JS', 'Cloudflare', 'Cloudflare CDN', 'Content Delivery Network', 'Elementor', 'EmbedPress', 'Font Awesome', 'GZIP Module', 'Google Cloud DNS', 'Google Font API', 'Microdata for Google Shopping', 'Nginx', 'PHP', 'Sapper', 'StudioPress', 'Theme In WP', 'UTF-8', 'WordPress', 'WordPress Multisite', 'YouTube', 'jQuery']"
bsitsoftware.com,Leading Software Development Company - BSIT Best Web And App Development Company in India.,,IND,72,156312,2026-09-13T18:50:18.922409039Z,"['Alternate Protocol', 'Angular', 'Apache', 'Apture Linking Platform', 'Better Lead Generation Services', 'CakePHP', 'Chatra', 'Clare.AI', 'CodeIgniter', 'DAV', 'Font Awesome', 'GZIP Module', 'GoDaddy', 'Google Adsense', 'Google Analytics', 'Google Cloud DNS', 'Google Font API', 'Google Funding Choices', 'Google Matched Content', 'Google My Business', 'Google Related Website Sites', 'Google Reseller', 'Google Tag Manager', 'IcoMoon', 'Instagram Follow Button', 'Material Design Icons', 'NFOrce Internet', 'PHP', 'Python', 'Salesforce Hosted', 'Slider Revolution', 'Tailwind CSS', 'Twitter Ads', 'UTF-8', 'University or College', 'Visual Studio', 'W3.CSS', 'WPBakery', 'Website Tonight', 'WhatsApp Sharing', 'Woo Themes', 'YouTube', 'symfony PHP Framework']"
littlepodcastofhorrors.com,Little Podcast of Horrors,,IDN,70,49842,2026-09-13T18:50:18.921879633Z,"['Alternate Protocol', 'Amazon CloudFront', 'Angular', 'Automattic', 'CloudFront', 'Content Delivery Network', 'DAV', 'EmbedPress', 'Endis', 'Express', 'IcoMoon', 'Instagram Follow Button', 'LiteSpeed', 'Medium', 'NFOrce Internet', 'PHP', 'Phew', 'QUIC', 'Theme In WP', 'UTF-8', 'Ultimate Social Media', 'University or College', 'Waveform Technology', 'WordPress', 'WordPress Multisite', 'YouTube', 'eLand', 'jQuery']"
thaneshop.com,Thane Shop: Your One-Stop E-commerce Destination in Thane,,IND,82,20884,2026-09-13T18:50:18.870199781Z,"['Advanced Woo Search', 'Alternate Protocol', 'Angular', 'Contact Form Plugin', 'Content Delivery Network', 'Elementor', 'ElementsKit Elementor', 'EmbedPress', 'Essential Addons for Elementor', 'Facebook Conversion Tracking', 'Facebook Login', 'Facebook Messenger Platform', 'Facebook Pixel', 'Facebook Reseller', 'Facebook Tag API', 'Fireblade', 'GZIP Module', 'Google', 'Google Analytics', 'Google Cloud CDN', 'Google Cloud DNS', 'Google Font API', 'Google My Business', 'Google Related Website Sites', 'Google Tag Manager', 'Gtranslate for Wordpress', 'IcoMoon', 'Instagram Follow Button', 'LiteSpeed', 'Martfury', 'Microdata for Google Shopping', 'PHP', 'Premium Addons for Elementor', 'QUIC', 'Sitelinks Search Box', 'Slider Revolution', 'Theme In WP', 'Twitter Ads', 'UTF-8', 'Woo Themes', 'WooCommerce', 'WooCommerce Checkout', 'WordPress', 'WordPress Multisite', 'YITH WooCommerce Compare', 'jQuery', 'reCAPTCHA']"
sakhicreations.in,Sakhi Creations - Designer Clothing and Accessories,,IND,72,40508,2026-09-13T18:36:28.886448124Z,"['Angular', 'AutoComplete', 'DAV', 'Google Analytics', 'Google Cloud DNS', 'Google Font API', 'Google Maps', 'Google Tag Manager', 'HMDG', 'IcoMoon', 'Instagram Follow Button', 'KVH', 'PHP', 'QUIC', 'UTF-8', 'YouTube']"
palmspringsmetalsheds.com,All Star Buildings - All Star Buildings,All Star Buildings,ZAF,67,50569,2026-09-13T18:29:14.872096545Z,"['1Password', 'Alternate Protocol', 'Angular', 'Apache', 'EmbedPress', 'GZIP Module', 'Google Analytics', 'Google Cloud DNS', 'Google Font API', 'Google My Business', 'Google Tag Manager', 'Gutenberg Blocks by Kadence Blocks', 'Kadence WP', 'Microdata for Google Shopping', 'PHP', 'SMC', 'Theme In WP', 'UTF-8', 'WordPress', 'WordPress Multisite']"
4evermyheart.com,Home - Forever My Heart,Forever My Heart,,67,29587,2026-09-13T18:29:14.837844936Z,"['AWS WAF Challenge', 'Alternate Protocol', 'Angular', 'Apache', 'Astra Theme', 'Automattic', 'Blog Designer Pack', 'Cloudflare', 'Cloudflare CDN', 'Contact Form Plugin', 'Elementor', 'ElementsKit Elementor', 'EmbedPress', 'GZIP Module', 'Google', 'Google Analytics', 'Google My Business', 'Google Related Website Sites', 'Google Tag Manager', 'Header, Footer and Blocks for Elementor', 'Homes.com CMS', 'Instagram Follow Button', 'Jetpack', 'Kitco', 'Microdata for Google Shopping', 'NFOrce Internet', 'PHP', 'PixelYourSite', 'Site Kit', 'Sticky Header Effects for Elementor', 'Theme In WP', 'Twitter Ads', 'UTF-8', 'Woo Themes', 'WordPress', 'WordPress Multisite', 'WordPress Related Posts', 'WordPress Stats', 'YouTube', 'jQuery', 'myStickymenu']"
craftycraic.ie,Crafty Craic – learning the art of candle making,,,50,241,2026-09-13T18:18:06.992427594Z,"['Alternate Protocol', 'Angular', 'Apache', 'CookieYes', 'DAV', 'Divi', 'Elegant Themes', 'EmbedPress', 'Google', 'Google Analytics', 'Google Cloud CDN', 'Google Cloud DNS', 'Google Font API', 'Google Tag Manager', 'Instagram Follow Button', 'PHP', 'Sapper', 'Stripe', 'Theme In WP', 'Twitter Ads', 'UTF-8', 'WordPress', 'WordPress Multisite', 'eLand', 'jQuery']"
admasrijschool.nl,ADMAS RIJSCHOOL,,NLD,50,48,2026-09-13T18:18:06.989286242Z,"['Angular', 'Content Delivery Network', 'Instagram Follow Button', 'Linktree', 'Medium', 'Next.js', 'Pleroma', 'UTF-8', 'Vercel']"
buggiescape.com,Buggies Rentals in Morocco - Explore the Sahara with Buggies Escape,Buggies Escape,SEN,82,22260,2026-09-13T18:18:06.974933757Z,"['AWS WAF Challenge', 'Alternate Protocol', 'Amazon', 'Angular', 'Apture Linking Platform', 'Better Lead Generation Services', 'Cloudflare', 'Cloudflare CDN', 'Content Delivery Network', 'Elementor', 'EmbedPress', 'Google', 'Google Analytics', 'Google Maps', 'Google My Business', 'Google Tag Manager', 'Gtranslate for Wordpress', 'Hello Elementor', 'Instagram Feed for WordPress', 'Instagram Follow Button', 'LiteSpeed', 'Microdata for Google Shopping', 'NFOrce Internet', 'Sapper', 'Table Addons for Elementor', 'UTF-8', 'WP Booking Calendar', 'WhatsApp Sharing', 'WordPress', 'WordPress Multisite', 'jQuery']"
cpo-fl.com,Pool Cleaning Experts – Pool Cleaning Experts,,USA,77,3126,2026-09-13T18:18:06.958539477Z,"['Alternate Protocol', 'Angular', 'Automattic', 'BatCache', 'EmbedPress', 'Fastly', 'Gutenberg', 'Jetpack', 'Jetpack Site Accelerator', 'Nginx', 'PHP', 'Perl', 'QUIC', 'Sapper', 'Theme In WP', 'UTF-8', 'Woo Themes', 'WooCommerce Checkout', 'WordPress', 'WordPress Multisite', 'WordPress Stats', 'jQuery']"
kmitedu.com,KMIT Solutions Services,,,52,12102,2026-09-13T18:18:06.953203478Z,"['AJAX Libraries API', 'Angular', 'CDN JS', 'Cloudflare', 'Cloudflare CDN', 'Engage', 'Font Awesome', 'GZIP Module', 'Google Cloud DNS', 'Google Font API', 'Google My Business', 'Google Play', 'Google Tag Manager', 'MoEngage', 'Nginx', 'PWA', 'Perl', 'Pleroma', 'Sign In With Google', 'Tailwind CSS', 'UTF-8', 'jQuery', 'jsDelivr']"
housingireland.ie,Housing Ireland Magazine 2025/2026 - Housing Ireland Magazine,,IRL,82,40886,2026-09-13T18:07:16.117668897Z,"['AWS WAF Challenge', 'Alternate Protocol', 'Angular', 'Apache', 'Contact Form Plugin', 'Contento', 'EmbedPress', 'FooBox', 'GZIP Module', 'Google Analytics', 'Google Cloud DNS', 'Google Font API', 'IcoMoon', 'Microdata for Google Shopping', 'Muffin Group', 'PHP', 'Photo Gallery by FooGallery', 'QUIC', 'Theme In WP', 'UTF-8', 'University or College', 'Woo Themes', 'WordPress', 'WordPress Multisite', 'eLand', 'jQuery']"
drorlando.net,Welcome - Dr Orlando Global Services,,USA,75,37305,2026-09-13T18:07:16.113863582Z,"['AWS WAF Challenge', 'Alternate Protocol', 'Angular', 'Apache', 'Apture Linking Platform', 'Contact Form Plugin', 'Corporate Governance and Regulatory Compliance', 'Elementor', 'ElementsKit Elementor', 'EmbedPress', 'Endurance Page Cache', 'Essential Addons for Elementor', 'Fastly', 'Fireblade', 'Font Awesome', 'GZIP Module', 'Google', 'Google Cloud CDN', 'Google Cloud DNS', 'Google Font API', 'Gravity', 'Gravity Forms', 'HappyAddons', 'Header, Footer and Blocks for Elementor', 'InitiativeS', 'Instagram Feed for WordPress', 'Microdata for Google Shopping', 'NFOrce Internet', 'PHP', 'Premium Addons for Elementor', 'QUIC', 'Royal Elementor Addons', 'Slider Revolution', 'Theme In WP', 'To Top', 'University or College', 'WordPress', 'WordPress Multisite', 'jQuery', 'shadcn ui']"
figment.so,Figment | Figma-to-Website in Seconds,,,70,30200,2026-09-13T17:57:48.377827824Z,"['Angular', 'Content Delivery Network', 'Crisp', 'Figma', 'Google', 'Google Analytics', 'Google Cloud CDN', 'Google Cloud DNS', 'Google Font API', 'Google Tag Manager', 'K2F', 'Material-UI', 'Next.js', 'Pleroma', 'Product Hunt', 'QUIC', 'Twitter Ads', 'Twitter CDN', 'UTF-8', 'Vercel']"
kentwebstore.com,Kent Web Store Kuwait – Welcome to Kent Web Store Kuwait,,,57,17698,2026-09-13T17:57:48.337654385Z,"['Alternate Protocol', 'Angular', 'Contact Form Plugin', 'Contento', 'EmbedPress', 'Fireblade', 'Gambling Content', 'Google Cloud DNS', 'Google Font API', 'Google My Business', 'Gravity', 'IcoMoon', 'Instagram Follow Button', 'Juicer DMP', 'PHP', 'QUIC', 'Slider Revolution', 'Theme In WP', 'Twitter Ads', 'UTF-8', 'Woo Themes', 'WooCommerce', 'WooCommerce Checkout', 'WordPress', 'WordPress Multisite', 'YouTube', 'jQuery', 'reCAPTCHA']"
davidcastilloalvarado.com,DavidCastillo,,SWE,65,41340,2026-09-13T17:06:33.875690318Z,"['AWS WAF Challenge', 'Angular', 'Apache', 'DAV', 'GZIP Module', 'GitHub Hosting', 'Google', 'Google Cloud', 'Google Cloud CDN', 'Google Cloud DNS', 'Google Font API', 'Google My Business', 'Google Retail Product Discovery', 'Instagram Follow Button', 'NFOrce Internet', 'Next.js', 'Open edX', 'Python', 'Styled Components', 'UTF-8', 'University or College', 'YouTube']"
americannewvisionforimmigrationservices.com,americannewvisionforimmigrationservices.com,,GBR,70,41361,2026-09-13T16:42:26.756252851Z,"['501c3 Status Nonprofit', 'AWS WAF Challenge', 'Alternate Protocol', 'Angular', 'Astra Theme', 'Cloudflare', 'Cloudflare CDN', 'Content Delivery Network', 'DAV', 'Elementor', 'EmbedPress', 'Fireblade', 'GitHub Hosting', 'Google', 'Google Cloud CDN', 'Google Cloud DNS', 'Google Font API', 'Google My Business', 'Header, Footer and Blocks for Elementor', 'LiteSpeed', 'NFOrce Internet', 'PHP', 'Prospective', 'QUIC', 'Theme In WP', 'Twitter Ads', 'UTF-8', 'University or College', 'WhatsApp Sharing', 'Woo Themes', 'WooCommerce', 'WooCommerce Checkout', 'WordPress', 'WordPress Multisite', 'WordPress PopUp', 'WordPress Related Posts', 'eLand', 'jQuery']"
taylorcooleyproperties.com,Top Grand Rapids Area Realtors | Taylor & Cooley Properties - 20+ Years of Results,,USA,77,69040,2026-09-13T16:42:26.754358887Z,"['Alternate Protocol', 'Angular', 'Authorize.net', 'Cloudflare', 'Cloudflare Web Analytics', 'Content Delivery Network', 'Fireblade', 'Google', 'Google Analytics', 'Google Cloud CDN', 'Google Cloud DNS', 'Google Cloud Storage', 'Google Font API', 'Google Tag Manager', 'Keller Williams Realty', 'Neighborhoods', 'Nuxt.js', 'QUIC', 'SMC', 'Thank You', 'UTF-8']"
sensus.ro,Home - Sensus,Sensus,ROU,75,70,2026-09-13T16:42:26.739181841Z,"['Alternate Protocol', 'Angular', 'Apache', 'Better Lead Generation Services', 'Contact Form Plugin', 'EmbedPress', 'GZIP Module', 'Microdata for Google Shopping', 'PHP', 'Sitelinks Search Box', 'Theme In WP', 'UTF-8', 'WPBakery', 'WordPress', 'WordPress Multisite', 'jQuery']"
lenasoftware.com,Top CMMS Software and Field Service Solutions - Lena Software | Lena,Lena Software,TUR,77,3132,2026-09-13T16:42:26.731590835Z,"['Angular', 'Bulma', 'Calendly', 'Cloudflare', 'Cloudflare CDN', 'Google Analytics', 'Google Conversion Tracking', 'Google Tag Manager', 'Microdata for Google Shopping', 'Microsoft Azure', 'QUIC', 'Tailwind CSS', 'Twitter Ads', 'UTF-8', 'Visual Studio']"
codekina.in,"CodeKina – Market Indian No,1 Web And App Development And Readymade Scripts & Source Code WordPress Theme Plugin Providers Pvt Ltd Company In Very Cheapest Price and High Quality Product …………….",,,55,4522,2026-09-13T16:33:05.703901522Z,"['Alternate Protocol', 'Angular', 'Aruba', 'Automattic', 'Baidu Cloud', 'ClickOn', 'Elementor', 'EmbedPress', 'GDPR Consent Management Platform', 'Gambling Content', 'GitHub Hosting', 'Google Adsense', 'Google Cloud DNS', 'Google Font API', 'Google Funding Choices', 'Google Matched Content', 'Google Reseller', 'Jetpack', 'Line2', 'Media.net', 'NFOrce Internet', 'Onyx Internet', 'Oracle Cloud', 'PHP', 'Perl', 'Python', 'QUIC', 'Telegram', 'Theme In WP', 'UTF-8', 'University or College', 'User.com', 'Vector Internet Services', 'WP Super Cache', 'WhatsApp Sharing', 'Woo Themes', 'WooCommerce', 'WooCommerce Checkout', 'WooFramework', 'WordPress', 'WordPress Multisite', 'WordPress Stats', 'XTemos Studio', 'Yandex Hosting', 'YouTube', 'eLand', 'jQuery']"
germesconsult.com,"Юристи, Адвокати – Київський правовий кластер",,UKR,70,77628,2026-09-13T16:33:05.676676788Z,"['Alternate Protocol', 'Angular', 'Contact Form Plugin', 'Contento', 'EmbedPress', 'Essential Grid', 'Fontello', 'Google', 'Google Analytics', 'Google Cloud DNS', 'Google Font API', 'Google My Business', 'Google Tag Manager', 'Nginx', 'PHP', 'SMC', 'Slider Revolution', 'Telegram', 'Theme In WP', 'Twitter Ads', 'UTF-8', 'WPBakery', 'WordPress', 'WordPress Multisite', 'YouTube', 'jQuery']"
uk1stone.com,UK1STONE Service - On-Demand Home Service Flutter App with Complete Solution,,USA,65,25547,2026-09-13T16:22:19.536441364Z,"['Angular', 'App Store', 'Coming Soon Page', 'DAV', 'ElementUI', 'GZIP Module', 'Google Cloud DNS', 'Google Font API', 'Google My Business', 'Google Play', 'IcoMoon', 'Instagram Follow Button', 'M247', 'Nginx', 'PHP', 'QUIC', 'Share Link', 'Tailwind CSS', 'Twitter Ads', 'UTF-8', 'Underscores', 'Vector Internet Services', 'YouTube', 'jsDelivr']"
evafishing.com,"Eva's Fishing Trips | Panormo, Rethymno Crete",Eva Fishing,GRC,92,33708,2026-09-13T16:22:19.531740113Z,"['Alternate Protocol', 'Amazon WAF Blocked', 'Angular', 'Content Delivery Network', 'Custom Facebook Feed', 'Custom Twitter Feeds', 'DAV', 'Elementor', 'EmbedPress', 'Ethy', 'Express', 'Font Awesome', 'GZIP Module', 'Google Cloud DNS', 'Google Font API', 'Google Maps', 'Google My Business', 'Harbor', 'Hello Elementor', 'Instagram Feed for WordPress', 'Instagram Follow Button', 'Microdata for Google Shopping', 'NFOrce Internet', 'Nginx', 'Ntent', 'PHP', 'Perl', 'Sapper', 'Slotti', 'The Fresh', 'Theme In WP', 'To Top', 'UTF-8', 'WordPress', 'WordPress Multisite', 'YouTube', 'jQuery']"
a-1dent.com,"A-1 Dent Company: Lubbock,TX: Vehicle Dent Repair",,USA,77,449,2026-09-13T16:10:15.865569611Z,"['AJAX Libraries API', 'Amazon S3 CDN', 'Angular', 'AppNexus Direct', 'AutoComplete', 'EmbedPress', 'Facebook Conversion Tracking', 'Facebook Login', 'Facebook Messenger Platform', 'Facebook Pixel', 'Facebook Reseller', 'Facebook Tag API', 'GZIP Module', 'Google Analytics', 'Google Cloud DNS', 'Google Font API', 'Google Maps', 'Google My Business', 'Google Tag Manager', 'Nginx', 'PHP', 'QUIC', 'Storyblocks', 'Theme In WP', 'UTF-8', 'WordPress']"
greatmaplesteadpc.co.uk,Welcome to the Great Maplestead Village website - Great Maplestead Parish Council,,USA,70,468,2026-09-13T16:01:14.086114765Z,"['Angular', 'Content Delivery Network', 'Express', 'GZIP Module', 'IcoMoon', 'PHP', 'UTF-8']"
pitzolerhof.it,Pitzolerhof | Holiday apartments among vineyards South Tyrol,Pitzolerhof,ITA,92,9998,2026-09-13T16:01:14.062014928Z,"['Alternate Protocol', 'Angular', 'Apture Linking Platform', 'Azion', 'Content Delivery Network', 'Elementor', 'EmbedPress', 'Font Awesome', 'Fontello', 'FreeToBook', 'Google', 'Google Analytics', 'Google Cloud CDN', 'Google Cloud DNS', 'Google Font API', 'Google Related Website Sites', 'Google Tag Manager', 'Instagram Follow Button', 'LiteSpeed', 'MailChimp for WordPress', 'Microdata for Google Shopping', 'NFOrce Internet', 'PHP', 'Polylang', 'SiteMinder', 'Slider Revolution', 'Theme In WP', 'UTF-8', 'WhatsApp Sharing', 'Woo Themes', 'WooCommerce Checkout', 'WordPress', 'WordPress Multisite', 'jQuery', 'reCAPTCHA']"
bromptonresidentialcare.com,Brompton Residential Care,,USA,65,5004,2026-09-13T15:47:48.497590391Z,"['Alternate Protocol', 'Angular', 'Aruba', 'Astra Theme', 'Content Delivery Network', 'Elementor', 'EmbedPress', 'GenerateBlocks', 'Google', 'Google Analytics', 'Google Cloud DNS', 'Google Font API', 'Google Maps', 'Google My Business', 'Google Tag Manager', 'IcoMoon', 'LiteSpeed', 'PHP', 'QUIC', 'QuadMenu', 'Royal Elementor Addons', 'Simple Banner for Wordpress', 'Theme In WP', 'UTF-8', 'Ultimate Addons for Gutenberg', 'Woo Themes', 'WordPress', 'WordPress Multisite', 'WordPress Related Posts', 'eLand', 'jQuery', 'reCAPTCHA']"
agustinbautista.com,Agustin Bautista - Full Stack Developer,,,37,3,2026-09-13T15:47:48.494406922Z,"['Angular', 'Content Delivery Network', 'GitHub Hosting', 'Google Cloud DNS', 'Google Font API', 'Next.js', 'Styled Components', 'UTF-8', 'Vercel']"
alburycounselling.com.au,Albury - Wodonga Counselling for couples and individuals,Albury Wodonga Counselling,GBR,77,43407,2026-09-13T15:07:00.89859178Z,"['AWS WAF Challenge', 'Alternate Protocol', 'Amazon WAF Blocked', 'Angular', 'Cloudflare', 'Cloudflare CDN', 'Column Shortcodes', 'Complianz', 'Contento', 'EmbedPress', 'Google', 'Google My Business', 'Google Related Website Sites', 'Kriesi.at', 'Microdata for Google Shopping', 'Nginx', 'PHP', 'UTF-8', 'WordPress', 'WordPress Multisite', 'YouTube', 'jQuery']"
saltwateronthefly.com,Saltwater Fly Fishing - Saltwater On The Fly Apparel - Gear,Saltwater on the Fly,PHL,82,8302,2026-09-13T14:58:41.310567116Z,"['Alternate Protocol', 'Angular', 'Apache', 'Apture Linking Platform', 'Automattic', 'EmbedPress', 'Endurance Page Cache', 'Express', 'Fastly', 'GZIP Module', 'Google', 'Google Analytics', 'Google Cloud CDN', 'Google Tag Manager', 'IcoMoon', 'Jetpack', 'Mailjet Widget', 'Microdata for Google Shopping', 'NFOrce Internet', 'PHP', 'PayPal', 'Theme In WP', 'Ultra', 'Woo Themes', 'WooCommerce Pixel Manager by woopt', 'WordPress', 'WordPress Multisite', 'WordPress Stats', 'YouTube', 'eLand', 'jQuery']"
wentswell.ai,WentSwell · Go do something,WentSwell,USA,92,101420,2026-09-13T14:58:41.273061877Z,"['Amazon', 'Amazon CloudFront', 'Amazon Route 53', 'Amazon S3 CDN', 'Angular', 'Apture Linking Platform', 'CloudFront', 'Content Delivery Network', 'DAV', 'Ethy', 'Financial Services Guide', 'Gambling Content', 'Google', 'Google Cloud DNS', 'Google Font API', 'HHVM', 'Instagram Follow Button', 'K2F', 'KVH', 'Microdata for Google Shopping', 'Nationwide Mortgage Licensing System and Registry', 'No-Q', 'SMC', 'Subversion', 'Visx', 'Zope', 'eLand']"
shipratiles.com,Shipra Tiles - Manufacturer of Heat Resistant Terrace Tiles,Shipra Tiles,IND,77,33412,2026-09-13T14:36:10.598720019Z,"['AWS WAF Challenge', 'Advanced Woo Search', 'Alternate Protocol', 'Angular', 'Elementor', 'EmbedPress', 'Essential Addons for Elementor', 'Fireblade', 'Google Analytics', 'Google Cloud DNS', 'Google Font API', 'Google Related Website Sites', 'Google Tag Manager', 'Hello Elementor', 'Microdata for Google Shopping', 'NFOrce Internet', 'PHP', 'QUIC', 'Royal Elementor Addons', 'Shipping Rates Calculator', 'Side Cart Woocommerce', 'Sitelinks Search Box', 'Slider Revolution', 'Sticky Header Effects for Elementor', 'The Plus Addons for Elementor', 'Theme In WP', 'UTF-8', 'WPForms', 'WhatsApp Sharing', 'Woo Themes', 'WooCommerce', 'WooCommerce Checkout', 'WordPress', 'WordPress Multisite', 'jQuery']"
lecocobaby.com,Premium Kids Bikes & Mobility | Lecoco Italy,,CHN,72,25876,2026-09-13T14:36:10.553076819Z,"['Alternate Protocol', 'Angular', 'Better Lead Generation Services', 'Cloudflare', 'Content Delivery Network', 'Duoban', 'Express', 'Fireblade', 'GZIP Module', 'GitHub Hosting', 'Google Analytics', 'Google Tag Manager', 'Matomo', 'Matomo Tag Manager', 'Oddle', 'QUIC', 'Tailwind CSS', 'UTF-8', 'Vector Internet Services', 'Yandex Hosting', 'jQuery']"
gokibitz.com,GoKibitz: Move-by-move conversations about go games.,,,35,156,2026-09-13T14:25:46.141264684Z,"['Angular', 'Bulma', 'Express', 'GZIP Module', 'GitHub Hosting', 'Google Analytics', 'IcoMoon', 'Nginx', 'Twitter Ads', 'UTF-8', 'Ubuntu']"
edibleartbakery.com,Edible Art Bakery Raleigh | Custom Cakes & Scratch‑Made Desserts,Edible Art Bakery,USA,92,11213,2026-09-13T14:04:43.89500318Z,"['Adobe Creative Cloud WebFonts', 'Angular', 'Aruba', 'Express', 'GZIP Module', 'Google Analytics', 'Google Tag Manager', 'Instagram Follow Button', 'Line2', 'Microdata for Google Shopping', 'QUIC', 'RM Education', 'Squarespace', 'Tailwind CSS', 'Toast POS', 'UTF-8', 'WordPress SEO Structured Data Schema Plugin', 'eLand']"
newfishport.com,New Fishport 新漁港 - Vancouver Best Seafood Restaurant | New Fishport Seafood Bistro 新漁港,,CAN,55,3,2026-09-13T14:04:43.842182781Z,"['Angular', 'Apache', 'Google Cloud DNS', 'Google Customer Reviews', 'Google Font API', 'Instagram Follow Button', 'To Top', 'UTF-8', 'Way']"
pressmaverick.com,Home - Pressmaverick,Pressmaverick,USA,70,18077,2026-09-13T13:50:29.695002953Z,"['AWS WAF Challenge', 'Alternate Protocol', 'Angular', 'Apache', 'Bulma', 'Contact Form Plugin', 'EmbedPress', 'Express', 'GZIP Module', 'Google', 'Google Adsense', 'Google Analytics', 'Google Cloud DNS', 'Google Font API', 'Google Funding Choices', 'Google Matched Content', 'Google Reseller', 'Google Tag Manager', 'IcoMoon', 'Instagram Follow Button', 'Microdata for Google Shopping', 'Neighborhoods', 'Newsletter for Wordpress', 'PHP', 'Theme In WP', 'Twitter Ads', 'UTF-8', 'University or College', 'WP Fastest Cache', 'WPBakery', 'WordPress', 'WordPress Multisite', 'YouTube']"
beirutportmemorial.com,Beirut Port Memorial,,,57,3,2026-09-13T13:39:36.10751177Z,"['Angular', 'Content Delivery Network', 'Google Cloud DNS', 'Google Font API', 'License Buttons', 'Material-UI', 'Next.js', 'Pleroma', 'UTF-8', 'Vercel']"
neeharneuro.com,neeharneuro.com – neehar neuro website,,IND,65,2510,2026-09-13T13:30:34.725253587Z,"['Alternate Protocol', 'Angular', 'Contact Form Plugin', 'EmbedPress', 'Fastly', 'GZIP Module', 'Google Cloud DNS', 'Google Font API', 'Google Maps', 'Google My Business', 'LiteSpeed', 'PHP', 'Theme In WP', 'UTF-8', 'University or College', 'WPBakery', 'WordPress', 'WordPress Multisite', 'jQuery']"
dayexploretrips.com,Fes Day Trips & Desert Tours | Morocco Explore Excursions,,,62,40,2026-09-13T13:30:34.725050001Z,"['Alternate Protocol', 'Angular', 'Google Analytics', 'Google Cloud DNS', 'Google Customer Reviews', 'Google Font API', 'Google My Business', 'Google Tag Manager', 'Instagram Follow Button', 'LiteSpeed', 'Materialize CSS', 'PHP', 'QUIC', 'Tawk', 'Twitter Ads', 'UTF-8', 'WhatsApp Sharing', 'YouTube', 'jQuery']"
bridgemotors.co.uk,Bridge Motors | Local Garage | St Albans,,,82,468,2026-09-13T13:30:34.695388339Z,"['Angular', 'BookMyGarage', 'Content Delivery Network', 'ElementUI', 'Google Analytics', 'Google Tag Manager', 'Microdata for Google Shopping', 'Netlify', 'Next.js', 'Pleroma', 'QUIC', 'Tailwind CSS', 'UTF-8', 'Vimeo']"
bellasalaevents.com,"Banquet Hall, Full-Service Wedding Venue | Tiffin, IA",,USA,77,499,2026-09-13T12:59:13.655677787Z,"['AJAX Libraries API', 'Amazon S3 CDN', 'Angular', 'AutoComplete', 'Font Awesome', 'GZIP Module', 'Google Analytics', 'Google Cloud DNS', 'Google Font API', 'Google Maps', 'Google My Business', 'Google Tag Manager', 'Instagram Follow Button', 'Nginx', 'PHP', 'Storyblocks', 'Thank You', 'UTF-8', 'WordPress']"
emerline.uz,Software Development Company | Emerline,Emerline,GEO,77,144803,2026-09-13T12:59:13.587066285Z,"['AWS WAF Challenge', 'Alternate Protocol', 'Amazon', 'Amazon CloudFront', 'Amazon Route 53', 'Angular', 'Apture Linking Platform', 'BIP', 'CloudFront', 'Clutch', 'Content Delivery Network', 'Contento', 'Corporate Governance and Regulatory Compliance', 'Cybot', 'Google Analytics', 'Google My Business', 'Google Retail Product Discovery', 'Google Tag Manager', 'IcoMoon', 'InitiativeS', 'Instagram Follow Button', 'Microdata for Google Shopping', 'NFOrce Internet', 'Nginx', 'Perl', 'Python', 'QUIC', 'Tailwind CSS', 'UTF-8']"
tonybanh.dev,Tony Banh's Portfolio,,USA,72,468,2026-09-13T12:35:36.405547641Z,"['Angular', 'Content Delivery Network', 'Express', 'GitHub Hosting', 'Google My Business', 'Netlify', 'Next.js', 'Parcel', 'Pleroma', 'Python', 'Tailwind CSS', 'UTF-8', 'University or College', 'Vercel', 'shadcn ui']"
bestcarematch.com,"BestCareMatch™ | Senior Placement, Coverage & Care ResourcesBestCareMatch™",BestCareMatch™ BestCareMatch™,USA,87,85048,2026-09-13T12:12:41.335994937Z,"['AWS WAF Challenge', 'Alternate Protocol', 'Angular', 'Astra Theme', 'Automattic', 'Cloudflare', 'Cloudflare CDN', 'Content Delivery Network', 'DAV', 'EmbedPress', 'Financial Services Guide', 'Fireblade', 'Font Awesome', 'Google', 'Google Analytics', 'Google Cloud DNS', 'Google Font API', 'Google My Business', 'Google Tag Manager', 'Jetpack', 'LiteSpeed', 'Microdata for Google Shopping', 'NFOrce Internet', 'PHP', 'QUIC', 'SMC', 'SiteW', 'Thank You', 'Theme In WP', 'UTF-8', 'Ultimate Addons for Gutenberg', 'Woo Themes', 'WooCommerce', 'WooCommerce Checkout', 'WooCommerce Payments', 'WooCommerce Stripe Payment Gateway', 'WordPress', 'WordPress Multisite', 'WordPress Related Posts', 'WordPress Stats', 'YouTube', 'jQuery']"
bishopthorpe-bc.co.uk,"BISHOPTHORPE BOWLING CLUB, Bishopthorpe, York",,,67,20380,2026-09-13T12:03:18.609596249Z,"['AJAX Libraries API', 'Angular', 'AutoComplete', 'Corporate Governance and Regulatory Compliance', 'Endis', 'FastClick', 'Fingerprint Pro', 'Foundation', 'Google Cloud DNS', 'Google Font API', 'Google Maps', 'Microsoft Azure', 'Microsoft IIS', 'Tailwind CSS', 'Twitter Ads', 'Visual Studio', 'jQuery']"
geochris.org,"Chris Lewis | Programmer, Scientist, Designer",,CAN,70,1240,2026-09-13T12:03:18.595874108Z,"['501c3 Status Nonprofit', 'Amazon Associates', 'Amazon Widgets', 'Angular', 'Apache', 'DAV', 'Google Analytics', 'Google Cloud DNS', 'Google Font API', 'Google My Business', 'Google Tag Manager', 'PHP', 'Placehold IT', 'Python', 'QUIC', 'Tailwind CSS', 'Twitter Ads', 'University or College', 'Unix', 'YouTube', 'jQuery', 'reCAPTCHA']"
cliffeandcliffewoods-pc.gov.uk,"Cliffe and Cliffe Woods Parish Council, Cliffe Woods, Rochester",,,62,5380,2026-09-13T12:03:18.565856748Z,"['AJAX Libraries API', 'Angular', 'AutoComplete', 'Corporate Governance and Regulatory Compliance', 'FastClick', 'Fingerprint Pro', 'Foundation', 'Google Cloud DNS', 'Google Font API', 'Google Maps', 'Microsoft Azure', 'Microsoft IIS', 'Tailwind CSS', 'Twitter Ads', 'Visual Studio', 'jQuery']"
face2facewomens.com,Home - face2facewomens.com,face2facewomens.com,,82,18773,2026-09-13T12:03:18.542833626Z,"['AWS WAF Challenge', 'Adult Content', 'Alternate Protocol', 'Angular', 'Apture Linking Platform', 'Astra Theme', 'Click to Chat for WhatsApp', 'Cloudflare', 'Cloudflare CDN', 'Content Delivery Network', 'EmbedPress', 'GenerateBlocks', 'Google', 'Google Analytics', 'Google Cloud DNS', 'Google Font API', 'Google My Business', 'Google Tag Manager', 'LiteSpeed', 'Microdata for Google Shopping', 'PHP', 'Presto Player', 'QUIC', 'Theme In WP', 'Tidio', 'UTF-8', 'Ultimate Addons for Gutenberg', 'WP Live Chat Support', 'WordPress', 'WordPress Multisite', 'WordPress Related Posts', 'jQuery']"
divorcedparentsclub.com,Divorced Parents Club | A Parents Guide to Finding a Path to Excellence After Divorce,,,72,20311,2026-09-13T12:03:18.536230639Z,"['AWS WAF Challenge', 'Amazon Widgets', 'Angular', 'Calendly', 'Content Delivery Network', 'EmbedPress', 'Express', 'GeneratePress Company', 'Google Analytics', 'Google Tag Manager', 'Instagram Follow Button', 'LiteSpeed', 'Microdata for Google Shopping', 'PHP', 'QUIC', 'Sitelinks Search Box', 'Theme In WP', 'UTF-8', 'Vector Internet Services', 'WP YouTube Lyte', 'WordPress', 'WordPress Multisite', 'YouTube', 'YouTube Advanced by Embed Plus', 'jQuery']"
candchire.co.uk,C&C Hire LTD,,,55,1908,2026-09-13T11:42:40.279065197Z,"['Angular', 'Apache', 'Cloudimage', 'DC74', 'Express', 'GZIP Module', 'Google', 'Google Cloud CDN', 'Google Customer Reviews', 'Google My Business', 'Google Tag Manager', 'IcoMoon', 'Perl', 'QUIC', 'Tailwind CSS', 'UTF-8']"
capillarytubemats.com,Capillary Tube Mats Manufacturer | Radiant Heating Cooling | Sinolanc PPR Capillary Tube Mats Manufacturer,,CHN,87,32470,2026-09-13T11:42:40.262975353Z,"['51.la', 'AWS WAF Challenge', 'Alternate Protocol', 'Angular', 'Cloudflare', 'Cloudflare CDN', 'Content Delivery Network', 'DAV', 'Express', 'Fireblade', 'Google', 'Google Analytics', 'Google Cloud DNS', 'Google Font API', 'Google Tag Manager', 'Microdata for Google Shopping', 'Perl', 'Tailwind CSS', 'Thank You', 'Zyro']"
cityofpickens.com,"City of Pickens, South Carolina",,USA,75,33975,2026-09-13T11:42:40.245990462Z,"['Alternate Protocol', 'Angular', 'App Store', 'Content Delivery Network', 'Contento', 'DAV', 'DuracellTomi Google Tag Manager for WordPress', 'EmbedPress', 'Fastly', 'GZIP Module', 'Google', 'Google Analytics', 'Google Cloud CDN', 'Google Cloud DNS', 'Google Font API', 'Google My Business', 'Google Play', 'Google Tag Manager', 'Gravity', 'Impreza', 'Lazy Load for WordPress', 'Microdata for Google Shopping', 'Microsoft 365', 'Nginx', 'PHP', 'The Events Calendar', 'Theme In WP', 'WPBakery', 'Woo Themes', 'WordPress', 'WordPress Multisite', 'WordPress SEO Structured Data Schema Plugin', 'jQuery', 'wpDataTables']"
chilternhire.co.uk,Chiltern Hire Centre Ltd,,GBR,65,6264,2026-09-13T11:31:39.881531681Z,"['Angular', 'Apache', 'Cloudimage', 'Express', 'Fastly', 'GZIP Module', 'Gambling Content', 'Google', 'Google Cloud CDN', 'Google Customer Reviews', 'Google My Business', 'Google Tag Manager', 'IcoMoon', 'QUIC', 'Tailwind CSS', 'UTF-8']"
essexhire.co.uk,Essex Hire & Sales Ltd,,GBR,70,18864,2026-09-13T11:22:15.529523758Z,"['Angular', 'Apache', 'Cloudimage', 'Express', 'Fireblade', 'GZIP Module', 'Gambling Content', 'Google', 'Google Cloud CDN', 'Google Customer Reviews', 'Google My Business', 'Google Tag Manager', 'IcoMoon', 'QUIC', 'Tailwind CSS', 'UTF-8']"
arroweleven.com,IT Services - ArrowEleven,ArrowEleven,GBR,80,176748,2026-09-13T11:11:21.341818229Z,"['AWS WAF Challenge', 'Alternate Protocol', 'Angular', 'Clutch', 'Content Delivery Network', 'Elementor', 'EmbedPress', 'GitHub Hosting', 'LiteSpeed', 'Microdata for Google Shopping', 'NFOrce Internet', 'PHP', 'Perl', 'Salesforce Hosted', 'Schema Plugin', 'Theme In WP', 'Twitter Ads', 'UTF-8', 'WordPress', 'WordPress Multisite', 'YouTube', 'jQuery']"
phonsee.com,Phonsee Everything They Hide With Mobile Phone Tracker App,Phonsee,,67,,2026-09-13T11:11:21.314866363Z,"['Alternate Protocol', 'Angular', 'Apture Linking Platform', 'Cloudflare', 'Cloudflare CDN', 'Cloudflare Web Analytics', 'Content Delivery Network', 'DAV', 'Express', 'Google Analytics', 'Google Tag Manager', 'Microdata for Google Shopping', 'Next.js', 'Ntent', 'Pleroma', 'QUIC', 'UTF-8']"
1visaconsulting.com,1Visa Consulting,,GBR,60,581,2026-09-13T11:11:21.287937212Z,"['Alternate Protocol', 'Angular', 'Apture Linking Platform', 'Better Lead Generation Services', 'Corporate Governance and Regulatory Compliance', 'Elementor', 'ElementsKit Elementor', 'EmbedPress', 'Google Cloud DNS', 'Google Font API', 'HappyAddons', 'Hello Elementor', 'Metform Elemento', 'NFOrce Internet', 'Ntent', 'PHP', 'QUIC', 'Theme In WP', 'UTF-8', 'WordPress', 'WordPress Multisite', 'jQuery']"
ehsajewellery.com,Greens Jewelry,,CAN,60,623,2026-09-13T10:58:09.063961833Z,"['Adobe Creative Cloud WebFonts', 'Alternate Protocol', 'Angular', 'CDN JS', 'Cloudflare', 'Cloudflare CDN', 'Elementor', 'ElementsKit Elementor', 'EmbedPress', 'Google Cloud DNS', 'Google Font API', 'Hello Elementor', 'LiteSpeed', 'NFOrce Internet', 'PHP', 'QUIC', 'Synchrony', 'Theme In WP', 'UTF-8', 'Woo Themes', 'WooCommerce', 'WooCommerce Checkout', 'WordPress', 'WordPress Multisite', 'jQuery']"
fjordside.pro,FjordsidePro,,,40,600,2026-09-13T10:49:49.917425956Z,"['Angular', 'Content Delivery Network', 'Fastly', 'UTF-8']"
bursayatirim.com.tr,TEKNOSAB|Bursa Technology Organized Industrial Zone,,TUR,72,,2026-09-13T10:18:44.172211011Z,"['Alternate Protocol', 'Angular', 'Bulma', 'GZIP Module', 'Google Analytics', 'Google Tag Manager', 'LiteSpeed', 'QUIC', 'UTF-8', 'University or College', 'jQuery']"
brandnexdigitalmarketing.com,Home - brandnexdigitalmarketing.com,brandnexdigitalmarketing.com,RWA,85,18946,2026-09-13T10:18:44.168836263Z,"['AWS WAF Challenge', 'Alternate Protocol', 'Angular', 'Cloudflare', 'Cloudflare CDN', 'Content Delivery Network', 'Divi', 'Elegant Themes', 'EmbedPress', 'Google', 'Google Analytics', 'Google Cloud CDN', 'Google Cloud DNS', 'Google Font API', 'Google My Business', 'Google Tag Manager', 'Instagram Follow Button', 'LiteSpeed', 'Microdata for Google Shopping', 'PHP', 'Site Kit', 'Theme In WP', 'UTF-8', 'Woo Themes', 'WordPress', 'WordPress Multisite', 'YouTube', 'jQuery', 'reCAPTCHA']"
watsontoolhire.co.uk,Watson Tool Hire & Repair Centre,,,65,6264,2026-09-13T10:04:04.170086436Z,"['Angular', 'Apache', 'Cloudimage', 'Express', 'Fastly', 'GZIP Module', 'Google', 'Google Cloud CDN', 'Google My Business', 'Google Tag Manager', 'IcoMoon', 'QUIC', 'Tailwind CSS', 'UTF-8']"
waltonplanthire.co.uk,Walton Grab Hire,,,55,1308,2026-09-13T10:04:04.169901587Z,"['Adult Content', 'Angular', 'Apache', 'Cloudimage', 'Express', 'Fastly', 'GZIP Module', 'Google', 'Google Cloud CDN', 'Google Customer Reviews', 'Google My Business', 'Google Tag Manager', 'IcoMoon', 'Instagram Follow Button', 'QUIC', 'Tailwind CSS', 'UTF-8']"
hackgdl.com,HackGDL,,PHL,60,7500,2026-09-13T10:04:04.165356431Z,"['Angular', 'Cloudflare', 'Cloudflare CDN', 'Cloudflare Web Analytics', 'Fireblade', 'Instagram Follow Button', 'QUIC', 'Twitter Ads', 'UTF-8', 'University or College']"
enriquesolis.me,Enrique Solis - Portfolio,,USA,77,2680,2026-09-13T10:04:04.162910295Z,"['Angular', 'GitHub Hosting', 'Google', 'Google Analytics', 'Google Cloud DNS', 'Google Font API', 'Google Tag Manager', 'LiteSpeed', 'Microsoft Clarity', 'Next.js', 'QUIC', 'Styled Components', 'Tailwind CSS', 'Vercel']"
specstrack.com,Home - Specstrack,Specstrack,SGP,65,6302,2026-09-13T10:04:04.136634413Z,"['Adult Content', 'Angular', 'Apture Linking Platform', 'Aruba', 'Cloudflare', 'Cloudflare CDN', 'Cloudflare Web Analytics', 'CoBlocks', 'Contact Form Plugin', 'Drag and Drop Multiple File Upload', 'Element Pack Lite', 'ElementUI', 'Elementor', 'Elementor Addon Elements', 'ElementsKit Elementor', 'EmbedPress', 'Essential Addons for Elementor', 'Essential Blocks for Gutenberg', 'Fancybox for WordPress', 'FiboSearch', 'Firebase', 'GeneratePress Company', 'GoDaddy', 'Google', 'Google Analytics', 'Google Cloud CDN', 'Google Cloud DNS', 'Google Font API', 'Google Tag Manager', 'HT Mega', 'Instagram Follow Button', 'Microdata for Google Shopping', 'PHP', 'QUIC', 'Site Kit', 'Table Addons for Elementor', 'Theme In WP', 'UTF-8', 'Variation Swatches for WooCommerce', 'Website Tonight', 'Woo Themes', 'WooCommerce', 'WooCommerce Checkout', 'WooLentor', 'WordPress', 'WordPress Carousel', 'WordPress Multisite', 'eLand', 'jQuery']"
jamentertainment.events,"JAM Entertainment | Reno-Tahoe Wedding & Event DJ, MC & Photo Booths",JAM Entertainment,USA,77,111504,2026-09-13T10:04:04.118766556Z,"['Alternate Protocol', 'Angular', 'Apture Linking Platform', 'Aruba', 'Cisco/Arrowpoint Content Service Switch', 'Contento', 'DAV', 'Elfsight', 'Express', 'GZIP Module', 'Google Analytics', 'Google My Business', 'Google Tag Manager', 'Instagram Follow Button', 'Line2', 'Linktree', 'Magento Enterprise', 'Microdata for Google Shopping', 'Newsletter for Wordpress', 'Pico CSS', 'QUIC', 'SiteW', 'Squarespace', 'UTF-8', 'Vector Internet Services', 'WordPress SEO Structured Data Schema Plugin', 'Yelp Badge', 'YouTube', 'eLand']"
wirraltoolhire.com,Wirral Tool Hire,,,45,1308,2026-09-13T09:52:09.745847179Z,"['Angular', 'Apache', 'Cloudimage', 'Express', 'Fastly', 'GZIP Module', 'Gambling Content', 'Google', 'Google Cloud CDN', 'Google Customer Reviews', 'Google My Business', 'Google Tag Manager', 'IcoMoon', 'QUIC', 'Tailwind CSS', 'UTF-8']"
rehanrjamil.com,Rehan R. Jamil,,,57,7500,2026-09-13T09:20:59.461304977Z,"['Angular', 'Content Delivery Network', 'Fireblade', 'Google My Business', 'Material-UI', 'Next.js', 'Pleroma', 'UTF-8', 'University or College', 'Vercel']"
av-postavka.ru,"«АВ-поставка» специализируется на поставке и продаже профессионального аудиовизуального оборудования, а также системной интеграции",,,45,63,2026-09-13T09:11:24.694706388Z,"['Angular', 'GZIP Module', 'Google Cloud DNS', 'Google Font API', 'Microsoft Azure', 'Microsoft IIS', 'To Top', 'UTF-8', 'Visual Studio']"
fintutes.com,"Finance, NBFC,credit society banking and Loan software and app",Fintutes,IND,82,2440,2026-09-13T09:00:17.114395384Z,"['Angular', 'App Store', 'Bulma', 'Corporate Governance and Regulatory Compliance', 'Google', 'Google Analytics', 'Google Cloud DNS', 'Google Font API', 'Google My Business', 'Google Play', 'Google Tag Manager', 'Microdata for Google Shopping', 'PHP', 'PWA', 'QUIC', 'UTF-8', 'University or College', 'jsDelivr']"
binstedparishcouncil.org.uk,Binsted Parish Council – Serving the people of Binsted Parish Council,,,55,493,2026-09-13T08:45:28.985802592Z,"['Alternate Protocol', 'Angular', 'Column Shortcodes', 'Contact Form Plugin', 'Corporate Governance and Regulatory Compliance', 'EmbedPress', 'Google Cloud DNS', 'Google Font API', 'LiteSpeed', 'PHP', 'QUIC', 'The Events Calendar', 'Theme In WP', 'UTF-8', 'UserWay', 'WP Statistics', 'WordPress', 'WordPress Multisite', 'eLand', 'jQuery']"
revenueok.com,"Home - Revenue, Inc.",,USA,57,14947,2026-09-13T08:24:25.384599688Z,"['Angular', 'Angular Material', 'Apture Linking Platform', 'Azure Edge', 'CDN JS', 'Cloudflare', 'Cloudflare CDN', 'Cloudflare Web Analytics', 'Contentful', 'DAV', 'DoubleClick Bid Manager', 'ETranslate', 'Fireblade', 'Font Awesome', 'GZIP Module', 'Google', 'Google Analytics', 'Google Cloud CDN', 'Google Cloud DNS', 'Google Font API', 'Google Maps', 'Google Matched Content', 'Google My Business', 'Google Recommendations AI', 'Google Reseller', 'Google Tag Manager', 'Instagram Follow Button', 'Line2', 'Microsoft 365', 'Microsoft Azure', 'QUIC', 'Report URI', 'Sitelinks Search Box', 'Snowplow', 'Subversion', 'Tailwind CSS', 'Twitter Ads', 'UTF-8', 'Vimeo', 'YouTube', 'reCAPTCHA', 'shadcn ui']"
southeasteconomy.com,"Southeast Economic Advisors - Charlotte and Raleigh, NC",,USA,82,5736,2026-09-13T08:24:25.339724979Z,"['Alternate Protocol', 'Angular', 'Apache', 'Apture Linking Platform', 'Bulma', 'Cisco/Arrowpoint Content Service Switch', 'EmbedPress', 'Google Analytics', 'Google Cloud DNS', 'Google Font API', 'Google Tag Manager', 'IcoMoon', 'InitiativeS', 'Microdata for Google Shopping', 'PHP', 'Theme In WP', 'Twitter Ads', 'UTF-8', 'Uncode', 'University or College', 'W3 Total Cache', 'WPBakery', 'WordPress', 'WordPress Multisite', 'YouTube', 'eLand', 'jQuery']"
biofireplacegroup.com,Bio Fireplace Group - Large range of decorative fireplaces,Bio Fireplace Group,GBR,77,52248,2026-09-13T08:10:30.850746964Z,"['Alternate Protocol', 'Angular', 'Apture Linking Platform', 'Baidu Cloud', 'Cloudflare', 'Cloudflare CDN', 'Express', 'Fireblade', 'Full Media', 'Google Tag Manager', 'Instagram Follow Button', 'Klaviyo', 'Microdata for Google Shopping', 'Microsoft Clarity', 'QUIC', 'Shopify', 'Shopify Collabs', 'Tailwind CSS', 'Trusted Shops', 'UK Cookie Consent', 'UTF-8', 'Yandex Hosting', 'YouTube', 'eLand', 'hCaptcha', 'reCAPTCHA', 'shadcn ui']"
fishtech.nz,Wholesale Fishing Tackle,,USA,72,58176,2026-09-13T08:10:30.842405013Z,"['AJAX Libraries API', 'Angular', 'Apture Linking Platform', 'Baidu Cloud', 'Cloudflare', 'Cloudflare CDN', 'Google Analytics', 'Google Cloud DNS', 'Google Font API', 'Google Tag Manager', 'Microdata for Google Shopping', 'SMC', 'Schema Plugin', 'Shopify', 'Shopify Collabs', 'Subversion', 'Tailwind CSS', 'UTF-8', 'Way', 'Yandex Hosting', 'hCaptcha', 'jQuery', 'reCAPTCHA']"
kalispelldaybreakrotary.org,Home Page | Rotary Club of Kalispell Daybreak,,USA,70,4468,2026-09-13T07:48:14.158637301Z,"['Angular', 'Apture Linking Platform', 'AutoComplete', 'Cloudflare', 'DAV', 'Facebook Login', 'Facebook Messenger Platform', 'Facebook Reseller', 'GZIP Module', 'Google', 'Google Maps', 'Google My Business', 'Google Tag Manager', 'IcoMoon', 'Microsoft Application Insights', 'Microsoft Azure Blob Storage', 'Perl', 'University or College']"
byzilzaesthetics.com,By Zilz Aesthetics - Personalized Aesthetic Services in London,By Zilz Aesthetics,GBR,77,22994,2026-09-13T07:48:14.155904124Z,"['AWS WAF Challenge', 'Alternate Protocol', 'Angular', 'Apache', 'Cloudflare', 'Cloudflare CDN', 'DAV', 'Elementor', 'EmbedPress', 'Essential Addons for Elementor', 'GZIP Module', 'Google', 'Google Cloud DNS', 'Google Font API', 'Google My Business', 'Google Related Website Sites', 'IcoMoon', 'Instagram Follow Button', 'Microdata for Google Shopping', 'NFOrce Internet', 'Neve', 'PHP', 'Sapper', 'Smart Slider 3', 'Theme In WP', 'UTF-8', 'WordPress', 'WordPress Multisite', 'Yandex Hosting', 'eLand', 'jQuery']"
heating-retrofit.eu,HARP - Heating Appliances Retrofit Planning,,PRT,87,2119,2026-09-13T07:48:14.14690651Z,"['Alternate Protocol', 'Angular', 'CookieYes', 'Download Monitor', 'EmbedPress', 'GZIP Module', 'Google Analytics', 'Google Cloud DNS', 'Google Font API', 'Google My Business', 'IcoMoon', 'Microdata for Google Shopping', 'Nginx', 'PHP', 'Slider Revolution', 'Tailwind CSS', 'Theme In WP', 'Twitter Ads', 'UTF-8', 'WPBakery', 'WordPress', 'WordPress Multisite', 'jQuery', 'reCAPTCHA']"
mindyourtax.in,"Income Tax Services, Income Tax Expert, File ITR at just ₹499",,IND,82,4800,2026-09-13T07:48:14.135489353Z,"['Alternate Protocol', 'Angular', 'Angular Material', 'Content Delivery Network', 'Fastly', 'Google', 'Google Cloud CDN', 'Google My Business', 'Instagram Follow Button', 'Microdata for Google Shopping', 'PWA', 'Sign In With Google', 'Tailwind CSS', 'Twitter Ads', 'UTF-8', 'Uponit']"
pulsegym.co.uk,"Pulse Gym - Fitness, Fitness and Training",Pulse Gym,NZL,92,26684,2026-09-13T07:35:22.377053477Z,"['Angular', 'DC74', 'GitHub Hosting', 'GoDaddy', 'GoTeamUp', 'Google', 'Google Cloud DNS', 'Google Font API', 'Google My Business', 'Google Related Website Sites', 'Google Tag Manager', 'Instagram Follow Button', 'Microdata for Google Shopping', 'PWA', 'QUIC', 'TeamUp', 'UTF-8', 'Vimeo', 'Vimeo CDN', 'Wangsu', 'Website Tonight', 'YouTube']"
mostondental.co.uk,Moston Dental | Private & NHS Dentist in Moston,,,72,3144,2026-09-13T07:12:59.364214906Z,"['Alternate Protocol', 'Angular', 'Content Delivery Network', 'Elementor', 'EmbedPress', 'Facebook Conversion Tracking', 'Facebook Login', 'Facebook Messenger Platform', 'Facebook Pixel', 'Facebook Reseller', 'Facebook Tag API', 'Fonts Plugin', 'Google Analytics', 'Google Maps', 'Google My Business', 'Google Related Website Sites', 'Google Tag Manager', 'Header, Footer and Blocks for Elementor', 'Hello Elementor', 'Instagram Follow Button', 'LiteSpeed', 'Microdata for Google Shopping', 'Microsoft Clarity', 'NFOrce Internet', 'Ntent', 'PHP', 'Royal Elementor Addons', 'Sapper', 'Sticky Header Effects for Elementor', 'Theme In WP', 'TrustIndex', 'UTF-8', 'WordPress', 'WordPress Multisite', 'jQuery']"
helpyouinsure.net,"Local Insurance Agency | New Bedford, MA | Help-U-Insure",,USA,82,1120,2026-09-13T07:12:59.357568015Z,"['AJAX Libraries API', 'Amazon S3 CDN', 'Angular', 'AutoComplete', 'Better Lead Generation Services', 'CDN JS', 'Cloudflare', 'Cloudflare CDN', 'GZIP Module', 'Google Analytics', 'Google Cloud DNS', 'Google Font API', 'Google Maps', 'Google My Business', 'Google Related Website Sites', 'Google Tag Manager', 'Nginx', 'PHP', 'Storyblocks', 'UTF-8', 'WordPress']"
epmoving.com,EP Moving,,USA,65,89,2026-09-13T06:11:09.707585601Z,"['Alternate Protocol', 'Angular', 'Better Lead Generation Services', 'EmbedPress', 'Facebook Conversion Tracking', 'Facebook Login', 'Facebook Messenger Platform', 'Facebook Pixel', 'Facebook Reseller', 'Facebook Tag API', 'Google Analytics', 'Google Cloud DNS', 'Google Customer Reviews', 'Google Maps', 'Google My Business', 'Google Tag Manager', 'LiteSpeed', 'Microdata for Google Shopping', 'PHP', 'Theme In WP', 'UTF-8', 'WordPress', 'WordPress Multisite']"
homeappraisalsinc.com,"Home Appraisals, Inc. | Residential & Commercial Appraisers",,USA,92,23189,2026-09-13T06:11:09.68878932Z,"['AWS WAF Challenge', 'Alternate Protocol', 'Amazon WAF Blocked', 'Angies List', 'Angular', 'Aruba', 'Cloudflare', 'Content Delivery Network', 'Elementor', 'EmbedPress', 'Genesis Blocks', 'Google Analytics', 'Google Conversion Tracking', 'Google Customer Reviews', 'Google Tag Manager', 'Gravity', 'Gravity Forms', 'Microdata for Google Shopping', 'PHP', 'QUIC', 'Site Kit', 'ThemeFusion', 'UTF-8', 'WP Engine', 'WordPress', 'WordPress Multisite', 'Yelp Badge', 'YouTube', 'eLand', 'jQuery']"
milanamamedova.com,Milana Mamedova,,,57,1320,2026-09-13T06:11:09.685558952Z,"['Adobe Creative Cloud WebFonts', 'Angular', 'Content Delivery Network', 'Fastly', 'Fastly CDN', 'GZIP Module', 'UTF-8']"
mindborn.ee,Mindborn OÜ,,,20,,2026-09-13T06:01:12.709873925Z,"['Angular', 'Bulma', 'GZIP Module', 'Nginx', 'UTF-8', 'Ubuntu', 'jQuery']"
seq.hxa.io,Seq,,,25,144,2026-09-13T06:01:12.694078365Z,"['Angular', 'Nginx', 'Parallels Plesk Panel', 'UTF-8']"
woolhope-pc.gov.uk,Woolhope Parish council,,,70,9369,2026-09-13T06:01:12.684565413Z,"['All-in-One Event Calendar for WordPress', 'Alternate Protocol', 'Angular', 'Apache', 'Atlas Pickup Points', 'AutoComplete', 'Cisco/Arrowpoint Content Service Switch', 'Contact Form Plugin', 'Content Delivery Network', 'EmbedPress', 'GZIP Module', 'GeneratePress Company', 'Google', 'Google Cloud DNS', 'Google Font API', 'Google My Business', 'Google Related Website Sites', 'MailPoet', 'Meta Slider for WordPress', 'PHP', 'Shortcodes Ultimate', 'Theme In WP', 'UTF-8', 'UserWay', 'WordPress', 'WordPress Multisite', 'jQuery']"
allroundgraphics.be,Allroundgraphics.be – Graphics design,,,50,162,2026-09-13T05:37:38.803906029Z,"['Alternate Protocol', 'Angular', 'Cloudflare', 'Elementor', 'EmbedPress', 'Essential Addons for Elementor', 'GZIP Module', 'GeneratePress Company', 'Google', 'Google Cloud CDN', 'Google Cloud DNS', 'Google Font API', 'Header, Footer and Blocks for Elementor', 'Nginx', 'PHP', 'Theme In WP', 'UTF-8', 'WP Statistics', 'WPForms', 'WordPress', 'WordPress Multisite', 'jQuery']"
rectalk.co.uk,"RecTalk - Unbiased, unfiltered, unscripted.",,,57,,2026-09-13T05:24:43.405141476Z,"['Alternate Protocol', 'Angular', 'Apache', 'Cookie Accept', 'Cookie Notice', 'EmbedPress', 'GZIP Module', 'Hotjar', 'Microdata for Google Shopping', 'Sapper', 'The Post Grid', 'UTF-8', 'WordPress', 'WordPress Multisite', 'YouTube', 'jQuery']"
particlesforge.com,Advanced Particle Systems Software for Science and Engineering | particle systems,,,77,17593,2026-09-13T05:01:27.603142396Z,"['AWS WAF Challenge', 'Alternate Protocol', 'Angular', 'Coming Soon Page', 'Google', 'Google Cloud DNS', 'Google Font API', 'Instagram Follow Button', 'Microdata for Google Shopping', 'Perl', 'Thank You', 'Unsplash', 'Zyro']"
infinitypkg.com,Infinity Packaging,690 Church Road,USA,72,16333,2026-09-13T04:49:51.224891034Z,"['AWS WAF Challenge', 'Adobe Creative Cloud WebFonts', 'Alternate Protocol', 'Angular', 'Aruba', 'Express', 'GZIP Module', 'Line2', 'LinkedIn Insights', 'LinkedIn Pixel', 'Microdata for Google Shopping', 'QUIC', 'SiteW', 'Squarespace', 'Tailwind CSS', 'UTF-8', 'WordPress SEO Structured Data Schema Plugin', 'eLand']"
jodimurphy.net,Learn How to Groom Dogs | Jodi Murphy Grooming Products,Jodi Murphy Grooming Products,PHL,77,18068,2026-09-13T04:49:51.190258507Z,"['Adobe Creative Cloud WebFonts', 'Alternate Protocol', 'Angular', 'Apture Linking Platform', 'Aruba', 'Express', 'Facebook Login', 'Facebook Messenger Platform', 'Facebook Pixel', 'Facebook Reseller', 'Facebook Tag API', 'Fireblade', 'FormSubmit', 'GZIP Module', 'Google Analytics', 'Google Cloud DNS', 'Google Font API', 'Google Tag Manager', 'Instagram Follow Button', 'Line2', 'Microdata for Google Shopping', 'NFOrce Internet', 'Newsletter for Wordpress', 'Perl', 'Pico CSS', 'QUIC', 'SiteW', 'Squarespace', 'Thank You', 'UTF-8', 'WordPress SEO Structured Data Schema Plugin', 'YouTube', 'eLand']"
nipt.si,NIPT by GenePlanet,,PHL,55,8160,2026-09-13T04:36:55.514428979Z,"['Adult Content', 'Angular', 'Azure Edge', 'Cloudflare', 'Cloudflare CDN', 'DAV', 'Express', 'Fireblade', 'Google Analytics', 'Google My Business', 'Google Tag Manager', 'Microdata for Google Shopping', 'Microsoft Azure', 'Microsoft Azure Blob Storage', 'Microsoft Azure Verified CDN', 'Perl', 'Thank You', 'UTF-8', 'University or College', 'Visual Studio']"
oemrecycling.com,Oemrecycling,,,60,1700,2026-09-13T04:15:18.414338407Z,"['Alternate Protocol', 'Angular', 'Barchart', 'CDN JS', 'Cloudflare', 'Cloudflare CDN', 'Contact Form Plugin', 'Content Delivery Network', 'Elementor', 'ElementsKit Elementor', 'EmbedPress', 'Header, Footer and Blocks for Elementor', 'Hello Elementor', 'LiteSpeed', 'NFOrce Internet', 'PHP', 'Theme In WP', 'UTF-8', 'WordPress', 'WordPress Multisite', 'jQuery']"
poptexting.com,Pop. Video chat for super friends,,,62,13160,2026-09-13T04:15:18.413472802Z,"['AJAX Libraries API', 'Angular', 'BLR', 'Content Delivery Network', 'Fastly', 'GZIP Module', 'GitHub Hosting', 'Google Analytics', 'Google Cloud DNS', 'Google My Business', 'Google Related Website Sites', 'Tumblr', 'Twitter Ads', 'UTF-8', 'YouTube', 'jQuery']"
enestvedtseeds.com,HOME | enestvedtseedcompany,Enestvedt Seed Company Inc.,,70,87283,2026-09-13T04:15:18.383375616Z,"['Amazon WAF Blocked', 'Angular', 'Apture Linking Platform', 'Content Delivery Network', 'Epic Form Builder', 'Fastly', 'Fastly CDN', 'GZIP Module', 'Microdata for Google Shopping', 'NFOrce Internet', 'POWr', 'PWA', 'QUIC', 'SMC', 'Sentry', 'SiteW', 'UTF-8', 'Vector Internet Services', 'Wix', 'Wix Media', 'eLand', 'mlcom']"
evrosen.com,Evrosen asociace,,CZE,60,3,2026-09-13T04:01:39.971152835Z,"['Angular', 'Apache', 'GZIP Module', 'Google Cloud DNS', 'Google Font API', 'Google Forms', 'Google My Business', 'Instagram Follow Button', 'To Top', 'UTF-8']"
elarko.ee,Elarko OÜ,,,50,318,2026-09-13T03:50:59.984513834Z,"['AJAX Libraries API', 'Angular', 'Apache', 'Bulma', 'CDN JS', 'Cloudflare', 'Cloudflare CDN', 'Express', 'Font Awesome', 'GZIP Module', 'Google', 'Google Analytics', 'Google Cloud DNS', 'Google Font API', 'Google Tag Manager', 'IcoMoon', 'Tailwind CSS', 'UTF-8', 'jQuery']"
deb.news,Deb.News,,CHL,75,146339,2026-09-13T03:29:37.716813173Z,"['AWS WAF Challenge', 'Adult Content', 'Alternate Protocol', 'Amazon CloudFront', 'Amazon WAF Blocked', 'Angular', 'Apache', 'Apture Linking Platform', 'Automattic', 'Azion', 'BLR', 'Cisco/Arrowpoint Content Service Switch', 'CloudFront', 'Corporate Governance and Regulatory Compliance', 'DAV', 'Debian', 'Exa Bytes Network', 'Express', 'Financial Services Guide', 'Fireblade', 'Forgejo', 'FreeBSD', 'GZIP Module', 'GitHub Hosting', 'Google My Business', 'Gravity', 'Liberapay', 'Medium', 'NFOrce Internet', 'Nginx', 'Oracle Cloud', 'PHP', 'Perl', 'Pixabay', 'Python', 'QUIC', 'SMC', 'Tumblr', 'UTF-8', 'University or College', 'Vector Internet Services', 'Vignette OpenText', 'Visual Studio', 'WebAssembly', 'WordPress', 'Yet Another Related Posts Plugin', 'YouTube', 'Zope', 'eLand', 'itch.io']"
mckennaphotography.com,"Asheville North Carolina wedding photography, wedding photographer,McKenna Photography",,CAN,77,87664,2026-09-13T03:29:37.674478279Z,"['AWS WAF Challenge', 'Angular Material', 'Appcues', 'Apture Linking Platform', 'Cloudflare', 'Cloudflare CDN', 'Format', 'Google Cloud DNS', 'Google Font API', 'Google My Business', 'Google Related Website Sites', 'Instagram Follow Button', 'Optimizely Recommendations', 'QUIC', 'Thank You', 'UTF-8', 'University or College', 'reCAPTCHA']"
theecologycentre.ie,The Ecology Centre with Aster Environmental Consultants,The Ecology Centre,,77,4021,2026-09-13T03:16:15.166616666Z,"['Add to Any', 'Adult Content', 'Akismet', 'Alternate Protocol', 'Angular', 'Astra Theme', 'Contact Form Plugin', 'Content Delivery Network', 'EmbedPress', 'Facebook Embedded Posts', 'Google', 'Google Cloud DNS', 'Google Font API', 'Google My Business', 'LiteSpeed', 'Microdata for Google Shopping', 'PHP', 'QUIC', 'Shortcodes Ultimate', 'Theme In WP', 'UTF-8', 'Woo Themes', 'WooCommerce', 'WooCommerce Checkout', 'WordPress', 'WordPress Multisite', 'WordPress Related Posts', 'eLand', 'jQuery', 'reCAPTCHA']"
viennadentist.co,Dentist Vienna | Vienna Cosmetic & Family Dentistry,Vienna Cosmetic & Family Dentistry,,72,144559,2026-09-13T03:16:15.163830275Z,"['123FormBuilder', 'Alternate Protocol', 'Angular', 'CDN JS', 'Cloudflare', 'Cloudflare CDN', 'CoBlocks', 'Contact Form Plugin', 'Content Delivery Network', 'Demandforce', 'Easy Fancybox', 'EmbedPress', 'GoDaddy', 'Google Analytics', 'Google Cloud DNS', 'Google Font API', 'Google My Business', 'Google Recommendations AI', 'Google Related Website Sites', 'Google Tag Manager', 'Jetpack', 'Meta Slider for WordPress', 'Microdata for Google Shopping', 'PHP', 'QUIC', 'Rate my Post', 'Salesforce Experience Cloud', 'Tailwind CSS', 'Theme In WP', 'Twitter Ads', 'UTF-8', 'WP Responsive Menu', 'WordPress', 'WordPress Multisite', 'Yelp Badge', 'YouTube', 'jQuery', 'jQuery Pin It Button for Images', 'reCAPTCHA']"
ygstudios.nl,Your favorite yoga and high intensity classes in Rotterdam | YG Studios,YG Studios,NLD,82,6355,2026-09-13T02:31:52.745642536Z,"['Alternate Protocol', 'Angular', 'Azure Edge', 'Contact Form Plugin', 'EmbedPress', 'Facebook Conversion Tracking', 'Facebook Login', 'Facebook Messenger Platform', 'Facebook Pixel', 'Facebook Reseller', 'Facebook Tag API', 'GZIP Module', 'Google Analytics', 'Google My Business', 'Google Tag Manager', 'Instagram Follow Button', 'MailChimp for WordPress', 'Microdata for Google Shopping', 'Nginx', 'PHP', 'Perl', 'Theme In WP', 'UTF-8', 'WordPress', 'WordPress Multisite', 'YouTube', 'jQuery', 'reCAPTCHA']"
headlinehunter.ai,HeadlineHunter - All-in-One Trend Analytics,,,62,20099,2026-09-13T02:07:15.441162498Z,"['Amazon Link Enchancer', 'Amazon Widgets', 'Angular', 'Font Awesome', 'GZIP Module', 'Instagram Follow Button', 'M247', 'Next.js', 'OpenResty', 'Pleroma', 'Tailwind CSS', 'Twitter Ads', 'UTF-8', 'shadcn ui']"
iracingschool.com,iRacingSchool.com | Unique7 Racing,,,50,30278,2026-09-13T02:07:15.430962598Z,"['AWS WAF Challenge', 'Alternate Protocol', 'Amazon', 'Amazon CloudFront', 'Angular', 'Apture Linking Platform', 'Aruba', 'Cart.com', 'CloudFront', 'GZIP Module', 'Google Cloud DNS', 'Google Font API', 'Google My Business', 'Nginx', 'PHP', 'Stripe', 'UTF-8', 'eLand', 'reCAPTCHA']"
pesco-onlinebill.pk,PESCO Online Bill Check 2026 – View & Download Duplicate Electricity Bill,PESCO Online Bill,PAK,87,34492,2026-09-13T01:43:08.367275875Z,"['AWS WAF Challenge', 'Alternate Protocol', 'Angular', 'CDN JS', 'Cloudflare', 'Cloudflare CDN', 'Cloudflare Web Analytics', 'Contact Form Plugin', 'Content Delivery Network', 'EmbedPress', 'Fireblade', 'Google', 'Google Adsense', 'Google Funding Choices', 'Google Matched Content', 'Google My Business', 'Google Reseller', 'Kadence WP', 'LiteSpeed', 'Microdata for Google Shopping', 'OneSignal', 'PHP', 'Pagekit', 'Perl', 'QUIC', 'Smush Image Optimization', 'Theme In WP', 'Twitter Ads', 'UTF-8', 'WordPress', 'WordPress Multisite', 'jQuery', 'jsDelivr']"
thejointpaindoctor.com,"Acu-Recovery 7200TBT | DrFit365, LLC",,,60,34166,2026-09-13T01:32:04.4473049Z,"['AWS WAF Challenge', 'Alternate Protocol', 'Amazon', 'Amazon CloudFront', 'Amazon S3 CDN', 'Angular', 'Apture Linking Platform', 'Aruba', 'Cart.com', 'CloudFront', 'DAV', 'Doctor.com', 'Express', 'Facebook Conversion Tracking', 'Facebook Login', 'Facebook Messenger Platform', 'Facebook Pixel', 'Facebook Reseller', 'Facebook Tag API', 'GZIP Module', 'GetResponse', 'Google Cloud DNS', 'Google Font API', 'Google My Business', 'Nginx', 'PHP', 'PayPal Adaptive Payments', 'Storyblocks', 'Stripe', 'UTF-8', 'Vimeo', 'YouTube', 'eLand', 'reCAPTCHA', 'uPress', 'vzaar']"
anamajor.com,Ana Major,,,72,15240,2026-09-13T01:32:04.397960499Z,"['AWS WAF Challenge', 'Angular', 'Content Delivery Network', 'Corporate Governance and Regulatory Compliance', 'DAV', 'Instagram Follow Button', 'Next.js', 'Pleroma', 'Tailwind CSS', 'UTF-8', 'Vercel']"
rahma-ayoub.com,Rahma Ayoub – Marketing with Rahma,,,60,659,2026-09-13T01:16:44.594394198Z,"['Alternate Protocol', 'Angular', 'Content Delivery Network', 'Elementor', 'EmbedPress', 'Google Cloud DNS', 'Google Font API', 'IcoMoon', 'Instagram Follow Button', 'LiteSpeed', 'NFOrce Internet', 'PHP', 'QUIC', 'Theme In WP', 'UTF-8', 'Woo Themes', 'WordPress', 'WordPress Multisite', 'jQuery']"
marineworld.in,"Marine World India's Largest Public Aquarium Kerala, India",MarineWorld,IND,77,3465,2026-09-13T01:05:10.481421619Z,"['Alternate Protocol', 'Angular', 'Apache', 'Astra Theme', 'CDN JS', 'Cloudflare', 'Cloudflare CDN', 'Elementor', 'EmbedPress', 'Facebook Customer Chat SDK', 'Facebook Login', 'Facebook Messenger Platform', 'Facebook Reseller', 'Google', 'Google Analytics', 'Google Cloud CDN', 'Google Cloud DNS', 'Google Font API', 'Google Maps', 'Google My Business', 'Google Tag Manager', 'Gtranslate for Wordpress', 'Instagram Feed for WordPress', 'Instagram Follow Button', 'Microdata for Google Shopping', 'NitroPack', 'PHP', 'QUIC', 'Table Addons for Elementor', 'Theme In WP', 'UTF-8', 'WhatsApp Sharing', 'Woo Themes', 'WordPress', 'WordPress Multisite', 'WordPress Related Posts', 'YouTube', 'jQuery']"
primarycareonline.io,GP Surgery Website Design for Healthcare Professionals - Primary Care Online | Primary Care Online,,GBR,72,3259,2026-09-13T01:05:10.449507454Z,"['Angular', 'CDN JS', 'Cloudflare', 'Cloudflare CDN', 'Cloudflare Web Analytics', 'Font Awesome', 'Google', 'Google Analytics', 'Google Cloud DNS', 'Google Font API', 'Google Related Website Sites', 'Google Tag Manager', 'Tailwind CSS', 'Twitter Ads', 'UTF-8', 'YouTube', 'jsDelivr']"
liikuvkodu.ee,Liikuv kodu – Liikuv kodu – Karavani rent,,EST,67,23020,2026-09-13T00:53:55.997366672Z,"['AWS WAF Challenge', 'Alternate Protocol', 'Angular', 'Astra Theme', 'Automattic', 'BatCache', 'Cloudflare', 'Cloudflare CDN', 'EmbedPress', 'Fastly', 'Google', 'Google My Business', 'Gutenberg', 'Instagram Follow Button', 'Jetpack', 'Jetpack Site Accelerator', 'Nginx', 'Oracle Cloud', 'Perl', 'QUIC', 'UTF-8', 'Woo Themes', 'WordPress', 'WordPress Multisite', 'WordPress Related Posts', 'WordPress Stats', 'jQuery']"
keisertools.com,KEISERtools,,OMN,62,31240,2026-09-13T00:53:55.990456142Z,"['AWS WAF Challenge', 'AddThis for Wordpress', 'Angular', 'Cloudflare', 'Cloudflare CDN', 'Cloudflare Web Analytics', 'Express', 'Fireblade', 'Google Analytics', 'Google Cloud DNS', 'Google Font API', 'Google My Business', 'Google Tag Manager', 'Instagram Follow Button', 'QUIC', 'Subversion', 'Tailwind CSS', 'UTF-8', 'YouTube', 'jQuery', 'reCAPTCHA']"
crackrank.in,Crackrank,,,57,12102,2026-09-13T00:43:42.84133289Z,"['AJAX Libraries API', 'Angular', 'Engage', 'Font Awesome', 'GZIP Module', 'Google Analytics', 'Google Cloud DNS', 'Google Font API', 'Google My Business', 'Google Play', 'Google Tag Manager', 'MoEngage', 'Nginx', 'Ntent', 'PWA', 'Perl', 'Pleroma', 'Sign In With Google', 'Tailwind CSS', 'UTF-8', 'jQuery']"
bestgoldrestoration.com,"Fast, Affordable Roofers in Albany, NY | Best Gold Restoration",,USA,72,18566,2026-09-12T23:57:18.486740073Z,"['Angular', 'ArvanCloud', 'Astro', 'Better Lead Generation Services', 'Coming Soon Page', 'Content Delivery Network', 'Fireblade', 'Font Awesome', 'Google Analytics', 'Google Cloud DNS', 'Google Cloud Storage', 'Google My Business', 'Google Tag Manager', 'Instagram Follow Button', 'Investor Relations', 'NFOrce Internet', 'Netlify', 'QUIC', 'Tailwind CSS', 'eLand', 'jsDelivr', 'shadcn ui']"
originalbtc.com.tw,Original BTC - TAIWAN Online SHOP,Original BTC - Taiwan,FLK,77,76922,2026-09-12T23:33:46.517145656Z,"['Alexa Certified Site Metrics', 'Alternate Protocol', 'Amazon', 'Amazon CloudFront', 'Amazon Route 53', 'Amazon WAF Blocked', 'Angular', 'Apture Linking Platform', 'Bing Cashback', 'Bing Conversion Tracking', 'CloudFront', 'Content Delivery Network', 'Criteo', 'Criteo Reseller', 'DoubleClick Bid Manager', 'Express', 'Facebook CDN', 'Facebook Conversion Tracking', 'Facebook Login', 'Facebook Messenger Platform', 'Facebook Pixel', 'Facebook Reseller', 'Facebook Tag API', 'GZIP Module', 'Giphy', 'GitHub Hosting', 'GoDaddy', 'Google', 'Google Analytics', 'Google Cloud DNS', 'Google Conversion Tracking', 'Google Font API', 'Google My Business', 'Google Related Website Sites', 'Google Reseller', 'Google Tag Manager', 'Idaq', 'Instagram Follow Button', 'Iterable', 'MailChimp', 'Microdata for Google Shopping', 'Mouseflow', 'OpenResty', 'QUIC', 'Seflow Italy', 'Sentry', 'Shopify', 'Shopline', 'Sumo', 'Swell Rewards', 'Tailwind CSS', 'UTF-8', 'Yahoo Image CDN', 'iZooto']"
whitedeertw.com,SHOPLINE - Global Smart Commerce Enabler | 14 days free trial | Online,,SGP,67,10758,2026-09-12T23:33:46.515337752Z,"['Adobe Creative Cloud WebFonts', 'Alternate Protocol', 'Amazon', 'Amazon CloudFront', 'Amazon Route 53', 'Angular', 'CloudFront', 'Content Delivery Network', 'Google Analytics', 'Google Cloud DNS', 'Google Font API', 'Google Related Website Sites', 'Google Tag Manager', 'Intercom', 'Microdata for Google Shopping', 'Ruby on Rails', 'Shopline', 'UTF-8']"
hoteldhruvpalace.com,Best Hotel in Trimbakeshwar – Hotel Dhruv Palace,Hotel Dhruv Palace,IND,77,95626,2026-09-12T23:33:46.479908775Z,"['AWS WAF Challenge', 'Alternate Protocol', 'Angular', 'Cart.com', 'Cloudflare', 'Cloudflare CDN', 'DAV', 'Elementor', 'ElementsKit Elementor', 'EmbedPress', 'Google', 'Google Analytics', 'Google My Business', 'Google Related Website Sites', 'Google Tag Manager', 'Instagram Follow Button', 'Metform Elemento', 'Microdata for Google Shopping', 'NFOrce Internet', 'Popup Maker for Wordpress', 'Sapper', 'Site Kit', 'UTF-8', 'WPForms', 'WhatsApp Sharing', 'Woo Themes', 'WooCommerce', 'WooCommerce Checkout', 'WordPress', 'WordPress Multisite', 'jQuery']"
chefsculinar.dk,Hørkram Foodservice – Full-service supplier to the foodservice market,,DNK,72,2362,2026-09-12T23:12:00.660315812Z,"['AJAX Libraries API', 'Alternate Protocol', 'Angular', 'CDN JS', 'Cloudflare', 'Cloudflare CDN', 'Cookie Information', 'Econda', 'Google Analytics', 'Google Cloud DNS', 'Google Font API', 'Google My Business', 'Google Related Website Sites', 'Google Tag Manager', 'IcoMoon', 'Line2', 'PWA', 'QUIC', 'Tailwind CSS', 'UTF-8', 'shadcn ui']"
mrmessaging.net,Home - Mr Messaging,Mr Messaging,,72,18149,2026-09-12T23:12:00.643249998Z,"['Alternate Protocol', 'Angular', 'Apache', 'Calendly', 'CentOS', 'DuracellTomi Google Tag Manager for WordPress', 'EmbedPress', 'Fireblade', 'Foundation', 'Google', 'Google Analytics', 'Google Cloud DNS', 'Google Font API', 'Google Tag Manager', 'IcoMoon', 'Instagram Follow Button', 'Lazy Load for WordPress', 'Microdata for Google Shopping', 'OpenSSL', 'PHP', 'QUIC', 'Tailwind CSS', 'Theme In WP', 'UTF-8', 'WP Super Cache', 'WordPress', 'WordPress Multisite', 'jQuery']"
savernake-pc.org,Home - Savernake Parish Council,,GBR,65,22440,2026-09-12T22:58:05.624496844Z,"['ASP.NET Core', 'Alternate Protocol', 'Angular', 'Facebook Login', 'Facebook Reseller', 'Financial Services Guide', 'Google Analytics', 'Google Cloud DNS', 'Google Font API', 'Google Maps', 'Google Tag Manager', 'Iconz', 'Material Design Icons', 'QUIC', 'StackPath', 'Tailwind CSS', 'UTF-8', 'Unix', 'jQuery', 'jsDelivr']"
leekwoottonandguyscliffeparish.gov.uk,Leek Wootton and Guys Cliffe Parish Council – THE PARISH COUNCIL WEBSITE,,USA,55,1225,2026-09-12T22:48:55.925939557Z,"['Alternate Protocol', 'Angular', 'Apache', 'Ditty News Ticker', 'EmbedPress', 'FreeCSSTemplates', 'GZIP Module', 'Meta Slider for WordPress', 'PHP', 'TablePress', 'Theme In WP', 'Twenty Seventeen', 'UTF-8', 'Vector Internet Services', 'WordPress', 'WordPress Multisite', 'jQuery']"
mesoform.com,Home,,GBR,65,22640,2026-09-12T22:48:55.921829801Z,"['AWS WAF Challenge', 'Alternate Protocol', 'Angular', 'CDN JS', 'Cloudflare', 'Cloudflare CDN', 'GZIP Module', 'Google Analytics', 'Google Cloud DNS', 'Google Font API', 'Google Tag Manager', 'InitiativeS', 'Instagram Follow Button', 'Joomla!', 'LiteSpeed', 'Medium', 'PHP', 'QUIC', 'RM Education', 'RokNavMenu', 'UTF-8']"
baseculinar.se,Your local restaurant wholesaler | Chefs Culinar,,SWE,72,2362,2026-09-12T22:48:55.899342555Z,"['AJAX Libraries API', 'Alternate Protocol', 'Angular', 'CDN JS', 'Cloudflare', 'Cloudflare CDN', 'Cookie Information', 'Econda', 'Google Analytics', 'Google Cloud DNS', 'Google Font API', 'Google My Business', 'Google Related Website Sites', 'Google Tag Manager', 'IcoMoon', 'Instagram Follow Button', 'Line2', 'PWA', 'QUIC', 'Tailwind CSS', 'UTF-8', 'shadcn ui']"
cobourgalliance.ca,Home | Cobourg Alliance Church,,USA,77,2524,2026-09-12T22:48:55.867064552Z,"['Angular', 'Church Center', 'Content Delivery Network', 'Engintron', 'Facebook Conversion Tracking', 'Facebook Customer Chat SDK', 'Facebook Login', 'Facebook Messenger Platform', 'Facebook Pixel', 'Facebook Reseller', 'Facebook Tag API', 'GZIP Module', 'Google Analytics', 'Google Cloud DNS', 'Google Font API', 'Google Tag Manager', 'Instagram Follow Button', 'Nginx', 'Text In Church', 'To Top', 'UTF-8', 'YouTube']"
ccsa.org,Home | CCSA,,,62,11360,2026-09-12T22:36:18.471087408Z,"['Alternate Protocol', 'Angular', 'Cloudflare', 'Google Analytics', 'Google Related Website Sites', 'Google Tag Manager', 'Heroku', 'HubSpot Conversations', 'Hubspot', 'Instagram Follow Button', 'Nationwide Mortgage Licensing System and Registry', 'Next.js', 'Pleroma', 'Styled Components', 'Twitter Ads', 'UTF-8', 'University or College', 'YouTube']"
silvamusic.com.co,SilvaMusicFront,,CRI,55,84,2026-09-12T22:21:50.728365715Z,"['Angular', 'LiteSpeed', 'Pixabay', 'Tailwind CSS', 'Unsplash', 'YouTube']"
superbowlactivationsla.com,LA Event Venues & Filming Locations | Buttercup Venues,Buttercup Venues,USA,77,81792,2026-09-12T21:37:11.491929458Z,"['Adult Content', 'Angular', 'Aruba', 'Express', 'GZIP Module', 'Google Analytics', 'Google Conversion Tracking', 'Google Related Website Sites', 'Google Tag Manager', 'Instagram Follow Button', 'Line2', 'Magento Enterprise', 'Microdata for Google Shopping', 'Neighborhoods', 'Newsletter for Wordpress', 'QUIC', 'SiteW', 'Squarespace', 'UTF-8', 'Vector Internet Services', 'WordPress SEO Structured Data Schema Plugin', 'eLand']"
mathsmart.org,Math Tutoring,,,35,48201,2026-09-12T21:37:11.473737572Z,"['Angular', 'DAV', 'Financial Services Guide', 'GZIP Module', 'Google Analytics', 'Google Cloud DNS', 'Google Font API', 'Google Tag Manager', 'KVH', 'Material-UI', 'Next.js', 'Nginx', 'No-Q', 'O2MC Dimml', 'ON24', 'SMC', 'Subversion', 'UTF-8']"
yoga-bus.de,Yoga BUS · Brahmi Ute Steffens,,DEU,77,4840,2026-09-12T21:13:10.191611635Z,"['Angular', 'Content Delivery Network', 'Fastly', 'GZIP Module', 'GitHub Hosting', 'Google', 'Google Cloud CDN', 'Google Cloud DNS', 'Google Font API', 'Google My Business', 'Instagram Follow Button', 'Next.js', 'Pleroma', 'Tailwind CSS', 'UTF-8', 'shadcn ui']"
bearschristmasremindercollection.com,Bear's Christmas Reminder Collection | Action Aspirations,,GBR,70,94440,2026-09-12T21:03:53.280163451Z,"['AWS WAF Challenge', 'Alternate Protocol', 'Amazon', 'Amazon CloudFront', 'Amazon S3 CDN', 'Angular', 'Apture Linking Platform', 'Aruba', 'Cart.com', 'CloudFront', 'Facebook Conversion Tracking', 'Facebook Login', 'Facebook Messenger Platform', 'Facebook Pixel', 'Facebook Reseller', 'Facebook Tag API', 'GZIP Module', 'Google Analytics', 'Google Cloud DNS', 'Google Font API', 'Google My Business', 'Google Tag Manager', 'Nginx', 'PHP', 'PayPal Adaptive Payments', 'QUIC', 'Storyblocks', 'Stripe', 'UTF-8', 'Vimeo', 'eLand', 'reCAPTCHA']"
rotarycambridge.com,Home Page | Rotary Club of Cambridge Sunrise,,CAN,67,19468,2026-09-12T20:51:04.266190791Z,"['AWS WAF Challenge', 'Angular', 'Apture Linking Platform', 'AutoComplete', 'Bulma', 'Cloudflare', 'Facebook Login', 'Facebook Messenger Platform', 'Facebook Reseller', 'GZIP Module', 'Google', 'Google Analytics', 'Google Maps', 'Google My Business', 'Google Tag Manager', 'IcoMoon', 'Instagram Follow Button', 'Microsoft Application Insights', 'Microsoft Azure Blob Storage', 'Perl', 'YouTube']"
4thdaywisdom.com,Proverbs for Him & Her – A Couples Devotional Guide for Wisdom,,,57,30518,2026-09-12T20:38:50.762190647Z,"['AWS WAF Challenge', 'Alternate Protocol', 'Amazon', 'Amazon CloudFront', 'Amazon S3 CDN', 'Angular', 'Apture Linking Platform', 'Aruba', 'Cart.com', 'CloudFront', 'Facebook Conversion Tracking', 'Facebook Login', 'Facebook Messenger Platform', 'Facebook Pixel', 'Facebook Reseller', 'Facebook Tag API', 'GZIP Module', 'Google Cloud DNS', 'Google Font API', 'Google My Business', 'Nginx', 'PHP', 'Storyblocks', 'Stripe', 'UTF-8', 'eLand', 'reCAPTCHA']"
ghpmovers.ca,"GHP Packers & Movers in Surrey, Delta BC",,CAN,77,40,2026-09-12T20:38:50.75214139Z,"['Angular', 'Google Analytics', 'Google Cloud DNS', 'Google Font API', 'Google Maps', 'Google My Business', 'Google Tag Manager', 'PHP', 'QUIC', 'To Top', 'UTF-8']"
taiwanaucer.tw,Taiwanaucer,AUCER良雅色,,62,78422,2026-09-12T20:12:37.199818527Z,"['Adult Content', 'Alexa Certified Site Metrics', 'Alternate Protocol', 'Amazon', 'Amazon CloudFront', 'Amazon Route 53', 'Amazon WAF Blocked', 'Angular', 'Apture Linking Platform', 'Bing Cashback', 'Bing Conversion Tracking', 'CloudFront', 'Content Delivery Network', 'Criteo', 'Criteo Reseller', 'DoubleClick Bid Manager', 'Express', 'Facebook CDN', 'Facebook Conversion Tracking', 'Facebook Login', 'Facebook Messenger Platform', 'Facebook Pixel', 'Facebook Reseller', 'Facebook Tag API', 'GZIP Module', 'Giphy', 'GitHub Hosting', 'GoDaddy', 'Google', 'Google Analytics', 'Google Cloud DNS', 'Google Conversion Tracking', 'Google Font API', 'Google My Business', 'Google Related Website Sites', 'Google Reseller', 'Google Tag Manager', 'Idaq', 'Instagram Follow Button', 'Iterable', 'MailChimp', 'Microdata for Google Shopping', 'Mouseflow', 'NFOrce Internet', 'OpenResty', 'QUIC', 'Seflow Italy', 'Sentry', 'Shopify', 'Shopline', 'Sumo', 'Swell Rewards', 'Tailwind CSS', 'UTF-8', 'Yahoo Image CDN', 'YouTube', 'iZooto']"
cerakotepro.com,Cerakote.com - Global Leader in Thin-Film Ceramic Coatings | Cerakote,Cerakote,USA,82,36896,2026-09-12T20:01:02.449489959Z,"['AWS WAF Challenge', 'Amazon', 'Amazon CloudFront', 'Amazon Route 53', 'Angular', 'AutoComplete', 'Bulma', 'CloudFront', 'Coming Soon Page', 'Content Delivery Network', 'Facebook Login', 'Facebook Messenger Platform', 'Facebook Reseller', 'Financial Services Guide', 'Fireblade', 'Font Awesome', 'GZIP Module', 'Google', 'Google Analytics', 'Google Cloud DNS', 'Google Font API', 'Google My Business', 'Google Tag Manager', 'IcoMoon', 'Instagram Follow Button', 'Microdata for Google Shopping', 'Nginx', 'PWA', 'QUIC', 'Stripe', 'Subversion', 'Tailwind CSS', 'Twitter Ads', 'UTF-8', 'Umbler', 'YouTube', 'reCAPTCHA']"
themeditativegroomeracademy.com,"The Meditative Groomer Academy | Neurodivergent-friendly grooming education | 3551 Douglas Avenue, Racine, WI, USA",The Meditative Groomer Academy,IMN,87,105213,2026-09-12T19:50:24.839435888Z,"['AWS WAF Challenge', 'Alternate Protocol', 'Amazon WAF Blocked', 'Angular', 'Apture Linking Platform', 'Content Delivery Network', 'DAV', 'Express', 'Fastly', 'Fastly CDN', 'GZIP Module', 'Google Forms', 'Google My Business', 'Google Related Website Sites', 'Instagram Follow Button', 'Linktree', 'Microdata for Google Shopping', 'NFOrce Internet', 'PWA', 'Perl', 'QUIC', 'SMC', 'Seflow Italy', 'Sentry', 'SiteW', 'Sitelinks Search Box', 'Thank You', 'UTF-8', 'Vector Internet Services', 'WP Booking Calendar', 'Wix', 'Wix Media', 'YouTube', 'eLand', 'mlcom']"
undergrounddrillingllc.com,Horizontal Directional Drilling Contractor | NC & Southeast | Underground Drilling LLC,"Underground Drilling, LLC",USA,82,3930,2026-09-12T19:50:24.777652481Z,"['Alternate Protocol', 'Angular', 'Astra Theme', 'EmbedPress', 'GZIP Module', 'GenerateBlocks', 'Google', 'Google Analytics', 'Google Cloud DNS', 'Google Font API', 'Google Related Website Sites', 'Google Tag Manager', 'LiteSpeed', 'Microdata for Google Shopping', 'Ntent', 'QUIC', 'TrustIndex', 'UTF-8', 'WordPress', 'WordPress Multisite', 'YouTube']"
gaviel.co,Gaviel.co/tr/,,,37,63,2026-09-12T19:26:41.683117658Z,"['Angular', 'Apache', 'Express', 'Facebook Login', 'Facebook Messenger Platform', 'Facebook Pixel', 'Facebook Reseller', 'Google', 'Google Analytics', 'Google Cloud DNS', 'Google Font API', 'Google Tag Manager', 'Instagram Follow Button', 'UTF-8', 'YouTube']"
northhaul.com,NorthHaul Bulk Division,,USA,60,60,2026-09-12T19:11:44.102711601Z,"['Angular', 'Angular Material', 'Express', 'GZIP Module', 'Google', 'Google Cloud CDN', 'Nginx', 'Tailwind CSS', 'UTF-8', 'Ubuntu']"
wisehiring.com,WiseHiring – Just another WordPress site,,,50,,2026-09-12T18:50:08.598529219Z,"['Alternate Protocol', 'Angular', 'Apache', 'Contact Form Plugin', 'EmbedPress', 'GZIP Module', 'Instagram Follow Button', 'PHP', 'Theme In WP', 'Woo Themes', 'WooCommerce', 'WooCommerce Checkout', 'WordPress', 'WordPress Multisite', 'jQuery']"
studentdevlopmentcenter.in,Student Development Centre,,,52,12102,2026-09-12T18:38:09.992348404Z,"['AJAX Libraries API', 'Angular', 'CDN JS', 'Cloudflare', 'Cloudflare CDN', 'Engage', 'Font Awesome', 'GZIP Module', 'Google Cloud DNS', 'Google Font API', 'Google My Business', 'Google Play', 'Google Tag Manager', 'MoEngage', 'Nginx', 'PWA', 'Perl', 'Pleroma', 'Sign In With Google', 'Tailwind CSS', 'UTF-8', 'jQuery', 'jsDelivr']"
pcboss.co,Transform Your Business with Expert IT Solutions | PC Boss,,,77,32923,2026-09-12T18:24:26.562466984Z,"['AWS WAF Challenge', 'Alternate Protocol', 'Angular', 'Better Lead Generation Services', 'Coming Soon Page', 'Express', 'Fireblade', 'Google', 'Google Adsense', 'Google Cloud DNS', 'Google Font API', 'Google My Business', 'InitiativeS', 'Microdata for Google Shopping', 'No-Q', 'Perl', 'Pexels', 'QUIC', 'Thank You', 'University or College', 'Unsplash', 'Zyro']"
dmhindustrialelectric.com,"DMH Industrial Electric, Inc.",,,52,3,2026-09-12T18:24:26.552383133Z,"['Angular', 'Apache', 'GZIP Module', 'Google Analytics', 'Google Cloud DNS', 'Google Font API', 'Google Maps', 'Google My Business', 'To Top']"
talessma.com,Home Sport - TALESSMA INTERNATIONAL PVT LTD,TALESSMA INTERNATIONAL PVT LTD,USA,77,19326,2026-09-12T18:24:26.538831457Z,"['AWS WAF Challenge', 'Alternate Protocol', 'Angular', 'ClickOn', 'Cloudflare', 'Cloudflare CDN', 'Contact Form Plugin', 'Elementor', 'EmbedPress', 'Google', 'Google Analytics', 'Google Cloud DNS', 'Google Font API', 'Google My Business', 'Google Tag Manager', 'LiteSpeed', 'Microdata for Google Shopping', 'NFOrce Internet', 'PHP', 'QUIC', 'Telegram', 'Theme In WP', 'UTF-8', 'Woo Themes', 'WooCommerce', 'WooCommerce Checkout', 'WooFramework', 'WordPress', 'WordPress Multisite', 'XTemos Studio', 'YouTube', 'jQuery']"
essodelimo.no,Nettbutikk | Esso Deli de Luca,,NOR,62,17832,2026-09-12T18:03:14.077332052Z,"['3 Products', 'Adult Content', 'Alternate Protocol', 'Amazon WAF Blocked', 'Angular', 'Angular Material', 'Apture Linking Platform', 'CDN JS', 'Cloudflare', 'Cloudflare CDN', 'Express', 'Fireblade', 'GZIP Module', 'Google', 'Google Cloud CDN', 'Google Cloud DNS', 'Google Font API', 'Line2', 'Nginx', 'Parcel', 'Perl', 'QUIC', 'Share Link', 'Tailwind CSS', 'Thank You', 'UTF-8', 'eLand']"
dolittle.nu,Home | Akita Software AB,,SWE,62,94832,2026-09-12T18:03:14.076792198Z,"['3 Products', 'Adult Content', 'Alternate Protocol', 'Amazon WAF Blocked', 'Angular', 'Angular Material', 'Apture Linking Platform', 'CDN JS', 'Cloudflare', 'Cloudflare CDN', 'DAV', 'Express', 'Financial Services Guide', 'Fireblade', 'GZIP Module', 'Google', 'Google Cloud CDN', 'Google Cloud DNS', 'Google Font API', 'Instagram Follow Button', 'K2F', 'Line2', 'Nginx', 'Parcel', 'Perl', 'QUIC', 'SMC', 'Share Link', 'Silicon Valley Web Hosting', 'Subversion', 'Tailwind CSS', 'Thank You', 'UTF-8']"
inspirecounselingcenter.com,Home Page - Inspire,Inspire Counseling Center,GBR,70,49979,2026-09-12T18:03:14.055944499Z,"['AWS WAF Challenge', 'Alternate Protocol', 'Angular', 'Cloudflare', 'Cloudflare CDN', 'CoBlocks', 'Contact Form Plugin', 'Content Delivery Network', 'EmbedPress', 'Genesis Blocks', 'GoDaddy', 'Google', 'Google Analytics', 'Google My Business', 'Google Related Website Sites', 'Google Tag Manager', 'Gutenberg', 'Instagram Follow Button', 'MailMunch', 'Microdata for Google Shopping', 'Monster', 'MonsterInsights', 'OptinMonster', 'PHP', 'RM Education', 'Simple Social Icons', 'Site Kit', 'Sucuri Cloudproxy', 'ThemeFusion', 'UTF-8', 'Wangsu', 'WordPress', 'WordPress Multisite', 'jQuery']"
nineboards.com,Nine Boards - Consulting | IT Services | Digital Transformation,NINE BOARDS,USA,82,22134,2026-09-12T18:03:14.044899148Z,"['Alternate Protocol', 'Angular', 'Cloudflare', 'Contact Form Plugin', 'Content Delivery Network', 'Corporate Governance and Regulatory Compliance', 'EmbedPress', 'Font Awesome', 'GoDaddy', 'Google Analytics', 'Google Cloud DNS', 'Google Font API', 'Google My Business', 'Google Tag Manager', 'Ninetheme', 'Ninja Forms', 'OpenSSL', 'PHP', 'Perl', 'Theme In WP', 'Twitter Ads', 'UTF-8', 'UberMenu', 'Unix', 'Vector Internet Services', 'Wangsu', 'Woo Themes', 'WooCommerce Checkout', 'WordPress', 'WordPress Multisite', 'YouTube', 'jQuery', 'reCAPTCHA']"
wellspringoflight.com,Wellspring of Light,,,77,101069,2026-09-12T17:47:30.385740494Z,"['Angular', 'Aruba', 'Contento', 'Express', 'FormSubmit', 'GZIP Module', 'Instagram Follow Button', 'Line2', 'Magento Enterprise', 'Microdata for Google Shopping', 'QUIC', 'SiteW', 'Squarespace', 'UTF-8', 'WordPress SEO Structured Data Schema Plugin', 'eLand']"
analysisswim.com,Analysis Swim,,SGP,67,11059,2026-09-12T17:37:22.347115595Z,"['ADFOX', 'Angular', 'Apache', 'Bulma', 'Coming Soon Page', 'GZIP Module', 'Google', 'Google Analytics', 'Google Cloud CDN', 'Google Cloud DNS', 'Google Font API', 'Google Tag Manager', 'Instagram Follow Button', 'PWA', 'QUIC', 'Site.pro', 'Tailwind CSS', 'Twitter Ads', 'UTF-8', 'Yandex Hosting', 'Yandex Metrika', 'YouTube', 'jsDelivr']"
thelashingatlanta.com,The Lashing Atl,,,55,8502,2026-09-12T17:37:22.307788455Z,"['AWS WAF Challenge', 'Alternate Protocol', 'Amazon WAF Blocked', 'Angular', 'Authorize.net', 'CDN JS', 'Cloudflare', 'Cloudflare CDN', 'Cloudflare Web Analytics', 'Content Delivery Network', 'DAV', 'Fireblade', 'Font Awesome', 'Google', 'Google Analytics', 'Google Cloud CDN', 'Google Cloud DNS', 'Google Cloud Storage', 'Google Font API', 'Google My Business', 'Google Tag Manager', 'Nuxt.js', 'StackPath', 'Tailwind CSS', 'UTF-8', 'University or College', 'jsDelivr']"
gsex.com.tw,KCWINWIN 官方網站,KCWINWIN,,72,78662,2026-09-12T17:06:07.569859928Z,"['Alexa Certified Site Metrics', 'Alternate Protocol', 'Amazon', 'Amazon CloudFront', 'Amazon Route 53', 'Amazon WAF Blocked', 'Angular', 'Apture Linking Platform', 'Bing Cashback', 'Bing Conversion Tracking', 'CloudFront', 'Content Delivery Network', 'Criteo', 'Criteo Reseller', 'DoubleClick Bid Manager', 'Express', 'Facebook CDN', 'Facebook Reseller', 'GZIP Module', 'Giphy', 'GitHub Hosting', 'GoDaddy', 'Google', 'Google Analytics', 'Google Cloud DNS', 'Google Font API', 'Google My Business', 'Google Related Website Sites', 'Google Reseller', 'Google Tag Manager', 'Idaq', 'Iterable', 'MailChimp', 'Microdata for Google Shopping', 'Mouseflow', 'NFOrce Internet', 'Ntent', 'OpenResty', 'QUIC', 'Seflow Italy', 'Sentry', 'Shopify', 'Shopline', 'Sumo', 'Swell Rewards', 'Tailwind CSS', 'UTF-8', 'Vimeo', 'Yahoo Image CDN', 'YouTube', 'iZooto']"
stellarmultitech.com.au,Home - Stellar Multitech Focus Keyphrase,,SYC,55,3000,2026-09-12T16:41:44.448462607Z,"['Angular', 'Apache', 'GZIP Module', 'QUIC', 'Wangsu']"
allhandyservice.com,"San Dimas Handyman, All Handyman Service Co. | Free Estimates For Our Professional Handyman Services",,MEX,92,19962,2026-09-12T16:41:44.428617607Z,"['Alternate Protocol', 'Amazon WAF Blocked', 'Angular', 'Anti-spam for WordPress', 'Apture Linking Platform', 'CleanTalk Spam Protect', 'Cloudflare', 'Content Delivery Network', 'Elementor', 'Elfsight', 'EmbedPress', 'Fireblade', 'Google Analytics', 'Google Maps', 'Google My Business', 'Google Tag Manager', 'Hello Elementor', 'Instagram Follow Button', 'Marketing Pro', 'Microdata for Google Shopping', 'NFOrce Internet', 'PHP', 'QUIC', 'RankMath', 'Sitelinks Search Box', 'UTF-8', 'WP Rocket', 'WordPress', 'WordPress Multisite', 'Yelp Badge', 'jQuery']"
anandamohancollege.ac.in,Home - Ananda Mohan College,Ananda Mohan College,IND,82,34848,2026-09-12T16:41:44.427742427Z,"['Alternate Protocol', 'Angular', 'Apache', 'CDN JS', 'Cloudflare', 'Cloudflare CDN', 'Contact Form Plugin', 'EmbedPress', 'FreeCSSTemplates', 'GZIP Module', 'Google', 'Google Analytics', 'Google Cloud DNS', 'Google Font API', 'Google My Business', 'Google Related Website Sites', 'Google Tag Manager', 'Microdata for Google Shopping', 'NFOrce Internet', 'PHP', 'QUIC', 'Slider Revolution', 'Thank You', 'The Fresh', 'Theme In WP', 'UTF-8', 'Ubuntu', 'University or College', 'WPBakery', 'WPS Visitor Counter Plugin', 'Woo Themes', 'WordPress', 'WordPress Multisite', 'jQuery']"
itinsides.com,Best Digital Marketing and Web Design Company in Vadodara | IT Insides,Jaykishan Lal,IND,77,8844,2026-09-12T16:41:44.427450227Z,"['Alternate Protocol', 'Angular', 'Better Lead Generation Services', 'Contact Form Plugin', 'Elementor', 'EmbedPress', 'Essential Addons for Elementor', 'Ethy', 'Google Analytics', 'Google Related Website Sites', 'Google Tag Manager', 'Header, Footer and Blocks for Elementor', 'Hello Elementor', 'Instagram Follow Button', 'Investor Relations', 'LiteSpeed', 'Microdata for Google Shopping', 'NFOrce Internet', 'PHP', 'Popup Maker for Wordpress', 'QUIC', 'Royal Elementor Addons', 'Sitelinks Search Box', 'Table Addons for Elementor', 'Thank You', 'Theme In WP', 'UTF-8', 'Vector Internet Services', 'WordPress', 'WordPress Multisite', 'jQuery']"
broomfieldfish.org,Home - Broomfield FISH,,,75,16346,2026-09-12T16:41:44.423722148Z,"['Alternate Protocol', 'Angular', 'CoBlocks', 'Content Delivery Network', 'Divi', 'Elegant Themes', 'EmbedPress', 'GZIP Module', 'GoDaddy', 'Google Analytics', 'Google Cloud DNS', 'Google Font API', 'Google Forms', 'Google My Business', 'Google Tag Manager', 'Instagram Follow Button', 'Microdata for Google Shopping', 'MonsterInsights', 'PHP', 'Sucuri Cloudproxy', 'Theme In WP', 'UTF-8', 'Wangsu', 'Woo Themes', 'WordPress', 'WordPress Multisite', 'YouTube', 'jQuery']"
primealeteannarbor.com,PRIMEALETE CANTON,,USA,57,3,2026-09-12T16:31:03.846451034Z,"['Angular', 'Apache', 'GZIP Module', 'Google Cloud DNS', 'Google Font API', 'Google Related Website Sites', 'Instagram Follow Button', 'To Top', 'UTF-8']"
theco19project.com,"The Co 19 Project – A collection of stories, videos, letters, images from around the world in unprecedented times.",,USA,65,106450,2026-09-12T16:31:03.820355435Z,"['AWS WAF Challenge', 'Alternate Protocol', 'Angular', 'Apache', 'Automattic', 'Cisco/Arrowpoint Content Service Switch', 'Cloudflare', 'Cloudflare CDN', 'DAV', 'EmbedPress', 'Express', 'Facebook Embedded Posts', 'GZIP Module', 'Google', 'Google Cloud DNS', 'Google Font API', 'Google My Business', 'Instagram Follow Button', 'Investor Relations', 'Jetpack', 'Oddle', 'PHP', 'Prospective', 'QUIC', 'Say what', 'Share Link', 'Thank You', 'The Fresh', 'Theme In WP', 'Twitter Ads', 'UTF-8', 'University or College', 'Vector Internet Services', 'Vignette OpenText', 'Vimeo', 'Woo Themes', 'WordPress', 'WordPress Multisite', 'YouTube', 'eLand', 'jQuery']"
ayleeconsultingllc.net,Aylee Consulting LLC,,USA,65,16786,2026-09-12T15:30:26.276364812Z,"['AWS WAF Challenge', 'Alternate Protocol', 'Angular', 'Contact Form Plugin', 'EmbedPress', 'FreeCSSTemplates', 'GZIP Module', 'Google Cloud DNS', 'Google Font API', 'Google My Business', 'Jetpack', 'Nginx', 'PHP', 'SiteW', 'Telegram', 'Theme In WP', 'UTF-8', 'Woo Themes', 'WooCommerce', 'WooCommerce Checkout', 'WordPress', 'WordPress Multisite', 'WordPress Stats', 'jQuery', 'reCAPTCHA']"
tgnradiobroadcasting.com,"After All, its About Music Variety – TGN Rolls 365 24/7",,,50,159,2026-09-12T15:20:56.453584167Z,"['Alternate Protocol', 'Angular', 'Apache', 'EmbedPress', 'Google Cloud DNS', 'Google Font API', 'Google Related Website Sites', 'IcoMoon', 'Instagram Follow Button', 'PHP', 'Thank You', 'Theme In WP', 'Twitter Ads', 'UTF-8', 'WordPress', 'WordPress Multisite', 'jQuery']"
celebrationchurchla.com,Celebration Church | Church serving Livingston Parish Area,,,67,1912,2026-09-12T15:11:08.436279547Z,"['Angular', 'Content Delivery Network', 'Engintron', 'GZIP Module', 'Google Analytics', 'Google Cloud DNS', 'Google Font API', 'Google Maps', 'Google My Business', 'Nginx', 'Oddle', 'Text In Church', 'To Top', 'UTF-8']"
wirelesstourguide.com,"Tour Guide Systems, Radio Rentals & Training Headsets | Implecho",Implecho,USA,77,35438,2026-09-12T14:58:48.671054694Z,"['Alternate Protocol', 'Angular', 'CallRail', 'Cloudflare', 'Cloudflare CDN', 'Content Delivery Network', 'Fastly', 'Fireblade', 'FormSubmit', 'Google Analytics', 'Google Related Website Sites', 'Google Tag Manager', 'Hubspot Knowledge Base', 'Lead Forensics', 'Lucky Orange', 'Microdata for Google Shopping', 'QUIC', 'Twitter Ads', 'UTF-8', 'University or College', 'YouTube']"
umuly.com,Umuly Software,,,67,11548,2026-09-12T14:50:21.82059128Z,"['Angular', 'Cloudflare', 'Cloudflare CDN', 'Crisp', 'ETranslate', 'FreeCSSTemplates', 'Google Analytics', 'Google Cloud DNS', 'Google Font API', 'Google Tag Manager', 'IcoMoon', 'Microsoft Azure', 'Microsoft IIS', 'Ntent', 'Tailwind CSS', 'UTF-8', 'Vector Internet Services', 'YouTube']"
themodernenglishhighschool.com,www.themodernenglishhighschool.com,,IND,55,21563,2026-09-12T14:25:22.595192418Z,"['Angular', 'Apache', 'Apture Linking Platform', 'ClickOn', 'Express', 'GZIP Module', 'GetResponse', 'GitHub Hosting', 'Google', 'Google Cloud CDN', 'Google Cloud DNS', 'Google Font API', 'Google My Business', 'Google Recommendations AI', 'Google Related Website Sites', 'Instagram Follow Button', 'Microdata for Google Shopping', 'NFOrce Internet', 'Ntent', 'SMC', 'Sapper', 'Schema Plugin', 'Subversion', 'UTF-8', 'YouTube']"
thechimneysweepers.com,Fireplaces Paris | Home | Paris Stove Works and the Chimney Sweepers,,FRA,82,116328,2026-09-12T14:25:22.563141931Z,"['Amazon WAF Blocked', 'Angular', 'Apture Linking Platform', 'Content Delivery Network', 'Express', 'Fastly', 'Fastly CDN', 'GZIP Module', 'Google Related Website Sites', 'K2F', 'Microdata for Google Shopping', 'NFOrce Internet', 'PWA', 'Perl', 'QUIC', 'SMC', 'Seflow Italy', 'Sentry', 'SiteW', 'Subversion', 'UTF-8', 'Vector Internet Services', 'Wix', 'Wix Media', 'Yellow Pages Canada', 'eLand', 'mlcom']"
treelingua.at,Tree Lingua,,,25,3,2026-09-12T14:02:59.762720466Z,"['Angular', 'Google Cloud DNS', 'Google Font API', 'UTF-8']"
virginiahomeimprovementsinc.com,"Remodeling, Roofing, Siding, Replacement Windows & Doors | Richmond, VA",,USA,77,548,2026-09-12T14:02:59.744133373Z,"['AJAX Libraries API', 'Amazon S3 CDN', 'Angular', 'AutoComplete', 'EmbedPress', 'Font Awesome', 'GZIP Module', 'Google Analytics', 'Google Cloud DNS', 'Google Font API', 'Google Maps', 'Google My Business', 'Google Tag Manager', 'Nginx', 'PHP', 'Storyblocks', 'UTF-8', 'WordPress']"
midcad.org,Midland Central Appraisal District – Official Site,,,70,21857,2026-09-12T13:53:25.712739028Z,"['Alternate Protocol', 'Angular', 'Automattic', 'BatCache', 'Content Delivery Network', 'Dynamic Visibility for Elementor', 'Elementor', 'Elementor Custom Skin', 'EmbedPress', 'Essential Addons for Elementor', 'Fastly', 'Fireblade', 'Google Analytics', 'Google Cloud DNS', 'Google Font API', 'Google Maps', 'Google My Business', 'Google Tag Manager', 'Gtranslate for Wordpress', 'Hello Elementor', 'Jetpack', 'Kinsta', 'NFOrce Internet', 'Nginx', 'PHP', 'QUIC', 'Site Kit', 'Table Addons for Elementor', 'Theme In WP', 'UTF-8', 'University or College', 'WordPress', 'WordPress Multisite', 'WordPress Stats', 'jQuery']"
hireminibusaberdeen.co.uk,Minibus Hire & Coach Hire in Aberdeen - From £49 - 01224 390 438,,GBR,65,23911,2026-09-12T13:53:25.710853888Z,"['AJAX Libraries API', 'Alternate Protocol', 'Angular', 'Apache', 'Apture Linking Platform', 'Better Lead Generation Services', 'CDN JS', 'Cloudflare', 'Cloudflare CDN', 'Cloudflare Web Analytics', 'DAV', 'Express', 'Fingerprint Pro', 'Fireblade', 'Font Awesome', 'GetResponse', 'GitHub Hosting', 'Google', 'Google Analytics', 'Google Cloud CDN', 'Google Cloud DNS', 'Google Flights Conversion Tracking', 'Google Font API', 'Google Maps', 'Google My Business', 'Google Tag Manager', 'Hotjar', 'Instagram Follow Button', 'Iubenda', 'LiteSpeed', 'NFOrce Internet', 'PHP', 'Tailwind CSS', 'Tawk', 'Theme In WP', 'Twitter Ads', 'UTF-8', 'University or College', 'WordPress', 'WordPress Multisite']"
herlevpay.dk,Home - HerlevPay,,DNK,67,3940,2026-09-12T13:53:25.690625742Z,"['Angular', 'Better Lead Generation Services', 'GZIP Module', 'Microsoft Azure', 'Microsoft Azure Blob Storage', 'Microsoft IIS', 'QUIC', 'Tailwind CSS', 'UTF-8', 'Visual Studio']"
aernadi.com,Breathe – Align – Elevate,,,45,,2026-09-12T13:53:25.690418941Z,"['Alternate Protocol', 'Angular', 'Content Delivery Network', 'EmbedPress', 'Google Analytics', 'Google Tag Manager', 'Instagram Follow Button', 'LiteSpeed', 'PHP', 'Theme In WP', 'Twenty Seventeen', 'UTF-8', 'WordPress', 'WordPress Multisite', 'jQuery']"
1stcsrvc.com,Appliance Washer Dryer Range refrigerator Repair Near Me Same Day | BNPL Appliance Rental & Sales | www.1stcsrvc.com,1st Class Services,USA,82,928,2026-09-12T13:53:25.689773739Z,"['Angular', 'Apache', 'BirdSeed', 'DAV', 'GZIP Module', 'Google Analytics', 'Google Cloud DNS', 'Google Conversion Tracking', 'Google Font API', 'Google Tag Manager', 'Microdata for Google Shopping', 'PHP', 'Perl', 'QUIC', 'To Top', 'UTF-8']"
enoscentsuman.in,Enoscent Suman,,,57,12102,2026-09-12T13:39:42.407796125Z,"['AJAX Libraries API', 'Angular', 'Engage', 'Font Awesome', 'GZIP Module', 'Google Cloud DNS', 'Google Font API', 'Google My Business', 'Google Play', 'Google Tag Manager', 'MoEngage', 'Nginx', 'PWA', 'Perl', 'Pleroma', 'Sign In With Google', 'Tailwind CSS', 'UTF-8', 'jQuery']"
alligatorhunting.net,Alligator Hunting | Gator Hunting | Alligator Hunting Equipment,Alligator Hunting,USA,77,49,2026-09-12T13:30:47.162614995Z,"['Alternate Protocol', 'Angular', 'Apache', 'Apture Linking Platform', 'EmbedPress', 'Facebook Login', 'Facebook Messenger Platform', 'Facebook Reseller', 'GZIP Module', 'Google Adsense', 'Google Funding Choices', 'Google Matched Content', 'Google Reseller', 'Microdata for Google Shopping', 'PHP', 'Theme In WP', 'Twenty Fifteen', 'Twitter Ads', 'UTF-8', 'WordPress', 'WordPress Multisite', 'eLand', 'jQuery']"
designpulsehub.com,UI UX Design Training – DesignPulse Innovation Hub,,GHA,77,34778,2026-09-12T13:18:01.506390461Z,"['AWS WAF Challenge', 'Alternate Protocol', 'Amazon WAF Blocked', 'Angular', 'Apture Linking Platform', 'Coming Soon Page', 'Complianz', 'Contact Form Plugin', 'Edubin Theme', 'Elementor', 'EmbedPress', 'Fireblade', 'Google Analytics', 'Google Cloud DNS', 'Google Font API', 'Google My Business', 'Google Related Website Sites', 'Google Tag Manager', 'Gravity', 'IcoMoon', 'Instagram Follow Button', 'LearnPress', 'MailChimp for WordPress', 'Microdata for Google Shopping', 'NFOrce Internet', 'PHP', 'Schema Plugin', 'Site Kit', 'Sitelinks Search Box', 'Thank You', 'Theme In WP', 'Twitter Ads', 'UTF-8', 'Woo Themes', 'WooCommerce', 'WooCommerce Checkout', 'WordPress', 'WordPress Multisite', 'YouTube', 'jQuery', 'reCAPTCHA']"
abhimaanias.com,Welcome In Abhimaan,,,47,12102,2026-09-12T13:05:09.360566021Z,"['AJAX Libraries API', 'Angular', 'Engage', 'Font Awesome', 'GZIP Module', 'Google Cloud DNS', 'Google Font API', 'Google My Business', 'Google Play', 'Google Tag Manager', 'MoEngage', 'Nginx', 'PWA', 'Perl', 'Pleroma', 'Sign In With Google', 'Tailwind CSS', 'UTF-8', 'jQuery']"
totalmobile.com,Field Service Management Software | Totalmobile,,GBR,77,85267,2026-09-12T12:42:23.352485962Z,"['AWS WAF Challenge', 'Adult Content', 'Alternate Protocol', 'Angular', 'Animate It', 'Apture Linking Platform', 'Bing Cashback', 'Bing Conversion Tracking', 'ClickCease', 'Cloudflare', 'Content Delivery Network', 'CookieYes', 'CrazyEgg', 'DAV', 'DoubleClick Bid Manager', 'EmbedPress', 'Fireblade', 'Font Awesome', 'FreeCSSTemplates', 'Google', 'Google Analytics', 'Google Cloud CDN', 'Google Cloud DNS', 'Google Font API', 'Google Maps', 'Google Matched Content', 'Google My Business', 'Google Reseller', 'Google Tag Manager', 'Gravity', 'Gravity Forms', 'Hubspot', 'IcoMoon', 'Intercom', 'Line2', 'LinkedIn Pixel', 'Menu Icons by ThemeIsle', 'Microsoft Clarity', 'Nectar Slide Plugin', 'NitroPack', 'PHP', 'Pardot', 'QUIC', 'Say what', 'Slider Revolution', 'Stripe', 'Structured Content for WordPress', 'TablePress', 'Tailwind CSS', 'Theme In WP', 'UTF-8', 'Vimeo', 'WPBakery', 'WordPress', 'WordPress Multisite', 'YouTube', 'jQuery']"
calmingaura.net,Calming Aura Studios,,,55,26653,2026-09-12T12:06:46.793826926Z,"['Angular', 'Apache', 'App Store', 'Apture Linking Platform', 'ClickOn', 'Express', 'GZIP Module', 'GetResponse', 'GitHub Hosting', 'Google', 'Google Cloud CDN', 'Google Cloud DNS', 'Google Font API', 'Google My Business', 'Google Play', 'Google Recommendations AI', 'Google Related Website Sites', 'K2F', 'Microdata for Google Shopping', 'NFOrce Internet', 'Ntent', 'Plausible Analytics', 'SMC', 'Sapper', 'Schema Plugin', 'Subversion', 'UTF-8']"
votaseals.com,Vota Seals,,USA,70,2428,2026-09-12T11:47:59.313336674Z,"['AJAX Libraries API', 'Angular', 'Apache', 'Federal Deposit Insurance Corporation', 'Google Analytics', 'Google Cloud DNS', 'Google My Business', 'Google Related Website Sites', 'Google Tag Manager', 'IcoMoon', 'OpenSSL', 'PHP', 'QUIC', 'UTF-8', 'reCAPTCHA']"
picopreto.com,Pico Preto IT Services and Business Consulting | IT and Business consulting company in Euorpe,,,55,441,2026-09-12T11:47:59.287092012Z,"['AWS WAF Challenge', 'Alternate Protocol', 'Angular', 'Cloudflare', 'Cloudflare CDN', 'Divi', 'Elegant Themes', 'EmbedPress', 'Google', 'Google Analytics', 'Google Cloud DNS', 'Google Font API', 'Google My Business', 'Google Tag Manager', 'Gtranslate for Wordpress', 'Jetpack', 'Kitco', 'PHP', 'Site Kit', 'SiteGround Optimizer', 'Tawk', 'Theme In WP', 'UTF-8', 'Woo Themes', 'WooCommerce', 'WooCommerce Checkout', 'WordPress', 'WordPress Multisite', 'WordPress Stats', 'eLand', 'jQuery']"
learnopenxr.org,OpenXR - High-performance access to AR and VR —collectively known as XR— platforms and devices,,USA,77,25875,2026-09-12T11:47:59.285781668Z,"['Alibaba Cloud CDN', 'Alternate Protocol', 'Amazon', 'Angular', 'Apache', 'Bulma', 'CDN JS', 'Cloudflare', 'Cloudflare CDN', 'Corporate Governance and Regulatory Compliance', 'DAV', 'Disqus Comment System for WordPress', 'DoubleClick Bid Manager', 'ElementUI', 'Express', 'Fireblade', 'Font Awesome', 'GZIP Module', 'GitHub Hosting', 'Google', 'Google Analytics', 'Google Cloud DNS', 'Google Custom Search', 'Google Font API', 'Google My Business', 'Google Tag Manager', 'Harbor', 'IcoMoon', 'Microdata for Google Shopping', 'Ntent', 'QUIC', 'Schema Plugin', 'Storyblocks', 'Tailwind CSS', 'Twitter Ads', 'UTF-8', 'Underscores', 'Vector Internet Services', 'YouTube', 'jsDelivr']"
sanantoniocommercialappraiser.com,Commercial Real Estate Appraisers in San Antonio [Free Quote],,ZAF,92,22428,2026-09-12T11:34:16.630757111Z,"['Alternate Protocol', 'Angular', 'CDN JS', 'Cloudflare', 'Cloudflare CDN', 'Content Delivery Network', 'DAV', 'EmbedPress', 'Facebook Conversion Tracking', 'Facebook Login', 'Facebook Messenger Platform', 'Facebook Pixel', 'Facebook Reseller', 'Facebook Tag API', 'Font Awesome', 'Google Cloud DNS', 'Google Font API', 'Google My Business', 'Instagram Follow Button', 'Microdata for Google Shopping', 'Parcel', 'Prospective', 'QUIC', 'UTF-8', 'University or College', 'Vimeo', 'Wangsu', 'WordPress', 'WordPress Multisite']"
functionexpert.com,"Serverless API, AI Integration & Cloud Solutions | functionExpert",,,67,5457,2026-09-12T11:34:16.608090384Z,"['Amazon', 'Amazon CloudFront', 'Amazon Route 53', 'Amazon S3 CDN', 'Angular', 'Apture Linking Platform', 'Better Lead Generation Services', 'CloudFront', 'Content Delivery Network', 'Font Awesome', 'Google', 'Google Cloud CDN', 'Google Cloud DNS', 'Google Font API', 'IcoMoon', 'Material Design Icons', 'Tailwind CSS', 'YouTube']"
kitia.ca,Kitikmeot Inuit Association | Supporting Inuit Communities,,CAN,82,18175,2026-09-12T11:23:21.357515137Z,"['Alternate Protocol', 'Angular', 'Apache', 'EmbedPress', 'Font Awesome', 'GZIP Module', 'Google', 'Google Analytics', 'Google Cloud DNS', 'Google Font API', 'Google Tag Manager', 'IcoMoon', 'InitiativeS', 'Microdata for Google Shopping', 'PHP', 'Polylang', 'Theme In WP', 'UTF-8', 'University or College', 'Wangsu', 'WordPress', 'WordPress Multisite']"
valv-trol.com,High-Pressure Valves For Water & Hydraulic Assemblies | Valv-Trol,"Valv-Trol, LLC",USA,92,6948,2026-09-12T10:43:09.516171823Z,"['Alternate Protocol', 'Angular', 'Cloudflare', 'Content Delivery Network', 'Elementor', 'EmbedPress', 'GTranslate', 'Google Analytics', 'Google Tag Manager', 'Hello Elementor', 'Interchange', 'Kitco', 'Microdata for Google Shopping', 'NFOrce Internet', 'QUIC', 'Site Kit', 'Table Addons for Elementor', 'UTF-8', 'WordPress', 'WordPress Multisite', 'jQuery']"
funtimecraftstore.com,Fun Time Craft Store,,,40,102,2026-09-12T10:43:09.500576976Z,"['AJAX Libraries API', 'Amazon WAF Blocked', 'Angular', 'CDN JS', 'Cloudflare', 'Cloudflare CDN', 'Express', 'Font Awesome', 'GZIP Module', 'Google Cloud DNS', 'Google Maps', 'LiteSpeed', 'PHP', 'QUIC', 'Tailwind CSS', 'UTF-8', 'jQuery']"
aquaedgewear.com,Home - aquaedgewear.com,aquaedgewear.com,GBR,70,95537,2026-09-12T10:43:09.478905987Z,"['Alternate Protocol', 'Angular', 'Apture Linking Platform', 'Astra Theme', 'Cart.com', 'Elementor', 'EmbedPress', 'Fireblade', 'GenerateBlocks', 'Google', 'Google Cloud DNS', 'Google Font API', 'Microdata for Google Shopping', 'Nginx', 'PHP', 'QUIC', 'Recart', 'Theme In WP', 'UTF-8', 'Ultimate Addons for Gutenberg', 'Variation Swatches for WooCommerce', 'WP Rocket', 'Woo Themes', 'WooCommerce', 'WooCommerce Checkout', 'WordPress', 'WordPress Multisite', 'WordPress Related Posts', 'jQuery']"
fluxonomy.com,RAID Log Software | Fluxonomy,,GBR,62,456,2026-09-12T10:28:31.065251941Z,"['Angular', 'Content Delivery Network', 'Netlify', 'Next.js', 'Plausible Analytics', 'Pleroma', 'Tailwind CSS', 'UTF-8', 'shadcn ui']"
stephaniejohnsonphotos.com,Zenfolio | Stephanie Johnson Photography-Wedding & Engagement Photography,,,62,87664,2026-09-12T10:28:31.021444437Z,"['AWS WAF Challenge', 'Angular Material', 'Appcues', 'Apture Linking Platform', 'Cloudflare', 'Cloudflare CDN', 'Format', 'Google Cloud DNS', 'Google Font API', 'Google My Business', 'Google Related Website Sites', 'Instagram Follow Button', 'Optimizely Recommendations', 'QUIC', 'UTF-8', 'Unix', 'reCAPTCHA']"
ivoryjunglenews.com,International Consortium of Investigative Journalists - ICIJ,,AUS,77,2958,2026-09-12T10:18:06.442260949Z,"['Alternate Protocol', 'Amazon', 'Amazon CloudFront', 'Amazon Route 53', 'Angular', 'Apache', 'CloudFront', 'Content Delivery Network', 'DAV', 'Debian', 'EmbedPress', 'Font Awesome', 'Fundraise Up', 'GZIP Module', 'Google Analytics', 'Google My Business', 'Google Tag Manager', 'Instagram Follow Button', 'Microdata for Google Shopping', 'PHP', 'Sitelinks Search Box', 'Storyblocks', 'Tailwind CSS', 'Theme In WP', 'Twitter Ads', 'UTF-8', 'University or College', 'WordPress', 'WordPress Multisite', 'eLand', 'jQuery']"
epsteinsblackbook.com,Epstein's black book,,,62,3000,2026-09-12T10:09:32.953910805Z,"['Angular', 'Black Book', 'Cloudflare', 'Cloudflare CDN', 'Cloudflare Web Analytics', 'Google Analytics', 'Google Tag Manager', 'Next.js', 'Pleroma', 'UTF-8']"
fazremit.com,Fazremit,,,55,5258,2026-09-12T10:09:32.913993308Z,"['Angular', 'Apache', 'App Store', 'Coming Soon Page', 'DAV', 'Endis', 'Font Awesome', 'GZIP Module', 'Google Analytics', 'Google Cloud DNS', 'Google Customer Reviews', 'Google Font API', 'Google My Business', 'Google Play', 'Google Tag Manager', 'IcoMoon', 'PHP', 'QUIC', 'Tailwind CSS', 'UTF-8']"
coachingmj.com,"Mj Life Coaching | Life and Career Coaching | Montreal, QC, Canada",,CRI,77,90141,2026-09-12T09:46:55.256814044Z,"['Alternate Protocol', 'Amazon WAF Blocked', 'Angular', 'Apture Linking Platform', 'Content Delivery Network', 'DAV', 'Express', 'Fastly', 'Fastly CDN', 'Free Call', 'GZIP Module', 'Google Related Website Sites', 'Instagram Follow Button', 'Microdata for Google Shopping', 'NFOrce Internet', 'PWA', 'Perl', 'QUIC', 'SMC', 'Seflow Italy', 'Sentry', 'SiteW', 'Sitelinks Search Box', 'Tailwind CSS', 'Thank You', 'UTF-8', 'Vector Internet Services', 'WP Booking Calendar', 'Wix', 'Wix Media', 'mlcom']"
aposfloors.com,Home,,PHL,60,203,2026-09-12T09:46:55.246653702Z,"['AWS WAF Challenge', 'Angular', 'Apache', 'GZIP Module', 'Google Cloud DNS', 'Google Font API', 'Google Maps', 'Google My Business', 'Instagram API', 'Instagram Follow Button', 'PHP', 'To Top', 'UTF-8', 'YouTube']"
eye-on-london.com,Latest London News | London news daily | Eye On London,Eye On London,GBR,92,41657,2026-09-12T09:38:28.087329102Z,"['AWS WAF Challenge', 'Add to Any', 'Adult Content', 'Alternate Protocol', 'Amazon', 'Amazon S3 CDN', 'Amazon WAF Blocked', 'Angular', 'Apture Linking Platform', 'Cisco/Arrowpoint Content Service Switch', 'Coming Soon Page', 'Contact Form Plugin', 'Content Delivery Network', 'Crypto.com', 'DAV', 'Easy Pie Chart', 'Elementor', 'EmbedPress', 'Envoy', 'Express', 'Fireblade', 'Flexy Breadcrumb', 'Gambling Content', 'Google Analytics', 'Google Cloud DNS', 'Google Font API', 'Google Related Website Sites', 'Google Tag Manager', 'Gravity', 'Header, Footer and Blocks for Elementor', 'InitiativeS', 'Instagram Follow Button', 'Investor Relations', 'LiteSpeed', 'MailChimp for WordPress', 'Microdata for Google Shopping', 'NFOrce Internet', 'Oddle', 'PHP', 'Perl', 'Post Grid', 'QUIC', 'Site Kit', 'Squid', 'Steinway', 'Storyblocks', 'Tailwind CSS', 'Theme In WP', 'UTF-8', 'University or College', 'WordPress', 'WordPress Multisite', 'eLand', 'jQuery']"
advkjthomasassociatesmaritime.com,K.J.Thomas Associates,,IND,77,567,2026-09-12T09:38:28.068100951Z,"['Angular', 'Apache', 'CDN JS', 'Cloudflare', 'Cloudflare CDN', 'Font Awesome', 'GZIP Module', 'IcoMoon', 'QUIC', 'Tailwind CSS', 'jQuery']"
yuchenwyc.com,"Yuchen Wang | MSCS@Stanford, AI Researcher, Software Engineer, Entrepreneur",,GBR,87,9828,2026-09-12T09:26:18.522359369Z,"['Angular', 'CDN JS', 'Cloudflare', 'Cloudflare CDN', 'Content Delivery Network', 'Express', 'Fastly', 'Figma', 'GZIP Module', 'GitHub Hosting', 'Google Cloud DNS', 'Google Font API', 'Google Maps', 'IcoMoon', 'Medium', 'Observable', 'Twitter Ads', 'UTF-8', 'University or College', 'Vector Internet Services', 'jQuery']"
versamoments.org,Versamoments,,,55,700,2026-09-12T08:51:38.890975079Z,"['AWS WAF Challenge', 'Alternate Protocol', 'Angular', 'Elementor', 'ElementsKit Elementor', 'EmbedPress', 'Express', 'Hello Elementor', 'LiteSpeed', 'MouseWheel Smooth Scroll', 'NFOrce Internet', 'PHP', 'QUIC', 'Qi Addons For Elementor', 'Table Addons for Elementor', 'Theme In WP', 'To Top', 'UTF-8', 'WordPress', 'WordPress Multisite', 'jQuery']"
peakweightlosswellness.com,Home - Peak Weight Loss & Wellness LLC,Peak Weight Loss &amp; Wellness LLC,USA,70,88076,2026-09-12T08:40:06.816171312Z,"['AWS WAF Challenge', 'Alternate Protocol', 'Angular', 'Apache', 'Cloudflare', 'Cloudflare CDN', 'DAV', 'Divi', 'Elegant Themes', 'EmbedPress', 'Google', 'Google Analytics', 'Google Cloud DNS', 'Google Font API', 'Google My Business', 'Google No Site Links Search', 'Google Tag Manager', 'Instagram Follow Button', 'KVH', 'Microdata for Google Shopping', 'No-Q', 'PHP', 'SMC', 'Subversion', 'Theme In WP', 'UTF-8', 'Woo Themes', 'WordPress', 'WordPress Multisite', 'eLand', 'jQuery']"
cmspromotions.com,Home - Creative Media Solutions,,USA,65,74179,2026-09-12T08:31:52.885652515Z,"['Angular', 'Angular Material', 'Apture Linking Platform', 'Azure Edge', 'CDN JS', 'Cloudflare', 'Cloudflare CDN', 'Cloudflare Web Analytics', 'Contentful', 'DAV', 'DoubleClick Bid Manager', 'ETranslate', 'Fireblade', 'Font Awesome', 'GZIP Module', 'Google', 'Google Analytics', 'Google Cloud CDN', 'Google Cloud DNS', 'Google Font API', 'Google Maps', 'Google Matched Content', 'Google My Business', 'Google Recommendations AI', 'Google Reseller', 'Google Tag Manager', 'Imgix', 'Instagram Follow Button', 'Line2', 'Microsoft 365', 'Microsoft Azure', 'QUIC', 'Report URI', 'Sitelinks Search Box', 'Snowplow', 'Subversion', 'Tailwind CSS', 'Twitter Ads', 'UTF-8', 'Vimeo', 'YouTube', 'reCAPTCHA', 'shadcn ui']"
bestrong.org,"Be Strong | Strengthening Mental, Emotional & Relational Health",Be Strong,,72,35361,2026-09-12T08:31:52.885198964Z,"['AWS WAF Challenge', 'Alternate Protocol', 'Angular', 'Apache', 'App Store', 'Automattic', 'BLR', 'Baidu Cloud', 'CDN JS', 'Charity Navigator', 'Cloudflare', 'Cloudflare CDN', 'Cloudflare Turnstile', 'Duoban', 'Elegant Themes', 'Express', 'Facebook Conversion Tracking', 'Facebook Login', 'Facebook Messenger Platform', 'Facebook Pixel', 'Facebook Reseller', 'Facebook Tag API', 'Fundraise Up', 'GZIP Module', 'Google', 'Google Analytics', 'Google Cloud CDN', 'Google Cloud DNS', 'Google Font API', 'Google Maps', 'Google My Business', 'Google Play', 'Google Tag Manager', 'InitiativeS', 'Instagram Follow Button', 'Jetpack', 'Loomly', 'Material-UI', 'Microdata for Google Shopping', 'PHP', 'Pico CSS', 'Popup Maker for Wordpress', 'Share Link', 'Smart App Banner', 'Thank You', 'Tumblr', 'Twitter Ads', 'UTF-8', 'WP Super Cache', 'Woo Themes', 'WooCommerce Checkout', 'WordPress', 'WordPress Multisite', 'WordPress Stats', 'Yandex Hosting', 'YouTube', 'eLand', 'jQuery', 'jsDelivr', 'reCAPTCHA']"
ucantwearthat.com,U Cant Wear That! - A Lifestyle blog and much more,,GBR,82,33551,2026-09-12T08:20:49.655270801Z,"['AWS WAF Challenge', 'Alternate Protocol', 'Angular', 'Apache', 'Cloudflare', 'Cloudflare CDN', 'Content Delivery Network', 'EmbedPress', 'Express', 'GZIP Module', 'Google', 'Google Analytics', 'Google My Business', 'Google Recommendations AI', 'Instagram Follow Button', 'Jetpack', 'Microdata for Google Shopping', 'Ntent', 'OSS CDN', 'PHP', 'Shopify', 'Shopify Collabs', 'Sitelinks Search Box', 'Theme In WP', 'Twenty Fourteen', 'Twitter Ads', 'UTF-8', 'WordPress', 'WordPress Multisite', 'jQuery']"
kavinrealestate.com,Chennai's Premier Real Estate Company- Kavin Real Estate Agency,Kavin Real Estate Chennai Private Limited,IND,82,9182,2026-09-12T08:09:30.394541283Z,"['Alternate Protocol', 'Angular', 'AutoComplete', 'Contact Form Plugin', 'Content Delivery Network', 'DAV', 'Dream-Theme', 'Elementor', 'EmbedPress', 'FreeCSSTemplates', 'Google', 'Google Analytics', 'Google Cloud CDN', 'Google Cloud DNS', 'Google Font API', 'Google Tag Manager', 'IcoMoon', 'Instagram Follow Button', 'LiteSpeed', 'Microdata for Google Shopping', 'Neighborhoods', 'Ntent', 'PHP', 'Parcel', 'QUIC', 'Ravand Cybertech', 'TablePress', 'Theme In WP', 'TrustIndex', 'UTF-8', 'University or College', 'WPForms', 'WordPress', 'WordPress Multisite', 'YouTube', 'jQuery']"
accruereviews.com,Accrue Reviews |,Accrue Reviews,IND,65,17670,2026-09-12T07:48:55.035835497Z,"['AJAX Libraries API', 'AWS WAF Challenge', 'Alternate Protocol', 'Angular', 'CallRail', 'Cloudflare', 'Cloudflare CDN', 'Contact Form Plugin', 'EmbedPress', 'Enable jQuery Migrate Helper', 'Font Awesome', 'Google Cloud DNS', 'Google Font API', 'Google Maps', 'Google My Business', 'Meta Slider for WordPress', 'Microdata for Google Shopping', 'PHP', 'QUIC', 'Sitelinks Search Box', 'Slider Revolution', 'Tailwind CSS', 'Theme In WP', 'Twitter Ads', 'UTF-8', 'Woo Themes', 'WooCommerce', 'WooCommerce Checkout', 'WordPress', 'WordPress Multisite', 'YouTube', 'myStickymenu', 'reCAPTCHA']"
vuxenbalettsthlm.se,Vuxenbalett i Stockholm,,SWE,70,,2026-09-12T07:01:53.958670035Z,"['Angular', 'Apache', 'GZIP Module', 'Google Analytics', 'Google My Business', 'Google Tag Manager', 'Instagram Follow Button', 'PHP', 'Tailwind CSS', 'UTF-8', 'jsDelivr']"
thespeckledtruth.com,The Speckled Truth,,,77,23847,2026-09-12T07:01:53.935548979Z,"['AWS WAF Challenge', 'Angular', 'Apture Linking Platform', 'Content Delivery Network', 'Cornerstone', 'DAV', 'Express', 'Google Adsense', 'Google Analytics', 'Google Funding Choices', 'Google Matched Content', 'Google Reseller', 'Harbor', 'Microdata for Google Shopping', 'Next.js', 'PWA', 'Pleroma', 'QUIC', 'RM Education', 'Shopify', 'Tailwind CSS', 'UTF-8', 'Vercel', 'YouTube', 'shadcn ui']"
artportrait.shop,Textile Custom Portraits | Geometric Pop Art from Your Photo,,BRA,72,36932,2026-09-12T06:51:22.641385376Z,"['501c3 Status Nonprofit', 'Accordion FAQ', 'Angular', 'Apture Linking Platform', 'CDN77 Hosted', 'Content Delivery Network', 'Contento', 'Express', 'Google', 'Google Analytics', 'Google Cloud DNS', 'Google Font API', 'Google Tag Manager', 'Instagram Follow Button', 'Nginx', 'QUIC', 'Tailwind CSS', 'Thank You', 'UTF-8', 'Vector Internet Services', 'Yandex Hosting']"
theespinogroupcre.com,Espino Commercial Group | Elevating Commercial Real Estate - Keller Williams Realty International,,,67,18859,2026-09-12T06:39:42.419678719Z,"['Angular', 'AutoComplete', 'ETranslate', 'ElementUI', 'Facebook Login', 'Facebook Messenger Platform', 'Facebook Reseller', 'Font Awesome', 'GTranslate', 'GZIP Module', 'Google Analytics', 'Google Cloud DNS', 'Google Maps', 'Google My Business', 'Google Recommendations AI', 'Google Related Website Sites', 'Keller Williams Realty', 'Nginx', 'PHP', 'Parcel', 'QUIC', 'Tailwind CSS', 'Twitter Ads', 'UTF-8', 'jQuery', 'jsDelivr']"
onsoul.co,ONSOUL,ONSOUL active,,62,76222,2026-09-12T06:39:42.406032533Z,"['Alexa Certified Site Metrics', 'Alternate Protocol', 'Amazon', 'Amazon CloudFront', 'Amazon Route 53', 'Amazon WAF Blocked', 'Angular', 'Apture Linking Platform', 'Bing Cashback', 'Bing Conversion Tracking', 'CloudFront', 'Content Delivery Network', 'Criteo', 'Criteo Reseller', 'DoubleClick Bid Manager', 'Express', 'Facebook CDN', 'Facebook Conversion Tracking', 'Facebook Login', 'Facebook Messenger Platform', 'Facebook Pixel', 'Facebook Reseller', 'Facebook Tag API', 'GZIP Module', 'Giphy', 'GitHub Hosting', 'GoDaddy', 'Google Analytics', 'Google My Business', 'Google Related Website Sites', 'Google Reseller', 'Google Tag Manager', 'Idaq', 'Instagram Follow Button', 'Iterable', 'MailChimp', 'Microdata for Google Shopping', 'Mouseflow', 'NFOrce Internet', 'OpenResty', 'QUIC', 'Seflow Italy', 'Sentry', 'Shopify', 'Shopline', 'Sumo', 'Swell Rewards', 'Tailwind CSS', 'UTF-8', 'Vimeo', 'Yahoo Image CDN', 'YouTube', 'iZooto']"
lifestylesolutions4u.com,Home - Lifestyle Solutions,Lifestyle Solutions,USA,82,33838,2026-09-12T06:04:43.566689331Z,"['AWS WAF Challenge', 'Alternate Protocol', 'Angular', 'Cloudflare', 'Cloudflare CDN', 'Contact Form Plugin', 'Content Delivery Network', 'Elementor', 'EmbedPress', 'Formidable Pro Form', 'GoDaddy', 'Google', 'Google Cloud DNS', 'Google Font API', 'Google My Business', 'Line2', 'Microdata for Google Shopping', 'PHP', 'Sapper', 'Theme In WP', 'UTF-8', 'Wangsu', 'Website Tonight', 'Woo Themes', 'WooCommerce', 'WooCommerce Checkout', 'WordPress', 'WordPress Multisite', 'jQuery']"
hambletonparishcouncil.org.uk,Home - Hambleton Parish Council,,,62,468,2026-09-12T06:04:43.549390117Z,"['Angular', 'Cloudflare', 'Cloudflare CDN', 'Cloudflare Web Analytics', 'Content Delivery Network', 'Google My Business', 'IcoMoon', 'PHP', 'QUIC', 'UTF-8']"
chainvey.com,Reliable Tubular Chain Conveyors by Chain-Vey,Modern Process Equipment,DEU,77,48606,2026-09-12T06:04:43.530385665Z,"['Accordion Blocks', 'Add to Any', 'Alternate Protocol', 'Angular', 'Apture Linking Platform', 'CallRail', 'Contact Form Plugin', 'Content Delivery Network', 'DAV', 'ETranslate', 'EmbedPress', 'Facebook Conversion Tracking', 'Facebook Login', 'Facebook Messenger Platform', 'Facebook Pixel', 'Facebook Reseller', 'Facebook Tag API', 'Fireblade', 'FooBox', 'GTranslate', 'GZIP Module', 'Google', 'Google Analytics', 'Google Cloud CDN', 'Google My Business', 'Google Related Website Sites', 'Google Tag Manager', 'HubSpot Conversations', 'HubSpot WordPress Plugin', 'Hubspot', 'Kitco', 'LinkedIn Insights', 'LinkedIn Pixel', 'Max Mega Menu', 'Max Mega Menu Pro', 'Microdata for Google Shopping', 'Microsoft Clarity', 'PHP', 'Page scroll to id', 'Perfmatters', 'Photo Gallery by FooGallery', 'Sapper', 'Site Kit', 'Slider Revolution', 'Store Locator WordPress', 'Taxonomy Images', 'Theme In WP', 'Twitter Ads', 'UTF-8', 'Vimeo', 'WPML Multilingual', 'Woo Themes', 'WooCommerce', 'WooCommerce Checkout', 'WordPress', 'WordPress Multisite', 'jQuery', 'jsDelivr', 'reCAPTCHA']"
vrooomdrivinglessons.co.uk,Driving Lessons Belfast with a Vrooom from £40 per hour,Vrooom Driving Lessons Belfast,GBR,87,116529,2026-09-12T05:52:52.167418011Z,"['Alternate Protocol', 'Amazon WAF Blocked', 'Angular', 'Apture Linking Platform', 'Apyl', 'Content Delivery Network', 'DAV', 'Express', 'Fastly', 'Fastly CDN', 'Form.IO', 'GZIP Module', 'GitHub Hosting', 'Google Analytics', 'Google Customer Reviews', 'Google Related Website Sites', 'Google Tag Manager', 'Instagram Follow Button', 'Microdata for Google Shopping', 'NFOrce Internet', 'On The Map', 'PWA', 'Perl', 'QUIC', 'SMC', 'Seflow Italy', 'Sentry', 'SiteW', 'Sitelinks Search Box', 'Thank You', 'UTF-8', 'Vector Internet Services', 'WP Booking Calendar', 'Wix', 'Wix Media', 'Yandex Hosting', 'YouTube', 'eLand', 'mlcom']"
icarus.co.za,Skydiving Johannesburg | Tandem Jumps & Courses | Icarus Skydiving,Icarus,ZAF,87,9176,2026-09-12T05:19:01.13753853Z,"['Alternate Protocol', 'Amazon WAF Blocked', 'Angular', 'Apture Linking Platform', 'Baidu Cloud', 'Cloudflare', 'Cloudflare CDN', 'Google Cloud DNS', 'Google Cloud Storage', 'Instagram Follow Button', 'Microdata for Google Shopping', 'QUIC', 'Shopify', 'Shopify Collabs', 'UTF-8', 'Yandex Hosting', 'hCaptcha', 'reCAPTCHA']"
thespotlightmethod.com,About - The Spotlight Method,The Spotlight Method,,65,17987,2026-09-12T05:05:26.382188764Z,"['AWS WAF Challenge', 'Alternate Protocol', 'Angular', 'Cloudflare', 'Cloudflare CDN', 'Content Delivery Network', 'DAV', 'Elementor', 'EmbedPress', 'Facebook Conversion Tracking', 'Facebook Login', 'Facebook Messenger Platform', 'Facebook Pixel', 'Facebook Reseller', 'Facebook Tag API', 'Google', 'Google Analytics', 'Google Cloud CDN', 'Google Cloud DNS', 'Google Font API', 'Google My Business', 'Google Tag Manager', 'Hello Elementor', 'Instagram Feed for WordPress', 'Instagram Follow Button', 'Microdata for Google Shopping', 'MonsterInsights', 'PHP', 'QUIC', 'Sapper', 'Table Addons for Elementor', 'Theme In WP', 'UTF-8', 'WordPress', 'WordPress Multisite', 'YouTube', 'jQuery']"
uboltmakingmachine.com,U Bolt Making Machine factory - Thread Forming Machine manufacturer from China,,CHN,77,20468,2026-09-12T05:05:26.379019096Z,"['Alternate Protocol', 'Angular', 'DAV', 'Financial Services Guide', 'GZIP Module', 'Google Analytics', 'Google Tag Manager', 'IcoMoon', 'Instagram Follow Button', 'KVH', 'Microdata for Google Shopping', 'Nginx', 'QUIC', 'WhatsApp Sharing', 'YouTube']"
digbijoy24.com,Digbijoy24 News,,,55,7560,2026-09-12T04:56:51.541338835Z,"['501c3 Status Nonprofit', 'Amazon WAF Blocked', 'Angular', 'Baidu Cloud', 'Bulma', 'Express', 'Facebook Conversion Tracking', 'Facebook Login', 'Facebook Messenger Platform', 'Facebook Pixel', 'Facebook Reseller', 'Facebook Tag API', 'Fireblade', 'Gambling Content', 'Instagram Follow Button', 'LiteSpeed', 'PHP', 'QUIC', 'Tailwind CSS', 'Twitter Ads', 'UTF-8', 'University or College', 'YouTube']"
earlystartlearningcenter.com,Home | My Website,,GBR,55,591,2026-09-12T04:56:51.506746234Z,"['Angular', 'Apache', 'Google Analytics', 'Google Cloud DNS', 'Google Font API', 'Instagram Follow Button', 'Oddle', 'To Top', 'UTF-8']"
a1privateinvestigations.com,"A-1 Private Investigations, S.I.S., LLC - Welcome!",,USA,67,19299,2026-09-12T04:56:51.50047638Z,"['Angular', 'Apache', 'ETranslate', 'Fireblade', 'GTranslate', 'GZIP Module', 'Google My Business', 'Joomla!', 'Maxi menu CK', 'NFOrce Internet', 'PHP', 'QUIC', 'RokNavMenu', 'UTF-8', 'WoWonder', 'eLand', 'jQuery']"
uptiseo.com,"Affordable Professional SEO Services @ UptiSEO, boost your site",,IND,82,5819,2026-09-12T04:56:51.478907098Z,"['Angular', 'Apache', 'Baidu Cloud', 'DAV', 'GZIP Module', 'Gambling Content', 'Google Adsense', 'Google Funding Choices', 'Google Matched Content', 'Google My Business', 'Google Related Website Sites', 'Google Reseller', 'Microdata for Google Shopping', 'PHP', 'QUIC', 'ShareThis', 'Team Members', 'Twitter Ads', 'UTF-8', 'University or College', 'Vello', 'Yandex Hosting', 'YouTube', 'eLand']"
venicewebdesign.com,Web Development Company | Digital Marketing | Venice Web Design,Venice Web Design,GBR,77,23903,2026-09-12T04:40:56.923976451Z,"['Alternate Protocol', 'Angular', 'Astra Theme', 'Constant Contact', 'Contact Form Plugin', 'Content Delivery Network', 'Elementor', 'EmbedPress', 'Fireblade', 'Freshdesk Support', 'Freshworks Bot', 'GZIP Module', 'Google', 'Google Analytics', 'Google Cloud DNS', 'Google Font API', 'Google Tag Manager', 'Header, Footer and Blocks for Elementor', 'Instagram Follow Button', 'Microdata for Google Shopping', 'NFOrce Internet', 'Newsletter for Wordpress', 'Ntent', 'PHP', 'Popup Maker for Wordpress', 'QUIC', 'Sucuri Cloudproxy', 'Table Addons for Elementor', 'Theme In WP', 'TrustIndex', 'Twitter Ads', 'UTF-8', 'Woo Themes', 'WordPress', 'WordPress Multisite', 'WordPress Related Posts', 'YouTube', 'jQuery']"
tesy.com,TESY Homepage,,,57,1303,2026-09-12T04:40:56.903142591Z,"['3 Products', 'AJAX Libraries API', 'Angular', 'Apache', 'Cybot', 'Express', 'Facebook Conversion Tracking', 'Facebook Login', 'Facebook Messenger Platform', 'Facebook Pixel', 'Facebook Reseller', 'Facebook Tag API', 'FreeCSSTemplates', 'GZIP Module', 'Google Analytics', 'Google Cloud DNS', 'Google My Business', 'Google Tag Manager', 'Instagram Follow Button', 'MediaMath', 'Tailwind CSS', 'Twitter Ads', 'UTF-8', 'Vector Internet Services', 'YouTube', 'eLand', 'jQuery', 'reCAPTCHA']"
fumigadordechinchesnj.com,Home | Fumigador De Chinches de Cama en New Jersey y New York,,USA,50,3,2026-09-12T04:40:56.892771741Z,"['Angular', 'Apache', 'Google Cloud DNS', 'Google Font API', 'PHP', 'To Top', 'UTF-8']"
bashmentradio.com,Bashment Radio,,USA,70,18940,2026-09-12T04:29:43.230890211Z,"['About Cookies', 'Angular', 'Angular Material', 'Express', 'Fireblade', 'GZIP Module', 'Google', 'Google Cloud DNS', 'Google Font API', 'Google My Business', 'InitiativeS', 'Instagram Follow Button', 'Investor Relations', 'NFOrce Internet', 'Network Advertising Initiative', 'Nginx', 'PWA', 'Perl', 'Smart App Banner', 'UTF-8', 'University or College']"
vianainvest.pl,Vianainvest,,POL,50,,2026-09-12T04:07:20.60527022Z,"['Angular', 'LiteSpeed']"
motortech72.ru,"МоторТех: ремонт двигателей, подвески в Тюмени, техническое обслуживание. Замена масла, колодок, свечей. Хонингование цилиндров",,,55,291,2026-09-12T04:07:20.590203418Z,"['ADFOX', 'AJAX Libraries API', 'Angular', 'Apache', 'Google Cloud DNS', 'JivoSite', 'To Top', 'UTF-8', 'Yandex Hosting', 'Yandex Metrika', 'YouTube', 'jQuery', 'reCAPTCHA']"
7knetwork.com,AI-Driven Digital Marketing Agency in India - 7k Network,,IND,77,2014,2026-09-12T03:45:52.47124505Z,"['Alternate Protocol', 'Angular', 'Cloudflare', 'Cloudflare CDN', 'Elementor', 'ElementsKit Elementor', 'EmbedPress', 'Google Adsense', 'Google Analytics', 'Google Cloud DNS', 'Google Font API', 'Google Funding Choices', 'Google Matched Content', 'Google Reseller', 'Google Tag Manager', 'Hello Elementor', 'LiteSpeed', 'Metform Elemento', 'Microdata for Google Shopping', 'NFOrce Internet', 'PDF Embedder for Wordpress', 'PHP', 'QUIC', 'Sitelinks Search Box', 'UTF-8', 'WordPress', 'WordPress Multisite', 'jQuery']"
bpsmallarms.com,"Home | BP SMALL ARMS, LLC",,,52,23282,2026-09-12T03:45:52.46169312Z,"['AWS WAF Challenge', 'Amazon', 'Amazon CloudFront', 'Amazon Route 53', 'Amazon S3 CDN', 'Angular', 'CloudFront', 'Cloudflare', 'Cloudflare CDN', 'Constant Contact', 'Content Delivery Network', 'DoubleClick Bid Manager', 'Fireblade', 'IcoMoon', 'Instagram Follow Button', 'SMC', 'Storyblocks', 'Svelte', 'Tailwind CSS', 'shadcn ui']"
tuckercountycommission.com,Tucker County Commission,,USA,85,76333,2026-09-12T03:09:36.89513844Z,"['Adobe Creative Cloud WebFonts', 'Angular', 'Aruba', 'DAV', 'Express', 'GZIP Module', 'Instagram Follow Button', 'Line2', 'Magento Enterprise', 'Microdata for Google Shopping', 'QUIC', 'SiteW', 'Squarespace', 'UTF-8', 'WordPress SEO Structured Data Schema Plugin', 'eLand']"
rjncindlsales.com,RJNC Industrial Sales – Leading Source of Industrial Tools and Equipment,,PHL,70,2733,2026-09-12T03:09:36.879581698Z,"['Alternate Protocol', 'Angular', 'Automattic', 'Contact Form Plugin', 'DAV', 'EmbedPress', 'Everest Forms', 'Facebook Customer Chat SDK', 'Facebook Login', 'Facebook Messenger Platform', 'Facebook Reseller', 'GZIP Module', 'Google Cloud DNS', 'Google Font API', 'Google My Business', 'IcoMoon', 'Jetpack', 'Microdata for Google Shopping', 'Nginx', 'PHP', 'QUIC', 'Smart Slider 3', 'Tailwind CSS', 'Theme In WP', 'UTF-8', 'Woo Themes', 'WooCommerce', 'WooCommerce Checkout', 'WordPress', 'WordPress Multisite', 'WordPress Stats', 'YITH WooCommerce Compare', 'eLand', 'jQuery', 'reCAPTCHA']"
stassociation.com,Slavic Truckers Association,,,65,40,2026-09-12T03:09:36.865578777Z,"['Angular', 'App Store', 'Bulma', 'GZIP Module', 'Google Analytics', 'Google Cloud DNS', 'Google Maps', 'Google My Business', 'Google Play', 'Google Tag Manager', 'Nginx', 'Pleroma', 'Tailwind CSS', 'UTF-8', 'Ubuntu', 'jQuery']"
moonstella.com,Home,MOONSTELLA就是愛買鞋,,62,74482,2026-09-12T02:57:55.183867295Z,"['Alexa Certified Site Metrics', 'Alternate Protocol', 'Amazon', 'Amazon CloudFront', 'Amazon Route 53', 'Amazon WAF Blocked', 'Angular', 'Apture Linking Platform', 'Bing Cashback', 'Bing Conversion Tracking', 'CloudFront', 'Content Delivery Network', 'Criteo', 'Criteo Reseller', 'DoubleClick Bid Manager', 'Ember.js', 'Express', 'Facebook CDN', 'Facebook Conversion Tracking', 'Facebook Login', 'Facebook Messenger Platform', 'Facebook Pixel', 'Facebook Reseller', 'Facebook Tag API', 'GZIP Module', 'Giphy', 'GitHub Hosting', 'GoDaddy', 'Google Analytics', 'Google My Business', 'Google Related Website Sites', 'Google Reseller', 'Google Tag Manager', 'Idaq', 'Iterable', 'MailChimp', 'Microdata for Google Shopping', 'Mouseflow', 'OpenResty', 'QUIC', 'Seflow Italy', 'Sentry', 'Shopify', 'Shopline', 'Sumo', 'Swell Rewards', 'Tailwind CSS', 'UTF-8', 'Yahoo Image CDN', 'iZooto']"
micronanalytical.com,Micron Analytical Laboratory Home - Micron Inc Analytical Services Lab,Micron Inc. Analytical Services Lab,USA,70,40036,2026-09-12T02:46:57.224789951Z,"['AWS WAF Challenge', 'Alternate Protocol', 'Angular', 'Apache', 'Better Lead Generation Services', 'Elegant Themes', 'Elementor', 'EmbedPress', 'GZIP Module', 'Google', 'Google Analytics', 'Google Cloud CDN', 'Google Cloud DNS', 'Google Font API', 'Google Maps', 'Google My Business', 'Google Related Website Sites', 'Google Tag Manager', 'KVH', 'Microdata for Google Shopping', 'NFOrce Internet', 'PHP', 'Qi Addons For Elementor', 'Site Kit', 'Slider Revolution', 'Theme In WP', 'Twitter Ads', 'UTF-8', 'WordPress', 'WordPress Multisite', 'jQuery']"
absprinkler.com,absprinkler.com,,USA,60,503,2026-09-12T02:46:57.198785412Z,"['Alternate Protocol', 'Angular', 'Apture Linking Platform', 'Contact Form Plugin', 'Content Delivery Network', 'Elementor', 'EmbedPress', 'FreeCSSTemplates', 'Google Cloud DNS', 'Google Font API', 'Instagram Follow Button', 'LiteSpeed', 'NFOrce Internet', 'PHP', 'QUIC', 'Theme In WP', 'UTF-8', 'WordPress', 'WordPress Multisite', 'jQuery']"
formularus-verlag.de,Formularus Verlag - Druckerei Paul Moehlke oHG | The Logbook Experts,,DEU,80,15908,2026-09-12T02:25:44.820509592Z,"['Add to Any', 'Alternate Protocol', 'Amazon WAF Blocked', 'Angular', 'Borlabs Cookie', 'Contact Form Plugin', 'Content Delivery Network', 'Divi', 'Duoban', 'Easy Accordio', 'Elegant Themes', 'EmbedPress', 'Fireblade', 'GZIP Module', 'Google My Business', 'Instagram Follow Button', 'Max Mega Menu', 'Max Mega Menu Pro', 'Nginx', 'PHP', 'Tailwind CSS', 'Theme In WP', 'Twitter Ads', 'UTF-8', 'Vimeo', 'Woo Themes', 'WordPress', 'WordPress Multisite', 'eLand', 'jQuery']"
hancobee.com,New Page,Hanco.Bee,,62,78014,2026-09-12T02:25:44.77971313Z,"['Alexa Certified Site Metrics', 'Alternate Protocol', 'Amazon', 'Amazon CloudFront', 'Amazon Route 53', 'Amazon WAF Blocked', 'Angular', 'Apture Linking Platform', 'Bing Cashback', 'Bing Conversion Tracking', 'CloudFront', 'Content Delivery Network', 'Criteo', 'Criteo Reseller', 'DoubleClick Bid Manager', 'Express', 'Facebook CDN', 'Facebook Reseller', 'GZIP Module', 'Giphy', 'GitHub Hosting', 'GoDaddy', 'Google', 'Google Analytics', 'Google Cloud DNS', 'Google Font API', 'Google My Business', 'Google Reseller', 'Google Tag Manager', 'Idaq', 'Instagram Follow Button', 'Iterable', 'Linktree', 'MailChimp', 'Microdata for Google Shopping', 'Mouseflow', 'NFOrce Internet', 'OpenResty', 'QUIC', 'Seflow Italy', 'Sentry', 'Shopify', 'Shopline', 'Sumo', 'Swell Rewards', 'Tailwind CSS', 'UTF-8', 'Vimeo', 'Yahoo Image CDN', 'YouTube', 'iZooto']"
lowestoftbuilders.co.uk,Lowestoft Builders – Builders in Lowestoft | Construction Services in Lowestoft,,USA,65,18566,2026-09-12T01:33:54.774534336Z,"['AWS WAF Challenge', 'Alternate Protocol', 'Angular', 'Apache', 'Cloudflare', 'Cloudflare CDN', 'EmbedPress', 'GZIP Module', 'Google', 'Google Analytics', 'Google Cloud DNS', 'Google Font API', 'Google My Business', 'Google Related Website Sites', 'Google Tag Manager', 'Instagram Follow Button', 'Jetpack', 'Lazy Load for WordPress', 'PHP', 'PopularFX', 'QUIC', 'Sapper', 'Site Kit', 'Theme In WP', 'Twitter Ads', 'UTF-8', 'WordPress', 'WordPress Multisite', 'WordPress Stats', 'jQuery']"
onapolymers.com,ONA POLYMER,,USA,55,3,2026-09-12T01:20:04.342351928Z,"['AJAX Libraries API', 'Angular', 'Apache', 'FreeCSSTemplates', 'GZIP Module', 'Google Analytics', 'Google Cloud DNS', 'Google Font API', 'Google My Business', 'To Top', 'UTF-8', 'jQuery']"
kbtcares.co.za,KBT Cares,,ZAF,62,40,2026-09-12T01:13:07.019266824Z,"['Angular', 'Apache', 'GZIP Module', 'Google Cloud DNS', 'Google Font API', 'Google Maps']"
bhoomispices.in,Home - BHOOMI SPICES,,IND,70,62871,2026-09-12T00:47:48.26191976Z,"['Alternate Protocol', 'Angular', 'Apture Linking Platform', 'Astra Theme', 'CleanTalk Spam Protect', 'Content Delivery Network', 'DAV', 'Elementor', 'ElementsKit Elementor', 'EmbedPress', 'FreeCSSTemplates', 'GiveWP', 'Google', 'Google Cloud DNS', 'Google Font API', 'HubSpot WordPress Plugin', 'LiteSpeed', 'Microdata for Google Shopping', 'PHP', 'SMC', 'Smart Slider 3', 'Theme In WP', 'UTF-8', 'Woo Themes', 'WordPress', 'WordPress Multisite', 'WordPress Related Posts', 'eLand', 'jQuery']"
shmu.sh,shmush.dev,,,27,,2026-09-12T00:39:30.838013858Z,"['Angular', 'Content Delivery Network', 'GitHub Hosting', 'Next.js', 'Pleroma', 'Twitter Ads', 'UTF-8', 'Vercel']"
ideplanning.com,"IDE Planning | Planning consultant SE England | Planning applications, appeals & enforcement SE England | Land promotion SE England",,,72,11689,2026-09-11T23:54:28.407770831Z,"['AJAX Libraries API', 'Amazon', 'Amazon CloudFront', 'Amazon Route 53', 'Angular', 'Apache', 'CloudFront', 'Cloudinary', 'Content Delivery Network', 'Facebook Login', 'Facebook Reseller', 'Font Awesome', 'GZIP Module', 'Google', 'Google Cloud DNS', 'Google Font API', 'Google My Business', 'Microdata for Google Shopping', 'NFOrce Internet', 'QUIC', 'UTF-8', 'jQuery', 'reCAPTCHA']"
safetec.com.tr,"Almar Fire – Leading, Creative, Innovative",,TUR,82,34130,2026-09-11T23:54:28.396087701Z,"['AWS WAF Challenge', 'Alternate Protocol', 'Ametys', 'Angular', 'Cloudflare', 'Cloudflare CDN', 'Contact Form Plugin', 'DAV', 'EmbedPress', 'Express', 'Fireblade', 'Google', 'Google Analytics', 'Google Cloud DNS', 'Google Font API', 'Google My Business', 'Google Related Website Sites', 'Google Tag Manager', 'IcoMoon', 'LiteSpeed', 'Microdata for Google Shopping', 'MonsterInsights', 'PHP', 'QUIC', 'SiteOrigin', 'SiteOrigin Panels', 'Smart Slider 3', 'Theme In WP', 'UTF-8', 'Vantage', 'WP Featherlight', 'Woo Themes', 'WordPress', 'WordPress Multisite', 'eLand', 'jQuery']"
visithelenaar.com,"Visit Helena, Arkansas",,,60,36741,2026-09-11T23:54:28.382079347Z,"['Adobe Creative Cloud WebFonts', 'Angular', 'Aruba', 'Contento', 'Express', 'Facebook Login', 'Facebook Messenger Platform', 'Facebook Pixel', 'Facebook Reseller', 'Facebook Tag API', 'GZIP Module', 'Google Analytics', 'Google Tag Manager', 'Instagram Follow Button', 'Line2', 'Magento Enterprise', 'Microdata for Google Shopping', 'QUIC', 'SiteW', 'Squarespace', 'UTF-8', 'Vector Internet Services', 'WordPress SEO Structured Data Schema Plugin', 'eLand']"
hansverelstarchitecten.be,hans verelst architecten,,BEL,87,89,2026-09-11T23:37:36.167997558Z,"['AJAX Libraries API', 'Alternate Protocol', 'Angular', 'EmbedPress', 'GZIP Module', 'Google Cloud DNS', 'LiteSpeed', 'PHP', 'UTF-8', 'WordPress', 'WordPress Multisite', 'jQuery']"
miapescafishinglodge.com,Fishing Lodge and Apparel - MiaPesca,,,67,19913,2026-09-11T23:10:43.772862974Z,"['AWS WAF Challenge', 'Airbnb', 'Alternate Protocol', 'Angular', 'Cloudflare', 'Cloudflare CDN', 'Contact Form Plugin', 'Elementor', 'Elfsight', 'EmbedPress', 'GZIP Module', 'Google', 'Google Analytics', 'Google Cloud DNS', 'Google Font API', 'Google My Business', 'Google Tag Manager', 'Graphy', 'Instagram Follow Button', 'JetElements', 'JetWooBuilder', 'Microdata for Google Shopping', 'MonsterInsights', 'NFOrce Internet', 'Nginx', 'PHP', 'QUIC', 'Table Addons for Elementor', 'Theme In WP', 'UTF-8', 'Woo Themes', 'WooCommerce', 'WooCommerce Checkout', 'WooCommerce Payments', 'WordPress', 'WordPress Multisite', 'WordPress Related Posts', 'jQuery']"
eye-swing.com,Eye Swing — Golf Instruction App for Golfers & Coaches,,,67,5434,2026-09-11T23:04:37.556821579Z,"['Alternate Protocol', 'Amazon WAF Blocked', 'Angular', 'App Store', 'Apture Linking Platform', 'Complianz', 'Content Delivery Network', 'Content ad', 'Elementor', 'EmbedPress', 'Facebook Conversion Tracking', 'Facebook Login', 'Facebook Messenger Platform', 'Facebook Pixel', 'Facebook Reseller', 'Facebook Tag API', 'Fonts Plugin', 'GZIP Module', 'Google', 'Google Analytics', 'Google Cloud CDN', 'Google Cloud DNS', 'Google Font API', 'Google My Business', 'Google Play', 'Google Tag Manager', 'Instagram Follow Button', 'Lazy Load for WordPress', 'Metricool', 'Microdata for Google Shopping', 'NFOrce Internet', 'Nginx', 'PHP', 'Parallels Plesk Panel', 'Pico CSS', 'Qi Addons For Elementor', 'Site Kit', 'Sitelinks Search Box', 'Table Addons for Elementor', 'Theme In WP', 'UTF-8', 'WP Rocket', 'WPML Multilingual', 'WordPress', 'WordPress Multisite', 'WordPress Related Posts', 'YouTube', 'eLand', 'jQuery']"
www.iohs.com.tw,失禁護理泌尿輔具用品，防漏尿速吸內褲、行動尿袋、隔尿墊，降低漏尿困擾，守護日常安心-IOHS十分幸福,IOHS十分幸福,,72,93110,2026-09-11T22:52:05.986801862Z,"['Alexa Certified Site Metrics', 'Alternate Protocol', 'Amazon', 'Amazon CloudFront', 'Amazon Route 53', 'Amazon WAF Blocked', 'Angular', 'Apture Linking Platform', 'Bing Cashback', 'Bing Conversion Tracking', 'CloudFront', 'Content Delivery Network', 'Criteo', 'Criteo Reseller', 'DoubleClick Bid Manager', 'Express', 'Facebook CDN', 'Facebook Conversion Tracking', 'Facebook Login', 'Facebook Messenger Platform', 'Facebook Pixel', 'Facebook Reseller', 'Facebook Tag API', 'Fireblade', 'GZIP Module', 'Giphy', 'GitHub Hosting', 'GoDaddy', 'Google', 'Google Analytics', 'Google Cloud DNS', 'Google Font API', 'Google My Business', 'Google Related Website Sites', 'Google Reseller', 'Google Tag Manager', 'Idaq', 'Instagram Follow Button', 'Iterable', 'MailChimp', 'Microdata for Google Shopping', 'Mouseflow', 'OpenResty', 'QUIC', 'Seflow Italy', 'Sentry', 'Shopify', 'Shopline', 'Sumo', 'Swell Rewards', 'Tailwind CSS', 'UTF-8', 'Vimeo', 'Yahoo Image CDN', 'YouTube', 'Zendesk Guide', 'iZooto']"
appliance-repair-orange.com,ASAP Appliance Repair Orange County - ⭐⭐⭐⭐⭐,ASAP Appliance Repair Orange County,USA,82,2490,2026-09-11T22:52:05.981187556Z,"['Alternate Protocol', 'Angular', 'Apache', 'Elementor', 'EmbedPress', 'GZIP Module', 'Google Analytics', 'Google Maps', 'Google My Business', 'Google Tag Manager', 'Hello Elementor', 'Jetpack', 'NFOrce Internet', 'QUIC', 'Table Addons for Elementor', 'TrustIndex', 'UTF-8', 'WordPress', 'WordPress Multisite', 'jQuery']"
sofinity.ai,SOFINITY – AI Development Studio,,,70,6000,2026-09-11T22:52:05.9556542Z,"['Alternate Protocol', 'Angular', 'Calendly', 'Content Delivery Network', 'Elementor', 'EmbedPress', 'Facebook Conversion Tracking', 'Facebook Login', 'Facebook Messenger Platform', 'Facebook Pixel', 'Facebook Reseller', 'Facebook Tag API', 'Fastly', 'GZIP Module', 'Google', 'Google Analytics', 'Google Cloud CDN', 'Google Cloud DNS', 'Google Font API', 'Google Related Website Sites', 'Google Tag Manager', 'Hello Elementor', 'Nginx', 'PHP', 'Tailwind CSS', 'Theme In WP', 'UTF-8', 'WordPress', 'WordPress Multisite', 'jQuery']"
nextgeneration.co.za,Next Generation Consultants | Impact Strategy Consulting,Next Generation,ZAF,77,15644,2026-09-11T22:34:31.79558516Z,"['AWS WAF Challenge', 'Alternate Protocol', 'Angular', 'CheryFramework', 'Complianz', 'Cornerstone', 'DuracellTomi Google Tag Manager for WordPress', 'EmbedPress', 'Formidable Pro Form', 'Google Analytics', 'Google Cloud DNS', 'Google Font API', 'Google Tag Manager', 'LiteSpeed', 'Microdata for Google Shopping', 'PHP', 'QUIC', 'Sitelinks Search Box', 'Slider Revolution', 'Theme In WP', 'UTF-8', 'Woo Themes', 'WordPress', 'WordPress Multisite', 'YouTube', 'jQuery']"
cehhcfoundation.ca,Home,Colchester East Hants Health Centre Foundation,,67,17440,2026-09-11T22:19:20.658026308Z,"['AKA Raisin', 'Angular', 'Express', 'GZIP Module', 'Google', 'Google Cloud DNS', 'Google Font API', 'InitiativeS', 'Microdata for Google Shopping', 'Microsoft Clarity', 'Nginx', 'Tailwind CSS', 'UTF-8']"
jescolighting.com,JESCO Lighting Group - LED Lighting Portal - Premier LED Light Source,JESCO Lighting,,67,20756,2026-09-11T21:57:01.142284139Z,"['AWS WAF Challenge', 'Alternate Protocol', 'Angular', 'Cloudflare', 'Cloudflare CDN', 'Content Delivery Network', 'EmbedPress', 'Fastly', 'GZIP Module', 'Gambling Content', 'Google', 'Google Cloud CDN', 'Google Cloud DNS', 'Google Font API', 'Google My Business', 'Google Related Website Sites', 'Instagram Follow Button', 'Microdata for Google Shopping', 'Nginx', 'PHP', 'ProfilePress', 'Slider Revolution', 'Tailwind CSS', 'Theme In WP', 'To Top', 'UTF-8', 'UberMenu', 'WordPress', 'WordPress Multisite', 'YouTube', 'jQuery', 'jsDelivr']"
uksafetyproducts.com,UK Safety Products,UK Safety Products,,55,7599,2026-09-11T21:12:26.892585978Z,"['Angular', 'Apache', 'Content Delivery Network', 'EmbedPress', 'Fireblade', 'Font Awesome', 'GZIP Module', 'Google Analytics', 'Google Tag Manager', 'Microdata for Google Shopping', 'PHP', 'Sitelinks Search Box', 'Theme In WP', 'Twitter Ads', 'UTF-8', 'Woo Themes', 'WooCommerce', 'WooCommerce Checkout', 'WordPress', 'WordPress Multisite', 'jQuery']"
mercyhcs.com,"Mercy Healthcare Services – Delivering Diligent, Empathetic, Compassionate, and Flexible Care with Unwavering Dedication",,,55,3032,2026-09-11T21:12:26.839432327Z,"['Alternate Protocol', 'Angular', 'Astra Theme', 'Baidu Cloud', 'Complianz', 'Content Delivery Network', 'Cornerstone', 'Elementor', 'Elementor Addon Elements', 'ElementsKit Elementor', 'EmbedPress', 'Essential Addons for Elementor', 'FastPixel', 'Google Analytics', 'Google Cloud DNS', 'Google Font API', 'Google Maps', 'Google My Business', 'Google Tag Manager', 'HT Mega', 'JotForm', 'LiteSpeed', 'NFOrce Internet', 'PHP', 'Pico CSS', 'QUIC', 'RM Education', 'Theme In WP', 'UTF-8', 'Woo Themes', 'WordPress', 'WordPress Multisite', 'WordPress Related Posts', 'jQuery', 'reCAPTCHA']"
wakeupandreadthelabels.com,Wake Up and Read the Labels,,,67,8604,2026-09-11T21:01:33.595683908Z,"['Angular', 'App Store', 'Apture Linking Platform', 'Baidu Cloud', 'Cloudflare', 'Cloudflare CDN', 'Google My Business', 'Google Play', 'IcoMoon', 'Instagram Follow Button', 'QUIC', 'Shopify', 'Shopify Collabs', 'Tailwind CSS', 'UTF-8', 'Yandex Hosting', 'YouTube', 'hCaptcha', 'reCAPTCHA', 'shadcn ui']"
topslurrypump.com,Slurry Pump Manufacturer | OEM Warman Pump Parts | Hedun Pump,,CHN,77,,2026-09-11T20:34:41.643882463Z,"['Alternate Protocol', 'Angular', 'GZIP Module', 'Google Analytics', 'Google Tag Manager', 'Layui', 'Microdata for Google Shopping', 'Nginx', 'PHP', 'Pleroma', 'Sitelinks Search Box', 'Tawk', 'UTF-8', 'WhatsApp Sharing', 'jQuery']"
shroton-pc.gov.uk,Shroton Parish Council | Home,,,72,5569,2026-09-11T20:09:29.565721454Z,"['Alternate Protocol', 'Angular', 'DAV', 'EmbedPress', 'Fastly', 'Google Analytics', 'Google Related Website Sites', 'Google Tag Manager', 'LiteSpeed', 'Microdata for Google Shopping', 'Sitelinks Search Box', 'WordPress', 'WordPress Multisite', 'Yandex Hosting', 'YouTube', 'eLand']"
mealprepsundayservice.com,All-in-One Meal Prep Service for Your Fitness Goals | Meal Prep Sunday,,USA,92,72897,2026-09-11T19:59:14.72087668Z,"['3 Products', 'AWS WAF Challenge', 'Alternate Protocol', 'Amazon WAF Blocked', 'Angular', 'App Store', 'Apture Linking Platform', 'Cisco/Arrowpoint Content Service Switch', 'Cloudflare', 'Cloudflare CDN', 'Coming Soon Page', 'Content Delivery Network', 'Crisp', 'DAV', 'Elementor', 'EmbedPress', 'Express', 'Facebook Login', 'Facebook Messenger Platform', 'Facebook Pixel', 'Facebook Reseller', 'Fireblade', 'Font Awesome', 'FreeCSSTemplates', 'Google', 'Google Analytics', 'Google My Business', 'Google Play', 'Google Related Website Sites', 'Google Tag Manager', 'Hotjar', 'InitiativeS', 'Instagram Follow Button', 'Line2', 'Microdata for Google Shopping', 'NFOrce Internet', 'PHP', 'Perl', 'QUIC', 'TablePress', 'The Fresh', 'Theme In WP', 'UTF-8', 'Vercel', 'Woo Themes', 'WooCommerce', 'WooCommerce Checkout', 'WordPress', 'WordPress Multisite', 'YouTube', 'eLand', 'jQuery']"
yourstory-counselling.co.uk,"Your Story | Social, Emotional and Mental Health Counselling",,GBR,82,3578,2026-09-11T19:49:28.974049315Z,"['Angular', 'Coming Soon Page', 'ElementUI', 'Font Awesome', 'Google', 'Google Cloud DNS', 'Google Font API', 'ID Services', 'Microsoft Azure Blob Storage', 'Thank You', 'University or College']"
wall.dk,Thurmer.com- Thread cutting tools at high quality.,,DNK,82,39096,2026-09-11T19:43:50.0900904Z,"['AWS WAF Challenge', 'Amazon WAF Blocked', 'Angular', 'Better Lead Generation Services', 'Cloudflare', 'Cloudflare CDN', 'Dandomain Webshop', 'EcoVadis', 'Facebook Conversion Tracking', 'Facebook Login', 'Facebook Messenger Platform', 'Facebook Pixel', 'Facebook Reseller', 'Facebook Tag API', 'Fireblade', 'Google', 'Google Analytics', 'Google Cloud CDN', 'Google Cloud DNS', 'Google Font API', 'Google Related Website Sites', 'Google Tag Manager', 'ISO/IEC 8859', 'InitiativeS', 'Instagram Follow Button', 'Parcel', 'Perl', 'Platform.sh', 'QUIC', 'Sleeknote', 'Thank You', 'Underscores', 'Vercel']"
espykitchen.com,"Home | Kitchen Design, Vanity Design, Bar Frames, Entertainment Cabinets, Office & Room in Surrey BC. | ESPY Kitchen Design Inc.",,CAN,57,3,2026-09-11T19:33:03.597439309Z,"['Angular', 'Google Cloud DNS', 'Google Font API', 'PHP', 'To Top', 'UTF-8', 'YouTube']"
mapleleafkitchencabinet.ca,"Home | Complete cabinet solutions. Kitchen, Vanity, Entertainment, Bar cabinets in surrey BC | Maple Leaf Kitchen cabinet",,CAN,72,40,2026-09-11T19:33:03.572466248Z,"['Angular', 'Facebook Conversion Tracking', 'Facebook Login', 'Facebook Messenger Platform', 'Facebook Pixel', 'Facebook Reseller', 'Facebook Tag API', 'Google Analytics', 'Google Cloud DNS', 'Google Font API', 'Google Maps', 'Google My Business', 'Google Tag Manager', 'PHP', 'To Top', 'UTF-8', 'YouTube']"
newwayrailing.com,"Aluminum Railing, Glass Railing, Picket Railing, Gate Design | New Way Railing",,CAN,57,3,2026-09-11T19:33:03.572996367Z,"['Angular', 'Google Cloud DNS', 'Google Font API', 'Instagram Follow Button', 'PHP', 'To Top', 'UTF-8']"
dlgtpl.com,Home Page | DLGTPL,,,57,7818,2026-09-11T19:13:35.898524183Z,"['Angular', 'Bulma', 'Fireblade', 'Font Awesome', 'FormSubmit', 'GZIP Module', 'Google Cloud DNS', 'Google Font API', 'Google My Business', 'IcoMoon', 'Material Design Icons', 'Nginx', 'QUIC', 'Tailwind CSS', 'Tawk', 'UTF-8', 'jQuery']"
osteomedcorp.com,Acumed | Surgical Orthopedic Fracture Fixation Solutions,,USA,65,7484,2026-09-11T18:53:14.324545373Z,"['Alternate Protocol', 'Angular', 'CheryFramework', 'Content Delivery Network', 'Cornerstone', 'Cybot', 'DAV', 'Easy Fancybox', 'EmbedPress', 'Formidable Pro Form', 'GZIP Module', 'Google', 'Google Analytics', 'Google Cloud CDN', 'Google Cloud DNS', 'Google Font API', 'Google Tag Manager', 'Instagram Follow Button', 'Matomo', 'Matomo Tag Manager', 'Nginx', 'OneSignal', 'PHP', 'QUIC', 'Share Link', 'Slider Revolution', 'Smart App Banner', 'The Events Calendar', 'Theme In WP', 'Twitter Ads', 'UK Tax Strategy', 'UTF-8', 'Woo Themes', 'WordPress', 'WordPress Multisite', 'YouTube', 'eLand', 'jQuery', 'jQuery Pin It Button for Images']"
keepshoppers.com,KeepShoppers - Build your Shopify business.,,,72,216692,2026-09-11T18:53:14.317082593Z,"['AI Log', 'AWS WAF Challenge', 'Alternate Protocol', 'Amazon', 'Amazon CloudFront', 'Amazon Route 53', 'Angular', 'Apture Linking Platform', 'Better Lead Generation Services', 'CloudFront', 'Cloudflare', 'Cloudflare CDN', 'Cloudflare Web Analytics', 'Content Delivery Network', 'DAV', 'Express', 'Facebook Conversion Tracking', 'Facebook Login', 'Facebook Messenger Platform', 'Facebook Pixel', 'Facebook Reseller', 'Facebook Tag API', 'Fera', 'Financial Services Guide', 'Fireblade', 'Google Analytics', 'Google Cloud DNS', 'Google Font API', 'Google Tag Manager', 'GrowthBook', 'Instagram Follow Button', 'Material-UI', 'Microdata for Google Shopping', 'Notion', 'Ntent', 'OLO', 'Okendo', 'Omnisend', 'Parcel', 'Perl', 'QUIC', 'Salesforce Hosted', 'Shopify', 'Twitter Ads', 'UTF-8', 'University or College', 'VWO Engage', 'Visual Website Optimizer', 'YouTube', 'jsDelivr']"
flexso.fr,"Pioneers in digital, experts in business | Flexso",Flexso,BEL,77,56105,2026-09-11T18:38:12.353238794Z,"['Adult Content', 'Alternate Protocol', 'Angular', 'CDN JS', 'Cloudflare', 'Cloudflare CDN', 'Cybot', 'DC74', 'ElementUI', 'GZIP Module', 'Google Analytics', 'Google Related Website Sites', 'Google Tag Manager', 'Microdata for Google Shopping', 'Nginx', 'QUIC', 'SMC', 'Tailwind CSS', 'UTF-8', 'University or College', 'YouTube']"
vaalmarket.co.za,Vaal Market – Buy.Sell.Prosper,,,55,8976,2026-09-11T17:46:13.018605128Z,"['Alternate Protocol', 'Angular', 'Apache', 'Elementor', 'EmbedPress', 'Fastly CDN', 'Fireblade', 'GZIP Module', 'Google Cloud DNS', 'Google Font API', 'IcoMoon', 'Martfury', 'NFOrce Internet', 'PHP', 'PWA', 'QUIC', 'SuperPWA', 'Theme In WP', 'UTF-8', 'WP Rocket', 'Woo Themes', 'WooCommerce', 'WooCommerce Checkout', 'WordPress', 'WordPress Multisite', 'jQuery']"
shivamscientific.com,Shivamscientific – Manufacturer of Laboratory Glassware's,,USA,65,5593,2026-09-11T17:39:21.80795494Z,"['Alternate Protocol', 'Angular', 'Azion', 'ClickOn', 'Contact Form Plugin', 'Content Delivery Network', 'Elementor', 'EmbedPress', 'Express', 'FormSubmit', 'Google', 'Google Cloud CDN', 'Google Cloud DNS', 'Google Font API', 'Google My Business', 'Interchange', 'LiteSpeed', 'MailChimp for WordPress', 'Metform Elemento', 'PHP', 'QUIC', 'Slider Revolution', 'Theme In WP', 'UTF-8', 'University or College', 'Woo Themes', 'WooCommerce', 'WooCommerce Checkout', 'WooFramework', 'WordPress', 'WordPress Multisite', 'jQuery', 'reCAPTCHA', 'wpDataTables']"
sibspa.it,Home - Servizi Integrati Bellunesi S.p.A.,,,55,232,2026-09-11T17:39:21.807781308Z,"['Angular', 'Azion', 'CDN JS', 'Cloudflare', 'Cloudflare CDN', 'DAV', 'Font Awesome', 'GZIP Module', 'Google', 'Google Analytics', 'Google Cloud DNS', 'Google Font API', 'Google Tag Manager', 'Instagram Follow Button', 'Investor Relations', 'Iubenda', 'Microdata for Google Shopping', 'QUIC', 'Schema Plugin', 'Snowplow', 'Tailwind CSS', 'UTF-8', 'YouTube', 'shadcn ui']"
meethyperlinkinfosystemhere.com,"Top Mobile App Development Company USA, India & UAE - Hyperlink InfoSystem",Hyperlink InfoSystem,USA,77,185119,2026-09-11T17:39:21.791727426Z,"['Alternate Protocol', 'Angular', 'Apture Linking Platform', 'ArvanCloud', 'AutoComplete', 'Better Lead Generation Services', 'CDN JS', 'CakePHP', 'Cisco/Arrowpoint Content Service Switch', 'Cloudflare', 'Cloudflare CDN', 'Cloudflare Web Analytics', 'Clutch', 'CodeIgniter', 'ElementUI', 'Fireblade', 'Google Analytics', 'Google My Business', 'Google Tag Manager', 'Instagram Follow Button', 'Microdata for Google Shopping', 'Oracle Cloud', 'PHP', 'Perl', 'PrestaShop', 'Python', 'QUIC', 'Salesforce Hosted', 'Taboola Direct', 'Taboola Reseller', 'Tailwind CSS', 'Twitter Ads', 'UTF-8', 'Vercel', 'Visual Studio', 'WhatsApp Sharing', 'Woo Themes', 'YouTube', 'jQuery', 'jsDelivr', 'reCAPTCHA', 'shadcn ui']"
hotdating.info,"HotDating.info – Dating Tips, Match Advice & Stories",,GBR,77,612,2026-09-11T17:29:07.249672677Z,"['Alternate Protocol', 'Angular', 'Cloudflare', 'Cloudflare CDN', 'Cloudflare Web Analytics', 'Contextual Related Posts', 'EmbedPress', 'Free Call', 'Google Cloud DNS', 'Google Font API', 'IcoMoon', 'Microdata for Google Shopping', 'PHP', 'QUIC', 'Theme In WP', 'UTF-8', 'WordPress', 'WordPress Multisite', 'WordPress Related Posts', 'jQuery']"
truebondr.in,TrueBondr — Best Dating App in India | Safe & Verified Matches,TrueBondr,IND,77,999,2026-09-11T17:12:43.091807525Z,"['Adult Content', 'Alternate Protocol', 'Angular', 'Coming Soon Page', 'Content Delivery Network', 'Google Analytics', 'Google My Business', 'Google Play', 'Google Related Website Sites', 'Google Tag Manager', 'Instagram Follow Button', 'Microdata for Google Shopping', 'Microsoft Clarity', 'Next.js', 'PWA', 'Pleroma', 'Tailwind CSS', 'UTF-8', 'Vercel', 'Verified Profile', 'shadcn ui']"
woveneyesight.com,Woven Eye Sight,,USA,65,15339,2026-09-11T17:12:43.087973302Z,"['3 Products', 'AJAX Libraries API', 'Amazon WAF Blocked', 'Angular', 'AutoComplete', 'CDN JS', 'Cloudflare', 'Cloudflare CDN', 'Express', 'Fireblade', 'Font Awesome', 'GZIP Module', 'Google Cloud DNS', 'Google Font API', 'Google My Business', 'LiteSpeed', 'PHP', 'Perl', 'Tailwind CSS', 'UTF-8', 'jQuery', 'jsDelivr', 'shadcn ui']"
limelightshomes.com,Limelights Suites & Convention Centre,Limelights Suites &amp; Convention Centre,IND,70,10926,2026-09-11T17:04:26.928160554Z,"['Angular', 'Apture Linking Platform', 'Baidu Cloud', 'BookThatApp', 'Cloudflare', 'Cloudflare CDN', 'Express', 'Fastly', 'Microdata for Google Shopping', 'QUIC', 'Shopify', 'Shopify Collabs', 'UTF-8', 'Yandex Hosting', 'hCaptcha', 'reCAPTCHA']"
amars.it,Amar's Shop – One stop Solution,,ITA,65,100458,2026-09-11T16:38:39.575360271Z,"['AWS WAF Challenge', 'Alternate Protocol', 'Angular', 'Apture Linking Platform', 'Astra Theme', 'Cloudflare', 'Cloudflare CDN', 'DAV', 'Elementor', 'ElementsKit Elementor', 'EmbedPress', 'Essential Addons for Elementor', 'Financial Services Guide', 'Google', 'Google Cloud DNS', 'Google Font API', 'Google My Business', 'Gtranslate for Wordpress', 'Header, Footer and Blocks for Elementor', 'KVH', 'Line2', 'LiteSpeed', 'NFOrce Internet', 'No-Q', 'Onyx Internet', 'PHP', 'Parcel', 'QUIC', 'Royal Elementor Addons', 'SMC', 'Subversion', 'Table Addons for Elementor', 'Theme In WP', 'UTF-8', 'Unlimited Elements For Elementor', 'Woo Themes', 'WooCommerce', 'WooCommerce Checkout', 'WooCommerce Payments', 'WordPress', 'WordPress Multisite', 'WordPress Related Posts', 'jQuery']"
knowernikhil.in,knower Nikhil,,,57,19602,2026-09-11T16:15:10.761149145Z,"['AJAX Libraries API', 'Angular', 'Cloudflare', 'Cloudflare CDN', 'Engage', 'Fireblade', 'Font Awesome', 'Google Cloud DNS', 'Google Font API', 'Google My Business', 'Google Play', 'Google Tag Manager', 'MoEngage', 'PWA', 'Perl', 'Pleroma', 'Sign In With Google', 'Tailwind CSS', 'UTF-8', 'jQuery']"
thecollegeappcamp.com,College App Camp - Bybee College App Camp,,,62,28296,2026-09-11T15:57:05.436447025Z,"['Alternate Protocol', 'Angular', 'Automattic', 'Camp', 'Column Shortcodes', 'Content Delivery Network', 'Contento', 'EmbedPress', 'Facebook Conversion Tracking', 'Facebook Pixel', 'Facebook Reseller', 'Facebook Tag API', 'GZIP Module', 'Google Analytics', 'Google Cloud DNS', 'Google Font API', 'Google Tag Manager', 'Jetpack', 'Jetpack Site Accelerator', 'Kriesi.at', 'Microdata for Google Shopping', 'Nginx', 'Share Link', 'Twitter Ads', 'UTF-8', 'University or College', 'WP Engine', 'WordPress', 'WordPress Multisite', 'WordPress Stats', 'Zoho SalesIQ', 'jQuery']"
kazanic.com,Index | Kazanic ®,,,60,27656,2026-09-11T15:57:05.395419369Z,"['Angular', 'CDN JS', 'Cloudflare', 'Cloudflare CDN', 'Fireblade', 'Google Maps', 'Google My Business', 'IcoMoon', 'Laravel Livewire', 'LiteSpeed', 'ON24', 'PHP', 'Tailwind CSS', 'UTF-8']"
dentalbillingsolutionsinc.com,Dental Billing Solutions Inc: Home,,USA,70,,2026-09-11T15:47:21.662856638Z,"['Angular', 'GZIP Module', 'Google Analytics', 'Google Tag Manager', 'Instagram Follow Button', 'Next.js', 'Nginx', 'Perl', 'Pleroma', 'QUIC', 'Twitter Ads', 'UTF-8', 'Ubuntu', 'YouTube']"
talify-dev.com,Talify » Landing Page | Talify,,USA,72,24740,2026-09-11T15:36:31.247661936Z,"['Alternate Protocol', 'Angular', 'Express', 'Fireblade', 'Google Analytics', 'Google Cloud DNS', 'Google Font API', 'Google Tag Manager', 'NFOrce Internet', 'Nginx', 'Prospective', 'UTF-8', 'University or College', 'reCAPTCHA']"
timothybjacobs.com,Home – Timothy B. Jacobs,,,55,,2026-09-11T15:11:16.4990277Z,"['Alternate Protocol', 'Angular', 'Automattic', 'Content Delivery Network', 'GZIP Module', 'Google Related Website Sites', 'Jetpack', 'Microdata for Google Shopping', 'Nginx', 'PHP', 'Twitter Ads', 'UTF-8', 'WordPress', 'WordPress Multisite', 'WordPress Stats']"
nevada2day.com,2news.com,,USA,65,58416,2026-09-11T15:11:16.483292147Z,"['AWS WAF Challenge', 'Alternate Protocol', 'Amazon Associates Affiliate Shop', 'Amazon WAF Blocked', 'Angular', 'App Store', 'Content Delivery Network', 'DoubleClick Bid Manager', 'Express', 'Field59', 'Firebase', 'Form.IO', 'GZIP Module', 'Google', 'Google Analytics', 'Google Cloud CDN', 'Google Cloud DNS', 'Google Font API', 'Google Matched Content', 'Google My Business', 'Google Play', 'Google Related Website Sites', 'Google Reseller', 'Google Tag Manager', 'IcoMoon', 'Instagram Follow Button', 'Microdata for Google Shopping', 'NFOrce Internet', 'OneTrust Domain Verification', 'QUIC', 'Snowplow', 'TNT', 'Twitter Ads', 'UTF-8', 'YouTube', 'reCAPTCHA']"
rinori.ch,"Rinori Travel | Rinori Air & Tours GmbH - Fluturime ne PRISHTIN - ZÜRICH - SHKUP - SKOPJE - BASEL: Flugticket KOSOVO SCHEIZ, Rezervo Online, Online Flugbuchen nach Kosova. Zurich - Prishtinë e Gjenevë - Shkup",,CHE,77,17440,2026-09-11T14:51:30.021251051Z,"['Alternate Protocol', 'Angular', 'Angular Material', 'Facebook Login', 'Facebook Messenger Platform', 'Facebook Pixel', 'Facebook Reseller', 'Fireblade', 'Google', 'Google Cloud DNS', 'Google Font API', 'Instagram Follow Button', 'Nginx', 'PWA', 'QUIC', 'Tailwind CSS', 'Thank You', 'UTF-8', 'eLand', 'shadcn ui']"
wkolor.pl,WKOLOR - Elementy karoserii w kolorze twojego auta - Sprawdź teraz,,JPN,82,41940,2026-09-11T14:44:55.783876689Z,"['Angular', 'GZIP Module', 'Google Analytics', 'Google Cloud DNS', 'Google Cloud Storage', 'Google Font API', 'Google Related Website Sites', 'Google Tag Manager', 'Material-UI', 'Next.js', 'Nginx', 'ON24', 'PWA', 'UTF-8', 'Ubuntu']"
beautyatdebenhams.uk,"Fashion, Home & Beauty | Debenhams",,,72,198869,2026-09-11T14:44:55.761443794Z,"['AB Tasty', 'AWS WAF Challenge', 'Adult Content', 'Alternate Protocol', 'Amazon', 'Amazon CloudFront', 'Amazon Route 53', 'Angular', 'App Store', 'Bazaarvoice', 'BloomReach', 'CloudFront', 'Coming Soon Page', 'Content Delivery Network', 'DAV', 'Express', 'Fireblade', 'Google Analytics', 'Google My Business', 'Google Play', 'Google Tag Manager', 'Instagram Follow Button', 'Line2', 'Microdata for Google Shopping', 'Oddle', 'Parcel', 'Perl', 'QUIC', 'Remix', 'Tailwind CSS', 'University or College', 'YouTube', 'YourMembership', 'eLand', 'shadcn ui']"
vastgoedvragen.be,CIB - Het Vastgoednetwerk,,,62,6261,2026-09-11T14:35:43.410768909Z,"['Amazon WAF Blocked', 'Angular', 'ElementUI', 'Express', 'Flexmail', 'Font Awesome', 'GZIP Module', 'Google Analytics', 'Google Tag Manager', 'Instagram Follow Button', 'Iubenda', 'Microsoft Azure', 'Microsoft IIS', 'No-Q', 'Ntent', 'Tailwind CSS', 'UTF-8', 'Visual Studio', 'YouTube', 'shadcn ui']"
gomersalprimaryschool.co.uk,Home | Gomersal Primary School,,GBR,65,32440,2026-09-11T14:29:37.273441826Z,"['AWS WAF Challenge', 'Angular', 'Content Delivery Network', 'Corporate Governance and Regulatory Compliance', 'Facebook Embedded Posts', 'Fireblade', 'GZIP Module', 'GitHub Hosting', 'Google', 'Google Cloud CDN', 'Google Cloud DNS', 'Google Font API', 'Nginx', 'Tailwind CSS', 'UTF-8', 'University or College']"
cloudsaccountancy.com,Clouds Accountancy – Your Succes is our Priority,,,55,72,2026-09-11T14:00:39.584005395Z,"['Alternate Protocol', 'Angular', 'Apache', 'Better Lead Generation Services', 'CheryFramework', 'EmbedPress', 'Facebook Login', 'Facebook Messenger Platform', 'Facebook Reseller', 'GZIP Module', 'Google Cloud DNS', 'Google Font API', 'Kallyas', 'PHP', 'Sapper', 'Subversion', 'Theme In WP', 'UTF-8', 'WordPress', 'WordPress Multisite', 'bbPress', 'jQuery']"
saralenergy.org,Universal Energy | Vastu Expert Consultant | ManavGuru,C G Parivar,IND,82,18985,2026-09-11T14:00:39.562755722Z,"['AJAX Libraries API', 'AWS WAF Challenge', 'Adult Content', 'Alternate Protocol', 'Angular', 'App Store', 'CDN JS', 'Cloudflare', 'Cloudflare CDN', 'EmbedPress', 'Facebook Conversion Tracking', 'Facebook Login', 'Facebook Messenger Platform', 'Facebook Pixel', 'Facebook Reseller', 'Facebook Tag API', 'Font Awesome', 'GZIP Module', 'Google Analytics', 'Google Cloud DNS', 'Google Font API', 'Google My Business', 'Google Play', 'Google Tag Manager', 'IcoMoon', 'Instagram Follow Button', 'JW Player Platform', 'Material Design Icons', 'Microdata for Google Shopping', 'Microsoft Clarity', 'Nginx', 'PHP', 'Perl', 'PixelYourSite', 'StackPath', 'Tailwind CSS', 'Theme In WP', 'Twitter Ads', 'UTF-8', 'W3 Total Cache', 'WPBakery', 'WhatsApp Sharing', 'WordPress', 'WordPress Multisite', 'YouTube', 'jQuery', 'jsDelivr']"
gikoengineering.com,Giko Engineering,,,62,2539,2026-09-11T13:54:03.363711836Z,"['Angular', 'CDN JS', 'Cloudflare', 'Cloudflare CDN', 'Font Awesome', 'GZIP Module', 'Google', 'Google Cloud DNS', 'Google Font API', 'Google My Business', 'LiteSpeed', 'QUIC', 'UTF-8']"
jenmartinstudios.com,Jen Martin Studios,,,57,33284,2026-09-11T13:45:13.64805067Z,"['AWS WAF Challenge', 'Alternate Protocol', 'Angular Material', 'Appcues', 'Apture Linking Platform', 'Cloudflare', 'Cloudflare CDN', 'Format', 'Google My Business', 'Optimizely Recommendations', 'QUIC', 'UTF-8', 'reCAPTCHA']"
exceleurservices.com,Exceleur | AI-Driven Software Development Company,,IND,72,20000,2026-09-11T13:34:58.765934269Z,"['AWS WAF Challenge', 'Angular', 'Apache', 'Appium', 'Content Delivery Network', 'GZIP Module', 'Instagram Follow Button', 'Next.js', 'Pleroma', 'Python', 'QUIC', 'Tailwind CSS', 'UTF-8', 'Ubuntu', 'Vector Internet Services', 'shadcn ui']"
conceptofcommerce.in,Concept Of Commerce,,,57,12102,2026-09-11T13:34:58.74969792Z,"['AJAX Libraries API', 'Angular', 'Engage', 'Font Awesome', 'GZIP Module', 'Google Cloud DNS', 'Google Font API', 'Google My Business', 'Google Play', 'Google Tag Manager', 'MoEngage', 'Nginx', 'PWA', 'Perl', 'Pleroma', 'Sign In With Google', 'Tailwind CSS', 'UTF-8', 'jQuery']"
pharmip.me,Medicines and Healthcare products Regulatory Agency - GOV.UK,,GBR,77,10200,2026-09-11T13:25:51.107699452Z,"['Alternate Protocol', 'Angular', 'Apture Linking Platform', 'Content Delivery Network', 'DoubleClick Bid Manager', 'Fastly', 'GOV.UK Design System', 'Google', 'Google Analytics', 'Google My Business', 'Google Tag Manager', 'Instagram Follow Button', 'Microdata for Google Shopping', 'Nginx', 'SpeedCurve', 'Thank You', 'Twitter Ads', 'UTF-8', 'YouTube']"
everbestshop.com,EverBest – Best Online Shopping in India | Premium Products,EverBest,,57,4887,2026-09-11T13:21:38.956823542Z,"['Alternate Protocol', 'Amazon WAF Blocked', 'Angular', 'Apture Linking Platform', 'Baidu Cloud', 'Cloudflare', 'Cloudflare CDN', 'GoKwik', 'Google', 'Google Cloud DNS', 'Google Font API', 'Google Related Website Sites', 'IcoMoon', 'Microdata for Google Shopping', 'Monster', 'Perl', 'QUIC', 'Shopify', 'Shopify Collabs', 'UTF-8', 'Yandex Hosting', 'hCaptcha', 'reCAPTCHA']"
friendsinaction.org.uk,Friends in Action,,,50,63,2026-09-11T13:21:38.941830238Z,"['Alibaba Cloud CDN', 'Alternate Protocol', 'Angular', 'Content Delivery Network', 'Elementor', 'Elementor Addon Elements', 'ElementsKit Elementor', 'EmbedPress', 'Essential Addons for Elementor', 'Google', 'Google Cloud CDN', 'Google Cloud DNS', 'Google Font API', 'Hello Elementor', 'LiteSpeed', 'PHP', 'QUIC', 'Theme In WP', 'UTF-8', 'WordPress', 'WordPress Multisite', 'eLand', 'jQuery']"
osgninfotech.com,OSGN INFORMATICS AND TECHNOLOGIES – Feel the Technology….,,IND,60,983,2026-09-11T13:09:18.282425165Z,"['AWS WAF Challenge', 'Alternate Protocol', 'Angular', 'Cloudflare', 'Cloudflare CDN', 'Content Delivery Network', 'Elementor', 'EmbedPress', 'Google', 'Google Cloud DNS', 'Google Font API', 'Google My Business', 'LiteSpeed', 'NFOrce Internet', 'Newsletter for Wordpress', 'OceanWP', 'PHP', 'Tailwind CSS', 'Theme In WP', 'Twitter Ads', 'UTF-8', 'WP Mobile Menu', 'WPForms', 'Woo Themes', 'WooCommerce Checkout', 'WordPress', 'WordPress Multisite', 'WordPress Related Posts', 'YouTube', 'jQuery']"
bookmenow.pro,"bookmenow - HMS для готелей, будиночків, глемпів",,,72,4566,2026-09-11T13:09:18.278303199Z,"['Alternate Protocol', 'Angular', 'App Store', 'Booking Affiliate', 'Elementor', 'EmbedPress', 'Google', 'Google Analytics', 'Google Cloud CDN', 'Google Cloud DNS', 'Google Font API', 'Google My Business', 'Google Play', 'Google Related Website Sites', 'Google Tag Manager', 'Hotjar', 'Microdata for Google Shopping', 'Nginx', 'Notion', 'PHP', 'Telegram', 'The7', 'Theme In WP', 'UTF-8', 'WordPress', 'WordPress Multisite', 'jQuery', 'wpDataTables']"
nspay.eu,NSPAY,,,50,,2026-09-11T12:56:28.409434755Z,"['Angular', 'Angular Material', 'Express', 'QUIC', 'UTF-8']"
arjunyadav.co,Home,,GBR,65,40460,2026-09-11T12:56:28.401136983Z,"['Angular', 'Content Delivery Network', 'DAV', 'Google Cloud DNS', 'Google Font API', 'Material-UI', 'Next.js', 'ON24', 'Pleroma', 'QUIC', 'UTF-8', 'Vercel']"
foodogs.tw,Foo Dogs,,CHN,67,79,2026-09-11T12:46:07.878534985Z,"['Angular', 'Cloudflare', 'Cloudflare CDN', 'Coming Soon Page', 'Content Delivery Network', 'Google Cloud DNS', 'Google Font API']"
deforgedesign.com,"Carpet & Flooring Installation: Loveland, CO | DeForge Design",,USA,77,400,2026-09-11T12:46:07.877141654Z,"['AJAX Libraries API', 'Amazon S3 CDN', 'Angular', 'AutoComplete', 'GZIP Module', 'Google Analytics', 'Google Cloud DNS', 'Google Font API', 'Google Maps', 'Google My Business', 'Google Tag Manager', 'Nginx', 'PHP', 'Storyblocks', 'UTF-8', 'WordPress', 'eLand']"
karnatakaads.com,"Post Free Ads in karnataka | Karnataka Ads | Local Search, Order Food, Travel booking, Movies, Online Shopping, Free Classifieds Ads in Karnataka Ads Karnataka, Online Classified Advertising, Post Ads Online, Free Ads Posting Classifieds Karnataka | ads Karnataka - karnatakaads.com | Post Free Ads in karnataka",,IND,77,1010,2026-09-11T12:34:49.466363396Z,"['AJAX Libraries API', 'Alternate Protocol', 'Angular', 'Apture Linking Platform', 'Better Lead Generation Services', 'CDN JS', 'Cloudflare', 'Cloudflare CDN', 'DAV', 'Facebook Conversion Tracking', 'Facebook Login', 'Facebook Messenger Platform', 'Facebook Pixel', 'Facebook Reseller', 'Facebook Tag API', 'Google Adsense', 'Google Analytics', 'Google Cloud DNS', 'Google Custom Search', 'Google Funding Choices', 'Google Matched Content', 'Google My Business', 'Google Play', 'Google Related Website Sites', 'Google Reseller', 'Google Tag Manager', 'Materialize CSS', 'Microdata for Google Shopping', 'PHP', 'PWA', 'QUIC', 'UTF-8', 'University or College', 'Vello', 'WP Google Search', 'WhatsApp Sharing', 'YouTube', 'jQuery']"
northeastplans.co.uk,Architectural Services Newcastle - Architectural Services Newcastle | North East Architectural Plans,,,65,2933,2026-09-11T12:17:57.488758232Z,"['Alternate Protocol', 'Angular', 'Apache', 'Autoptimize', 'Cybot', 'DAV', 'EmbedPress', 'GZIP Module', 'Google', 'Google Analytics', 'Microdata for Google Shopping', 'UTF-8', 'W3 Total Cache', 'WordPress', 'WordPress Multisite', 'jQuery']"
caspian-properties.com,Home | Caspian Properties,,,62,616,2026-09-11T12:03:46.507672919Z,"['Alternate Protocol', 'Angular', 'Content Delivery Network', 'DuracellTomi Google Tag Manager for WordPress', 'ElementUI', 'EmbedPress', 'Font Awesome', 'Google Analytics', 'Google Tag Manager', 'IcoMoon', 'Instagram Follow Button', 'LiteSpeed', 'PHP', 'QUIC', 'Theme In WP', 'Twitter Ads', 'UTF-8', 'WhatsApp Sharing', 'WordPress', 'WordPress Multisite', 'YouTube', 'jQuery', 'shadcn ui']"
skrhinstitution.com,SKRH institution,,,57,12102,2026-09-11T11:52:40.512584558Z,"['AJAX Libraries API', 'Angular', 'Engage', 'Font Awesome', 'GZIP Module', 'Google Cloud DNS', 'Google Font API', 'Google My Business', 'Google Play', 'Google Tag Manager', 'MoEngage', 'Nginx', 'PWA', 'Perl', 'Pleroma', 'Sign In With Google', 'Tailwind CSS', 'UTF-8', 'jQuery']"
eusdhealthykids.org,Escondido Union School District - School Nutrition And Fitness,,USA,72,10249,2026-09-11T11:45:06.732899052Z,"['Amazon', 'Amazon CloudFront', 'Amazon Route 53', 'Angular', 'CDN JS', 'CloudFront', 'Cloudflare', 'Cloudflare CDN', 'ETranslate', 'ElementUI', 'Facebook Reseller', 'Fastly', 'Font Awesome', 'GZIP Module', 'Google', 'Google Analytics', 'Google Cloud DNS', 'Google Font API', 'Google My Business', 'Google Tag Manager', 'Instagram Follow Button', 'QUIC', 'Storyblocks', 'Twitter Ads', 'UTF-8', 'YouTube']"
kongahelectricompany.com,歡迎使用政府電子消費劵!,KongAhElectricCompany,CHN,77,96202,2026-09-11T11:30:41.166712178Z,"['Alexa Certified Site Metrics', 'Alternate Protocol', 'Amazon', 'Amazon CloudFront', 'Amazon Route 53', 'Amazon WAF Blocked', 'Angular', 'Apture Linking Platform', 'Bing Cashback', 'Bing Conversion Tracking', 'CloudFront', 'Content Delivery Network', 'Criteo', 'Criteo Reseller', 'DoubleClick Bid Manager', 'Express', 'Facebook CDN', 'Facebook Reseller', 'GZIP Module', 'Giphy', 'GitHub Hosting', 'GoDaddy', 'Google', 'Google Analytics', 'Google Cloud DNS', 'Google Font API', 'Google My Business', 'Google Reseller', 'Google Tag Manager', 'Idaq', 'Iterable', 'KVH', 'MailChimp', 'Microdata for Google Shopping', 'Mouseflow', 'OpenResty', 'QUIC', 'Seflow Italy', 'Sentry', 'Shopify', 'Shopline', 'Sumo', 'Swell Rewards', 'Tailwind CSS', 'UTF-8', 'Yahoo Image CDN', 'iZooto']"
s4spain.com,s4spain.com,,,60,1809,2026-09-11T11:30:41.154036095Z,"['Alternate Protocol', 'Angular', 'DAV', 'Elementor', 'ElementsKit Elementor', 'EmbedPress', 'Express', 'FormSubmit', 'Hello Elementor', 'Jeg Elementor Kit', 'Metform Elemento', 'NFOrce Internet', 'Neighborhoods', 'PHP', 'QUIC', 'Theme In WP', 'UTF-8', 'University or College', 'Vector Internet Services', 'WordPress', 'WordPress Multisite', 'jQuery']"
blackrockrva.com,- Certified Residential Appraiser,Blackrock Appraisals,USA,82,3047,2026-09-11T11:22:55.749857919Z,"['Alternate Protocol', 'Angular', 'Automattic', 'BatCache', 'Content Delivery Network', 'EmbedPress', 'Fastly', 'Google Analytics', 'Google Tag Manager', 'Gutenberg', 'Ixion', 'Jetpack', 'Jetpack Site Accelerator', 'Microdata for Google Shopping', 'Nginx', 'Perl', 'QUIC', 'Schema Plugin', 'UTF-8', 'WordPress', 'WordPress Multisite', 'WordPress Stats', 'jQuery']"
srgtutorial.com,SRG Tutorial,,,57,12102,2026-09-11T11:15:02.243421561Z,"['AJAX Libraries API', 'Angular', 'Engage', 'Font Awesome', 'GZIP Module', 'Google Cloud DNS', 'Google Font API', 'Google My Business', 'Google Play', 'Google Tag Manager', 'MoEngage', 'Nginx', 'PWA', 'Perl', 'Pleroma', 'Sign In With Google', 'Tailwind CSS', 'UTF-8', 'jQuery']"
lightpathllc.com,"LightPath Solutions, LLC – I Build Software",,,60,661,2026-09-11T10:40:48.587706501Z,"['ASP.NET MVC', 'Alternate Protocol', 'Amazon', 'Amazon CloudFront', 'Angular', 'Apache', 'CloudFront', 'Contact Form Plugin', 'EmbedPress', 'GZIP Module', 'Google Analytics', 'Google Cloud DNS', 'Google Font API', 'Google Maps', 'Google My Business', 'Google Tag Manager', 'NFOrce Internet', 'One Designs', 'PHP', 'Slider Revolution', 'Tailwind CSS', 'Theme In WP', 'UTF-8', 'Visual Studio', 'W3 Total Cache', 'WordPress', 'WordPress Multisite', 'jQuery']"
globalhealth.ku.dk,School of Global Health – University of Copenhagen,,DNK,72,38716,2026-09-11T10:03:40.412774299Z,"['AWS WAF Challenge', 'Angular', 'Apache', 'ArvanCloud', 'CrazyEgg', 'DAV', 'Debian', 'GZIP Module', 'Google Tag Manager', 'IcoMoon', 'Instagram Follow Button', 'Microdata for Google Shopping', 'Piwik PRO', 'Schema Plugin', 'Siteimprove', 'Tailwind CSS', 'Twitter Ads', 'UTF-8', 'University or College', 'YouTube', 'jQuery', 'jsDelivr']"
artsolutionhome.com,Meridian Construction and Design Studio,,BLR,77,9007,2026-09-11T10:03:40.390043409Z,"['ADFOX', 'Angular', 'Autoptimize', 'Bulma', 'Font Awesome', 'GZIP Module', 'Google Cloud DNS', 'Google Font API', 'Google Maps', 'IcoMoon', 'Instagram Follow Button', 'Nginx', 'PHP', 'UTF-8', 'WP Super Cache', 'WordPress', 'Yandex Hosting', 'Yandex Metrika']"
nederlandreview.nl,NederlandReview,,ZAF,60,10266,2026-09-11T09:46:21.803718601Z,"['Angular', 'Angular Material', 'Content Delivery Network', 'Ektron', 'Express', 'Google Analytics', 'Google Cloud DNS', 'Google Customer Reviews', 'Google Font API', 'Google My Business', 'Google Tag Manager', 'IcoMoon', 'Nginx', 'Tailwind CSS', 'UTF-8', 'Webwinkel Keurmerk', 'eLand', 'financeAds', 'shadcn ui']"
vinzotechblog.com,"VinzoTech Blog | Tech Guides, SaaS, AI Tools & Digital Trends",,,77,22110,2026-09-11T09:46:21.796939417Z,"['Alternate Protocol', 'Angular', 'Baidu Cloud', 'Elementor', 'ElementsKit Elementor', 'EmbedPress', 'Essential Addons for Elementor', 'GDPR Consent Management Platform', 'GitHub Hosting', 'Google Adsense', 'Google Analytics', 'Google Cloud DNS', 'Google Font API', 'Google Funding Choices', 'Google Matched Content', 'Google My Business', 'Google Reseller', 'Google Tag Manager', 'Hello Elementor', 'Instagram Follow Button', 'Media.net', 'Microdata for Google Shopping', 'MonsterInsights', 'NFOrce Internet', 'Onyx Internet', 'PHP', 'Perl', 'Post Slider and Carousel', 'Premium Addons for Elementor', 'QUIC', 'Qi Addons For Elementor', 'Theme In WP', 'To Top', 'Vector Internet Services', 'WP Fastest Cache', 'WP Responsive Recent Post Slider', 'WordPress', 'WordPress Multisite', 'Yandex Hosting', 'eLand']"
visualphilosophystudio.com,Visual Philosophy Studio | Maker Space | San Jose,Visual Philosophy,USA,72,170431,2026-09-11T09:39:10.15940012Z,"['123FormBuilder', 'Alternate Protocol', 'Amazon WAF Blocked', 'Angular', 'Apture Linking Platform', 'Content Delivery Network', 'DAV', 'Eventbrite', 'Express', 'Fastly', 'Fastly CDN', 'Fireblade', 'GZIP Module', 'Google Analytics', 'Google Related Website Sites', 'Google Tag Manager', 'Instagram Follow Button', 'K2F', 'KVH', 'Microdata for Google Shopping', 'NFOrce Internet', 'On The Map', 'POWr', 'PWA', 'Perl', 'QUIC', 'SMC', 'Seflow Italy', 'Sentry', 'SiteW', 'Subversion', 'Thank You', 'UTF-8', 'Vector Internet Services', 'WP Booking Calendar', 'Wix', 'Wix Media', 'iPlayerHD', 'mlcom']"
balkandance.eu,Начало | БалканДенс,,DEU,65,115,2026-09-11T09:39:10.152096838Z,"['Alternate Protocol', 'Angular', 'Apache', 'Apture Linking Platform', 'Google Cloud DNS', 'Google Font API', 'Instagram Follow Button', 'Instant SSL', 'UTF-8']"
racersphoto.com,Racers Photo - Home,,,57,40982,2026-09-11T09:39:10.121481343Z,"['AWS WAF Challenge', 'Alternate Protocol', 'Angular Material', 'Appcues', 'Apture Linking Platform', 'Cloudflare', 'Cloudflare CDN', 'Fireblade', 'Format', 'Google My Business', 'No-Q', 'Optimizely Recommendations', 'QUIC', 'UTF-8', 'reCAPTCHA']"
esteemedappraisals.com,New Jersey Apprasials - Esteemed Appraisals,,NOR,82,2912,2026-09-11T09:18:05.484499218Z,"['Alternate Protocol', 'Angular', 'Apache', 'Corporate Governance and Regulatory Compliance', 'EmbedPress', 'GZIP Module', 'Google', 'Google Cloud DNS', 'Google Font API', 'Jetpack', 'LayerSlider Responsive', 'Microdata for Google Shopping', 'PHP', 'QUIC', 'Theme In WP', 'WPBakery', 'Woo Themes', 'WordPress', 'WordPress Multisite', 'WordPress Stats', 'jQuery']"
acsllconline.com,"ACS LLC Online | Shop Quality Home, Beauty, Tech & Pet Products",acsllconline.com,,72,33504,2026-09-11T09:07:17.609001818Z,"['AWS WAF Challenge', 'Alternate Protocol', 'Amazon Widgets', 'Angular', 'Automattic', 'Cloudflare', 'Cloudflare CDN', 'Contact Form Plugin', 'Electro', 'EmbedPress', 'Fireblade', 'Google', 'Google Cloud CDN', 'Google Cloud DNS', 'Google Font API', 'Google My Business', 'Jetpack', 'Microdata for Google Shopping', 'PHP', 'QUIC', 'Slider Revolution', 'Tailwind CSS', 'Theme In WP', 'UTF-8', 'Vimeo', 'Woo Themes', 'WooCommerce', 'WooCommerce Checkout', 'WordPress', 'WordPress Multisite', 'WordPress Stats', 'YouTube', 'jQuery']"
naratify.com,Naratify : Animated Explainer Video Company for Businesses,Naratify,IND,77,4005,2026-09-11T08:52:57.205811001Z,"['Adult Content', 'Alternate Protocol', 'Angular', 'Bookly', 'Calendly', 'Cloudflare', 'Content Delivery Network', 'Elementor', 'EmbedPress', 'Google', 'Google Cloud CDN', 'Google Cloud DNS', 'Google Customer Reviews', 'Google Font API', 'Header, Footer and Blocks for Elementor', 'Hestia', 'Instagram Follow Button', 'LiteSpeed', 'Meta Slider for WordPress', 'Microdata for Google Shopping', 'Ninja Forms', 'PHP', 'Popup Maker for Wordpress', 'QUIC', 'Theme In WP', 'UTF-8', 'WP Slick Slider and Image Carousel', 'WPForms', 'Woo Themes', 'WooCommerce Checkout', 'WordPress', 'WordPress Multisite', 'YouTube', 'jQuery']"
resalahphysio.com,"Al Resalah Medical Center Sharjah- Physiotherapy, Orthopedic, GP",Al Resalah Physiotherapy,IND,82,20835,2026-09-11T08:52:57.199549989Z,"['AWS WAF Challenge', 'Alternate Protocol', 'Angular', 'Blocksy', 'CDN JS', 'Cloudflare', 'Cloudflare CDN', 'Content Delivery Network', 'Elementor', 'EmbedPress', 'Financial Services Guide', 'Google', 'Google Analytics', 'Google My Business', 'Google Related Website Sites', 'Google Tag Manager', 'Gtranslate for Wordpress', 'Instagram Follow Button', 'LiteSpeed', 'Microdata for Google Shopping', 'NFOrce Internet', 'Ntent', 'PHP', 'Site Kit', 'TablePress', 'Theme In WP', 'TrustIndex', 'UTF-8', 'WordPress', 'WordPress Multisite', 'YouTube', 'jQuery']"
algofruit.com,AlgoFruit - Host Algo Strategy Templates on Secure Cloud Servers | No Coding,,IND,72,17539,2026-09-11T08:38:42.341183832Z,"['AJAX Libraries API', 'Angular', 'Apache', 'App Store', 'DAV', 'Font Awesome', 'GZIP Module', 'Google', 'Google Analytics', 'Google Cloud DNS', 'Google Font API', 'Google My Business', 'Google Play', 'Google Tag Manager', 'Instagram Follow Button', 'QUIC', 'Tailwind CSS', 'Wangsu', 'YouTube', 'jQuery', 'jsDelivr']"
rigelsoftwaresolutions.com,Rigel Software Solution,,IND,65,40,2026-09-11T08:11:29.835491109Z,"['Angular', 'Apache', 'Bulma', 'GZIP Module', 'Google Cloud DNS', 'Google Font API', 'PHP', 'Placehold IT', 'QUIC', 'Tailwind CSS', 'Tawk', 'Twitter Ads', 'UTF-8', 'University or College', 'YouTube', 'jQuery']"
tm-esim.com,TM-eSIM,,PHL,67,15720,2026-09-11T07:58:40.725360518Z,"['Alternate Protocol', 'Angular', 'Apache', 'App Store', 'Bulma', 'CentOS', 'Express', 'Fireblade', 'Google My Business', 'Google Play', 'Google Related Website Sites', 'Microsoft Clarity', 'OpenSSL', 'PWA', 'QUIC', 'Tailwind CSS', 'TermsFeed', 'UTF-8']"
godocsmed.com,GoDocs Home - GoDocs | Primary Care & Urgent Care | Danville VA,,USA,72,880,2026-09-11T07:51:29.822483356Z,"['Angular', 'Apache', 'Canva Websites', 'Content Delivery Network', 'Facebook Embedded Posts', 'Google Cloud DNS', 'Google Font API', 'Google Maps', 'Google My Business', 'Google Related Website Sites', 'To Top', 'UTF-8']"
workly.app,HR lösningar för små och medelstora företag - Workly,Workly,,77,35870,2026-09-11T07:36:43.087089197Z,"['Alternate Protocol', 'Amazon WAF Blocked', 'Ametys', 'Angular', 'Apture Linking Platform', 'Calendly', 'Cloudflare', 'Cloudflare Bot Manager', 'Cloudflare CDN', 'Content Delivery Network', 'CookieYes', 'DoubleClick Bid Manager', 'Elementor', 'EmbedPress', 'Fireblade', 'Font Awesome', 'FormSubmit', 'Google Analytics', 'Google Related Website Sites', 'Google Tag Manager', 'Hello Elementor', 'Hubspot', 'Instagram Follow Button', 'Kitco', 'Lazy Load for WordPress', 'Microdata for Google Shopping', 'NFOrce Internet', 'Nginx', 'PHP', 'Perfmatters', 'Perl', 'Poptin', 'QUIC', 'RocketCDN', 'Schema Plugin', 'Site Kit', 'Table Addons for Elementor', 'UK Cookie Consent', 'UTF-8', 'WP Rocket', 'WordPress', 'WordPress Multisite']"
liangqiy.com,Liangqi Yuan,,,72,3427,2026-09-11T07:36:43.079724564Z,"['Alternate Protocol', 'Angular', 'ArvanCloud', 'Content Delivery Network', 'Font Awesome', 'GitHub Hosting', 'Google', 'Google Analytics', 'Google Cloud DNS', 'Google Font API', 'Google My Business', 'Google Tag Manager', 'Netlify', 'Sitelinks Search Box', 'UTF-8', 'University or College', 'jsDelivr']"
adtechtoday.com,Adtech Today: Latest Advertising News | Marketing News | PR updates,,CHN,82,18522,2026-09-11T07:22:13.580123376Z,"['AJAX Libraries API', 'Alternate Protocol', 'Angular', 'Apache', 'Baidu Cloud', 'CDN JS', 'Cloudflare', 'Cloudflare CDN', 'Contact Form Plugin', 'DAV', 'DoubleClick Bid Manager', 'EmbedPress', 'Financial Services Guide', 'GDPR Consent Management Platform', 'GZIP Module', 'GitHub Hosting', 'Google', 'Google Adsense', 'Google Cloud DNS', 'Google Font API', 'Google Funding Choices', 'Google Matched Content', 'Google Related Website Sites', 'Google Reseller', 'Instagram Follow Button', 'Lazy Load for WordPress', 'Media.net', 'Microdata for Google Shopping', 'No-Q', 'Onyx Internet', 'PHP', 'Perl', 'Popup Maker for Wordpress', 'Post Slider and Carousel', 'QUIC', 'Subversion', 'Theme In WP', 'UTF-8', 'WordPress', 'WordPress Multisite', 'Yandex Hosting', 'YouTube', 'eLand', 'jQuery']"
entrestudio.eu,En-Tre Studio | Начало,,,62,5840,2026-09-11T07:22:13.551545748Z,"['Angular Material', 'Content Delivery Network', 'Fastly', 'Google', 'Google Cloud CDN', 'Google Cloud DNS', 'Google Cloud Storage', 'Google Font API', 'Instagram Follow Button', 'Scully', 'UTF-8']"
gtixpress.store,gtiXpress eStore | Shop HP DesignJet Ink Online,gtiXpress eStore - 企業IT產品採購平台,CHN,77,75982,2026-09-11T07:05:37.57237194Z,"['Alexa Certified Site Metrics', 'Alternate Protocol', 'Amazon', 'Amazon CloudFront', 'Amazon Route 53', 'Amazon WAF Blocked', 'Angular', 'Apture Linking Platform', 'Bing Cashback', 'Bing Conversion Tracking', 'CloudFront', 'Content Delivery Network', 'Criteo', 'Criteo Reseller', 'DoubleClick Bid Manager', 'Express', 'Facebook CDN', 'Facebook Login', 'Facebook Messenger Platform', 'Facebook Reseller', 'GZIP Module', 'Giphy', 'GitHub Hosting', 'GoDaddy', 'Google Analytics', 'Google Conversion Tracking', 'Google My Business', 'Google Related Website Sites', 'Google Reseller', 'Google Tag Manager', 'Idaq', 'Iterable', 'MailChimp', 'Microdata for Google Shopping', 'Mouseflow', 'NFOrce Internet', 'OpenResty', 'QUIC', 'Seflow Italy', 'Sentry', 'Shopify', 'Shopline', 'Sumo', 'Swell Rewards', 'Tailwind CSS', 'UTF-8', 'Yahoo Image CDN', 'iZooto']"
hyrunpkg.com,Custom Cosmetic Packaging Manufacturer | Wholesale Solutions - Hyrun,hyrunpkg.com,CHN,82,4772,2026-09-11T07:05:37.55550018Z,"['Adult Content', 'Alternate Protocol', 'Angular', 'Contact Form Plugin', 'ElementUI', 'Elementor', 'EmbedPress', 'Google', 'Google Analytics', 'Google Cloud DNS', 'Google Font API', 'Google Maps', 'Google My Business', 'Google Tag Manager', 'Header, Footer and Blocks for Elementor', 'MailChimp for WordPress', 'Microdata for Google Shopping', 'NFOrce Internet', 'PHP', 'QUIC', 'Schema Plugin', 'Site Kit', 'Tawk', 'Theme In WP', 'UTF-8', 'WPForms', 'Woo Themes', 'WooCommerce', 'WooCommerce Checkout', 'WordPress', 'WordPress Multisite', 'jQuery']"
bramleygrangeprimaryschool.co.uk,Home | Bramley Grange Primary School,,GBR,65,17539,2026-09-11T06:39:52.826904354Z,"['Angular', 'Content Delivery Network', 'DAV', 'Fireblade', 'Font Awesome', 'GZIP Module', 'GitHub Hosting', 'Google', 'Google Calendar', 'Google Cloud CDN', 'Google Cloud DNS', 'Google Font API', 'Google My Business', 'Nginx', 'UTF-8', 'University or College']"
reimex.cl,Base de datos con más de 12 mil empresas frutícolas - REIMEX,,CHL,77,38588,2026-09-11T06:18:31.255248386Z,"['Angular Material', 'Apache', 'Endis', 'Express', 'Fireblade', 'GZIP Module', 'Google', 'Google Analytics', 'Google Cloud CDN', 'Google Tag Manager', 'Perl', 'Show.co', 'UTF-8', 'Vector Internet Services', 'YouTube']"
appsnipp.com,"App Snipp - Free Templates, Designs, Ui Kits, themes and Libraries for Android Studio and Flutter UI",appsnipp,,62,33957,2026-09-11T06:07:12.536091928Z,"['Alternate Protocol', 'Angular', 'Automattic', 'Bulma', 'Cloudflare', 'Cloudflare CDN', 'Cloudflare Web Analytics', 'Elementor', 'EmbedPress', 'Essential Addons for Elementor', 'Facebook Like', 'Fireblade', 'Google Adsense', 'Google Analytics', 'Google Cloud DNS', 'Google Font API', 'Google Funding Choices', 'Google Matched Content', 'Google My Business', 'Google Recommendations AI', 'Google Reseller', 'Google Tag Manager', 'Gutenberg Blocks by Kadence Blocks', 'Hestia', 'IcoMoon', 'Jetpack', 'Microdata for Google Shopping', 'OneSignal', 'PHP', 'Premium Addons for Elementor', 'QUIC', 'Tailwind CSS', 'Theme In WP', 'UTF-8', 'WPForms', 'Woo Themes', 'WooCommerce Checkout', 'WordPress', 'WordPress Multisite', 'WordPress Stats', 'jQuery']"
manaiawellbeing.co.nz,Manaia Yoga and Wellbeing with Melissa Gardiner,,,72,9993,2026-09-11T05:49:55.227248698Z,"['Alternate Protocol', 'Amazon WAF Blocked', 'Angular', 'Apture Linking Platform', 'Aruba', 'Baidu Cloud', 'Content Delivery Network', 'Divi', 'Duoban', 'Elegant Themes', 'EmbedPress', 'Express', 'Google', 'Google Cloud CDN', 'Google Cloud DNS', 'Google Font API', 'Google My Business', 'Gravity', 'Gravity Forms', 'LiteSpeed', 'Loomly', 'Microdata for Google Shopping', 'PHP', 'Perl', 'Tailwind CSS', 'Theme In WP', 'UTF-8', 'Woo Themes', 'WordPress', 'WordPress Multisite', 'Yandex Hosting', 'eLand', 'jQuery', 'reCAPTCHA']"
beststoicquotes.com,Stoic quotes - Marcus Aurelius & more | Best Stoic Quotes,,USA,72,21428,2026-09-11T04:58:23.525119944Z,"['AWS WAF Challenge', 'Angular', 'Cisco/Arrowpoint Content Service Switch', 'Content Delivery Network', 'Google Analytics', 'Google Tag Manager', 'Next.js', 'Pleroma', 'Product Hunt', 'QUIC', 'Sanity', 'Tailwind CSS', 'Twitter Ads', 'UTF-8', 'Vercel']"
diedevices.com,Home - Die Devices | Wafer | Dice | Products and Services,,,67,9408,2026-09-11T04:58:23.517787718Z,"['Angular', 'Facebook Reseller', 'GZIP Module', 'Google', 'Google Analytics', 'Google Cloud DNS', 'Google Font API', 'Google Maps', 'Google My Business', 'Google Tag Manager', 'IcoMoon', 'Microdata for Google Shopping', 'Schema Plugin', 'Twitter Ads', 'UTF-8', 'Vector Internet Services', 'arsys.es', 'reCAPTCHA']"
cut-paste-select.co,home,Cut & Paste 減貼選物,,57,29318,2026-09-11T04:51:01.065531928Z,"['Alexa Certified Site Metrics', 'Alternate Protocol', 'Amazon', 'Amazon CloudFront', 'Amazon Route 53', 'Amazon WAF Blocked', 'Angular', 'Apture Linking Platform', 'Bing Cashback', 'Bing Conversion Tracking', 'CloudFront', 'Content Delivery Network', 'Criteo', 'Criteo Reseller', 'DoubleClick Bid Manager', 'Express', 'Facebook CDN', 'Facebook Conversion Tracking', 'Facebook Login', 'Facebook Messenger Platform', 'Facebook Pixel', 'Facebook Reseller', 'Facebook Tag API', 'GZIP Module', 'Giphy', 'GitHub Hosting', 'GoDaddy', 'Google', 'Google Analytics', 'Google Cloud DNS', 'Google Font API', 'Google My Business', 'Google Reseller', 'Google Tag Manager', 'Idaq', 'Instagram Follow Button', 'Iterable', 'MailChimp', 'Microdata for Google Shopping', 'Mouseflow', 'OpenResty', 'QUIC', 'Seflow Italy', 'Sentry', 'Shopify', 'Shopline', 'Sumo', 'Swell Rewards', 'Tailwind CSS', 'UTF-8', 'WoWonder', 'Yahoo Image CDN', 'iZooto']"
ahmersdev.com,Frontend Engineer - React.js - Next.js,,USA,77,23178,2026-09-11T04:37:31.461821228Z,"['AWS WAF Challenge', 'Alternate Protocol', 'Angular', 'Elementor', 'EmbedPress', 'Express', 'FormSubmit', 'GitHub Hosting', 'Google Analytics', 'Google Cloud DNS', 'Google Font API', 'Google Tag Manager', 'Metform Elemento', 'Microdata for Google Shopping', 'NFOrce Internet', 'Nginx', 'PHP', 'Tailwind CSS', 'Theme In WP', 'UTF-8', 'University or College', 'Vector Internet Services', 'WordPress', 'WordPress Multisite', 'hCaptcha', 'jQuery']"
nextgenius.co.in,Next Genius Gyan Path,,,62,30139,2026-09-11T04:29:30.573112885Z,"['AJAX Libraries API', 'Angular', 'Engage', 'Font Awesome', 'GZIP Module', 'Google Cloud DNS', 'Google Font API', 'Google My Business', 'Google Play', 'Google Tag Manager', 'MoEngage', 'Nginx', 'PWA', 'Perl', 'Pleroma', 'Sign In With Google', 'Tailwind CSS', 'UTF-8', 'jQuery']"
shinybomb.co.uk,Shiny Bomb Jewellery,,,72,12223,2026-09-11T04:29:30.543038589Z,"['3 Products', 'AJAX Libraries API', 'Amazon CloudFront', 'Angular', 'Apture Linking Platform', 'Aruba', 'Baidu Cloud', 'CloudFront', 'Cloudflare', 'Cloudflare CDN', 'Coming Soon Page', 'DAV', 'Fancybox for WordPress', 'Fastly', 'Google Analytics', 'Google Cloud DNS', 'Google Tag Manager', 'Heroku', 'IcoMoon', 'Instagram Follow Button', 'Microdata for Google Shopping', 'Perl', 'QUIC', 'Shopify', 'Shopify Collabs', 'UTF-8', 'Vercel', 'Yandex Hosting', 'eLand', 'hCaptcha', 'jQuery', 'reCAPTCHA']"
jontweddell.co.uk,Northumberland Planning | Northumberland Planning Applications,Jon Tweddell Planning Ltd,GBR,92,3296,2026-09-11T04:21:09.571951586Z,"['Alternate Protocol', 'Angular', 'Apache', 'Contact Form Plugin', 'Content Delivery Network', 'EmbedPress', 'Font Awesome', 'GZIP Module', 'Google', 'Google Analytics', 'Google Cloud CDN', 'Google Cloud DNS', 'Google Font API', 'Google Tag Manager', 'Microdata for Google Shopping', 'PHP', 'Perl', 'Schema Plugin', 'Site Kit', 'Slider Revolution', 'Theme In WP', 'Tidio', 'Twenty Sixteen', 'UTF-8', 'WPBakery', 'WordPress', 'WordPress Multisite', 'eLand', 'jQuery']"
derawalsamiti.com,"Derawal Samiti – Faith, Service, Community",,,55,763,2026-09-11T04:21:09.555949299Z,"['AWS WAF Challenge', 'Alternate Protocol', 'Angular', 'Astra Theme', 'Cloudflare', 'Cloudflare CDN', 'Content Delivery Network', 'Elementor', 'EmbedPress', 'Google', 'Google Cloud DNS', 'Google Font API', 'Google My Business', 'Header, Footer and Blocks for Elementor', 'InitiativeS', 'LiteSpeed', 'NFOrce Internet', 'PHP', 'Table Addons for Elementor', 'Theme In WP', 'UTF-8', 'Woo Themes', 'WordPress', 'WordPress Multisite', 'WordPress Related Posts', 'jQuery']"
starryhopestudios.com,STARRY STUDIOS,,USA,55,739,2026-09-11T04:05:22.10844801Z,"['Adobe Creative Cloud WebFonts', 'Alternate Protocol', 'Angular', 'Aruba', 'Express', 'GZIP Module', 'Line2', 'Microdata for Google Shopping', 'No-Q', 'QUIC', 'Squarespace', 'UTF-8', 'WordPress SEO Structured Data Schema Plugin', 'eLand']"
hlmg.ca,TrackEnsure,,USA,65,248508,2026-09-11T04:05:22.087348009Z,"['AJAX Libraries API', 'AWS WAF Challenge', 'Adobe Analytics', 'Adobe Marketing Cloud', 'Angular', 'Apple Auto Link Maker', 'Apture Linking Platform', 'Envoy', 'Express', 'Fancybox for WordPress', 'Fireblade', 'GZIP Module', 'Google Analytics', 'Google Cloud DNS', 'Google My Business', 'Google Play', 'IcoMoon', 'Nginx', 'On The Map', 'QUIC', 'Tailwind CSS', 'UTF-8', 'YouTube', 'jQuery']"
givesmartorlando.com,Caring for Those Experiencing Homelessness - City of Orlando,,USA,82,68869,2026-09-11T03:52:51.843746495Z,"['AJAX Libraries API', 'AWS WAF Challenge', 'Angular', 'DAV', 'Facebook Conversion Tracking', 'Facebook Login', 'Facebook Messenger Platform', 'Facebook Pixel', 'Facebook Reseller', 'Facebook Tag API', 'Financial Services Guide', 'GZIP Module', 'Gambling Content', 'Google', 'Google Analytics', 'Google Cloud DNS', 'Google Font API', 'Google Tag Manager', 'Harbor', 'InitiativeS', 'Instagram Follow Button', 'Investor Relations', 'K2F', 'KVH', 'Monsido', 'NFOrce Internet', 'Neighborhoods', 'No-Q', 'QUIC', 'Subversion', 'Tailwind CSS', 'Telerik Controls', 'Twitter Ads', 'UTF-8', 'University or College', 'WordPress', 'YouTube', 'eLand', 'jQuery']"
greenworksorlando.com,Office of Sustainability & Resilience - City of Orlando,,USA,72,28539,2026-09-11T03:52:51.842830365Z,"['AJAX Libraries API', 'Alternate Protocol', 'Angular', 'DAV', 'Facebook Conversion Tracking', 'Facebook Login', 'Facebook Messenger Platform', 'Facebook Pixel', 'Facebook Reseller', 'Facebook Tag API', 'Financial Services Guide', 'GZIP Module', 'Gambling Content', 'Google', 'Google Analytics', 'Google Cloud DNS', 'Google Font API', 'Google Maps', 'Google My Business', 'Google Tag Manager', 'InitiativeS', 'Instagram Follow Button', 'Monsido', 'NFOrce Internet', 'O2MC Dimml', 'Perl', 'QUIC', 'Subversion', 'Tailwind CSS', 'Telerik Controls', 'Twitter Ads', 'UTF-8', 'University or College', 'YouTube', 'eLand', 'jQuery']"
draftlinewear.com,Custom Cycling Kits – Designed by DraftLine,,,72,2261,2026-09-11T03:31:55.505915571Z,"['Alternate Protocol', 'Angular', 'Astra Theme', 'BetterDocs', 'Contact Form Plugin', 'Content Delivery Network', 'Elementor', 'EmbedPress', 'Essential Addons for Elementor', 'Essential Blocks for Gutenberg', 'Google Analytics', 'Google Cloud DNS', 'Google Font API', 'Google Tag Manager', 'LiteSpeed', 'Max Mega Menu', 'Microdata for Google Shopping', 'NFOrce Internet', 'PHP', 'QUIC', 'Theme In WP', 'UTF-8', 'Woo Themes', 'WooCommerce', 'WooCommerce Checkout', 'WordPress', 'WordPress Multisite', 'WordPress Related Posts', 'jQuery']"
droiddevsolutions.in,Buy Android App Source Code | Portfolio & Landing Templates,Droid Dev Solutions,IND,77,43516,2026-09-11T03:31:55.499388993Z,"['Alternate Protocol', 'Angular', 'Automattic', 'Content Delivery Network', 'Elementor', 'EmbedPress', 'Endis', 'Gambling Content', 'Google Adsense', 'Google Analytics', 'Google Cloud DNS', 'Google Font API', 'Google Funding Choices', 'Google Matched Content', 'Google My Business', 'Google Reseller', 'Google Tag Manager', 'Instagram Follow Button', 'Jetpack', 'K2F', 'Keller Williams Realty', 'Line2', 'LiteSpeed', 'Microdata for Google Shopping', 'NFOrce Internet', 'PHP', 'PrestaShop', 'Python', 'QUIC', 'QUIC.cloud', 'Sitelinks Search Box', 'UTF-8', 'Woo Themes', 'WooFramework', 'WordPress', 'WordPress Multisite', 'WordPress Stats', 'XTemos Studio', 'YouTube']"
harleyhumidikool.com,Industrial Humidification and Outdoor Cooling-Harley Humidikool,Harley Humidikool,IND,82,2521,2026-09-11T03:12:04.84213718Z,"['Alternate Protocol', 'Angular', 'Apache', 'Astra Theme', 'Click to Chat for WhatsApp', 'Contact Form Plugin', 'Elementor', 'ElementsKit Elementor', 'EmbedPress', 'Facebook Like', 'Facebook Login', 'Facebook Messenger Platform', 'Facebook Reseller', 'GZIP Module', 'Google Analytics', 'Google Tag Manager', 'Instagram Follow Button', 'Microdata for Google Shopping', 'NFOrce Internet', 'OptiMole', 'PHP', 'Theme In WP', 'To Top', 'UTF-8', 'Ultimate Social Media', 'WP Fastest Cache', 'WhatsApp Sharing', 'Woo Themes', 'WordPress', 'WordPress Multisite', 'WordPress Related Posts', 'YouTube', 'eLand', 'jQuery']"
houseandshopappliances.co.uk,Home - Houseandshopappliances,Houseandshopappliances,,82,2636,2026-09-11T02:58:10.706866865Z,"['Alternate Protocol', 'Angular', 'Astra Theme', 'Content Delivery Network', 'Elementor', 'ElementsKit Elementor', 'EmbedPress', 'Google Cloud DNS', 'Google Font API', 'LiteSpeed', 'Microdata for Google Shopping', 'NFOrce Internet', 'Ntent', 'PHP', 'QUIC', 'Theme In WP', 'TrustIndex', 'UTF-8', 'Woo Themes', 'WordPress', 'WordPress Multisite', 'WordPress Related Posts', 'jQuery']"
internetprofil.pl,Profil Software: Custom Software Application Development Company Poland,Profil Software: Custom Software Application Development Company Poland,POL,87,43639,2026-09-11T02:58:10.645398702Z,"['AWS WAF Challenge', 'Alternate Protocol', 'Angular', 'Apture Linking Platform', 'Clutch', 'DoubleClick Bid Manager', 'Facebook Conversion Tracking', 'Facebook Login', 'Facebook Messenger Platform', 'Facebook Pixel', 'Facebook Reseller', 'Facebook Tag API', 'Fireblade', 'GZIP Module', 'Gatsby JS', 'Google', 'Google Analytics', 'Google Cloud DNS', 'Google Flights Conversion Tracking', 'Google Font API', 'Google Related Website Sites', 'Google Tag Manager', 'Instagram Follow Button', 'Investor Relations', 'Nginx', 'No-Q', 'Python', 'QUIC', 'Twitter Ads', 'WordPress SEO Structured Data Schema Plugin', 'YouTube']"
ellesborough-pc.gov.uk,Home - ellesborough-pc.gov.uk,,GBR,75,38640,2026-09-11T02:52:07.695328385Z,"['ASP.NET Core', 'AWS WAF Challenge', 'Alternate Protocol', 'Angular', 'Facebook Login', 'Facebook Reseller', 'Financial Services Guide', 'Google Analytics', 'Google Cloud DNS', 'Google Font API', 'Google Maps', 'Google Tag Manager', 'Iconz', 'Material Design Icons', 'QUIC', 'StackPath', 'Tailwind CSS', 'UTF-8', 'Unix', 'jQuery', 'jsDelivr', 'reCAPTCHA']"
staplefordabbottsparishcouncil.com,Home - staplefordabbotts.blogspot.com,,GBR,70,22440,2026-09-11T02:52:07.691129881Z,"['ASP.NET Core', 'Alternate Protocol', 'Angular', 'Facebook Login', 'Facebook Reseller', 'Google Analytics', 'Google Cloud DNS', 'Google Font API', 'Google Maps', 'Google Tag Manager', 'Iconz', 'QUIC', 'StackPath', 'Tailwind CSS', 'UTF-8', 'Unix', 'jQuery', 'jsDelivr']"
premierk9midtn.com,Fur Gone Wild LLC – Train to Tame: Well-mannered pups while embracing their wild side,,,62,2147,2026-09-11T02:43:19.294390215Z,"['Alternate Protocol', 'Angular', 'Automattic', 'CoBlocks', 'Content Delivery Network', 'EmbedPress', 'Jetpack', 'Jetpack Site Accelerator', 'NFOrce Internet', 'Nginx', 'Perl', 'Tailwind CSS', 'UTF-8', 'WordPress', 'WordPress Multisite', 'WordPress Stats']"
rightwalk.org,Rightwalk,,IND,72,29884,2026-09-11T02:39:18.428873905Z,"['AWS WAF Challenge', 'Alternate Protocol', 'Angular', 'Automattic', 'Cloudflare', 'Cloudflare CDN', 'Contact Form Plugin', 'Content Delivery Network', 'Elementor', 'EmbedPress', 'Express', 'Font Awesome', 'Google', 'Google Analytics', 'Google My Business', 'Google Tag Manager', 'Gutenberg', 'Hello Elementor', 'Instagram Follow Button', 'Jetpack', 'Jetpack Site Accelerator', 'Kitco', 'NFOrce Internet', 'Nginx', 'PHP', 'Perl', 'Premium Addons for Elementor', 'Site Kit', 'Twitter Ads', 'UTF-8', 'University or College', 'Vector Internet Services', 'WordPress', 'WordPress Multisite', 'WordPress Stats', 'YouTube', 'jQuery']"
vegaitglobal.ng,Software Development Company | Vega IT,Vega IT,SRB,82,483817,2026-09-11T02:39:18.418678867Z,"['AWS WAF Challenge', 'Alternate Protocol', 'Angular', 'Apollo IO', 'Apture Linking Platform', 'Bing Cashback', 'CDN JS', 'Cloudflare', 'Cloudflare CDN', 'Cybot', 'Digital Ocean Spaces', 'DoubleClick Bid Manager', 'Express', 'Facebook Reseller', 'Fireblade', 'Fluent Commerce', 'Google', 'Google Analytics', 'Google Cloud DNS', 'Google Font API', 'Google Maps', 'Google Matched Content', 'Google My Business', 'Google Reseller', 'Google Tag Manager', 'Instagram Follow Button', 'LinkedIn Pixel', 'Microdata for Google Shopping', 'Microsoft Clarity', 'Mouseflow', 'Ntent', 'Oribi Analytics', 'Perl', 'Piwik PRO', 'Salesforce', 'Salesforce Experience Cloud', 'Salesforce Hosted', 'Seflow Italy', 'Sitelinks Search Box', 'Twitter Ads', 'UTF-8', 'University or College', 'Vector Internet Services', 'Vimeo', 'Vimeo CDN', 'YouTube', 'reCAPTCHA']"
my-solar.es,MySolar is launching in Spain,,ESP,52,3,2026-09-11T02:12:01.709173327Z,"['Angular', 'Coming Soon Page', 'Google Cloud DNS', 'Google Font API', 'Google Maps', 'Google My Business', 'LiteSpeed', 'reCAPTCHA']"
dev-story.com,Dev Story: Building AI-Integrated Apps for the Future of Tech,Dev Story,AUS,77,56441,2026-09-11T01:52:58.593213224Z,"['AWS WAF Challenge', 'Alternate Protocol', 'Angular', 'Autoptimize', 'CCSI', 'CDN JS', 'Calendly', 'Cloudflare', 'Cloudflare CDN', 'ElementUI', 'EmbedPress', 'Free Call', 'Gambling Content', 'Google Analytics', 'Google My Business', 'Google Tag Manager', 'Instagram Follow Button', 'KVH', 'LiteSpeed', 'Microdata for Google Shopping', 'PHP', 'QUIC', 'Tailwind CSS', 'Thank You', 'Theme In WP', 'UTF-8', 'WonderPush', 'WordPress', 'WordPress Multisite', 'jQuery', 'jsDelivr', 'reCAPTCHA']"
vaccin.dk,VACCIN DK - Destinations and relevant vaccinations,,DNK,72,240,2026-09-11T01:22:26.052752086Z,"['Alternate Protocol', 'Angular', 'Content Delivery Network', 'Google Analytics', 'Google My Business', 'Google Tag Manager', 'Instagram Follow Button', 'Microdata for Google Shopping', 'Next.js', 'Pleroma', 'Schema Plugin', 'Tailwind CSS', 'UTF-8', 'Vercel']"
grainchart.net,Grainchart - HOME,,RUS,50,60,2026-09-11T01:16:02.733561205Z,"['Angular', 'Google My Business', 'Nginx', 'PHP', 'UTF-8', 'Yandex Hosting']"
cs-sport.co.th,CS Sport Thailand – Sportswear Manufacturer | OEM & ODM,,THA,60,269,2026-09-11T01:06:57.023609581Z,"['Alternate Protocol', 'Angular', 'EmbedPress', 'GZIP Module', 'Google Cloud DNS', 'Google Font API', 'Google My Business', 'Line2', 'Nectar Slide Plugin', 'Nginx', 'PHP', 'QUIC', 'Salient', 'Tailwind CSS', 'Theme In WP', 'UTF-8', 'Ubuntu', 'WPBakery', 'WordPress', 'WordPress Multisite', 'eLand', 'jQuery']"
apde.com.mx,Home | APDE,,MEX,55,3,2026-09-11T00:58:02.107213463Z,"['Angular', 'Apache', 'Corporate Governance and Regulatory Compliance', 'GZIP Module', 'Google Cloud DNS', 'Google Font API', 'To Top', 'UTF-8', 'University or College']"
hirerevenuerocket.com,Revenue Rocket - M&A and Growth Strategy Advisor for IT Services Firms,Revenue Rocket Consulting Group,USA,92,7271,2026-09-11T00:58:02.08312498Z,"['Akismet', 'Alternate Protocol', 'Amazon WAF Blocked', 'Angular', 'Animate It', 'Apture Linking Platform', 'Aruba', 'BatCache', 'Bridge', 'Content Delivery Network', 'Cookie Accept', 'Cookie Notice', 'DAV', 'EmbedPress', 'Facebook Conversion Tracking', 'Facebook Login', 'Facebook Messenger Platform', 'Facebook Pixel', 'Facebook Reseller', 'Facebook Tag API', 'Fastly', 'Font Awesome', 'FormSubmit', 'Google', 'Google Analytics', 'Google Conversion Tracking', 'Google My Business', 'Google Tag Manager', 'Gravity', 'Gravity Forms', 'Lazy Load for WordPress', 'LinkedIn Insights', 'LinkedIn Pixel', 'MailChimp', 'Microdata for Google Shopping', 'Microsoft Clarity', 'Nginx', 'PHP', 'Schema Plugin', 'Thank You', 'The Events Calendar', 'Theme In WP', 'Twitter Ads', 'UTF-8', 'WP Rocket', 'WPBakery', 'WordPress', 'WordPress Multisite', 'YouTube', 'eLand', 'jQuery', 'reCAPTCHA']"
formingstudies.net,FormingStudies,,DEU,62,,2026-09-11T00:22:34.998694861Z,"['Angular', 'Content Delivery Network', 'GZIP Module', 'Next.js', 'Nginx', 'Pleroma', 'UTF-8']"
bitstack.codes,BitStack Labs | Software Development Company in Hong Kong,BitStack Labs,,77,15228,2026-09-10T23:44:00.41896069Z,"['AWS WAF Challenge', 'Adult Content', 'Angular', 'Content Delivery Network', 'GZIP Module', 'Microdata for Google Shopping', 'Netlify', 'Next.js', 'QUIC', 'Tailwind CSS', 'Twitter Ads', 'UTF-8', 'shadcn ui']"
importedmachine.com,Yash Machine,,IND,50,2138,2026-09-10T23:36:23.859079664Z,"['Angular Material', 'BLR', 'Express', 'Font Awesome', 'Google Analytics', 'Google Cloud DNS', 'Google Font API', 'Google My Business', 'Google Tag Manager', 'Nginx', 'Tailwind CSS', 'Tawk', 'Tumblr', 'UTF-8', 'Umbler', 'YouTube']"
melodylane.app,Melody Lane - Music and Memory app,,,72,81069,2026-09-10T23:36:23.838769432Z,"['Angular', 'Apture Linking Platform', 'Aruba', 'Express', 'FormSubmit', 'GZIP Module', 'Instagram Follow Button', 'Line2', 'Magento Enterprise', 'Microdata for Google Shopping', 'QUIC', 'SiteW', 'Squarespace', 'UTF-8', 'Vector Internet Services', 'WordPress SEO Structured Data Schema Plugin', 'eLand']"
priorityhealthcarestaffing.com,Healthcare Staffing in Texas,Priority Healthcare Staffing,USA,82,2118,2026-09-10T23:26:39.092146185Z,"['Alternate Protocol', 'Angular', 'ElementUI', 'EmbedPress', 'Google Cloud DNS', 'Google Font API', 'Google My Business', 'Gtranslate for Wordpress', 'Instagram Follow Button', 'LiteSpeed', 'Microdata for Google Shopping', 'PHP', 'QUIC', 'Theme In WP', 'Twitter Ads', 'UTF-8', 'UserWay', 'WP Statistics', 'WordPress', 'WordPress Multisite', 'jsDelivr', 'reCAPTCHA']"
netzerotrend.com,Net Zero Trend >>,,CHN,82,16549,2026-09-10T23:26:39.067727424Z,"['AWS WAF Challenge', 'Alternate Protocol', 'Angular', 'Content Delivery Network', 'EmbedPress', 'LiteSpeed', 'NFOrce Internet', 'PHP', 'Theme In WP', 'UTF-8', 'WordPress', 'WordPress Multisite', 'jQuery']"
thewbkfirm.com,Weiner Brodsky Kider PC,Weiner Brodsky Kider PC,,67,12309,2026-09-10T23:17:34.792403584Z,"['Alternate Protocol', 'Angular', 'Content Delivery Network', 'Corporate Governance and Regulatory Compliance', 'EmbedPress', 'Fastly', 'GZIP Module', 'Google Analytics', 'Google Cloud DNS', 'Google Font API', 'Google Related Website Sites', 'Google Tag Manager', 'Microdata for Google Shopping', 'NFOrce Internet', 'PHP', 'RM Education', 'Tailwind CSS', 'Theme In WP', 'UTF-8', 'WordPress', 'WordPress Multisite', 'jQuery']"
techvision.global,Technology Solutions for Innovative Companies | TechVision,,USA,77,18397,2026-09-10T23:02:35.258877308Z,"['AWS WAF Challenge', 'Add to Any', 'Alternate Protocol', 'Angular', 'CDN JS', 'Cloudflare', 'Cloudflare CDN', 'Contact Form Plugin', 'Elegant Themes', 'EmbedPress', 'Font Awesome', 'GZIP Module', 'Google', 'Google Analytics', 'Google Cloud DNS', 'Google Font API', 'Google Related Website Sites', 'Google Tag Manager', 'Microdata for Google Shopping', 'Nginx', 'PHP', 'Theme In WP', 'UTF-8', 'WordPress', 'WordPress Multisite', 'jQuery']"
accubook.net,"GuestDiary.com - The Ultimate Cloud Diary PMS, Booking Engine, Channel Manager",AccuBook Ltd T/A GuestDiary.com,BRA,87,117577,2026-09-10T23:02:35.246796611Z,"['Adobe Creative Cloud WebFonts', 'Angular', 'Aruba', 'Booking Affiliate', 'Contento', 'Express', 'Facebook Login', 'Facebook Messenger Platform', 'Facebook Pixel', 'Facebook Reseller', 'Facebook Tag API', 'FormSubmit', 'GZIP Module', 'Google Analytics', 'Google Conversion Tracking', 'Google Tag Manager', 'Line2', 'Magento Enterprise', 'Microdata for Google Shopping', 'Pure Chat', 'QUIC', 'Rechat', 'SiteW', 'Squarespace', 'Twitter Ads', 'UTF-8', 'Vector Internet Services', 'WordPress SEO Structured Data Schema Plugin', 'YouTube', 'eLand']"
click2sale.co.il,Click2sale.co.il | Big Online Shopping - Click2Sale.co.il,,GBR,75,20496,2026-09-10T22:57:25.057766593Z,"['AliExpress', 'Alternate Protocol', 'Angular', 'Contact Form Plugin', 'Content Delivery Network', 'EmbedPress', 'Express', 'Fastly', 'Fireblade', 'Google', 'Google Cloud CDN', 'Google Cloud DNS', 'Google Font API', 'Google Maps', 'Google My Business', 'IcoMoon', 'LiteSpeed', 'Microdata for Google Shopping', 'PHP', 'QUIC', 'Slider Revolution', 'Tailwind CSS', 'Theme In WP', 'UTF-8', 'WPBakery', 'Woo Themes', 'WooCommerce', 'WooCommerce Checkout', 'WordPress', 'WordPress Multisite', 'jQuery']"
pidigitalsolutions.com,Digital Transformation Specialists - Pi Digital Solutions,PiDigital Solutions,GBR,77,17985,2026-09-10T22:52:08.581808967Z,"['1Password', 'AWS WAF Challenge', 'Alternate Protocol', 'Angular', 'EmbedPress', 'Fastly', 'GZIP Module', 'Google Analytics', 'Google Tag Manager', 'Gutenberg Blocks by Kadence Blocks', 'Kadence WP', 'Microdata for Google Shopping', 'Nginx', 'PHP', 'Post Grid', 'QUIC', 'Sitelinks Search Box', 'Theme In WP', 'Twitter Ads', 'UTF-8', 'WordPress', 'WordPress Multisite']"
bravewarriors.co.za,bravewarriors.co.za - Florida,,ZAF,62,31188,2026-09-10T22:42:29.27310543Z,"['AWS WAF Challenge', 'Angular Material', 'Endis', 'Instagram Follow Button', 'LiteSpeed', 'Oddle', 'Twitter Ads', 'UTF-8']"
beautysolstudio.com,home-demo - Beautysolstudio,Beautysolstudio,PHL,92,25464,2026-09-10T22:31:17.623341295Z,"['AWS WAF Challenge', 'Alternate Protocol', 'Angular', 'Astra Theme', 'Cloudflare', 'Cloudflare CDN', 'Content Delivery Network', 'Elementor', 'ElementsKit Elementor', 'EmbedPress', 'Essential Addons for Elementor', 'Google', 'Google Cloud CDN', 'Google Cloud DNS', 'Google Font API', 'Google My Business', 'Gtranslate for Wordpress', 'Instagram Follow Button', 'LiteSpeed', 'Material Design Icons', 'Microdata for Google Shopping', 'NFOrce Internet', 'PHP', 'QUIC', 'Royal Elementor Addons', 'Sitelinks Search Box', 'Slider Revolution', 'Theme In WP', 'TrustIndex', 'UTF-8', 'Vector Internet Services', 'Woo Themes', 'WooCommerce', 'WooCommerce Checkout', 'WordPress', 'WordPress Multisite', 'WordPress Related Posts', 'jQuery']"
yachtsailtraining.com,"RYA Sailing School & Powerboat Courses, Tours/Transfers 2026",,IMN,87,58517,2026-09-10T22:10:47.232459135Z,"['AWS WAF Challenge', 'Alternate Protocol', 'Amazon WAF Blocked', 'Analytify', 'Angular', 'Anti-spam for WordPress', 'Better Lead Generation Services', 'CarpeDiem', 'Cisco/Arrowpoint Content Service Switch', 'CleanTalk Spam Protect', 'Cloudflare', 'Cloudflare CDN', 'Cloudflare Web Analytics', 'Contact Form Plugin', 'Corporate Governance and Regulatory Compliance', 'DAV', 'Efilli', 'Elementor', 'EmbedPress', 'Essential Addons for Elementor', 'Essential Blocks for Gutenberg', 'Fireblade', 'Google Analytics', 'Google Cloud DNS', 'Google Font API', 'Google My Business', 'Google Related Website Sites', 'Google Tag Manager', 'Gravity', 'HT Mega', 'Harbor', 'Instagram Follow Button', 'Microdata for Google Shopping', 'NFOrce Internet', 'No-Q', 'O2MC Dimml', 'PHP', 'Parallels Plesk Panel', 'Perl', 'Sitelinks Search Box', 'Subversion', 'Table Addons for Elementor', 'Theme In WP', 'Twitter Ads', 'UTF-8', 'WordPress', 'WordPress Multisite', 'WordPress Related Posts', 'YouTube', 'jQuery', 'jsDelivr']"
compareairportdeal.co.uk,Compare Airport Deal,,GBR,75,1287,2026-09-10T22:00:11.168501183Z,"['Angular', 'CDN JS', 'Cloudflare', 'Cloudflare CDN', 'Cloudflare Web Analytics', 'Font Awesome', 'Google Analytics', 'Google Related Website Sites', 'Google Tag Manager', 'IcoMoon', 'PHP', 'QUIC', 'Tawk', 'UTF-8', 'WhatsApp Sharing']"
imconsulting.no,Home - Mikkelsen Coaching and Consulting AS,Mikkelsen Coaching and Consulting AS,,72,17848,2026-09-10T21:28:31.43494879Z,"['AWS WAF Challenge', 'Alternate Protocol', 'Angular', 'Cloudflare', 'Cloudflare CDN', 'Content Delivery Network', 'EmbedPress', 'Google', 'Google My Business', 'LiteSpeed', 'Microdata for Google Shopping', 'PHP', 'QUIC', 'Theme In WP', 'UTF-8', 'WPForms', 'WordPress', 'WordPress Multisite', 'YouTube', 'jQuery']"
drjones.com.au,"Jones Radiology | X-ray, Ultrasound, MRI, CT, Nuclear Medicine",,AUS,67,21845,2026-09-10T21:21:57.57763152Z,"['Alternate Protocol', 'Angular', 'Cloudflare', 'EmbedPress', 'FormSubmit', 'Google Analytics', 'Google Cloud DNS', 'Google Font API', 'Google My Business', 'Google Related Website Sites', 'Google Tag Manager', 'HubSpot Conversations', 'HubSpot WordPress Plugin', 'Hubspot', 'Microdata for Google Shopping', 'Nginx', 'QUIC', 'UTF-8', 'WP Fastest Cache', 'WordPress', 'WordPress Multisite', 'jsDelivr', 'reCAPTCHA']"
kiyotomotea.com,KIYOTOMO Oolong Tea,清友明心KIYOTOMO,,62,79622,2026-09-10T21:21:57.570306449Z,"['Alexa Certified Site Metrics', 'Alternate Protocol', 'Amazon', 'Amazon CloudFront', 'Amazon Route 53', 'Amazon WAF Blocked', 'Angular', 'Apture Linking Platform', 'Bing Cashback', 'Bing Conversion Tracking', 'CloudFront', 'Content Delivery Network', 'Criteo', 'Criteo Reseller', 'DAV', 'DoubleClick Bid Manager', 'Ember.js', 'Express', 'Facebook CDN', 'Facebook Conversion Tracking', 'Facebook Login', 'Facebook Messenger Platform', 'Facebook Pixel', 'Facebook Reseller', 'Facebook Tag API', 'GZIP Module', 'Giphy', 'GitHub Hosting', 'GoDaddy', 'Google', 'Google Analytics', 'Google Cloud DNS', 'Google Conversion Tracking', 'Google Font API', 'Google My Business', 'Google Related Website Sites', 'Google Reseller', 'Google Tag Manager', 'Idaq', 'Instagram Follow Button', 'Iterable', 'MailChimp', 'Microdata for Google Shopping', 'Mouseflow', 'NFOrce Internet', 'OpenResty', 'QUIC', 'Seflow Italy', 'Sentry', 'Shopify', 'Shopline', 'Sumo', 'Swell Rewards', 'Tailwind CSS', 'UTF-8', 'Yahoo Image CDN', 'iZooto', 'reCAPTCHA']"
denturesandimplants.ca,Dentures & Implants | Denture Clinic | CDCP Accepted,Dentures &amp; Implant Solutions Riverview,CAN,82,22680,2026-09-10T21:10:27.454375172Z,"['AWS WAF Challenge', 'Akismet', 'Alternate Protocol', 'Angular', 'Automattic', 'Cloudflare', 'Cloudflare CDN', 'Contact Form Plugin', 'Content Delivery Network', 'Elementor', 'EmbedPress', 'Google', 'Google Analytics', 'Google Maps', 'Google My Business', 'Google Related Website Sites', 'Google Tag Manager', 'Instagram Follow Button', 'Jetpack', 'Jetpack Site Accelerator', 'Microdata for Google Shopping', 'NFOrce Internet', 'Newsletter for Wordpress', 'Nginx', 'OceanWP', 'PHP', 'QUIC', 'Schema Plugin', 'Tailwind CSS', 'Theme In WP', 'UTF-8', 'WP Mobile Menu', 'WPForms', 'Woo Themes', 'WooCommerce Checkout', 'WordPress', 'WordPress Multisite', 'WordPress Stats', 'jQuery', 'reCAPTCHA']"
luckyfriday.app,Lucky Friday: Budgeting App for iOS and Web,Lucky Friday,USA,87,11871,2026-09-10T20:59:57.317787896Z,"['AJAX Libraries API', 'Amazon', 'Amazon CloudFront', 'Angular', 'App Store', 'CloudFront', 'Cloudflare', 'Content Delivery Network', 'Financial Services Guide', 'GZIP Module', 'Google', 'Google Cloud DNS', 'Google Font API', 'IcoMoon', 'Microdata for Google Shopping', 'Newsletter for Wordpress', 'Oddle', 'Pinterest Conversion Tracking', 'QUIC', 'Tailwind CSS', 'UTF-8', 'Vector Internet Services', 'WF Cookie Consent', 'Webflow']"
jenlampton.com,Drupal & Backdrop Blog | Jennifer Lea Lampton,,USA,77,6260,2026-09-10T20:59:57.27319174Z,"['Alternate Protocol', 'Angular', 'Apache', 'Backdrop', 'Cisco/Arrowpoint Content Service Switch', 'Content Delivery Network', 'DAV', 'Debian', 'GZIP Module', 'GitHub Hosting', 'Google Analytics', 'Google Tag Manager', 'Nginx', 'Pantheon', 'Perl', 'UTF-8']"
todohules.com,TodoHules,,,55,22490,2026-09-10T20:41:09.72367701Z,"['Angular', 'Cloudinary', 'Content Delivery Network', 'Font Awesome', 'Google Cloud DNS', 'Google Font API', 'Material-UI', 'Next.js', 'ON24', 'UTF-8', 'Vector Internet Services', 'Vercel']"
tuleohutult.eu,Tuleohutult OÜ - Tuleohutusteenused,Tuleohutult OÜ,,67,17649,2026-09-10T20:36:08.755788327Z,"['AWS WAF Challenge', 'Alternate Protocol', 'Angular', 'Apache', 'Cloudflare', 'Cloudflare CDN', 'EmbedPress', 'GZIP Module', 'Google', 'Google Analytics', 'Google My Business', 'Google Tag Manager', 'Microdata for Google Shopping', 'MonsterInsights', 'PHP', 'Theme In WP', 'UTF-8', 'WordPress', 'WordPress Multisite']"
groundswellmural.org,Groundswell NYC,Groundswell NYC,USA,65,51760,2026-09-10T20:27:55.318415902Z,"['Adobe Creative Cloud WebFonts', 'Amazon S3 CDN', 'Angular', 'Constant Contact', 'Content Delivery Network', 'DAV', 'Express', 'GZIP Module', 'Givelively', 'Google Analytics', 'Google Tag Manager', 'Heroku', 'InitiativeS', 'Instagram Follow Button', 'Microdata for Google Shopping', 'SMC', 'Schema Plugin', 'Storyblocks', 'Twitter Ads', 'UTF-8']"
markinccarpets.com,Home - Mark Inc. Carpets | Bespoke Carpets Fairfield County,,NPL,77,1600,2026-09-10T20:23:22.52673321Z,"['Amazon S3 CDN', 'Angular', 'Ethy', 'GZIP Module', 'Google Analytics', 'Google Cloud DNS', 'Google Font API', 'Google Tag Manager', 'Harbor', 'Next.js', 'Perl', 'Pleroma', 'Storyblocks', 'Styled Components', 'UTF-8']"
vardhmanshop.com,Lowest Wholesale Prices: Best Electrical Shop in Delhi,,IND,72,89999,2026-09-10T20:08:50.378084921Z,"['Angular', 'Better Lead Generation Services', 'Fireblade', 'Font Awesome', 'Google Analytics', 'Google Cloud DNS', 'Google Font API', 'Google My Business', 'Google Related Website Sites', 'Google Tag Manager', 'KVH', 'Microsoft Azure', 'Microsoft IIS', 'QUIC', 'SMC', 'Tailwind CSS', 'Twitter Ads', 'UTF-8', 'Visual Studio', 'reCAPTCHA']"
oil-drillingtool.com,Quality Oil Drilling Tool & Downhole Power Tool factory from China,,CHN,77,20468,2026-09-10T19:52:42.078512039Z,"['Alternate Protocol', 'Angular', 'DAV', 'Facebook Pixel', 'Facebook Tag API', 'GZIP Module', 'IcoMoon', 'KVH', 'Microdata for Google Shopping', 'Nginx', 'QUIC', 'UTF-8', 'WhatsApp Sharing', 'jQuery']"
arappraisals.com,New Jersey Property Appraisers | American Realty Appraisals,American Realty Appraisals,,57,25421,2026-09-10T19:39:56.868999823Z,"['Angular', 'Aruba', 'Elfsight', 'Express', 'GZIP Module', 'Google Analytics', 'Google Customer Reviews', 'Google My Business', 'Google Tag Manager', 'Line2', 'Magento Enterprise', 'Microdata for Google Shopping', 'QUIC', 'SiteW', 'Squarespace', 'UTF-8', 'WordPress SEO Structured Data Schema Plugin', 'eLand']"
eastmedholidays.com,EastMed Villas,EastMed Villas,CYP,77,6139,2026-09-10T19:31:19.603826702Z,"['Amazon WAF Blocked', 'Angular', 'Apache', 'Apture Linking Platform', 'Fancybox for WordPress', 'Font Awesome', 'GZIP Module', 'GitHub Hosting', 'Google', 'Google Analytics', 'Google Cloud DNS', 'Google Font API', 'Google Maps', 'Google My Business', 'Google Tag Manager', 'Microdata for Google Shopping', 'New Relic', 'PHP', 'Tailwind CSS', 'UTF-8', 'reCAPTCHA']"
montauto.earth,MontautoFrontend,,,65,17479,2026-09-10T19:18:04.403230101Z,"['Angular', 'Coming Soon Page', 'DAV', 'Facebook Login', 'Facebook Messenger Platform', 'Facebook Reseller', 'Fireblade', 'GZIP Module', 'Google', 'Google Cloud CDN', 'Google Cloud DNS', 'Google Font API', 'Google My Business', 'InitiativeS', 'Instagram Follow Button', 'Nginx', 'QUIC', 'Sign In With Google', 'University or College']"
bemiss-ptg.com,Bemiss Elementary PTG | Homepage,Big Nest,USA,82,38489,2026-09-10T19:18:04.402794445Z,"['501c3 Status Nonprofit', 'AWS WAF Challenge', 'Angular', 'Content Delivery Network', 'Fastly', 'Formspree', 'Google', 'Google Cloud', 'Google Cloud CDN', 'Google Cloud DNS', 'Google Cloud Storage', 'Google My Business', 'Google Recommendations AI', 'Instagram Follow Button', 'Microdata for Google Shopping', 'PWA', 'QUIC', 'Tailwind CSS', 'UTF-8']"
aatmyogashala.com,Best Yoga Teacher Training in Rishikesh | Aatm Yogashala,,IND,87,3219,2026-09-10T19:18:04.389579754Z,"['Alternate Protocol', 'Angular', 'Apture Linking Platform', 'CDN JS', 'Cloudflare', 'Cloudflare CDN', 'DAV', 'Font Awesome', 'Google Customer Reviews', 'Google My Business', 'Google Related Website Sites', 'Instagram Follow Button', 'Investor Relations', 'Microdata for Google Shopping', 'PHP', 'QUIC', 'Tailwind CSS', 'Thank You', 'UTF-8', 'University or College', 'WordPress', 'Yandex Hosting', 'YouTube', 'jsDelivr']"
debbielouphotography.com,Debbie Lou Photography,,,72,101904,2026-09-10T19:18:04.381227241Z,"['AWS WAF Challenge', 'Angular Material', 'Appcues', 'Apture Linking Platform', 'Cloudflare', 'Cloudflare CDN', 'Fireblade', 'Format', 'Gambling Content', 'Google My Business', 'Optimizely Recommendations', 'QUIC', 'UTF-8', 'reCAPTCHA']"
sterlingwood.org,Home | Sterling Wood Church,,USA,65,40,2026-09-10T19:18:04.360944513Z,"['501c3 Status Nonprofit', 'Angular', 'Apture Linking Platform', 'Content Delivery Network', 'Engintron', 'GZIP Module', 'Google Cloud DNS', 'Google Font API', 'Google Maps', 'Google My Business', 'Instagram Follow Button', 'Nginx', 'To Top', 'UTF-8', 'University or College', 'YouTube']"
blakeadcockrealestate.com,Home - Blake Adcock Real Estate,Blake Adcock Real Estate LLC,USA,82,1849,2026-09-10T18:55:57.914229527Z,"['Alternate Protocol', 'Angular', 'Contact Form Plugin', 'Content Delivery Network', 'EmbedPress', 'GZIP Module', 'Google Analytics', 'Google My Business', 'Google Tag Manager', 'IcoMoon', 'Microdata for Google Shopping', 'Neve', 'Nginx', 'PHP', 'Simple Membership', 'Theme In WP', 'UTF-8', 'WordPress', 'WordPress Multisite', 'jQuery', 'reCAPTCHA']"
akinlosotu.tech,Home - My Portfolio,,,50,200,2026-09-10T18:43:06.812990353Z,"['AWS WAF Challenge', 'Angular', 'CDN JS', 'Cloudflare', 'Cloudflare CDN', 'GZIP Module', 'GitHub Hosting', 'Instagram Follow Button', 'Nginx', 'Pleroma', 'Python', 'Tailwind CSS', 'Thank You', 'UTF-8']"
cleanslatepressurewashing.net,Clean Slate Pressure Washing – Cleaning With A Purpose,,,57,660,2026-09-10T18:43:06.800494211Z,"['Alternate Protocol', 'Angular', 'Automattic', 'BatCache', 'Content Delivery Network', 'EmbedPress', 'Fastly', 'Gutenberg', 'Jetpack', 'Jetpack Site Accelerator', 'Nginx', 'Oracle Cloud', 'Perl', 'Sapper', 'UTF-8', 'WordPress', 'WordPress Multisite', 'WordPress Stats', 'jQuery']"
urjahvsystem.com,urjahvsystem,,IND,60,63,2026-09-10T18:33:01.356689223Z,"['Alternate Protocol', 'Angular', 'Elementor', 'ElementsKit Elementor', 'EmbedPress', 'Essential Addons for Elementor', 'Google', 'Google Cloud CDN', 'Google Cloud DNS', 'Google Font API', 'Header, Footer and Blocks for Elementor', 'Hello Elementor', 'Nginx', 'PHP', 'Theme In WP', 'UTF-8', 'WordPress', 'WordPress Multisite', 'jQuery']"
holistichealhub.com,Home - Holistichealhub,Holistichealhub,GBR,85,31045,2026-09-10T18:33:01.352340854Z,"['AWS WAF Challenge', 'Alternate Protocol', 'Angular', 'Apture Linking Platform', 'CDN JS', 'Cloudflare', 'Cloudflare CDN', 'Contact Form Plugin', 'Content Delivery Network', 'EmbedPress', 'Fireblade', 'Google Cloud DNS', 'Google Customer Reviews', 'Google Font API', 'Google Maps', 'Google My Business', 'Gutenberg Blocks by Kadence Blocks', 'Kadence WP', 'LiteSpeed', 'Microdata for Google Shopping', 'Ntent', 'PHP', 'QUIC', 'Sapper', 'Telegram', 'Theme In WP', 'TrustIndex', 'UTF-8', 'WhatsApp Sharing', 'WordPress', 'WordPress Multisite', 'jQuery']"
loveschnauzers.com,Top Quality AKC Miniature Schnauzer Puppies | Reberstein's,Reberstein’s Miniature Schnauzers,USA,77,39312,2026-09-10T18:23:27.705891355Z,"['AJAX Libraries API', 'AWS WAF Challenge', 'Alternate Protocol', 'Amazon WAF Blocked', 'Angular', 'BLR', 'Cloudflare', 'Cloudflare CDN', 'DAV', 'Data Tables Generator by Supsystic', 'Elementor', 'EmbedPress', 'Facebook Embedded Posts', 'Fastly', 'Financial Services Guide', 'Font Awesome', 'Google', 'Google Analytics', 'Google Cloud CDN', 'Google Cloud DNS', 'Google Font API', 'Google My Business', 'Google Related Website Sites', 'Google Tag Manager', 'IcoMoon', 'Instagram Follow Button', 'Microdata for Google Shopping', 'Nginx', 'Ntent', 'PHP', 'Pagekit', 'Perl', 'Photo Gallery for WordPress', 'QUIC', 'Sitelinks Search Box', 'Smart Slider 3', 'Theme In WP', 'Tumblr', 'Twitter Ads', 'UTF-8', 'Umbler', 'Vector Internet Services', 'WPBakery', 'Woo Themes', 'WordPress', 'WordPress Multisite', 'Yandex Hosting', 'Yelp Badge', 'YouTube', 'YouTube Advanced by Embed Plus', 'eLand', 'jQuery']"
dumplinghouseent.com,Dumpling House Entertainment | Create Engaging Ads Today,,USA,82,76333,2026-09-10T18:23:27.677479851Z,"['Adobe Creative Cloud WebFonts', 'Angular', 'Aruba', 'DAV', 'Express', 'GZIP Module', 'Gambling Content', 'Instagram Follow Button', 'Line2', 'Magento Enterprise', 'Microdata for Google Shopping', 'QUIC', 'SiteW', 'Squarespace', 'Tailwind CSS', 'UTF-8', 'University or College', 'WordPress SEO Structured Data Schema Plugin', 'YouTube', 'eLand']"
walleyewaypoint.com,Walleye Waypoint – Walleye Guide Service,,USA,65,4959,2026-09-10T18:00:56.825371432Z,"['Alternate Protocol', 'Angular', 'Apache', 'Astra Theme', 'Automattic', 'Elementor', 'EmbedPress', 'GZIP Module', 'Google', 'Google Cloud DNS', 'Google Font API', 'Instagram Follow Button', 'Jetpack', 'NFOrce Internet', 'PHP', 'QUIC', 'Sapper', 'Theme In WP', 'UTF-8', 'WP Super Cache', 'Woo Themes', 'WordPress', 'WordPress Multisite', 'WordPress Related Posts', 'WordPress Stats', 'jQuery']"
tugboatholdings.com,Tugboat Holdings,,,67,4142,2026-09-10T17:46:37.386241365Z,"['Amazon', 'Amazon CloudFront', 'Amazon Route 53', 'Amazon S3 CDN', 'Angular', 'CloudFront', 'Content Delivery Network', 'Envoy', 'Freshteam', 'Harbor', 'Next.js', 'Styled Components']"
audioeditingsecrets.com,Home - Audio Editing Secrets,Audio Editing Secrets,,65,2824,2026-09-10T17:31:49.271425999Z,"['Accordion Blocks', 'Alternate Protocol', 'Angular', 'Apture Linking Platform', 'Content Delivery Network', 'DuracellTomi Google Tag Manager for WordPress', 'EmbedPress', 'Google Analytics', 'Google Cloud DNS', 'Google Font API', 'Google Tag Manager', 'Gutenberg Blocks by Kadence Blocks', 'Instagram Follow Button', 'Kadence WP', 'LiteSpeed', 'Matomo', 'Matomo Tag Manager', 'Microdata for Google Shopping', 'PHP', 'Tawk', 'Theme In WP', 'Twitter Ads', 'UTF-8', 'Woo Themes', 'WooCommerce', 'WooCommerce Checkout', 'WooCommerce Payments', 'WordPress', 'WordPress Multisite', 'YouTube', 'jQuery']"
narcisjewels.com,Narcis Jewelry - Made For Eternity,Narcis Jewelry,,62,19166,2026-09-10T17:24:38.796251869Z,"['3 Products', 'AWS WAF Challenge', 'Alternate Protocol', 'Angular', 'Aruba', 'Automattic', 'Cloudflare', 'Cloudflare CDN', 'EmbedPress', 'Express', 'Google', 'Google Analytics', 'Google Cloud CDN', 'Google My Business', 'Google Tag Manager', 'Gutenberg', 'Instagram Follow Button', 'Jetpack', 'Jetpack Site Accelerator', 'Line2', 'Max Mega Menu Pro', 'Microdata for Google Shopping', 'PHP', 'UTF-8', 'WPForms', 'Woo Themes', 'WooCommerce', 'WooCommerce Checkout', 'WooCommerce Payments', 'WordPress', 'WordPress Multisite', 'WordPress Stats', 'eLand', 'jQuery']"
goldengateglobalschool.com,Golden Gate Global School,,IND,82,3237,2026-09-10T17:15:21.094166839Z,"['Alternate Protocol', 'Angular', 'Contact Form Plugin', 'Corporate Governance and Regulatory Compliance', 'Elementor', 'ElementsKit Elementor', 'EmbedPress', 'FreeCSSTemplates', 'Google Cloud DNS', 'Google Font API', 'IcoMoon', 'Instagram Follow Button', 'LiteSpeed', 'Microdata for Google Shopping', 'NFOrce Internet', 'Newsletter for Wordpress', 'OceanWP', 'PHP', 'Perl', 'QUIC', 'Sitelinks Search Box', 'TablePress', 'Tailwind CSS', 'Theme In WP', 'Twitter Ads', 'UTF-8', 'WP Mobile Menu', 'WPForms', 'WhatsApp Sharing', 'Woo Themes', 'WooCommerce Checkout', 'WordPress', 'WordPress Multisite', 'WordPress Related Posts', 'YouTube', 'jQuery']"
b2cinfosolutions.com,"Best Mobile App Development Company in USA, India, UK",B2C Info Solution,IND,77,186040,2026-09-10T17:04:34.311664163Z,"['Angular', 'Apache', 'CDN JS', 'ClickCease', 'Cloudflare', 'Cloudflare CDN', 'Clutch', 'DMCA Badge', 'Facebook Login', 'Facebook Messenger Platform', 'Facebook Pixel', 'Facebook Reseller', 'Facebook Tag API', 'Fireblade', 'GZIP Module', 'GetResponse', 'GoodFirms', 'Google', 'Google Analytics', 'Google Cloud DNS', 'Google Conversion Tracking', 'Google Font API', 'Google My Business', 'Google Related Website Sites', 'Google Tag Manager', 'Instagram Follow Button', 'Medium', 'Microdata for Google Shopping', 'PHP', 'Python', 'Salesforce Hosted', 'Tailwind CSS', 'Tidio', 'Twitter Ads', 'UTF-8', 'WhatsApp Sharing', 'reCAPTCHA']"
ykcapital.ai,YK Capital,,,60,658,2026-09-10T16:55:37.355840617Z,"['Alternate Protocol', 'Angular', 'Calendly', 'Contact Form Plugin', 'Content Delivery Network', 'Elementor', 'EmbedPress', 'Google Cloud DNS', 'Google Font API', 'Instagram Follow Button', 'LiteSpeed', 'NFOrce Internet', 'PHP', 'Popup Maker for Wordpress', 'Telegram', 'Theme In WP', 'TradingView', 'UTF-8', 'Woo Themes', 'WooCommerce', 'WooCommerce Checkout', 'WordPress', 'WordPress Multisite', 'eLand', 'jQuery']"
mindfullyart.com,"Mindful Art: A Journey to Creativity, Calm, and Self-Discovery",,ZAF,77,22428,2026-09-10T16:46:17.275748063Z,"['501c3 Status Nonprofit', 'AWS WAF Challenge', 'Accordion FAQ', 'Angular', 'CDN77 Hosted', 'Content Delivery Network', 'Express', 'Facebook Conversion Tracking', 'Facebook Login', 'Facebook Messenger Platform', 'Facebook Pixel', 'Facebook Reseller', 'Facebook Tag API', 'Google', 'Google Cloud DNS', 'Google Font API', 'Instagram Follow Button', 'Nginx', 'QUIC', 'SendPulse', 'Tailwind CSS', 'Thank You', 'UPS', 'UTF-8', 'Vimeo CDN', 'Yandex Hosting', 'YouTube']"
shirang.com,SHIRANG,SHRIANG interactive media,,62,3120,2026-09-10T16:46:17.254721541Z,"['Alternate Protocol', 'Angular', 'Apache', 'CDN JS', 'Cloudflare', 'Cloudflare CDN', 'CookieConsent', 'GZIP Module', 'GitHub Hosting', 'Google Analytics', 'Google Flights Conversion Tracking', 'Google My Business', 'Google Related Website Sites', 'Google Tag Manager', 'ISO/IEC 8859', 'Jekyll', 'QUIC', 'Twitter Ads', 'UTF-8', 'Volkswagen Financial Services', 'Yandex Hosting']"
bainbridgebarn.net,BARN - Bainbridge Artisan Resource Network,BARN,USA,77,16453,2026-09-10T16:37:41.053933372Z,"['AWS WAF Challenge', 'Alternate Protocol', 'Angular', 'Cloudflare', 'Content Delivery Network', 'DAV', 'EmbedPress', 'Google Analytics', 'Google Tag Manager', 'Gravity', 'Instagram Follow Button', 'Microdata for Google Shopping', 'PHP', 'QUIC', 'Sapper', 'SiteW', 'Thank You', 'ThemeFusion', 'Twitter Ads', 'UTF-8', 'WP Engine', 'WPFront Notification Bar', 'WordPress', 'WordPress Multisite', 'YouTube', 'jQuery']"
ripplehire.org,Enterprise AI ATS & Recruitment Automation Platform | RippleHire,,,62,30679,2026-09-10T16:37:41.053302002Z,"['AWS WAF Challenge', 'Angular', 'Bulma', 'CDN JS', 'Cloudflare', 'Cloudflare CDN', 'Coming Soon Page', 'Content Delivery Network', 'Fastly', 'Google', 'Google Analytics', 'Google Cloud DNS', 'Google Font API', 'Google Tag Manager', 'Hubspot Knowledge Base', 'Instagram Follow Button', 'Tailwind CSS', 'UTF-8', 'University or College', 'YouTube', 'jQuery', 'jsDelivr']"
teng.ind.br,T-ENG MONTAGENS,,,30,,2026-09-10T16:30:27.703829383Z,"['Angular', 'Apache', 'Bulma', 'FreeCSSTemplates', 'GZIP Module', 'Google My Business', 'jQuery']"
techtactician.com,Tech Tactician | Hands-On Tech Reviews & Practical Guides,Tech Tactician,,82,1721,2026-09-10T16:30:27.673797239Z,"['Alternate Protocol', 'Amazon WAF Blocked', 'Angular', 'Apture Linking Platform', 'Content Delivery Network', 'EmbedPress', 'Ezoic Direct', 'GDPR Consent Management Platform', 'Google Adsense', 'Google Analytics', 'Google Cloud DNS', 'Google Font API', 'Google Funding Choices', 'Google Matched Content', 'Google My Business', 'Google Reseller', 'Google Tag Manager', 'Jetpack', 'Microdata for Google Shopping', 'Newspaper', 'Nginx', 'PHP', 'QUIC', 'Sitelinks Search Box', 'Twitter Ads', 'UTF-8', 'WP Rocket', 'WPBakery', 'WhatsApp Sharing', 'Woo Themes', 'WordPress', 'WordPress Multisite', 'YouTube', 'jQuery', 'reCAPTCHA', 'tagDiv Cloud Library']"
seymourlawllp.com,Seymour – Seymour Law | Jersey Law Firm & Lawyers,,JEY,65,16444,2026-09-10T15:52:51.150338998Z,"['3D FlipBook', 'AWS WAF Challenge', 'Alternate Protocol', 'Angular', 'Apache', 'Contact Form Plugin', 'EmbedPress', 'Google Cloud DNS', 'Google Font API', 'Google My Business', 'Microdata for Google Shopping', 'PHP', 'Schema Plugin', 'Slider Revolution', 'Theme In WP', 'UTF-8', 'WPBakery', 'Woo Themes', 'WooCommerce', 'WooCommerce Checkout', 'WordPress', 'WordPress Multisite', 'eLand', 'jQuery', 'reCAPTCHA']"
artemio.tech,Artemio.tech,,USA,72,41059,2026-09-10T15:52:51.128673191Z,"['Angular', 'Content Delivery Network', 'Express', 'Font Awesome', 'GitHub Hosting', 'Google Cloud DNS', 'Google Font API', 'Heroku', 'Instagram Follow Button', 'Material-UI', 'Medium', 'Next.js', 'ON24', 'Pleroma', 'Twitter Ads', 'UTF-8', 'Vercel']"
ceqt.in,CEQT,,,57,12102,2026-09-10T15:52:51.115375973Z,"['AJAX Libraries API', 'Angular', 'Engage', 'Font Awesome', 'GZIP Module', 'Google Cloud DNS', 'Google Font API', 'Google My Business', 'Google Play', 'Google Tag Manager', 'MoEngage', 'Nginx', 'PWA', 'Perl', 'Pleroma', 'Sign In With Google', 'Tailwind CSS', 'UTF-8', 'University or College', 'jQuery']"
vvstudycircle.in,VV Study circle,,,52,12102,2026-09-10T15:36:10.093140702Z,"['AJAX Libraries API', 'Angular', 'Engage', 'Font Awesome', 'GZIP Module', 'Google Cloud DNS', 'Google Font API', 'Google My Business', 'Google Play', 'Google Tag Manager', 'MoEngage', 'Nginx', 'PWA', 'Perl', 'Pleroma', 'Sign In With Google', 'Tailwind CSS', 'UTF-8', 'jQuery']"
plastixxffs.com,Plastixx FFS Technologies | Home,,CAN,72,180828,2026-09-10T15:21:08.137900825Z,"['Alternate Protocol', 'Amazon WAF Blocked', 'Angular', 'Apture Linking Platform', 'Content Delivery Network', 'DC74', 'Express', 'Fastly', 'Fastly CDN', 'Fireblade', 'GZIP Module', 'Google Analytics', 'Google Related Website Sites', 'KVH', 'LinkedIn Insights', 'LinkedIn Pixel', 'Microdata for Google Shopping', 'NFOrce Internet', 'On The Map', 'PWA', 'Pardot', 'QUIC', 'SMC', 'Seflow Italy', 'Sentry', 'SiteW', 'Thank You', 'UTF-8', 'Vector Internet Services', 'Wix', 'Wix Media', 'mlcom']"
omg-centre.com,Omni Mind Gym Group,Omni Mind Gym Group,,52,216,2026-09-10T15:03:23.661017806Z,"['Alternate Protocol', 'Angular', 'Apture Linking Platform', 'Automattic', 'BJ Lazy Load for WordPress', 'Bookly', 'Contact Form Plugin', 'Content Delivery Network', 'Custom Twitter Feeds', 'EmbedPress', 'Express', 'Facebook CDN', 'Facebook Conversion Tracking', 'Facebook Embedded Posts', 'Facebook Login', 'Facebook Messenger Platform', 'Facebook Pixel', 'Facebook Reseller', 'Facebook Tag API', 'Google Analytics', 'Google Conversion Tracking', 'Google My Business', 'Google Tag Manager', 'Instagram Follow Button', 'Jetpack', 'Jetpack Site Accelerator', 'Linktree', 'Microdata for Google Shopping', 'MonsterInsights', 'Nginx', 'PHP', 'PixelYourSite', 'Popup Builder', 'QUIC', 'Sapper', 'The7', 'Theme In WP', 'UTF-8', 'Variation Swatches for WooCommerce', 'Visual Composer Ultimate Addons', 'WPBakery', 'Woo Themes', 'WooCommerce', 'WooCommerce Checkout', 'WooCommerce Payments', 'WordPress', 'WordPress Multisite', 'WordPress Stats', 'YouTube', 'a3 Lazy Load', 'jQuery', 'reCAPTCHA']"
drerealty.com,DRE Realty | Miami & South Florida Real Estate Experts - DRE Realty,,,67,18928,2026-09-10T15:03:23.641995346Z,"['Angular', 'AutoComplete', 'Bulma', 'ETranslate', 'Facebook Login', 'Facebook Messenger Platform', 'Facebook Reseller', 'GTranslate', 'GZIP Module', 'Google Analytics', 'Google Cloud DNS', 'Google Maps', 'Google My Business', 'Google Recommendations AI', 'Google Related Website Sites', 'IcoMoon', 'Nginx', 'PHP', 'Parcel', 'QUIC', 'Tailwind CSS', 'UTF-8', 'jQuery', 'jsDelivr']"
jurlinacontractors.co.nz,Jurlina Contractors | Earthmoving & Excavation Auckland,,NZL,67,228,2026-09-10T15:03:23.634930512Z,"['Amazon WAF Blocked', 'Angular', 'Content Delivery Network', 'Netlify', 'Tailwind CSS', 'UTF-8']"
connectionchronicle.com,"Connection Chronicle! – Reviving Connections, Sharing Insights.",,GBR,82,15647,2026-09-10T15:03:23.630395732Z,"['AWS WAF Challenge', 'Alternate Protocol', 'Angular', 'Automattic', 'Automattic Direct', 'CoBlocks', 'Content Delivery Network', 'EmbedPress', 'GDPR Consent Management Platform', 'Global Privacy Control', 'Google Analytics', 'Instagram Follow Button', 'Jetpack', 'Jetpack Site Accelerator', 'Nginx', 'Tailwind CSS', 'US Privacy User Signal Mechanism', 'UTF-8', 'WordPress', 'WordPress Multisite', 'WordPress Stats', 'YouTube']"
ohher.co,OHHER | ALL FOR HER與妳一同開啟自我探索之旅,OH!HER,,67,78662,2026-09-10T14:26:41.105015446Z,"['Alexa Certified Site Metrics', 'Alternate Protocol', 'Amazon', 'Amazon CloudFront', 'Amazon Route 53', 'Amazon WAF Blocked', 'Angular', 'Apture Linking Platform', 'Bing Cashback', 'Bing Conversion Tracking', 'CloudFront', 'Content Delivery Network', 'Criteo', 'Criteo Reseller', 'DoubleClick Bid Manager', 'Express', 'Facebook CDN', 'Facebook Conversion Tracking', 'Facebook Login', 'Facebook Messenger Platform', 'Facebook Pixel', 'Facebook Reseller', 'Facebook Tag API', 'GZIP Module', 'Giphy', 'GitHub Hosting', 'GoDaddy', 'Google', 'Google Analytics', 'Google Cloud DNS', 'Google Conversion Tracking', 'Google Font API', 'Google My Business', 'Google Related Website Sites', 'Google Reseller', 'Google Tag Manager', 'Idaq', 'Instagram Follow Button', 'Iterable', 'MailChimp', 'Microdata for Google Shopping', 'Mouseflow', 'NFOrce Internet', 'OpenResty', 'QUIC', 'Seflow Italy', 'Sentry', 'Shopify', 'Shopline', 'Sumo', 'Swell Rewards', 'Tailwind CSS', 'UTF-8', 'Vimeo', 'Yahoo Image CDN', 'YouTube', 'iZooto']"
gscs.online,GSCS Home of the Alumni Achievers |,,PHL,65,366,2026-09-10T14:21:30.745305725Z,"['Alternate Protocol', 'Angular', 'Contact Form Plugin', 'Content Delivery Network', 'Divi', 'Elegant Themes', 'EmbedPress', 'Font Awesome', 'Google Analytics', 'Google Cloud DNS', 'Google Font API', 'Google Maps', 'Google Tag Manager', 'LiteSpeed', 'MouseWheel Smooth Scroll', 'PHP', 'Theme In WP', 'UTF-8', 'WordPress', 'WordPress Multisite', 'eLand', 'jQuery']"
marketscopeadvisor.com,MarketScope Advisor,,,57,60003,2026-09-10T14:15:40.911938111Z,"['Adobe Analytics', 'Adobe Marketing Cloud', 'Angular', 'Apache', 'GZIP Module', 'Google Analytics', 'Google Cloud DNS', 'Google Font API', 'QUIC', 'Stripe', 'Tailwind CSS', 'jQuery']"
trywurknow.com,Workforce Management Software for Staffing | WurkNow,,USA,72,1080,2026-09-10T13:21:36.561990066Z,"['Alternate Protocol', 'Angular', 'Chakra UI', 'Content Delivery Network', 'Google Analytics', 'Google Related Website Sites', 'Google Tag Manager', 'Instagram Follow Button', 'Next.js', 'Pleroma', 'Termly', 'UTF-8', 'Vercel']"
coachmewell.com.au,CAC | Workplace Health & Wellbeing | Melbourne & Regional Victoria,CAC,SYC,62,112228,2026-09-10T13:21:36.553315116Z,"['Alternate Protocol', 'Amazon', 'Amazon WAF Blocked', 'Angular', 'Apture Linking Platform', 'Content Delivery Network', 'DC74', 'Express', 'Fastly', 'Fastly CDN', 'Fireblade', 'GZIP Module', 'Google Related Website Sites', 'Microdata for Google Shopping', 'NFOrce Internet', 'PWA', 'QUIC', 'SMC', 'Seflow Italy', 'Sentry', 'SiteW', 'UTF-8', 'Vector Internet Services', 'Wix', 'Wix Media', 'mlcom']"
school-tools.lu,SchoolTools,,LUX,82,180008,2026-09-10T13:13:24.639636257Z,"['AAPT', 'Angular', 'Angular Material', 'Apyl', 'CCSI', 'DAV', 'Express', 'Federal Deposit Insurance Corporation', 'Financial Services Guide', 'Gandi', 'Google', 'Google Analytics', 'Google Cloud CDN', 'Google Cloud DNS', 'Google Font API', 'Google Tag Manager', 'HHVM', 'HMDG', 'IPFS', 'Instagram Follow Button', 'K2F', 'KVH', 'No-Q', 'PHP', 'Paessler', 'Perl', 'Phew', 'SMC', 'Silicon Valley Web Hosting', 'Subversion', 'UTF-8', 'Vello', 'Visx', 'Vvveb', 'YouTube', 'Zope']"
kronostudios.com,KRONOSTUDIOS – Timeless Digital Solutions,,KWT,40,,2026-09-10T13:13:24.639214301Z,"['Alternate Protocol', 'Angular', 'Instagram Follow Button', 'LiteSpeed', 'QUIC', 'UTF-8', 'jQuery']"
gordonwaynewatts.com,"Gordon Wayne Watts personal site: Reports on Student Loan abuse, Terri Schiavo, FDLE, Star Trek, & other top stories, like the 2002 FLA Election problems not reported in ""mainstream"" media.",,USA,77,201490,2026-09-10T12:56:02.613103573Z,"['501c3 Status Nonprofit', 'AWS WAF Challenge', 'Adult Content', 'Alternate Protocol', 'Amazon Associates', 'Amazon WAF Blocked', 'Amazon Widgets', 'Angular', 'Apache', 'Apple Auto Link Maker', 'Apture Linking Platform', 'Automattic', 'BLR', 'Bankrate', 'Bing Cashback', 'CCSI', 'CollegeDegrees', 'Coming Soon Page', 'Cornerstone', 'DAV', 'Express', 'Fastly', 'Fastly CDN', 'Fireblade', 'Fundrazr', 'GZIP Module', 'Gambling Content', 'GetGist', 'GoDaddy', 'GoFundMe', 'Google My Business', 'HostGator', 'ID Services', 'ISO/IEC 8859', 'InitiativeS', 'Instagram Follow Button', 'Interchange', 'KVH', 'Medium', 'NFOrce Internet', 'Nomics', 'Ntent', 'Oddle', 'PHP', 'PayPal Adaptive Payments', 'PayPal Button', 'PayPal Form', 'Perl', 'Phew', 'Prospective', 'QUIC', 'SMC', 'Share Link', 'Show.co', 'Square', 'Tapatalk', 'Thank You', 'The Fresh', 'Tumblr', 'Twitter Ads', 'USPS', 'University or College', 'Way', 'Website Tonight', 'WordPress', 'Yahoo Finance Widget', 'YouTube', 'eLand']"
4pathstoamilliondollars.com,4 Proven Real Estate Paths to Build Wealth Fast,,,52,30518,2026-09-10T12:46:07.335414758Z,"['AWS WAF Challenge', 'Alternate Protocol', 'Amazon', 'Amazon CloudFront', 'Amazon S3 CDN', 'Angular', 'Apture Linking Platform', 'Aruba', 'Cart.com', 'CloudFront', 'GZIP Module', 'Google Cloud DNS', 'Google Font API', 'Google My Business', 'Nginx', 'PHP', 'Storyblocks', 'Stripe', 'UTF-8', 'eLand', 'reCAPTCHA']"
eliteestheticsclinic.com,Elite Dental Clinic | HSR Layout | Best Dentist in HSR Layout | Haralur,Elite Esthetics & Dental Clinic,IND,77,5449,2026-09-10T12:35:50.092451756Z,"['Alternate Protocol', 'Angular', 'Click to Chat for WhatsApp', 'Contact Form Plugin', 'Content Delivery Network', 'Elementor', 'ElementsKit Elementor', 'EmbedPress', 'Financial Services Guide', 'Font Awesome', 'Google', 'Google Analytics', 'Google Cloud CDN', 'Google Cloud DNS', 'Google Conversion Tracking', 'Google Font API', 'Google My Business', 'Google Tag Manager', 'IcoMoon', 'Instagram Follow Button', 'LiteSpeed', 'Microdata for Google Shopping', 'NFOrce Internet', 'Ntent', 'PHP', 'QUIC', 'Site Kit', 'Theme In WP', 'TrustIndex', 'UTF-8', 'WordPress', 'WordPress Multisite', 'eLand', 'jQuery']"
kitcheeonlinestore.com,Kitchee Online Store,Kitchee Online Store,,62,78662,2026-09-10T12:29:44.748813085Z,"['Alexa Certified Site Metrics', 'Alternate Protocol', 'Amazon', 'Amazon CloudFront', 'Amazon Route 53', 'Amazon WAF Blocked', 'Angular', 'Apture Linking Platform', 'Bing Cashback', 'Bing Conversion Tracking', 'CloudFront', 'Content Delivery Network', 'Criteo', 'Criteo Reseller', 'DoubleClick Bid Manager', 'Express', 'Facebook CDN', 'Facebook Conversion Tracking', 'Facebook Login', 'Facebook Messenger Platform', 'Facebook Pixel', 'Facebook Reseller', 'Facebook Tag API', 'GZIP Module', 'Giphy', 'GitHub Hosting', 'GoDaddy', 'Google', 'Google Analytics', 'Google Cloud DNS', 'Google Font API', 'Google My Business', 'Google Related Website Sites', 'Google Reseller', 'Google Tag Manager', 'Idaq', 'Instagram Follow Button', 'Iterable', 'MailChimp', 'Microdata for Google Shopping', 'Mouseflow', 'NFOrce Internet', 'OpenResty', 'QUIC', 'Seflow Italy', 'Sentry', 'Shopify', 'Shopline', 'Sumo', 'Swell Rewards', 'Tailwind CSS', 'UTF-8', 'Vimeo', 'Yahoo Image CDN', 'YouTube', 'iZooto']"
esotericdiaries.com,Esoteric Diaries – Spiritual | Tarrot Reading | Reiki Healing | Life Coaching,,GBR,75,19998,2026-09-10T12:21:10.303191343Z,"['AWS WAF Challenge', 'Alternate Protocol', 'Angular', 'Astra Theme', 'Cloudflare', 'Cloudflare CDN', 'Elementor', 'EmbedPress', 'Google', 'Google Cloud DNS', 'Google Font API', 'Google My Business', 'Header, Footer and Blocks for Elementor', 'Microdata for Google Shopping', 'NFOrce Internet', 'PHP', 'Schema Plugin', 'The Post Grid', 'Theme In WP', 'UTF-8', 'WP Live Chat Support', 'WPForms', 'Woo Themes', 'WordPress', 'WordPress Multisite', 'WordPress Related Posts', 'YouTube', 'jQuery', 'shadcn ui']"
amerititleagency.com,"Welcome to AmeriTitle Agency, LLC",,USA,65,18532,2026-09-10T11:51:03.27542093Z,"['Amazon WAF Blocked', 'Angular', 'Apture Linking Platform', 'Better Lead Generation Services', 'Fireblade', 'GZIP Module', 'GetResponse', 'GitHub Hosting', 'New Relic', 'Nginx', 'PHP', 'UTF-8', 'jQuery']"
wrapformersgraphix.com,Home - Wrap Formers Graphix,My blog,,72,35008,2026-09-10T11:42:28.141480239Z,"['AWS WAF Challenge', 'Adult Content', 'Alternate Protocol', 'Angular', 'Apture Linking Platform', 'Astra Theme', 'Cloudflare', 'Cloudflare CDN', 'Content Delivery Network', 'Elementor', 'EmbedPress', 'Fancybox for WordPress', 'Fireblade', 'Google', 'Google Analytics', 'Google Cloud DNS', 'Google Font API', 'Google My Business', 'Google Tag Manager', 'Header, Footer and Blocks for Elementor', 'Instagram Follow Button', 'LiteSpeed', 'Microdata for Google Shopping', 'NFOrce Internet', 'PHP', 'Premium Addons for Elementor', 'Table Addons for Elementor', 'Theme In WP', 'UTF-8', 'WP Portfolio Astra', 'WPForms', 'Woo Themes', 'WordPress', 'WordPress Multisite', 'WordPress Related Posts', 'jQuery']"
columbiasquaredental.ca,Your Reliable Dentist in New Westminster | Dentist Near You,,CAN,77,6202,2026-09-10T11:35:49.950710719Z,"['Alternate Protocol', 'Angular', 'Apache', 'Divi', 'Elegant Themes', 'EmbedPress', 'Font Awesome', 'Google', 'Google Analytics', 'Google Cloud DNS', 'Google Font API', 'Google Maps', 'Google My Business', 'Google Tag Manager', 'Gravity', 'Gravity Forms', 'Instagram Follow Button', 'Microdata for Google Shopping', 'PHP', 'Popup Maker for Wordpress', 'QUIC', 'Theme In WP', 'UTF-8', 'UserWay', 'WordPress', 'WordPress Multisite', 'Yellow Pages Canada', 'YouTube', 'jQuery', 'reCAPTCHA']"
baseusonline.com,Official Baseus online Store - UAE delivery - baseus,Baseus Online,,77,18007,2026-09-10T11:22:21.21585752Z,"['Alternate Protocol', 'Angular', 'CDN JS', 'Cloudflare', 'Cloudflare CDN', 'Fireblade', 'Font Awesome', 'Google', 'Google Analytics', 'Google Cloud DNS', 'Google Font API', 'Google Tag Manager', 'IcoMoon', 'Instagram Follow Button', 'Microdata for Google Shopping', 'QUIC', 'Twitter Ads', 'UTF-8', 'YouTube']"
nuevaofholyoke.org,"Nueva Esperanza Inc. | Holyoke, MA – Creation. Community. Culture.",,PRI,70,5159,2026-09-10T11:22:21.187016102Z,"['Alternate Protocol', 'Angular', 'Apache', 'Astra Theme', 'Automattic', 'BJ Lazy Load for WordPress', 'Elementor', 'EmbedPress', 'GTranslate', 'GZIP Module', 'Google', 'Google Analytics', 'Google Cloud DNS', 'Google Font API', 'Google Forms', 'Google My Business', 'Jetpack', 'NFOrce Internet', 'Neighborhoods', 'PHP', 'Table Addons for Elementor', 'Theme In WP', 'Twitter Ads', 'UTF-8', 'University or College', 'Woo Themes', 'WordPress', 'WordPress Multisite', 'WordPress Related Posts', 'WordPress Stats', 'a3 Lazy Load', 'jQuery']"
mainsys.eu,MainSys - Management Information Systems,Mainsys,GRC,77,41233,2026-09-10T11:16:23.708197307Z,"['Alternate Protocol', 'Angular', 'Apture Linking Platform', 'CDN JS', 'Cisco/Arrowpoint Content Service Switch', 'Cloudflare', 'Cloudflare CDN', 'Complianz', 'EmbedPress', 'Facebook Conversion Tracking', 'Facebook Login', 'Facebook Messenger Platform', 'Facebook Pixel', 'Facebook Reseller', 'Facebook Tag API', 'Fireblade', 'Go Pricing', 'Google Analytics', 'Google Cloud DNS', 'Google Font API', 'Google Tag Manager', 'HubSpot Conversations', 'HubSpot WordPress Plugin', 'Hubspot', 'InitiativeS', 'Instagram Follow Button', 'Microdata for Google Shopping', 'Nginx', 'PHP', 'Popup Anything', 'Quantcast Direct', 'Slider Revolution', 'Tailwind CSS', 'The7', 'Theme In WP', 'Twitter Ads', 'UTF-8', 'WPBakery', 'WordPress', 'WordPress Multisite', 'YouTube', 'Zendesk Guide', 'jQuery']"
bushing-configurator.com,3D Online Bushing Configurator - Plain Bearings by FVT,Bushing Configurator,DEU,77,19540,2026-09-10T11:04:31.192512759Z,"['Alternate Protocol', 'Angular Material', 'Apache', 'Cybot', 'Elementor', 'EmbedPress', 'Fireblade', 'Google Analytics', 'Google Tag Manager', 'Hello Elementor', 'LinkedIn Insights', 'LinkedIn Pixel', 'Matomo', 'Matomo Tag Manager', 'Microdata for Google Shopping', 'NFOrce Internet', 'PHP', 'Polylang', 'Sitelinks Search Box', 'Theme In WP', 'UTF-8', 'WordPress', 'WordPress Multisite', 'jQuery']"
lifecal.me,Life Calendar - Your Life in Weeks,,,62,487,2026-09-10T11:04:31.188546689Z,"['Angular', 'Apture Linking Platform', 'Clicky', 'Content Delivery Network', 'Facebook Like', 'Facebook Login', 'Facebook Messenger Platform', 'Facebook Reseller', 'Font Awesome', 'Google Cloud DNS', 'Google Font API', 'Netlify', 'PWA', 'Product Hunt', 'Twitter Ads', 'UTF-8']"
macmetric.com,"Digital Care - Tech Help, News and Reviews 2025",,USA,77,943,2026-09-10T11:04:31.178724215Z,"['Alternate Protocol', 'Angular', 'Cloudflare', 'Cloudflare CDN', 'Cloudflare Web Analytics', 'Content Delivery Network', 'Contextual Related Posts', 'Cookie Accept', 'Cookie Notice', 'EmbedPress', 'Gambling Content', 'Google Adsense', 'Google Analytics', 'Google Cloud DNS', 'Google Font API', 'Google Funding Choices', 'Google Matched Content', 'Google Related Website Sites', 'Google Reseller', 'Google Tag Manager', 'LiteSpeed', 'Microdata for Google Shopping', 'PHP', 'QUIC', 'Schema Plugin', 'Table of Contents Plus', 'Theme In WP', 'UTF-8', 'Woo Themes', 'WooCommerce Checkout', 'WordPress', 'WordPress Multisite', 'WordPress Related Posts', 'jQuery']"
usgs.edu.bd,Home :: উথলী মাধ্যমিক বালিকা বিদ্যালয়,,BGD,70,2940,2026-09-10T10:57:53.178834371Z,"['Angular', 'GZIP Module', 'Microsoft Azure', 'Microsoft IIS', 'Tailwind CSS', 'UTF-8', 'University or College', 'Visual Studio', 'W3.CSS', 'We Love Icon Fonts']"
prachitechnologies.com,Prachi Technologies - Crafting Digital Journeys,,,62,17499,2026-09-10T10:57:53.170864143Z,"['AWS WAF Challenge', 'Angular', 'Angular Material', 'Font Awesome', 'GZIP Module', 'Google', 'Google Cloud CDN', 'Nginx', 'Ubuntu', 'jsDelivr']"
charleshillikerlawoffice.com,"Criminal Defense, Family Law, Traffic Lawyer, Real Estate Attorney | Clio, MI",,,67,4000,2026-09-10T10:20:39.095676391Z,"['AJAX Libraries API', 'Amazon S3 CDN', 'Angular', 'AutoComplete', 'DAV', 'GZIP Module', 'Google Analytics', 'Google Cloud DNS', 'Google Font API', 'Google Maps', 'Google My Business', 'Google Tag Manager', 'Microsoft 365', 'Nginx', 'PHP', 'Storyblocks', 'UTF-8', 'WordPress']"
nurturecloud.com,AI-Powered Prospecting Made Easy | NurtureCloud,,AUS,72,22268,2026-09-10T09:44:05.62438611Z,"['AWS WAF Challenge', 'Angular', 'App Store', 'Better Lead Generation Services', 'Contentful', 'GZIP Module', 'Google Analytics', 'Google Cloud', 'Google My Business', 'Google Play', 'Google Tag Manager', 'Instagram Follow Button', 'MyFonts', 'Tailwind CSS', 'UTF-8', 'YouTube', 'shadcn ui']"
lcchastings.com,Church in Hastings | Lakeside Community Church of the Nazarene,,,62,99,2026-09-10T09:36:26.034222721Z,"['Angular', 'Content Delivery Network', 'Cornerstone', 'Engintron', 'GZIP Module', 'Google Analytics', 'Google Cloud DNS', 'Google Font API', 'Google Maps', 'Google My Business', 'Google Tag Manager', 'Instagram Follow Button', 'Nginx', 'To Top', 'Twitter Ads', 'UTF-8', 'YouTube']"
thedoversociety.co.uk,The Dover Society Working For Dover - The Dover Society,,USA,82,23546,2026-09-10T09:36:26.030060691Z,"['Adult Content', 'Alternate Protocol', 'Angular', 'Apache', 'Baidu Cloud', 'Divi', 'Duoban', 'Elegant Themes', 'EmbedPress', 'Express', 'Fireblade', 'GZIP Module', 'Google', 'Google Analytics', 'Google Cloud CDN', 'Google Cloud DNS', 'Google Font API', 'Google Tag Manager', 'Loomly', 'Metronet Profile Picture', 'Microdata for Google Shopping', 'PHP', 'Simple Membership', 'Site Kit', 'Sitelinks Search Box', 'The Events Calendar', 'Theme In WP', 'UTF-8', 'Woo Themes', 'WordPress', 'WordPress Multisite', 'Yandex Hosting', 'jQuery']"
gamicon.org,Gamicon Krypton,,USA,60,1698,2026-09-10T09:25:29.352263437Z,"['AJAX Libraries API', 'Amazon S3 CDN', 'Angular', 'Bulma', 'CDN JS', 'Cloudflare', 'Cloudflare CDN', 'Font Awesome', 'GZIP Module', 'Google Analytics', 'Google Cloud DNS', 'Google Maps', 'Google My Business', 'Google Tag Manager', 'IcoMoon', 'Krypt Technologies', 'Nginx', 'Storyblocks', 'Tailwind CSS', 'UTF-8', 'jQuery']"
bizinsightglobal.com,BizInsight Global,,,55,200,2026-09-10T09:25:29.332462778Z,"['AWS WAF Challenge', 'Angular', 'Content Delivery Network', 'GZIP Module', 'Next.js', 'Nginx', 'Pico CSS', 'Pleroma', 'Tailwind CSS', 'UTF-8', 'Ubuntu']"
meafordvotes.ca,2026 Election - Municipality of Meaford,Municipality of Meaford,USA,70,3394,2026-09-10T09:16:35.11206188Z,"['3D FlipBook', 'Adult Content', 'Alternate Protocol', 'Angular', 'Cloudflare', 'Cloudflare CDN', 'Content Delivery Network', 'DAV', 'EmbedPress', 'GZIP Module', 'Google Analytics', 'Google Cloud DNS', 'Google Maps', 'Google Tag Manager', 'Instagram Follow Button', 'Microdata for Google Shopping', 'NFOrce Internet', 'PHP', 'QUIC', 'The Events Calendar', 'Theme In WP', 'UTF-8', 'University or College', 'UserWay', 'WordPress', 'WordPress Multisite', 'YouTube', 'jQuery', 'jsDelivr', 'reCAPTCHA']"
politicalgrief.com,Political Grief Toolkit,,,67,97956,2026-09-10T08:20:04.326418248Z,"['AWS WAF Challenge', 'Alternate Protocol', 'Amazon', 'Amazon CloudFront', 'Amazon S3 CDN', 'Angular', 'Apture Linking Platform', 'Aruba', 'Cart.com', 'CloudFront', 'DAV', 'Express', 'GZIP Module', 'GetResponse', 'Google Cloud DNS', 'Google Font API', 'Google My Business', 'Nginx', 'PHP', 'Storyblocks', 'Stripe', 'UTF-8', 'Unsplash', 'Vimeo', 'YouTube', 'eLand', 'reCAPTCHA', 'uPress', 'vzaar']"
simpleaccountingsoftwareapp.com,Simple Accounting Software App | Bookkeeping,SASA,GBR,77,98413,2026-09-10T08:02:38.469034957Z,"['Alternate Protocol', 'Amazon WAF Blocked', 'Angular', 'App Store', 'Apture Linking Platform', 'Content Delivery Network', 'DAV', 'Express', 'Fastly', 'Fastly CDN', 'GZIP Module', 'Google Related Website Sites', 'Instagram Follow Button', 'Linktree', 'Microdata for Google Shopping', 'NFOrce Internet', 'PWA', 'Perl', 'QUIC', 'RM Education', 'SMC', 'Seflow Italy', 'Sentry', 'SiteW', 'Sitelinks Search Box', 'Twitter Ads', 'Typeform', 'UTF-8', 'Vector Internet Services', 'WP Booking Calendar', 'Wix', 'Wix Media', 'mlcom']"
cityofnb.ca,Home | City of North Battleford,,,67,10140,2026-09-10T07:27:46.172979678Z,"['Alternate Protocol', 'Angular', 'Azure Edge', 'CDN JS', 'Cloudflare', 'Cloudflare CDN', 'Content Delivery Network', 'Google', 'Google Analytics', 'Google Cloud DNS', 'Google Font API', 'Google My Business', 'Google Tag Manager', 'NFOrce Internet', 'SearchLinks', 'Twitter Ads', 'UTF-8', 'YouTube', 'eLand', 'reCAPTCHA']"
itsyourpartynj.com,Its Your Party,,USA,72,400,2026-09-10T07:20:45.703008978Z,"['AJAX Libraries API', 'Amazon S3 CDN', 'Angular', 'AutoComplete', 'Facebook Embedded Posts', 'GZIP Module', 'Google Analytics', 'Google Cloud DNS', 'Google Font API', 'Google Maps', 'Google My Business', 'Google Tag Manager', 'Nginx', 'PHP', 'Storyblocks', 'Theme In WP', 'UTF-8', 'WordPress']"
sadco-jo.net,Home | SADco.,,JOR,60,3,2026-09-10T07:20:45.69670334Z,"['Angular', 'Apache', 'Facebook Conversion Tracking', 'Facebook Login', 'Facebook Messenger Platform', 'Facebook Pixel', 'Facebook Reseller', 'Facebook Tag API', 'Google Analytics', 'Google Cloud DNS', 'Google Font API', 'Google Related Website Sites', 'Google Tag Manager', 'Instagram Follow Button', 'To Top', 'UTF-8', 'YouTube']"
texta.ee,Texta,,EST,52,8900,2026-09-10T07:05:41.543024359Z,"['AWS WAF Challenge', 'Angular', 'Fireblade', 'GZIP Module', 'Nginx', 'Tailwind CSS', 'University or College', 'Vector Internet Services']"
awesomecatsitter.com,Awesome Cat Sitter Dallas: Your Cat's Best Friend - Awesome Cat Sitter,Awesome Cat Sitter,USA,77,20053,2026-09-10T06:59:40.705601291Z,"['AWS WAF Challenge', 'Adult Content', 'Alternate Protocol', 'Angular', 'Apache', 'Apture Linking Platform', 'Cloudflare', 'Cloudflare CDN', 'Elementor', 'EmbedPress', 'GZIP Module', 'Google', 'Google Cloud CDN', 'Google Cloud DNS', 'Google Font API', 'Google My Business', 'Google Related Website Sites', 'LiteSpeed', 'Metform Elemento', 'Microdata for Google Shopping', 'NFOrce Internet', 'Neighborhoods', 'PHP', 'Slider Revolution', 'Table Addons for Elementor', 'Theme In WP', 'UTF-8', 'University or College', 'WordPress', 'WordPress Multisite', 'jQuery']"
bug59.com,Bug59 - Building Apps That Matter | Digital Studio,Bug59,,62,3400,2026-09-10T06:47:57.740168906Z,"['Angular', 'Content Delivery Network', 'Google', 'Google Cloud DNS', 'Google Font API', 'Google Related Website Sites', 'Microdata for Google Shopping', 'Next.js', 'PWA', 'Pleroma', 'UTF-8', 'Vercel', 'shadcn ui']"
kunal-khurana.com,KUNAL KHURANA - Full Stack Web & Mobile App Developer | Sr. Software Developer,,,60,1099,2026-09-10T06:47:57.731306979Z,"['Angular', 'Apache', 'Cisco/Arrowpoint Content Service Switch', 'CodeIgniter', 'DAV', 'Express', 'Font Awesome', 'QUIC', 'Subversion', 'Tawk', 'UTF-8', 'University or College', 'reCAPTCHA']"
camericheurope.com,"Camerich Europe: contemporary furniture, made to order",Camerich Europe,BEL,67,600,2026-09-10T06:33:59.998844617Z,"['Alternate Protocol', 'Angular Material', 'BunnyCDN Header', 'Content Delivery Network', 'GZIP Module', 'Google My Business', 'Microdata for Google Shopping', 'WordPress']"
vixit.ae,Home,,,50,13503,2026-09-10T06:33:59.964563564Z,"['Angular', 'Cisco/Arrowpoint Content Service Switch', 'Coming Soon Page', 'DAV', 'ElementUI', 'GZIP Module', 'Google Cloud DNS', 'Google Font API', 'IcoMoon', 'Instagram Follow Button', 'M247', 'Nginx', 'On The Map', 'PHP', 'Parallels Plesk Panel', 'QUIC', 'Share Link', 'Tailwind CSS', 'Twitter Ads', 'UTF-8', 'Underscores', 'Vector Internet Services', 'YouTube', 'jsDelivr']"
securitybreakpoint.com,Security Point Break | Cybersecurity News & Analysis,Security Point Break,CHN,77,37535,2026-09-10T06:26:10.966807316Z,"['AWS WAF Challenge', 'Advanced Popups', 'Alternate Protocol', 'Angular', 'Automattic', 'Bug Bounty', 'Cisco/Arrowpoint Content Service Switch', 'Contact Form Plugin', 'Content Delivery Network', 'DAV', 'EmbedPress', 'Facebook Login', 'Facebook Messenger Platform', 'Facebook Reseller', 'Fireblade', 'Gambling Content', 'Google Analytics', 'Google Tag Manager', 'Gutenberg', 'Jetpack', 'Jetpack Site Accelerator', 'MailPoet', 'Microdata for Google Shopping', 'NFOrce Internet', 'Newsblock Theme', 'Nginx', 'PHP', 'Powerkit', 'QUIC', 'SearchWP', 'Theme In WP', 'UTF-8', 'WordPress', 'WordPress Multisite', 'WordPress Stats', 'eLand', 'jQuery']"
nutrano.in,Nutrano,,IND,65,2680,2026-09-10T06:17:11.725748746Z,"['Angular', 'Content Delivery Network', 'Google', 'Google Cloud CDN', 'Google Cloud DNS', 'Google Font API', 'Google My Business', 'Headless UI', 'Next.js', 'Pleroma', 'Tailwind CSS', 'UTF-8', 'Vercel', 'shadcn ui']"
rlcreativestudios.com,RL Creative Studios | Digital Marketing,RL Creative Studios,GBR,87,155180,2026-09-10T05:54:29.134431189Z,"['AWS WAF Challenge', 'Alternate Protocol', 'Amazon WAF Blocked', 'Angular', 'Apture Linking Platform', 'Cloudflare', 'Coming Soon Page', 'Content Delivery Network', 'DAV', 'DC74', 'Express', 'Fastly', 'Fastly CDN', 'GZIP Module', 'Google Customer Reviews', 'Google Related Website Sites', 'K2F', 'KVH', 'Microdata for Google Shopping', 'NFOrce Internet', 'PWA', 'Perl', 'QUIC', 'SMC', 'Seflow Italy', 'Sentry', 'SiteW', 'Subversion', 'Thank You', 'UTF-8', 'Vector Internet Services', 'WP Booking Calendar', 'Wix', 'Wix Media', 'eLand', 'mlcom']"
ratedshow.com,Music Raiser - Popular Magazine,,AUS,87,8068,2026-09-10T05:16:10.515281614Z,"['Adult Content', 'Alternate Protocol', 'Amazon', 'Angular', 'Bimber', 'Cloudflare', 'Cloudflare CDN', 'Content Delivery Network', 'Cookie Accept', 'Cookie Notice', 'EmbedPress', 'Gambling Content', 'Google', 'Google Analytics', 'Google Cloud DNS', 'Google Font API', 'Google Related Website Sites', 'Google Tag Manager', 'LiteSpeed', 'Microdata for Google Shopping', 'PHP', 'QUIC', 'Schema Plugin', 'Theme In WP', 'UTF-8', 'WordPress', 'WordPress Multisite', 'Yandex Hosting', 'jQuery']"
beholdphilippines.com,Lifestyle & Travel Magazine Philippines,,PHL,77,809,2026-09-10T05:06:22.33729457Z,"['Alternate Protocol', 'Angular', 'Apache', 'Contact Form Plugin', 'DAV', 'EmbedPress', 'Facebook Embedded Posts', 'GZIP Module', 'Google Adsense', 'Google Analytics', 'Google Cloud DNS', 'Google Font API', 'Google Funding Choices', 'Google Matched Content', 'Google Related Website Sites', 'Google Reseller', 'Google Tag Manager', 'Instagram Follow Button', 'PHP', 'Q2W3 Fixed Widget', 'Sitelinks Search Box', 'Theme In WP', 'Twitter Ads', 'UTF-8', 'WordPress', 'WordPress Multisite', 'YouTube', 'jQuery']"
vyakriti.app,Vyakriti - Intelligent Analytics,,,60,663,2026-09-10T04:31:26.152273971Z,"['Angular', 'Content Delivery Network', 'Fastly', 'Google', 'Google Cloud CDN', 'Google Cloud DNS', 'Google Font API', 'QUIC', 'Tailwind CSS', 'UTF-8']"
tranzfar.com,"Send Money Internationally, Transfers Across 1000 Countries",,GBR,87,6348,2026-09-10T04:30:48.136453404Z,"['Angular Material', 'App Store', 'CDN JS', 'Cloudflare', 'Cloudflare CDN', 'Content Delivery Network', 'DAV', 'Fastly', 'Google', 'Google Analytics', 'Google Cloud CDN', 'Google Cloud DNS', 'Google Font API', 'Google My Business', 'Google Play', 'Google Tag Manager', 'Hotjar', 'IcoMoon', 'Instagram Follow Button', 'QUIC', 'Scully', 'Tailwind CSS', 'Twitter Ads', 'UTF-8', 'jsDelivr']"
qualityductpros.com,Duct and Dryer Vent cleaning services in Wisconsin | Quality Duct Pros,,USA,77,135141,2026-09-10T04:20:58.645810594Z,"['Alternate Protocol', 'Amazon WAF Blocked', 'Angular', 'Apture Linking Platform', 'Content Delivery Network', 'DAV', 'Express', 'Fastly', 'Fastly CDN', 'GZIP Module', 'Google My Business', 'Google Related Website Sites', 'K2F', 'KVH', 'Microdata for Google Shopping', 'NFOrce Internet', 'PWA', 'Perl', 'QUIC', 'SMC', 'Seflow Italy', 'Sentry', 'SiteW', 'Subversion', 'UTF-8', 'Vector Internet Services', 'WP Booking Calendar', 'Wix', 'Wix Media', 'Yelp Badge', 'YouTube', 'mlcom']"
ptrinspections.com,PTR Home Inspection Services,,CAN,82,280,2026-09-10T03:52:48.980498857Z,"['Angular', 'Content Delivery Network', 'DAV', 'Google Analytics', 'Google Cloud DNS', 'Google Font API', 'Google Tag Manager', 'Next.js', 'Pleroma', 'Tailwind CSS', 'UTF-8', 'Vercel']"
sfs1985.com.tw,shi-feng-shaing-1985,喜豐香1985,,62,75982,2026-09-10T03:52:48.967684214Z,"['Alexa Certified Site Metrics', 'Alternate Protocol', 'Amazon', 'Amazon CloudFront', 'Amazon Route 53', 'Amazon WAF Blocked', 'Angular', 'Apture Linking Platform', 'Bing Cashback', 'Bing Conversion Tracking', 'CloudFront', 'Content Delivery Network', 'Criteo', 'Criteo Reseller', 'DoubleClick Bid Manager', 'Express', 'Facebook CDN', 'Facebook Conversion Tracking', 'Facebook Login', 'Facebook Messenger Platform', 'Facebook Pixel', 'Facebook Reseller', 'Facebook Tag API', 'GZIP Module', 'Giphy', 'GitHub Hosting', 'GoDaddy', 'Google Analytics', 'Google My Business', 'Google Related Website Sites', 'Google Reseller', 'Google Tag Manager', 'Idaq', 'Instagram Follow Button', 'Iterable', 'MailChimp', 'Microdata for Google Shopping', 'Mouseflow', 'NFOrce Internet', 'OpenResty', 'QUIC', 'Seflow Italy', 'Sentry', 'Shopify', 'Shopline', 'Sumo', 'Swell Rewards', 'Tailwind CSS', 'UTF-8', 'Yahoo Image CDN', 'YouTube', 'iZooto']"
knowndecimal.com,Known Decimal: Ruby on Rails and Shopify Experts,,USA,72,27864,2026-09-10T03:30:50.113172634Z,"['AWS WAF Challenge', 'Angular', 'Apture Linking Platform', 'Baidu Cloud', 'Cloudflare', 'Cloudflare CDN', 'Google', 'Google Cloud DNS', 'Google Font API', 'InitiativeS', 'Matomo', 'Matomo Tag Manager', 'Shopify', 'Shopify Collabs', 'UTF-8', 'Yandex Hosting', 'hCaptcha', 'reCAPTCHA']"
tau.co.nz,Tau Research,,CAN,57,99,2026-09-10T03:27:06.496741521Z,"['Angular Material', 'Font Awesome', 'GZIP Module', 'Google Analytics', 'Google My Business', 'Google Play', 'Google Related Website Sites', 'Google Tag Manager', 'Nginx', 'Subversion', 'UTF-8', 'Ubuntu', 'YouTube', 'jQuery', 'jsDelivr']"
theremnantchsc.org,Church in North Charleston | The Remnant Ministries,,USA,67,40,2026-09-10T03:27:06.495180179Z,"['Angular', 'Content Delivery Network', 'Engintron', 'GZIP Module', 'Google Cloud DNS', 'Google Font API', 'Google Maps', 'Google My Business', 'Nginx', 'To Top', 'UTF-8', 'YouTube']"
vnbrims.org,BRIMS College,,IND,72,17816,2026-09-10T03:14:39.601873376Z,"['Angular', 'Bulma', 'CDN JS', 'Cloudflare', 'Cloudflare CDN', 'ETranslate', 'Facebook Conversion Tracking', 'Facebook Login', 'Facebook Messenger Platform', 'Facebook Pixel', 'Facebook Reseller', 'Facebook Tag API', 'FormSubmit', 'GTranslate', 'Google', 'Google Analytics', 'Google Cloud DNS', 'Google Font API', 'Google My Business', 'Google Related Website Sites', 'Google Tag Manager', 'IcoMoon', 'Instagram Follow Button', 'Line2', 'LiteSpeed', 'Microsoft Clarity', 'NoPaperForms', 'PHP', 'QUIC', 'Tailwind CSS', 'UTF-8', 'University or College', 'Vector Internet Services', 'YouTube', 'jsDelivr', 'reCAPTCHA']"
sunmoral-thermal.com,Skived Fin Heat Sink factory - Heat Pipe Heatsink manufacturer from China,,CHN,77,468,2026-09-10T03:14:39.574262081Z,"['Alternate Protocol', 'Angular', 'Express', 'Facebook Pixel', 'Facebook Tag API', 'GZIP Module', 'IcoMoon', 'Microdata for Google Shopping', 'Nginx', 'QUIC', 'UTF-8', 'University or College', 'WhatsApp Sharing']"
ros.com.tw,New Page,ROS Studio,,62,75502,2026-09-10T02:47:50.14101976Z,"['Adult Content', 'Alexa Certified Site Metrics', 'Alternate Protocol', 'Amazon', 'Amazon CloudFront', 'Amazon Route 53', 'Amazon WAF Blocked', 'Angular', 'Apture Linking Platform', 'Bing Cashback', 'Bing Conversion Tracking', 'CloudFront', 'Content Delivery Network', 'Criteo', 'Criteo Reseller', 'DoubleClick Bid Manager', 'Ember.js', 'Express', 'Facebook CDN', 'Facebook Conversion Tracking', 'Facebook Login', 'Facebook Messenger Platform', 'Facebook Pixel', 'Facebook Reseller', 'Facebook Tag API', 'GZIP Module', 'Giphy', 'GitHub Hosting', 'GoDaddy', 'Google Analytics', 'Google My Business', 'Google Reseller', 'Google Tag Manager', 'Idaq', 'Instagram Follow Button', 'Iterable', 'MailChimp', 'Microdata for Google Shopping', 'Mouseflow', 'NFOrce Internet', 'OpenResty', 'QUIC', 'Seflow Italy', 'Sentry', 'Shopify', 'Shopline', 'Sumo', 'Swell Rewards', 'Tailwind CSS', 'UTF-8', 'Vimeo', 'Yahoo Image CDN', 'YouTube', 'iZooto']"
itekphonerepair.com,"Tech Repair Shop | Brownsburg, IN - ITek Phone Repair",,USA,82,2489,2026-09-10T02:47:50.141584621Z,"['Alternate Protocol', 'Angular', 'EmbedPress', 'GZIP Module', 'Google', 'Google Cloud CDN', 'Google Cloud DNS', 'Google Font API', 'Microdata for Google Shopping', 'Nginx', 'PHP', 'Perl', 'QUIC', 'Subversion', 'Theme In WP', 'UTF-8', 'WordPress', 'WordPress Multisite']"
presentationsolutions.com,Poster Printers for Schools - Presentation Solutions,Presentation Solutions,USA,92,55178,2026-09-10T02:38:37.439179092Z,"['Alternate Protocol', 'Angular', 'Apture Linking Platform', 'Content Delivery Network', 'EmbedPress', 'Fastly', 'GZIP Module', 'Google', 'Google Analytics', 'Google Cloud CDN', 'Google My Business', 'Google Tag Manager', 'IPFS', 'Microdata for Google Shopping', 'Microsoft Clarity', 'PHP', 'SMC', 'Theme In WP', 'Twitter Ads', 'UTF-8', 'Ultra', 'WordPress', 'WordPress Multisite', 'YouTube', 'jQuery']"
bicog.org,"Church in Bronx, NY | Bronxwood International Church of God",,USA,77,40,2026-09-10T02:24:45.480359657Z,"['Angular', 'Content Delivery Network', 'Engintron', 'GZIP Module', 'Google Analytics', 'Google Cloud DNS', 'Google Font API', 'Google Maps', 'Google My Business', 'Google Tag Manager', 'Instagram Follow Button', 'Nginx', 'To Top', 'Twitter Ads', 'UTF-8', 'YouTube']"
rejoicewear.com,Custom Apparel Manufacturing | Rejoice Apparel,Rejoice,PAK,87,8596,2026-09-10T02:05:22.034667711Z,"['Adobe Creative Cloud WebFonts', 'Advanced Popups', 'Alternate Protocol', 'Angular', 'Animate It', 'Apture Linking Platform', 'Bookly', 'Cloudflare', 'Contact Form Plugin', 'Content Delivery Network', 'Elementor', 'ElementsKit Elementor', 'EmbedPress', 'Fontello', 'Google Analytics', 'Google Cloud DNS', 'Google Font API', 'Google Tag Manager', 'IcoMoon', 'Instagram Follow Button', 'LiteSpeed', 'MailChimp for WordPress', 'Microdata for Google Shopping', 'NFOrce Internet', 'PHP', 'Popup Builder', 'QUIC', 'Site Kit', 'Slider Revolution', 'TI WooCommerce Wishlist', 'Theme In WP', 'UTF-8', 'University or College', 'Vector Internet Services', 'WPForms', 'Woo Themes', 'WooCommerce', 'WooCommerce Checkout', 'WordPress', 'WordPress Multisite', 'YouTube', 'eLand']"
thechuckburks.com,Home | chuckburks.com,chuckburks.com,GBR,80,104421,2026-09-10T01:56:32.810923866Z,"['AWS WAF Challenge', 'Alternate Protocol', 'Amazon WAF Blocked', 'Angular', 'Apture Linking Platform', 'Content Delivery Network', 'DAV', 'Express', 'Fastly', 'Fastly CDN', 'Financial Services Guide', 'GZIP Module', 'Instagram Follow Button', 'Microdata for Google Shopping', 'NFOrce Internet', 'PWA', 'Perl', 'QUIC', 'SMC', 'Seflow Italy', 'Sentry', 'SiteW', 'Subversion', 'Thank You', 'UTF-8', 'University or College', 'Vector Internet Services', 'WP Booking Calendar', 'Wix', 'Wix Media', 'YouTube', 'mlcom']"
