domain,title,business_name,country,seo_score,tech_spend,crawled_at,technologies
azitaai.com,Home - Azita AI – AI & FinTech Expert | Speaker | Consultant,,,60,5263,2026-09-13T12:12:41.355333402Z,"['AWS WAF Challenge', 'Alternate Protocol', 'Automattic', 'Cloudflare', 'Cloudflare CDN', 'EmbedPress', 'GZIP Module', 'Google', 'Google Cloud DNS', 'Google Font API', 'Google My Business', 'InitiativeS', 'Instagram Follow Button', 'Jetpack', 'Lazy Load for WordPress', 'Microdata for Google Shopping', 'Nginx', 'PHP', 'Pixabay', 'PopularFX', 'Python', 'Salesforce Hosted', 'Theme In WP', 'UTF-8', 'University or College', 'Woo Themes', 'WooCommerce', 'WooCommerce Checkout', 'WordPress', 'WordPress Multisite', 'WordPress Stats', 'YouTube', 'jQuery']"
plc.ninja,PLC NINJA,,,30,,2026-09-13T12:12:41.351697695Z,"['Nginx', 'Python', 'Unix']"
hackerslash.dev,Md Afridi Sk | Backend Engineer | AI-Native Systems | IIT Kharagpur,,IND,92,5379,2026-09-13T12:03:18.61615474Z,"['Alternate Protocol', 'Astro', 'Carrd', 'Content Delivery Network', 'Express', 'GitHub Hosting', 'GoatCounter', 'Microdata for Google Shopping', 'Nginx', 'Python', 'UTF-8', 'University or College', 'Vector Internet Services', 'Vercel']"
linabao.com,Lina Bao,,GBR,62,240,2026-09-13T12:03:18.612288224Z,"['Content Delivery Network', 'Next.js', 'Pleroma', 'Python', 'UTF-8', 'University or College', 'Vercel', 'shadcn ui']"
aljabrislamicschool.sch.id,Home - Al Jabr Islamic School,,IDN,65,,2026-09-13T12:03:18.607290927Z,"['Alternate Protocol', 'Express', 'GZIP Module', 'Google Analytics', 'Google My Business', 'Google Tag Manager', 'Instagram Follow Button', 'PWA', 'Pleroma', 'Python', 'Tailwind CSS', 'UTF-8', 'University or College', 'YouTube', 'jsDelivr', 'shadcn ui']"
nationalskillindiamission.in,"National Skill India Mission, Skill India, Skill News, Skill Related, Latest News, Latest Updates, Recent News, Skill Mission, Nsim, Skill Development, Skill",,IND,77,16247,2026-09-13T12:03:18.607508394Z,"['AWS WAF Challenge', 'Amazon S3 CDN', 'BootstrapMade', 'Digital Ocean Spaces', 'Express', 'Facebook Conversion Tracking', 'Facebook Login', 'Facebook Messenger Platform', 'Facebook Pixel', 'Facebook Reseller', 'Facebook Tag API', 'GZIP Module', 'Google Adsense', 'Google Analytics', 'Google Cloud DNS', 'Google Flights Conversion Tracking', 'Google Font API', 'Google Funding Choices', 'Google Matched Content', 'Google My Business', 'Google Reseller', 'IcoMoon', 'Nginx', 'PHP', 'Pleroma', 'Python', 'Storyblocks', 'Tailwind CSS', 'Twitter Ads', 'UTF-8', 'Ubuntu', 'University or College', 'YouTube', 'jQuery']"
cadbimconverter.com,"CADBIMconverter.com | Revit, AutoCAD, IFC, DGN converter",CADBIMConverter,DEU,92,116099,2026-09-13T12:03:18.596629036Z,"['AWS WAF Challenge', 'Agoda', 'Alternate Protocol', 'Apture Linking Platform', 'Calendly', 'CleanTalk Spam Protect', 'Cloudflare', 'Cloudflare CDN', 'Content Delivery Network', 'Contento', 'EmbedPress', 'Fireblade', 'GitHub Hosting', 'Google', 'Google Analytics', 'Google Cloud DNS', 'Google Font API', 'Google My Business', 'Google Related Website Sites', 'Google Tag Manager', 'Gtranslate for Wordpress', 'IcoMoon', 'InitiativeS', 'Line2', 'LiteSpeed', 'Microdata for Google Shopping', 'Muffin Group', 'PHP', 'Python', 'QUIC', 'QUIC.cloud', 'SMC', 'Simple Download Monitor', 'Slider Revolution', 'Tailwind CSS', 'Telegram', 'TrustIndex', 'Twitter Ads', 'UTF-8', 'Vector Internet Services', 'WPForms', 'Woo Themes', 'WooCommerce Payments', 'WordPress', 'WordPress Multisite', 'YouTube']"
geochris.org,"Chris Lewis | Programmer, Scientist, Designer",,CAN,70,1240,2026-09-13T12:03:18.595874108Z,"['501c3 Status Nonprofit', 'Amazon Associates', 'Amazon Widgets', 'Angular', 'Apache', 'DAV', 'Google Analytics', 'Google Cloud DNS', 'Google Font API', 'Google My Business', 'Google Tag Manager', 'PHP', 'Placehold IT', 'Python', 'QUIC', 'Tailwind CSS', 'Twitter Ads', 'University or College', 'Unix', 'YouTube', 'jQuery', 'reCAPTCHA']"
positsource.com,"Posit Source Technologies | AI Engineering & Software Outsourcing Partner, India",Posit Source Technologies Pvt. Ltd.,USA,77,7908,2026-09-13T12:03:18.583427768Z,"['Alternate Protocol', 'Apache', 'GZIP Module', 'Google', 'Google Cloud DNS', 'Google Font API', 'IcoMoon', 'Instagram Follow Button', 'Microdata for Google Shopping', 'Nginx', 'Python', 'QUIC', 'Tailwind CSS', 'Ubuntu', 'Vector Internet Services']"
homecreations.co.in,"Home - Simpolo Home Creations Exclusive Tiles Showroom | Premium Tiles Collection, Sanitaryware, Interior Designing Solution, Hardware and Fittings | Best Tiles Showroom Patna",HomeCreations,IND,75,250950,2026-09-13T12:03:18.581896011Z,"['Alternate Protocol', 'Automattic', 'Baidu Cloud', 'CCSI', 'Cloudflare', 'DAV', 'Duoban', 'Elementor', 'EmbedPress', 'Everest Forms', 'Express', 'Financial Services Guide', 'Font Awesome', 'FreeBSD', 'GZIP Module', 'GitHub Hosting', 'Google', 'Google Analytics', 'Google Cloud DNS', 'Google Font API', 'Google My Business', 'Google Tag Manager', 'K2F', 'KVH', 'KeyCDN', 'MailChimp for WordPress', 'Microdata for Google Shopping', 'NFOrce Internet', 'Nginx', 'No-Q', 'Ntent', 'Onyx Internet', 'PHP', 'Pagekit', 'Python', 'QUIC', 'Salesforce Hosted', 'Shopware', 'Sign In With Google', 'Site Kit', 'Smush Image Optimization', 'Subversion', 'Table Addons for Elementor', 'ThemeGrill', 'UTF-8', 'Underscores', 'University or College', 'Vector Internet Services', 'Woo Themes', 'WordPress', 'WordPress Multisite', 'Yandex Hosting', 'ZAKRA', 'symfony PHP Framework']"
flighttabpro.com,Flight Tab Pro,,USA,72,2440,2026-09-13T12:03:18.578706406Z,"['Akamai Global Host', 'Cloudflare', 'Cloudflare CDN', 'Google', 'Google Analytics', 'Google Cloud DNS', 'Google Font API', 'Google My Business', 'Google Tag Manager', 'Python', 'QUIC', 'UTF-8']"
primathon.in,Custom Software Development Services Company USA | Primathon,Primathon Technology,,57,15200,2026-09-13T12:03:18.578902031Z,"['AWS WAF Challenge', 'Alternate Protocol', 'Amazon CloudFront', 'CloudFront', 'Content Delivery Network', 'Ember.js', 'GZIP Module', 'Google Analytics', 'Google Related Website Sites', 'Google Tag Manager', 'Instagram Follow Button', 'Microdata for Google Shopping', 'Next.js', 'Nginx', 'PWA', 'Pleroma', 'Python', 'QUIC', 'Salesforce Hosted', 'Sitelinks Search Box', 'The Fresh', 'Twitter Ads', 'UTF-8', 'Ubuntu', 'WordPress', 'YouTube', 'shadcn ui']"
numlabs.com,Numlabs - AI solutions for your business.,,POL,87,19240,2026-09-13T12:03:18.575085041Z,"['AWS WAF Challenge', 'Alternate Protocol', 'Apache', 'Debian', 'ElementUI', 'GZIP Module', 'Google Analytics', 'Google Related Website Sites', 'Google Tag Manager', 'Hotjar', 'Instagram Follow Button', 'Line2', 'Materialize CSS', 'Matomo', 'Matomo Tag Manager', 'Pleroma', 'Python', 'Tailwind CSS', 'UTF-8', 'shadcn ui']"
mottoshirts.de,"mottoshirts.de - Prints, Trends, Shirts, Sprüche, Designs, Mode, Mottoshirts",,,55,199,2026-09-13T11:49:23.045072427Z,"['3 Products', 'DAV', 'Font Awesome', 'OpenResty', 'Python', 'Taboola Direct', 'Taboola Reseller', 'Tailwind CSS', 'UTF-8', 'shadcn ui']"
dumpschampion.com,Pass Your IT Certification Exams with DumpsChampion,,,72,442640,2026-09-13T11:49:23.013817099Z,"['Adobe Experience Manager', 'Alternate Protocol', 'BLR', 'Bulma', 'CDN JS', 'Cisco/Arrowpoint Content Service Switch', 'Citrix', 'Cloudflare', 'Cloudflare CDN', 'Financial Industry Regulatory Authority', 'Google Analytics', 'Google Cloud DNS', 'Google Font API', 'Google Tag Manager', 'Instagram Follow Button', 'JumpCloud', 'Microdata for Google Shopping', 'Oracle Cloud', 'PHP', 'Python', 'QUIC', 'Salesforce Hosted', 'Tailwind CSS', 'Tumblr', 'UTF-8', 'University or College', 'jQuery', 'reCAPTCHA']"
joshuaghannan.com,Joshua Hannan | Engineer — Machine Learning & AI,,,72,1879,2026-09-13T11:42:40.262882374Z,"['Apache', 'CDN JS', 'Cloudflare', 'Cloudflare CDN', 'Font Awesome', 'GZIP Module', 'GitHub Hosting', 'Google Analytics', 'Google Cloud DNS', 'Google Font API', 'Google Tag Manager', 'NFOrce Internet', 'Python', 'Tailwind CSS', 'University or College', 'Vimeo', 'jQuery']"
whemic.xyz,whemic.xyz,,GBR,72,17840,2026-09-13T11:42:40.258641824Z,"['1Password', 'AWS WAF Challenge', 'Adult Content', 'Alternate Protocol', 'Amazon WAF Blocked', 'Cloudflare', 'Cloudflare CDN', 'Cloudflare Web Analytics', 'Corporate Governance and Regulatory Compliance', 'DAV', 'Express', 'Financial Services Guide', 'GitHub Hosting', 'Iconfinder', 'Idaq', 'License Buttons', 'OSS CDN', 'Python', 'Sapper', 'Share Link', 'Subversion', 'Tailwind CSS', 'UTF-8', 'Unix']"
nibm.ac.lk,Higher Education Institution | National Institute of Business Management,,LKA,72,60588,2026-09-13T11:42:40.251478381Z,"['AWS WAF Challenge', 'Amazon CloudFront', 'Amazon WAF Blocked', 'Bunny Fonts', 'Cisco/Arrowpoint Content Service Switch', 'CloudFront', 'Cloudflare', 'Cloudflare CDN', 'Cloudflare Web Analytics', 'Content Delivery Network', 'Facebook CDN', 'Fireblade', 'Google My Business', 'Google Related Website Sites', 'IcoMoon', 'InitiativeS', 'Instagram Follow Button', 'Microdata for Google Shopping', 'Next.js', 'Oracle Cloud', 'PHP', 'Pleroma', 'Prospective', 'Python', 'QUIC', 'Siweb', 'Tailwind CSS', 'Twitter Ads', 'UTF-8', 'University or College', 'YouTube']"
stephengodfrey.net,Godfrey,,USA,65,2868,2026-09-13T11:42:40.24636747Z,"['Content Delivery Network', 'Fastly', 'GZIP Module', 'GitHub Hosting', 'Google Maps', 'Google My Business', 'IcoMoon', 'InitiativeS', 'Medium', 'Python', 'UTF-8', 'University or College', 'YouTube', 'jQuery']"
klshislegacy.com,"KLS Home Improvement Services, LLC | Home Renovations in Pembroke, KY","KLS Home Improvement Services, LLC",USA,77,119020,2026-09-13T11:31:39.881815919Z,"['34SP.com', 'About Cookies', 'Cloudflare', 'Cloudflare CDN', 'Coming Soon Page', 'Commoninja', 'Cornerstone', 'DAV', 'Express', 'Financial Services Guide', 'Fireblade', 'Font Awesome', 'Google Analytics', 'Google Maps', 'Google My Business', 'Google Tag Manager', 'Harbor', 'Investor Relations', 'M247', 'Material-UI', 'NFOrce Internet', 'Network Advertising Initiative', 'No-Q', 'Oddle', 'Perl', 'Pico CSS', 'Python', 'QUIC', 'SMC', 'Thank You', 'The Deck', 'The Fresh', 'Twitter Ads', 'UENI', 'UTF-8']"
elena-gospodinova.com,Elena Gospodinova|Portfolio,,GBR,77,735,2026-09-13T11:31:39.860563721Z,"['Bulma', 'CDN JS', 'Cloudflare', 'Cloudflare CDN', 'Content Delivery Network', 'GitHub Hosting', 'IcoMoon', 'Lineicons', 'Netlify', 'Python', 'Tailwind CSS', 'UTF-8', 'jsDelivr']"
samfreund.dev,Sam Freund,,,62,19939,2026-09-13T11:31:39.849078947Z,"['AWS WAF Challenge', 'Content Delivery Network', 'Fastly', 'Font Awesome', 'GZIP Module', 'GitHub Hosting', 'Google', 'Google Cloud DNS', 'Google Font API', 'Python', 'Tailwind CSS', 'UTF-8', 'shadcn ui']"
lieberconstruction.com,Lieber Construction | Midwest Earthmoving Contractor,,GBR,82,221144,2026-09-13T11:31:39.845319262Z,"['Alternate Protocol', 'Amazon WAF Blocked', 'Cloudflare', 'DAV', 'EmbedPress', 'Event Tickets for Wordpress', 'FreeBSD', 'GZIP Module', 'Gambling Content', 'Google Analytics', 'Google Cloud DNS', 'Google Font API', 'Google My Business', 'Google Related Website Sites', 'Gravity', 'Gravity Forms', 'IcoMoon', 'KeyCDN', 'Nginx', 'PHP', 'Python', 'QUIC', 'SMC', 'Salesforce Hosted', 'Shopware', 'SiteW', 'Slider Revolution', 'The Events Calendar', 'ThemeFusion', 'UTF-8', 'University or College', 'Vector Internet Services', 'Woo Themes', 'WordPress', 'WordPress Multisite', 'WordPress Related Posts', 'Yandex Hosting', 'YouTube', 'reCAPTCHA', 'symfony PHP Framework']"
angelicatanagras.com,Angelica Tanagras | Frontend Engineer,,,52,156,2026-09-13T11:22:15.534151319Z,"['Content Delivery Network', 'GitHub Hosting', 'IcoMoon', 'Next.js', 'Python', 'Tailwind CSS', 'UTF-8', 'Vercel']"
bhumitpatel.com,Bhumit Patel,,USA,67,20776,2026-09-13T11:22:15.528067805Z,"['AJAX Libraries API', 'Apache', 'Clustr Maps', 'Content Delivery Network', 'Express', 'Fastly', 'Fireblade', 'Font Awesome', 'Formspree', 'FreeCSSTemplates', 'GZIP Module', 'GitHub Hosting', 'Google Cloud DNS', 'IcoMoon', 'Instagram Follow Button', 'Oracle Cloud', 'PHP', 'Python', 'Twitter Ads', 'UTF-8', 'University or College', 'jQuery']"
assemblr.io,Dave Chandler - Portfolio,,AUS,65,165700,2026-09-13T11:22:15.528931296Z,"['AWS WAF Challenge', 'ArvanCloud', 'DAV', 'Express', 'GitHub Hosting', 'Google Analytics', 'Google Cloud DNS', 'Google Font API', 'Google Tag Manager', 'InitiativeS', 'Instagram Follow Button', 'LiteSpeed', 'Python', 'Salesforce Hosted', 'Tailwind CSS', 'University or College', 'jsDelivr']"
sun-analytics.nl,About | Sun Analytics,,VEN,92,30800,2026-09-13T11:22:15.515607516Z,"['AWS WAF Challenge', 'Alternate Protocol', 'Cisco/Arrowpoint Content Service Switch', 'Content Delivery Network', 'Eventbrite', 'Fastly', 'GZIP Module', 'GitHub Hosting', 'Google Analytics', 'Jekyll', 'Medium', 'Microdata for Google Shopping', 'Ntent', 'Oracle Cloud', 'PWA', 'Python', 'UTF-8', 'Vector Internet Services', 'jsDelivr']"
chouvaevandrei.fr,CHOUVAEV Andrei - Index,,FRA,65,59,2026-09-13T11:22:15.511446228Z,"['Apache', 'BootstrapMade', 'GZIP Module', 'GitHub Hosting', 'Google Cloud DNS', 'Google Font API', 'Google My Business', 'PHP', 'Python', 'Tailwind CSS', 'University or College']"
chemmathbootcamp.com,Math Bootcamp,,BRA,72,1468,2026-09-13T11:11:21.341701834Z,"['Camp', 'Content Delivery Network', 'DAV', 'Gatsby JS', 'Google Cloud DNS', 'Google Font API', 'License Buttons', 'Netlify', 'Python', 'QUIC', 'UTF-8', 'University or College', 'eLand']"
bhanureddy.dev,Bhanu Reddy – Backend Engineer & DevOps,,,57,,2026-09-13T11:11:21.303668118Z,"['Content Delivery Network', 'GitHub Hosting', 'Microdata for Google Shopping', 'Next.js', 'Python', 'Tailwind CSS', 'UTF-8', 'Vercel']"
ae-lhc.com,Alix Lahuec,,,62,17767,2026-09-13T11:11:21.299285003Z,"['Content Delivery Network', 'Dialogue', 'Font Awesome', 'GitHub Hosting', 'Google', 'Google Cloud DNS', 'Google Font API', 'Hugo', 'Netlify', 'Python', 'Twitter Ads', 'UTF-8', 'University or College']"
viniciusmenezes.com.br,Vinicius Menezes,,BRA,70,367,2026-09-13T11:11:21.293738194Z,"['Content Delivery Network', 'Font Awesome', 'GitHub Hosting', 'Google Cloud DNS', 'Google Font API', 'Google My Business', 'Netlify', 'PHP', 'Python', 'Tailwind CSS', 'UTF-8', 'University or College', 'jQuery']"
fernandocalil.com,Portfolio of Fernando Calil - Software Developer,,BRA,72,115810,2026-09-13T10:58:09.096457467Z,"['AWS WAF Challenge', 'Content Delivery Network', 'DAV', 'GitHub Hosting', 'Google Analytics', 'Google My Business', 'Google Tag Manager', 'IPFS', 'K2F', 'KVH', 'Next.js', 'No-Q', 'Pleroma', 'Python', 'QUIC', 'SMC', 'Subversion', 'Tailwind CSS', 'UTF-8', 'Vector Internet Services', 'Vercel', 'shadcn ui']"
chethin.dev,Chethin Weerakkody — Founder & Software Engineer,,,67,6740,2026-09-13T10:58:09.090307168Z,"['Content Delivery Network', 'GitHub Hosting', 'Harbor', 'NFOrce Internet', 'Next.js', 'Python', 'UTF-8', 'University or College', 'Vector Internet Services', 'Vercel', 'shadcn ui']"
fairviewhillsgolf.com,Fairview Country Club | Golf is our Favorite Game,,USA,77,3628,2026-09-13T10:49:49.926509227Z,"['CDN JS', 'Cloudflare', 'Cloudflare CDN', 'DAV', 'Filestack', 'GZIP Module', 'Google Analytics', 'Google Cloud DNS', 'Google Font API', 'Google Maps', 'Google My Business', 'Google Tag Manager', 'Instagram Follow Button', 'Ntent', 'Pico CSS', 'Pleroma', 'Python', 'Tailwind CSS', 'UTF-8', 'jsDelivr', 'reCAPTCHA']"
jtgo.org,Home | Joshua T. Go,,,57,,2026-09-13T10:49:49.918274215Z,"['Alternate Protocol', 'GitHub Hosting', 'GoatCounter', 'Instagram Follow Button', 'Jekyll', 'Mastodon', 'Microdata for Google Shopping', 'Python', 'Tailwind CSS', 'UTF-8', 'University or College']"
cansupply.eu,CAN SUPPLY,,BGR,77,241681,2026-09-13T10:49:49.907783061Z,"['501c3 Status Nonprofit', 'Alternate Protocol', 'Cloudflare', 'DAV', 'Express', 'Facebook Pixel', 'Fastly', 'Font Awesome', 'FreeBSD', 'GetResponse', 'Google Analytics', 'Google Tag Manager', 'Instagram Follow Button', 'KeyCDN', 'PWA', 'Parcel', 'Python', 'QUIC', 'Recent Tweets Widget for WordPress', 'SMC', 'Salesforce Hosted', 'Shopware', 'Squid', 'Twitter Ads', 'UTF-8', 'University or College', 'Vector Internet Services', 'Waveform Technology', 'WhatsApp Sharing', 'Yandex Hosting', 'symfony PHP Framework']"
herzbube.ch,herzbube.ch,,GBR,75,3340,2026-09-13T10:38:59.067697039Z,"['Alternate Protocol', 'Apache', 'Atlassian Bitbucket', 'GitHub Hosting', 'Google', 'Google Cloud DNS', 'Google Font API', 'Hugo', 'OpenSSL', 'Python', 'QUIC', 'UTF-8', 'Ubuntu']"
gammabytetechnology.com,Software Testing Services Company | Gamma Byte Technology,Gamma Byte Technology,IND,82,30739,2026-09-13T10:38:59.032957224Z,"['AWS WAF Challenge', 'Appium', 'CDN JS', 'Cloudflare', 'Cloudflare CDN', 'Content Delivery Network', 'ElementUI', 'Fireblade', 'Font Awesome', 'Google Cloud DNS', 'Google Font API', 'Google My Business', 'LottieFiles', 'Microdata for Google Shopping', 'PHP', 'Python', 'QUIC', 'UTF-8', 'Vercel', 'jQuery']"
astriktechnosoft.in,Astriktechnosoft — Engineering the Future,,IND,55,3,2026-09-13T10:28:26.151146728Z,"['Google Cloud DNS', 'Google Font API', 'Python']"
jonathanhill.tech,Resume,,GBR,75,5040,2026-09-13T10:18:44.199506203Z,"['Cisco/Arrowpoint Content Service Switch', 'Google Cloud DNS', 'Google Font API', 'Google My Business', 'Instagram Follow Button', 'LiteSpeed', 'PHP', 'Python', 'Tailwind CSS', 'University or College']"
maqueensoft.com,"MaQueenSoft (MAQ) — IT Solutions, Web & App Development | Mumbai, India",MaQueenSoft,IND,77,7440,2026-09-13T10:18:44.167677739Z,"['Alternate Protocol', 'Better Lead Generation Services', 'GitHub Hosting', 'Google', 'Google Cloud DNS', 'Google Font API', 'Instagram Follow Button', 'Microdata for Google Shopping', 'PHP', 'Python', 'Tailwind CSS', 'Twitter Ads', 'University or College', 'Vector Internet Services', 'WhatsApp Sharing', 'shadcn ui']"
claytonsalem.com,Sweating the Small Stuff,,,77,18120,2026-09-13T10:18:44.166185649Z,"['AWS WAF Challenge', 'Alternate Protocol', 'CDN JS', 'Cloudflare', 'Cloudflare CDN', 'Content Delivery Network', 'Fastly', 'GZIP Module', 'GitHub Hosting', 'Google My Business', 'Google Related Website Sites', 'Jekyll', 'Medium', 'PHP', 'Python', 'QUIC', 'Twitter Ads', 'UTF-8']"
sourcepp.org,SourcePP,,,72,9600,2026-09-13T10:18:44.139850314Z,"['Alibaba Cloud CDN', 'Alternate Protocol', 'Content Delivery Network', 'Fastly', 'Fastly CDN', 'GZIP Module', 'GitHub Hosting', 'Google My Business', 'Ntent', 'Python', 'RawGit', 'Tailwind CSS', 'UTF-8']"
bigfeechy.com,Big Feechy,,ZAF,70,19361,2026-09-13T10:18:44.138811989Z,"['AWS WAF Challenge', 'Alternate Protocol', 'Amazon Widgets', 'Apple Auto Link Maker', 'Astra Theme', 'Cloudflare', 'Cloudflare CDN', 'Content Delivery Network', 'Elementor', 'EmbedPress', 'Express', 'Google', 'Google Cloud DNS', 'Google Font API', 'Google My Business', 'Header, Footer and Blocks for Elementor', 'Instagram Follow Button', 'LiteSpeed', 'NFOrce Internet', 'PHP', 'Python', 'Theme In WP', 'UTF-8', 'Woo Themes', 'WordPress', 'WordPress Multisite', 'WordPress Related Posts', 'YouTube', 'jQuery']"
flask.news,flask.news – Every day news about Flask framework (Python).,,,62,647,2026-09-13T10:04:04.182922573Z,"['Adult Content', 'Alternate Protocol', 'Automattic', 'Automattic Direct', 'Content Delivery Network', 'EmbedPress', 'GitHub Hosting', 'Global Privacy Control', 'Google Analytics', 'Instagram Follow Button', 'Jetpack', 'Jetpack Site Accelerator', 'License Buttons', 'Nginx', 'Python', 'Tailwind CSS', 'Twitter Ads', 'US Privacy User Signal Mechanism', 'UTF-8', 'WordPress', 'WordPress Multisite', 'WordPress Stats']"
nextgenindore.com,Nextgen Computer Institute - Best IT & Non IT Training,Nextgen Computer Institute,IND,77,20464,2026-09-13T10:04:04.123331193Z,"['Alibaba Cloud CDN', 'Apache', 'Bulma', 'CDN JS', 'Cloudflare', 'Cloudflare CDN', 'CodeIgniter', 'Express', 'GZIP Module', 'Google', 'Google Analytics', 'Google Cloud DNS', 'Google Font API', 'Google Tag Manager', 'IcoMoon', 'Icons8', 'Instagram Follow Button', 'Microdata for Google Shopping', 'Oracle Cloud', 'PHP', 'Python', 'QUIC', 'Tailwind CSS', 'UTF-8', 'Wangsu', 'YouTube', 'jsDelivr']"
dhruvadeep.dev,Dhruvadeep Malakar - Founder | IITian | Data Scientist,,IND,55,600,2026-09-13T10:04:04.123031712Z,"['Content Delivery Network', 'Fastly', 'GZIP Module', 'GitHub Hosting', 'Python', 'Tailwind CSS', 'UTF-8']"
yugacabz.com,YugaCabz Travels | Best Car & Taxi travels in Vijayawada,,IND,77,2559,2026-09-13T09:52:09.726382006Z,"['AJAX Libraries API', 'CDN JS', 'Cloudflare', 'Cloudflare CDN', 'Create React App', 'Font Awesome', 'GZIP Module', 'Google', 'Google Cloud DNS', 'Google Font API', 'Instagram Follow Button', 'Microdata for Google Shopping', 'Pleroma', 'Python', 'QUIC', 'Tailwind CSS', 'UTF-8', 'htmlcodex.com', 'jQuery', 'jsDelivr']"
anagno.me,Vasileios Anagnostopoulos Resume,,USA,87,2499,2026-09-13T09:52:09.725678848Z,"['CDN JS', 'Cloudflare', 'Cloudflare CDN', 'Content Delivery Network', 'Easy Pie Chart', 'Fastly', 'Font Awesome', 'GZIP Module', 'GitHub Hosting', 'PHP', 'Python', 'QUIC', 'Tailwind CSS', 'Twitter Ads', 'UTF-8', 'University or College', 'jQuery', 'jsDelivr']"
highlatitud.es,High Latitudes,,,45,156,2026-09-13T09:43:40.309485017Z,"['Apache', 'GZIP Module', 'IcoMoon', 'Python', 'Twitter Ads']"
gonzalotomas.es,Portfolio - Gonzalo Tomás,,ESP,45,,2026-09-13T09:43:40.289860162Z,"['Content Delivery Network', 'GitHub Hosting', 'Next.js', 'Python', 'Tailwind CSS', 'UTF-8', 'Vercel']"
simpleanalytics.co.nz,Power BI & Fabric Consulting NZ | Simple Analytics,,NZL,77,46547,2026-09-13T09:32:46.896209132Z,"['1Password', '3D FlipBook', 'AWS WAF Challenge', 'Alternate Protocol', 'Framer Sites', 'Google', 'Google Analytics', 'Google Cloud CDN', 'Google Customer Reviews', 'Google My Business', 'Google Tag Manager', 'Hotjar', 'Instagram Follow Button', 'KVH', 'Ntent', 'Point', 'Python', 'Twitter Ads', 'Yandex Hosting', 'Zeald', 'reCAPTCHA']"
academicenclave.com,"Academic Enclave : The Book Publisher of Delhi, India",Academic Enclave,IND,87,26248,2026-09-13T09:32:46.884710005Z,"['AWS WAF Challenge', 'Adobe Creative Cloud WebFonts', 'Advanced Popups', 'Alternate Protocol', 'Animate It', 'Cloudflare', 'Cloudflare CDN', 'Content Delivery Network', 'DAV', 'Elementor', 'EmbedPress', 'Fontello', 'Google', 'Google Analytics', 'Google Cloud CDN', 'Google Cloud DNS', 'Google Customer Reviews', 'Google Font API', 'Google My Business', 'Google Tag Manager', 'IcoMoon', 'Instagram Follow Button', 'Line2', 'LiteSpeed', 'Microdata for Google Shopping', 'Ntent', 'PHP', 'Python', 'Quiz Maker', 'Slider Revolution', 'TI WooCommerce Wishlist', 'Theme In WP', 'TrustIndex', 'UTF-8', 'University or College', 'Vector Internet Services', 'WP GDPR Compliance', 'WPForms', 'Woo Themes', 'WooCommerce', 'WooCommerce Checkout', 'WordPress', 'WordPress Multisite', 'eLand', 'jQuery', 'reCAPTCHA']"
rotary7080.org,Home Page | Rotary District 7080,,USA,77,34828,2026-09-13T09:32:46.883799943Z,"['AWS WAF Challenge', 'Apture Linking Platform', 'AutoComplete', 'Bulma', 'Cloudflare', 'Corporate Governance and Regulatory Compliance', 'Facebook Conversion Tracking', 'Facebook Login', 'Facebook Messenger Platform', 'Facebook Pixel', 'Facebook Reseller', 'Facebook Tag API', 'Fireblade', 'GZIP Module', 'Google', 'Google Analytics', 'Google My Business', 'Google Tag Manager', 'Google Workspace', 'IcoMoon', 'Instagram Follow Button', 'Microsoft Application Insights', 'Microsoft Azure Blob Storage', 'Perl', 'Python', 'Twitter Ads', 'YouTube']"
uweb-framework.nl,Index - µWeb-framework,,,40,,2026-09-13T09:11:24.688399115Z,"['GZIP Module', 'GitHub Hosting', 'Google Analytics', 'Nginx', 'Python', 'QUIC', 'UTF-8']"
ricardopillay.dev,Ricardo Pillay,,,50,102,2026-09-13T09:11:24.680400715Z,"['AJAX Libraries API', 'Bulma', 'CDN JS', 'Cloudflare', 'Cloudflare CDN', 'Content Delivery Network', 'Font Awesome', 'Google Cloud DNS', 'Netlify', 'Python', 'UTF-8', 'jQuery', 'jsDelivr']"
hbarakeh.com,Haytham H. Barakeh,,LBN,65,50040,2026-09-13T09:11:24.663461775Z,"['Apache', 'DAV', 'GZIP Module', 'Google Analytics', 'Google Cloud DNS', 'Google Font API', 'Google My Business', 'Google Tag Manager', 'Instagram Follow Button', 'PHP', 'Python', 'SMC', 'Subversion', 'UTF-8', 'University or College', 'WhatsApp Sharing', 'YouTube', 'jQuery']"
lamerced5065.com.ar,Adventum – La Merced 5065,,ARG,70,172613,2026-09-13T09:11:24.648055384Z,"['Alternate Protocol', 'Cloudflare', 'DAV', 'Elementor', 'EmbedPress', 'Font Awesome', 'FreeBSD', 'GZIP Module', 'Google', 'Google Analytics', 'Google Cloud CDN', 'Google Tag Manager', 'KeyCDN', 'Nginx', 'Ninja Forms', 'PHP', 'Python', 'Royal Elementor Addons', 'Salesforce Hosted', 'Shopware', 'Table Addons for Elementor', 'UTF-8', 'University or College', 'Vector Internet Services', 'WP Fastest Cache', 'WPForms', 'WhatsApp Sharing', 'Woo Themes', 'WooCommerce Checkout', 'WordPress', 'WordPress Multisite', 'Yandex Hosting', 'reCAPTCHA', 'symfony PHP Framework']"
ai-kids.org,"AIClub - AI for Kids, Coding, IOT, Apps for Kids | AIClub",,USA,87,150891,2026-09-13T09:00:17.104602183Z,"['AWS WAF Challenge', 'Alternate Protocol', 'Amazon WAF Blocked', 'Amazon Widgets', 'Apture Linking Platform', 'Calendly', 'Content Delivery Network', 'DAV', 'DC74', 'Express', 'Fastly', 'Fastly CDN', 'Financial Services Guide', 'GZIP Module', 'Google Analytics', 'Google Calendar', 'Google Conversion Tracking', 'Google My Business', 'Google Related Website Sites', 'Google Tag Manager', 'HMDG', 'Instagram Follow Button', 'Lucky Orange', 'M247', 'Medium', 'Microdata for Google Shopping', 'NFOrce Internet', 'POWr', 'PWA', 'Perl', 'Python', 'QUIC', 'SMC', 'Seflow Italy', 'Sentry', 'Share Link', 'SiteW', 'Thank You', 'Twitter Ads', 'UTF-8', 'University or College', 'Vector Internet Services', 'WP Booking Calendar', 'Wix', 'Wix Media', 'WordPress Related Posts', 'YouTube', 'eLand', 'mlcom']"
andrewbruni.com,Andrew Bruni | Home,,ESP,72,,2026-09-13T09:00:17.076182848Z,"['Apache', 'CDN JS', 'Cloudflare', 'Cloudflare CDN', 'CodeIgniter', 'Foundation', 'GZIP Module', 'Google Analytics', 'InitiativeS', 'PHP', 'Python', 'QUIC', 'UTF-8', 'Ubuntu', 'University or College', 'Unix', 'jsDelivr']"
chrisam.net,Chris Mills – Variable-depth thoughts.,,USA,65,365626,2026-09-13T09:00:17.07286063Z,"['1Password', 'AWS WAF Challenge', 'Alternate Protocol', 'Amazon Link Enchancer', 'Amazon Widgets', 'Automattic', 'Bento', 'Cisco/Arrowpoint Content Service Switch', 'Citrix', 'Cloudflare', 'Cloudflare CDN', 'EmbedPress', 'Fireblade', 'Font Awesome', 'GitHub Hosting', 'Google Cloud DNS', 'Google Font API', 'Google My Business', 'Gravity', 'Help.com', 'Jetpack', 'Jetpack Site Accelerator', 'Microsoft Azure Blob Storage', 'Oracle Cloud', 'PHP', 'Python', 'RM Education', 'Rackspace Cloud Servers', 'Salesforce', 'Salesforce Experience Cloud', 'Salesforce Hosted', 'Theme In WP', 'Twitter Ads', 'UTF-8', 'Woo Themes', 'WooCommerce Checkout', 'WordPress', 'WordPress Multisite', 'WordPress Stats', 'jQuery']"
therony.me,Md Main Uddin Rony,,BGD,75,24939,2026-09-13T09:00:17.055846005Z,"['AWS WAF Challenge', 'Cisco/Arrowpoint Content Service Switch', 'Content Delivery Network', 'Fastly', 'Font Awesome', 'GZIP Module', 'GitHub Hosting', 'Google Cloud DNS', 'Google Font API', 'Google My Business', 'InitiativeS', 'Oracle Cloud', 'PHP', 'Python', 'Tailwind CSS', 'Twitter Ads', 'UTF-8', 'University or College', 'jQuery']"
50000.lt,50000.lt – Komunikacija ir bendradarbiavimas,,LTU,65,15799,2026-09-13T08:45:28.987471486Z,"['AWS WAF Challenge', 'Alternate Protocol', 'Content Delivery Network', 'DAV', 'EmbedPress', 'GZIP Module', 'Nginx', 'PHP', 'Perl', 'Python', 'QUIC', 'StatCounter', 'Theme In WP', 'UTF-8', 'Vello', 'WordPress', 'WordPress Multisite', 'jQuery']"
anirudhisonline.com,Anirudh C (@anirudhisonline),,,57,663,2026-09-13T08:34:08.73045079Z,"['CDN JS', 'Cloudflare', 'Cloudflare CDN', 'Content Delivery Network', 'Fastly', 'GZIP Module', 'GitHub Hosting', 'Google', 'Google Cloud DNS', 'Google Font API', 'Instagram Follow Button', 'Pico CSS', 'Python', 'Svelte', 'UTF-8', 'YouTube', 'jsDelivr']"
matthewlindev.com,Matthew,,AUS,65,2419,2026-09-13T08:34:08.730928218Z,"['Apache', 'Content Delivery Network', 'Fastly', 'GZIP Module', 'GitHub Hosting', 'Python', 'StyleShout', 'Tailwind CSS', 'UTF-8', 'University or College']"
aptechbenin.com.ng,"Aptech Computer Education - Benin City, Edo State",,NGA,72,240,2026-09-13T08:24:25.33839607Z,"['Content Delivery Network', 'Next.js', 'Pleroma', 'Python', 'QUIC', 'Tailwind CSS', 'UTF-8', 'University or College', 'Vercel', 'shadcn ui']"
aishwantghimire.com,Aishwant Ghimire - Porfolio,,USA,70,4939,2026-09-13T08:24:25.313982689Z,"['Content Delivery Network', 'ElementUI', 'Fastly', 'Font Awesome', 'GZIP Module', 'GitHub Hosting', 'Google', 'Google Cloud DNS', 'Google Font API', 'Google My Business', 'Python', 'UTF-8', 'University or College', 'jsDelivr']"
iqdigitalapps.com,iQDigital - Custom AI Software Built for Your Business,iQDigital,,77,20000,2026-09-13T08:10:30.852761049Z,"['Alternate Protocol', 'Cloudflare', 'Cloudflare CDN', 'Cloudflare Web Analytics', 'Fireblade', 'GitHub Hosting', 'Google Analytics', 'Google Tag Manager', 'Next.js', 'Pleroma', 'Python', 'QUIC', 'UTF-8', 'Vector Internet Services', 'shadcn ui']"
m4tech.ca,M4Tech: Your One-Stop IT Hardware and Software Solution | M4Tech,,,67,2554,2026-09-13T08:10:30.826370972Z,"['Alternate Protocol', 'Content Delivery Network', 'Google', 'Google Cloud DNS', 'Google Font API', 'Instagram Follow Button', 'Microdata for Google Shopping', 'Python', 'Thank You', 'Unsplash', 'Zyro']"
stephenfillers.com,Stephen Fillers - Software Developer,,GBR,75,2450,2026-09-13T08:10:30.815330797Z,"['Amazon', 'Amazon CloudFront', 'Amazon Route 53', 'Amazon S3 CDN', 'CloudFront', 'Content Delivery Network', 'GZIP Module', 'GitHub Hosting', 'Python', 'Tailwind CSS', 'University or College']"
allamericanbowl.com,360 Sports Events | Home of the All American Bowl,,MEX,82,221492,2026-09-13T08:10:30.80261138Z,"['Alternate Protocol', 'Amazon WAF Blocked', 'Ametys', 'Apache', 'Apture Linking Platform', 'Aruba', 'Cloudflare', 'DAV', 'EmbedPress', 'Event Tickets for Wordpress', 'Express', 'FreeBSD', 'GZIP Module', 'Google Analytics', 'Google Related Website Sites', 'Google Tag Manager', 'Gravity', 'Gravity Forms', 'IcoMoon', 'KeyCDN', 'Lazy Load for WordPress', 'Microdata for Google Shopping', 'PHP', 'Python', 'QUIC', 'SMC', 'Salesforce Hosted', 'Shopware', 'The Events Calendar', 'Theme In WP', 'ThemeFusion', 'Twitter Ads', 'UTF-8', 'University or College', 'Userback', 'Vector Internet Services', 'WP Rocket', 'WP jQuery Lightbox', 'WhatsApp Sharing', 'Woo Themes', 'WooCommerce', 'WooCommerce Checkout', 'WordPress', 'WordPress Multisite', 'WordPress Related Posts', 'Yandex Hosting', 'YouTube', 'eLand', 'symfony PHP Framework']"
animwebtechnologies.com,Animweb Technologies — Engineering Tomorrow's Digital Universe,,IND,72,17440,2026-09-13T08:04:26.157875539Z,"['AWS WAF Challenge', 'CDN JS', 'Cloudflare', 'Cloudflare CDN', 'Cloudflare Web Analytics', 'Content Delivery Network', 'DAV', 'ElementUI', 'Google', 'Google Cloud DNS', 'Google Font API', 'Instagram Follow Button', 'Python', 'Tailwind CSS']"
elifbalci.com,Elif Balcı,,TUR,60,7656,2026-09-13T07:58:59.617494325Z,"['Cloudflare', 'Cloudflare CDN', 'Cloudflare Web Analytics', 'Fireblade', 'GitHub Hosting', 'Google My Business', 'IcoMoon', 'Python', 'StyleShout', 'Tailwind CSS', 'UTF-8', 'University or College']"
sifu-gpt.com,SifuGPT,,,55,799,2026-09-13T07:58:59.577914508Z,"['AWS WAF Challenge', 'Alternate Protocol', 'Content Delivery Network', 'Elementor', 'EmbedPress', 'Express', 'FormSubmit', 'Header, Footer and Blocks for Elementor', 'Hello Elementor', 'LiteSpeed', 'Metform Elemento', 'NFOrce Internet', 'PHP', 'Perl', 'Python', 'QUIC', 'Theme In WP', 'UTF-8', 'WordPress', 'WordPress Multisite', 'YouTube', 'jQuery']"
indiadealsdigital.com,India Deals Online Solutions Pvt. Ltd.,,IND,87,1724,2026-09-13T07:58:59.569648216Z,"['Bulma', 'CDN JS', 'Cloudflare', 'Cloudflare CDN', 'ElementUI', 'Fancybox for WordPress', 'Flexible Shipping', 'Font Awesome', 'GetGist', 'Google Analytics', 'Google My Business', 'Google Related Website Sites', 'Google Tag Manager', 'IcoMoon', 'Instagram Follow Button', 'LiteSpeed', 'Python', 'QUIC', 'Tailwind CSS', 'Twitter Ads', 'UTF-8', 'WhatsApp Sharing', 'YouTube', 'jQuery', 'jsDelivr']"
alpineshark.com,"Static IPs for Cloud Apps, AI Agents, and Automation | QuotaGuard",QuotaGuard,USA,82,238244,2026-09-13T07:58:59.567834032Z,"['AJAX Libraries API', 'Amazon', 'Amazon CloudFront', 'Apture Linking Platform', 'CloudFront', 'Cloudflare', 'Cloudflare CDN', 'Cloudflare Web Analytics', 'Content Delivery Network', 'Google', 'Google Analytics', 'Google Cloud DNS', 'Google Font API', 'Google Related Website Sites', 'Google Tag Manager', 'Heroku', 'IcoMoon', 'Intellimize', 'Microdata for Google Shopping', 'Netlify', 'Pantheon', 'Plausible Analytics', 'Python', 'QUIC', 'Salesforce Hosted', 'Tailwind CSS', 'Twitter Ads', 'UTF-8', 'University or College', 'WF Cookie Consent', 'YouTube']"
barkoder.com,"barKoder: Barcode Scanner SDK for iOS, Android & Web",barKoder Ltd.,GBR,82,24831,2026-09-13T07:48:14.16332386Z,"['501c3 Status Nonprofit', 'Accelerated Mobile Pages', 'Alternate Protocol', 'Apollo IO', 'App Store', 'Apture Linking Platform', 'Bing Cashback', 'Bing Conversion Tracking', 'Bulma', 'CDN JS', 'Cloudflare', 'Cloudflare CDN', 'DAV', 'DoubleClick Bid Manager', 'ElementUI', 'Font Awesome', 'GZIP Module', 'Google', 'Google Analytics', 'Google Cloud DNS', 'Google Font API', 'Google Matched Content', 'Google My Business', 'Google Play', 'Google Reseller', 'Google Tag Manager', 'IcoMoon', 'Instagram Follow Button', 'LinkedIn Pixel', 'M247', 'Microdata for Google Shopping', 'Nginx', 'Ntent', 'Oribi Analytics', 'Python', 'QUIC', 'Stripe', 'Subversion', 'Tailwind CSS', 'Twitter Ads', 'UTF-8', 'University or College', 'WebAssembly', 'YouTube', 'jsDelivr']"
06yash.online,Yash Agrahari - Software Engineer,,IND,72,15720,2026-09-13T07:35:22.426403326Z,"['Cloudflare', 'Cloudflare CDN', 'Content Delivery Network', 'Express', 'Fireblade', 'GitHub Hosting', 'Google Related Website Sites', 'Microdata for Google Shopping', 'Next.js', 'Pleroma', 'Python', 'QUIC', 'Tailwind CSS', 'UTF-8', 'University or College', 'shadcn ui']"
madelyngatchel.com,Madelyn Gatchel,,GBR,75,4939,2026-09-13T07:35:22.424522292Z,"['Content Delivery Network', 'DAV', 'Fastly', 'Font Awesome', 'GZIP Module', 'GitHub Hosting', 'Google', 'Google Cloud DNS', 'Google Font API', 'Google My Business', 'PHP', 'Python', 'UTF-8', 'University or College', 'W3.CSS', 'YouTube']"
liamfleet.net,Liam Fleet,,,45,3,2026-09-13T07:35:22.422078381Z,"['AJAX Libraries API', 'Apache', 'DAV', 'GitHub Hosting', 'Google Cloud DNS', 'Google Font API', 'Material Design Icons', 'Materialize CSS', 'Python', 'UTF-8', 'jQuery']"
artandcharlie.com,Art and Charlie,,IND,60,,2026-09-13T07:35:22.422134215Z,"['Alternate Protocol', 'Apture Linking Platform', 'GZIP Module', 'Google Analytics', 'Google Tag Manager', 'Instagram Follow Button', 'Microsoft Authentication Library for JavaScript', 'PHP', 'Python', 'QUIC', 'UTF-8']"
ryan-bernstein.com,Ryan Bernstein | Software Developer,,USA,85,3039,2026-09-13T07:35:22.418538398Z,"['Content Delivery Network', 'Fastly', 'Font Awesome', 'GZIP Module', 'GitHub Hosting', 'Google My Business', 'Jekyll', 'Microdata for Google Shopping', 'Python', 'Twitter Ads', 'UTF-8', 'University or College', 'Visual Studio']"
sounay.com,Home - Sounay Phothisane,Sounay Phothisane,LAO,70,2003,2026-09-13T07:35:22.372696886Z,"['Alternate Protocol', 'Apache', 'Contact Form Plugin', 'Elementor', 'EmbedPress', 'Essential Addons for Elementor', 'GZIP Module', 'Google Cloud DNS', 'Google Font API', 'Hello Elementor', 'InitiativeS', 'JetElements', 'JetWooBuilder', 'Microdata for Google Shopping', 'NFOrce Internet', 'PHP', 'Python', 'Theme In WP', 'UTF-8', 'Ubuntu', 'University or College', 'Woo Themes', 'WordPress', 'WordPress Multisite', 'jQuery']"
dataforgex.com,DataForgex - Data Engineering & Analytics Solutions,DataForgex,ARG,77,4840,2026-09-13T07:35:22.370439054Z,"['Apache', 'CDN JS', 'Cloudflare', 'Cloudflare CDN', 'Create React App', 'Google', 'Google Analytics', 'Google Cloud DNS', 'Google Font API', 'Google Tag Manager', 'Microdata for Google Shopping', 'Nginx', 'Oracle Cloud', 'Pleroma', 'Python', 'UTF-8']"
imrazi.com,Imran Raziuddin Mohammed - Portfolio,,COL,77,7400,2026-09-13T07:22:50.570330241Z,"['ContentBox', 'DAV', 'Express', 'GitHub Hosting', 'Instagram Follow Button', 'Oracle Cloud', 'Placehold IT', 'Python', 'QUIC', 'Tailwind CSS', 'UTF-8', 'University or College', 'Vector Internet Services', 'WhatsApp Sharing', 'YouTube', 'jQuery']"
moolahwise.com,Home - Moolahwise,Moolahwise,USA,87,12454,2026-09-13T07:22:50.541185131Z,"['Alternate Protocol', 'AnyChat', 'Apture Linking Platform', 'Baidu Cloud', 'Cloudflare', 'CoBlocks', 'Content Delivery Network', 'Elementor', 'EmbedPress', 'Essential Addons for Elementor', 'Facebook Conversion Tracking', 'Facebook Login', 'Facebook Messenger Platform', 'Facebook Pixel', 'Facebook Reseller', 'Facebook Tag API', 'GoDaddy', 'Google', 'Google Analytics', 'Google Cloud DNS', 'Google Font API', 'Google My Business', 'Google Tag Manager', 'Hotjar', 'MailChimp', 'Microdata for Google Shopping', 'NFOrce Internet', 'Ninja Forms', 'PHP', 'PixelYourSite', 'Python', 'QUIC', 'Sassy Social Share', 'Slider Revolution', 'Theme In WP', 'UTF-8', 'Woo Themes', 'WooCommerce Checkout', 'WordPress', 'WordPress Multisite', 'Yandex Hosting', 'jQuery', 'reCAPTCHA']"
gerlach-gruppe.de,"Architekten + Ingenieure, Hochbau, Facility Management, Consult, Energie",Gerlach gruppe,DEU,72,7155,2026-09-13T07:12:59.386417799Z,"['Alternate Protocol', 'Amazon WAF Blocked', 'Download Monitor', 'EmbedPress', 'Font Awesome', 'FreeBSD', 'GZIP Module', 'Google', 'Google Cloud CDN', 'Google My Business', 'Google Related Website Sites', 'Gravity', 'Gravity Forms', 'KeyCDN', 'Nginx', 'PHP', 'Polylang', 'Python', 'QUIC', 'Sitelinks Search Box', 'Slider Revolution', 'Theme In WP', 'ThemeFusion', 'UTF-8', 'University or College', 'Woo Themes', 'WordPress', 'WordPress Multisite', 'WordPress Related Posts', 'Yandex Hosting', 'jQuery']"
kolluri.dev,Vamsi Krishna's personal website,,,57,660,2026-09-13T07:12:59.348822623Z,"['Content Delivery Network', 'Fastly', 'GZIP Module', 'GitHub Hosting', 'Google Analytics', 'Oracle Cloud', 'Python', 'UTF-8', 'University or College']"
sefaros.com,Serafeim-Ilias Antoniou — PM & Consultant,,USA,67,2668,2026-09-13T07:07:26.150874283Z,"['Content Delivery Network', 'GitHub Hosting', 'Google', 'Google Cloud DNS', 'Google Font API', 'Netlify', 'Python', 'UTF-8', 'University or College']"
schollconstruction.net,"Custom Home Builders, Remodelers & Commercial Construction | Northeastern Illinois & Southeastern Wisconsin",Scholl Construction,,77,255508,2026-09-13T06:58:10.075702186Z,"['AWS WAF Challenge', 'Akismet', 'Alternate Protocol', 'Amazon WAF Blocked', 'Anti-spam for WordPress', 'Aruba', 'CleanTalk Spam Protect', 'Cloudflare', 'Content Delivery Network', 'DAV', 'EmbedPress', 'Event Tickets for Wordpress', 'Fireblade', 'FreeBSD', 'Google', 'Google Analytics', 'Google Cloud CDN', 'Google My Business', 'Google Related Website Sites', 'Google Tag Manager', 'Gravity', 'Gravity Forms', 'IcoMoon', 'Instagram Follow Button', 'KeyCDN', 'Microdata for Google Shopping', 'NFOrce Internet', 'PHP', 'ProfilePress', 'Python', 'QUIC', 'SMC', 'Salesforce Hosted', 'Shopware', 'SiteW', 'The Events Calendar', 'Theme In WP', 'ThemeFusion', 'UTF-8', 'University or College', 'Vector Internet Services', 'WP Engine', 'WP jQuery Lightbox', 'Widget Options', 'Woo Themes', 'WordPress', 'WordPress Multisite', 'WordPress Related Posts', 'Yandex Hosting', 'YouTube', 'eLand', 'jQuery', 'myStickymenu', 'symfony PHP Framework']"
enscrypt.io,"Source Code Encryption - Script Obfuscation & Security - Encode, Protect Shell scripts, Perl, Python, Ruby scripts, Rcode, Nodejs and PHP Scripts - Secure Proprietary Information, Hide Script Content!",,,60,17839,2026-09-13T06:58:10.070863556Z,"['Apache', 'CDN JS', 'Cloudflare', 'Cloudflare CDN', 'Fireblade', 'Font Awesome', 'GZIP Module', 'Google Related Website Sites', 'PHP', 'Perl', 'Python', 'StatCounter', 'The Fresh', 'UTF-8', 'Ubuntu', 'Unix']"
agiw.eu,Agiw – noże do szparagów,,,60,19580,2026-09-13T06:58:10.03507141Z,"['Alternate Protocol', 'Amazon WAF Blocked', 'DAV', 'EmbedPress', 'Event Tickets for Wordpress', 'Fireblade', 'Font Awesome', 'FreeBSD', 'Google', 'Google Cloud CDN', 'Gravity', 'Gravity Forms', 'KeyCDN', 'LiteSpeed', 'PHP', 'Perl', 'Polylang', 'Python', 'QUIC', 'Salesforce Hosted', 'Shopware', 'The Events Calendar', 'Theme In WP', 'ThemeFusion', 'UTF-8', 'University or College', 'Vector Internet Services', 'WP jQuery Lightbox', 'Waveform Technology', 'Woo Themes', 'WordPress', 'WordPress Multisite', 'WordPress Related Posts', 'Yandex Hosting', 'jQuery', 'symfony PHP Framework']"
embeddedsolutions.pl,Embedded Solutions — firmware & IoT development outsourcing for smart energy and wireless connectivity,,,67,17689,2026-09-13T06:58:10.02389906Z,"['AWS WAF Challenge', 'Alternate Protocol', 'Cloudflare', 'Cloudflare CDN', 'Cloudflare Turnstile', 'Formspree', 'Google', 'Google Cloud DNS', 'Google Font API', 'LiteSpeed', 'Microdata for Google Shopping', 'Python']"
scottschupbach.com,Shannon Scott Schupbach - Software engineer,,USA,65,11668,2026-09-13T06:58:10.017315373Z,"['Content Delivery Network', 'ETranslate', 'Fastly', 'GZIP Module', 'GitHub Hosting', 'Google Analytics', 'Google Cloud DNS', 'Google Font API', 'Jekyll', 'NFOrce Internet', 'Netlify', 'PHP', 'Python', 'QUIC', 'Twitter Ads', 'UTF-8', 'University or College', 'Unix', 'Vector Internet Services', 'eLand']"
veck.im,Program City | Veck,,,77,65918,2026-09-13T06:58:10.013830634Z,"['Alternate Protocol', 'Amazon Elastic Beanstalk', 'Amazon Link Enchancer', 'Amazon Widgets', 'Apache', 'Content Delivery Network', 'DAV', 'Fastly', 'Financial Services Guide', 'Font Awesome', 'GZIP Module', 'GitHub Hosting', 'HMDG', 'Hugo', 'KVH', 'M247', 'Medium', 'Nginx', 'No-Q', 'Python', 'Subversion', 'UTF-8', 'Visual Studio', 'WordPress SEO Structured Data Schema Plugin']"
modisch.me,"Modisch Fabrications | Software Developer, Engineer, Maker",,DEU,72,15720,2026-09-13T06:45:55.72291079Z,"['AWS WAF Challenge', 'Astro', 'Cloudflare', 'Cloudflare CDN', 'Cloudflare Web Analytics', 'GitHub Hosting', 'Google Related Website Sites', 'Instagram Follow Button', 'Python', 'QUIC', 'Tailwind CSS', 'Twitter Ads', 'UTF-8', 'shadcn ui']"
shamgunov.com,Marsel Shamgunov,,,62,51879,2026-09-13T06:45:55.699064383Z,"['Apache', 'Aruba', 'Carrd', 'GZIP Module', 'GitHub Hosting', 'Google Cloud DNS', 'Google Font API', 'Google My Business', 'Instagram Follow Button', 'Python', 'SMC', 'Tableau', 'University or College', 'reCAPTCHA']"
switchtodevops.com,DevOps Course Online India — GenAI + AWS | SwitchtoDevOps,SwitchtoDevOps Academy – Online DevOps Training,IND,82,10216,2026-09-13T06:35:28.210516647Z,"['ArvanCloud', 'Cloudflare', 'Cloudflare CDN', 'Cloudflare Web Analytics', 'Content Delivery Network', 'Facebook Conversion Tracking', 'Facebook Login', 'Facebook Messenger Platform', 'Facebook Pixel', 'Facebook Reseller', 'Facebook Tag API', 'GitHub Hosting', 'Google Analytics', 'Google Related Website Sites', 'Google Tag Manager', 'Instagram Follow Button', 'Microdata for Google Shopping', 'NFOrce Internet', 'Next.js', 'PagerDuty', 'Pleroma', 'Prospective', 'Python', 'QUIC', 'Tailwind CSS', 'Unsplash', 'YouTube', 'jsDelivr']"
johncabrahams.com,John Abrahams,,,47,1100,2026-09-13T06:35:28.20478062Z,"['Content Delivery Network', 'Fastly', 'GZIP Module', 'GitHub Hosting', 'NFOrce Internet', 'Python', 'UTF-8', 'WebAssembly']"
alhamrahotel.com.kw,Al-Hamra Hotel | Home,,KWT,65,7000,2026-09-13T06:35:28.197670893Z,"['CDN JS', 'Cloudflare', 'Cloudflare CDN', 'Elfsight', 'GZIP Module', 'Google', 'Google Analytics', 'Google Cloud DNS', 'Google Font API', 'Google My Business', 'Google Tag Manager', 'Instagram Follow Button', 'Python', 'QUIC', 'Quicktext', 'Tailwind CSS', 'Twitter Ads', 'UTF-8', 'YouTube', 'reCAPTCHA']"
sheplustech.org,Homepage - She Plus Tech,She Plus Tech,,65,24459,2026-09-13T06:35:28.194578766Z,"['501c3 Status Nonprofit', 'AWS WAF Challenge', 'Adult Content', 'Agoda', 'Alternate Protocol', 'Cisco/Arrowpoint Content Service Switch', 'Cloudflare', 'Cloudflare CDN', 'Coming Soon Page', 'Content Delivery Network', 'ContentBox', 'DAV', 'EmbedPress', 'Ethy', 'Google', 'Google Analytics', 'Google My Business', 'Google Tag Manager', 'Instagram Follow Button', 'Line2', 'LiteSpeed', 'Microdata for Google Shopping', 'PHP', 'Parcel', 'Perl', 'Python', 'QUIC', 'QUIC.cloud', 'UTF-8', 'Woo Themes', 'WordPress', 'WordPress Multisite', 'YouTube', 'Zeffy', 'eLand']"
shivani-khandelwal.com,Shivani Khandelwal,,IND,65,19300,2026-09-13T06:25:10.66828423Z,"['AWS WAF Challenge', 'CDN JS', 'Cloudflare', 'Cloudflare CDN', 'Content Delivery Network', 'Fastly', 'GZIP Module', 'GitHub Hosting', 'Google Cloud DNS', 'Google Font API', 'Google My Business', 'Instagram Follow Button', 'Linktree', 'NFOrce Internet', 'Python', 'Tagembed', 'UTF-8', 'University or College', 'YouTube', 'jQuery']"
perezjeremy.fr,Jérémy Perez,,,72,8504,2026-09-13T06:25:10.667510915Z,"['Apache', 'Apture Linking Platform', 'GZIP Module', 'GitHub Hosting', 'Instagram Follow Button', 'Jetpack', 'NFOrce Internet', 'Python', 'Tailwind CSS', 'Vector Internet Services', 'YouTube', 'jQuery', 'symfony PHP Framework']"
gieonnesabijon.com,Gieonne Sabijon | Portfolio,,USA,72,2440,2026-09-13T06:25:10.646216343Z,"['Content Delivery Network', 'Fastly', 'GZIP Module', 'GitHub Hosting', 'Google Cloud DNS', 'Google Font API', 'Python', 'UTF-8', 'University or College']"
jiwooiscool.com,JIWOO KIM - Front End Web Developer,,PRK,70,2668,2026-09-13T06:11:09.723387828Z,"['CDN JS', 'Cloudflare', 'Cloudflare CDN', 'Content Delivery Network', 'GitHub Hosting', 'Google', 'Google Cloud DNS', 'Google Font API', 'Google My Business', 'Netlify', 'Python', 'UTF-8', 'University or College']"
simpleobjects.io,Software Dev Shop,,,72,2640,2026-09-13T06:11:09.719823648Z,"['Content Delivery Network', 'Fastly', 'GZIP Module', 'GitHub Hosting', 'Next.js', 'Pleroma', 'Python', 'Tailwind CSS', 'UTF-8', 'Vercel', 'shadcn ui']"
natanielfarzan.com,Nataniel Farzan,,USA,62,2400,2026-09-13T06:11:09.717490689Z,"['Content Delivery Network', 'Fastly', 'GZIP Module', 'GitHub Hosting', 'Instagram Follow Button', 'Python', 'UTF-8', 'University or College', 'YouTube']"
justbackend.com,JustBackend - Turn Backend pain into development gain,,,57,,2026-09-13T06:11:09.716177313Z,"['GZIP Module', 'GitHub Hosting', 'Next.js', 'Pleroma', 'Python', 'QUIC', 'UTF-8']"
dylanditoro.com,Dylan Di Toro — Interactive Portfolio,,AUS,87,17649,2026-09-13T06:11:09.710939114Z,"['AWS WAF Challenge', 'CDN JS', 'Cloudflare', 'Cloudflare CDN', 'Content Delivery Network', 'Fastly', 'Formspree', 'GZIP Module', 'GitHub Hosting', 'Python', 'Tailwind CSS', 'UTF-8', 'University or College', 'Unix']"
purewhitedoves.co.uk,Pure White Doves,,,72,228927,2026-09-13T06:01:12.694727784Z,"['Alternate Protocol', 'Amazon WAF Blocked', 'Apache', 'BLR', 'Cloudflare', 'Content Delivery Network', 'DAV', 'EmbedPress', 'Event Tickets for Wordpress', 'FreeBSD', 'GZIP Module', 'Gravity', 'Gravity Forms', 'Instagram Follow Button', 'KeyCDN', 'PHP', 'Python', 'QUIC', 'SMC', 'Salesforce Hosted', 'Shopware', 'SiteW', 'Telegram', 'The Events Calendar', 'Theme In WP', 'ThemeFusion', 'Tumblr', 'UTF-8', 'University or College', 'Vector Internet Services', 'Vello', 'WP jQuery Lightbox', 'WhatsApp Sharing', 'Woo Themes', 'WordPress', 'WordPress Multisite', 'WordPress Related Posts', 'Yandex Hosting', 'jQuery', 'symfony PHP Framework']"
kaanha.tech,Kaanha Tech — AI Forward Deployed Engineering,,,67,5000,2026-09-13T05:47:14.189572475Z,"['Apture Linking Platform', 'GZIP Module', 'Microdata for Google Shopping', 'Python', 'The Deck', 'UTF-8', 'Vector Internet Services']"
akhp.dev,Hari Pranav A,,IND,65,18199,2026-09-13T05:47:14.166573346Z,"['Alternate Protocol', 'Apache', 'CDN JS', 'Calendly', 'Cloudflare', 'Cloudflare CDN', 'Content Delivery Network', 'Fireblade', 'Font Awesome', 'GitHub Hosting', 'Google', 'Google Cloud DNS', 'Google Font API', 'Google My Business', 'IPFS', 'Netlify', 'Python', 'Sitelinks Search Box', 'Twitter Ads', 'UTF-8', 'University or College']"
craigmatthewsmith.co.uk,Craig Matthew Smith – Online CV,,GBR,65,52887,2026-09-13T05:47:14.16123409Z,"['AWS WAF Challenge', 'Alternate Protocol', 'Apture Linking Platform', 'Cisco/Arrowpoint Content Service Switch', 'Content Delivery Network', 'DAV', 'Elementor', 'EmbedPress', 'Fireblade', 'Fortinet', 'Google Cloud DNS', 'Google Font API', 'Google My Business', 'LiteSpeed', 'Menu Icons by ThemeIsle', 'NFOrce Internet', 'PHP', 'Paessler', 'Pleroma', 'Python', 'QUIC', 'Theme In WP', 'UTF-8', 'University or College', 'WordPress', 'WordPress Multisite', 'jQuery', 'reCAPTCHA']"
highaltsolutions.nl,"Software Company in Shimla | Web, App & AI — HAIS",High Altitude Info Solutions,IND,87,3460,2026-09-13T05:47:14.150699855Z,"['Alternate Protocol', 'GZIP Module', 'Google', 'Google Cloud DNS', 'Google Font API', 'Google Related Website Sites', 'InitiativeS', 'Microdata for Google Shopping', 'Nginx', 'Parallels Plesk Panel', 'Pico CSS', 'Python', 'QUIC', 'University or College']"
isaacweiss.dev,Isaac Weiss,,FRA,67,6679,2026-09-13T05:47:14.146471883Z,"['CDN JS', 'Cloudflare', 'Cloudflare CDN', 'Content Delivery Network', 'Fastly', 'Font Awesome', 'GZIP Module', 'GitHub Hosting', 'Google Cloud DNS', 'Google Font API', 'Investor Relations', 'Microsoft 365', 'Ntent', 'Python', 'QUIC', 'Tailwind CSS', 'UTF-8', 'University or College', 'Visual Studio', 'jQuery', 'jsDelivr']"
alsweigart.com,Al Sweigart's Website,,CAN,70,1327,2026-09-13T05:37:38.826535622Z,"['AJAX Libraries API', 'Amazon Widgets', 'Apache', 'Express', 'Font Awesome', 'GZIP Module', 'GitHub Hosting', 'Google Cloud DNS', 'Mastodon', 'Python', 'Show.co', 'Twitter Ads', 'UTF-8', 'University or College', 'YouTube', 'jQuery']"
andressevillano.com,Hola,,USA,72,17419,2026-09-13T05:37:38.824721176Z,"['AWS WAF Challenge', 'GZIP Module', 'GitHub Hosting', 'Nginx', 'Python', 'StyleShout', 'WebAssembly', 'Yandex Hosting']"
jmbhughes.com,jmbhughes,,,50,600,2026-09-13T05:37:38.780192974Z,"['Alternate Protocol', 'Content Delivery Network', 'Fastly', 'GZIP Module', 'GitHub Hosting', 'GoatCounter', 'Google My Business', 'License Buttons', 'Python', 'Tailwind CSS', 'UTF-8', 'shadcn ui']"
richjacobs.me,Rich Jacobs - Product Manager,,GBR,72,240,2026-09-13T05:37:38.779946621Z,"['Content Delivery Network', 'GitHub Hosting', 'InitiativeS', 'Next.js', 'Python', 'QUIC', 'Tailwind CSS', 'UTF-8', 'Vercel']"
mernsol.com,MERN Solutions,,,57,1113,2026-09-13T05:37:38.768792653Z,"['Better Lead Generation Services', 'DAV', 'Express', 'GZIP Module', 'Google Cloud DNS', 'Google Font API', 'Idaq', 'Next.js', 'Nginx', 'Oracle Cloud', 'Perl', 'Pleroma', 'Python', 'QUIC', 'Tailwind CSS', 'Ubuntu', 'shadcn ui']"
iosdevlog.com,iosdevlog's website,,,72,4939,2026-09-13T05:37:38.767401646Z,"['Alternate Protocol', 'Bulma', 'CDN JS', 'Cloudflare', 'Cloudflare CDN', 'Content Delivery Network', 'Fastly', 'Font Awesome', 'GZIP Module', 'GitHub Hosting', 'Google Analytics', 'Google Cloud DNS', 'Google Font API', 'Jekyll', 'Python', 'StackPath', 'UTF-8', 'jsDelivr']"
zachlofquist.com,Portfolio Website,,USA,65,3900,2026-09-13T05:24:43.408049265Z,"['Content Delivery Network', 'Fastly', 'GZIP Module', 'GitHub Hosting', 'Instagram Follow Button', 'NFOrce Internet', 'PHP', 'Perl', 'Python', 'Twitter Ads', 'UTF-8', 'University or College', 'YouTube']"
thelodestonesolution.com,The Lodestone Centre | Learning Support in Subang Jaya,,MYS,92,34840,2026-09-13T05:24:43.405893108Z,"['AWS WAF Challenge', 'Alternate Protocol', 'Apture Linking Platform', 'CDN JS', 'Cloudflare', 'Cloudflare CDN', 'Content Delivery Network', 'Express', 'Fastly', 'Fireblade', 'Free Call', 'GZIP Module', 'GitHub Hosting', 'Google', 'Google Analytics', 'Google Cloud DNS', 'Google Font API', 'Google Tag Manager', 'Microdata for Google Shopping', 'Python', 'QUIC', 'Tailwind CSS', 'UTF-8', 'jsDelivr']"
trendov.dev,Andrej Trendov | Full-Stack Developer & Designer,,,62,2440,2026-09-13T05:24:43.400553726Z,"['Create React App', 'GitHub Hosting', 'Google', 'Google Cloud DNS', 'Google Font API', 'Pleroma', 'Python', 'Tailwind CSS', 'UTF-8']"
starsociety.in,Star Educational Society,,IND,87,468,2026-09-13T05:24:43.386333468Z,"['Google My Business', 'IcoMoon', 'Instagram Follow Button', 'LiteSpeed', 'PHP', 'Python', 'QUIC', 'UTF-8', 'University or College', 'YouTube', 'jQuery']"
austinlords.com,Austin Lords,,USA,60,1182,2026-09-13T05:24:43.379903653Z,"['AJAX Libraries API', 'Content Delivery Network', 'Express', 'Fastly', 'Font Awesome', 'GZIP Module', 'GitHub Hosting', 'Google Analytics', 'Google Cloud DNS', 'Google Tag Manager', 'LiveChat', 'LiveChat Monitoring', 'Python', 'Tailwind CSS', 'UTF-8', 'jQuery']"
jonnywang.dev,Home Page | Jonny Wang,,CAN,45,63,2026-09-13T05:24:43.37251816Z,"['Content Delivery Network', 'GitHub Hosting', 'Google', 'Google Cloud DNS', 'Google Font API', 'Python', 'Svelte', 'Twitter Ads', 'Vercel']"
dartmouthdevonholidays.co.uk,Dartmouth Holiday Chalets At Norton Park | Book Direct,Dartmouth Holiday Chalets,GBR,92,1085,2026-09-13T05:24:43.366950595Z,"['Alternate Protocol', 'Apache', 'Book Direct', 'Content Delivery Network', 'CookieYes', 'EmbedPress', 'FormSubmit', 'Formidable Pro Form', 'GZIP Module', 'Google Analytics', 'Google Cloud DNS', 'Google Maps', 'Google My Business', 'Google Tag Manager', 'IcoMoon', 'Instagram Follow Button', 'Microdata for Google Shopping', 'PHP', 'Python', 'QUIC', 'Sitelinks Search Box', 'Theme In WP', 'Twitter Ads', 'UTF-8', 'WordPress', 'WordPress Multisite', 'YouTube', 'jQuery']"
grounduprecordzinc.com,SpotOn Website | 404,,,25,3,2026-09-13T05:13:04.64298111Z,"['GZIP Module', 'Google Cloud DNS', 'Google Font API', 'Pleroma', 'Python', 'UTF-8', 'jsDelivr']"
vidhyamp.me,Vidhya MannathuParambil | Portfolio,,,67,5468,2026-09-13T05:13:04.633522288Z,"['Content Delivery Network', 'GitHub Hosting', 'InitiativeS', 'Netlify', 'Python', 'QUIC', 'UTF-8', 'University or College', 'Vector Internet Services', 'Vercel', 'shadcn ui']"
chainvet.dev,Chainvet - Hybrid Smart Contract Auditor,,,67,4840,2026-09-13T05:04:26.150991753Z,"['Content Delivery Network', 'Fastly', 'GZIP Module', 'GitHub Hosting', 'Google', 'Google Cloud DNS', 'Google Font API', 'Python', 'QUIC', 'UTF-8']"
textbelt.com,SMS Texting API | Keep it Simple,,,60,,2026-09-13T05:01:27.577947934Z,"['Apache', 'CDN JS', 'Cloudflare', 'Cloudflare CDN', 'Cloudflare Web Analytics', 'Content Delivery Network', 'GitHub Hosting', 'Netlify', 'Python', 'Stripe', 'UTF-8', 'jsDelivr']"
konyahavaalanitransferi.com,Ana Sayfa - Konya Havaalanı Transferi,Konya Havaalanı Transferi,TUR,77,169976,2026-09-13T05:01:27.572252539Z,"['Adult Content', 'Alternate Protocol', 'Autoptimize', 'Cloudflare', 'Content Delivery Network', 'DAV', 'Elementor', 'EmbedPress', 'Font Awesome', 'FreeBSD', 'GZIP Module', 'Google Analytics', 'Google Tag Manager', 'Hello Elementor', 'KeyCDN', 'Microdata for Google Shopping', 'NFOrce Internet', 'Nginx', 'Python', 'Salesforce Hosted', 'Shopware', 'Table Addons for Elementor', 'UTF-8', 'University or College', 'Vector Internet Services', 'WhatsApp Sharing', 'Woo Themes', 'WordPress', 'WordPress Multisite', 'Yandex Hosting', 'jQuery', 'symfony PHP Framework']"
haseebai.tech,"Muhammad Haseeb | AI Engineer | Agentic AI, RAG, LLM Systems",HASEEBΛI.,PAK,82,25056,2026-09-13T05:01:27.566755562Z,"['AWS WAF Challenge', 'Alternate Protocol', 'Content Delivery Network', 'GitHub Hosting', 'Google', 'Google Analytics', 'Google Cloud DNS', 'Google Font API', 'Google Tag Manager', 'Hasnode', 'IcoMoon', 'InitiativeS', 'Instagram Follow Button', 'Linktree', 'Microdata for Google Shopping', 'NFOrce Internet', 'Netlify', 'Next.js', 'PWA', 'Python', 'Sitelinks Search Box', 'Tailwind CSS', 'UTF-8', 'University or College', 'Vector Internet Services', 'shadcn ui']"
websitelytics.top,Продуктовая аналитика и A/B тесты,,,65,468,2026-09-13T05:01:27.544284097Z,"['Create React App', 'GZIP Module', 'Google Analytics', 'Google Tag Manager', 'IcoMoon', 'Nginx', 'Pleroma', 'Python', 'Tailwind CSS', 'Telegram', 'UTF-8', 'Ubuntu']"
pavanisoft.com,Pavanisoft Ltd,,USA,67,17440,2026-09-13T04:49:51.231713974Z,"['AWS WAF Challenge', 'Content Delivery Network', 'Fastly', 'GZIP Module', 'GitHub Hosting', 'Google Cloud DNS', 'Google Font API', 'PHP', 'Python', 'Tailwind CSS', 'UTF-8', 'jQuery']"
automatalabs.in,Automata Labs | Engineering Digital Growth,,,42,84,2026-09-13T04:49:51.223909847Z,"['Content Delivery Network', 'Instagram Follow Button', 'Next.js', 'Pleroma', 'Python', 'Tailwind CSS', 'UTF-8', 'Unsplash', 'Vercel']"
benrbray.com,Home / Benjamin R. Bray,,JPN,70,2400,2026-09-13T04:49:51.212254166Z,"['Astro', 'Content Delivery Network', 'Fastly', 'GZIP Module', 'GitHub Hosting', 'KaTeX', 'Python', 'UTF-8']"
dierenartsvanacker.be,"Steven van Acker dierenarts Jabbeke, Zedelgem, Varsenare",Dierenarts Steven Van Acker,,57,616,2026-09-13T04:49:51.209341798Z,"['Alternate Protocol', 'Astra Theme', 'Complianz', 'Elementor', 'EmbedPress', 'Google', 'Google Cloud DNS', 'Google Font API', 'Google Maps', 'Google My Business', 'Koko Analytics', 'Microdata for Google Shopping', 'NFOrce Internet', 'Nginx', 'PHP', 'Python', 'Theme In WP', 'UTF-8', 'Woo Themes', 'WordPress', 'WordPress Multisite', 'WordPress Related Posts', 'jQuery']"
drawingprojektbim.de,3D BIM Daten - Drawing-Projekt-BIM,,,67,40,2026-09-13T04:49:51.207186731Z,"['GZIP Module', 'Google Cloud DNS', 'Google Font API', 'Instagram Follow Button', 'Material Design Icons', 'Materialize CSS', 'Nginx', 'PWA', 'Python', 'UTF-8']"
safehaventraining.co.uk,Workplace First Aid Training | Safe Haven Training,,GBR,77,21368,2026-09-13T04:49:51.193806582Z,"['AWS WAF Challenge', 'Alternate Protocol', 'Click Guardian', 'FreeBSD', 'Google Cloud DNS', 'Google Customer Reviews', 'Google Maps', 'Google Related Website Sites', 'KeyCDN', 'LiteSpeed', 'MailChimp', 'Microdata for Google Shopping', 'Pico CSS', 'Python', 'QUIC', 'Termly', 'Tidio', 'Twitter Ads', 'UTF-8', 'University or College', 'Yandex Hosting', 'eLand', 'jQuery']"
deepchainlabs.com,Deepchain Labs | Technology Consultation & AI-Powered Engineering,Deepchain Labs,BGD,82,17640,2026-09-13T04:49:51.181062462Z,"['Apache', 'Cloudflare', 'Content Delivery Network', 'Fireblade', 'GZIP Module', 'IPFS', 'Microdata for Google Shopping', 'Next.js', 'Nginx', 'Oracle Cloud', 'Python', 'Tailwind CSS', 'UTF-8']"
canni.al,"CaNNi | Full-Stack Web Developer in Kosova - PHP, JavaScript, MySQL",,EGY,92,3028,2026-09-13T04:36:55.535598298Z,"['Alternate Protocol', 'CDN JS', 'Cloudflare', 'Cloudflare CDN', 'ElementUI', 'GitHub Hosting', 'Google', 'Google Analytics', 'Google Cloud DNS', 'Google Font API', 'Google Tag Manager', 'LottieFiles', 'Microdata for Google Shopping', 'Netlify', 'PHP', 'Python', 'QUIC', 'Tailwind CSS', 'jsDelivr', 'shadcn ui']"
asimpoudel.com.np,Asim Poudel,,,57,162,2026-09-13T04:23:34.570244562Z,"['CDN JS', 'Cloudflare', 'Cloudflare CDN', 'Content Delivery Network', 'Font Awesome', 'Google', 'Google Cloud DNS', 'Google Font API', 'Python', 'QUIC', 'UTF-8', 'Vercel']"
shimbamobile.com,Shimba Technologies Limited,,KEN,70,2868,2026-09-13T04:23:34.561462769Z,"['Apache', 'Bulma', 'DAV', 'GZIP Module', 'IcoMoon', 'Oracle Cloud', 'Python', 'QUIC', 'Tailwind CSS', 'Ubuntu', 'jQuery']"
kasralabs.ai,"Kasralabs - AI as a Service | ML, Forecasting & Image Processing Solutions",Kasralabs,IRQ,77,1740,2026-09-13T04:15:18.420803839Z,"['Apache', 'Content Delivery Network', 'GitHub Hosting', 'Google My Business', 'Medium', 'Microdata for Google Shopping', 'NFOrce Internet', 'Next.js', 'Pleroma', 'Python', 'Tailwind CSS', 'Twitter Ads', 'UTF-8', 'University or College', 'Vercel', 'shadcn ui']"
fortesg.org,FortranTestGenerator · GitHub,,DEU,87,30780,2026-09-13T04:15:18.399955151Z,"['Alternate Protocol', 'Amazon', 'Apture Linking Platform', 'BlankSlate', 'Fastly', 'Fireblade', 'GZIP Module', 'GitHub Hosting', 'Google Related Website Sites', 'Microdata for Google Shopping', 'Microsoft Azure', 'Microsoft Azure Blob Storage', 'NFOrce Internet', 'Ntent', 'PWA', 'Perl', 'Python', 'QUIC', 'RawGit', 'Schema Plugin', 'Smart App Banner', 'Storyblocks', 'Tailwind CSS', 'UTF-8', 'Vector Internet Services']"
mattcmccormick.com,"Matt McCormick, Web & AI Developer",,,67,7640,2026-09-13T04:15:18.374177985Z,"['Content Delivery Network', 'Ember.js', 'Fastly', 'GZIP Module', 'GitHub Hosting', 'Google Analytics', 'Google Tag Manager', 'Python', 'Svelte', 'UTF-8', 'University or College', 'Vector Internet Services', 'Vercel', 'eLand']"
cicitandesign.com,CiciTan,,,57,21860,2026-09-13T04:15:18.364822034Z,"['Alternate Protocol', 'Framer Sites', 'Google', 'Google Analytics', 'Google Cloud CDN', 'Google My Business', 'Google Tag Manager', 'KVH', 'Ntent', 'Python', 'SMC', 'University or College', 'Zeald']"
hatimali.dev,Hatim Ali Kanchwala,,,47,932,2026-09-13T04:01:39.995030879Z,"['AWS WAF Challenge', 'ArvanCloud', 'Content Delivery Network', 'Fastly', 'GZIP Module', 'GitHub Hosting', 'Jekyll', 'License Buttons', 'Python', 'QUIC', 'UTF-8', 'jsDelivr']"
braisonminodi.online,Braison Minodi | Software Engineer,,KEN,70,268,2026-09-13T04:01:39.993006728Z,"['CDN JS', 'Cloudflare', 'Cloudflare CDN', 'Content Delivery Network', 'GitHub Hosting', 'Google Cloud DNS', 'Google Font API', 'Netlify', 'Python', 'QUIC', 'Tailwind CSS', 'Thank You', 'UTF-8']"
datascienceclasses.in,V-TECH COMPUTER EDUCATION - Data Science & AI Training Institute | Best Data Analytics Courses,,,67,40,2026-09-13T04:01:39.990320038Z,"['CDN JS', 'Cloudflare', 'Cloudflare CDN', 'Express', 'Google Cloud DNS', 'Google Font API', 'Python', 'QUIC', 'UTF-8', 'University or College']"
singleprecision.com,Single Precision Ltd.,,GBR,65,3604,2026-09-13T04:01:39.980043517Z,"['Apache', 'Fastly', 'FormSubmit', 'Friendly Captcha', 'GZIP Module', 'Google Analytics', 'Google Cloud DNS', 'Google Font API', 'Google Tag Manager', 'Python', 'SiteW', 'SiteWit', 'Visual Studio']"
hotfsd.top,L'art : reflet du monde et de l'âme,,BGD,77,219419,2026-09-13T04:01:39.969088022Z,"['Alternate Protocol', 'Apture Linking Platform', 'Bulma', 'CDN JS', 'Cisco/Arrowpoint Content Service Switch', 'Cloudflare', 'Cloudflare CDN', 'Dialpad', 'Duoban', 'Express', 'FreeBSD', 'Gambling Content', 'Google Cloud DNS', 'Google Font API', 'No-Q', 'Paessler', 'Python', 'QUIC', 'SMC', 'Salesforce Hosted', 'Tailwind CSS', 'UTF-8', 'Vector Internet Services', 'jsDelivr', 'symfony PHP Framework']"
bogdandobre.ro,Information Security Expert,,ROU,77,6103,2026-09-13T04:01:39.966762267Z,"['Alternate Protocol', 'Automattic', 'Cisco/Arrowpoint Content Service Switch', 'Coming Soon Page', 'Corporate Governance and Regulatory Compliance', 'Elementor', 'EmbedPress', 'GZIP Module', 'Google Analytics', 'Google Cloud DNS', 'Google Font API', 'Google Maps', 'Google My Business', 'Google Tag Manager', 'Jetpack', 'LiteSpeed', 'Microdata for Google Shopping', 'PHP', 'Python', 'QUIC', 'Tailwind CSS', 'UTF-8', 'University or College', 'W3 Total Cache', 'Woo Themes', 'WordPress', 'WordPress Multisite', 'WordPress Stats']"
tajir.biz,Home - TAJIR,TAJIR ,PAK,72,4374,2026-09-13T04:01:39.961817853Z,"['Alternate Protocol', 'Click to Chat for WhatsApp', 'Contact Form Plugin', 'Elementor', 'EmbedPress', 'Express', 'Facebook Conversion Tracking', 'Facebook Login', 'Facebook Messenger Platform', 'Facebook Pixel', 'Facebook Reseller', 'Facebook Tag API', 'Foundation', 'Google', 'Google Analytics', 'Google Cloud CDN', 'Google Cloud DNS', 'Google Font API', 'Google Tag Manager', 'Instagram Follow Button', 'Koko Analytics', 'Microdata for Google Shopping', 'NFOrce Internet', 'PHP', 'Python', 'QUIC', 'Sitelinks Search Box', 'Slider Revolution', 'Table Addons for Elementor', 'Theme In WP', 'UTF-8', 'Variation Swatches for WooCommerce', 'Woo Themes', 'WooCommerce', 'WooCommerce Checkout', 'WordPress', 'WordPress Multisite', 'jQuery']"
technostar.in,Technostar Technologies,,,57,159,2026-09-13T04:01:39.960044109Z,"['Apache', 'CodeIgniter', 'FreeCSSTemplates', 'Google Cloud DNS', 'Google Maps', 'IcoMoon', 'PHP', 'Python', 'UTF-8']"
codebyjawad.com,CodeByJawad - Full Stack Developer & Automation Expert,CodeByJawad,,77,17440,2026-09-13T04:01:39.953975922Z,"['Fireblade', 'GitHub Hosting', 'Google', 'Google Analytics', 'Google Cloud CDN', 'Google Cloud DNS', 'Google Font API', 'Google Tag Manager', 'Instagram Follow Button', 'Microdata for Google Shopping', 'Next.js', 'Pleroma', 'Python', 'QUIC', 'Sitelinks Search Box', 'Tailwind CSS', 'University or College', 'shadcn ui']"
sridattabharadwaj.in,Sridatta Bharadwaj Parupudi | Portfolio,,,37,,2026-09-13T04:01:39.951556755Z,"['Coming Soon Page', 'Content Delivery Network', 'GitHub Hosting', 'Instagram Follow Button', 'Next.js', 'Python', 'UTF-8', 'University or College', 'Vercel']"
ferggz.com,Fernando Gámez González,,,45,600,2026-09-13T03:52:26.156382793Z,"['Content Delivery Network', 'Fastly', 'GZIP Module', 'GitHub Hosting', 'Google Analytics', 'Google Tag Manager', 'Microsoft Clarity', 'Python', 'UTF-8', 'Vercel']"
alivedevops.com,Home - Alive Devops,AliveDevOps,USA,70,286466,2026-09-13T03:50:59.976611773Z,"['Alternate Protocol', 'Amazon WAF Blocked', 'Apture Linking Platform', 'Apyl', 'Calendly', 'Cloudflare', 'Content Delivery Network', 'DAV', 'DC74', 'Elementor', 'EmbedPress', 'Financial Services Guide', 'Formidable Pro Form', 'GZIP Module', 'Hello Elementor', 'Idaq', 'K2F', 'KVH', 'Lazy Load for WordPress', 'Microdata for Google Shopping', 'NFOrce Internet', 'No-Q', 'Onyx Internet', 'PHP', 'Python', 'QUIC', 'Rackspace Cloud Servers', 'SMC', 'Salesforce Hosted', 'Subversion', 'UTF-8', 'Vector Internet Services', 'W3 Total Cache', 'WP Rocket', 'Woo Themes', 'WooCommerce Checkout', 'WordPress', 'WordPress Multisite', 'reCAPTCHA']"
alexkovrigin.me,Alexander Kovrigin,,DEU,75,20140,2026-09-13T03:50:59.96648803Z,"['AWS WAF Challenge', 'Content Delivery Network', 'Fastly', 'GZIP Module', 'GitHub Hosting', 'Google Cloud DNS', 'Google Font API', 'Google My Business', 'Hugging Face Space', 'NFOrce Internet', 'Python', 'UTF-8', 'University or College']"
nagusa-acajou.fr,Home - Nagusa Acajou,,FRA,60,7179,2026-09-13T03:50:59.953952126Z,"['Alternate Protocol', 'Amazon WAF Blocked', 'Contact Form Plugin', 'Content Delivery Network', 'DAV', 'EWWW Image Optimizer', 'EmbedPress', 'Event Tickets for Wordpress', 'FreeBSD', 'Google', 'Google Cloud CDN', 'Google Cloud DNS', 'Google Font API', 'Google My Business', 'Gravity', 'Gravity Forms', 'IcoMoon', 'KeyCDN', 'PHP', 'Polylang', 'Python', 'QUIC', 'Salesforce Hosted', 'Shopware', 'Slider Revolution', 'The Events Calendar', 'Theme In WP', 'ThemeFusion', 'UTF-8', 'University or College', 'Vector Internet Services', 'Woo Themes', 'WordPress', 'WordPress Multisite', 'WordPress Related Posts', 'Yandex Hosting', 'jQuery', 'reCAPTCHA', 'symfony PHP Framework']"
ozbix.com,Ozbix - IT Solutions,Ozbix,AUS,72,5674,2026-09-13T03:50:59.946965025Z,"['AJAX Libraries API', 'ASP.NET Core', 'Alternate Protocol', 'Amazon WAF Blocked', 'Apture Linking Platform', 'Contact Form Plugin', 'DuracellTomi Google Tag Manager for WordPress', 'EmbedPress', 'Express', 'Flatsome', 'Google', 'Google Analytics', 'Google Cloud CDN', 'Google Cloud DNS', 'Google Font API', 'Google My Business', 'Google Related Website Sites', 'Google Tag Manager', 'IcoMoon', 'Instagram Follow Button', 'Lazy Load for WordPress', 'LiteSpeed', 'Microdata for Google Shopping', 'Microsoft Clarity', 'PHP', 'Pico CSS', 'Python', 'Tailwind CSS', 'Twitter Ads', 'UTF-8', 'Visual Studio', 'WP Rocket', 'WhatsApp Sharing', 'Woo Themes', 'WordPress', 'WordPress Multisite', 'jsDelivr', 'reCAPTCHA']"
kdmarc.xyz,Marco Kuidja | Senior Full-Stack Engineer,,,62,15240,2026-09-13T03:39:04.935055703Z,"['AWS WAF Challenge', 'Content Delivery Network', 'Express', 'GitHub Hosting', 'Next.js', 'Python', 'Tailwind CSS', 'UTF-8', 'Vercel', 'shadcn ui']"
jr0.org,Jake Roggenbuck,,VEN,70,14600,2026-09-13T03:39:04.919500859Z,"['Alternate Protocol', 'Apture Linking Platform', 'Cisco/Arrowpoint Content Service Switch', 'Content Delivery Network', 'DAV', 'Express', 'Fastly', 'Fastly CDN', 'GZIP Module', 'GitHub Hosting', 'Hugo', 'Python', 'QUIC', 'UTF-8', 'University or College', 'shadcn ui']"
pratikacharya1.com.np,Pratik Acharya,,NPL,55,,2026-09-13T03:39:04.91004299Z,"['Content Delivery Network', 'ElementUI', 'GitHub Hosting', 'Netlify', 'Python', 'Twitter Ads', 'UTF-8', 'University or College', 'YouTube']"
pedromauricio.com,Pedro Maurício,,GBR,60,603,2026-09-13T03:39:04.90988407Z,"['Content Delivery Network', 'Fastly', 'GZIP Module', 'GitHub Hosting', 'Google Cloud DNS', 'Google Font API', 'Python', 'QUIC', 'Tailwind CSS', 'Twitter Ads', 'UTF-8', 'University or College', 'jQuery']"
deb.news,Deb.News,,CHL,75,146339,2026-09-13T03:29:37.716813173Z,"['AWS WAF Challenge', 'Adult Content', 'Alternate Protocol', 'Amazon CloudFront', 'Amazon WAF Blocked', 'Angular', 'Apache', 'Apture Linking Platform', 'Automattic', 'Azion', 'BLR', 'Cisco/Arrowpoint Content Service Switch', 'CloudFront', 'Corporate Governance and Regulatory Compliance', 'DAV', 'Debian', 'Exa Bytes Network', 'Express', 'Financial Services Guide', 'Fireblade', 'Forgejo', 'FreeBSD', 'GZIP Module', 'GitHub Hosting', 'Google My Business', 'Gravity', 'Liberapay', 'Medium', 'NFOrce Internet', 'Nginx', 'Oracle Cloud', 'PHP', 'Perl', 'Pixabay', 'Python', 'QUIC', 'SMC', 'Tumblr', 'UTF-8', 'University or College', 'Vector Internet Services', 'Vignette OpenText', 'Visual Studio', 'WebAssembly', 'WordPress', 'Yet Another Related Posts Plugin', 'YouTube', 'Zope', 'eLand', 'itch.io']"
mfurkansari.com,MFS | Software Developer & Cybersecurity Enthusiast,,,67,780,2026-09-13T03:29:37.706823742Z,"['Content Delivery Network', 'GitHub Hosting', 'Next.js', 'Python', 'Tailwind CSS', 'UTF-8', 'University or College', 'Vercel', 'Visual Studio', 'shadcn ui']"
devjobs.uz,IT-Jobs.uz — Find your next IT role in Uzbekistan,,,52,1400,2026-09-13T03:29:37.7066296Z,"['AWS WAF Challenge', 'Alternate Protocol', 'Cloudflare', 'Cloudflare CDN', 'Cloudflare Web Analytics', 'Content Delivery Network', 'Google Analytics', 'Google Forms', 'Google My Business', 'Google Tag Manager', 'Next.js', 'Pleroma', 'Python', 'Tailwind CSS', 'Telegram', 'UTF-8', 'Vector Internet Services', 'shadcn ui']"
savemyconcrete.com,Concrete Leveling Denver | Summit Pro Solutions,Concrete Leveling in Denver,USA,82,213921,2026-09-13T03:16:15.173249872Z,"['Alternate Protocol', 'Cloudflare', 'DAV', 'Elementor', 'EmbedPress', 'Font Awesome', 'FreeBSD', 'GZIP Module', 'Google', 'Google Cloud CDN', 'Google My Business', 'Google Related Website Sites', 'Hello Elementor', 'KVH', 'KeyCDN', 'M247', 'Microdata for Google Shopping', 'Nginx', 'Ninja Forms', 'Ntent', 'Perl', 'Python', 'QUIC', 'Royal Elementor Addons', 'Salesforce Hosted', 'Shopware', 'Table Addons for Elementor', 'To Top', 'TrustIndex', 'UTF-8', 'University or College', 'Vector Internet Services', 'WPForms', 'Woo Themes', 'WooCommerce Checkout', 'WordPress', 'WordPress Multisite', 'Yandex Hosting', 'reCAPTCHA', 'symfony PHP Framework']"
netguru.ai,Software Development Company | Netguru,Netguru,,67,670236,2026-09-13T03:16:15.147952435Z,"['AWS WAF Challenge', 'Alternate Protocol', 'BloomReach', 'Cloudflare', 'Cloudflare CDN', 'Clutch', 'Content Delivery Network', 'DAV', 'Fastly', 'Fluent Commerce', 'GitHub Hosting', 'Google', 'Google Analytics', 'Google Cloud CDN', 'Google Cloud DNS', 'Google Font API', 'Google My Business', 'Google Tag Manager', 'Hubspot Knowledge Base', 'ID Services', 'Microdata for Google Shopping', 'Python', 'SAP', 'Twitter Ads', 'UTF-8', 'Webflow', 'Workable', 'commercetools']"
memoirs-online.com.au,Collinsville Memoirs Online,,CAN,67,,2026-09-13T03:07:06.84592751Z,"['Apache', 'DAV', 'GZIP Module', 'Google Analytics', 'Python', 'Twitter Ads', 'UTF-8']"
actualinsurances.ie,Actual Insurances | Insurances for All,,IRL,65,15139,2026-09-13T03:07:06.839220226Z,"['AJAX Libraries API', 'AutoComplete', 'Better Lead Generation Services', 'Bulma', 'CDN JS', 'Cloudflare', 'Cloudflare CDN', 'CookieConsent', 'Fireblade', 'Font Awesome', 'GZIP Module', 'Google Analytics', 'Google Cloud DNS', 'Google Font API', 'Google Tag Manager', 'Microsoft Ajax Content Delivery Network', 'PWA', 'Python', 'Tailwind CSS', 'UTF-8', 'eLand', 'jQuery']"
fuseadvertising.com,Fuse Advertising – Agency,,USA,65,14688,2026-09-13T03:07:06.831935423Z,"['Advertising.com', 'Alternate Protocol', 'Apture Linking Platform', 'Content Delivery Network', 'Elementor', 'EmbedPress', 'Express', 'GZIP Module', 'Google Cloud DNS', 'Google Font API', 'Harbor', 'Header, Footer and Blocks for Elementor', 'Hello Elementor', 'NFOrce Internet', 'Perl', 'Python', 'RM Education', 'Sucuri Cloudproxy', 'Svelte', 'Twitter Ads', 'UTF-8', 'Vector Internet Services', 'WordPress', 'WordPress Multisite', 'jQuery']"
foyl.net,The Fountain of Youth Lifestyle Tripeptide Collagen - Australia and US,,USA,82,34934,2026-09-13T03:07:06.798942814Z,"['17TRACK', 'Alternate Protocol', 'Amazon WAF Blocked', 'Apache', 'Apture Linking Platform', 'Australia Post', 'Baidu Cloud', 'Cloudflare', 'Cloudflare CDN', 'Coming Soon Page', 'Express', 'Fastly CDN', 'Financial Services Guide', 'Fireblade', 'Google Cloud DNS', 'Google Cloud Storage', 'Google Related Website Sites', 'GraphQL', 'Instagram Follow Button', 'Microdata for Google Shopping', 'Microsoft Clarity', 'NFOrce Internet', 'Newsletter for Wordpress', 'Parcel', 'Perl', 'Python', 'QUIC', 'Shopify', 'Shopify Collabs', 'Shopify Payments', 'Subversion', 'Tailwind CSS', 'Thank You', 'Thumbor', 'USPS', 'UTF-8', 'University or College', 'Yandex Hosting', 'hCaptcha', 'reCAPTCHA']"
monetaiq.com,MonetaiQ – Global Financial Data for 400M+ Private & Public Companies,Monetaiq,GBR,82,32126,2026-09-13T02:52:30.712224263Z,"['501c3 Status Nonprofit', 'AWS WAF Challenge', 'Alternate Protocol', 'Aruba', 'AutoComplete', 'Cloudflare', 'Cloudflare CDN', 'Cloudflare Web Analytics', 'Elementor', 'EmbedPress', 'Fireblade', 'Google Analytics', 'Google Tag Manager', 'Hub Theme', 'Lazy Load for WordPress', 'Microdata for Google Shopping', 'NFOrce Internet', 'PHP', 'Python', 'QUIC', 'Schema Plugin', 'Tailwind CSS', 'Theme In WP', 'UTF-8', 'WP Rocket', 'WordPress', 'WordPress Multisite', 'YouTube', 'eLand', 'jQuery', 'jsDelivr']"
mimcode.net,Mim Code,,EGY,65,567,2026-09-13T02:52:30.696063098Z,"['Express', 'Font Awesome', 'GitHub Hosting', 'Google My Business', 'Instagram Follow Button', 'Netlify', 'PHP', 'Python', 'Twitter Ads', 'University or College', 'Vercel']"
ntpuccw.blog,"汪群超 Chun-Chao Wang – Dept. of Statistics, National Taipei University, Taiwan",,,67,647,2026-09-13T02:52:30.692452289Z,"['Alternate Protocol', 'Automattic', 'CoBlocks', 'EmbedPress', 'GDPR Consent Management Platform', 'Jetpack', 'Jetpack Site Accelerator', 'Nginx', 'Perl', 'Python', 'Tailwind CSS', 'UTF-8', 'University or College', 'WordPress', 'WordPress Multisite', 'WordPress Stats']"
jonathanbodner.com,Jonathan Bodner · Software Developer,,CAN,87,5107,2026-09-13T02:52:30.690010984Z,"['Astro', 'Coming Soon Page', 'Content Delivery Network', 'Fastly', 'GZIP Module', 'GitHub Hosting', 'Google', 'Google Cloud DNS', 'Google Font API', 'Netlify', 'Python', 'Tailwind CSS', 'UTF-8', 'University or College']"
rsickenberg.me,Sickenberg Romain - Full-Stack Developer,,CHE,77,6690,2026-09-13T02:52:30.688290914Z,"['Astro', 'Content Delivery Network', 'Fastly', 'GZIP Module', 'GitHub Hosting', 'Google', 'Google Analytics', 'Google Cloud DNS', 'Google Font API', 'Google Tag Manager', 'PWA', 'Python', 'UTF-8', 'shadcn ui', 'symfony PHP Framework']"
villageinnsaugerties.com,Saugerties Lodging | Near Woodstock New York | Catskills NY Vacation,,USA,82,231116,2026-09-13T02:52:30.686149358Z,"['Alternate Protocol', 'Amazon WAF Blocked', 'Apache', 'BLR', 'Cloudflare', 'Contact Form Plugin', 'DAV', 'EmbedPress', 'Event Tickets for Wordpress', 'FreeBSD', 'GZIP Module', 'Google', 'Google Analytics', 'Google Cloud CDN', 'Gravity', 'Gravity Forms', 'KeyCDN', 'Microdata for Google Shopping', 'PHP', 'Python', 'QUIC', 'SMC', 'Salesforce Hosted', 'Shopware', 'SiteW', 'Slider Revolution', 'The Events Calendar', 'Theme In WP', 'ThemeFusion', 'Tumblr', 'UTF-8', 'University or College', 'Vector Internet Services', 'WP jQuery Lightbox', 'Woo Themes', 'WordPress', 'WordPress Multisite', 'WordPress Related Posts', 'Yandex Hosting', 'jQuery', 'symfony PHP Framework']"
anantjyotgrang.com,Anantjyot Grang,,USA,72,2947,2026-09-13T02:52:30.685440811Z,"['Amazon CloudFront', 'Coming Soon Page', 'Content Delivery Network', 'Fastly', 'GZIP Module', 'GitHub Hosting', 'Google Cloud DNS', 'Google Font API', 'Google My Business', 'Google Play', 'IcoMoon', 'Instagram Follow Button', 'Python', 'UTF-8', 'University or College', 'jQuery']"
nekoula.ru,Nekoula Haddad | Software Engineer & AI Automation Specialist,,,72,5500,2026-09-13T02:52:30.68377315Z,"['ArvanCloud', 'Content Delivery Network', 'Express', 'Fastly', 'GZIP Module', 'GitHub Hosting', 'Google', 'Google Cloud DNS', 'Google Font API', 'Microdata for Google Shopping', 'Python', 'UTF-8', 'WhatsApp Sharing', 'jsDelivr']"
henryjaiyeoba.me,Henry Jaiyeoba — Mechatronics Engineer,,,52,,2026-09-13T02:31:52.746135358Z,"['Content Delivery Network', 'GitHub Hosting', 'Python', 'Tailwind CSS', 'UTF-8', 'University or College', 'Vercel', 'shadcn ui']"
pembertonheath.com,Pemberton Heath | Software Engineer,,GBR,72,7668,2026-09-13T02:31:52.741087744Z,"['Astro', 'Content Delivery Network', 'GitHub Hosting', 'Google', 'Google Cloud DNS', 'Google Font API', 'Netlify', 'Python', 'Tailwind CSS', 'UTF-8', 'University or College', 'Vector Internet Services']"
askthecarwreckattorneys.com,"Knoxville Personal Injury Lawyer - Hotz & Associates, P.C.",Hotz & Associates,USA,77,230412,2026-09-13T02:31:52.722071122Z,"['Alternate Protocol', 'Amazon WAF Blocked', 'Apture Linking Platform', 'Aruba', 'Azure Edge', 'CallRail', 'Cloudflare', 'Content Delivery Network', 'DAV', 'Easy Accordio', 'Easy Table of Contents', 'Elementor', 'EmbedPress', 'Essential Addons for Elementor', 'Event Tickets for Wordpress', 'FreeBSD', 'GZIP Module', 'Google', 'Google Analytics', 'Google Cloud CDN', 'Google My Business', 'Google Tag Manager', 'Gravity', 'Gravity Forms', 'KeyCDN', 'Lazy Load for WordPress', 'Microdata for Google Shopping', 'Microsoft Azure Verified CDN', 'NFOrce Internet', 'Nginx', 'PHP', 'Python', 'QUIC', 'SMC', 'Salesforce Hosted', 'Shopware', 'Sitelinks Search Box', 'The Events Calendar', 'ThemeFusion', 'Twitter Ads', 'UTF-8', 'University or College', 'Vector Internet Services', 'WP Rocket', 'WP jQuery Lightbox', 'Woo Themes', 'WordPress', 'WordPress Multisite', 'WordPress Related Posts', 'Yandex Hosting', 'YouTube', 'eLand', 'reCAPTCHA', 'symfony PHP Framework']"
anthonyosborn.com,Anthony Osborn – Data Analytics & Data Visualisation Expert,,GBR,77,6076,2026-09-13T02:31:52.720561367Z,"['AJAX Libraries API', 'Amazon', 'Amazon CloudFront', 'Calendly', 'CloudFront', 'Cloudflare', 'Content Delivery Network', 'Express', 'GZIP Module', 'Google', 'Google Cloud DNS', 'Google Font API', 'Google My Business', 'IcoMoon', 'Nocodelytics', 'Python', 'UTF-8', 'University or College', 'WF Cookie Consent', 'Webflow']"
myacorn.com,myAcorn,,CAN,75,35908,2026-09-13T02:31:52.711940429Z,"['Apache', 'Bulma', 'Content Delivery Network', 'DAV', 'Fastly', 'Fireblade', 'FreeCSSTemplates', 'GZIP Module', 'GitHub Hosting', 'Google Cloud DNS', 'Google Font API', 'IcoMoon', 'License Buttons', 'On The Map', 'Perl', 'Python', 'Subversion', 'Twitter Ads', 'UTF-8', 'University or College']"
corkingallery.com,"Corkin Gallery, Contemporary Art Gallery Located in Toronto, Canada",,CAN,82,,2026-09-13T02:31:52.698140587Z,"['DAV', 'GZIP Module', 'Google Analytics', 'Google Tag Manager', 'Instagram Follow Button', 'Microsoft Authentication Library for JavaScript', 'PHP', 'Python', 'QUIC', 'UTF-8', 'YouTube']"
gwhcp.dev,GWHCP · GitHub,,,57,10260,2026-09-13T02:31:52.689717366Z,"['Alternate Protocol', 'Amazon', 'BlankSlate', 'Fastly', 'Fireblade', 'GZIP Module', 'GitHub Hosting', 'Google Related Website Sites', 'Microdata for Google Shopping', 'Microsoft Azure', 'Microsoft Azure Blob Storage', 'NFOrce Internet', 'Ntent', 'PWA', 'Perl', 'Python', 'QUIC', 'RawGit', 'Schema Plugin', 'Smart App Banner', 'Storyblocks', 'Tailwind CSS', 'Twitter Ads', 'UTF-8', 'Vector Internet Services']"
loeblcomservices.com,Contact Me - Loeblcom Services,,,60,679,2026-09-13T02:31:52.685582106Z,"['Alternate Protocol', 'EmbedPress', 'Fastly', 'GZIP Module', 'HostGator', 'Jetpack', 'Microdata for Google Shopping', 'Nginx', 'OceanWP', 'PHP', 'Python', 'QUIC', 'Theme In WP', 'WP Statistics', 'Woo Themes', 'WordPress', 'WordPress Multisite', 'WordPress Stats', 'jQuery']"
samuelpswang.com,Samuel Wang - Web Developer & Electronics Engineer,,GBR,70,4879,2026-09-13T02:20:22.720378161Z,"['Coming Soon Page', 'Content Delivery Network', 'Fastly', 'GZIP Module', 'GitHub Hosting', 'Google', 'Google Cloud DNS', 'Google Font API', 'Python', 'UTF-8', 'University or College']"
anthonywgao.com,Anthony W Gao,,USA,75,2927,2026-09-13T02:07:15.457459095Z,"['AJAX Libraries API', 'Apache', 'Content Delivery Network', 'Fastly', 'FreeCSSTemplates', 'GZIP Module', 'GitHub Hosting', 'Google Cloud DNS', 'Google My Business', 'IcoMoon', 'Perl', 'Python', 'StyleShout', 'Tailwind CSS', 'UTF-8', 'University or College', 'jQuery']"
letterlinx.com,LetterLinx - Word Game,,,50,99776,2026-09-13T02:07:15.453674693Z,"['ASP.NET Core', 'AWS WAF Challenge', 'Adult Content', 'Agoda', 'Alternate Protocol', 'Amazon WAF Blocked', 'Apache', 'Apture Linking Platform', 'Aruba', 'Baidu Cloud', 'Barracuda Web App Firewall', 'Carpathia Hosting', 'Cisco/Arrowpoint Content Service Switch', 'Clockwork', 'Cornerstone', 'DAV', 'Efilli', 'Endis', 'Enjoi', 'Envoy', 'Ethy', 'Expedient', 'Express', 'Fastly CDN', 'Federal Deposit Insurance Corporation', 'Fireblade', 'Gambling Content', 'Gandi', 'Gravity', 'Harbor', 'Heroku', 'Hiawatha', 'InitiativeS', 'Interchange', 'Jekyll', 'Juicer DMP', 'Krypt Technologies', 'Landis Holdings', 'NFOrce Internet', 'Negate', 'Neighborhoods', 'Oddle', 'Onyx Internet', 'Oracle Cloud', 'Pantheon', 'Parcel', 'Perl', 'Phew', 'PowerPC', 'Prospective', 'Pterodactyl Panel', 'Python', 'QUIC', 'SMC', 'Salesforce Hosted', 'Slotti', 'Squid', 'Steinway', 'Subversion', 'Svelte', 'Umbler', 'Underscores', 'University or College', 'Unix', 'Vector Internet Services', 'Vello', 'Vignette OpenText', 'Waveform Technology', 'acens Technologies', 'eLand']"
vit-education.com,Vision IT Institute Karachi - Computer & English Language Institute,,PAK,72,2440,2026-09-13T02:07:15.451051831Z,"['CDN JS', 'Cloudflare', 'Cloudflare CDN', 'Google', 'Google Cloud DNS', 'Google Font API', 'Instagram Follow Button', 'LiteSpeed', 'Python', 'QUIC', 'Tailwind CSS', 'jsDelivr']"
lagunabeachcomputer.com,LagunaBeachComputer.com – Galen Wollenberg's Blog,,JPN,65,282687,2026-09-13T01:59:23.102265685Z,"['Alternate Protocol', 'Amazon WAF Blocked', 'Apache', 'Apture Linking Platform', 'Automattic', 'EmbedPress', 'Facebook CDN', 'GZIP Module', 'GitHub Hosting', 'Google', 'Google Adsense', 'Google Cloud DNS', 'Google Font API', 'Google Funding Choices', 'Google Matched Content', 'Google My Business', 'Google Reseller', 'Jetpack', 'Jetpack Site Accelerator', 'Lazy Load for WordPress', 'PHP', 'Python', 'QUIC', 'Salesforce', 'Salesforce Experience Cloud', 'Salesforce Hosted', 'Theme In WP', 'Twenty Seventeen', 'Twitter Ads', 'UTF-8', 'WordPress', 'WordPress Multisite', 'WordPress Stats', 'YouTube', 'jQuery']"
probabilitymanagement.org,Probability Management,Probability Management,,60,1348,2026-09-13T01:59:23.091909929Z,"['501c3 Status Nonprofit', 'Adobe Creative Cloud WebFonts', 'Aruba', 'Constant Contact', 'Express', 'Font Awesome', 'GZIP Module', 'Google Analytics', 'Google Tag Manager', 'Line2', 'Microdata for Google Shopping', 'Oddle', 'Python', 'QUIC', 'SiteW', 'Squarespace', 'UTF-8', 'WordPress SEO Structured Data Schema Plugin', 'YouTube', 'eLand']"
anchoredinndeale.com,Anchored Inn Hotel | Chesapeake Bay Marinas,,USA,77,6407,2026-09-13T01:59:23.090626425Z,"['Alternate Protocol', 'Fastly', 'Font Awesome', 'FreeBSD', 'GZIP Module', 'GitHub Hosting', 'Google Analytics', 'Google Cloud DNS', 'Google Font API', 'Google My Business', 'Google Tag Manager', 'Harbor', 'KeyCDN', 'Nginx', 'Python', 'TheBookingButton', 'University or College', 'Yandex Hosting']"
kuvacode.com,CaptureGRID Photography Software,,,57,,2026-09-13T01:59:23.072201648Z,"['Apture Linking Platform', 'GZIP Module', 'Nginx', 'Python', 'Twitter Ads', 'UTF-8']"
karyanexus.com,"KaryaNexus Solutions | Web, App & Software Development Company",,IND,82,18360,2026-09-13T01:59:23.040810522Z,"['AWS WAF Challenge', 'Alternate Protocol', 'Content Delivery Network', 'Google Analytics', 'Google Related Website Sites', 'Google Tag Manager', 'InitiativeS', 'Instagram Follow Button', 'Microdata for Google Shopping', 'Next.js', 'Python', 'QUIC', 'Tailwind CSS', 'Tawk', 'UTF-8', 'Vercel', 'WhatsApp Sharing', 'WordPress', 'Yandex Hosting', 'YouTube', 'shadcn ui']"
epochtimesnorthwest.org,Northern California | The Epoch Times,,USA,70,27500,2026-09-13T01:43:08.337149121Z,"['AI Log', 'AWS WAF Challenge', 'Apache', 'AppNexus Direct', 'Baidu Cloud', 'CDN JS', 'Cisco/Arrowpoint Content Service Switch', 'Cloudflare', 'Cloudflare CDN', 'Content Delivery Network', 'DAV', 'DoubleClick Bid Manager', 'GZIP Module', 'Google Analytics', 'Google Tag Manager', 'Headless UI', 'Microdata for Google Shopping', 'NFOrce Internet', 'Next.js', 'OneTrust Domain Verification', 'Perl', 'Pleroma', 'Prebid', 'Python', 'Tailwind CSS', 'UTF-8', 'University or College', 'Yandex Hosting', 'shadcn ui']"
aftabmuddassir.com,Aftab - Software Engineer,,USA,70,22468,2026-09-13T01:43:08.329913583Z,"['AWS WAF Challenge', 'Content Delivery Network', 'Fastly', 'GitHub Hosting', 'Google', 'Google Analytics', 'Google Cloud DNS', 'Google Font API', 'Google Tag Manager', 'Netlify', 'Oracle Cloud', 'Python', 'Redis Cache', 'Thank You', 'Twitter Ads', 'UTF-8']"
salauddinsarker.com,Md. Salauddin Sarker | 2027 MSc and PhD Research Applicant,,BGD,82,29440,2026-09-13T01:32:04.443145073Z,"['AWS WAF Challenge', 'Alternate Protocol', 'ElementUI', 'GitHub Hosting', 'Google', 'Google Cloud DNS', 'Google Font API', 'InitiativeS', 'LiteSpeed', 'Microdata for Google Shopping', 'Prospective', 'Python', 'University or College', 'Vector Internet Services']"
chinmay18.com,Chinmay Shrivastava - Software Engineer,,USA,60,603,2026-09-13T01:32:04.438254146Z,"['Content Delivery Network', 'Fastly', 'GZIP Module', 'GitHub Hosting', 'Google Cloud DNS', 'Google Font API', 'Python', 'UTF-8']"
manny.africa,Herman Sangiwa,,ZAF,72,1480,2026-09-13T01:16:44.616752798Z,"['Google Cloud DNS', 'Google Maps', 'Google My Business', 'LiteSpeed', 'Perl', 'Python', 'QUIC', 'Twitter Ads', 'University or College', 'Vimeo', 'YouTube', 'reCAPTCHA']"
vinhp.top,Vinh's portfolio,,CAN,67,2635,2026-09-13T01:16:44.60436079Z,"['CDN JS', 'Cloudflare', 'Cloudflare CDN', 'Content Delivery Network', 'ElementUI', 'Express', 'Fastly', 'Font Awesome', 'FormSubmit', 'GZIP Module', 'GitHub Hosting', 'Google Cloud DNS', 'Google Font API', 'Python', 'Tailwind CSS', 'UTF-8', 'YouTube', 'itch.io']"
sunnynoop.art,SUNNYNOOP – Los Angeles Based New Media Artist,,USA,72,73143,2026-09-13T01:16:44.594018481Z,"['Alternate Protocol', 'Automattic', 'Automattic Direct', 'BatCache', 'Content Delivery Network', 'EmbedPress', 'Fastly', 'FormSubmit', 'Global Privacy Control', 'Google Analytics', 'Jetpack', 'Jetpack Site Accelerator', 'KVH', 'Nginx', 'Perl', 'Python', 'SMC', 'Thank You', 'US Privacy User Signal Mechanism', 'UTF-8', 'University or College', 'WordPress', 'WordPress Multisite', 'WordPress Stats']"
jctekltd.com,JCTEK - Technology & IT Solution,,GBR,80,170096,2026-09-13T01:16:44.586714679Z,"['AWS WAF Challenge', 'Amazon WAF Blocked', 'Apache', 'CDN JS', 'Cloudflare', 'Cloudflare CDN', 'ElementUI', 'Facebook Conversion Tracking', 'Facebook Pixel', 'Facebook Tag API', 'FormSubmit', 'GZIP Module', 'Google Analytics', 'Google Tag Manager', 'Instagram Follow Button', 'Python', 'Salesforce Hosted', 'Tailwind CSS', 'Vector Internet Services', 'Web Studio', 'WordPress', 'YouTube', 'jsDelivr']"
testcode.in,Best Software Training Institute In Bhubaneswar | Testcode,,GBR,72,2728,2026-09-13T01:05:10.505455344Z,"['Apache', 'Bulma', 'CDN JS', 'Cloudflare', 'Cloudflare CDN', 'GZIP Module', 'Google Analytics', 'Google Cloud DNS', 'Google Font API', 'Google Related Website Sites', 'Google Tag Manager', 'IcoMoon', 'Instagram Follow Button', 'NFOrce Internet', 'PHP', 'PWA', 'Python', 'Tailwind CSS', 'Twitter Ads', 'UTF-8', 'YouTube', 'jQuery']"
awyongamanda.com,About Me | Amanda’s Personal Page,,SGP,70,4840,2026-09-13T01:05:10.499588675Z,"['Content Delivery Network', 'Fastly', 'GZIP Module', 'GitHub Hosting', 'Google', 'Google Cloud DNS', 'Google Font API', 'Jekyll', 'Microdata for Google Shopping', 'Ntent', 'Python', 'UTF-8', 'University or College']"
communityhub.cloud,Community Hub,,BRA,60,9020,2026-09-13T01:05:10.484838717Z,"['Alternate Protocol', 'Amazon WAF Blocked', 'BLR', 'Cloudflare', 'DAV', 'EmbedPress', 'Event Tickets for Wordpress', 'FreeBSD', 'GZIP Module', 'Google', 'Google Cloud CDN', 'Google My Business', 'Gravity', 'Gravity Forms', 'KeyCDN', 'Neighborhoods', 'PHP', 'Python', 'QUIC', 'Salesforce Hosted', 'Shopware', 'Slider Revolution', 'The Events Calendar', 'Theme In WP', 'ThemeFusion', 'Tumblr', 'Twitter Ads', 'UTF-8', 'University or College', 'Vector Internet Services', 'WP jQuery Lightbox', 'WhatsApp Sharing', 'Woo Themes', 'WordPress', 'WordPress Multisite', 'WordPress Related Posts', 'Yandex Hosting', 'eLand', 'jQuery', 'symfony PHP Framework']"
workersweb.com,"Workers web Business search engine to find workers, employees, and freelancers | Home Page",,,72,2908,2026-09-13T01:05:10.450384945Z,"['CDN JS', 'Cloudflare', 'Cloudflare CDN', 'ElementUI', 'GZIP Module', 'Google', 'Google Cloud DNS', 'Google Font API', 'IcoMoon', 'Instagram Follow Button', 'LiteSpeed', 'PHP', 'Perl', 'Pleroma', 'Python', 'QUIC', 'Telegram', 'Twitter Ads', 'UTF-8']"
vignixai.com,Vignix – Digital Agency,,USA,65,6894,2026-09-13T00:53:56.001543875Z,"['Alternate Protocol', 'Animate It', 'Elementor', 'EmbedPress', 'Fontello', 'Google Cloud DNS', 'Google Font API', 'Instagram Follow Button', 'Metform Elemento', 'NFOrce Internet', 'PHP', 'Python', 'Theme In WP', 'UTF-8', 'Vector Internet Services', 'WordPress', 'WordPress Multisite', 'eLand', 'jQuery']"
solenoidsoft.com,Solenoid Cloud Software Solutions,,,70,18312,2026-09-13T00:53:56.001314789Z,"['Amazon Link Enchancer', 'Apache', 'Apture Linking Platform', 'Express', 'GoDaddy', 'Google', 'Google Cloud DNS', 'Google Font API', 'Line2', 'PWA', 'Python', 'UTF-8', 'Wangsu', 'Website Tonight']"
jsonviewer.in,"JSON Viewer, Free Online JSON Parser",,,67,280,2026-09-13T00:53:55.994243707Z,"['CDN JS', 'Cloudflare', 'Cloudflare CDN', 'Content Delivery Network', 'ElementUI', 'Google Adsense', 'Google Analytics', 'Google Cloud DNS', 'Google Font API', 'Google Funding Choices', 'Google Matched Content', 'Google Reseller', 'Google Tag Manager', 'Microdata for Google Shopping', 'Pico CSS', 'Python', 'UTF-8', 'Vercel', 'jsDelivr']"
javierladino.com,Home - Javier Ladino,Javier Ladino,FRA,60,419,2026-09-13T00:53:55.976163791Z,"['AWS WAF Challenge', 'Alternate Protocol', 'Apture Linking Platform', 'Cloudflare', 'Cloudflare CDN', 'Contact Form Plugin', 'EmbedPress', 'GitHub Hosting', 'Google', 'Google Analytics', 'Google Cloud DNS', 'Google Font API', 'Google My Business', 'Google Tag Manager', 'IcoMoon', 'Instagram Follow Button', 'LiteSpeed', 'Mastodon', 'Microdata for Google Shopping', 'MonsterInsights', 'PHP', 'Python', 'QUIC', 'Site Kit', 'Tailwind CSS', 'Theme In WP', 'Twitter Ads', 'UTF-8', 'WordPress', 'WordPress Multisite', 'YouTube', 'jQuery']"
alphabytetech.com,Alphabyte Technology Ltd.,,BGD,77,19840,2026-09-13T00:53:55.97560518Z,"['AWS WAF Challenge', 'Apache', 'Apture Linking Platform', 'Astro', 'GZIP Module', 'Google', 'Google Cloud DNS', 'Google Font API', 'Google My Business', 'Oracle Cloud', 'Python', 'Tailwind CSS', 'shadcn ui']"
mvazquez.ai,Miguel - ML Engineer,,ESP,82,22400,2026-09-13T00:53:55.963767649Z,"['AWS WAF Challenge', 'Content Delivery Network', 'Fastly', 'GZIP Module', 'GitHub Hosting', 'Google Analytics', 'Google Tag Manager', 'Python', 'UTF-8', 'University or College', 'Vector Internet Services']"
downthewire.co.uk,downthewire.co.uk,,GBR,72,152400,2026-09-13T00:43:42.903587279Z,"['Addepar', 'Alternate Protocol', 'Content Delivery Network', 'Fastly', 'GZIP Module', 'GitHub Hosting', 'Jekyll', 'Microdata for Google Shopping', 'Python', 'Tailwind CSS', 'UTF-8', 'jsDelivr', 'shadcn ui']"
j47.in,Jatin K Malik - Principal Software Engineer,,VEN,77,12400,2026-09-13T00:43:42.90186874Z,"['Apache', 'Cisco/Arrowpoint Content Service Switch', 'Content Delivery Network', 'Fastly', 'GZIP Module', 'GitHub Hosting', 'Jekyll', 'Microdata for Google Shopping', 'Python', 'Twitter Ads', 'UTF-8', 'Vector Internet Services', 'YouTube']"
antiaginghatch.com,Home - AntiAging,AntiAging,CAN,70,30088,2026-09-13T00:43:42.901950373Z,"['Alternate Protocol', 'Baidu Cloud', 'Content Delivery Network', 'EmbedPress', 'FreeCSSTemplates', 'GDPR Consent Management Platform', 'GitHub Hosting', 'Google Analytics', 'Google Cloud DNS', 'Google Font API', 'Google My Business', 'Google Tag Manager', 'Hatch', 'Koko Analytics', 'LiteSpeed', 'Media.net', 'Microdata for Google Shopping', 'Onyx Internet', 'PHP', 'Perl', 'Post Views Counter', 'Python', 'SiteW', 'Theme In WP', 'UTF-8', 'Woo Themes', 'WordPress', 'WordPress Multisite', 'Yandex Hosting', 'eLand', 'jQuery']"
sbenor.me,Shir Ben-Or,,ISR,45,,2026-09-13T00:43:42.877532119Z,"['Apache', 'Automattic', 'GZIP Module', 'Python', 'University or College', 'jsDelivr']"
abctrainings.in,ABC Trainings,ABC Trainings,IND,72,19579,2026-09-13T00:43:42.855934455Z,"['AWS WAF Challenge', 'CDN JS', 'Cloudflare', 'Cloudflare CDN', 'Django CSRF', 'Font Awesome', 'GZIP Module', 'Google', 'Google Analytics', 'Google Cloud DNS', 'Google Font API', 'Google My Business', 'Google Tag Manager', 'InitiativeS', 'Instagram Follow Button', 'Interakt', 'Microdata for Google Shopping', 'Nginx', 'Python', 'QUIC', 'UTF-8', 'Visual Studio', 'YouTube', 'jQuery', 'jsDelivr', 'reCAPTCHA']"
kaiz.me,Connect with Kaung,,MCO,65,22440,2026-09-13T00:30:19.185089636Z,"['AWS WAF Challenge', 'Content Delivery Network', 'Fastly', 'GZIP Module', 'GitHub Hosting', 'Google Cloud DNS', 'Google Font API', 'Google My Business', 'Instagram Follow Button', 'Python', 'QUIC', 'UTF-8', 'Vector Internet Services', 'jQuery']"
aqlan.dev,Aqlan Nor Azman,,,52,60,2026-09-13T00:30:19.182354515Z,"['Express', 'GZIP Module', 'GitHub Hosting', 'Heroku', 'InitiativeS', 'Next.js', 'Nginx', 'Pleroma', 'Python', 'Tailwind CSS', 'University or College', 'Vercel', 'shadcn ui']"
nickhoward.dev,My Portfolio,,GBR,60,6000,2026-09-13T00:30:19.17781108Z,"['Content Delivery Network', 'Express', 'GitHub Hosting', 'Netlify', 'Nginx', 'On The Map', 'Python', 'UTF-8', 'University or College', 'WordPress', 'YouTube']"
opscale.com,OpScale - Modern Web & Mobile Development Experts,OpScale,,62,15228,2026-09-13T00:30:19.177338078Z,"['AWS WAF Challenge', 'Content Delivery Network', 'Microdata for Google Shopping', 'Netlify', 'Python', 'QUIC', 'UTF-8']"
zerogravityindia.co,Zero Gravity - Elevate Your Digital Presence,,,60,8103,2026-09-13T00:30:19.166002602Z,"['Apture Linking Platform', 'Better Lead Generation Services', 'CDN JS', 'Cloudflare', 'Cloudflare CDN', 'Content Delivery Network', 'DAV', 'ElementUI', 'Fastly', 'Fireblade', 'GZIP Module', 'GitHub Hosting', 'Google Cloud DNS', 'Google Font API', 'Gravity', 'PHP', 'Python', 'Tailwind CSS', 'UTF-8']"
moser-thomas.com,CV - Thomas Moser,,DEU,72,42400,2026-09-13T00:20:53.886914119Z,"['Content Delivery Network', 'Fastly', 'GZIP Module', 'GitHub Hosting', 'Python', 'Tailwind CSS', 'UTF-8', 'University or College', 'Vignette OpenText']"
alapati.io,My Portfolio,,USA,65,7900,2026-09-13T00:20:53.884585772Z,"['CDN JS', 'Cloudflare', 'Cloudflare CDN', 'Express', 'GitHub Hosting', 'Heroku', 'Open edX', 'Oracle Cloud', 'Python', 'QUIC', 'Tailwind CSS', 'University or College', 'jsDelivr']"
kalaitinen.dev,K.A.Laitinen,,FIN,47,,2026-09-13T00:20:53.807768856Z,"['Content Delivery Network', 'Next.js', 'Pleroma', 'Python', 'UTF-8', 'University or College', 'Vercel', 'shadcn ui']"
loganfarr.com,Logan Farr,,GBR,60,11199,2026-09-13T00:05:49.741041894Z,"['Content Delivery Network', 'Fastly', 'Fireblade', 'Font Awesome', 'GZIP Module', 'GitHub Hosting', 'Prospective', 'Python', 'QUIC', 'UTF-8', 'jsDelivr']"
zenghuh.site,Zenghuh.site,,GBR,70,17539,2026-09-12T23:57:18.500701802Z,"['Content Delivery Network', 'Fastly', 'Fireblade', 'Font Awesome', 'GZIP Module', 'GitHub Hosting', 'Google Analytics', 'Google Cloud DNS', 'Google Font API', 'Python', 'Twitter Ads', 'UTF-8', 'University or College']"
prakhartrivedi.works,Prakhar's Website,,,67,4939,2026-09-12T23:57:18.49376224Z,"['Alternate Protocol', 'Bulma', 'CDN JS', 'Cloudflare', 'Cloudflare CDN', 'Content Delivery Network', 'ElementUI', 'Fastly', 'Font Awesome', 'GZIP Module', 'GitHub Hosting', 'Google Cloud DNS', 'Google Font API', 'Jekyll', 'Medium', 'Python', 'Simple-Jekyll-Search', 'StackPath', 'Twitter Ads', 'UTF-8', 'jsDelivr']"
mdarifmia.com,Md. Arif Mia | Full Stack Developer,,AUS,62,4468,2026-09-12T23:46:26.151063023Z,"['Cloudinary', 'Content Delivery Network', 'GitHub Hosting', 'Netlify', 'Next.js', 'Pleroma', 'Python', 'UTF-8', 'Vercel', 'shadcn ui']"
speedwayauto.com.au,Speedway Automotive,Speedway Automotives,,65,170095,2026-09-12T23:45:07.006182499Z,"['Alternate Protocol', 'Amazon WAF Blocked', 'Cloudflare', 'Contact Form Plugin', 'DAV', 'EmbedPress', 'Event Tickets for Wordpress', 'Font Awesome', 'FreeBSD', 'GZIP Module', 'Google Analytics', 'Google My Business', 'Google Tag Manager', 'Gravity', 'Gravity Forms', 'KeyCDN', 'LiteSpeed', 'Microdata for Google Shopping', 'OpenSSL', 'PHP', 'Python', 'QUIC', 'Salesforce Hosted', 'Shopware', 'SiteW', 'The Events Calendar', 'ThemeFusion', 'UTF-8', 'University or College', 'Vector Internet Services', 'WP Rocket', 'Woo Themes', 'WordPress', 'WordPress Multisite', 'WordPress Related Posts', 'Yandex Hosting', 'reCAPTCHA', 'symfony PHP Framework']"
autoblocks.co,Home | Autoblocks,AutoBlocks,USA,70,21647,2026-09-12T23:45:06.992873885Z,"['AWS WAF Challenge', 'Alternate Protocol', 'Apture Linking Platform', 'Cloudflare', 'Contact Form Plugin', 'Content Delivery Network', 'DuracellTomi Google Tag Manager for WordPress', 'EmbedPress', 'Google', 'Google Analytics', 'Google Cloud DNS', 'Google Conversion Tracking', 'Google Font API', 'Google My Business', 'Google Tag Manager', 'Instagram Follow Button', 'Microdata for Google Shopping', 'NFOrce Internet', 'PHP', 'Python', 'QUIC', 'Slider Revolution', 'Theme In WP', 'UTF-8', 'WP Engine', 'WP Rocket', 'WPBakery', 'Woo Themes', 'WooCommerce', 'WooCommerce Checkout', 'WordPress', 'WordPress Multisite', 'YouTube', 'jQuery', 'reCAPTCHA']"
michaelzaugg.me,Michael Zaugg — Home,,,30,600,2026-09-12T23:45:06.983960113Z,"['Apture Linking Platform', 'Content Delivery Network', 'Fastly', 'GZIP Module', 'GitHub Hosting', 'Python', 'Tailwind CSS', 'UTF-8', 'jsDelivr']"
sasinfoinc.com,Sasinfoinc | Home,,USA,65,17868,2026-09-12T23:45:06.969000922Z,"['AWS WAF Challenge', 'Apache', 'Bulma', 'GZIP Module', 'IcoMoon', 'Oracle Cloud', 'PHP', 'Python', 'Tailwind CSS', 'UTF-8', 'jQuery']"
abhishekspace.me,Abhishek Patel | Data Scientist,,IND,92,2929,2026-09-12T23:45:06.962810854Z,"['Content Delivery Network', 'DAV', 'ElementUI', 'Formspree', 'GitHub Hosting', 'Google', 'Google Cloud DNS', 'Google Font API', 'Microdata for Google Shopping', 'Python', 'Tailwind CSS', 'Twitter Ads', 'UTF-8', 'University or College', 'Vercel', 'YouTube', 'jsDelivr', 'shadcn ui']"
chumba.dev,Spencer Miller: Game Developer and Full Stack Engineer,,GBR,82,3940,2026-09-12T23:33:46.525085904Z,"['App Store', 'Create React App', 'GitHub Hosting', 'Google', 'Google Cloud DNS', 'Google Font API', 'Google My Business', 'Google Play', 'Microdata for Google Shopping', 'NFOrce Internet', 'Pleroma', 'Python', 'UTF-8']"
jlbribeiro.com,José Ribeiro (@jlbribeiro),,PRT,77,500,2026-09-12T23:33:46.47871843Z,"['Amazon CloudFront', 'GZIP Module', 'Heroku', 'Nginx', 'Python', 'Tailwind CSS', 'Twitter Ads', 'University or College']"
abhinavkk.me,Abhinav Kottayil's Portfolio,,SYC,70,324,2026-09-12T23:23:03.746691534Z,"['App Store', 'Content Delivery Network', 'ElementUI', 'FormSubmit', 'GitHub Hosting', 'Google Analytics', 'Google My Business', 'Google Play', 'Google Tag Manager', 'ID Services', 'Instagram Follow Button', 'Netlify', 'Python', 'Twitter Ads', 'UTF-8', 'University or College', 'jsDelivr']"
jacobmitchelldesign.com,Jacob Mitchell | Personal Portfolio,,GBR,77,31788,2026-09-12T23:23:03.741345712Z,"['AWS WAF Challenge', 'Adobe Creative Cloud WebFonts', 'Content Delivery Network', 'Ethy', 'Fireblade', 'GitHub Hosting', 'Netlify', 'Next.js', 'Pleroma', 'Python', 'Tailwind CSS', 'UTF-8', 'University or College', 'shadcn ui']"
westernwaketennis.com,Western Wake Tennis Association – Promoting the game and spirit of tennis.,,USA,75,242935,2026-09-12T23:23:03.731244288Z,"['Alternate Protocol', 'Amazon WAF Blocked', 'BLR', 'Cloudflare', 'Coming Soon Page', 'Constant Contact', 'Content Delivery Network', 'DAV', 'EmbedPress', 'Event Tickets for Wordpress', 'Facebook Login', 'Facebook Messenger Platform', 'Facebook Reseller', 'Fastly', 'FreeBSD', 'GZIP Module', 'Google', 'Google Cloud CDN', 'Google Cloud DNS', 'Google Font API', 'Google My Business', 'Gravity', 'Gravity Forms', 'Instagram Follow Button', 'KeyCDN', 'PHP', 'Python', 'QUIC', 'RM Education', 'SMC', 'Salesforce Hosted', 'Shopware', 'SiteW', 'Slider Revolution', 'The Events Calendar', 'Theme In WP', 'ThemeFusion', 'Tumblr', 'Twitter Ads', 'UTF-8', 'University or College', 'Vector Internet Services', 'WP jQuery Lightbox', 'Woo Themes', 'WordPress', 'WordPress Multisite', 'WordPress Related Posts', 'Yandex Hosting', 'YouTube', 'jQuery', 'reCAPTCHA', 'symfony PHP Framework']"
ahmedhamade.com,Ahmed Hamade | Full-Stack Developer & Web Content Manager,,TUR,77,780,2026-09-12T23:23:03.722297585Z,"['ASP.NET Core', 'Alternate Protocol', 'Content Delivery Network', 'InitiativeS', 'Microdata for Google Shopping', 'Next.js', 'Python', 'Tailwind CSS', 'Telegram', 'UTF-8', 'University or College', 'Vercel', 'Visual Studio']"
gagandeepmalhotra.co.uk,Gagandeep Malhotra,,GBR,82,4897,2026-09-12T23:23:03.72043739Z,"['Bulma', 'CDN JS', 'Cloudflare', 'Cloudflare CDN', 'Content Delivery Network', 'DAV', 'Fastly', 'Formspree', 'GZIP Module', 'GitHub Hosting', 'Google Analytics', 'Google Cloud DNS', 'Google Font API', 'Google Tag Manager', 'IcoMoon', 'NFOrce Internet', 'Perl', 'Python', 'QUIC', 'Tailwind CSS', 'UTF-8', 'University or College', 'Vercel', 'YouTube', 'itch.io', 'jsDelivr']"
sshockwave.net,Home | sshockwave,,,37,,2026-09-12T23:12:00.643612234Z,"['Alternate Protocol', 'Cloudflare', 'Docusaurus', 'Duoban', 'GitHub Hosting', 'KaTeX', 'Perl', 'Python', 'UTF-8', 'Visual Studio', 'jsDelivr']"
mirora.ai,Mirora AI,,USA,60,1862,2026-09-12T23:12:00.61379871Z,"['Content Delivery Network', 'Formspree', 'Google', 'Google Cloud DNS', 'Google Font API', 'NFOrce Internet', 'Python', 'Redis Cache', 'UTF-8', 'Vector Internet Services', 'Vercel']"
junegirifarms.com,"Jungle Homestay & Yoga Retreat, Rishikesh · JuneGiri Farms",,IND,82,6028,2026-09-12T22:58:05.649877073Z,"['Apache', 'Book Direct', 'Booking Affiliate', 'Cloudflare', 'Cloudflare CDN', 'Cloudflare Web Analytics', 'Content Delivery Network', 'Express', 'Google', 'Google Analytics', 'Google Cloud DNS', 'Google Font API', 'Google My Business', 'Google Tag Manager', 'Instagram Follow Button', 'Investor Relations', 'Microdata for Google Shopping', 'Oddle', 'Python', 'University or College', 'Yandex Hosting']"
jadesolax.com,Oluwole Ogunrinde | Software Engineer | DevOps Engineer | AI Engineer | Policy Strategist,,,45,200,2026-09-12T22:58:05.636009861Z,"['AWS WAF Challenge', 'Content Delivery Network', 'GitHub Hosting', 'Harbor', 'Instagram Follow Button', 'Python', 'UTF-8', 'Vercel']"
omhille.no,Oliver's Portfolio,,,47,600,2026-09-12T22:58:05.618793265Z,"['Coming Soon Page', 'Content Delivery Network', 'ElementUI', 'Fastly', 'GZIP Module', 'GitHub Hosting', 'Python', 'UTF-8', 'University or College']"
umoyatech.ca,Home - Umoya Technologies Inc.,Umoya Technologies Inc.,CAN,77,428,2026-09-12T22:58:05.61627936Z,"['Alternate Protocol', 'Apture Linking Platform', 'Contact Form Plugin', 'EmbedPress', 'Gtranslate for Wordpress', 'LiteSpeed', 'Microdata for Google Shopping', 'PHP', 'Python', 'Sitelinks Search Box', 'UTF-8', 'Woo Themes', 'WooCommerce', 'WooCommerce Checkout', 'WordPress', 'WordPress Multisite', 'YouTube', 'jQuery']"
creativelasercustoms.com,Home - Creative Laser Customs,Creative Laser Customs,,50,35342,2026-09-12T22:58:05.611120511Z,"['Akismet', 'Alternate Protocol', 'Contact Form Plugin', 'DAV', 'EmbedPress', 'Fireblade', 'Font Awesome', 'FreeBSD', 'GZIP Module', 'Google Analytics', 'Google Cloud DNS', 'Google Font API', 'Google Tag Manager', 'IcoMoon', 'Jetpack', 'KeyCDN', 'Microdata for Google Shopping', 'Nginx', 'PHP', 'Photo Gallery for WordPress', 'Python', 'Salesforce Hosted', 'Shopware', 'Slider Revolution', 'Theme In WP', 'UTF-8', 'Umbler', 'University or College', 'Vector Internet Services', 'Vignette OpenText', 'Vimeo', 'WPBakery', 'Woo Themes', 'WordPress', 'WordPress Multisite', 'WordPress Related Posts', 'Yandex Hosting', 'YouTube', 'jQuery', 'symfony PHP Framework', 'uPress', 'vzaar']"
varshiludani.com,Varshil Udani,,NZL,65,32940,2026-09-12T22:48:55.903551309Z,"['AWS WAF Challenge', 'Apture Linking Platform', 'Cloudflare', 'Cloudflare CDN', 'Fireblade', 'Instagram Follow Button', 'Microsoft Azure', 'Python', 'Tailwind CSS', 'University or College', 'Visual Studio']"
tomkostage.hu,TOMKO®stage modular staging system,,SVK,77,2499,2026-09-12T22:48:55.89851654Z,"['Alternate Protocol', 'Express', 'Font Awesome', 'GZIP Module', 'Google', 'Google Analytics', 'Google Cloud CDN', 'Google Tag Manager', 'Python', 'QUIC', 'UTF-8', 'YouTube']"
niloulsarvian.com,Nilou Sarvian,,,55,861,2026-09-12T22:48:55.891434622Z,"['Alternate Protocol', 'Apture Linking Platform', 'Bulma', 'CDN JS', 'Cloudflare', 'Cloudflare CDN', 'Content Delivery Network', 'Fastly', 'Font Awesome', 'Formspree', 'GZIP Module', 'GitHub Buttons Official', 'GitHub Hosting', 'Google', 'Google Cloud DNS', 'Google Font API', 'Microdata for Google Shopping', 'Python', 'QUIC', 'Tailwind CSS', 'Twitter Ads', 'UTF-8', 'University or College', 'jQuery']"
moonray.online,"Moonray — complete products, built solo",,,77,22980,2026-09-12T22:48:55.876701356Z,"['Apture Linking Platform', 'Cloudflare', 'Cloudflare CDN', 'Cloudflare Workers', 'Fireblade', 'Google', 'Google Cloud DNS', 'Google Font API', 'Python', 'Tailwind CSS', 'UTF-8', 'Vector Internet Services', 'Vercel']"
clairebenari.com.au,Claire Australian Graphic Designer – designer. administrator.,,AUS,70,17548,2026-09-12T22:36:18.540653038Z,"['AWS WAF Challenge', 'Alternate Protocol', 'Cloudflare', 'Cloudflare CDN', 'Contact Form Plugin', 'Content Delivery Network', 'EmbedPress', 'Font Awesome', 'Google', 'Google My Business', 'LiteSpeed', 'PHP', 'Python', 'Theme In WP', 'UTF-8', 'WordPress', 'WordPress Multisite', 'jQuery']"
pranaykothari.com,Pranay Kothari - Software Engineer,,IND,67,2400,2026-09-12T22:36:18.526585213Z,"['Apache', 'Content Delivery Network', 'Fastly', 'GZIP Module', 'GitHub Hosting', 'Google Analytics', 'Google Tag Manager', 'Instagram Follow Button', 'Medium', 'Microdata for Google Shopping', 'Python', 'Tailwind CSS', 'Twitter Ads', 'UTF-8', 'University or College', 'jQuery']"
gleb.app,Gleb Bereziuk,,,40,,2026-09-12T22:36:18.509716588Z,"['GZIP Module', 'GitHub Hosting', 'Nginx', 'Python', 'UTF-8', 'Ubuntu', 'University or College']"
vulnerablebydesign.net,Vulnerable By Design - Vulnerable By Design,,IRL,75,3007,2026-09-12T22:36:18.494576017Z,"['Alternate Protocol', 'Bulma', 'CDN JS', 'Cloudflare', 'Cloudflare CDN', 'Counter Dev', 'Font Awesome', 'GitHub Hosting', 'Google', 'Google Analytics', 'Google Cloud DNS', 'Google Font API', 'Hugo', 'IcoMoon', 'Jekyll', 'KaTeX', 'Microdata for Google Shopping', 'Python', 'Schema Plugin', 'Twitter Ads', 'UTF-8']"
sistemisolutions.rs,sistem:i solutions | Empower Your Business's Connectivity,,SRB,67,68312,2026-09-12T22:36:18.492718879Z,"['AWS WAF Challenge', 'Bulma', 'CDN JS', 'Cisco/Arrowpoint Content Service Switch', 'Cloudflare', 'Cloudflare CDN', 'Cornerstone', 'Corporate Governance and Regulatory Compliance', 'Cybot', 'ElementUI', 'Google My Business', 'IcoMoon', 'InitiativeS', 'K2F', 'Nginx', 'Oracle Cloud', 'Python', 'Snowplow', 'Tailwind CSS', 'UTF-8', 'Underscores', 'jQuery', 'jsDelivr']"
iamkrushn.com,Krushnkumar Kathrecha — Production LLM & Agentic Systems,,IND,77,7632,2026-09-12T22:36:18.486134899Z,"['Amazon CloudFront', 'Calendly', 'GZIP Module', 'GitHub Hosting', 'Google', 'Google Cloud DNS', 'Google Font API', 'Nginx', 'Python', 'Tailwind CSS', 'University or College', 'Vector Internet Services']"
wow-group.co.uk,eCommerce development agency Birmingham,Wow Group Ltd,USA,70,31828,2026-09-12T22:36:18.480384866Z,"['AJAX Libraries API', 'AWS WAF Challenge', 'Alternate Protocol', 'Better Lead Generation Services', 'CDN JS', 'Cloudflare', 'Cloudflare CDN', 'Cloudflare Web Analytics', 'Contact Form Plugin', 'Content Delivery Network', 'EmbedPress', 'Event Tickets for Wordpress', 'Fireblade', 'GoDaddy', 'Google Analytics', 'Google Cloud DNS', 'Google Font API', 'Google Tag Manager', 'Hotjar', 'Instagram Follow Button', 'LiteSpeed', 'Microdata for Google Shopping', 'PHP', 'Perl', 'Python', 'QUIC', 'Tawk', 'Thank You', 'Theme In WP', 'Twitter Ads', 'UTF-8', 'WPBakery', 'Woo Themes', 'WordPress', 'WordPress Multisite', 'YouTube', 'eLand', 'jQuery']"
leynamay.com,Leyna May-Gurr,,GBR,82,5308,2026-09-12T22:21:50.722282407Z,"['Content Delivery Network', 'Fastly', 'GZIP Module', 'GitHub Hosting', 'Google', 'Google Cloud DNS', 'Google Font API', 'Gravity', 'IcoMoon', 'Python', 'UTF-8', 'University or College', 'jsDelivr']"
zenerengineering.com,Semiconductor engineering services | Printed Circuit boards,,USA,72,120141,2026-09-12T22:21:50.71208726Z,"['AWS WAF Challenge', 'Amazon WAF Blocked', 'Apture Linking Platform', 'Content Delivery Network', 'DAV', 'Express', 'Fastly', 'Fastly CDN', 'Financial Services Guide', 'Fireblade', 'GZIP Module', 'Google Related Website Sites', 'Microdata for Google Shopping', 'NFOrce Internet', 'PWA', 'Perl', 'Python', 'QUIC', 'SMC', 'Seflow Italy', 'Sentry', 'SiteW', 'Thank You', 'Twitter Ads', 'UTF-8', 'Vector Internet Services', 'WP Booking Calendar', 'Wix', 'Wix Media', 'mlcom']"
rolespilotjobsportal.info,RolesPilot | Remote Hiring and Staff Augmentation Made Easy,RolesPilot,ZAF,77,28900,2026-09-12T22:21:50.703989788Z,"['AWS WAF Challenge', 'Bunny Fonts', 'Cloudflare', 'Cloudflare CDN', 'Clutch', 'Content Delivery Network', 'Dialpad', 'GZIP Module', 'Google', 'Google Analytics', 'Google My Business', 'Google Tag Manager', 'Instagram Follow Button', 'Microdata for Google Shopping', 'Next.js', 'Nginx', 'Pleroma', 'Python', 'QUIC', 'Rush', 'UTF-8', 'University or College']"
piratar.ia.br,piratagit (p1r4t4) · GitHub,,BRA,72,80780,2026-09-12T22:11:45.42929958Z,"['Alternate Protocol', 'Amazon', 'Amazon WAF Blocked', 'Apture Linking Platform', 'BlankSlate', 'Fastly', 'Fireblade', 'GZIP Module', 'GitHub Hosting', 'Google Related Website Sites', 'Mastodon', 'Microdata for Google Shopping', 'Microsoft Azure', 'Microsoft Azure Blob Storage', 'NFOrce Internet', 'Ntent', 'PWA', 'Perl', 'Python', 'QUIC', 'RawGit', 'SMC', 'Schema Plugin', 'Smart App Banner', 'Storyblocks', 'Tailwind CSS', 'UTF-8', 'Vector Internet Services', 'shadcn ui']"
hupp.org.in,Hire Dedicated Developer @ Hupp,,,60,3828,2026-09-12T22:11:45.405402861Z,"['Amazon', 'Amazon CloudFront', 'Amazon Route 53', 'Amazon S3 CDN', 'CDN JS', 'CloudFront', 'Cloudflare', 'Cloudflare CDN', 'Content Delivery Network', 'ElementUI', 'Express', 'Font Awesome', 'Google', 'Google Analytics', 'Google Cloud DNS', 'Google Font API', 'Google Tag Manager', 'Onyx Internet', 'Python', 'QUIC', 'Tailwind CSS', 'Vector Internet Services', 'shadcn ui']"
hologrambouwen.nl,Wereldrecord hologrammen bouwen - 28 september t/m 2 oktober 2020,,NLD,87,171010,2026-09-12T22:11:45.381266341Z,"['Alternate Protocol', 'Astra Theme', 'Autoptimize', 'Cloudflare', 'DAV', 'Elementor', 'EmbedPress', 'Font Awesome', 'FreeBSD', 'Google', 'Google Analytics', 'Google Cloud CDN', 'Google Cloud DNS', 'Google Font API', 'Google Tag Manager', 'KeyCDN', 'Microdata for Google Shopping', 'Nginx', 'Perl', 'Python', 'Salesforce Hosted', 'Shopware', 'Table Addons for Elementor', 'Twitter Ads', 'UTF-8', 'University or College', 'Vector Internet Services', 'Woo Themes', 'WordPress', 'WordPress Multisite', 'WordPress Related Posts', 'Yandex Hosting', 'symfony PHP Framework']"
abhishek-karki.com.np,Abhishek karki,,NPL,65,2400,2026-09-12T21:59:23.57399617Z,"['CDN JS', 'Cloudflare', 'Cloudflare CDN', 'Content Delivery Network', 'Express', 'Fastly', 'GZIP Module', 'GitHub Hosting', 'Google Analytics', 'Google Tag Manager', 'Python', 'Tailwind CSS', 'UTF-8', 'University or College', 'shadcn ui']"
lewismcconkey.com,Personal Website,,CAN,65,57496,2026-09-12T21:59:23.567578505Z,"['Content Delivery Network', 'ElementUI', 'Fastly', 'FormSubmit', 'GZIP Module', 'GitHub Hosting', 'Google My Business', 'Python', 'SMC', 'Tailwind CSS', 'UTF-8', 'Vector Internet Services']"
smileb.net,"SMILEB - Top Web Development, Mobile Apps & Enterprise Solutions in Lebanon",SMILEB,LBN,77,2524,2026-09-12T21:59:23.54579524Z,"['Bulma', 'CDN JS', 'Cloudflare', 'Cloudflare CDN', 'ElementUI', 'Google', 'Google Cloud DNS', 'Google Font API', 'Instagram Follow Button', 'Microdata for Google Shopping', 'Nginx', 'PWA', 'Python', 'Twitter Ads', 'UTF-8', 'Unsplash', 'jsDelivr']"
frederic.ltd,Frederic Limited — AI-Native Infrastructure & PQC,Frederic Limited,,82,17632,2026-09-12T21:59:23.543526562Z,"['Alternate Protocol', 'Fireblade', 'GZIP Module', 'Google', 'Google Cloud DNS', 'Google Font API', 'Line2', 'Microdata for Google Shopping', 'Nginx', 'Python', 'QUIC']"
vishwak.me,Vishwak Senan,,,72,2760,2026-09-12T21:48:45.90120821Z,"['Amazon S3 CDN', 'Content Delivery Network', 'Fastly', 'GitHub Hosting', 'Google My Business', 'Next.js', 'Pleroma', 'Python', 'Storyblocks', 'Tailwind CSS', 'UTF-8', 'University or College']"
dtrilo.com,DTRILO - Data • Transformation • Research • Intelligence • Learning • Organize,,,67,15240,2026-09-12T21:37:11.498462892Z,"['AWS WAF Challenge', 'Content Delivery Network', 'Next.js', 'Pleroma', 'Python', 'QUIC', 'Tailwind CSS', 'UTF-8', 'Vercel', 'shadcn ui']"
jamasb.io,Arian Jamasb | PhD Student in Machine Learning & Bioinformatics,,PHL,87,2499,2026-09-12T21:37:11.494899004Z,"['Content Delivery Network', 'DAV', 'Fastly', 'Font Awesome', 'GZIP Module', 'GitHub Hosting', 'Google Analytics', 'Google Tag Manager', 'Python', 'Twitter Ads', 'UTF-8', 'University or College']"
divakar.dev,Divakar Choudhary — Full-Stack Engineer & Product Builder,,IND,82,2908,2026-09-12T21:37:11.472554773Z,"['Express', 'GZIP Module', 'GitHub Hosting', 'Google', 'Google Cloud DNS', 'Google Font API', 'IcoMoon', 'Instagram Follow Button', 'Microdata for Google Shopping', 'Nginx', 'Pleroma', 'Python', 'Twitter Ads', 'UTF-8', 'Ubuntu', 'University or College']"
bboxtech.com.np,Home | BlackBox Technologies,,IND,75,17539,2026-09-12T21:37:11.470280544Z,"['AWS WAF Challenge', 'Amazon', 'CDN JS', 'Cloudflare', 'Cloudflare CDN', 'Corporate Governance and Regulatory Compliance', 'Font Awesome', 'Google Cloud DNS', 'Google Font API', 'Instagram Follow Button', 'PHP', 'Python', 'QUIC', 'ShareThis', 'Tailwind CSS', 'UTF-8', 'jQuery']"
gustavosalvini.com.ar,Gustavo Adrián Salvini,,COL,87,1920,2026-09-12T21:29:01.997338355Z,"['Alternate Protocol', 'Astro', 'Azion', 'GZIP Module', 'GitHub Hosting', 'Google Analytics', 'Google Related Website Sites', 'Google Tag Manager', 'KaTeX', 'Microdata for Google Shopping', 'Nginx', 'Python', 'Tailwind CSS', 'jsDelivr']"
lab64.am,LAB64 - Web & Mobile Development Studio,,COL,72,19539,2026-09-12T21:29:01.996979785Z,"['CDN JS', 'Cloudflare', 'Cloudflare CDN', 'DAV', 'Fireblade', 'Font Awesome', 'GZIP Module', 'Google', 'Google Cloud DNS', 'Google Font API', 'Nginx', 'Python', 'UTF-8', 'University or College', 'route']"
sortia.ai,Sortia - AI-Powered Solutions for Business Challenges,,DEU,82,34994,2026-09-12T21:29:01.979734502Z,"['AWS WAF Challenge', 'Alternate Protocol', 'Apache', 'CDN JS', 'Cloudflare', 'Cloudflare CDN', 'Express', 'Fireblade', 'Google', 'Google Cloud DNS', 'Google Font API', 'Google My Business', 'Google Play', 'Jetpack', 'Microdata for Google Shopping', 'Nginx', 'Oracle Cloud', 'PHP', 'Python', 'QUIC', 'Tailwind CSS', 'UTF-8', 'Unix']"
vincentliu.dev,Vincent Liu — Full-stack engineer,,USA,87,5140,2026-09-12T21:29:01.977721348Z,"['CDN JS', 'Cloudflare', 'Cloudflare CDN', 'Cloudflare Workers', 'Content Delivery Network', 'Fastly', 'GZIP Module', 'GitHub Hosting', 'Google', 'Google Cloud DNS', 'Google Font API', 'Pico CSS', 'Python', 'UTF-8', 'jsDelivr']"
qtj.me,Home - Tianjian Qin,,,62,2647,2026-09-12T21:29:01.969039187Z,"['Content Delivery Network', 'Disqus Comment System for WordPress', 'Fastly', 'Font Awesome', 'GZIP Module', 'GitHub Hosting', 'Google Cloud DNS', 'Google Font API', 'Python', 'Tailwind CSS', 'UTF-8']"
rajutechie.com,Raju Techie | Techie Cloud | IT Consultant | Cloud Architect | Profile Page | rajutechie.com,,CAN,72,4147,2026-09-12T21:13:10.217153376Z,"['Apache', 'Coming Soon Page', 'Funding Choices', 'Google Adsense', 'Google Analytics', 'Google Cloud DNS', 'Google Font API', 'Google Funding Choices', 'Google Matched Content', 'Google My Business', 'Google Reseller', 'Google Tag Manager', 'IcoMoon', 'Instagram Follow Button', 'Oracle Cloud', 'Python', 'Tailwind CSS', 'Twitter Ads', 'University or College', 'jQuery', 'reCAPTCHA']"
stephenmoy.com,Stephen Moy | Technical Founder & Engineer,,,72,7400,2026-09-12T21:13:10.215137357Z,"['Content Delivery Network', 'DAV', 'Express', 'Fastly', 'GZIP Module', 'GitHub Hosting', 'Next.js', 'Nginx', 'Python', 'Tailwind CSS', 'UTF-8', 'Vector Internet Services']"
binaryflux.ai,Binaryflux AI,,USA,72,13968,2026-09-12T21:13:10.208625735Z,"['Express', 'IcoMoon', 'NFOrce Internet', 'PHP', 'Prospective', 'Python', 'QUIC', 'Share Link', 'Tailwind CSS', 'Twitter Ads', 'UTF-8', 'Vector Internet Services', 'jQuery', 'jsDelivr']"
awap.us,AWAP,,,57,9803,2026-09-12T21:13:10.204747341Z,"['AJAX Libraries API', 'Adult Content', 'Apache', 'Barchart', 'CDN JS', 'CentOS', 'Chartist JS', 'Cloudflare', 'Cloudflare CDN', 'Coming Soon Page', 'Endis', 'Express', 'Facebook Conversion Tracking', 'Facebook Login', 'Facebook Messenger Platform', 'Facebook Pixel', 'Facebook Reseller', 'Facebook Tag API', 'Fastly', 'GitHub Hosting', 'Google Analytics', 'Google Cloud DNS', 'Google Conversion Tracking', 'Google My Business', 'Google Tag Manager', 'Negate', 'OpenSSL', 'PHP', 'Perl', 'Python', 'QUIC', 'Tawk', 'UTF-8', 'Underscores', 'Unix', 'Visual Studio', 'YouTube', 'jQuery']"
hecxel.com,Héctor Escudero – Technical Artist,,,35,600,2026-09-12T21:13:10.198934402Z,"['Content Delivery Network', 'ElementUI', 'Fastly', 'GZIP Module', 'GitHub Hosting', 'Python', 'UTF-8', 'Vimeo']"
elizabethtlin.com,Home - Elizabeth Lin,,USA,72,2400,2026-09-12T21:13:10.193850991Z,"['Content Delivery Network', 'Fastly', 'GZIP Module', 'GitHub Hosting', 'Google My Business', 'Jekyll', 'Microdata for Google Shopping', 'Python', 'Tailwind CSS', 'UTF-8', 'University or College', 'jsDelivr', 'shadcn ui']"
adambreznicky.com,brez. | contract services,,USA,87,17900,2026-09-12T21:13:10.192560396Z,"['AWS WAF Challenge', 'Amazon CloudFront', 'Apache', 'Content Delivery Network', 'Fastly', 'GZIP Module', 'GitHub Hosting', 'Heroku', 'Nginx', 'Perl', 'Python', 'UTF-8']"
wiseloop.ai,Wiseloop Consultancy - Analytics & Data Science Strategy,,IND,60,63,2026-09-12T21:03:53.272384192Z,"['Cloudflare', 'Cloudflare CDN', 'Cloudflare Web Analytics', 'Content Delivery Network', 'Google', 'Google Cloud DNS', 'Google Font API', 'Python']"
raincyt.com,AI Predictive Modeling for Cancer Solutions | Raincyt | Raincyt,,,47,177,2026-09-12T21:03:53.263391025Z,"['Alternate Protocol', 'Google', 'Google Cloud DNS', 'Google Font API', 'Instagram Follow Button', 'Python', 'Thank You', 'Unsplash', 'Zyro']"
cyanous.com,Cyanous provides best IT services for your business,,IND,72,7868,2026-09-12T20:51:04.319307963Z,"['Google Analytics', 'Google Tag Manager', 'IcoMoon', 'Instagram Follow Button', 'Oracle Cloud', 'PHP', 'Python', 'Tailwind CSS', 'Twitter Ads', 'UTF-8', 'Zend Server', 'jQuery']"
minelsalihagic.com,Minel Salihagić,,BIH,72,15240,2026-09-12T20:51:04.305837512Z,"['AWS WAF Challenge', 'Content Delivery Network', 'GitHub Hosting', 'Google Analytics', 'Google Tag Manager', 'Instagram Follow Button', 'Next.js', 'Pleroma', 'Python', 'Tailwind CSS', 'UTF-8', 'Unix', 'Vercel', 'shadcn ui']"
yushiomote.org,Yushi Omote,,,45,756,2026-09-12T20:51:04.292547472Z,"['Alternate Protocol', 'Content Delivery Network', 'Fastly', 'Gatsby JS', 'GitHub Hosting', 'Google Analytics', 'Google Tag Manager', 'IcoMoon', 'Instagram Follow Button', 'Netlify', 'Python', 'Twitter Ads', 'UTF-8', 'YouTube']"
smddev.com,Software at all times,,,60,12951,2026-09-12T20:51:04.259983779Z,"['AWS WAF Challenge', 'Apache', 'Cisco/Arrowpoint Content Service Switch', 'Cloudinary', 'Clutch', 'Content Delivery Network', 'DAV', 'Financial Services Guide', 'Fireblade', 'Google Analytics', 'Google Cloud DNS', 'Google Font API', 'Google Tag Manager', 'Netlify', 'Oracle Cloud', 'Python', 'Styled Components', 'UTF-8']"
impresso.lk,Impresso — Building Smarter Solutions,,LKA,65,19840,2026-09-12T20:38:50.78880556Z,"['Content Delivery Network', 'Fastly', 'Fireblade', 'Google', 'Google Cloud DNS', 'Google Font API', 'Instagram Follow Button', 'PHP', 'Python', 'QUIC', 'Tailwind CSS', 'Twitter Ads', 'UTF-8', 'shadcn ui']"
croblesm.com,"Carlos Robles - AI, DevEx & Software Engineering Portfolio",,,67,3180,2026-09-12T20:38:50.773329876Z,"['Content Delivery Network', 'GitHub Hosting', 'Next.js', 'Oracle Cloud', 'Pleroma', 'Python', 'Tailwind CSS', 'Twitter Ads', 'UTF-8', 'Vercel', 'Visual Studio']"
caringhearts.com.au,NDIS Provider & Disability Care Services Melbourne | Caring Hearts Home Care,,AUS,67,17901,2026-09-12T20:38:50.741709495Z,"['Amazon CloudFront', 'Amazon WAF Blocked', 'Apture Linking Platform', 'CloudFront', 'Column Shortcodes', 'DAV', 'ETranslate', 'Font Awesome', 'GTranslate', 'GZIP Module', 'GetResponse', 'GitHub Hosting', 'Google', 'Google Analytics', 'Google Cloud DNS', 'Google Font API', 'Google Maps', 'Google My Business', 'Google Tag Manager', 'Microdata for Google Shopping', 'New Relic', 'Nginx', 'Python', 'QUIC', 'Rackspace CDN', 'Ruby on Rails', 'Tailwind CSS', 'UTF-8', 'UserWay', 'Vimeo', 'reCAPTCHA']"
yayadiamondstv.com,Yaya Diamond TV,,,42,33008,2026-09-12T20:38:50.736756525Z,"['AWS WAF Challenge', 'Amazon Widgets', 'Apture Linking Platform', 'Camp', 'Cloudflare', 'Cloudflare CDN', 'Cloudflare Web Analytics', 'Coming Soon Page', 'DAV', 'DoubleClick Bid Manager', 'Etsy', 'Express', 'Factors.ai', 'FirstPromoter', 'GZIP Module', 'GitHub Hosting', 'Google Analytics', 'Google My Business', 'Google Play', 'Google Tag Manager', 'Gravity', 'Gumlet', 'Instagram Follow Button', 'Intercom', 'Linktree', 'Microdata for Google Shopping', 'NFOrce Internet', 'Next.js', 'Oracle Cloud', 'Perl', 'Python', 'QUIC', 'RM Education', 'SavvyCal', 'Shopify', 'The Fresh', 'Twitter Ads', 'Twitter Analytics', 'UTF-8', 'University or College', 'YouTube', 'ZoomInfo', 'eLand', 'jsDelivr', 'shadcn ui']"
refold.io,Refold - Official Homepage,,SWE,65,2539,2026-09-12T20:38:50.734162327Z,"['Adult Content', 'App Store', 'Content Delivery Network', 'Fastly', 'Font Awesome', 'GZIP Module', 'GitHub Hosting', 'Google Analytics', 'Google Cloud DNS', 'Google Font API', 'Google My Business', 'Google Play', 'Google Tag Manager', 'Python', 'Twitter Ads', 'UTF-8']"
mfrdsfzi.com,Firdaus Fauzi - mfrdsfzi.com,,,67,8199,2026-09-12T20:28:00.034317148Z,"['ArvanCloud', 'Font Awesome', 'GitHub Hosting', 'Google', 'Google Cloud DNS', 'Google Font API', 'Python', 'UTF-8', 'Vector Internet Services', 'jsDelivr']"
praneet.me,Praneet Bomma,,GBR,82,17539,2026-09-12T20:28:00.028113393Z,"['AWS WAF Challenge', 'Bulma', 'CDN JS', 'Cloudflare', 'Cloudflare CDN', 'Content Delivery Network', 'ElementUI', 'Fastly', 'Font Awesome', 'GZIP Module', 'GitHub Hosting', 'Google Analytics', 'Google Cloud DNS', 'Google Font API', 'Google Tag Manager', 'Medium', 'Python', 'Tailwind CSS', 'Twitter Ads', 'UTF-8', 'University or College', 'YouTube']"
janeodum.com,Jane C. Odum,,USA,82,17440,2026-09-12T20:28:00.019730895Z,"['AWS WAF Challenge', 'Content Delivery Network', 'ElementUI', 'Fastly', 'GZIP Module', 'GitHub Hosting', 'Google Cloud DNS', 'Google Font API', 'Google My Business', 'Instagram Follow Button', 'Medium', 'Python', 'Tailwind CSS', 'UTF-8', 'University or College', 'shadcn ui']"
papasifakis.gr,Eftichios Papasifakis,,,55,863,2026-09-12T20:27:59.967485713Z,"['AWS WAF Challenge', 'Content Delivery Network', 'Express', 'Fastly', 'GZIP Module', 'GitHub Hosting', 'Google', 'Google Cloud DNS', 'Google Font API', 'Instagram Follow Button', 'Python', 'UTF-8', 'University or College']"
alisher.pp.ua,Alisher Allakov,,UKR,55,3,2026-09-12T20:27:59.959129665Z,"['GZIP Module', 'Google Analytics', 'Google Cloud DNS', 'Google Font API', 'Google Tag Manager', 'Nginx', 'Pleroma', 'Python', 'Tailwind CSS', 'UTF-8']"
flowviz.io,FlowViz - AI-Powered Attack Flow Visualization,,,62,213720,2026-09-12T20:12:37.228728716Z,"['AWS WAF Challenge', 'Apture Linking Platform', 'Citrix', 'Cloudflare', 'Cloudflare CDN', 'Content Delivery Network', 'DAV', 'Express', 'GitHub Hosting', 'Google', 'Google Cloud DNS', 'Google Font API', 'Google My Business', 'Google Recommendations AI', 'NFOrce Internet', 'Next.js', 'Python', 'QUIC', 'Salesforce Hosted', 'Tailwind CSS', 'UTF-8', 'Underscores', 'Vector Internet Services', 'Vercel', 'Visual Studio', 'YouTube']"
anergyacademy.com,Home - Anergy Academy,Anergy Academy,CHN,77,25318,2026-09-12T20:12:37.214546792Z,"['Alternate Protocol', 'Apache', 'Astra Theme', 'EmbedPress', 'GZIP Module', 'Google', 'Google Analytics', 'Google Cloud DNS', 'Google Font API', 'Google Tag Manager', 'KVH', 'Microdata for Google Shopping', 'Oracle Cloud', 'PHP', 'Polylang', 'Presto Player', 'Python', 'QUIC', 'Sitelinks Search Box', 'Theme In WP', 'UTF-8', 'University or College', 'WordPress', 'WordPress Multisite', 'WordPress Related Posts', 'jQuery']"
thrivefp.com,Thrive FP - A Real Estate Investment Firm with Solid Returns,,MEX,82,263675,2026-09-12T20:12:37.195926824Z,"['AWS WAF Challenge', 'Alternate Protocol', 'Amazon WAF Blocked', 'BLR', 'Cloudflare', 'Content Delivery Network', 'DAV', 'EmbedPress', 'Event Tickets for Wordpress', 'Fireblade', 'FreeBSD', 'Google', 'Google Analytics', 'Google Cloud CDN', 'Google Related Website Sites', 'Google Tag Manager', 'Gravity', 'Gravity Forms', 'IcoMoon', 'Juniper Square', 'KeyCDN', 'Microdata for Google Shopping', 'No-Q', 'PHP', 'Python', 'QUIC', 'Salesforce Hosted', 'Shopware', 'The Events Calendar', 'Theme In WP', 'ThemeFusion', 'Tumblr', 'UTF-8', 'University or College', 'Vector Internet Services', 'WP Engine', 'WP Video Lightbox', 'WP jQuery Lightbox', 'Woo Themes', 'WordPress', 'WordPress Multisite', 'WordPress Related Posts', 'Yandex Hosting', 'YouTube', 'jQuery', 'symfony PHP Framework']"
aacme.digital,Bespoke Software Development Company | AACME™,AACME™,USA,82,55615,2026-09-12T20:04:26.156599229Z,"['AWS WAF Challenge', 'Alternate Protocol', 'Amazon WAF Blocked', 'Apture Linking Platform', 'Cisco/Arrowpoint Content Service Switch', 'Dream-Theme', 'EmbedPress', 'Fireblade', 'Google', 'Google Analytics', 'Google Cloud CDN', 'Google Cloud DNS', 'Google Font API', 'Google Related Website Sites', 'Google Tag Manager', 'Gutenberg Blocks by Kadence Blocks', 'HubSpot WordPress Plugin', 'Lazy Load for WordPress', 'Microdata for Google Shopping', 'Microsoft Clarity', 'Oracle Cloud', 'PHP', 'Python', 'QUIC', 'Sitelinks Search Box', 'Theme In WP', 'Twitter Ads', 'UTF-8', 'Vector Internet Services', 'WP Rocket', 'WPML Multilingual', 'WordPress', 'WordPress Multisite']"
bilaljussab.co.uk,Bilal Jussab - Software Developer,,,50,899,2026-09-12T20:01:02.45231835Z,"['AWS WAF Challenge', 'Content Delivery Network', 'Fastly', 'Font Awesome', 'GZIP Module', 'GitHub Hosting', 'Python', 'UTF-8', 'Wagtail CMS']"
getsynthefy.com,Synthefy - Foundation Models for Structured Data,Synthefy,,72,23689,2026-09-12T20:01:02.432248857Z,"['AWS WAF Challenge', 'Alternate Protocol', 'Amazon', 'Amazon CloudFront', 'Amazon Route 53', 'Apache', 'Cisco/Arrowpoint Content Service Switch', 'CloudFront', 'Coming Soon Page', 'Content Delivery Network', 'DAV', 'GZIP Module', 'GitHub Hosting', 'Google Analytics', 'Google Tag Manager', 'Hugging Face Space', 'Microdata for Google Shopping', 'Next.js', 'Pleroma', 'Python', 'QUIC', 'UTF-8']"
jakerose.info,Jake Rose,,,62,23007,2026-09-12T19:50:24.813937048Z,"['AJAX Libraries API', 'DAV', 'Font Awesome', 'GitHub Hosting', 'Google', 'Google Cloud DNS', 'Google Font API', 'IcoMoon', 'Microdata for Google Shopping', 'Python', 'University or College', 'Waveform Technology', 'jQuery']"
kyawsawdin.pw,Kyaw Saw Din,,GBR,65,15367,2026-09-12T19:37:18.238866705Z,"['AWS WAF Challenge', 'Content Delivery Network', 'Font Awesome', 'Google Cloud DNS', 'Google Font API', 'Hugo', 'InitiativeS', 'Netlify', 'PHP', 'Python', 'Tailwind CSS', 'UTF-8', 'University or College', 'shadcn ui']"
turcotteexotics.ca,Turcotte Exotics - Home,,USA,57,159,2026-09-12T19:26:41.742857481Z,"['Google Cloud DNS', 'Google Font API', 'IcoMoon', 'LiteSpeed', 'PHP', 'Python', 'UTF-8']"
maverai.co,Maverai - Electrical Engineering Portfolio,,USA,55,1863,2026-09-12T19:26:41.734467028Z,"['501c3 Status Nonprofit', 'Content Delivery Network', 'Fastly', 'GZIP Module', 'GitHub Hosting', 'Google', 'Google Cloud DNS', 'Google Font API', 'Google My Business', 'Google Related Website Sites', 'Python', 'Thank You', 'UTF-8', 'University or College', 'Vector Internet Services', 'jsDelivr']"
dagc.dev,Diego Gutierrez,,,52,20063,2026-09-12T19:26:41.685981062Z,"['Content Delivery Network', 'DAV', 'GitHub Hosting', 'Google', 'Google Cloud CDN', 'Google Cloud DNS', 'Google Font API', 'Material-UI', 'Next.js', 'ON24', 'Python', 'Tailwind CSS', 'UTF-8', 'Vercel']"
umbraviventislucis.com,HOME | Umbra Viventis Lucis,,,70,87108,2026-09-12T19:26:41.683191357Z,"['Alternate Protocol', 'Amazon WAF Blocked', 'Apture Linking Platform', 'Content Delivery Network', 'Fastly', 'Fastly CDN', 'GZIP Module', 'Instagram Follow Button', 'Microdata for Google Shopping', 'NFOrce Internet', 'PWA', 'Python', 'QUIC', 'SMC', 'Sentry', 'SiteW', 'UTF-8', 'Vector Internet Services', 'Wix', 'Wix Media', 'YouTube', 'eLand', 'mlcom']"
kasperlindmark.se,Kasper Lindmark,,GBR,57,663,2026-09-12T19:26:41.680860957Z,"['Content Delivery Network', 'Fastly', 'GZIP Module', 'GitHub Hosting', 'Google', 'Google Cloud DNS', 'Google Font API', 'Instagram Follow Button', 'Perl', 'Python', 'Tailwind CSS', 'UTF-8']"
iampjv.co,Patrick Vassell Jr. Resume,,,60,5302,2026-09-12T19:02:09.309282314Z,"['AWS WAF Challenge', 'Cloudflare', 'Cloudflare CDN', 'Cloudflare Web Analytics', 'ElementUI', 'Elfsight', 'Express', 'Font Awesome', 'GitHub Hosting', 'Google Cloud DNS', 'Google Font API', 'Google Forms', 'Google My Business', 'Python', 'Salesforce Hosted', 'Tailwind CSS', 'Twitter Ads', 'University or College', 'YouTube', 'jsDelivr']"
vennistinaco.com,About Me | Vennis Tinaco,,USA,77,89828,2026-09-12T19:02:09.285809926Z,"['Amazon WAF Blocked', 'Apture Linking Platform', 'Content Delivery Network', 'Express', 'Fastly', 'Fastly CDN', 'GZIP Module', 'Google Related Website Sites', 'Microdata for Google Shopping', 'NFOrce Internet', 'PWA', 'Python', 'QUIC', 'SMC', 'Seflow Italy', 'Sentry', 'SiteW', 'UTF-8', 'University or College', 'Vector Internet Services', 'Wix', 'Wix Media', 'mlcom']"
hubai.se,Hub AI,,,72,17400,2026-09-12T18:50:08.57853256Z,"['AWS WAF Challenge', 'Alternate Protocol', 'Apture Linking Platform', 'Content Delivery Network', 'Fastly', 'GZIP Module', 'GitHub Hosting', 'Google My Business', 'Hugo', 'Instagram Follow Button', 'Python', 'UTF-8', 'University or College']"
elixirdatalytics.com,Home | Elixir Datalytics LLC,,,55,26896,2026-09-12T18:38:10.011244732Z,"['Alternate Protocol', 'Amazon WAF Blocked', 'Apture Linking Platform', 'Cloudflare', 'Content Delivery Network', 'Express', 'Fastly', 'Fastly CDN', 'GZIP Module', 'Microdata for Google Shopping', 'NFOrce Internet', 'PWA', 'Python', 'QUIC', 'SMC', 'Seflow Italy', 'Sentry', 'SiteW', 'Twitter Ads', 'UTF-8', 'Vector Internet Services', 'Wix', 'Wix Media', 'mlcom']"
luciahughes.com,Lucia Hughes' Portfolio,,,70,19840,2026-09-12T18:38:09.987139357Z,"['AWS WAF Challenge', 'Content Delivery Network', 'Fastly', 'GZIP Module', 'GitHub Hosting', 'Google', 'Google Cloud DNS', 'Google Font API', 'Python', 'Tailwind CSS', 'UTF-8', 'YouTube']"
abimdeconecta.com.br,Abimde,,BRA,65,4840,2026-09-12T18:38:09.976569713Z,"['Apache', 'Bokeh', 'CDN JS', 'Cloudflare', 'Cloudflare CDN', 'Google', 'Google Cloud DNS', 'Google Font API', 'Instagram Follow Button', 'OpenSSL', 'Oracle Cloud', 'Pleroma', 'Python', 'Tailwind CSS', 'UTF-8', 'YouTube', 'jsDelivr']"
fabricionarcizo.com,Fabricio Batista Narcizo,,,82,20560,2026-09-12T18:38:09.959039644Z,"['AWS WAF Challenge', 'Alternate Protocol', 'Content Delivery Network', 'Counter Dev', 'Fastly', 'GZIP Module', 'GitHub Buttons Official', 'GitHub Hosting', 'Google', 'Google Analytics', 'Google Cloud DNS', 'Google Font API', 'Google My Business', 'Google Related Website Sites', 'Google Tag Manager', 'Instagram Follow Button', 'License Buttons', 'Python', 'Sitelinks Search Box', 'UTF-8', 'University or College', 'shadcn ui']"
imadh.dev,Imadh Ajaz Banday — AI/ML Engineer & Full-Stack Developer,,,52,63,2026-09-12T18:28:26.150458046Z,"['Content Delivery Network', 'GitHub Hosting', 'Google', 'Google Cloud DNS', 'Google Font API', 'Python', 'Tailwind CSS', 'UTF-8', 'University or College', 'Vercel']"
reubenrajan.dev,"Reuben Rajan George | Principal Architect, System Performance & Reliability",,IND,77,26880,2026-09-12T18:13:26.118134273Z,"['AWS WAF Challenge', 'Cloudflare', 'Cloudflare CDN', 'Cloudflare Web Analytics', 'Cloudflare Workers', 'Content Delivery Network', 'Google', 'Google Cloud DNS', 'Google Font API', 'Google My Business', 'Gravity', 'NFOrce Internet', 'Oracle Cloud', 'Perl', 'Python', 'University or College', 'Vector Internet Services', 'Vercel']"
fatehbmz.com,Fateh Benmerzoug | Software Engineer,,,82,2632,2026-09-12T18:13:26.116202001Z,"['Apache', 'Calendly', 'Cloudflare', 'Cloudflare CDN', 'Content Delivery Network', 'GitHub Hosting', 'Google', 'Google Analytics', 'Google Cloud DNS', 'Google Font API', 'Google Tag Manager', 'Interchange', 'Microdata for Google Shopping', 'Python', 'QUIC']"
yegor256.com,Yegor's Blog About Computers,,,67,20628,2026-09-12T18:13:26.11507227Z,"['AWS WAF Challenge', 'Alternate Protocol', 'Apple Auto Link Maker', 'Content Delivery Network', 'Disqus Comment System for WordPress', 'Fastly', 'GZIP Module', 'GitHub Hosting', 'Google Analytics', 'Google My Business', 'Google Related Website Sites', 'Instagram Follow Button', 'Microdata for Google Shopping', 'Python', 'Schema Plugin', 'Telegram', 'Twitter Ads', 'UTF-8', 'Yandex Hosting', 'YouTube']"
daktilo.cli.rs,daktilo | Turn your keyboard into a typewriter! 📇,,,72,5040,2026-09-12T18:13:26.110117084Z,"['Amazon', 'Apache', 'Content Delivery Network', 'Corporate Governance and Regulatory Compliance', 'Express', 'Fastly', 'GZIP Module', 'GitHub Hosting', 'Jekyll', 'Microdata for Google Shopping', 'Python', 'UTF-8', 'Vercel', 'YouTube']"
cyrilvandenberghe.com,Cyril Vandenberghe - Portfolio,,,57,702,2026-09-12T18:13:26.102205996Z,"['Coming Soon Page', 'Content Delivery Network', 'Fastly', 'Formspree', 'GZIP Module', 'GitHub Hosting', 'Google Cloud DNS', 'Google Font API', 'Jekyll', 'Python', 'To Top', 'UTF-8']"
prekshamathur.com,Preksha Mathur - Portfolio,,IND,72,2218,2026-09-12T18:13:26.096666251Z,"['Content Delivery Network', 'GitHub Hosting', 'NFOrce Internet', 'Netlify', 'Next.js', 'Pleroma', 'Python', 'Tailwind CSS', 'UTF-8', 'University or College', 'Vello', 'Vercel', 'shadcn ui']"
greendoglawncare.com,Landscaping Lawn Care | Berks County PA | Green Dog Landscaping LLC,Green Dog Landscaping,USA,82,84181,2026-09-12T18:13:26.09335343Z,"['Alternate Protocol', 'Apache', 'Apture Linking Platform', 'Better Lead Generation Services', 'Content Delivery Network', 'Divi', 'Elegant Themes', 'Elementor', 'EmbedPress', 'Endis', 'Express', 'Google', 'Google Analytics', 'Google Cloud DNS', 'Google Font API', 'Google My Business', 'Google Tag Manager', 'Harbor', 'Landis Holdings', 'Microdata for Google Shopping', 'Nginx', 'PHP', 'Perl', 'Pico CSS', 'Python', 'QUIC', 'Sitelinks Search Box', 'SmartCrawl', 'Svelte', 'UTF-8', 'Vector Internet Services', 'Woo Themes', 'WordPress', 'WordPress Multisite', 'iAPPS', 'reCAPTCHA']"
fintechtraders.ae,FinTechTraders,,,45,259,2026-09-12T18:13:26.086238933Z,"['Alternate Protocol', 'Bulma', 'Cloudflare', 'Contact Form Plugin', 'Content Delivery Network', 'EmbedPress', 'GoDaddy', 'Google Cloud DNS', 'Google Font API', 'Google My Business', 'IcoMoon', 'Microdata for Google Shopping', 'PHP', 'Python', 'Schema Plugin', 'Theme In WP', 'UTF-8', 'WordPress', 'WordPress Multisite', 'jQuery', 'reCAPTCHA']"
arhumkhan.com,Aleena Khan,,USA,62,3468,2026-09-12T18:03:14.044279144Z,"['Content Delivery Network', 'Express', 'Fastly', 'GZIP Module', 'GitHub Hosting', 'Python', 'Tailwind CSS', 'UTF-8', 'University or College', 'Zendesk Embeddables']"
jivanysh.dev,Jivanysh Sohoni - full-stack web and mobile developer based in Mumbai,,IND,77,3099,2026-09-12T18:03:14.03786459Z,"['Craft', 'Directus', 'GZIP Module', 'Google', 'Google Analytics', 'Google Cloud DNS', 'Google Font API', 'Google Tag Manager', 'Heroku', 'Instagram Follow Button', 'Nginx', 'Python', 'UTF-8', 'Ubuntu']"
patriciawhites.co.uk,Nationwide Exemplary Home Care | Patricia White's,Country Cousins,GBR,77,196793,2026-09-12T18:03:14.028355023Z,"['Alternate Protocol', 'Amazon WAF Blocked', 'CallRail', 'Cloudflare', 'Cloudflare CDN', 'Content Delivery Network', 'DAV', 'Font Awesome', 'FreeBSD', 'Google', 'Google Analytics', 'Google My Business', 'Google Tag Manager', 'Gravity', 'Gravity Forms', 'Imgix', 'KeyCDN', 'Microdata for Google Shopping', 'PHP', 'Python', 'QUIC', 'Salesforce Hosted', 'SearchWP', 'Shopware', 'Tailwind CSS', 'Termly', 'Trustpilot Reviews for WordPress', 'UTF-8', 'University or College', 'Vector Internet Services', 'Waveform Technology', 'WordPress', 'WordPress Multisite', 'Yandex Hosting', 'YouTube', 'jQuery', 'reCAPTCHA', 'symfony PHP Framework']"
meguvercin.com,My Portfolio,,TUR,45,600,2026-09-12T17:47:30.399341661Z,"['Content Delivery Network', 'Fastly', 'GZIP Module', 'GitHub Hosting', 'Python', 'Tailwind CSS', 'UTF-8']"
starbeamrainbowlabs.com,Starbeamrainbowlabs,,,67,20579,2026-09-12T17:37:22.33189191Z,"['AWS WAF Challenge', 'Alternate Protocol', 'Apache', 'CDN JS', 'Cloudflare', 'Cloudflare CDN', 'Coming Soon Page', 'Forgejo', 'GZIP Module', 'GitHub Hosting', 'Google My Business', 'License Buttons', 'Nginx', 'PHP', 'Python', 'Twitter Ads', 'UTF-8', 'Ubuntu', 'University or College', 'Vector Internet Services', 'Visual Studio', 'YouTube']"
moacir.space,Moacir Fonseca Becker,,AUS,87,22400,2026-09-12T17:27:28.410922691Z,"['AWS WAF Challenge', 'Apture Linking Platform', 'Astro', 'Cisco/Arrowpoint Content Service Switch', 'Content Delivery Network', 'Fastly', 'GZIP Module', 'GitHub Hosting', 'Google Maps', 'Google My Business', 'Gravity', 'Instagram Follow Button', 'Python', 'Tailwind CSS', 'UTF-8', 'University or College', 'WordPress', 'YouTube']"
bizushita.com,My Portfolio | Full Stack Developer,,PHL,75,124,2026-09-12T17:27:28.406082551Z,"['Bulma', 'CDN JS', 'Cloudflare', 'Cloudflare CDN', 'Express', 'Google Cloud DNS', 'Google Font API', 'LiteSpeed', 'Python', 'Tailwind CSS', 'Unsplash', 'jsDelivr']"
ephevreson.com,Ephevreson,,,50,3,2026-09-12T17:27:28.388441031Z,"['Alternate Protocol', 'EmbedPress', 'GZIP Module', 'Google Cloud DNS', 'Google Font API', 'Google My Business', 'Nginx', 'PHP', 'Pico CSS', 'Pleroma', 'Python', 'Theme In WP', 'UTF-8', 'Unyson', 'WordPress', 'WordPress Multisite', 'jQuery', 'reCAPTCHA']"
tinybrain.fans,Tiny Brain Fans - Home,,,67,9668,2026-09-12T17:14:13.490651469Z,"['Alpine.js', 'Apache', 'DAV', 'Express', 'GZIP Module', 'Interchange', 'Jekyll', 'Juicer DMP', 'NFOrce Internet', 'Oracle Cloud', 'PHP', 'Perl', 'Python', 'QUIC', 'Svelte', 'UTF-8', 'Unix', 'Vector Internet Services', 'Visual Studio']"
regiscamimura.com,Regis Camimura - Senior Engineer & Tech Lead,,BRA,82,2959,2026-09-12T17:14:13.473592106Z,"['CDN JS', 'Calendly', 'Cloudflare', 'Cloudflare CDN', 'Content Delivery Network', 'ElementUI', 'Express', 'Font Awesome', 'GitHub Hosting', 'Google', 'Google Cloud DNS', 'Google Font API', 'Microdata for Google Shopping', 'Netlify', 'PHP', 'Python', 'Schema Plugin', 'Tailwind CSS', 'UTF-8', 'YouTube', 'shadcn ui']"
georgeralls.com,George Ralls,,USA,65,2400,2026-09-12T17:14:13.458272683Z,"['Content Delivery Network', 'DAV', 'Fastly', 'GZIP Module', 'GitHub Hosting', 'Python', 'UTF-8', 'Unix', 'jsDelivr']"
bionteksolutions.com,Biontek,,,62,174939,2026-09-12T17:06:07.571703282Z,"['AWS WAF Challenge', 'Apache', 'Bulma', 'CDN JS', 'Cisco/Arrowpoint Content Service Switch', 'Cloudflare', 'Cloudflare CDN', 'DAV', 'Express', 'Font Awesome', 'GZIP Module', 'Google', 'Google Cloud DNS', 'Google Font API', 'Python', 'QUIC', 'Salesforce Hosted', 'StackPath', 'Tailwind CSS', 'jsDelivr']"
pseudocod.es,Personal Portfolio,,DEU,75,9068,2026-09-12T17:06:07.539795615Z,"['ArvanCloud', 'Content Delivery Network', 'Fastly', 'GZIP Module', 'GitHub Hosting', 'Google Analytics', 'Google Cloud DNS', 'Google Font API', 'Google My Business', 'Google Tag Manager', 'Heroku', 'IcoMoon', 'Python', 'UTF-8', 'University or College', 'Vector Internet Services', 'jQuery', 'jsDelivr']"
josefhartsough.dev,Josef Hartsough - Full Stack Software Engineer,,,62,240,2026-09-12T16:41:44.464215179Z,"['Content Delivery Network', 'GitHub Hosting', 'Next.js', 'PHP', 'Pleroma', 'Python', 'Tailwind CSS', 'UTF-8', 'University or College', 'Vercel']"
smartbodysmartmind.com,SmartBody SmartMind Home - SmartBody SmartMind,,,82,239179,2026-09-12T16:41:44.457398314Z,"['AJAX Libraries API', 'AWS WAF Challenge', 'Adobe Creative Cloud WebFonts', 'Alternate Protocol', 'Amazon WAF Blocked', 'Cloudflare', 'Cloudflare CDN', 'Compact WP Audio Player', 'Content Delivery Network', 'DAV', 'DuracellTomi Google Tag Manager for WordPress', 'EmbedPress', 'Event Tickets for Wordpress', 'Facebook Conversion Tracking', 'Facebook Login', 'Facebook Messenger Platform', 'Facebook Pixel', 'Facebook Reseller', 'Facebook Tag API', 'Font Awesome', 'FreeBSD', 'Google', 'Google Analytics', 'Google Cloud CDN', 'Google Cloud DNS', 'Google My Business', 'Google Tag Manager', 'Gravity', 'Gravity Forms', 'Hello Bar', 'Hotjar', 'IcoMoon', 'KeyCDN', 'Microdata for Google Shopping', 'PHP', 'PixelYourSite', 'Python', 'QUIC', 'SMC', 'Salesforce Hosted', 'SearchWP', 'Shopware', 'SiteW', 'The Events Calendar', 'ThemeFusion', 'UTF-8', 'University or College', 'Vector Internet Services', 'Woo Themes', 'WordPress', 'WordPress Multisite', 'WordPress Related Posts', 'Yandex Hosting', 'YouTube', 'jQuery', 'symfony PHP Framework', 'wpDiscuz']"
joskodeboer.nl,Josko de Boer | Freelance data and machine learning engineering,,NLD,55,313,2026-09-12T16:41:44.453843597Z,"['Alternate Protocol', 'ArvanCloud', 'Automattic', 'DAV', 'Divi', 'Elegant Themes', 'EmbedPress', 'GZIP Module', 'Google Cloud DNS', 'Google Code Prettify', 'Google Font API', 'Jetpack', 'Nginx', 'PHP', 'Python', 'QUIC', 'Theme In WP', 'UTF-8', 'Woo Themes', 'WordPress', 'WordPress Multisite', 'WordPress Stats', 'jQuery', 'jsDelivr']"
imsalvador.com,Salvador Martinez — DevOps / SRE Engineer,,BRA,82,14840,2026-09-12T16:41:44.422158952Z,"['Content Delivery Network', 'Fastly', 'GZIP Module', 'GitHub Hosting', 'Google', 'Google Cloud DNS', 'Google Font API', 'Nginx', 'Python', 'UTF-8', 'Vador', 'YouTube']"
jhonromero.dev,Jhon Romero - Odoo & Full Stack TypeScript Developer,,,77,240,2026-09-12T16:31:03.849234983Z,"['Alternate Protocol', 'Apture Linking Platform', 'Astro', 'Content Delivery Network', 'GitHub Hosting', 'Microdata for Google Shopping', 'Python', 'Tailwind CSS', 'UTF-8', 'University or College', 'Vercel', 'WebAssembly', 'shadcn ui']"
vsaravind.me,Sudharsan Aravind | Software Engineer & Data Scientist,,IND,82,13839,2026-09-12T16:31:03.837303788Z,"['CDN JS', 'Cloudflare', 'Cloudflare CDN', 'Content Delivery Network', 'Fastly', 'Font Awesome', 'GZIP Module', 'GitHub Hosting', 'Google', 'Google Cloud DNS', 'Google Font API', 'Google My Business', 'Microdata for Google Shopping', 'NFOrce Internet', 'Python', 'StackPath', 'Tailwind CSS', 'Twitter Ads', 'UTF-8', 'University or College', 'Vector Internet Services']"
0m1.io,0m1.io,,JPN,67,22739,2026-09-12T16:31:03.815474503Z,"['Alternate Protocol', 'Apyl', 'Cloudflare', 'Cloudflare CDN', 'Cloudflare Web Analytics', 'Content Delivery Network', 'Fastly', 'Font Awesome', 'GitHub Hosting', 'Google Analytics', 'Google Tag Manager', 'Instagram Follow Button', 'Microdata for Google Shopping', 'PWA', 'Python', 'Svelte', 'Tailwind CSS', 'UTF-8', 'Vercel', 'Waveform Technology']"
latentai.com,"Latent AI - Ultra-Fast, Secure Edge AI Platform",Latent AI,,72,22747,2026-09-12T16:17:13.120410433Z,"['AWS WAF Challenge', 'Alternate Protocol', 'Amazon WAF Blocked', 'Aruba', 'Cloudflare', 'Content Delivery Network', 'DAV', 'EmbedPress', 'Font Awesome', 'GitHub Hosting', 'Google', 'Google Analytics', 'Google Cloud DNS', 'Google Font API', 'Google My Business', 'Google Tag Manager', 'Gravity', 'Gravity Forms', 'LinkedIn Insights', 'LinkedIn Pixel', 'Microdata for Google Shopping', 'Oracle Cloud', 'PHP', 'Python', 'QUIC', 'Tailwind CSS', 'Theme In WP', 'Twitter Ads', 'UTF-8', 'University or College', 'WP Engine', 'WordPress', 'WordPress Multisite', 'YouTube', 'eLand', 'jQuery', 'reCAPTCHA']"
plop.email,plop.email - Email Testing API for E2E Tests & CI/CD,plop.email,,82,507,2026-09-12T16:17:13.11689699Z,"['Alternate Protocol', 'Coming Soon Page', 'Content Delivery Network', 'GitHub Hosting', 'Microdata for Google Shopping', 'Next.js', 'Plausible Analytics', 'Python', 'Radix UI', 'Tailwind CSS', 'UTF-8', 'Unix', 'Vercel', 'shadcn ui']"
aiagentschallenge.com,AI Agents global for Builders and Innovators,,GBR,87,47158,2026-09-12T16:17:13.116639263Z,"['AWS WAF Challenge', 'Alternate Protocol', 'Apture Linking Platform', 'Astra Theme', 'Better Lead Generation Services', 'Cisco/Arrowpoint Content Service Switch', 'Discord', 'Elementor', 'ElementsKit Elementor', 'EmbedPress', 'Fireblade', 'Google Cloud DNS', 'Google Font API', 'InitiativeS', 'Jeg Elementor Kit', 'LiteSpeed', 'Microdata for Google Shopping', 'NFOrce Internet', 'PHP', 'Python', 'RM Education', 'Sitelinks Search Box', 'Sticky Header Effects for Elementor', 'Submittable', 'Theme In WP', 'UTF-8', 'Underscores', 'University or College', 'Woo Themes', 'WordPress', 'WordPress Multisite', 'WordPress Related Posts', 'jQuery']"
mortgagematchmakers.co.uk,Award-Winning London Mortgage Broker | Mortgage Matchmakers,,GBR,77,212194,2026-09-12T16:17:13.098539752Z,"['AWS WAF Challenge', 'Alternate Protocol', 'Apture Linking Platform', 'Astra Theme', 'Cloudflare', 'Cloudflare CDN', 'Cloudflare Turnstile', 'DAV', 'Elegant Themes', 'Elementor', 'EmbedPress', 'Fireblade', 'Font Awesome', 'FreeBSD', 'GZIP Module', 'GitHub Hosting', 'Google', 'Google Analytics', 'Google Cloud CDN', 'Google Cloud DNS', 'Google Customer Reviews', 'Google Font API', 'Google My Business', 'Google Related Website Sites', 'Google Tag Manager', 'Instagram Follow Button', 'KeyCDN', 'Microdata for Google Shopping', 'Microsoft Clarity', 'Nginx', 'Ntent', 'Prospective', 'Python', 'QUIC', 'Salesforce Hosted', 'Shopware', 'Table Addons for Elementor', 'TrustIndex', 'UTF-8', 'University or College', 'Vector Internet Services', 'WPForms', 'Woo Themes', 'WordPress', 'WordPress Multisite', 'WordPress Related Posts', 'Yandex Hosting', 'hCaptcha', 'kk Star Ratings', 'reCAPTCHA', 'symfony PHP Framework']"
creativemindtech.com,CMT - Creative Mind Technology LLC | Software Development & IT Solutions,Creative Mind Technology LLC,USA,82,17868,2026-09-12T16:17:13.091498155Z,"['AWS WAF Challenge', 'Better Lead Generation Services', 'CDN JS', 'Cloudflare', 'Cloudflare CDN', 'Fastly', 'Google Analytics', 'Google Tag Manager', 'IcoMoon', 'InitiativeS', 'Microdata for Google Shopping', 'PHP', 'Perl', 'Python', 'QUIC', 'Tailwind CSS', 'Thank You', 'Twitter Ads', 'UTF-8', 'jQuery']"
jinamshah.com,Jinam Shah,,USA,65,2539,2026-09-12T16:17:13.072285676Z,"['CDN JS', 'Cloudflare', 'Cloudflare CDN', 'Content Delivery Network', 'ElementUI', 'Fastly', 'Font Awesome', 'GZIP Module', 'GitHub Hosting', 'Google Analytics', 'Google Cloud DNS', 'Google Font API', 'Google Tag Manager', 'Python', 'UTF-8']"
cheryllao.me,Cheryl Lao's Portfolio,,CAN,77,7908,2026-09-12T16:17:13.071436928Z,"['A-Frame', 'Autodesk', 'Content Delivery Network', 'DAV', 'Express', 'Facebook Embedded Posts', 'Fastly', 'GZIP Module', 'GitHub Hosting', 'Google Cloud DNS', 'Google Font API', 'Google My Business', 'IcoMoon', 'Medium', 'Python', 'QUIC', 'Tailwind CSS', 'UTF-8', 'University or College', 'YouTube']"
mavocats.ca,"Mergui Avocats – Family Law in Montreal – Empathy in every decision, expertise in every case.",,ARG,70,200545,2026-09-12T16:07:00.269753559Z,"['AWS WAF Challenge', 'Alternate Protocol', 'Cloudflare', 'DAV', 'Elementor', 'EmbedPress', 'Fireblade', 'Font Awesome', 'FreeBSD', 'GZIP Module', 'Google Analytics', 'Google Flights Conversion Tracking', 'Google My Business', 'Google Tag Manager', 'Hello Elementor', 'KeyCDN', 'Nginx', 'Ntent', 'Python', 'Salesforce Hosted', 'Shopware', 'Table Addons for Elementor', 'TranslatePress', 'TrustIndex', 'UTF-8', 'University or College', 'Vector Internet Services', 'W3 Total Cache', 'Woo Themes', 'WordPress', 'WordPress Multisite', 'Yandex Hosting', 'reCAPTCHA', 'symfony PHP Framework']"
edificisacri.it,Home - English - Edifici Sacri,,ITA,75,6540,2026-09-12T16:07:00.195733225Z,"['Adult Content', 'Alternate Protocol', 'Apache', 'Azion', 'Baidu Cloud', 'DAV', 'Debian', 'EmbedPress', 'GZIP Module', 'Google Cloud DNS', 'Google Font API', 'Instagram Follow Button', 'Line2', 'Nectar Slide Plugin', 'PHP', 'PWA', 'Parcel', 'Polylang', 'Python', 'Salient', 'Sitelinks Search Box', 'Theme In WP', 'Twitter Ads', 'UTF-8', 'WP Statistics', 'WPBakery', 'WordPress', 'WordPress Multisite', 'Yandex Hosting', 'YouTube', 'eLand', 'jQuery']"
akshaynayak.in,Akshay Nayak Portfolio,,GBR,67,2400,2026-09-12T15:53:52.795703809Z,"['Fastly', 'Gravity', 'LiteSpeed', 'Python']"
abhiyandhakal.com.np,Abhiyan Dhakal - Systems Researcher,,GBR,82,240,2026-09-12T15:53:52.778609036Z,"['Content Delivery Network', 'GitHub Hosting', 'Microdata for Google Shopping', 'Next.js', 'Pleroma', 'Python', 'Tailwind CSS', 'UTF-8', 'University or College', 'Vercel']"
vyhong.me,Vy's Portfolio,,CAN,65,1357,2026-09-12T15:53:52.75517295Z,"['AJAX Libraries API', 'Automattic', 'Content Delivery Network', 'Formspree', 'GitHub Hosting', 'Google Cloud DNS', 'Google Font API', 'Netlify', 'Python', 'QUIC', 'Twitter Ads', 'UTF-8', 'University or College', 'Visual Studio', 'jQuery']"
icpcargentina.ar,Asociación Argentina de Programación Competitiva – Programación Competitiva en Argentina,,,72,3047,2026-09-12T15:53:52.749137028Z,"['Alternate Protocol', 'Automattic', 'BatCache', 'EmbedPress', 'Fastly', 'GDPR Consent Management Platform', 'Instagram Follow Button', 'Jetpack', 'Jetpack Site Accelerator', 'Nginx', 'Perl', 'Python', 'Tailwind CSS', 'UTF-8', 'WordPress', 'WordPress Multisite', 'WordPress Related Posts', 'WordPress Stats', 'YouTube']"
adamesch.online,adamesch.online,,,62,15240,2026-09-12T15:53:52.742714593Z,"['Content Delivery Network', 'Fireblade', 'GitHub Hosting', 'Instagram Follow Button', 'Next.js', 'Python', 'Tailwind CSS', 'Twitter Ads', 'UTF-8', 'Vercel', 'YouTube', 'shadcn ui']"
markjmcallister.com,Mark McAllister - Home,,GBR,70,2999,2026-09-12T15:53:52.740639371Z,"['BootstrapMade', 'Content Delivery Network', 'Fastly', 'GZIP Module', 'GitHub Hosting', 'Google Cloud DNS', 'Google Font API', 'PHP', 'Python', 'QUIC', 'Tailwind CSS', 'UTF-8', 'University or College', 'Visual Studio']"
austinwhisman.com,Austin Whisman • Software Developer,,,72,5586,2026-09-12T15:53:52.732858873Z,"['Amazon', 'Amazon CloudFront', 'Amazon Route 53', 'Amazon S3 CDN', 'CloudFront', 'Content Delivery Network', 'GitHub Hosting', 'Google', 'Google Cloud DNS', 'Google Font API', 'IcoMoon', 'Microdata for Google Shopping', 'Netlify', 'Pico CSS', 'Python', 'Tailwind CSS', 'University or College', 'shadcn ui']"
accordphysio.co.uk,Accord Physiotherapy & Sports Injury Clinic | Trusted Care in Thanet,,,62,2596,2026-09-12T15:44:50.309734178Z,"['CDN JS', 'Cloudflare', 'Cloudflare CDN', 'ElementUI', 'GZIP Module', 'Google', 'Google Cloud DNS', 'Google Font API', 'Google My Business', 'Icons8', 'Instagram Follow Button', 'Nginx', 'Python', 'Tailwind CSS', 'UTF-8']"
havi.sh,Havish,,USA,57,,2026-09-12T15:30:26.313982123Z,"['Content Delivery Network', 'Discord', 'GitHub Hosting', 'Google My Business', 'Next.js', 'Pleroma', 'Python', 'Twitter Ads', 'UTF-8', 'University or College', 'Vercel', 'shadcn ui']"
codesent.io,CodeSent for Apigee™ - Advanced Static Analysis for API Gateway,,GBR,72,17628,2026-09-12T15:20:56.448059058Z,"['Fireblade', 'GZIP Module', 'Google', 'Google Analytics', 'Google Cloud CDN', 'Google Tag Manager', 'Nginx', 'Perl', 'Plausible Analytics', 'Python', 'Tailwind CSS', 'UTF-8', 'Ubuntu']"
trineo.pl,Trineo – Your reliable engineering services partner,,POL,77,2440,2026-09-12T15:20:56.439345988Z,"['Apache', 'GZIP Module', 'Google', 'Google Cloud DNS', 'Google Font API', 'Google My Business', 'Python']"
ryan-amsellem-bousignac.com,Portfolio Ryan,,FRA,55,203,2026-09-12T15:11:08.468059435Z,"['AWS WAF Challenge', 'Gambling Content', 'GitHub Hosting', 'Google Cloud DNS', 'Google Font API', 'Material Design Icons', 'Python']"
teamtrackerhq.com,Team Tracker :: track your devs activity,,,55,156,2026-09-12T15:11:08.46157737Z,"['GZIP Module', 'IcoMoon', 'Nginx', 'PHP', 'Python', 'UTF-8', 'Visual Studio']"
juanm04.com,Juan Martín Seery,,ARG,77,240,2026-09-12T15:11:08.460905557Z,"['Astro', 'Content Delivery Network', 'GitHub Hosting', 'Google My Business', 'Google Play', 'Python', 'Svelte', 'Tailwind CSS', 'UTF-8', 'Vercel']"
liamcarlin.me,Liam Carlin — Mechanical Engineer,,USA,87,9840,2026-09-12T15:11:08.452824382Z,"['Content Delivery Network', 'Fastly', 'GZIP Module', 'GitHub Hosting', 'Google', 'Google Cloud DNS', 'Google Font API', 'Python', 'UTF-8', 'University or College', 'Vector Internet Services']"
arkasoftware.in,"Arka Software | Cloud, Data & AI, Software Development",Arka Infotech Software Solutions LLP,IND,77,183160,2026-09-12T15:11:08.432852123Z,"['AWS WAF Challenge', 'Cloudflare', 'Cloudflare CDN', 'Cloudflare Web Analytics', 'Content Delivery Network', 'Fireblade', 'Google', 'Google Cloud DNS', 'Google Font API', 'Google Related Website Sites', 'Instagram Follow Button', 'Microdata for Google Shopping', 'Next.js', 'Pleroma', 'Python', 'Salesforce Hosted', 'Sitelinks Search Box', 'Tailwind CSS', 'Twitter Ads', 'UTF-8', 'shadcn ui']"
hammerbyte.co.in,"Software Development Company in Nadiad, Gujarat | HammerByte",,IND,82,4800,2026-09-12T14:58:48.687497323Z,"['Fastly', 'GZIP Module', 'GitHub Hosting', 'Google My Business', 'Google Play', 'InitiativeS', 'Microdata for Google Shopping', 'OpenResty', 'Oracle Cloud', 'PHP', 'Python', 'QUIC', 'University or College', 'Vine Embed', 'YouTube']"
marcusdouglas.co.uk,Marcus Douglas | Portfolio,,IMN,80,20479,2026-09-12T14:58:48.680552231Z,"['AWS WAF Challenge', 'CDN JS', 'Cloudflare', 'Cloudflare CDN', 'Content Delivery Network', 'Fastly', 'Font Awesome', 'GZIP Module', 'GitHub Hosting', 'Google', 'Google Cloud DNS', 'Google Font API', 'Python', 'QUIC', 'Tailwind CSS', 'UTF-8', 'University or College', 'Visual Studio']"
anaschwendler.com,Ana Schwendler - Ana Schwendler,,GBR,70,18007,2026-09-12T14:58:48.675373851Z,"['AWS WAF Challenge', 'Adult Content', 'Alternate Protocol', 'Bulma', 'CDN JS', 'Cloudflare', 'Cloudflare CDN', 'Content Delivery Network', 'Fastly', 'Font Awesome', 'GZIP Module', 'GitHub Hosting', 'Google Analytics', 'Google Cloud DNS', 'Google Font API', 'Hugo', 'IcoMoon', 'Jekyll', 'KaTeX', 'Microdata for Google Shopping', 'Python', 'Schema Plugin', 'Twitter Ads', 'UTF-8']"
genialis.io,"Genialis | Know your patient, know your drug",Genialis,USA,82,1070,2026-09-12T14:50:21.888947613Z,"['Alternate Protocol', 'Calendly', 'Cloudflare', 'Cloudflare CDN', 'Content Delivery Network', 'EmbedPress', 'Express', 'Font Awesome', 'Google Analytics', 'Google Tag Manager', 'IcoMoon', 'MailChimp', 'Microdata for Google Shopping', 'PHP', 'Python', 'ThemeFusion', 'UTF-8', 'University or College', 'WordPress', 'WordPress Multisite', 'jQuery']"
leoauyeung.com,Leo Au-Yeung,,USA,82,201129,2026-09-12T14:50:21.886393277Z,"['AWS WAF Challenge', 'Amazon CloudFront', 'Bulma', 'Content Delivery Network', 'DAV', 'Fastly', 'Font Awesome', 'FreeBSD', 'GZIP Module', 'Gatsby JS', 'GitHub Hosting', 'Google Cloud DNS', 'Google Font API', 'Google My Business', 'Instagram Follow Button', 'KeyCDN', 'Medium', 'Python', 'QUIC', 'Qualtrics Site Intercept', 'Salesforce Hosted', 'Shopware', 'Tailwind CSS', 'UTF-8', 'University or College', 'Vector Internet Services', 'Visual Studio', 'Yandex Hosting', 'symfony PHP Framework']"
astroml-hackdays.org,Machine Learning & Astrophysics Hack Days,,CHE,70,75973,2026-09-12T14:50:21.881838028Z,"['Aruba', 'Express', 'GZIP Module', 'GitHub Hosting', 'Line2', 'Magento Enterprise', 'Microdata for Google Shopping', 'Python', 'QUIC', 'SiteW', 'Squarespace', 'UTF-8', 'WordPress SEO Structured Data Schema Plugin', 'eLand']"
weeshengchu.com,Get to know Alan!,,,57,603,2026-09-12T14:50:21.876042131Z,"['Amazon CloudFront', 'Content Delivery Network', 'Fastly', 'GZIP Module', 'GitHub Hosting', 'Google Cloud DNS', 'Google Maps', 'Google My Business', 'Nginx', 'Python', 'Tailwind CSS', 'UTF-8', 'University or College', 'reCAPTCHA']"
adrianbavister.com,Adrian Bavister - Lead Web Developer | Full Stack Developer | British Accent,,,67,20607,2026-09-12T14:50:21.820068783Z,"['AJAX Libraries API', 'AWS WAF Challenge', 'Bulma', 'Cisco/Arrowpoint Content Service Switch', 'CodeIgniter', 'DAV', 'Easy Pie Chart', 'Font Awesome', 'GZIP Module', 'GitHub Hosting', 'Google Cloud DNS', 'IcoMoon', 'Nginx', 'PHP', 'Python', 'QUIC', 'Tailwind CSS', 'UTF-8', 'Ubuntu', 'University or College', 'eLand', 'jQuery']"
coreybass.com,Corey's Data Analyst Portfolio | Corey's work portfolio,,UGA,92,18094,2026-09-12T14:35:28.592422067Z,"['AWS WAF Challenge', 'Alternate Protocol', 'Apache', 'Apture Linking Platform', 'Google', 'Google Cloud DNS', 'Google Font API', 'InitiativeS', 'Microdata for Google Shopping', 'Python', 'QUIC', 'University or College', 'Unsplash', 'Visual Studio', 'Zyro']"
markua.org,Markua Spec,,GBR,75,19241,2026-09-12T14:35:28.585087684Z,"['Alternate Protocol', 'Amazon', 'Amazon CloudFront', 'Amazon Route 53', 'Amazon S3 CDN', 'Apture Linking Platform', 'CloudFront', 'Content Delivery Network', 'DAV', 'Endis', 'Express', 'Font Awesome', 'GitHub Hosting', 'Instagram Follow Button', 'License Buttons', 'Line2', 'NFOrce Internet', 'PHP', 'Perl', 'Python', 'QUIC', 'Twitter Ads', 'Underscores', 'YouTube']"
lucaslacy.org,Lucas Lacy,,,52,1320,2026-09-12T14:35:28.570221871Z,"['Adobe Creative Cloud WebFonts', 'Content Delivery Network', 'Fastly', 'Fastly CDN', 'GZIP Module', 'Instagram Follow Button', 'Python', 'UTF-8']"
humantoolholder.com,Evolvent Design | Gear Design Manufacturing Inspection,Evolvent Design,,67,17784,2026-09-12T14:25:22.560207468Z,"['Apache', 'Apture Linking Platform', 'Baidu Cloud', 'Cloudflare', 'Cloudflare CDN', 'Fastly CDN', 'Google Analytics', 'Google Cloud DNS', 'Google Font API', 'Google My Business', 'Google Related Website Sites', 'Google Tag Manager', 'GraphQL', 'Instagram Follow Button', 'Microdata for Google Shopping', 'PageFly', 'Perl', 'Python', 'Shopify', 'Shopify Collabs', 'Shopify Payments', 'Subversion', 'Thumbor', 'TrackingMore', 'UTF-8', 'University or College', 'Yandex Hosting', 'YouTube', 'hCaptcha', 'reCAPTCHA']"
knhs.org,Welcome to KNHS | KNHS | Making Homeownership a Reality.,Kalamazoo Neighborhood Housing Resources,IMN,75,190861,2026-09-12T14:14:42.150407276Z,"['Alternate Protocol', 'Amazon WAF Blocked', 'Cloudflare', 'Contact Form Plugin', 'Content Delivery Network', 'Custom Facebook Feed', 'DAV', 'EmbedPress', 'Event Tickets for Wordpress', 'Fireblade', 'Font Awesome', 'FreeBSD', 'GitHub Hosting', 'GoDaddy', 'Google', 'Google Analytics', 'Google Cloud CDN', 'Google My Business', 'Google Related Website Sites', 'Google Tag Manager', 'Gravity', 'Gravity Forms', 'IcoMoon', 'Instagram Follow Button', 'KeyCDN', 'Microdata for Google Shopping', 'Neighborhoods', 'PHP', 'Perl', 'Python', 'QUIC', 'Salesforce Hosted', 'Shopware', 'SiteW', 'Smart Slider 3', 'The Events Calendar', 'Theme In WP', 'ThemeFusion', 'Twitter Ads', 'UTF-8', 'University or College', 'Vector Internet Services', 'WP Job Manager', 'WP jQuery Lightbox', 'Woo Themes', 'WordPress', 'WordPress Multisite', 'WordPress Related Posts', 'Yandex Hosting', 'YouTube', 'accessiBe', 'jQuery', 'reCAPTCHA', 'symfony PHP Framework']"
cca-edu.com,Creators Coaching Academy,,SGP,77,2788,2026-09-12T14:14:42.136968739Z,"['Content Delivery Network', 'Fastly', 'Font Awesome', 'Formspree', 'GZIP Module', 'GitHub Hosting', 'Google Analytics', 'Google Cloud DNS', 'Google Font API', 'Google Tag Manager', 'Instagram Follow Button', 'Python', 'QUIC', 'Tailwind CSS', 'UTF-8', 'University or College', 'jQuery']"
filotiroles.com,Filo Tiroles,,,62,171836,2026-09-12T14:14:42.122142279Z,"['Alternate Protocol', 'Amazon WAF Blocked', 'Cloudflare', 'Content Delivery Network', 'DAV', 'EmbedPress', 'Event Tickets for Wordpress', 'FreeBSD', 'GoDaddy', 'Google', 'Google Cloud CDN', 'Google Cloud DNS', 'Google Font API', 'Google My Business', 'Gravity', 'Gravity Forms', 'KeyCDN', 'PHP', 'Python', 'QUIC', 'Salesforce Hosted', 'Shopware', 'SiteW', 'Slider Revolution', 'The Events Calendar', 'Theme In WP', 'ThemeFusion', 'UTF-8', 'University or College', 'Vector Internet Services', 'WP jQuery Lightbox', 'Website Tonight', 'Woo Themes', 'WordPress', 'WordPress Multisite', 'WordPress Related Posts', 'Yandex Hosting', 'jQuery', 'symfony PHP Framework']"
standardwings.com,Software Solutions Company | StandardWings Technologies,StandardWings Technologies,IND,82,2539,2026-09-12T14:14:42.117665468Z,"['Apache', 'CodeIgniter', 'Express', 'Font Awesome', 'GZIP Module', 'Google', 'Google Analytics', 'Google Cloud DNS', 'Google Font API', 'Google Tag Manager', 'Instagram Follow Button', 'Microdata for Google Shopping', 'Python', 'Tailwind CSS', 'UTF-8', 'jQuery']"
koyodev.com,Kōyō Dev,,,57,3,2026-09-12T14:14:42.115173249Z,"['Content Delivery Network', 'GitHub Hosting', 'Google Cloud DNS', 'Google Font API', 'Netlify', 'Nuxt.js', 'Python', 'Tailwind CSS', 'UTF-8', 'shadcn ui']"
brainpodium.com,Home - Brain Podium,Brain Podium,IND,72,4136,2026-09-12T14:14:42.092798507Z,"['Alternate Protocol', 'Better Lead Generation Services', 'CDN JS', 'Cloudflare', 'Cloudflare CDN', 'Contact Form Plugin', 'Content Delivery Network', 'Elementor', 'EmbedPress', 'Google Analytics', 'Google My Business', 'Google Related Website Sites', 'Google Tag Manager', 'Header, Footer and Blocks for Elementor', 'Hello Elementor', 'IcoMoon', 'Instagram Follow Button', 'LiteSpeed', 'Microdata for Google Shopping', 'NFOrce Internet', 'PHP', 'Python', 'QUIC', 'Table Addons for Elementor', 'Tailwind CSS', 'Theme In WP', 'UTF-8', 'WhatsApp Sharing', 'WordPress', 'WordPress Multisite', 'jQuery', 'reCAPTCHA']"
70plus.it,MyHome - 70plus - and still a lot to do,,,77,3749,2026-09-12T14:02:59.773360536Z,"['Alternate Protocol', 'Azion', 'Content Delivery Network', 'Fastly', 'GZIP Module', 'GitHub Hosting', 'Microdata for Google Shopping', 'Pixabay', 'Publii', 'Python', 'UTF-8', 'WordPress SEO Structured Data Schema Plugin']"
binarybridgetechnologies.com,Binary Bridge Technologies – Infusing creativity in your online space,,AUS,80,39361,2026-09-12T14:02:59.767989844Z,"['AWS WAF Challenge', 'Alternate Protocol', 'Apture Linking Platform', 'Astra Theme', 'Cloudflare', 'Cloudflare CDN', 'Content Delivery Network', 'Elementor', 'EmbedPress', 'Google', 'Google Cloud DNS', 'Google Font API', 'Google Maps', 'Google My Business', 'LiteSpeed', 'M247', 'NFOrce Internet', 'PHP', 'Python', 'QUIC', 'Theme In WP', 'UTF-8', 'Woo Themes', 'WordPress', 'WordPress Multisite', 'WordPress Related Posts', 'jQuery']"
elvisamaya.com,Elvis Amaya | Portfolio,,,67,4939,2026-09-12T14:02:59.757918682Z,"['Apture Linking Platform', 'CDN JS', 'Cloudflare', 'Cloudflare CDN', 'Content Delivery Network', 'Fastly', 'Font Awesome', 'GZIP Module', 'GitHub Hosting', 'Google', 'Google Cloud DNS', 'Google Font API', 'Google My Business', 'Python', 'UTF-8']"
zygouris.com,Giorgos Zygouris — Product Manager,,USA,82,17440,2026-09-12T13:53:25.703363083Z,"['AWS WAF Challenge', 'Google', 'Google Cloud DNS', 'Google Font API', 'LiteSpeed', 'Microdata for Google Shopping', 'Python', 'QUIC']"
plakatedrucken.de,"plakatedrucken.de - Werbung, Drucken, Zielgruppe, Gestaltung, Format, Papier, Plakatedrucken",,,45,199,2026-09-12T13:39:42.402153143Z,"['3 Products', 'Font Awesome', 'OpenResty', 'Python', 'Taboola Direct', 'Taboola Reseller', 'Tailwind CSS', 'UTF-8', 'shadcn ui']"
noahrodnunsky.com,Noah Rodnunsky,,,52,763,2026-09-12T13:39:42.392364805Z,"['AWS WAF Challenge', 'Alternate Protocol', 'Cloudflare', 'Cloudflare CDN', 'Content Delivery Network', 'Elementor', 'EmbedPress', 'GitHub Hosting', 'Google', 'Google Cloud DNS', 'Google Font API', 'Google My Business', 'LiteSpeed', 'NFOrce Internet', 'PHP', 'Python', 'Theme In WP', 'UTF-8', 'WordPress', 'WordPress Multisite', 'jQuery']"
hanspeterndeffoportfolio.com,Hans Ndeffo Portfolio Website,,,35,63,2026-09-12T13:30:47.191302713Z,"['CDN JS', 'Cloudflare', 'Cloudflare CDN', 'Content Delivery Network', 'GitHub Hosting', 'Google Cloud DNS', 'Google Font API', 'Netlify', 'Oracle Cloud', 'Python', 'UTF-8']"
technostacks.com,"Technology Consulting Company for AI, ERP & Digital Transformation",Technostacks,IND,82,29720,2026-09-12T13:30:47.148585198Z,"['AWS WAF Challenge', 'Alternate Protocol', 'Appium', 'Apture Linking Platform', 'Authorize.net', 'CakePHP', 'Cloudflare', 'Clutch', 'CodeIgniter', 'Contact Form Plugin', 'Content Delivery Network', 'Drag and Drop Multiple File Upload', 'EmbedPress', 'Enlighter', 'Facebook Conversion Tracking', 'Facebook Login', 'Facebook Messenger Platform', 'Facebook Pixel', 'Facebook Reseller', 'Facebook Tag API', 'Google Analytics', 'Google My Business', 'Google Tag Manager', 'InitiativeS', 'Instagram Follow Button', 'LinkedIn Insights', 'LinkedIn Pixel', 'Microdata for Google Shopping', 'Microsoft Clarity', 'PHP', 'Parcel', 'Python', 'QUIC', 'Subversion', 'Theme In WP', 'UTF-8', 'UberMenu', 'WP Engine', 'WordPress', 'WordPress Multisite', 'YouTube', 'eLand', 'jQuery', 'reCAPTCHA', 'symfony PHP Framework']"
akhiltomson.com,AKHIL TOMSON,,IND,70,7780,2026-09-12T13:30:47.139035793Z,"['Better Lead Generation Services', 'CDN JS', 'Cloudflare', 'Cloudflare CDN', 'Google', 'Google Cloud DNS', 'Google Font API', 'Oracle Cloud', 'Python', 'StackPath', 'Tailwind CSS', 'University or College', 'Visual Studio', 'jsDelivr']"
hrconsul.be,HR Consul – | Hr ondersteuning in de logistieke sector,,BEL,65,60055,2026-09-12T13:18:01.512413495Z,"['Alternate Protocol', 'Astra Theme', 'Azure Edge', 'CDN JS', 'Cloudflare', 'Cloudflare CDN', 'DAV', 'Elementor', 'EmbedPress', 'Essential Addons for Elementor', 'Financial Services Guide', 'Fonts Plugin', 'Google', 'Google Cloud CDN', 'Google Cloud DNS', 'Google Font API', 'Google Maps', 'Google My Business', 'Gravity', 'Gravity Forms', 'HappyAddons', 'Instagram Follow Button', 'KVH', 'Koko Analytics', 'NFOrce Internet', 'Nginx', 'No-Q', 'Onyx Internet', 'Python', 'SiteGround Optimizer', 'Subversion', 'Table Addons for Elementor', 'To Top', 'UTF-8', 'Unix', 'Woo Themes', 'WordPress', 'WordPress Multisite', 'WordPress Related Posts', 'acens Technologies', 'jQuery']"
petrocontracts.com,Petrocontracts International – Solution Beyond The Obvious,,GBR,75,219805,2026-09-12T13:18:01.507574106Z,"['AI Log', 'AWS WAF Challenge', 'Alternate Protocol', 'Amazon WAF Blocked', 'Autoptimize', 'Cloudflare', 'Content Delivery Network', 'DAV', 'Elementor', 'Elementor Custom Skin', 'EmbedPress', 'Font Awesome', 'FreeBSD', 'GoDaddy', 'Google Maps', 'Google My Business', 'Gravity', 'Gravity Forms', 'Hello Elementor', 'Instagram Follow Button', 'KVH', 'KeyCDN', 'MapPress', 'Python', 'QUIC', 'Salesforce Hosted', 'Shopware', 'Table Addons for Elementor', 'Twitter Ads', 'UTF-8', 'University or College', 'Vector Internet Services', 'WP Rocket', 'WPForms', 'Wangsu', 'Woo Themes', 'WooCommerce Checkout', 'WordPress', 'WordPress Multisite', 'Yandex Hosting', 'YouTube', 'jQuery', 'symfony PHP Framework']"
visuelle.co.uk,Graphic Design and everything in between,visuelle,DEU,92,6789,2026-09-12T13:18:01.5034153Z,"['Alternate Protocol', 'BunnyCDN', 'BunnyCDN General', 'Content Delivery Network', 'DAV', 'EmbedPress', 'GZIP Module', 'GitHub Hosting', 'Google Analytics', 'Google Related Website Sites', 'Google Tag Manager', 'Instagram Follow Button', 'Koko Analytics', 'Lazy Load for WordPress', 'LiteSpeed', 'Microdata for Google Shopping', 'PHP', 'Python', 'Search and Filter Pro', 'Theme In WP', 'UTF-8', 'WordPress', 'WordPress Multisite', 'Yandex Hosting', 'YouTube', 'jQuery']"
judithliem.com,Judith Liem,,USA,60,603,2026-09-12T13:18:01.502790428Z,"['BootstrapMade', 'Calendly', 'Content Delivery Network', 'Fastly', 'GZIP Module', 'GitHub Hosting', 'Google Cloud DNS', 'Google Font API', 'Google My Business', 'PHP', 'Python', 'Tailwind CSS', 'UTF-8', 'University or College']"
shulruffdental.com,Shulruff Family Dental Center - Shulruff Dental,,USA,82,237297,2026-09-12T13:18:01.501807468Z,"['Alternate Protocol', 'Amazon WAF Blocked', 'Cloudflare', 'Content Delivery Network', 'Cookie Accept', 'Cookie Notice', 'DAV', 'EmbedPress', 'Event Tickets for Wordpress', 'Fireblade', 'FreeBSD', 'GoDaddy', 'Google', 'Google Analytics', 'Google Cloud CDN', 'Google Related Website Sites', 'Gravity', 'Gravity Forms', 'KeyCDN', 'Microdata for Google Shopping', 'PHP', 'Python', 'QUIC', 'SMC', 'Salesforce Hosted', 'Shopware', 'SiteW', 'The Events Calendar', 'ThemeFusion', 'UTF-8', 'University or College', 'Vector Internet Services', 'Woo Themes', 'WordPress', 'WordPress Multisite', 'WordPress Related Posts', 'Yandex Hosting', 'jQuery', 'symfony PHP Framework']"
jointhebyggrswaitlist.com,Rosetic | Hybrid AI for Production-Ready Software,,VEN,72,29644,2026-09-12T13:18:01.497103151Z,"['AWS WAF Challenge', 'Amazon', 'Amazon CloudFront', 'Amazon WAF Blocked', 'Apture Linking Platform', 'Cisco/Arrowpoint Content Service Switch', 'CloudFront', 'Cloudflare', 'Content Delivery Network', 'ElementUI', 'GZIP Module', 'Google Analytics', 'Google Tag Manager', 'IcoMoon', 'Instagram Follow Button', 'Medium', 'NFOrce Internet', 'Python', 'Thank You', 'UTF-8', 'University or College', 'Vector Internet Services', 'WF Cookie Consent', 'Webflow', 'YouTube', 'jsDelivr']"
pacificdigital.tech,Pacific Digital,,AUS,67,20249,2026-09-12T13:18:01.487502419Z,"['Amazon', 'Amazon CloudFront', 'Amazon Route 53', 'Amazon S3 CDN', 'Apache', 'CDN JS', 'CloudFront', 'Cloudflare', 'Cloudflare CDN', 'Content Delivery Network', 'Font Awesome', 'Iubenda', 'Nginx', 'Oracle Cloud', 'Python', 'Rackspace Cloud Servers']"
thepalverse.com,İsmail Kaymaz | Web & Mobile Developer,,,65,3158,2026-09-12T13:05:09.323265401Z,"['Cloudflare', 'Express', 'FormSubmit', 'GitHub Hosting', 'Google', 'Google Cloud DNS', 'Google Font API', 'Jetpack', 'Netlify', 'Nginx', 'Python', 'QUIC', 'Svelte', 'Tailwind CSS', 'Twitter Ads', 'University or College', 'Vercel']"
willwalling.com,Hi I'm Will,,,62,36668,2026-09-12T12:55:58.364817805Z,"['AWS WAF Challenge', 'Astro', 'Cisco/Arrowpoint Content Service Switch', 'Cloudflare', 'Cloudflare CDN', 'Figma', 'Fireblade', 'GitHub Hosting', 'IcoMoon', 'Python', 'QUIC', 'UTF-8', 'University or College']"
madridsoftwaretrainings.com,"Madrid Software : Job-Ready Tech Courses in AI, Data Science & More",,ESP,77,20946,2026-09-12T12:55:58.355256741Z,"['AWS WAF Challenge', 'ElementUI', 'Express', 'Facebook Conversion Tracking', 'Facebook Login', 'Facebook Messenger Platform', 'Facebook Pixel', 'Facebook Reseller', 'Facebook Tag API', 'Flat Icon', 'FormSubmit', 'GZIP Module', 'Google Analytics', 'Google Cloud DNS', 'Google Font API', 'Google Related Website Sites', 'Google Tag Manager', 'Instagram Follow Button', 'Microdata for Google Shopping', 'Nginx', 'Python', 'QUIC', 'Tailwind CSS', 'Vector Internet Services', 'YouTube', 'shadcn ui']"
majidbabaei.com,R3iSE,,ARG,65,133260,2026-09-12T12:55:58.346649843Z,"['AJAX Libraries API', 'AWS WAF Challenge', 'Content Delivery Network', 'Endis', 'Express', 'Fastly', 'GZIP Module', 'GitHub Hosting', 'Google Analytics', 'Google Cloud DNS', 'Google Font API', 'Google My Business', 'Google Tag Manager', 'Microsoft 365', 'ON24', 'Perl', 'Placehold IT', 'Prospective', 'Python', 'SMC', 'Tailwind CSS', 'Twitter Ads', 'UTF-8', 'University or College', 'YouTube', 'Zoom Video Conferencing', 'jQuery']"
erick.sg,Erick Tan,,SGP,45,,2026-09-12T12:55:58.340313667Z,"['Alternate Protocol', 'Python', 'QUIC', 'Twenty Twenty-Four', 'UTF-8', 'University or College']"
manool.org,The Programming Language MANOOL — MANOOL (manool.org),,,67,2440,2026-09-12T12:42:23.390068242Z,"['Alternate Protocol', 'Content Delivery Network', 'Express', 'Fastly', 'GZIP Module', 'GitHub Hosting', 'Google Analytics', 'Google Cloud DNS', 'Google Font API', 'Google Tag Manager', 'Jekyll', 'License Buttons', 'Python', 'Tailwind CSS', 'UTF-8']"
opticcreative.co.uk,Studio Optic,Mosaic Digital Hub,USA,87,101485,2026-09-12T12:42:23.349686544Z,"['AJAX Libraries API', 'Accordion Blocks', 'Accordion FAQ', 'Adobe Creative Cloud WebFonts', 'Aruba', 'Contento', 'Express', 'GZIP Module', 'Google Analytics', 'Google Cloud DNS', 'Google Tag Manager', 'Instagram Follow Button', 'Line2', 'Magento Enterprise', 'Microdata for Google Shopping', 'Python', 'QUIC', 'SiteW', 'Squarespace', 'UTF-8', 'WordPress SEO Structured Data Schema Plugin', 'eLand', 'jQuery']"
buechler-long.org,The Buechler-Long Family Web Site,,,40,,2026-09-12T12:42:23.343696931Z,"['Apache', 'DAV', 'Python', 'UTF-8']"
analyticaldatasolution.com,Analytical Data Solutions | Empowering the Leaders of Tomorrow,,USA,72,155240,2026-09-12T12:29:43.917938855Z,"['Content Delivery Network', 'Gambling Content', 'Next.js', 'Pleroma', 'Python', 'Salesforce Hosted', 'UTF-8', 'Vector Internet Services', 'Vercel']"
exautomata.ai,Peter Pollak e.U. – AI Automation & Consulting,,AUT,80,2439,2026-09-12T12:19:47.789394314Z,"['Apture Linking Platform', 'Coming Soon Page', 'Content Delivery Network', 'Fastly', 'GZIP Module', 'GitHub Hosting', 'ID Services', 'Python', 'QUIC', 'Tailwind CSS', 'UTF-8']"
phdsynergy.com,Home | myPHDsynergy,,USA,57,1260,2026-09-12T12:19:47.749416561Z,"['Calendly', 'GZIP Module', 'Google', 'Google Cloud CDN', 'Python', 'Tailwind CSS', 'UTF-8', 'Vector Internet Services']"
iqfcheese.com,IQF Cheese & IQF Fish - IQF-website,IQF Cheese - Devision of Ets. Freddy Baines nv-sa,BEL,77,2869,2026-09-12T12:19:47.733973264Z,"['Alternate Protocol', 'EmbedPress', 'GZIP Module', 'Google', 'Google Analytics', 'Google Maps', 'Google My Business', 'Google Tag Manager', 'Microdata for Google Shopping', 'Nginx', 'PHP', 'Perl', 'Python', 'QUIC', 'Theme In WP', 'UTF-8', 'WP Fastest Cache', 'WPBakery', 'WPForms', 'WordPress', 'WordPress Multisite']"
itsnotwaste.com.au,it'snotwaste.com.au,,,47,90,2026-09-12T12:19:47.727358989Z,"['Alternate Protocol', 'GZIP Module', 'Nginx', 'Plausible Analytics', 'Python', 'Thank You', 'UTF-8', 'Webador']"
etchedimages.com,Etched Images – Napa Valley Bottle Etching and Waxing,,,67,232816,2026-09-12T12:19:47.705429778Z,"['Alternate Protocol', 'Amazon WAF Blocked', 'BLR', 'Cloudflare', 'Contact Form Plugin', 'DAV', 'EmbedPress', 'Event Tickets for Wordpress', 'FreeBSD', 'Google', 'Google Analytics', 'Google Analytics Dashboard for WordPress', 'Google Cloud CDN', 'Google My Business', 'Google Tag Manager', 'Gravity', 'Gravity Forms', 'Instagram Follow Button', 'KeyCDN', 'MailChimp', 'Nginx', 'PHP', 'Pico CSS', 'Python', 'QUIC', 'SMC', 'Salesforce Hosted', 'Shopware', 'SiteW', 'The Events Calendar', 'Theme In WP', 'ThemeFusion', 'Tumblr', 'UTF-8', 'University or College', 'Vector Internet Services', 'W3 Total Cache', 'WP jQuery Lightbox', 'Woo Themes', 'WooCommerce', 'WooCommerce Checkout', 'WordPress', 'WordPress Multisite', 'WordPress Related Posts', 'Yandex Hosting', 'YouTube', 'jQuery', 'reCAPTCHA', 'symfony PHP Framework']"
artintser.com,ARTINTSER | Architecting the Future,,,55,302,2026-09-12T12:19:47.704833349Z,"['AWS WAF Challenge', 'CDN JS', 'Cloudflare', 'Cloudflare CDN', 'Font Awesome', 'Google Cloud DNS', 'Google Font API', 'Investor Relations', 'LiteSpeed', 'Placehold IT', 'Python', 'Tailwind CSS', 'shadcn ui']"
scoreshq.com,DONAK - Index,,NGA,60,419,2026-09-12T12:10:26.150503652Z,"['AWS WAF Challenge', 'BootstrapMade', 'Google Adsense', 'Google Cloud DNS', 'Google Font API', 'Google Funding Choices', 'Google Matched Content', 'Google Reseller', 'IcoMoon', 'Oracle Cloud', 'PHP', 'Python', 'Tailwind CSS', 'Unix']"
groundmasterscorp.com,GroundMasters Corporation – Complete Landcare Services,,,50,22476,2026-09-12T11:55:56.865103104Z,"['AWS WAF Challenge', 'Alternate Protocol', 'Amazon WAF Blocked', 'Apture Linking Platform', 'Better Lead Generation Services', 'Cloudflare', 'Cloudflare CDN', 'Cloudflare Turnstile', 'Contact Form Plugin', 'Content Delivery Network', 'DAV', 'EmbedPress', 'Event Tickets for Wordpress', 'FreeBSD', 'GoDaddy', 'Google', 'Google Cloud CDN', 'Gravity', 'Gravity Forms', 'IcoMoon', 'Instagram Feed for WordPress', 'Instagram Follow Button', 'KeyCDN', 'LayerSlider Responsive', 'PHP', 'Pagekit', 'Python', 'QUIC', 'SMC', 'Salesforce Hosted', 'Shopware', 'SiteW', 'Slider Revolution', 'Smush Image Optimization', 'The Events Calendar', 'Theme In WP', 'ThemeFusion', 'Twitter Ads', 'UTF-8', 'University or College', 'Vector Internet Services', 'WP jQuery Lightbox', 'Woo Themes', 'WordPress', 'WordPress Multisite', 'WordPress Related Posts', 'Yandex Hosting', 'jQuery', 'symfony PHP Framework']"
josephjones.one,Joseph Jones - Software Engineer,,USA,77,19840,2026-09-12T11:55:56.865187261Z,"['AWS WAF Challenge', 'Content Delivery Network', 'Fastly', 'GZIP Module', 'GitHub Hosting', 'Google', 'Google Cloud DNS', 'Google Font API', 'Python', 'Tailwind CSS', 'UTF-8']"
adiyogtechnologies.in,Adiyog Technologies — Innovate. Integrate. Elevate.,,IND,62,2440,2026-09-12T11:55:26.163967984Z,"['Better Lead Generation Services', 'CDN JS', 'Cloudflare', 'Cloudflare CDN', 'Express', 'GZIP Module', 'Google', 'Google Cloud DNS', 'Google Font API', 'Nginx', 'Python', 'Tailwind CSS', 'UTF-8', 'Ubuntu']"
shadab.dev,Shadab Ansari — Principal Engineer,,IND,80,5469,2026-09-12T11:47:59.318575918Z,"['Apache', 'CDN JS', 'Cloudflare', 'Cloudflare CDN', 'Content Delivery Network', 'DAV', 'Fastly', 'Font Awesome', 'GZIP Module', 'GitHub Hosting', 'Google Cloud DNS', 'Google Font API', 'InitiativeS', 'Nginx', 'Python', 'Tailwind CSS', 'Twitter Ads', 'UTF-8', 'University or College', 'XenForo', 'jQuery', 'jsDelivr', 'symfony PHP Framework']"
beginagainranch.com,Homepage - Begin Again Ranch,Begin Again Ranch,USA,75,85095,2026-09-12T11:47:59.316903829Z,"['34SP.com', 'AWS WAF Challenge', 'Alternate Protocol', 'Apache', 'DAV', 'EmbedPress', 'Express', 'Financial Services Guide', 'FreeBSD', 'GZIP Module', 'GenerateBlocks', 'Genesis Blocks', 'Google', 'Google Cloud CDN', 'Google Cloud DNS', 'Google Font API', 'Google My Business', 'Jetpack', 'Lazy Load for WordPress', 'Microdata for Google Shopping', 'No-Q', 'PHP', 'Python', 'SMC', 'StudioPress', 'Subversion', 'UTF-8', 'WP Accessibility', 'WPForms', 'Wangsu', 'WordPress', 'WordPress Multisite']"
davidbreton.com,David Breton,,ARG,72,20240,2026-09-12T11:47:59.295981136Z,"['AWS WAF Challenge', 'Autodesk', 'Content Delivery Network', 'DAV', 'GitHub Hosting', 'Instagram Follow Button', 'Next.js', 'Python', 'QUIC', 'UTF-8', 'University or College', 'Vercel']"
drbonaros.com,Hair Transplant Glasgow - Award Winning Clinic | Dr Bonaros,Dr Epameinondas Bonaros,GBR,92,194863,2026-09-12T11:47:59.294243358Z,"['Adult Content', 'Alternate Protocol', 'CDN JS', 'Cliniko', 'Cloudflare', 'Cloudflare CDN', 'Content Delivery Network', 'DAV', 'Elementor', 'EmbedPress', 'Express', 'Fancybox for WordPress', 'Font Awesome', 'FreeBSD', 'Google', 'Google Analytics', 'Google Cloud CDN', 'Google Cloud DNS', 'Google Customer Reviews', 'Google Font API', 'Google My Business', 'Google Related Website Sites', 'Google Tag Manager', 'Gravity Forms', 'Instagram Follow Button', 'KeyCDN', 'Microdata for Google Shopping', 'NFOrce Internet', 'Ntent', 'PHP', 'Perl', 'Python', 'QUIC', 'Salesforce Hosted', 'Schema Plugin', 'Shopware', 'Table Addons for Elementor', 'Twitter Ads', 'UTF-8', 'University or College', 'Unlimited Elements For Elementor', 'Vector Internet Services', 'WPFront Scroll Top', 'Waveform Technology', 'WordPress', 'WordPress Multisite', 'WordPress Related Posts', 'Yandex Hosting', 'YouTube', 'symfony PHP Framework']"
codopia.io,Codopia.io OÜ,,EST,55,258,2026-09-12T11:47:59.286377556Z,"['Formspree', 'Google Cloud DNS', 'Google Font API', 'Google My Business', 'IcoMoon', 'LiteSpeed', 'Python', 'QUIC', 'Tailwind CSS']"
johanbroddfelt.se,Learn how to code,,USA,67,100200,2026-09-12T11:47:59.281609502Z,"['AI Log', 'Apache', 'EAB', 'GZIP Module', 'Google Analytics', 'Nginx', 'PHP', 'Python', 'UTF-8', 'Umbler', 'YouTube']"
jakubiak.fr,A. Jakubiak,,,57,,2026-09-12T11:47:59.280189503Z,"['Alternate Protocol', 'Content Delivery Network', 'Discord', 'GitHub Hosting', 'Next.js', 'Perl', 'Python', 'UTF-8', 'Vercel']"
raghib.co.uk,Raghib Mirza,,GBR,65,17748,2026-09-12T11:34:16.654093377Z,"['AWS WAF Challenge', 'Apache', 'Content Delivery Network', 'Fastly', 'Font Awesome', 'Formspree', 'GZIP Module', 'GitHub Hosting', 'Google Analytics', 'Google Tag Manager', 'Instagram Follow Button', 'PHP', 'Python', 'Tailwind CSS', 'Twitter Ads', 'UTF-8', 'University or College', 'YouTube']"
rohitdhand.com,"Rohit Dhand - Vancouver, British Columbia, Canada, Monks Technology Services, Master of Computer Science | about.me",,CAN,77,35744,2026-09-12T11:34:16.654799762Z,"['AWS WAF Challenge', 'Adobe Creative Cloud WebFonts', 'BunnyCDN', 'BunnyCDN General', 'Cloudflare', 'Cloudflare Web Analytics', 'Fireblade', 'Google My Business', 'Heroku', 'InitiativeS', 'Instagram Follow Button', 'Microdata for Google Shopping', 'Ntent', 'Python', 'Telegram', 'UTF-8', 'University or College', 'YouTube', 'about.me', 'reCAPTCHA']"
unix4lyfe.org,unix4lyfe.org,,,40,8700,2026-09-12T11:34:16.642290341Z,"['Fireblade', 'GZIP Module', 'GitHub Hosting', 'Microdata for Google Shopping', 'Nginx', 'Python', 'Schema Plugin', 'Unix', 'Vector Internet Services']"
holtcon.com.au,Holt Construction Group – construction company based in Leongatha,,AUS,50,263,2026-09-12T11:23:21.378902666Z,"['AWS WAF Challenge', 'Cloudflare', 'Cloudflare CDN', 'Cloudflare Web Analytics', 'EmbedPress', 'Google', 'Google Analytics', 'Google Cloud DNS', 'Google Maps', 'Google My Business', 'Google Tag Manager', 'Instagram Follow Button', 'Koko Analytics', 'Microdata for Google Shopping', 'PHP', 'Python', 'Theme In WP', 'UTF-8', 'WordPress', 'WordPress Multisite', 'YouTube']"
ghassanjabbour.com,Ghassan Jabbour Portfolio,,FRA,70,3717,2026-09-12T11:23:21.374374888Z,"['Amazon', 'Amazon CloudFront', 'Amazon Route 53', 'Amazon S3 CDN', 'ArvanCloud', 'CloudFront', 'Content Delivery Network', 'Font Awesome', 'GZIP Module', 'GitHub Hosting', 'Google Cloud DNS', 'Google Font API', 'IcoMoon', 'Python', 'Tailwind CSS', 'jsDelivr']"
vastites.com,VAST ITES - Custom Software Development,,CAN,77,157440,2026-09-12T11:23:21.372838743Z,"['Apache', 'CDN JS', 'Cloudflare', 'Cloudflare CDN', 'Corporate Governance and Regulatory Compliance', 'Express', 'GZIP Module', 'Google', 'Google Cloud DNS', 'Google Font API', 'Google My Business', 'PHP', 'Python', 'QUIC', 'Salesforce Hosted', 'Tailwind CSS', 'Ubuntu', 'Vector Internet Services', 'jsDelivr']"
terrencegatsby.com,Terrence Gatsby | Web3 Innovator & Blockchain Expert | Crypto & DeFi Insights,,BRA,72,64269,2026-09-12T11:23:21.362494575Z,"['AWS WAF Challenge', 'Alternate Protocol', 'Amazon API Gateway', 'Amazon CloudFront', 'Amazon Route 53', 'Apache', 'Cloudflare', 'Content Delivery Network', 'EmbedPress', 'Express', 'Fastly', 'Federal Deposit Insurance Corporation', 'Financial Industry Regulatory Authority', 'Fireblade', 'Full Media', 'Google', 'Google Cloud CDN', 'Google Cloud DNS', 'Google Font API', 'Google My Business', 'IPFS', 'InitiativeS', 'Line2', 'LiteSpeed', 'Nginx', 'PHP', 'Perl', 'Python', 'QUIC', 'QUIC.cloud', 'Slider Revolution', 'Telegram', 'The7', 'UTF-8', 'University or College', 'WPBakery', 'Woo Themes', 'WordPress', 'WordPress Multisite', 'Zoom Video Conferencing', 'reCAPTCHA']"
christophernewton.com,Chris Newton | Demand Generation & Growth Marketing Leader,,,77,155088,2026-09-12T11:23:21.326994587Z,"['Adobe Creative Cloud WebFonts', 'Content Delivery Network', 'Dealer.com', 'Fastly', 'GZIP Module', 'GitHub Hosting', 'Google Analytics', 'Google Tag Manager', 'Heroku', 'Next.js', 'Python', 'Salesforce Hosted', 'Skedda', 'Tailwind CSS', 'Twitter Ads', 'UTF-8', 'University or College', 'shadcn ui']"
palmerworksdesign.com,Palmerworks – Affordable Web Design for Small Business – Personalized service. Professional design.,,USA,72,221610,2026-09-12T11:13:09.153281723Z,"['Alternate Protocol', 'Amazon WAF Blocked', 'Apache', 'Cloudflare', 'DAV', 'EmbedPress', 'Event Tickets for Wordpress', 'FreeBSD', 'GZIP Module', 'Google', 'Google Cloud CDN', 'Google Cloud DNS', 'Google Font API', 'Gravity', 'Gravity Forms', 'IcoMoon', 'KeyCDN', 'LayerSlider Responsive', 'PHP', 'Python', 'QUIC', 'SMC', 'Salesforce Hosted', 'Shopware', 'SiteW', 'The Events Calendar', 'ThemeFusion', 'Twitter Ads', 'UTF-8', 'University or College', 'Vector Internet Services', 'Woo Themes', 'WordPress', 'WordPress Multisite', 'WordPress Related Posts', 'Yandex Hosting', 'jQuery', 'symfony PHP Framework']"
e-networksystems.org,"e-networksystems – Website Creation, Network Information Systems and Custom Legacy Coding",,IDN,70,4188,2026-09-12T11:13:09.137431648Z,"['Alternate Protocol', 'Contact Form Plugin', 'Content Delivery Network', 'Elementor', 'EmbedPress', 'Google', 'Google Cloud DNS', 'Google Font API', 'LiteSpeed', 'NFOrce Internet', 'PHP', 'Python', 'QUIC', 'Theme In WP', 'UTF-8', 'WordPress', 'WordPress Multisite', 'jQuery']"
influrion.com,Custom Software Development Company | Influrion Solutions,,IND,82,5479,2026-09-12T11:13:09.134509706Z,"['Alternate Protocol', 'Coming Soon Page', 'GoodFirms', 'Google', 'Google Analytics', 'Google Cloud DNS', 'Google Font API', 'Google Tag Manager', 'Instagram Follow Button', 'Microdata for Google Shopping', 'Pico CSS', 'Python', 'Tailwind CSS', 'YouTube']"
nickshowalter.com,Nick Showalter - Data & Full-Stack Wizard,,,72,240,2026-09-12T11:13:09.110411067Z,"['Apache', 'Content Delivery Network', 'GitHub Hosting', 'Next.js', 'Pleroma', 'Python', 'Tailwind CSS', 'UTF-8', 'University or College', 'Vercel']"
ravimule.co.in,Ravi Mule - Magento Certified Lead Engineer,,IND,82,4948,2026-09-12T11:02:06.09033625Z,"['Content Delivery Network', 'Fastly', 'GZIP Module', 'GitHub Hosting', 'Google Adsense', 'Google Cloud DNS', 'Google Font API', 'Google Funding Choices', 'Google Matched Content', 'Google Related Website Sites', 'Google Reseller', 'Instagram Follow Button', 'Microdata for Google Shopping', 'OneSignal', 'PHP', 'Python', 'QUIC', 'Subversion', 'Tailwind CSS', 'Twitter Ads', 'UTF-8', 'jQuery', 'jsDelivr']"
be3.dev,Home,,,40,200,2026-09-12T11:02:06.084853873Z,"['AWS WAF Challenge', 'LiteSpeed', 'PHP', 'Python', 'UTF-8']"
artefact2.com,Artefact2,,GBR,55,,2026-09-12T11:02:06.073112918Z,"['GitHub Hosting', 'License Buttons', 'PHP', 'Python', 'UTF-8']"
hamer.cloud,"Thomas Hamer | Staff Engineer | Cloud Consulting Sydney, Australia",,AUS,82,49477,2026-09-12T11:02:06.068197275Z,"['Amazon', 'Amazon CloudFront', 'Amazon Route 53', 'Amazon S3 CDN', 'Automattic', 'Bing Cashback', 'CDN JS', 'Cisco/Arrowpoint Content Service Switch', 'CloudFront', 'Cloudflare', 'Cloudflare CDN', 'Content Delivery Network', 'DAV', 'DoubleClick Bid Manager', 'ElementUI', 'Fireblade', 'Font Awesome', 'GitHub Hosting', 'Google', 'Google Analytics', 'Google Cloud DNS', 'Google Font API', 'Google Maps', 'Google My Business', 'Google Play', 'Google Related Website Sites', 'Google Tag Manager', 'IcoMoon', 'Interchange', 'Kitco', 'Microdata for Google Shopping', 'Microsoft Authentication Library for JavaScript', 'Ntent', 'On The Map', 'Pico CSS', 'Python', 'QUIC', 'RawGit', 'University or College', 'YouTube', 'eLand', 'jQuery', 'jsDelivr']"
highsky.io,We are building decentralized AI,,GBR,77,26308,2026-09-12T10:43:09.533775634Z,"['AJAX Libraries API', 'AWS WAF Challenge', 'Amazon', 'Amazon CloudFront', 'BunnyCDN', 'BunnyCDN General', 'CloudFront', 'Content Delivery Network', 'GZIP Module', 'Google', 'Google Cloud DNS', 'Google Font API', 'IcoMoon', 'InitiativeS', 'Python', 'QUIC', 'Tailwind CSS', 'Telegram', 'UTF-8', 'University or College', 'WF Cookie Consent', 'Yandex Hosting', 'jsDelivr']"
aayushkt.com,Aayush Singh,,GBR,72,2400,2026-09-12T10:18:06.45455176Z,"['Content Delivery Network', 'ElementUI', 'Fastly', 'GZIP Module', 'GitHub Hosting', 'Python', 'UTF-8', 'University or College', 'jsDelivr']"
kavitadigital.com,"SEO, AEO & AI Search Optimization Freelancer | Bangalore",Kavita Digital,IND,82,69936,2026-09-12T10:18:06.432036124Z,"['AWS WAF Challenge', 'Adobe GoLive', 'Alternate Protocol', 'Apture Linking Platform', 'Better Lead Generation Services', 'CDN JS', 'Cloudflare', 'Cloudflare CDN', 'Firebase', 'Google', 'Google Analytics', 'Google Cloud CDN', 'Google Cloud DNS', 'Google Customer Reviews', 'Google Font API', 'Google Maps', 'Google My Business', 'Google No Translate', 'Google Tag Manager', 'Instagram Follow Button', 'Microdata for Google Shopping', 'Netlify', 'Python', 'QUIC', 'SMC', 'Tailwind CSS', 'University or College', 'VisitorTracking', 'YouTube']"
teliytechinitiative.org,TeliyTech Initiative - Digital Literacy for All,,NGA,60,1260,2026-09-12T10:09:32.934630432Z,"['Instagram Follow Button', 'LiteSpeed', 'Microsoft 365', 'Python', 'QUIC', 'Vector Internet Services']"
samy.xyz,Samy Zarour — Fractional CTO,,CAN,77,6390,2026-09-12T09:46:55.229360858Z,"['Amazon', 'Amazon CloudFront', 'Amazon Route 53', 'Amazon S3 CDN', 'Apache', 'Astro', 'CloudFront', 'Content Delivery Network', 'GZIP Module', 'Gambling Content', 'Google', 'Google Analytics', 'Google Cloud DNS', 'Google Font API', 'Google Tag Manager', 'NFOrce Internet', 'Pico CSS', 'Python', 'QUIC', 'Tailwind CSS', 'shadcn ui']"
s-i-a.ch,Home - SIA | Devoted to helping investors,SIA | Devoted to helping investors,GBR,77,274706,2026-09-12T09:38:28.124061329Z,"['Alternate Protocol', 'Amazon WAF Blocked', 'Apache', 'Autoptimize', 'CCSI', 'Cloudflare', 'DAV', 'EmbedPress', 'Event Tickets for Wordpress', 'Fireblade', 'Font Awesome', 'FreeBSD', 'GZIP Module', 'Google Analytics', 'Google Related Website Sites', 'Google Tag Manager', 'Gravity', 'Gravity Forms', 'KVH', 'KeyCDN', 'Microdata for Google Shopping', 'No-Q', 'PHP', 'Python', 'QUIC', 'SMC', 'Salesforce Hosted', 'Shopware', 'Sitelinks Search Box', 'The Events Calendar', 'ThemeFusion', 'UTF-8', 'University or College', 'Vector Internet Services', 'Woo Themes', 'WordPress', 'WordPress Multisite', 'WordPress Related Posts', 'Yandex Hosting', 'YouTube', 'jQuery', 'jsDelivr', 'symfony PHP Framework']"
vipconstruction.net,VIP Construction Top-Rated Home Remodeling Carpentry Services,VIP Construction Inc.,USA,77,19888,2026-09-12T09:38:28.098971431Z,"['AWS WAF Challenge', 'Alternate Protocol', 'Apture Linking Platform', 'Astra Theme', 'Better Lead Generation Services', 'Cloudflare', 'Cloudflare CDN', 'Cloudflare Turnstile', 'Contact Form Plugin', 'Easy Fancybox', 'EmbedPress', 'Facebook Conversion Tracking', 'Facebook Login', 'Facebook Messenger Platform', 'Facebook Pixel', 'Facebook Reseller', 'Facebook Tag API', 'Fancybox for WordPress', 'FormSubmit', 'GZIP Module', 'Google', 'Google Analytics', 'Google Cloud DNS', 'Google Font API', 'Google My Business', 'Google Related Website Sites', 'Google Tag Manager', 'Instagram Follow Button', 'Jetpack', 'Koko Analytics', 'Lazy Load for WordPress', 'Microdata for Google Shopping', 'Nginx', 'PHP', 'Python', 'SiteOrigin', 'SiteOrigin Panels', 'Theme In WP', 'Twitter Ads', 'UTF-8', 'WordPress', 'WordPress Multisite', 'WordPress Related Posts', 'jQuery', 'jQuery Pin It Button for Images', 'reCAPTCHA']"
scantank.org,ScanTank | Enhanced Quality Assurance,ScanTank BV,NLD,77,2440,2026-09-12T09:38:28.07145484Z,"['Alternate Protocol', 'Google', 'Google Analytics', 'Google Cloud DNS', 'Google Font API', 'Google Tag Manager', 'Microdata for Google Shopping', 'Pleroma', 'Python', 'QUIC', 'Tailwind CSS', 'UTF-8', 'YouTube', 'shadcn ui']"
agentixworks.com,AgentixWorks | AI Agent Development Company,,GBR,67,155432,2026-09-12T09:26:18.514435472Z,"['Alternate Protocol', 'Calendly', 'Content Delivery Network', 'Free Call', 'Help.com', 'Microdata for Google Shopping', 'Next.js', 'Python', 'QUIC', 'Salesforce Hosted', 'Tailwind CSS', 'Twitter Ads', 'UTF-8', 'Vector Internet Services', 'Vercel', 'YouTube']"
mackcooper.com,Mack Cooper - Software Engineer,,USA,65,5439,2026-09-12T09:26:18.514297815Z,"['Bulma', 'Content Delivery Network', 'Express', 'Fastly', 'Font Awesome', 'GZIP Module', 'GitHub Hosting', 'Google Cloud DNS', 'Google Font API', 'Google My Business', 'Heroku', 'Python', 'StackPath', 'Tailwind CSS', 'UTF-8', 'University or College', 'jsDelivr']"
joestechland.com,Joes Techland,,VEN,60,1723,2026-09-12T09:26:18.498566037Z,"['Alternate Protocol', 'Apache', 'Cisco/Arrowpoint Content Service Switch', 'Express', 'Fastly CDN', 'Google', 'Google Cloud DNS', 'Google Font API', 'Java EE', 'Oracle Cloud', 'PHP', 'Python', 'Theme In WP', 'Twenty Sixteen', 'UTF-8', 'University or College', 'WordPress', 'WordPress Multisite', 'YouTube', 'jQuery']"
quirix.io,Home - Quirix,,,40,260,2026-09-12T09:26:18.486030503Z,"['AWS WAF Challenge', 'GZIP Module', 'Microsoft Azure', 'Microsoft IIS', 'Python', 'QUIC', 'Tailwind CSS', 'UTF-8', 'Visual Studio']"
riser.chat,Riser - Instant access to different AIs in one chat,Riser,,77,47379,2026-09-12T09:26:18.484875262Z,"['ADFOX', 'AI Log', 'AWS WAF Challenge', 'Alibaba Cloud Object Storage Service', 'Alternate Protocol', 'Amazon WAF Blocked', 'Cloudflare', 'Coming Soon Page', 'Content Delivery Network', 'Express', 'Fireblade', 'GZIP Module', 'Google Analytics', 'Google Cloud DNS', 'Google Tag Manager', 'Microdata for Google Shopping', 'NFOrce Internet', 'Next.js', 'Nginx', 'OpenAI', 'Python', 'QUIC', 'Share Link', 'Tailwind CSS', 'Telegram', 'UTF-8', 'Ubuntu', 'University or College', 'Vector Internet Services', 'Yandex Hosting', 'Yandex Metrika', 'YouTube', 'shadcn ui']"
joshuachang.me,Joshua Chang,,CAN,75,10500,2026-09-12T09:13:17.721791923Z,"['ArvanCloud', 'Cisco/Arrowpoint Content Service Switch', 'Content Delivery Network', 'Express', 'Fastly', 'GZIP Module', 'GitHub Hosting', 'Google', 'Google Cloud DNS', 'Google Font API', 'Placehold IT', 'Python', 'UTF-8', 'University or College', 'YouTube', 'jsDelivr']"
lagazelle-apartments.com,Home | Lagazelle Apartments,,RWA,62,2400,2026-09-12T09:13:17.711025634Z,"['Google', 'Google Cloud CDN', 'Google Maps', 'Google My Business', 'Python', 'Tailwind CSS', 'UTF-8']"
hagemov.cc,Hager watching movies - Full Movie Source Site _Hager watching movies,,CHN,77,29900,2026-09-12T09:04:46.512913904Z,"['AWS WAF Challenge', 'Adult Content', 'Amazon WAF Blocked', 'Apture Linking Platform', 'Fastly', 'Phew', 'Pleroma', 'Python', 'Tailwind CSS', 'UTF-8', 'University or College', 'shadcn ui']"
jk-design.be,Joey Kissen | Motion Designer & Videographer Belgium,,FRA,92,472,2026-09-12T09:04:46.504564334Z,"['1Password', 'Adobe Creative Cloud WebFonts', 'Alternate Protocol', 'Apture Linking Platform', 'Content Delivery Network', 'Google Analytics', 'Google My Business', 'Google Tag Manager', 'Instagram Follow Button', 'Microdata for Google Shopping', 'Nginx', 'Nuxt.js', 'Python', 'QUIC', 'UTF-8', 'YouTube']"
avijeets.com,avi sachdev,,USA,82,2940,2026-09-12T09:04:46.479744527Z,"['Alternate Protocol', 'Content Delivery Network', 'Fastly', 'GZIP Module', 'GitHub Hosting', 'IcoMoon', 'Linktree', 'Medium', 'Microdata for Google Shopping', 'Python', 'Tailwind CSS', 'Twitter Ads', 'UTF-8', 'University or College', 'Way']"
panutana.dev,Portfolio,,,45,759,2026-09-12T08:51:38.901493291Z,"['Content Delivery Network', 'Fastly', 'Font Awesome', 'FormSubmit', 'GZIP Module', 'GitHub Hosting', 'Python', 'UTF-8', 'University or College']"
ccsecuritytraining.com,Center for Cyber Security Training -,,,77,17568,2026-09-12T08:51:38.884109659Z,"['Add to Any', 'Alternate Protocol', 'Autoptimize', 'Cloudflare', 'Cloudflare CDN', 'Content Delivery Network', 'EmbedPress', 'Fireblade', 'Google', 'Google Analytics', 'Google Cloud DNS', 'Google Font API', 'Google Tag Manager', 'LiteSpeed', 'Microdata for Google Shopping', 'Python', 'QUIC', 'Share Link', 'Twitter Ads', 'UTF-8', 'Unix', 'Woo Themes', 'WooCommerce Checkout', 'WordPress', 'WordPress Multisite', 'jQuery']"
hikeethiopia.com,Hike Ethiopia | Hiking Tours & Trekking Holidays in Ethiopia,Hike Ethiopia,NOR,87,221832,2026-09-12T08:51:38.853908269Z,"['Alternate Protocol', 'DAV', 'Divi', 'Elegant Themes', 'EmbedPress', 'Font Awesome', 'FreeBSD', 'GZIP Module', 'Google', 'Google Cloud CDN', 'Google Cloud DNS', 'Google Font API', 'Gravity', 'Gtranslate for Wordpress', 'KeyCDN', 'Microdata for Google Shopping', 'Nginx', 'Python', 'QUIC', 'SMC', 'Salesforce Hosted', 'Shopware', 'Smart Slider 3', 'Telegram', 'TrustIndex', 'UTF-8', 'University or College', 'Vector Internet Services', 'WhatsApp Sharing', 'Woo Themes', 'WordPress', 'WordPress Multisite', 'Yandex Hosting', 'eLand', 'symfony PHP Framework']"
notrasmus.com,Work in progress !Rasmus,,GBR,65,2400,2026-09-12T08:40:06.839159196Z,"['Content Delivery Network', 'Express', 'Fastly', 'GZIP Module', 'GitHub Hosting', 'Instagram Follow Button', 'Python', 'Twitter Ads', 'UTF-8', 'University or College', 'YouTube', 'itch.io']"
abhaygupta6187.me,Abhay Gupta - Fresh CS Graduate & Full Stack AI Developer,,IND,77,9672,2026-09-12T08:40:06.836736898Z,"['Alternate Protocol', 'Cisco/Arrowpoint Content Service Switch', 'Content Delivery Network', 'GitHub Hosting', 'Google', 'Google Analytics', 'Google Cloud DNS', 'Google Font API', 'Google Related Website Sites', 'Google Tag Manager', 'Hugging Face Space', 'Instagram Follow Button', 'Linktree', 'Microdata for Google Shopping', 'PWA', 'Python', 'Tailwind CSS', 'UTF-8', 'University or College', 'Vercel', 'YouTube', 'shadcn ui']"
tcpowell.com,Taylor Powell - About,,,60,203,2026-09-12T08:40:06.826701398Z,"['AWS WAF Challenge', 'GZIP Module', 'Google Cloud DNS', 'Google Font API', 'OpenResty', 'PHP', 'Python', 'Tailwind CSS', 'UTF-8', 'University or College', 'Unix', 'jsDelivr']"
devinline.com,DevInline - Tech Blog,,,77,17549,2026-09-12T08:31:52.917165193Z,"['Alternate Protocol', 'Apache', 'Blogger', 'CDN JS', 'Cloudflare', 'Cloudflare CDN', 'GZIP Module', 'GitHub Hosting', 'Google', 'Google Adsense', 'Google Analytics', 'Google Cloud CDN', 'Google Funding Choices', 'Google Matched Content', 'Google My Business', 'Google Recommendations AI', 'Google Reseller', 'Instagram Follow Button', 'Ntent', 'Python', 'QUIC', 'Sitelinks Search Box', 'Twitter Ads', 'UTF-8', 'WordPress Related Posts', 'WordPress SEO Structured Data Schema Plugin', 'YouTube', 'jQuery']"
kevincao.xyz,Homepage,,,47,200,2026-09-12T08:20:49.657835566Z,"['AWS WAF Challenge', 'Content Delivery Network', 'GitHub Hosting', 'Python', 'UTF-8', 'Vercel', 'jsDelivr']"
zaneschwartz.co,Zane Schwartz,,JPN,62,24960,2026-09-12T08:20:49.639480572Z,"['AWS WAF Challenge', 'Adobe Creative Cloud WebFonts', 'Content Delivery Network', 'Fastly', 'Fastly CDN', 'GZIP Module', 'Python', 'UTF-8']"
antti.codes,antti.codes,,,57,90,2026-09-12T08:20:49.633451128Z,"['Bitwarden Passwordless', 'Cloudflare', 'Express', 'GZIP Module', 'GitHub Hosting', 'Nginx', 'Onion Location', 'Plausible Analytics', 'Python', 'Telegram', 'Twitter Ads', 'University or College', 'Visual Studio']"
hirecode.agency,HireCode — We recruit top engineering talent for your business,,,67,5040,2026-09-12T08:09:30.435518714Z,"['Appium', 'Baidu Cloud', 'CDN JS', 'Cloudflare', 'Cloudflare CDN', 'Express', 'GZIP Module', 'PHP', 'Python', 'QUIC', 'Tilda', 'UTF-8', 'Yandex Hosting']"
gorgoneion.press,GORGONEION Press - EPIC SHIT FOR EPIC PEOPLE!,,,50,,2026-09-12T08:09:30.385716198Z,"['Apache', 'DAV', 'Google My Business', 'Google Play', 'Perl', 'Python', 'UTF-8']"
helpincode.com,"Help in Programming Code-HTML, C, C++, SQL, Java, PHP, .NET, C#, MVC, Angular JS, Android, Python",,IND,60,396,2026-09-12T07:48:55.054258036Z,"['Bulma', 'HostGator', 'IcoMoon', 'Microsoft Azure', 'Microsoft IIS', 'PHP', 'Parallels Plesk Panel', 'Python', 'Tailwind CSS', 'Visual Studio']"
ninthcommerce.com,Enterprise Hosting - Professional Programming | a Ninth Commerce Group,,VEN,70,22488,2026-09-12T07:48:55.043676361Z,"['Apache', 'Cisco/Arrowpoint Content Service Switch', 'Fireblade', 'GZIP Module', 'Google Cloud DNS', 'Google Font API', 'Google My Business', 'IcoMoon', 'Microdata for Google Shopping', 'PHP', 'Perl', 'Python', 'QUIC', 'Replyco', 'Schema Plugin', 'Subversion', 'Tailwind CSS', 'Twitter Ads', 'UTF-8', 'ePly']"
janbask.com,Your Trusted Technology & AI Solutions Partner | JanBask,,USA,82,183667,2026-09-12T07:48:55.022054741Z,"['AWS WAF Challenge', 'Alternate Protocol', 'Amazon', 'Amazon CloudFront', 'Amazon Route 53', 'Apache', 'Better Lead Generation Services', 'CloudFront', 'Clutch', 'Content Delivery Network', 'Corporate Governance and Regulatory Compliance', 'Flat Icon', 'Font Awesome', 'Google', 'Google Analytics', 'Google Cloud DNS', 'Google Font API', 'Google My Business', 'Google Related Website Sites', 'Google Tag Manager', 'IcoMoon', 'Microdata for Google Shopping', 'Microsoft Clarity', 'PHP', 'Python', 'QUIC', 'Rush', 'Salesforce Hosted', 'Tailwind CSS', 'UTF-8', 'Ubuntu', 'WordPress', 'jsDelivr', 'reCAPTCHA']"
alexconstructionllc.com,Alex Construction,,,35,7707,2026-09-12T07:48:55.013146077Z,"['Alternate Protocol', 'DAV', 'EmbedPress', 'FreeBSD', 'Google Cloud DNS', 'Google Font API', 'Gravity', 'IcoMoon', 'KeyCDN', 'PHP', 'Python', 'Salesforce Hosted', 'Shopware', 'Slider Revolution', 'Theme In WP', 'UTF-8', 'University or College', 'Vector Internet Services', 'Vimeo', 'WPBakery', 'WordPress', 'WordPress Multisite', 'WordPress Related Posts', 'Yandex Hosting', 'YouTube', 'jQuery', 'symfony PHP Framework', 'uPress', 'vzaar']"
valfx.nl,ValFX - Developer & Seller,,,60,600,2026-09-12T07:32:27.749131319Z,"['CDN JS', 'Cloudflare', 'Cloudflare CDN', 'Content Delivery Network', 'Fastly', 'GZIP Module', 'GitHub Hosting', 'Ntent', 'Python', 'QUIC', 'RawGit', 'Twitter Ads', 'UTF-8']"
500strong.com,500 Strong - 500 Strong Men's Fraternity,,,62,186190,2026-09-12T07:32:27.748341128Z,"['AWS WAF Challenge', 'Alternate Protocol', 'Amazon WAF Blocked', 'Apache', 'Apture Linking Platform', 'Cloudflare', 'DAV', 'EmbedPress', 'Event Tickets for Wordpress', 'Eventbrite', 'Formidable Pro Form', 'FreeBSD', 'GZIP Module', 'Google Analytics', 'Google Cloud DNS', 'Google Font API', 'Google Related Website Sites', 'Gravity', 'Gravity Forms', 'IcoMoon', 'KeyCDN', 'Lazy Load for WordPress', 'Microdata for Google Shopping', 'PHP', 'Popup Maker for Wordpress', 'Python', 'QUIC', 'Salesforce Hosted', 'Shopware', 'The Events Calendar', 'ThemeFusion', 'UTF-8', 'University or College', 'Vector Internet Services', 'WP Rocket', 'WP jQuery Lightbox', 'Woo Themes', 'WooCommerce', 'WooCommerce Checkout', 'WordPress', 'WordPress Multisite', 'WordPress Related Posts', 'Yandex Hosting', 'YouTube', 'symfony PHP Framework']"
reign-infotech.com,Reign InfoTech - Your trusted IT partner,,IND,65,38127,2026-09-12T07:32:27.747973585Z,"['Aruba', 'BootstrapMade', 'Cisco/Arrowpoint Content Service Switch', 'Endis', 'Express', 'Fireblade', 'Google Cloud DNS', 'Google Font API', 'IcoMoon', 'Oracle Cloud', 'PHP', 'Python', 'Tailwind CSS', 'YouTube']"
adrian-gao.com,Mingze Gao,,VEN,60,1600,2026-09-12T07:32:27.743358036Z,"['Alternate Protocol', 'CDN JS', 'Cisco/Arrowpoint Content Service Switch', 'Cloudflare', 'Cloudflare CDN', 'Content Delivery Network', 'Fastly', 'GZIP Module', 'GitHub Hosting', 'Google Analytics', 'Google My Business', 'Google Tag Manager', 'Python', 'Twitter Ads', 'UTF-8', 'University or College', 'Vega', 'jQuery', 'jsDelivr']"
philixtheexplorer.dev,Kaung Hset Hein (Philix) | Full-Stack & ML Engineer,,THA,92,36740,2026-09-12T07:32:27.727178637Z,"['Alternate Protocol', 'Apture Linking Platform', 'Content Delivery Network', 'Express', 'Fireblade', 'GitHub Hosting', 'Microdata for Google Shopping', 'NFOrce Internet', 'Next.js', 'Python', 'Tailwind CSS', 'UTF-8', 'University or College', 'Vercel', 'Waveform Technology', 'YouTube']"
