domain,title,business_name,country,seo_score,tech_spend,crawled_at,technologies
achervonnaya.art,Welcome | Anastasiya Chervonnaya,,,42,603,2026-09-13T13:39:36.110615954Z,"['Fastly', 'Gatsby JS', 'GitHub Hosting', 'Google Cloud DNS', 'Google Font API', 'Instagram Follow Button', 'Nginx', 'Telegram']"
metal-garant.ru,Домен припаркован в Timeweb,,,50,3053,2026-09-13T13:30:34.718907137Z,"['ADFOX', 'Apple Auto Link Maker', 'Bitrix', 'GZIP Module', 'Google Cloud DNS', 'Google Font API', 'Google My Business', 'Google Play', 'Instagram Follow Button', 'Nginx', 'Telegram', 'Twitter Ads', 'UTF-8', 'Yandex Hosting', 'YouTube', 'reCAPTCHA']"
polishstories.net,Learn Polish online with stories and conversations,,GBR,72,23771,2026-09-13T13:30:34.704247094Z,"['Aruba', 'Bunny Fonts', 'Coming Soon Page', 'Express', 'GZIP Module', 'GetResponse', 'Google', 'Google My Business', 'Landis Holdings', 'Perl', 'Styled Components', 'Subversion', 'Tailwind CSS', 'Telegram', 'Thank You', 'TidyCal', 'UTF-8', 'University or College', 'eLand']"
cyprustaxi24.com,Cyprus Taxi 24/7 – Paphos Airport & Larnaca Airport Transfers,Taxi Cyprus | Larnaca & Paphos Airport Transfers 24/7,CYP,92,11419,2026-09-13T13:19:55.043730128Z,"['Alternate Protocol', 'CDN JS', 'Cisco/Arrowpoint Content Service Switch', 'Cloudflare', 'Cloudflare CDN', 'Content Delivery Network', 'DAV', 'EmbedPress', 'Express', 'FreeCSSTemplates', 'Google Analytics', 'Google Cloud DNS', 'Google Font API', 'Google Maps', 'Google Tag Manager', 'IcoMoon', 'Icons8', 'Instagram Follow Button', 'Jetpack', 'Kitco', 'LiteSpeed', 'Microdata for Google Shopping', 'PHP', 'Perl', 'QUIC', 'Schema Plugin', 'Site Kit', 'Site Reviews for Wordpress', 'Telegram', 'Theme In WP', 'UTF-8', 'Vercel', 'Woo Themes', 'WooCommerce', 'WooCommerce Checkout', 'WordPress', 'WordPress Multisite', 'WordPress Related Posts', 'WordPress Stats', 'eLand', 'jQuery', 'jsDelivr']"
365streamtv.online,"Football Scores Updates, Fixtures, Results | 365StreamTV",,USA,77,39158,2026-09-13T13:19:55.015813909Z,"['AWS WAF Challenge', 'Alternate Protocol', 'AutoComplete', 'BunnyCDN', 'BunnyCDN General', 'Cisco/Arrowpoint Content Service Switch', 'Cloudflare', 'Cloudflare CDN', 'DAV', 'Fireblade', 'Flat Icon', 'Google Analytics', 'Google My Business', 'Google Tag Manager', 'IcoMoon', 'Ntent', 'Perl', 'Pixabay', 'Tailwind CSS', 'Tawk', 'Telegram', 'UTF-8', 'Unix', 'eLand', 'jQuery']"
kimia.fi,Home of Kimmo Ahokas | kimia.fi,,,62,2400,2026-09-13T13:19:55.013110076Z,"['Alternate Protocol', 'Content Delivery Network', 'Fastly', 'GZIP Module', 'GitHub Hosting', 'Jekyll', 'Mastodon', 'Microdata for Google Shopping', 'Tailwind CSS', 'Telegram', 'Twitter Ads', 'UTF-8', 'University or College']"
zanvorin.com,zanvorin.com,,GBR,65,32318,2026-09-13T13:13:26.157921169Z,"['3 Products', 'AWS WAF Challenge', 'Alternate Protocol', 'Apture Linking Platform', 'Contact Form Plugin', 'Content Delivery Network', 'Elementor', 'EmbedPress', 'Endis', 'Google Cloud DNS', 'Google Font API', 'Google My Business', 'Line2', 'LiteSpeed', 'NFOrce Internet', 'PHP', 'QUIC', 'Telegram', 'Theme In WP', 'UTF-8', 'University or College', 'Woo Themes', 'WooCommerce', 'WooCommerce Checkout', 'WooFramework', 'WordPress', 'WordPress Multisite', 'XTemos Studio', 'YouTube', 'jQuery']"
gruendler.mur.at,Seppo Gruendler,,SRB,72,2740,2026-09-13T13:10:30.490532362Z,"['Alternate Protocol', 'Apache', 'Automattic', 'Debian', 'GZIP Module', 'GitHub Hosting', 'Google', 'Google Cloud DNS', 'Google Font API', 'Google My Business', 'Hugo', 'Instagram Follow Button', 'Telegram']"
elmanails.com,"@elmanails | TALKING TWIN AI™ by @Laurasales Stan, | Beacons",,,52,5347,2026-09-13T13:10:30.480952671Z,"['Alternate Protocol', 'Amazon Widgets', 'Apture Linking Platform', 'Beacons', 'Canva Websites', 'Financial Services Guide', 'GZIP Module', 'Google Cloud', 'Google Cloud DNS', 'Google Cloud Storage', 'Instagram Follow Button', 'KVH', 'Microdata for Google Shopping', 'Next.js', 'PWA', 'Subversion', 'Telegram', 'Twitter Ads', 'UTF-8', 'Unsplash', 'YouTube']"
brollywoodcyprus.com,BROLLYWOOD | Corporation,,,57,2040,2026-09-13T13:10:30.468922837Z,"['Baidu Cloud', 'DDoS-GUARD', 'GZIP Module', 'Google My Business', 'Instagram Follow Button', 'Microdata for Google Shopping', 'Schema Plugin', 'Telegram', 'Tilda', 'UTF-8', 'Vector Internet Services', 'Yandex Hosting', 'YouTube']"
bimprofessionals.in,BIM Professionals – BIM Professionals,,IND,70,16941,2026-09-13T13:10:30.46428531Z,"['AWS WAF Challenge', 'Alternate Protocol', 'Apture Linking Platform', 'Content Delivery Network', 'Elementor', 'ElementsKit Elementor', 'EmbedPress', 'Hello Elementor', 'Instagram Follow Button', 'LiteSpeed', 'Metform Elemento', 'NFOrce Internet', 'PHP', 'QUIC', 'Telegram', 'Theme In WP', 'UTF-8', 'University or College', 'WordPress', 'WordPress Multisite', 'YouTube', 'jQuery']"
drains-unlimited.com,Premium Stainless Steel Linear Drain - Drains Unlimited,,,72,25409,2026-09-13T12:59:13.637918395Z,"['AWS WAF Challenge', 'Alternate Protocol', 'Bing Cashback', 'Cloudflare', 'Cloudflare CDN', 'Cloudflare Web Analytics', 'EmbedPress', 'Fastly', 'Flexy Breadcrumb', 'GetResponse', 'Google', 'Google Analytics', 'Google Cloud DNS', 'Google Font API', 'Google Maps', 'Google My Business', 'Google Related Website Sites', 'Google Tag Manager', 'Harbor', 'Instagram Follow Button', 'LiteSpeed', 'Microdata for Google Shopping', 'Mouseflow', 'PHP', 'Parcel', 'Seflow Italy', 'Sitelinks Search Box', 'Telegram', 'Thank You', 'Theme In WP', 'UTF-8', 'WordPress', 'WordPress Multisite', 'YouTube', 'jQuery', 'reCAPTCHA']"
bluetickuae.com,"Bluetick Management Consultancy | Your Growth, Our Commitment",,,67,70337,2026-09-13T12:59:13.614025084Z,"['Alternate Protocol', 'Amazon WAF Blocked', 'BLR', 'Blog Designer Pack', 'DAV', 'EmbedPress', 'Event Tickets for Wordpress', 'Google', 'Google Adsense', 'Google Analytics', 'Google Cloud CDN', 'Google Funding Choices', 'Google Matched Content', 'Google Reseller', 'Google Tag Manager', 'Gravity', 'Gravity Forms', 'IcoMoon', 'Instagram Follow Button', 'Kinsta', 'Microdata for Google Shopping', 'No-Q', 'PHP', 'QUIC', 'SMC', 'Tawk', 'Telegram', 'The Events Calendar', 'Theme In WP', 'ThemeFusion', 'Tumblr', 'UTF-8', 'University or College', 'Vector Internet Services', 'WP Rocket', 'WP jQuery Lightbox', 'WhatsApp Sharing', 'Woo Themes', 'WordPress', 'WordPress Multisite', 'WordPress Related Posts', 'YouTube', 'jQuery']"
jayastraders.in,"Online Shopping Site for Mobile , Home and Kitchen , Electronic , Toy , Gift - Jayas Traders",Jayas Traders,,67,99545,2026-09-13T12:59:13.600607273Z,"['AWS WAF Challenge', 'Alternate Protocol', 'Apture Linking Platform', 'Cloudflare', 'Cloudflare CDN', 'Content Delivery Network', 'DAV', 'Daily Deals', 'EmbedPress', 'FiboSearch', 'Financial Services Guide', 'GoAffPro', 'Google', 'Google Cloud CDN', 'Google Cloud DNS', 'Google Font API', 'Google My Business', 'Google Play', 'Google Related Website Sites', 'Idaq', 'Instagram Follow Button', 'Juicer DMP', 'KVH', 'LiteSpeed', 'Microdata for Google Shopping', 'Ntent', 'PHP', 'Pico CSS', 'QUIC', 'SMC', 'Shortcodes Ultimate', 'Slider Revolution', 'Smart Coupons for WooCommerce', 'Telegram', 'Theme In WP', 'TrustIndex', 'UTF-8', 'Umbler', 'Vector Internet Services', 'WPBakery', 'WPForms', 'Woo Themes', 'WooCommerce', 'WooCommerce Checkout', 'WooFramework', 'WordPress', 'WordPress Multisite', 'XTemos Studio', 'YouTube', 'Zope', 'hCaptcha', 'jQuery']"
cityfireprotection.lk,CITY FIRE PROTECTION SERVICE,,LKA,70,15492,2026-09-13T12:59:13.591549059Z,"['Agoda', 'Alternate Protocol', 'Apture Linking Platform', 'Contact Form Plugin', 'Content Delivery Network', 'DAV', 'Efilli', 'EmbedPress', 'Fireblade', 'Google Cloud DNS', 'Google Font API', 'Google My Business', 'Google Tag Manager', 'Instagram Follow Button', 'LiteSpeed', 'NitroPack', 'PHP', 'Perl', 'QUIC', 'Slider Revolution', 'Telegram', 'UTF-8', 'WPBakery', 'Woo Themes', 'WooFramework', 'WordPress', 'WordPress Multisite', 'XTemos Studio']"
illuminati-monde-666.com,Illuminati Monde Official – Join Our Brotherhood Today,,,72,19733,2026-09-13T12:45:57.587827363Z,"['AWS WAF Challenge', 'Alternate Protocol', 'Apture Linking Platform', 'Cloudflare', 'Cloudflare CDN', 'Content Delivery Network', 'Elementor', 'EmbedPress', 'Google', 'Google Cloud DNS', 'Google Font API', 'Google My Business', 'LiteSpeed', 'NFOrce Internet', 'PHP', 'Responsive', 'Telegram', 'Theme In WP', 'UTF-8', 'WPForms', 'Woo Themes', 'WooCommerce Checkout', 'WordPress', 'WordPress Multisite', 'WordPress Related Posts', 'jQuery']"
coastalkb.com,Home - Folkers Kitchen Bath,,,67,251858,2026-09-13T12:45:57.578766801Z,"['Alternate Protocol', 'Amazon WAF Blocked', 'Anti-spam for WordPress', 'Apache', 'Apture Linking Platform', 'BLR', 'CleanTalk Spam Protect', 'Cloudflare', 'DAV', 'EmbedPress', 'Event Tickets for Wordpress', 'Express', 'Fireblade', 'Formidable Pro Form', 'FreeBSD', 'GZIP Module', 'Gambling Content', 'Google', 'Google Cloud CDN', 'Google Cloud DNS', 'Google Font API', 'Gravity', 'Gravity Forms', 'IcoMoon', 'KeyCDN', 'Krypt Technologies', 'Lazy Load for WordPress', 'Microdata for Google Shopping', 'PHP', 'Python', 'QUIC', 'SMC', 'Salesforce Hosted', 'Shopware', 'Slider Revolution', 'Telegram', 'The Events Calendar', 'ThemeFusion', 'Tumblr', 'UTF-8', 'University or College', 'Vector Internet Services', 'WP Rocket', 'WP jQuery Lightbox', 'WhatsApp Sharing', 'Woo Themes', 'WordPress', 'WordPress Multisite', 'WordPress Related Posts', 'Yandex Hosting', 'symfony PHP Framework']"
apolyanichko.com,Home - Andriy Polyanichko - Full-Cycle WordPress developer for organizations and agencies,,UKR,70,18166,2026-09-13T12:45:57.560979972Z,"['AWS WAF Challenge', 'Alternate Protocol', 'Better Lead Generation Services', 'Blocksy', 'Cloudflare', 'Cloudflare CDN', 'Cloudflare Turnstile', 'Contact Form Plugin', 'Content Delivery Network', 'Elementor', 'EmbedPress', 'Fancybox for WordPress', 'Google Cloud DNS', 'Google Font API', 'Header, Footer and Blocks for Elementor', 'LiteSpeed', 'Microdata for Google Shopping', 'NFOrce Internet', 'PHP', 'Pico CSS', 'Telegram', 'Theme In WP', 'UTF-8', 'Unlimited Elements For Elementor', 'WordPress', 'WordPress Multisite', 'jQuery', 'reCAPTCHA']"
allpayshop.co.in,All Pay Shop,,IND,60,156,2026-09-13T12:35:36.409505806Z,"['Alternate Protocol', 'Apache', 'CDN JS', 'Cloudflare', 'Cloudflare CDN', 'GZIP Module', 'Google My Business', 'Google Play', 'IcoMoon', 'QUIC', 'Tailwind CSS', 'Telegram', 'UTF-8', 'Ubuntu', 'YouTube', 'jQuery']"
b2brtmitra.in,B2B RT Mitra,,IND,60,7500,2026-09-13T12:35:36.404669599Z,"['Apache', 'Bulma', 'Fireblade', 'GZIP Module', 'QUIC', 'Telegram', 'UTF-8', 'Ubuntu', 'YouTube', 'jQuery']"
voltraedge.com,Voltra Edge – Digital Outsourcing Partner!,,USA,75,16926,2026-09-13T12:12:41.369539105Z,"['AWS WAF Challenge', 'Alternate Protocol', 'Better Lead Generation Services', 'Cloudflare', 'Cloudflare CDN', 'Cloudflare Turnstile', 'Contact Form Plugin', 'Content Delivery Network', 'Elementor', 'EmbedPress', 'Google Cloud DNS', 'Google Font API', 'LiteSpeed', 'Microdata for Google Shopping', 'NFOrce Internet', 'PHP', 'QUIC', 'Telegram', 'Theme In WP', 'UTF-8', 'Woo Themes', 'WooFramework', 'WordPress', 'WordPress Multisite', 'XTemos Studio', 'jQuery']"
platinumrecruitment.me,Find jobs and relocate to the Isle of Man or United Kingdom,Platinum Recruitment Limited,IMN,77,1410,2026-09-13T12:12:41.335043835Z,"['Alternate Protocol', 'Apache', 'Complianz', 'Content Delivery Network', 'EmbedPress', 'Font Awesome', 'GZIP Module', 'Google Analytics', 'Google Tag Manager', 'Gravity Forms', 'Microdata for Google Shopping', 'PHP', 'StudioPress', 'Telegram', 'Theme In WP', 'UTF-8', 'WordPress', 'WordPress Multisite']"
cadbimconverter.com,"CADBIMconverter.com | Revit, AutoCAD, IFC, DGN converter",CADBIMConverter,DEU,92,116099,2026-09-13T12:03:18.596629036Z,"['AWS WAF Challenge', 'Agoda', 'Alternate Protocol', 'Apture Linking Platform', 'Calendly', 'CleanTalk Spam Protect', 'Cloudflare', 'Cloudflare CDN', 'Content Delivery Network', 'Contento', 'EmbedPress', 'Fireblade', 'GitHub Hosting', 'Google', 'Google Analytics', 'Google Cloud DNS', 'Google Font API', 'Google My Business', 'Google Related Website Sites', 'Google Tag Manager', 'Gtranslate for Wordpress', 'IcoMoon', 'InitiativeS', 'Line2', 'LiteSpeed', 'Microdata for Google Shopping', 'Muffin Group', 'PHP', 'Python', 'QUIC', 'QUIC.cloud', 'SMC', 'Simple Download Monitor', 'Slider Revolution', 'Tailwind CSS', 'Telegram', 'TrustIndex', 'Twitter Ads', 'UTF-8', 'Vector Internet Services', 'WPForms', 'Woo Themes', 'WooCommerce Payments', 'WordPress', 'WordPress Multisite', 'YouTube']"
stonecoldtrappers.com,Home - Stone Cold Trappers,,,60,6229,2026-09-13T12:03:18.574054859Z,"['Alternate Protocol', 'App Store', 'Divi', 'Elegant Themes', 'EmbedPress', 'GZIP Module', 'Gambling Content', 'Google', 'Google Cloud CDN', 'Google Cloud DNS', 'Google Font API', 'Google Maps', 'Instagram Follow Button', 'Jetpack', 'LightSpeed VT', 'Microdata for Google Shopping', 'Nginx', 'PHP', 'QUIC', 'Telegram', 'Theme In WP', 'UTF-8', 'University or College', 'Woo Themes', 'WooCommerce', 'WooCommerce Checkout', 'WooCommerce Stripe Payment Gateway', 'WordPress', 'WordPress Multisite', 'YouTube', 'eLand', 'jQuery']"
janjualineage.shop,Janjua Lineage,,PAK,60,622,2026-09-13T12:03:18.528682838Z,"['Alternate Protocol', 'Automattic', 'Contact Form Plugin', 'Content Delivery Network', 'ElementUI', 'Elementor', 'EmbedPress', 'Facebook Conversion Tracking', 'Facebook Login', 'Facebook Messenger Platform', 'Facebook Pixel', 'Facebook Reseller', 'Facebook Tag API', 'FormSubmit', 'Google Cloud DNS', 'Google Font API', 'Jetpack', 'LiteSpeed', 'NFOrce Internet', 'PHP', 'QUIC', 'Telegram', 'Theme In WP', 'UTF-8', 'Woo Themes', 'WooCommerce', 'WooCommerce Checkout', 'WooFramework', 'WordPress', 'WordPress Multisite', 'WordPress Stats', 'XTemos Studio', 'YouTube', 'jQuery']"
iowaabi.com,Iowa Association of Business and Industry,,USA,70,15040,2026-09-13T12:03:18.527798616Z,"['AWS WAF Challenge', 'Apache', 'Apture Linking Platform', 'Express', 'GZIP Module', 'Google Analytics', 'Google Cloud DNS', 'Google Font API', 'Google Tag Manager', 'Tailwind CSS', 'Telegram', 'Twitter Ads', 'UTF-8', 'University or College', 'YouTube']"
strashnotemno.ru,Прятки в темноте в Москве – Сможешь спрятаться?,ООО 'СТРАШНОТЕМНО',,77,6588,2026-09-13T11:42:40.287748391Z,"['DDoS-GUARD', 'GZIP Module', 'Google Analytics', 'Google Related Website Sites', 'Google Tag Manager', 'IcoMoon', 'PHP', 'PWA', 'Subversion', 'Tailwind CSS', 'Telegram', 'UTF-8', 'Yandex Hosting']"
micsacademy.co.in,MANBHUM INSTITUTE OF COMPUTER SCIENCE,,IND,72,859,2026-09-13T11:42:40.276022212Z,"['Bulma', 'CDN JS', 'Cloudflare', 'Cloudflare CDN', 'Font Awesome', 'Google Analytics', 'Google Cloud DNS', 'Google Font API', 'Google Related Website Sites', 'Google Tag Manager', 'LiteSpeed', 'PHP', 'Perl', 'QUIC', 'Tailwind CSS', 'Telegram', 'Twitter Ads', 'UTF-8', 'University or College', 'YouTube', 'jQuery', 'shadcn ui']"
ayubowan.travel,Ayubowan Tours & Travels Sri Lanka Tours & Holiday Packages,,LKA,87,3999,2026-09-13T11:42:40.24920812Z,"['Azion', 'Bulma', 'ETranslate', 'Font Awesome', 'GTranslate', 'Google Analytics', 'Google My Business', 'Google Tag Manager', 'Instagram Follow Button', 'Microdata for Google Shopping', 'PHP', 'QUIC', 'Tailwind CSS', 'Tawk', 'Telegram', 'Twitter Ads', 'UTF-8', 'YouTube']"
theupwardgarden.com,The Upward Garden,The Upward Garden,USA,77,240,2026-09-13T11:42:40.245546634Z,"['Amazon Widgets', 'Content Delivery Network', 'Google Analytics', 'Google Tag Manager', 'Instagram Follow Button', 'Microdata for Google Shopping', 'Next.js', 'QUIC', 'Tailwind CSS', 'Telegram', 'UTF-8', 'Vercel']"
antonidis.com,Vladimiros Antonidis,,,32,5600,2026-09-13T11:42:40.245043685Z,"['DDoS-GUARD', 'GZIP Module', 'GitHub Hosting', 'Instagram Follow Button', 'Salesforce Hosted', 'Telegram', 'UTF-8']"
whitefoximpex.com,White Fox Impex,,,50,661,2026-09-13T11:31:39.882975897Z,"['Alternate Protocol', 'ClickOn', 'Contact Form Plugin', 'Content Delivery Network', 'Elementor', 'EmbedPress', 'Google', 'Google Cloud CDN', 'Google Cloud DNS', 'Google Font API', 'NFOrce Internet', 'PHP', 'QUIC', 'Slider Revolution', 'Telegram', 'Theme In WP', 'UTF-8', 'Woo Themes', 'WooCommerce', 'WooCommerce Checkout', 'WooFramework', 'WordPress', 'WordPress Multisite', 'XTemos Studio', 'jQuery']"
1win.work,1win affiliate program,1win affiliate program,,77,23720,2026-09-13T11:22:15.556654366Z,"['Alternate Protocol', 'Amazon WAF Blocked', 'Cloudflare', 'DNN Software', 'Envoy', 'Financial Services Guide', 'Fireblade', 'GZIP Module', 'Gambling Content', 'Google Related Website Sites', 'Instagram Follow Button', 'Microdata for Google Shopping', 'Nuxt.js', 'Sitelinks Search Box', 'Tailwind CSS', 'Telegram', 'UTF-8']"
127worldwide.org,127 Worldwide - Vulnerable Communities Can Flourish!,127 Worldwide,USA,92,32809,2026-09-13T11:22:15.553853998Z,"['AWS WAF Challenge', 'Alternate Protocol', 'Automattic', 'BatCache', 'Bloomerang', 'Bunny Fonts', 'Charity Navigator', 'Cloudflare', 'Cloudflare CDN', 'Content Delivery Network', 'Element Pack Lite', 'Elementor', 'Elementor Custom Skin', 'ElementsKit Elementor', 'EmbedPress', 'Fastly', 'Google', 'Google My Business', 'Gutenberg', 'Instagram Follow Button', 'Jetpack', 'Jetpack Site Accelerator', 'Kindful', 'Kitco', 'Microdata for Google Shopping', 'NFOrce Internet', 'Nginx', 'OceanWP', 'PHP', 'Pleroma', 'Premium Addons for Elementor', 'Sticky Header Effects for Elementor', 'Telegram', 'Theme In WP', 'Twitter Ads', 'UTF-8', 'Vimeo', 'WPForms', 'WhatsApp Sharing', 'Woo Themes', 'WooCommerce Checkout', 'WordPress', 'WordPress Multisite', 'WordPress PopUp', 'WordPress Stats', 'jQuery', 'reCAPTCHA']"
romanovdigital.ru,"Разработка сайтов под ключ – Дизайн, разработка и SEO | Веб-студия RDigital",,,67,94640,2026-09-13T11:22:15.548540724Z,"['ADFOX', 'AJAX Libraries API', 'Bitrix', 'GZIP Module', 'Google Cloud DNS', 'Jekyll', 'K2F', 'Nginx', 'SMC', 'Telegram', 'UTF-8', 'Vector Internet Services', 'Yandex Hosting', 'Yandex Metrika', 'jQuery', 'jsDelivr', 'reCAPTCHA']"
dmcmobility.com,DMC Mobility,,PRY,70,19480,2026-09-13T11:22:15.544617744Z,"['AWS WAF Challenge', 'Alternate Protocol', 'Astra Theme', 'Bunny Fonts', 'Cloudflare', 'Cloudflare CDN', 'Content Delivery Network', 'DAV', 'Elementor', 'EmbedPress', 'Google', 'Google Cloud DNS', 'Google Font API', 'Google My Business', 'Header, Footer and Blocks for Elementor', 'Instagram Follow Button', 'LiteSpeed', 'NFOrce Internet', 'PHP', 'Polylang', 'SVG Support', 'Telegram', 'Theme In WP', 'Twitter Ads', 'UTF-8', 'WhatsApp Sharing', 'Woo Themes', 'WordPress', 'WordPress Multisite', 'WordPress PopUp', 'WordPress Related Posts', 'jQuery']"
titleanddmvexpress.com,Home - Get your Car Title and Derivers Lisense,Get your Car Title and Derivers Lisense,,72,17969,2026-09-13T11:11:21.32969544Z,"['AWS WAF Challenge', 'Alternate Protocol', 'Apture Linking Platform', 'Astra Theme', 'Cloudflare', 'Cloudflare CDN', 'Content Delivery Network', 'Elementor', 'EmbedPress', 'Express', 'GenerateBlocks', 'Google', 'Google Analytics', 'Google Cloud DNS', 'Google Customer Reviews', 'Google Font API', 'Google My Business', 'Google Tag Manager', 'LiteSpeed', 'Microdata for Google Shopping', 'PHP', 'Perl', 'QUIC', 'Telegram', 'Theme In WP', 'UTF-8', 'Ultimate Addons for Gutenberg', 'Woo Themes', 'WordPress', 'WordPress Multisite', 'WordPress Related Posts', 'jQuery']"
yty.yt,YTY · Holding company — Ownership and transmission protocols,YTY,FRA,77,22440,2026-09-13T11:11:21.304276154Z,"['AiNET', 'Alternate Protocol', 'Content Delivery Network', 'Google', 'Google Cloud DNS', 'Google Font API', 'Microdata for Google Shopping', 'Perl', 'Telegram', 'UTF-8', 'WordPress', 'shadcn ui']"
naumovastudio.com.ua,Elena Naumova Studio,,UKR,67,5407,2026-09-13T11:11:21.300321174Z,"['Fastly', 'Font Awesome', 'Google', 'Google Analytics', 'Google Cloud DNS', 'Google Font API', 'Google Maps', 'Google Tag Manager', 'IcoMoon', 'Instagram Follow Button', 'Nginx', 'Subversion', 'Svelte', 'Tailwind CSS', 'Telegram', 'jQuery']"
bedfactree.co.uk,Premium Beds and Mattresses Online UK | Bed Factree,,PRK,77,25492,2026-09-13T11:11:21.300728248Z,"['AWS WAF Challenge', 'Alternate Protocol', 'Automattic', 'ClickOn', 'Cloudflare', 'Cloudflare CDN', 'DuracellTomi Google Tag Manager for WordPress', 'ElementUI', 'Elementor', 'EmbedPress', 'Express', 'Facebook Conversion Tracking', 'Facebook Login', 'Facebook Messenger Platform', 'Facebook Pixel', 'Facebook Reseller', 'Facebook Tag API', 'Google', 'Google Analytics', 'Google Cloud DNS', 'Google Font API', 'Google My Business', 'Google Related Website Sites', 'Google Tag Manager', 'Jetpack', 'Microdata for Google Shopping', 'NFOrce Internet', 'PHP', 'QUIC', 'Shopify', 'Shopify Collabs', 'Telegram', 'Theme In WP', 'Trustpilot Reviews for WordPress', 'UTF-8', 'WhatsApp Sharing', 'Woo Themes', 'WooCommerce', 'WooCommerce Checkout', 'WooCommerce Payments', 'WooFramework', 'WordPress', 'WordPress Multisite', 'WordPress Stats', 'XTemos Studio', 'eLand', 'jQuery', 'reCAPTCHA']"
gaiagazer.com,GaiaGazer - Meaningful Travel and Experiences | GaiaGazer,,JPN,82,77152,2026-09-13T11:11:21.289234928Z,"['AddThis for Wordpress', 'Alternate Protocol', 'Amazon WAF Blocked', 'Apture Linking Platform', 'Baidu Cloud', 'CDN JS', 'Cloudflare', 'Cloudflare CDN', 'Cloudflare Web Analytics', 'Content Delivery Network', 'DAV', 'Disqus Comment System for WordPress', 'DoubleClick Bid Manager', 'EmbedPress', 'Facebook Conversion Tracking', 'Facebook Login', 'Facebook Messenger Platform', 'Facebook Pixel', 'Facebook Reseller', 'Facebook Tag API', 'Font Awesome', 'GDPR Consent Management Platform', 'GitHub Hosting', 'Google', 'Google Analytics', 'Google Cloud CDN', 'Google Cloud DNS', 'Google Font API', 'Google Maps', 'Google Matched Content', 'Google My Business', 'Google Recommendations AI', 'Google Reseller', 'Google Tag Manager', 'Harbor', 'Instagram Feed for WordPress', 'Instagram Follow Button', 'KVH', 'Lazy Load for WordPress', 'LiteSpeed', 'Media.net', 'Microdata for Google Shopping', 'Microsoft Ajax Content Delivery Network', 'Neighborhoods', 'O2MC Dimml', 'Oddle', 'Onyx Internet', 'PHP', 'Perl', 'QUIC', 'Sitelinks Search Box', 'StackPath', 'Storyblocks', 'Telegram', 'Theme In WP', 'Travelpayouts', 'Twitter Ads', 'UTF-8', 'Vello', 'Vimeo', 'WP Rocket', 'WhatsApp Sharing', 'WordPress', 'WordPress Multisite', 'Yandex Hosting', 'YouTube', 'eLand', 'jQuery']"
gopaliyasteno.com,Gopaliya Steno Classes | Best Steno Classes in Jaipur,,IND,82,99,2026-09-13T10:58:09.108120593Z,"['Apture Linking Platform', 'Font Awesome', 'Google Analytics', 'Google Tag Manager', 'PHP', 'QUIC', 'Telegram', 'UTF-8', 'YouTube', 'jQuery']"
remalsinai.com,Sharm El Sheikh Excursions & Egypt Tours | Remal Sinai, Remal Sinai,EGY,77,19088,2026-09-13T10:58:09.08173556Z,"['AWS WAF Challenge', 'Alternate Protocol', 'CDN JS', 'Cloudflare', 'Cloudflare CDN', 'Cloudflare Turnstile', 'Content Delivery Network', 'Facebook Conversion Tracking', 'Facebook Login', 'Facebook Messenger Platform', 'Facebook Pixel', 'Facebook Reseller', 'Facebook Tag API', 'Google Analytics', 'Google Related Website Sites', 'Google Tag Manager', 'IcoMoon', 'Instagram Follow Button', 'LiteSpeed', 'Metricool', 'Microdata for Google Shopping', 'QUIC', 'Telegram', 'UTF-8', 'Yandex Hosting']"
fitgame.online,FITGAME — publish your game on HTML5 platforms in the world,,,67,18900,2026-09-13T10:49:49.936808901Z,"['AWS WAF Challenge', 'Adult Content', 'Alternate Protocol', 'Express', 'GZIP Module', 'Microdata for Google Shopping', 'NFOrce Internet', 'Nginx', 'QUIC', 'Telegram', 'Yandex Hosting']"
antzar.com,Sergey Antonov - UI/UX Design & Illustrator,,,72,8891,2026-09-13T10:49:49.902125675Z,"['ADFOX', 'CoreUI', 'GZIP Module', 'Google Analytics', 'Google Tag Manager', 'Instagram Follow Button', 'Line2', 'Nginx', 'PWA', 'Telegram', 'UTF-8', 'Yandex Hosting', 'Yandex Metrika']"
athena-charity.in.ua,"Благодійний Фонд ""Атена""",Благодійний Фонд «Атена»,UKR,67,338,2026-09-13T10:38:59.073554585Z,"['Alternate Protocol', 'Elementor', 'GZIP Module', 'Google Analytics', 'Google Cloud DNS', 'Google Font API', 'Google Tag Manager', 'Instagram Follow Button', 'Microdata for Google Shopping', 'Nginx', 'PHP', 'Telegram', 'UTF-8', 'W3 Total Cache', 'WordPress', 'WordPress Multisite']"
vosst.vn.ua,ВОССТ — Новини,,UKR,65,15567,2026-09-13T10:38:59.043092576Z,"['AWS WAF Challenge', 'Adult Content', 'Alternate Protocol', 'Apache', 'DAV', 'Debian', 'GZIP Module', 'IcoMoon', 'Joomla!', 'PHP', 'RokNavMenu', 'Telegram', 'UTF-8', 'WoWonder', 'YouTube', 'jQuery']"
mo-mazar.com,Mohammad M. Mazar – Home,,IRN,52,700,2026-09-13T10:31:26.151178484Z,"['Fastly', 'Google My Business', 'Mizban', 'Telegram', 'University or College']"
computerzone.lk,Computer Shop Sri Lanka | PC Parts | Computerzone.lk,,JAM,87,3039,2026-09-13T10:26:30.894677039Z,"['Alternate Protocol', 'Apture Linking Platform', 'Aruba', 'Automattic', 'ClickOn', 'Contact Form Plugin', 'Content Delivery Network', 'Elementor', 'EmbedPress', 'Financial Services Guide', 'Google Analytics', 'Google Cloud DNS', 'Google Font API', 'Google My Business', 'Google Tag Manager', 'Jetpack', 'LiteSpeed', 'MailChimp for WordPress', 'Microdata for Google Shopping', 'NFOrce Internet', 'PHP', 'PixelYourSite', 'QUIC', 'Site Kit', 'Sitelinks Search Box', 'Telegram', 'Theme In WP', 'UTF-8', 'Woo Themes', 'WooCommerce', 'WooCommerce Checkout', 'WooFramework', 'WordPress', 'WordPress Multisite', 'WordPress Stats', 'XTemos Studio', 'YouTube', 'eLand', 'jQuery']"
imaris.agency,Imaris: Digital agency for internet marketing and advertising,Imaris,UKR,77,26989,2026-09-13T10:18:44.18356219Z,"['501c3 Status Nonprofit', 'AWS WAF Challenge', 'Alternate Protocol', 'AutoComplete', 'Clutch', 'Contact Form Plugin', 'EmbedPress', 'Express', 'Fancybox for WordPress', 'Google Analytics', 'Google Forms', 'Google My Business', 'Google Tag Manager', 'Gravity Forms', 'Instagram Follow Button', 'LiteSpeed', 'Microdata for Google Shopping', 'Microsoft Clarity', 'Nginx', 'PHP', 'QUIC', 'Telegram', 'Theme In WP', 'TranslatePress', 'Twitter Ads', 'UTF-8', 'WPForms', 'WhatsApp Sharing', 'WordPress', 'WordPress Multisite', 'YouTube', 'jQuery', 'jsDelivr', 'reCAPTCHA']"
endriyas.com,"Endriyas Yeshidniber | Software Engineer — Addis Ababa, Ethiopia",,ETH,87,2668,2026-09-13T10:18:44.143005349Z,"['Alternate Protocol', 'Content Delivery Network', 'GitHub Hosting', 'Google', 'Google Cloud DNS', 'Google Font API', 'Microdata for Google Shopping', 'Netlify', 'Parcel', 'Telegram', 'Twitter Ads', 'UTF-8', 'University or College']"
martinawards.com,Corporate Awards | Plaques | Recognition Gifts | Trophies,,USA,82,28519,2026-09-13T10:04:04.170873001Z,"['Alternate Protocol', 'Apture Linking Platform', 'CDN JS', 'Cloudflare', 'Cloudflare CDN', 'Content Delivery Network', 'DoubleClick Bid Manager', 'Elementor', 'Elfsight', 'Google', 'Google Cloud CDN', 'Google Cloud DNS', 'Google Customer Reviews', 'Google Font API', 'LiteSpeed', 'M247', 'Max Mega Menu Pro', 'Microdata for Google Shopping', 'PHP', 'Porto Wordpress', 'QUIC', 'Sitelinks Search Box', 'Table Addons for Elementor', 'Tabs Responsive', 'Tawk', 'Telegram', 'Twitter Ads', 'UTF-8', 'Umbler', 'Vector Internet Services', 'WPBakery', 'Woo Themes', 'WordPress', 'WordPress Multisite', 'jQuery']"
shreesaisports.com,Shree Sai Sports,,IND,60,3661,2026-09-13T10:04:04.167047459Z,"['Alternate Protocol', 'Contact Form Plugin', 'Elementor', 'EmbedPress', 'Gambling Content', 'Google', 'Google Cloud CDN', 'Google Cloud DNS', 'Google Font API', 'LiteSpeed', 'Mews Commander', 'NFOrce Internet', 'PHP', 'QUIC', 'Slider Revolution', 'Telegram', 'Theme In WP', 'Twitter Ads', 'UTF-8', 'WhatsApp Sharing', 'Woo Themes', 'WooCommerce', 'WooCommerce Checkout', 'WooFramework', 'WordPress', 'WordPress Multisite', 'XTemos Studio', 'YouTube', 'jQuery']"
aseanlabs.io,ASEAN Labs — The Execution Layer for ENI Builders,,,77,2944,2026-09-13T09:52:09.735863249Z,"['Calendly', 'Content Delivery Network', 'Google', 'Google Cloud CDN', 'Google Cloud DNS', 'Google Font API', 'Linktree', 'Next.js', 'Pleroma', 'Tailwind CSS', 'Telegram', 'UTF-8', 'Vercel', 'shadcn ui']"
jimpeak.rocks,Jim Peak | Gravatar,,,62,17884,2026-09-13T09:43:40.319703422Z,"['Alternate Protocol', 'Amazon WAF Blocked', 'Automattic', 'Automattic Direct', 'DoubleClick Bid Manager', 'Giphy', 'Google', 'Google Analytics', 'Google Cloud DNS', 'Google Font API', 'Google My Business', 'Google Recommendations AI', 'Google Tag Manager', 'Jetpack Site Accelerator', 'Microdata for Google Shopping', 'Nginx', 'Perl', 'QUIC', 'Telegram', 'TidyCal', 'UTF-8', 'WordPress', 'WordPress Stats', 'YouTube']"
twinriversrv.org,Twin Rivers RV Park - A Peaceful Retreat in the Heart of Chama,,PHL,82,3663,2026-09-13T09:43:40.303896458Z,"['Alternate Protocol', 'Automattic', 'Complianz', 'Creative Mail by Constant Contact', 'EmbedPress', 'GZIP Module', 'Google Cloud DNS', 'Google Font API', 'Gutenberg', 'Jetpack', 'Jetpack Site Accelerator', 'Lazy Load for WordPress', 'Microdata for Google Shopping', 'Nginx', 'Oracle Cloud', 'Pagekit', 'Perl', 'Smush Image Optimization', 'Telegram', 'UTF-8', 'Woo Themes', 'WordPress', 'WordPress Multisite', 'WordPress Stats', 'jQuery']"
itscayyay.com,"@itscayyay | INSTAGRAM, 💙🤍 Exclusive Content🤍💙 | Beacons",,,62,2694,2026-09-13T09:43:40.297263095Z,"['Adult Content', 'Alternate Protocol', 'Beacons', 'Etsy', 'GZIP Module', 'Google Cloud', 'Instagram Follow Button', 'Microdata for Google Shopping', 'Next.js', 'OnlyFans', 'PWA', 'Subversion', 'Telegram', 'Twitter Ads', 'UTF-8', 'Unsplash', 'YouTube']"
syndatech.com,Synda Tech Ltd | Certified 3CX Partner & Global VoIP Solutions,,RWA,65,40,2026-09-13T09:43:40.278065202Z,"['CDN JS', 'Cloudflare', 'Cloudflare CDN', 'DAV', 'GZIP Module', 'Google Cloud DNS', 'Google Font API', 'LiteSpeed', 'PHP', 'QUIC', 'Telegram', 'UTF-8']"
geophone.fi,Official website GeoPhone OY,GeoPhone Group International OY,FIN,87,5760,2026-09-13T09:32:46.922639318Z,"['Baidu Cloud', 'CDN JS', 'Cloudflare', 'Cloudflare CDN', 'GZIP Module', 'Google Analytics', 'Google Related Website Sites', 'Google Tag Manager', 'Microdata for Google Shopping', 'Schema Plugin', 'Telegram', 'Tilda', 'UTF-8', 'Yandex Hosting', 'YouTube']"
handguide.me,Hand Analysis by Jo Bühler | Handguide,Handguide,GBR,75,15894,2026-09-13T09:32:46.891278913Z,"['AWS WAF Challenge', 'Alternate Protocol', 'Apache', 'Divi', 'Elegant Themes', 'EmbedPress', 'GZIP Module', 'Microdata for Google Shopping', 'PHP', 'Telegram', 'Theme In WP', 'TrustIndex', 'UTF-8', 'Woo Themes', 'WordPress', 'WordPress Multisite', 'eLand', 'jQuery']"
maltatalks.com,Malta Business Talks by Altenar,,MLT,82,8040,2026-09-13T09:32:46.890816405Z,"['Baidu Cloud', 'Corporate Governance and Regulatory Compliance', 'DDoS-GUARD', 'GZIP Module', 'Gambling Content', 'Google Analytics', 'Google Tag Manager', 'Microdata for Google Shopping', 'Schema Plugin', 'Telegram', 'Tilda', 'Twitter Ads', 'UTF-8', 'Yandex Hosting']"
trdesk.com,TRdesk — a crypto analytics platform for traders | Free access 2026,TRdesk,,67,8400,2026-09-13T09:32:46.881565365Z,"['ADFOX', 'Alternate Protocol', 'GZIP Module', 'Google My Business', 'Microdata for Google Shopping', 'Nginx', 'Ntent', 'QUIC', 'Sign In With Google', 'Sitelinks Search Box', 'Tailwind CSS', 'Telegram', 'UTF-8', 'Yandex Hosting', 'Yandex Metrika']"
ashtangaberlin.com,Aṣṭāṅga Yoga Berlin | Traditional & Community-Oriented est. 2004,,IND,82,19047,2026-09-13T09:32:46.879991644Z,"['AddThis for Wordpress', 'Adobe Creative Cloud WebFonts', 'Alternate Protocol', 'Apache', 'Brevo', 'CookieConsent', 'Fireblade', 'Font Awesome', 'Google Analytics', 'Google Cloud DNS', 'Google Font API', 'Google My Business', 'Google Related Website Sites', 'Google Tag Manager', 'Instagram Follow Button', 'Matomo', 'Matomo Tag Manager', 'Microdata for Google Shopping', 'Perl', 'QUIC', 'Tailwind CSS', 'Telegram', 'UTF-8', 'shadcn ui']"
iq-project.ru,IQ Project — AI/RPA integrator | We rebuild business processes around AI,,,52,360,2026-09-13T09:32:46.874634402Z,"['AWS WAF Challenge', 'Alternate Protocol', 'Bitrix24', 'Content Delivery Network', 'GZIP Module', 'Next.js', 'QUIC', 'Radix UI', 'Tailwind CSS', 'Telegram', 'UTF-8', 'Yandex Cloud', 'Yandex Hosting', 'shadcn ui']"
expressunlock.com.ua,ExpressUnlock сервіс - служба аварійного відкриття замків.,,UKR,82,2440,2026-09-13T09:20:59.495611368Z,"['AJAX Libraries API', 'Express', 'Google', 'Google Analytics', 'Google Cloud DNS', 'Google Font API', 'Google Tag Manager', 'Nginx', 'Tailwind CSS', 'Telegram', 'jQuery']"
deraztech.com,Deraz – Deraz,,USA,65,16926,2026-09-13T09:20:59.463766986Z,"['Alternate Protocol', 'Contact Form Plugin', 'Elementor', 'EmbedPress', 'Fireblade', 'GZIP Module', 'Google Cloud DNS', 'Google Font API', 'NFOrce Internet', 'Nginx', 'PHP', 'QUIC', 'Telegram', 'Theme In WP', 'UTF-8', 'Woo Themes', 'WooCommerce', 'WooCommerce Checkout', 'WooFramework', 'WordPress', 'WordPress Multisite', 'XTemos Studio', 'jQuery']"
mexdevops.net,DevOps & IT Services | US-Quality Solutions at Mexican Rates,,PHL,62,15000,2026-09-13T09:11:24.691825437Z,"['Fireblade', 'Tailwind CSS', 'Telegram']"
nodr.io,Blockchain-driven decentralised CDN marketplace,,,67,13040,2026-09-13T09:00:17.075871378Z,"['Baidu Cloud', 'DDoS-GUARD', 'GZIP Module', 'Google My Business', 'Medium', 'Telegram', 'Tilda', 'Twitter Ads', 'UTF-8', 'Vector Internet Services', 'Yandex Hosting', 'YouTube']"
aamayaexpert.com,Aamaya Education — MBBS College & University Explorer,,IND,65,2774,2026-09-13T08:45:28.947801802Z,"['DAV', 'Google', 'Google Cloud DNS', 'Google Font API', 'Instagram Follow Button', 'Telegram', 'University or College', 'Unsplash', 'Vello', 'YouTube']"
hl-labs.ru,Представительство HL | Holy Land,,RUS,62,13400,2026-09-13T08:34:08.756880471Z,"['ADFOX', 'Bitrix', 'GZIP Module', 'Nginx', 'Telegram', 'UTF-8', 'Yandex Hosting', 'Yandex Metrika']"
dishekimibernabucak.com,Ana Sayfa,,TUR,67,2440,2026-09-13T08:34:08.73063672Z,"['Apache', 'Bulma', 'DAV', 'GZIP Module', 'Google', 'Google Cloud DNS', 'Google Font API', 'Instagram Follow Button', 'QUIC', 'Telegram', 'Twitter Ads', 'UTF-8', 'YouTube', 'jQuery']"
network253.it,NETWORK 253 - Il futuro è ciò che costruiamo,,,42,1290,2026-09-13T08:10:30.812146599Z,"['Apache', 'Azion', 'Facebook Conversion Tracking', 'Facebook Login', 'Facebook Messenger Platform', 'Facebook Pixel', 'Facebook Reseller', 'Facebook Tag API', 'Font Awesome', 'GZIP Module', 'Google Cloud DNS', 'Google Font API', 'SnatchBot', 'Tailwind CSS', 'Telegram', 'University or College', 'WordPress', 'jQuery']"
babacarthiandoum.link,Babacar Thiandoum | Ngaparou Quartier Escale MBOUR ...,,SEN,77,17884,2026-09-13T08:10:30.806129942Z,"['Alternate Protocol', 'Automattic', 'Automattic Direct', 'DoubleClick Bid Manager', 'Giphy', 'Google', 'Google Analytics', 'Google Cloud DNS', 'Google Font API', 'Google My Business', 'Google Recommendations AI', 'Google Tag Manager', 'Jetpack Site Accelerator', 'Microdata for Google Shopping', 'Nginx', 'Perl', 'Telegram', 'UTF-8', 'WordPress', 'WordPress Stats']"
zerofive07.com,ZeroFive07,,USA,67,760,2026-09-13T07:48:14.172704591Z,"['Facebook Login', 'Facebook Messenger Platform', 'Facebook Reseller', 'Google Analytics', 'Google Cloud DNS', 'Google Font API', 'Google Related Website Sites', 'Google Tag Manager', 'InitiativeS', 'LiteSpeed', 'Ntent', 'QUIC', 'Tailwind CSS', 'Telegram', 'UTF-8', 'YouTube']"
enuoli.com,enuoli.com – Just another WordPress site,,USA,65,189,2026-09-13T07:48:14.148381182Z,"['Alternate Protocol', 'Contact Form Plugin', 'EmbedPress', 'GZIP Module', 'Google Cloud DNS', 'Google Font API', 'Nginx', 'PHP', 'QUIC', 'Telegram', 'Theme In WP', 'Twitter Ads', 'UTF-8', 'WPBakery', 'Woo Themes', 'WooCommerce', 'WooCommerce Checkout', 'WordPress', 'WordPress Multisite', 'jQuery']"
agapechristiancentre.org.uk,AFM SOUTHEND - AGAPE CHRISTIAN CENTRE,,GBR,75,8440,2026-09-13T07:48:14.14864588Z,"['Google Cloud DNS', 'Google Font API', 'IcoMoon', 'License Buttons', 'Material Design for Bootstrap', 'Nginx', 'RM Education', 'Tailwind CSS', 'Telegram', 'Twitter Ads', 'UTF-8', 'W3.CSS', 'W3layouts', 'YouTube', 'about.me']"
drysifthash.com,Dry Sift Hash - Dry Sift Hash,Dry sift hash,GBR,77,7558,2026-09-13T07:48:14.12398191Z,"['Agoda', 'Alternate Protocol', 'Apture Linking Platform', 'Contact Form Plugin', 'Content Delivery Network', 'Elementor', 'EmbedPress', 'Express', 'Fastly', 'FreeCSSTemplates', 'Google', 'Google Analytics', 'Google Cloud CDN', 'Google Cloud DNS', 'Google Font API', 'Google Tag Manager', 'Gtranslate for Wordpress', 'Jetpack', 'LiteSpeed', 'MailChimp for WordPress', 'Microdata for Google Shopping', 'NFOrce Internet', 'PHP', 'QUIC', 'Site Kit', 'Site Reviews for Wordpress', 'Slider Revolution', 'Tailwind CSS', 'Telegram', 'Theme In WP', 'UTF-8', 'Woo Themes', 'WooCommerce', 'WooCommerce Checkout', 'WooFramework', 'WordPress', 'WordPress Multisite', 'WordPress Stats', 'XTemos Studio', 'jQuery']"
xactrewards.com,XACT,,,62,1467,2026-09-13T07:35:22.404162574Z,"['Apache', 'Bulma', 'Coinbase', 'Crypto.com', 'CryptoCompare', 'Discord', 'Google Cloud DNS', 'Google Font API', 'IcoMoon', 'Instagram Follow Button', 'QUIC', 'Telegram', 'Twitter Ads', 'UTF-8', 'Yahoo Finance Widget', 'YouTube', 'jsDelivr']"
samababaee.ir,Sama Babaee,,IRN,65,568,2026-09-13T07:12:59.372904846Z,"['Bulma', 'Content Delivery Network', 'GitHub Hosting', 'Google Cloud DNS', 'Google Font API', 'Instagram Follow Button', 'Netlify', 'PWA', 'QUIC', 'Tailwind CSS', 'Telegram', 'UTF-8', 'arsys.es', 'jsDelivr']"
jouza3tivity.com,Jouza3tivity: Business Advice and Productivity Insights | Jouza3tivity,,,62,17554,2026-09-13T07:12:59.363253389Z,"['AWS WAF Challenge', 'Alternate Protocol', 'Content Delivery Network', 'Google', 'Google Cloud DNS', 'Google Font API', 'Instagram Follow Button', 'Microdata for Google Shopping', 'Perl', 'Pexels', 'Telegram', 'Thank You', 'Unsplash', 'YouTube', 'Zyro']"
vectorion.design,Vectorion,,,67,39460,2026-09-13T06:58:10.069119489Z,"['App Store', 'Broad Street Ads', 'Content Delivery Network', 'DAV', 'Figma', 'Flow', 'Next.js', 'QUIC', 'Radix UI', 'Tailwind CSS', 'Telegram', 'TieLabs', 'UTF-8', 'Vector Internet Services', 'Vercel']"
alfa-tr.ru,"Паллеты быстро и недорого, ООО ""Альфа-Трейд""","ООО ""Альфа-Трейд""",RUS,77,23499,2026-09-13T06:58:10.043856122Z,"['ADFOX', 'Alternate Protocol', 'Fireblade', 'Font Awesome', 'GZIP Module', 'Google Maps', 'Google My Business', 'Microdata for Google Shopping', 'Nginx', 'PWA', 'QUIC', 'Telegram', 'UTF-8', 'Yandex Hosting', 'Yandex Metrika', 'jQuery']"
hiltitamircisi.com,Hilti Tamircisi | 2025,,TUR,60,10147,2026-09-13T06:45:55.725250185Z,"['CDN JS', 'Cloudflare', 'Cloudflare CDN', 'Ektron', 'FreeCSSTemplates', 'Google Cloud DNS', 'Google Font API', 'Instagram Follow Button', 'Nginx', 'PHP', 'Parallels Plesk Panel', 'Tailwind CSS', 'Telegram', 'UTF-8', 'YouTube']"
filmdirector-annet.com,KACHAIENKO ANNA - KACHAIENKO ANNA,,ZAF,70,11297,2026-09-13T06:45:55.677374846Z,"['Alternate Protocol', 'Baidu Cloud', 'CDN JS', 'Cloudflare', 'Cloudflare CDN', 'Coming Soon Page', 'Contact Form Plugin', 'EmbedPress', 'Fastly', 'Google', 'Google Cloud DNS', 'Google Font API', 'Google My Business', 'Instagram Follow Button', 'Microdata for Google Shopping', 'Nginx', 'PHP', 'Perl', 'Polylang', 'QUIC', 'Telegram', 'Theme In WP', 'UTF-8', 'Vello', 'WordPress', 'WordPress Multisite', 'Yandex Hosting', 'YouTube', 'reCAPTCHA']"
lassa.uz,Lassa | Официальный дистрибьютер в Узбекистане,Lassa | Официальный дистрибьютер в Узбекистане,UZB,60,60,2026-09-13T06:45:55.676812648Z,"['ADFOX', 'Alternate Protocol', 'Contact Form Plugin', 'EmbedPress', 'GZIP Module', 'Google My Business', 'Instagram Follow Button', 'Microdata for Google Shopping', 'Nginx', 'PHP', 'Telegram', 'Theme In WP', 'UTF-8', 'Woo Themes', 'WooCommerce', 'WooCommerce Checkout', 'WordPress', 'WordPress Multisite', 'Yandex Hosting', 'Yandex Metrika', 'jQuery', 'reCAPTCHA']"
b2b-trading.nl,B2B Trading - Solutions for Education and Business,B2B Trading,NLD,77,3701,2026-09-13T06:35:28.224325431Z,"['Alternate Protocol', 'Contact Form Plugin', 'Elementor', 'EmbedPress', 'Google', 'Google Analytics', 'Google Cloud CDN', 'Google Cloud DNS', 'Google Font API', 'Google Tag Manager', 'Instagram Follow Button', 'Microdata for Google Shopping', 'Newsletter for Wordpress', 'Nginx', 'OceanWP', 'PHP', 'Polylang', 'QUIC', 'Tailwind CSS', 'Telegram', 'Theme In WP', 'UTF-8', 'WP Mobile Menu', 'WPForms', 'Woo Themes', 'WooCommerce', 'WooCommerce Checkout', 'WordPress', 'WordPress Multisite', 'YouTube', 'jQuery']"
cryptocalc.online,Mining profitability calculator «Crypto Calc»,,,62,18620,2026-09-13T06:25:10.675093211Z,"['ADFOX', 'Alternate Protocol', 'Content Delivery Network', 'GZIP Module', 'Google', 'Google Analytics', 'Google Cloud CDN', 'Google Cloud DNS', 'Google Font API', 'Google Tag Manager', 'Material-UI', 'Next.js', 'Nginx', 'RM Education', 'Telegram', 'UTF-8', 'Yandex Hosting', 'Yandex Metrika']"
maspouches.com,Home - Premium Nicotine Pouches Online,Premium Nicotine Pouches Online,,67,33775,2026-09-13T06:25:10.675702318Z,"['AWS WAF Challenge', 'Alternate Protocol', 'Cloudflare', 'Cloudflare CDN', 'Content Delivery Network', 'EmbedPress', 'Express', 'Fireblade', 'Flatsome', 'Google', 'Google My Business', 'Google Related Website Sites', 'IcoMoon', 'Instagram Follow Button', 'LiteSpeed', 'Microdata for Google Shopping', 'PHP', 'QUIC', 'Sitelinks Search Box', 'Tailwind CSS', 'Telegram', 'Theme In WP', 'UTF-8', 'Woo Themes', 'WooCommerce', 'WooCommerce Checkout', 'WordPress', 'WordPress Multisite', 'YouTube', 'jQuery']"
purewhitedoves.co.uk,Pure White Doves,,,72,228927,2026-09-13T06:01:12.694727784Z,"['Alternate Protocol', 'Amazon WAF Blocked', 'Apache', 'BLR', 'Cloudflare', 'Content Delivery Network', 'DAV', 'EmbedPress', 'Event Tickets for Wordpress', 'FreeBSD', 'GZIP Module', 'Gravity', 'Gravity Forms', 'Instagram Follow Button', 'KeyCDN', 'PHP', 'Python', 'QUIC', 'SMC', 'Salesforce Hosted', 'Shopware', 'SiteW', 'Telegram', 'The Events Calendar', 'Theme In WP', 'ThemeFusion', 'Tumblr', 'UTF-8', 'University or College', 'Vector Internet Services', 'Vello', 'WP jQuery Lightbox', 'WhatsApp Sharing', 'Woo Themes', 'WordPress', 'WordPress Multisite', 'WordPress Related Posts', 'Yandex Hosting', 'jQuery', 'symfony PHP Framework']"
alabugin.dev,alabugin.dev,alabugin.dev,,40,600,2026-09-13T06:01:12.687577871Z,"['Alternate Protocol', 'Content Delivery Network', 'Fastly', 'GZIP Module', 'GitHub Hosting', 'Hugo', 'Microdata for Google Shopping', 'Telegram', 'UTF-8']"
lesnoirai.by,Отдых в Беларуси на Чигиринском водохранилище - Лесной рай,,BLR,82,9184,2026-09-13T05:37:38.807354379Z,"['ADFOX', 'Chatra', 'GZIP Module', 'Google Cloud DNS', 'Google Font API', 'IcoMoon', 'Instagram Follow Button', 'Joomla!', 'Microdata for Google Shopping', 'Nginx', 'RokNavMenu', 'Telegram', 'UTF-8', 'Yandex Hosting', 'Yandex Metrika', 'jQuery']"
oriendapolyclinic.com,Orienda Hospital,,,67,15432,2026-09-13T05:37:38.77491157Z,"['AWS WAF Challenge', 'Alternate Protocol', 'Content Delivery Network', 'Google My Business', 'Line2', 'Next.js', 'QUIC', 'Telegram', 'UTF-8', 'Vercel', 'shadcn ui']"
brokenomorecoin.com,$BROKENOMORE,,,62,17920,2026-09-13T05:13:04.636859903Z,"['AWS WAF Challenge', 'Cloudflare', 'Cloudflare CDN', 'Content Delivery Network', 'Google', 'Google Analytics', 'Google Cloud DNS', 'Google Font API', 'Google My Business', 'Google Tag Manager', 'IPFS', 'Next.js', 'Pleroma', 'QUIC', 'Tailwind CSS', 'Telegram', 'Twitter Ads', 'UTF-8', 'Vercel', 'shadcn ui']"
jasonchurch.link,Jason Church | Gravatar,,GBR,82,17884,2026-09-13T05:13:04.633936171Z,"['Alternate Protocol', 'Automattic', 'Automattic Direct', 'DoubleClick Bid Manager', 'Giphy', 'Google', 'Google Analytics', 'Google Cloud DNS', 'Google Font API', 'Google My Business', 'Google Recommendations AI', 'Google Tag Manager', 'Jetpack Site Accelerator', 'Mastodon', 'Microdata for Google Shopping', 'Nginx', 'Perl', 'Telegram', 'UTF-8', 'WordPress', 'WordPress Stats', 'YouTube']"
cornholemb.ca,Cornhole Manitoba,,CAN,65,17747,2026-09-13T05:01:27.554720071Z,"['AWS WAF Challenge', 'Alternate Protocol', 'Cloudflare', 'Cloudflare CDN', 'EmbedPress', 'GZIP Module', 'Google', 'Google My Business', 'Instagram Follow Button', 'Jetpack', 'Nginx', 'QUIC', 'Telegram', 'UTF-8', 'WordPress', 'WordPress Multisite', 'WordPress Stats', 'jQuery']"
websitelytics.top,Продуктовая аналитика и A/B тесты,,,65,468,2026-09-13T05:01:27.544284097Z,"['Create React App', 'GZIP Module', 'Google Analytics', 'Google Tag Manager', 'IcoMoon', 'Nginx', 'Pleroma', 'Python', 'Tailwind CSS', 'Telegram', 'UTF-8', 'Ubuntu']"
hudi.com.ua,Головна - HUDI.COM.UA,,,40,,2026-09-13T05:01:27.540094185Z,"['GZIP Module', 'Instagram Follow Button', 'Nginx', 'Telegram', 'UTF-8', 'Ubuntu', 'YouTube', 'jsDelivr']"
starlightevolution.com,Starlight Evolution | High Frequency Quantum Energy Healing,Starlight Evolution,,67,35704,2026-09-13T04:49:51.222532502Z,"['AWS WAF Challenge', 'Alternate Protocol', 'Amazon WAF Blocked', 'Anti-spam for WordPress', 'Apture Linking Platform', 'CleanTalk Spam Protect', 'Elementor', 'EmbedPress', 'Express', 'Fireblade', 'GZIP Module', 'Google', 'Google Cloud CDN', 'Google Related Website Sites', 'LiteSpeed', 'Microdata for Google Shopping', 'NFOrce Internet', 'OoohBoi Steroids for Elementor', 'PHP', 'QUIC', 'Retainful', 'Rey Theme', 'Simple Banner for Wordpress', 'SiteW', 'Table Addons for Elementor', 'Telegram', 'UTF-8', 'WP Rocket', 'Woo Themes', 'WooCommerce', 'WooCommerce Checkout', 'WordPress', 'WordPress Multisite', 'jQuery']"
therockinbirds.it,Nico and the Rockin' Birds,,,60,21563,2026-09-13T04:49:51.21276773Z,"['Apache', 'Apture Linking Platform', 'Azion', 'ClickOn', 'Express', 'GZIP Module', 'GetResponse', 'GitHub Hosting', 'Google', 'Google Cloud CDN', 'Google Cloud DNS', 'Google Font API', 'Google My Business', 'Google Recommendations AI', 'Google Related Website Sites', 'Instagram Follow Button', 'Microdata for Google Shopping', 'NFOrce Internet', 'Ntent', 'SMC', 'Sapper', 'Schema Plugin', 'Subversion', 'Telegram', 'UTF-8', 'YouTube']"
nftshark.app,NFTShark | Buy NFTs from OpenSea with a credit card,,USA,72,2400,2026-09-13T04:49:51.185880751Z,"['Content Delivery Network', 'DAV', 'Fastly', 'GZIP Module', 'GitHub Hosting', 'Instagram Follow Button', 'Next.js', 'Ntent', 'Pleroma', 'QUIC', 'Tailwind CSS', 'Telegram', 'Twitter Ads', 'UTF-8', 'YouTube', 'shadcn ui']"
dpsn.org,DPSN,,,62,22380,2026-09-13T04:36:55.536458104Z,"['AWS WAF Challenge', 'Alternate Protocol', 'Framer Sites', 'GitHub Hosting', 'Google', 'Google Analytics', 'Google Cloud CDN', 'Google Tag Manager', 'Ntent', 'Oracle Cloud', 'Subversion', 'Telegram', 'Yandex Hosting']"
cttire.com,"New Tires, Oil Changes, Auto Repair | Connecticut Tire & Auto Repair",,DEU,82,7977,2026-09-13T04:36:55.51118966Z,"['Alternate Protocol', 'Amazon CloudFront', 'CDN JS', 'Call to Visit', 'CloudFront', 'Cloudflare', 'Cloudflare CDN', 'Duda', 'Font Awesome', 'GZIP Module', 'Google Analytics', 'Google My Business', 'Google Related Website Sites', 'Google Tag Manager', 'Microdata for Google Shopping', 'Nginx', 'Tailwind CSS', 'Telegram', 'TireConnect', 'Twitter Ads', 'UTF-8', 'UserWay', 'Yelp Badge', 'YouTube']"
smolnikov.site,Смольников Виталий. Создание панорамных фото и виртуальных туров,,RUS,77,12236,2026-09-13T04:23:34.583932129Z,"['ADFOX', 'Content Delivery Network', 'Fastly', 'Flat Icon', 'Freepik', 'GZIP Module', 'GitHub Hosting', 'Google Cloud DNS', 'Google Font API', 'Google Maps', 'Google Related Website Sites', 'IcoMoon', 'Instagram Follow Button', 'Telegram', 'UTF-8', 'Yandex Hosting', 'Yandex Metrika', 'jQuery']"
greengoldfm.com,greengoldfm.com,,GBR,60,161,2026-09-13T04:23:34.573851508Z,"['Alternate Protocol', 'Contact Form Plugin', 'Elementor', 'EmbedPress', 'Google', 'Google Cloud CDN', 'Google Cloud DNS', 'Google Font API', 'PHP', 'QUIC', 'Slider Revolution', 'Telegram', 'Theme In WP', 'Twitter Ads', 'UTF-8', 'Woo Themes', 'WooCommerce', 'WooCommerce Checkout', 'WooFramework', 'WordPress', 'WordPress Multisite', 'XTemos Studio', 'jQuery']"
naposhti.com,Na Пошті,,UKR,55,,2026-09-13T04:23:34.557755222Z,"['Content Delivery Network', 'GZIP Module', 'Google Analytics', 'Google My Business', 'Google Tag Manager', 'Instagram Follow Button', 'Next.js', 'Nginx', 'Pleroma', 'Tailwind CSS', 'Telegram', 'UTF-8', 'Ubuntu', 'YouTube']"
prernanews.com,"Prerna News,Prerna News odisha,odisha news website,Prerna News portal,Balangiri News Portal,Best E paper,Best news websit portal",,,52,,2026-09-13T04:15:18.40872697Z,"['Google My Business', 'LiteSpeed', 'PHP', 'QUIC', 'ShareThis', 'Tailwind CSS', 'Telegram', 'UTF-8', 'YouTube']"
ital-import.com,ITALIMPORT -,,,50,752,2026-09-13T04:15:18.384576245Z,"['AWS WAF Challenge', 'Alternate Protocol', 'Cloudflare', 'Cloudflare CDN', 'Creative Mail by Constant Contact', 'EmbedPress', 'GZIP Module', 'Google', 'Google My Business', 'Gtranslate for Wordpress', 'Instagram Follow Button', 'Jetpack', 'Microdata for Google Shopping', 'Nginx', 'PHP', 'QUIC', 'Shopify', 'Telegram', 'Theme In WP', 'UTF-8', 'Woo Themes', 'WordPress', 'WordPress Multisite', 'WordPress Stats', 'jQuery']"
knoxmarlowe.com,The Marlowe - The Marlowe,The Marlowe,,45,1112,2026-09-13T04:15:18.36676241Z,"['Alternate Protocol', 'Apache', 'Content Delivery Network', 'Creative Mail by Constant Contact', 'Elementor', 'EmbedPress', 'GZIP Module', 'Hello Elementor', 'Jetpack', 'Lazy Load for WordPress', 'Microdata for Google Shopping', 'NFOrce Internet', 'OpenTable', 'PHP', 'Telegram', 'Theme In WP', 'UTF-8', 'Woo Themes', 'WordPress', 'WordPress Multisite', 'WordPress Stats', 'jQuery']"
themarriagekeepers.com,My Blog – My WordPress Blog,,GBR,65,2904,2026-09-13T04:01:39.957668899Z,"['Alternate Protocol', 'Better Lead Generation Services', 'Contact Form Plugin', 'Elementor', 'EmbedPress', 'Google', 'Google Cloud CDN', 'Google Cloud DNS', 'Google Font API', 'Instagram Follow Button', 'LiteSpeed', 'PHP', 'Perl', 'QUIC', 'Royal Elementor Addons', 'Slider Revolution', 'Telegram', 'Theme In WP', 'Twitter Ads', 'UTF-8', 'University or College', 'Woo Themes', 'WooCommerce', 'WooCommerce Checkout', 'WooCommerce Payments', 'WooFramework', 'WordPress', 'WordPress Multisite', 'XTemos Studio', 'YouTube', 'jQuery']"
priceok.pk,Latest Mobile Phones & Accessories in Pakistan - Buy Online,,PAK,82,2846,2026-09-13T04:01:39.953551082Z,"['3 Products', 'Alternate Protocol', 'ClickOn', 'Content Delivery Network', 'ElementUI', 'Elementor', 'EmbedPress', 'Facebook Conversion Tracking', 'Facebook Login', 'Facebook Messenger Platform', 'Facebook Pixel', 'Facebook Reseller', 'Facebook Tag API', 'Google Analytics', 'Google Cloud DNS', 'Google Font API', 'Google Related Website Sites', 'Google Tag Manager', 'LiteSpeed', 'Microdata for Google Shopping', 'NFOrce Internet', 'PHP', 'QUIC', 'Sitelinks Search Box', 'Telegram', 'Theme In WP', 'Twitter Ads', 'UTF-8', 'WhatsApp Sharing', 'Woo Themes', 'WooCommerce', 'WooCommerce Checkout', 'WooFramework', 'WordPress', 'WordPress Multisite', 'XTemos Studio', 'jQuery']"
cleancartsbrand.com,Home » Cleancartsbrand,Cleancartsbrand,,60,1056,2026-09-13T03:50:59.940047118Z,"['AWS WAF Challenge', 'Alternate Protocol', 'Apture Linking Platform', 'Astra Theme', 'Automattic', 'Cloudflare', 'Cloudflare CDN', 'Creative Mail by Constant Contact', 'Elementor', 'EmbedPress', 'GZIP Module', 'Google', 'Google Cloud DNS', 'Google Font API', 'Google My Business', 'Google No Site Links Search', 'Google Related Website Sites', 'Instagram Follow Button', 'Jetpack', 'Microdata for Google Shopping', 'NFOrce Internet', 'Nginx', 'PHP', 'Presto Player', 'QUIC', 'Tawk', 'Telegram', 'Theme In WP', 'UTF-8', 'WP Live Chat Support', 'Woo Themes', 'WooCommerce', 'WooCommerce Checkout', 'WooCommerce Payments', 'WordPress', 'WordPress Multisite', 'WordPress Related Posts', 'WordPress Stats', 'jQuery', 'myStickymenu']"
idreamenterprises.com,iDream Enterprises,,USA,60,69,2026-09-13T03:39:04.932303418Z,"['Alternate Protocol', 'EmbedPress', 'GZIP Module', 'Jetpack', 'Lazy Load for WordPress', 'Nginx', 'SuperbThemes', 'Telegram', 'UTF-8', 'Woo Themes', 'WordPress', 'WordPress Multisite']"
apostilleready.com,Apostille Services in Illinois | Notary & Document Legalization,Apostille Ready,USA,82,3525,2026-09-13T03:39:04.903040581Z,"['Alternate Protocol', 'Apache', 'Apture Linking Platform', 'Contact Form Plugin', 'DAV', 'Elementor', 'EmbedPress', 'GZIP Module', 'Google', 'Google Cloud CDN', 'Google Cloud DNS', 'Google Font API', 'Help.com', 'Instagram Follow Button', 'JetElements', 'Kava', 'Microdata for Google Shopping', 'Ntent', 'PHP', 'Perl', 'Polylang', 'Popup Maker for Wordpress', 'QUIC', 'Table Addons for Elementor', 'Telegram', 'Thank You', 'Theme In WP', 'TrustIndex', 'UTF-8', 'University or College', 'Vue.js', 'WP Super Cache', 'WordPress', 'WordPress Multisite', 'jQuery']"
devjobs.uz,IT-Jobs.uz — Find your next IT role in Uzbekistan,,,52,1400,2026-09-13T03:29:37.7066296Z,"['AWS WAF Challenge', 'Alternate Protocol', 'Cloudflare', 'Cloudflare CDN', 'Cloudflare Web Analytics', 'Content Delivery Network', 'Google Analytics', 'Google Forms', 'Google My Business', 'Google Tag Manager', 'Next.js', 'Pleroma', 'Python', 'Tailwind CSS', 'Telegram', 'UTF-8', 'Vector Internet Services', 'shadcn ui']"
melissatreat.dev,Melissa - Application for Psychologists and Psychotherapists,,,72,19839,2026-09-13T03:29:37.642434469Z,"['Alternate Protocol', 'Coming Soon Page', 'Content Delivery Network', 'Fastly', 'Fireblade', 'GZIP Module', 'Google Analytics', 'Google Cloud', 'Google Forms', 'Google My Business', 'Google Play', 'Google Tag Manager', 'Next.js', 'Pleroma', 'QUIC', 'Telegram', 'UTF-8']"
dream-machine.de,Dream Machine GmbH — Software made with ❤️ in Leipzig,Dream Machine GmbH,DEU,82,19731,2026-09-13T03:16:15.190555626Z,"['Alternate Protocol', 'Coming Soon Page', 'Content Delivery Network', 'GZIP Module', 'Instagram Follow Button', 'Line2', 'Microdata for Google Shopping', 'NFOrce Internet', 'Next.js', 'On The Map', 'Pleroma', 'Say what', 'Tailwind CSS', 'Telegram', 'UTF-8', 'shadcn ui']"
engagesoftai.com,Engagesoft | AI-Powered Employee Engagement SaaS Platform,,SAU,82,25347,2026-09-13T03:16:15.159453599Z,"['AJAX Libraries API', 'AWS WAF Challenge', 'Alternate Protocol', 'Amazon', 'Amazon CloudFront', 'Animate It', 'CDN JS', 'CloudFront', 'Cloudflare', 'Cloudflare CDN', 'Coming Soon Page', 'Content Delivery Network', 'GZIP Module', 'Google', 'Google Analytics', 'Google Cloud DNS', 'Google Font API', 'Google Tag Manager', 'IcoMoon', 'Perl', 'Tailwind CSS', 'Telegram', 'Twitter Ads', 'UTF-8', 'Vector Internet Services', 'WF Cookie Consent', 'jsDelivr']"
giftbybandhan.com,Gift By Bandhan – Gift By Bandhan,,CAN,65,23834,2026-09-13T03:07:06.88118488Z,"['Alternate Protocol', 'CDN JS', 'Cloudflare', 'Cloudflare CDN', 'Contact Form Plugin', 'Content Delivery Network', 'Elementor', 'EmbedPress', 'Fireblade', 'Google Cloud DNS', 'Google Font API', 'Google Related Website Sites', 'Instagram Follow Button', 'LiteSpeed', 'NFOrce Internet', 'Oddle', 'PHP', 'QUIC', 'Telegram', 'Theme In WP', 'UTF-8', 'Vector Internet Services', 'Woo Themes', 'WooCommerce', 'WooCommerce Checkout', 'WooFramework', 'WordPress', 'WordPress Multisite', 'XTemos Studio', 'jQuery', 'jsDelivr']"
polis24.com.ua,"Insurance Online in Ukraine — Buy a Car, Travel or Property Policy | Polis24",Polis24 - Insurance Company,UKR,82,15840,2026-09-13T03:07:06.795254058Z,"['AJAX Libraries API', 'Alternate Protocol', 'AutoComplete', 'BJ Lazy Load for WordPress', 'Contact Form Plugin', 'EWWW Image Optimizer', 'EmbedPress', 'Fontello', 'Google Analytics', 'Google Cloud DNS', 'Google Font API', 'Google My Business', 'Google No Site Links Search', 'Google Recommendations AI', 'Google Tag Manager', 'IcoMoon', 'Lazy Load for WordPress', 'Microdata for Google Shopping', 'Nginx', 'PHP', 'Pinterest for Wordpress', 'Schema Plugin', 'Siteheart', 'Subversion', 'Telegram', 'Thank You', 'Theme In WP', 'UTF-8', 'WhatsApp Sharing', 'Woo Themes', 'WordPress', 'WordPress Multisite', 'YouTube', 'jQuery', 'qTranslate']"
kravmagawestside.com,Home - Krav Maga West Side,Krav Maga West Side,IRL,80,1905,2026-09-13T02:42:34.91884415Z,"['Alternate Protocol', 'Bulma', 'Contact Form Plugin', 'EmbedPress', 'Font Awesome', 'FreeCSSTemplates', 'Google Maps', 'Google My Business', 'IcoMoon', 'LiteSpeed', 'Microdata for Google Shopping', 'PHP', 'Page scroll to id', 'QUIC', 'Responsive Lightbox', 'Telegram', 'Theme In WP', 'UTF-8', 'Visual Composer Ultimate Addons', 'WP Bootstrap Starter', 'WP Gallery Custom Links', 'WPBakery', 'Widget Options', 'WordPress', 'WordPress Multisite', 'eLand', 'jQuery', 'jsDelivr', 'reCAPTCHA']"
atainc.us,ATA Inc. – Alexander Tomas and Associates,,,55,63,2026-09-13T02:42:34.909288103Z,"['Alternate Protocol', 'Elementor', 'ElementsKit Elementor', 'EmbedPress', 'GZIP Module', 'Google', 'Google Cloud CDN', 'Google Cloud DNS', 'Google Font API', 'Hello Elementor', 'Nginx', 'PHP', 'Table Addons for Elementor', 'Telegram', 'Theme In WP', 'UTF-8', 'University or College', 'WordPress', 'WordPress Multisite', 'YouTube', 'jQuery']"
shivafiber.com,Shiva Fiber Industrial Group Delijan,,IRN,77,7395,2026-09-13T02:31:52.695324595Z,"['Alternate Protocol', 'CDN JS', 'Cloudflare', 'Cloudflare CDN', 'Complianz', 'ElementUI', 'Elementor', 'EmbedPress', 'GZIP Module', 'Google Maps', 'Google My Business', 'IcoMoon', 'Kitco', 'Microdata for Google Shopping', 'NFOrce Internet', 'Nginx', 'PHP', 'QUIC', 'Sitelinks Search Box', 'Table Addons for Elementor', 'Telegram', 'Theme In WP', 'UTF-8', 'WordPress', 'WordPress Multisite', 'YouTube', 'jQuery']"
tree-service-guys.com,"Tree Service Guys - Tree Removal | Tree Trimming | Tree Care Services | BEST Tree Service Fort Worth, TX",Tree Service Guys,USA,82,47904,2026-09-13T02:20:22.756837614Z,"['AWS WAF Challenge', 'Alternate Protocol', 'Apache', 'Automattic', 'BLR', 'Baidu Cloud', 'DoubleClick Bid Manager', 'Fireblade', 'GZIP Module', 'Google Customer Reviews', 'Google My Business', 'Google Related Website Sites', 'Google Reseller', 'Instagram Follow Button', 'Microdata for Google Shopping', 'NFOrce Internet', 'Ntent', 'Perl', 'QUIC', 'Silverlight', 'StatCounter', 'Telegram', 'Tumblr', 'Twitter Ads', 'UTF-8', 'Way', 'Yandex Hosting', 'YouTube', 'about.me']"
al-valena.com,VALENA AL TOURAGENCY,,EST,70,30468,2026-09-13T01:59:23.106496502Z,"['Alternate Protocol', 'Fireblade', 'GZIP Module', 'Google My Business', 'Gravity', 'IcoMoon', 'Imperva Bot Detection and Mitigation', 'Instagram Follow Button', 'Nginx', 'Ntent', 'Pleroma', 'Sign In With Google', 'Telegram', 'UTF-8', 'YouTube']"
diliste.tr,link,,TUR,35,3,2026-09-13T01:59:23.104600704Z,"['Google Cloud DNS', 'Google Font API', 'Instagram Follow Button', 'Microdata for Google Shopping', 'Nicepage', 'QUIC', 'Telegram', 'YouTube', 'jQuery']"
broker.gmbh,Types of Trading Accounts to Suit Your Trading Style,,GBR,77,90539,2026-09-13T01:59:23.081928547Z,"['CCSI', 'Cloudflare', 'Cloudflare CDN', 'DAV', 'Financial Services Guide', 'Fireblade', 'GZIP Module', 'Investing', 'Krypt Technologies', 'Next.js', 'Pleroma', 'SMC', 'Subversion', 'Telegram', 'TradingView', 'UTF-8']"
amazingrelay.com,Amazing Relay: Autobook Software for Amazon Relay Loadboard,,,67,49,2026-09-13T01:59:23.070152291Z,"['Alternate Protocol', 'EmbedPress', 'GZIP Module', 'Google My Business', 'Instagram Follow Button', 'Nginx', 'PHP', 'Telegram', 'Theme In WP', 'UTF-8', 'WordPress', 'WordPress Multisite', 'YouTube']"
rsanypd.org,Home | Retired Sergeants Association,Retired Sergeants Association,USA,92,18210,2026-09-13T01:59:23.060721178Z,"['Alternate Protocol', 'Bunny Fonts', 'Cloudflare', 'Content Delivery Network', 'DAV', 'Elementor', 'ElementsKit Elementor', 'EmbedPress', 'Fireblade', 'Google Cloud DNS', 'Google Font API', 'Hello Elementor', 'Microdata for Google Shopping', 'NFOrce Internet', 'PHP', 'Pagekit', 'QUIC', 'Sitelinks Search Box', 'SmartCrawl', 'Telegram', 'The Events Calendar', 'Theme In WP', 'Twitter Ads', 'UTF-8', 'WP Engine', 'WhatsApp Sharing', 'WordPress', 'WordPress Multisite', 'jQuery']"
13thstreetwinery.com,Home | 13th Street Winery,13th Street Winery,USA,82,48348,2026-09-13T01:59:23.058658148Z,"['AWS WAF Challenge', 'Alternate Protocol', 'Apture Linking Platform', 'Bunny Fonts', 'Cloudflare', 'Content Delivery Network', 'Contento', 'DoubleClick Bid Manager', 'Elementor', 'EmbedPress', 'Facebook Conversion Tracking', 'Facebook Login', 'Facebook Messenger Platform', 'Facebook Pixel', 'Facebook Reseller', 'Facebook Tag API', 'Font Awesome', 'GitHub Hosting', 'Google', 'Google Analytics', 'Google Cloud DNS', 'Google Font API', 'Google Tag Manager', 'IcoMoon', 'Instagram Follow Button', 'Klaviyo', 'Klaviyo for WordPress', 'Lazy Load for WordPress', 'MailChimp', 'Microdata for Google Shopping', 'PHP', 'Sitelinks Search Box', 'SmartCrawl', 'Tailwind CSS', 'Telegram', 'Theme In WP', 'Twitter Ads', 'Twitter Analytics', 'Twitter Conversion Tracking', 'UTF-8', 'WP Engine', 'WP Rocket', 'WhatsApp Sharing', 'Woo Themes', 'WooCommerce', 'WooCommerce Checkout', 'WooCommerce Pixel Manager by woopt', 'WordPress', 'WordPress Multisite', 'YouTube', 'eLand', 'jQuery']"
pfane.org,HOME,Pfane United For Good IBALIK,USA,65,169,2026-09-13T01:59:23.040216607Z,"['Apache', 'GZIP Module', 'Google Cloud DNS', 'Google Font API', 'Google Maps', 'Google My Business', 'InitiativeS', 'Instagram Follow Button', 'Microdata for Google Shopping', 'Nicepage', 'Telegram', 'YouTube', 'jQuery']"
contractcomposites.co.nz,"Contract Composites | Expert resin infusion and composite solutions tailored for the marine industry, enhancing durability and performance for your vessels.",,NZL,70,2000,2026-09-13T01:43:08.355245136Z,"['Alternate Protocol', 'Divi', 'Elegant Themes', 'EmbedPress', 'GZIP Module', 'Google Cloud DNS', 'Google Font API', 'Jetpack', 'Lazy Load for WordPress', 'NFOrce Internet', 'Nginx', 'PHP', 'Telegram', 'Theme In WP', 'UTF-8', 'Woo Themes', 'WordPress', 'WordPress Multisite', 'jQuery']"
udvet.com,"Vet Hospital In Calgary, AB | University District Vet Clinic",,CAN,82,26163,2026-09-13T01:32:04.439302235Z,"['AWS WAF Challenge', 'Alternate Protocol', 'Amazon WAF Blocked', 'Apture Linking Platform', 'Cloudflare', 'Cloudflare CDN', 'Content Delivery Network', 'Divi', 'Elegant Themes', 'EmbedPress', 'Google', 'Google Analytics', 'Google Cloud CDN', 'Google Cloud DNS', 'Google Font API', 'Google My Business', 'Google Related Website Sites', 'Google Tag Manager', 'Instagram Follow Button', 'Microdata for Google Shopping', 'Monarch Social Sharing Plugin For WordPress', 'PHP', 'PetDesk', 'Sitelinks Search Box', 'Telegram', 'Twitter Ads', 'UTF-8', 'University or College', 'UserWay', 'WP Engine', 'WP Rocket', 'WPForms', 'WhatsApp Sharing', 'Woo Themes', 'WordPress', 'WordPress Multisite', 'WordPress PopUp', 'YouTube', 'eLand', 'reCAPTCHA']"
darulhijrah.academy,Online Islamic Courses For Women | Darul Hijrah Academy,Darul Hijrah Academy,GBR,82,3196,2026-09-13T01:32:04.353159742Z,"['Alternate Protocol', 'EmbedPress', 'Google', 'Google Analytics', 'Google Cloud CDN', 'Google Cloud DNS', 'Google Font API', 'Google Tag Manager', 'IcoMoon', 'Instagram Follow Button', 'Microdata for Google Shopping', 'PHP', 'Site Kit', 'Slider Revolution', 'Telegram', 'The Events Calendar', 'ThemeFusion', 'UTF-8', 'University or College', 'Woo Themes', 'WooCommerce', 'WooCommerce Checkout', 'WooCommerce Payments', 'WordPress', 'WordPress Multisite', 'YouTube', 'jQuery']"
businessmind.agency,Marketing Agency & Advertising Agency in Dubai – Business Mind,Business Mind Media & Marketing Services,IND,77,3860,2026-09-13T01:32:04.351930209Z,"['Alternate Protocol', 'Better Lead Generation Services', 'ByteDance', 'Calendly', 'Elementor', 'EmbedPress', 'Facebook Conversion Tracking', 'Facebook Login', 'Facebook Messenger Platform', 'Facebook Pixel', 'Facebook Reseller', 'Facebook Tag API', 'Google Analytics', 'Google My Business', 'Google Related Website Sites', 'Google Tag Manager', 'Hello Elementor', 'Instagram Follow Button', 'Microdata for Google Shopping', 'NFOrce Internet', 'Sitelinks Search Box', 'Telegram', 'TikTok Conversion Tracking Pixel', 'Twitter Ads', 'UTF-8', 'WordPress', 'WordPress Multisite', 'YouTube', 'jQuery', 'reCAPTCHA']"
eventenvoy.com.ua,Головна - Event Envoy,,UKR,75,1639,2026-09-13T01:32:04.348133309Z,"['Alternate Protocol', 'Contact Form 7', 'Contact Form Plugin', 'EmbedPress', 'Envoy', 'Event', 'Express', 'Facebook Login', 'Facebook Reseller', 'Font Awesome', 'GZIP Module', 'Google Analytics', 'Google Cloud DNS', 'Google Font API', 'Google My Business', 'Google Tag Manager', 'Instagram Follow Button', 'Line2', 'Nginx', 'PHP', 'QUIC', 'Sitelinks Search Box', 'Telegram', 'Theme In WP', 'UTF-8', 'WordPress', 'WordPress Multisite', 'YouTube', 'qTranslate', 'reCAPTCHA']"
nextauditions.com,NextAuditions.com,,,57,271,2026-09-13T01:16:44.613037922Z,"['Alternate Protocol', 'ByteDance', 'Cloudflare', 'Cloudflare CDN', 'Google', 'Google Analytics', 'Google Cloud CDN', 'Google Cloud DNS', 'Google Cloud Storage', 'Google Font API', 'Google Tag Manager', 'Instagram Follow Button', 'Nuxt.js', 'Telegram', 'Thank You', 'TikTok Conversion Tracking Pixel', 'UTF-8', 'Vimeo', 'Vimeo CDN', 'jsDelivr']"
rtp38d.com,RTPBU777.COM,,,40,198,2026-09-13T01:16:44.57439458Z,"['GZIP Module', 'Google Tag Manager', 'Nginx', 'No-Q', 'PHP', 'QUIC', 'Tailwind CSS', 'Telegram']"
allsbc.com,SBC Somali TV | Somali Broadcasting Corporation,,,70,51437,2026-09-13T01:16:44.570599874Z,"['Alternate Protocol', 'Click to Chat for WhatsApp', 'Contact Form Plugin', 'Content Delivery Network', 'Easy Social Icons for WordPress', 'EmbedPress', 'Facebook Embedded Posts', 'Google Cloud DNS', 'Google Font API', 'Google My Business', 'Google Play', 'Instagram Follow Button', 'LiteSpeed', 'Newsmag', 'Newspaper', 'PHP', 'QUIC', 'SMC', 'Telegram', 'Twitter Ads', 'UTF-8', 'University or College', 'WPBakery', 'WordPress', 'WordPress Multisite', 'YouTube', 'jQuery', 'reCAPTCHA', 'tagDiv Cloud Library']"
ctsamvm.org,CTSAMVM,,IDN,60,1771,2026-09-13T01:05:10.496812383Z,"['Adult Content', 'Alternate Protocol', 'Apache', 'Compact WP Audio Player', 'ContentViews', 'DAV', 'Elementor', 'ElementsKit Elementor', 'EmbedPress', 'Facebook Login', 'Facebook Reseller', 'FreeCSSTemplates', 'GeneratePress Company', 'Google Cloud DNS', 'Google Font API', 'Google My Business', 'Google Related Website Sites', 'Linktree', 'NFOrce Internet', 'PDF Embedder for Wordpress', 'PHP', 'QUIC', 'Sticky Header Effects for Elementor', 'Table Addons for Elementor', 'TablePress', 'Telegram', 'Theme In WP', 'Theme My Login', 'UTF-8', 'Umni', 'University or College', 'WordPress', 'WordPress Multisite', 'jQuery', 'wpDataTables']"
bplift.ru,"Продажа и сервисное обслуживание лифтов из Республики Беларусь - Белпромлифт торгово-сервисный Центр ""МогилевЛифтМаш""",,RUS,82,8400,2026-09-13T01:05:10.465353623Z,"['ADFOX', 'Apache', 'Debian', 'GZIP Module', 'Google My Business', 'Tailwind CSS', 'Telegram', 'UTF-8', 'Yandex Hosting', 'Yandex Metrika']"
workersweb.com,"Workers web Business search engine to find workers, employees, and freelancers | Home Page",,,72,2908,2026-09-13T01:05:10.450384945Z,"['CDN JS', 'Cloudflare', 'Cloudflare CDN', 'ElementUI', 'GZIP Module', 'Google', 'Google Cloud DNS', 'Google Font API', 'IcoMoon', 'Instagram Follow Button', 'LiteSpeed', 'PHP', 'Perl', 'Pleroma', 'Python', 'QUIC', 'Telegram', 'Twitter Ads', 'UTF-8']"
armsol.in,"Armsol - Soldering Equipment Manufacturer in Mumbai, India",,IND,82,99897,2026-09-13T01:05:10.443388175Z,"['3 Products', 'Alternate Protocol', 'Automattic', 'Cart.com', 'Content Delivery Network', 'EmbedPress', 'Fireblade', 'Google', 'Google Analytics', 'Google Cloud CDN', 'Google Cloud DNS', 'Google Font API', 'Google Related Website Sites', 'Google Tag Manager', 'Instagram Follow Button', 'Jetpack', 'Kitco', 'Line2', 'LiteSpeed', 'Microdata for Google Shopping', 'PHP', 'QUIC', 'QUIC.cloud', 'Slider Revolution', 'Tailwind CSS', 'Telegram', 'UTF-8', 'University or College', 'WPBakery', 'Woo Themes', 'WooCommerce', 'WooCommerce Checkout', 'WooFramework', 'WordPress', 'WordPress Multisite', 'WordPress Stats', 'XTemos Studio']"
nutrition-plan.pro,Официальный сайт нутрициолога Елены Герасимовой,,RUS,72,8400,2026-09-13T00:53:55.976639528Z,"['ADFOX', 'GZIP Module', 'Nginx', 'Telegram', 'UTF-8', 'Ubuntu', 'Yandex Hosting', 'Yandex Metrika']"
uavcenter.ru,"Центр беспилотных технологий - БПЛА для бизнеса, обучение и сертификация",Центр Беспилотных Технологий,RUS,77,21029,2026-09-13T00:43:42.899393351Z,"['ADFOX', 'Alternate Protocol', 'Bitrix', 'Bitrix24', 'EmbedPress', 'GZIP Module', 'Microdata for Google Shopping', 'Nginx', 'PHP', 'Telegram', 'Theme In WP', 'UTF-8', 'Vector Internet Services', 'Vimeo', 'WhatsApp Sharing', 'WordPress', 'WordPress Multisite', 'Yandex Hosting', 'Yandex Metrika']"
indteca.com,Instituto Internacional de Investigación y Desarrollo Tecnológico Educativo,,ZMB,72,51340,2026-09-13T00:30:19.190845536Z,"['Expedient', 'Fastly', 'Google', 'Google Analytics', 'Google Cloud CDN', 'Google Cloud DNS', 'Google Tag Manager', 'Instagram Follow Button', 'License Buttons', 'LiteSpeed', 'NFOrce Internet', 'PHP', 'Telegram', 'Totara', 'Twitter Ads', 'UTF-8', 'WhatsApp Sharing', 'YouTube', 'jsDelivr']"
iamshilpi.com,Shilpi Agrawal,,IND,82,8856,2026-09-13T00:30:19.186373209Z,"['Alternate Protocol', 'Content Delivery Network', 'Fastly', 'GZIP Module', 'Gatsby JS', 'GitHub Hosting', 'Google Analytics', 'Google Tag Manager', 'IcoMoon', 'Instagram Follow Button', 'Intercom', 'Telegram', 'Twitter Ads', 'UTF-8', 'YouTube']"
woodstreeandlandscaping.com,"Professional Tree Service in Fairfax, VA",,USA,77,251860,2026-09-13T00:30:19.178192655Z,"['Alternate Protocol', 'Angies List', 'BatCache', 'Booking Affiliate', 'Content Delivery Network', 'Cornerstone', 'Demandforce', 'Elementor', 'ElementsKit Elementor', 'EmbedPress', 'Essential Addons for Elementor', 'Express', 'Fastly', 'Google Analytics', 'Google Maps', 'Google My Business', 'Google Related Website Sites', 'Google Tag Manager', 'Hello Elementor', 'Idio', 'Jetpack', 'KAYAK', 'Make Column Clickable Elementor', 'Microdata for Google Shopping', 'NFOrce Internet', 'Nginx', 'Opcity', 'OpenTable', 'PHP', 'Perl', 'QUIC', 'SMC', 'Salesforce Experience Cloud', 'Table Addons for Elementor', 'Telegram', 'Theme In WP', 'UTF-8', 'Way', 'WordPress', 'WordPress Multisite', 'WordPress Stats', 'Yell Business', 'Yellow Book', 'Yellow Pages Canada', 'Yelp Badge', 'Yodle', 'ePages', 'jQuery', 'reCAPTCHA']"
paralelauniverso.com,"Paralela Universo – Loke ĉeestu, globe festu",,,67,647,2026-09-13T00:30:19.174414064Z,"['Alternate Protocol', 'Automattic', 'Content Delivery Network', 'EmbedPress', 'Google My Business', 'Instagram Follow Button', 'Jetpack', 'Jetpack Site Accelerator', 'Nginx', 'PHP', 'Tailwind CSS', 'Telegram', 'Twitter Ads', 'UTF-8', 'WordPress', 'WordPress Multisite', 'WordPress Stats']"
parashou.gr,Αλεξάνδρα Παράσχου & ΣΙΑ Ο.Ε. – Ζαχαρώδη Είδη,,GBR,65,3331,2026-09-13T00:20:53.881023156Z,"['Agoda', 'Alternate Protocol', 'Apture Linking Platform', 'Contact Form Plugin', 'Content Delivery Network', 'DAV', 'Elementor', 'EmbedPress', 'GZIP Module', 'Google', 'Google Analytics', 'Google Cloud CDN', 'Google Cloud DNS', 'Google Font API', 'Google Tag Manager', 'Instagram Follow Button', 'Nginx', 'NitroPack', 'PHP', 'Parallels Plesk Panel', 'QUIC', 'Telegram', 'UTF-8', 'Woo Themes', 'WooCommerce', 'WooCommerce Checkout', 'WooFramework', 'WordPress', 'WordPress Multisite', 'XTemos Studio']"
paries.co.uk,Paries Holdings – Provenance & Proof Systems | Zero Knowledge Proofs,,EGY,77,19140,2026-09-13T00:20:53.865970633Z,"['AWS WAF Challenge', 'Apture Linking Platform', 'Content Delivery Network', 'Corporate Governance and Regulatory Compliance', 'Fastly', 'GZIP Module', 'GitHub Hosting', 'IPFS', 'NFOrce Internet', 'Telegram', 'UTF-8', 'University or College']"
simons-lens.art,simons-lens — photo ❍ video for the thin spaces,simons-lens,,67,3019,2026-09-13T00:05:49.758050856Z,"['Alternate Protocol', 'Coming Soon Page', 'Content Delivery Network', 'Google My Business', 'Idaq', 'Instagram Follow Button', 'Microdata for Google Shopping', 'Next.js', 'Ntent', 'Tailwind CSS', 'Telegram', 'UTF-8', 'Vercel', 'Vimeo']"
ubeyidah.tech,Ubeyidah | Self-taught Developer & AI Explorer,,,82,15240,2026-09-12T23:57:18.509117847Z,"['AWS WAF Challenge', 'Alternate Protocol', 'Apture Linking Platform', 'Content Delivery Network', 'Express', 'GitHub Hosting', 'Medium', 'Microdata for Google Shopping', 'Next.js', 'QUIC', 'Tailwind CSS', 'Telegram', 'UTF-8', 'University or College', 'Vercel', 'YouTube', 'shadcn ui']"
earth-seed.com,Earth Seed - Earth Seed,,,82,39621,2026-09-12T23:45:06.996244323Z,"['AWS WAF Challenge', 'Alternate Protocol', 'Amazon WAF Blocked', 'Anti-spam for WordPress', 'CleanTalk Spam Protect', 'Cloudflare', 'Cloudflare CDN', 'Content Delivery Network', 'Customer Reviews for WooCommerce', 'Elementor', 'EmbedPress', 'Fireblade', 'Google', 'Google Analytics', 'Google Cloud DNS', 'Google Font API', 'Google My Business', 'Google Tag Manager', 'Instagram Follow Button', 'Kitco', 'LiteSpeed', 'Microdata for Google Shopping', 'NFOrce Internet', 'PHP', 'PixelYourSite', 'QUIC', 'Site Kit', 'Telegram', 'Theme In WP', 'UTF-8', 'Woo Themes', 'WooCommerce', 'WooCommerce Checkout', 'WooFramework', 'WordPress', 'WordPress Multisite', 'XTemos Studio', 'jQuery']"
allinonedocument.com,All In One Document - Buy Real/fake Passports and ID cards Online,All In One Document,AUS,82,32955,2026-09-12T23:45:06.99421075Z,"['Alternate Protocol', 'Apture Linking Platform', 'Cloudflare', 'Cloudflare CDN', 'Cloudflare Web Analytics', 'Content Delivery Network', 'Elementor', 'EmbedPress', 'Fireblade', 'Font Awesome', 'FreeCSSTemplates', 'Google', 'Google Cloud DNS', 'Google Font API', 'Google Related Website Sites', 'HubSpot WordPress Plugin', 'JivoSite', 'LiteSpeed', 'Microdata for Google Shopping', 'NFOrce Internet', 'Ninja Forms', 'PHP', 'Pagekit', 'Post Views Counter', 'SiteOrigin', 'Sitelinks Search Box', 'Smush Image Optimization', 'Sydney Theme', 'TablePress', 'Telegram', 'Theme In WP', 'UTF-8', 'University or College', 'WPForms', 'Woo Themes', 'WordPress', 'WordPress Multisite', 'Yandex Hosting', 'jQuery']"
xn----8sbf5aimcar0m.xn--p1ai,Моя корова — федеральный проект. Аренда коровы под 20% годовых,,RUS,82,8490,2026-09-12T23:45:06.987628281Z,"['ADFOX', 'Flat Icon', 'GZIP Module', 'Nginx', 'Telegram', 'UTF-8', 'WhatsApp Sharing', 'Yandex Hosting', 'Yandex Metrika', 'YouTube', 'jsDelivr']"
cheryleamanbooks.com,Cheryle Books,,GBR,75,6088,2026-09-12T23:45:06.963643168Z,"['Alternate Protocol', 'Apache', 'Content Delivery Network', 'ContentBox', 'EmbedPress', 'GZIP Module', 'Google Cloud DNS', 'Google Font API', 'PHP', 'QUIC', 'Shifter', 'Telegram', 'Theme In WP', 'UTF-8', 'Vector Internet Services', 'WPBakery', 'WPForms', 'Woo Themes', 'WooCommerce', 'WooCommerce Checkout', 'WooFramework', 'WordPress', 'WordPress Multisite', 'jQuery']"
bazchi.ir,سامانه هوشمند املاک بازچی,,,55,1335,2026-09-12T23:33:46.523329437Z,"['ArvanCloud', 'Bulma', 'GZIP Module', 'Google Cloud DNS', 'Google Font API', 'Google My Business', 'HHVM', 'Instagram Follow Button', 'QUIC', 'Tailwind CSS', 'Telegram', 'UTF-8', 'Vector Internet Services', 'jQuery', 'reCAPTCHA']"
hsiaomeilin.com,"Hsiao-Mei, Lin's Official Page",,GBR,77,65059,2026-09-12T23:33:46.521146696Z,"['AWS WAF Challenge', 'Apache', 'Carrd', 'DAV', 'Express', 'GZIP Module', 'Google Cloud DNS', 'Google Font API', 'Instagram Follow Button', 'QUIC', 'SMC', 'Telegram', 'University or College']"
aidigitalempire.xyz,"@aidigitalempire | Digital Marketing Lounge, The AI Promo",,,62,38734,2026-09-12T23:33:46.501783774Z,"['AI Log', 'AWS WAF Challenge', 'Alternate Protocol', 'Apture Linking Platform', 'Beacons', 'GZIP Module', 'Google Cloud', 'Google Cloud DNS', 'Google Cloud Storage', 'Instagram Follow Button', 'KVH', 'Microdata for Google Shopping', 'Nationwide Mortgage Licensing System and Registry', 'Next.js', 'PWA', 'QUIC', 'Subversion', 'Telegram', 'Twitter Ads', 'UTF-8', 'Unsplash', 'YouTube']"
openvasp.org,OpenVASP Association,OpenVASP Association,CHE,65,76333,2026-09-12T23:23:03.755149349Z,"['Adobe Creative Cloud WebFonts', 'Aruba', 'Express', 'GZIP Module', 'Google Forms', 'Google My Business', 'Line2', 'Magento Enterprise', 'Microdata for Google Shopping', 'QUIC', 'SiteW', 'Squarespace', 'Telegram', 'UTF-8', 'WordPress SEO Structured Data Schema Plugin', 'eLand']"
ngassociate.in,NG Associate,,IND,72,4000,2026-09-12T23:23:03.751274966Z,"['Apache', 'Bulma', 'CDN JS', 'Cloudflare', 'Cloudflare CDN', 'GZIP Module', 'GetResponse', 'IcoMoon', 'StackPath', 'Telegram', 'WhatsApp Sharing', 'jsDelivr']"
ahmedhamade.com,Ahmed Hamade | Full-Stack Developer & Web Content Manager,,TUR,77,780,2026-09-12T23:23:03.722297585Z,"['ASP.NET Core', 'Alternate Protocol', 'Content Delivery Network', 'InitiativeS', 'Microdata for Google Shopping', 'Next.js', 'Python', 'Tailwind CSS', 'Telegram', 'UTF-8', 'University or College', 'Vercel', 'Visual Studio']"
tgnames.com,TGnames - Premium Telegram Names Service. Buy the Best TG Name Now,,,72,49,2026-09-12T23:12:00.628919043Z,"['Alternate Protocol', 'EmbedPress', 'GZIP Module', 'Google Analytics', 'Google Tag Manager', 'Nginx', 'QUIC', 'Subversion', 'Tailwind CSS', 'Telegram', 'UTF-8', 'WordPress', 'jQuery']"
feye.pro,Falcon Eye - Professional App & System Development,,IRQ,65,15000,2026-09-12T23:12:00.59538246Z,"['AWS WAF Challenge', 'CDN JS', 'Cloudflare', 'Cloudflare CDN', 'Nginx', 'QUIC', 'Telegram']"
alliance-academy.com,Home | Alliance Academy,,ETH,70,2146,2026-09-12T22:58:05.621394693Z,"['Apache', 'Backdrop', 'Content Delivery Network', 'Drupal', 'Easy Pie Chart', 'Font Awesome', 'Google Cloud DNS', 'Google Font API', 'IcoMoon', 'Instagram Follow Button', 'NFOrce Internet', 'PHP', 'QUIC', 'Slider Revolution', 'Telegram', 'UTF-8', 'University or College', 'YouTube', 'jQuery']"
dougley.net,@dougley,,,42,1419,2026-09-12T22:58:05.605985398Z,"['ArvanCloud', 'Community', 'Font Awesome', 'GZIP Module', 'GitHub Hosting', 'Tailwind CSS', 'Telegram', 'Twitter Ads', 'UTF-8', 'jsDelivr', 'shadcn ui']"
betroyal365.com,Best Online Casino & Sports Betting App In India – Betroyal365,,IND,82,7912,2026-09-12T22:48:55.894026983Z,"['ETranslate', 'Express', 'GTranslate', 'GZIP Module', 'Gambling Content', 'Google', 'Google Analytics', 'Google Cloud DNS', 'Google Font API', 'Google My Business', 'Google Related Website Sites', 'Google Tag Manager', 'Instagram Follow Button', 'LiveChat', 'LiveChat Monitoring', 'Nginx', 'QUIC', 'Rocket Chat', 'Tailwind CSS', 'Telegram', 'Twitter Ads', 'UTF-8', 'Ubuntu', 'YouTube']"
torust.me,torust.me | technical and non-technical musings from a computer graphics tourist.,,,62,2400,2026-09-12T22:48:55.885986241Z,"['Alternate Protocol', 'Content Delivery Network', 'Fastly', 'GZIP Module', 'GitHub Hosting', 'Jekyll', 'Microdata for Google Shopping', 'Tailwind CSS', 'Telegram', 'Twitter Ads', 'UTF-8']"
arogyvym.com,Arogyvym: Holistic Wellness Through Ayurvedic Practices | arogyvym,,IND,72,2554,2026-09-12T22:48:55.885113908Z,"['Alternate Protocol', 'Content Delivery Network', 'Express', 'Google', 'Google Cloud DNS', 'Google Font API', 'Instagram Follow Button', 'Microdata for Google Shopping', 'Perl', 'Pexels', 'QUIC', 'Telegram', 'Thank You', 'Unsplash', 'YouTube', 'Zyro']"
pusk.uz,PUSK — Digital Transformation Company,PUSK,UZB,82,,2026-09-12T22:48:55.876173041Z,"['Alternate Protocol', 'Content Delivery Network', 'GZIP Module', 'Microdata for Google Shopping', 'Next.js', 'Nginx', 'Telegram', 'UTF-8']"
europewelders.eu,Europe Welders SK,Site1_SK,,42,3,2026-09-12T22:36:18.539245037Z,"['Discord', 'Google Cloud DNS', 'Google Font API', 'Microdata for Google Shopping', 'OpenResty', 'Telegram', 'jQuery']"
developingsolutionsllc.com,"Land Use And Development | Developing Solutions, LLC | United States","Developing Solutions, LLC",USA,87,104828,2026-09-12T22:36:18.490335368Z,"['AWS WAF Challenge', 'Alternate Protocol', 'Amazon WAF Blocked', 'Apture Linking Platform', 'Cloudflare', 'Content Delivery Network', 'Express', 'Fastly', 'Fastly CDN', 'GZIP Module', 'Google Related Website Sites', 'Harbor', 'Microdata for Google Shopping', 'NFOrce Internet', 'PWA', 'Parcel', 'QUIC', 'SMC', 'Seflow Italy', 'Sentry', 'SiteW', 'Telegram', 'UTF-8', 'University or College', 'Vector Internet Services', 'Wix', 'Wix Media', 'eLand', 'mlcom']"
yuribot.io,AlyssaDaemon's Blog,,,67,2490,2026-09-12T22:21:50.713101049Z,"['Alternate Protocol', 'Content Delivery Network', 'Fastly', 'Flat Icon', 'GZIP Module', 'GitHub Hosting', 'Hugo', 'Jekyll', 'License Buttons', 'Ntent', 'PWA', 'RawGit', 'Telegram', 'Twitter Ads', 'UTF-8', 'University or College', 'YouTube']"
mobileacademy.ng,Mobile Academy,,NGA,72,39,2026-09-12T22:21:50.698133722Z,"['CDN JS', 'Cloudflare', 'Cloudflare CDN', 'Coming Soon Page', 'Instagram Follow Button', 'LiteSpeed', 'PHP', 'QUIC', 'Tailwind CSS', 'Telegram', 'UTF-8', 'University or College']"
bitinformed.com,Stacks NFTs secured by Bitcoin - BitInformed.com,,,72,1760,2026-09-12T22:21:50.689252977Z,"['Alternate Protocol', 'CoinGecko', 'Content Delivery Network', 'CookieYes', 'Customify', 'EWWW Image Optimizer', 'EmbedPress', 'Google Analytics', 'Google Tag Manager', 'Instagram Follow Button', 'LiteSpeed', 'Meta Slider for WordPress', 'Microdata for Google Shopping', 'PHP', 'Sitelinks Search Box', 'Telegram', 'Theme In WP', 'Twitter Ads', 'UTF-8', 'WordPress', 'WordPress Multisite', 'jQuery']"
huntlydentalpractice.co.uk,Huntly Dental Practice | NHS & Independent Dental Practice,,GBR,82,19495,2026-09-12T22:21:50.689817679Z,"['Alternate Protocol', 'BJ Lazy Load for WordPress', 'Bunny Fonts', 'Complianz', 'Contact Form Plugin', 'Content Delivery Network', 'EmbedPress', 'Fireblade', 'Font Awesome', 'Google', 'Google Analytics', 'Google Cloud CDN', 'Google Cloud DNS', 'Google Font API', 'Google My Business', 'Google Tag Manager', 'IcoMoon', 'Instagram Follow Button', 'LiteSpeed', 'Microdata for Google Shopping', 'PHP', 'QUIC', 'Sitelinks Search Box', 'Slider Revolution', 'Telegram', 'Thank You', 'Theme In WP', 'Twitter Ads', 'UTF-8', 'WPBakery', 'WhatsApp Sharing', 'WordPress', 'WordPress Multisite', 'WordPress PopUp', 'a3 Lazy Load', 'jQuery', 'reCAPTCHA']"
turningpointedu.org,Turning Point Institute - Best IITJEE NEET CBSE Coaching Center Paschim Vihar Delhi,,IND,82,50649,2026-09-12T22:11:45.426234045Z,"['Add to Any', 'Alternate Protocol', 'App Store', 'Bunny Fonts', 'ContentViews', 'Cutomizr', 'EmbedPress', 'Facebook Embedded Posts', 'GZIP Module', 'Google Cloud DNS', 'Google Font API', 'Google My Business', 'Google Play', 'IcoMoon', 'Instagram Follow Button', 'Microdata for Google Shopping', 'Nginx', 'PHP', 'SMC', 'Telegram', 'Theme In WP', 'Twitter Ads', 'UTF-8', 'WP Super Cache', 'WhatsApp Sharing', 'WordPress', 'WordPress Multisite', 'WordPress PopUp', 'YouTube', 'jQuery']"
polkadotcake.com,"Polkadot Cake Shop – NJ Custom Cakes, Desserts & Mobile Bar serving NJ/NY area",,,50,24,2026-09-12T22:11:45.397384886Z,"['Alternate Protocol', 'EmbedPress', 'GZIP Module', 'Google Cloud DNS', 'Google Font API', 'Instagram Feed for WordPress', 'Instagram Follow Button', 'Microdata for Google Shopping', 'Nginx', 'PHP', 'Photo Gallery for WordPress', 'Schema Plugin', 'Square', 'Subversion', 'Telegram', 'Theme In WP', 'UTF-8', 'WPBakery', 'Woo Themes', 'WordPress', 'WordPress Multisite', 'jQuery']"
swolepeepee.com,SWOLE ABOUT,,,62,25220,2026-09-12T22:11:45.37988032Z,"['Amazon', 'Canva Websites', 'Cloudflare', 'Google My Business', 'KVH', 'NFOrce Internet', 'Telegram', 'Twitter Ads', 'UTF-8', 'reCAPTCHA']"
sikhsarenothindus.net,BESTOW the Status of ‘Qaumi Shaheed’ upon Bhai Jaswant Singh Khalra for Defending the Rights of Pro-Khalistan Sikhs Against India’s Policy of Extermination,,USA,70,3940,2026-09-12T21:59:23.557983584Z,"['CDN JS', 'Cloudflare', 'Cloudflare CDN', 'Express', 'Google', 'Google Cloud DNS', 'Google Font API', 'NFOrce Internet', 'Tailwind CSS', 'Telegram', 'Twitter Ads', 'UTF-8', 'WhatsApp Sharing', 'jsDelivr']"
szena-gallery.com,Сцена / Szena,,RUS,65,208,2026-09-12T21:59:23.553867906Z,"['AJAX Libraries API', 'Alternate Protocol', 'Apache', 'Contact Form Plugin', 'EmbedPress', 'GZIP Module', 'Google Cloud DNS', 'Instagram Follow Button', 'PHP', 'Polylang', 'Telegram', 'Theme In WP', 'UTF-8', 'WP Super Cache', 'WordPress', 'WordPress Multisite', 'jQuery']"
decentra.vision,Home | Decentra Vision - On-chain Security,,,82,2690,2026-09-12T21:59:23.5535511Z,"['Better Lead Generation Services', 'Bug Bounty', 'Content Delivery Network', 'Fastly', 'GZIP Module', 'GitHub Hosting', 'Jekyll', 'Microdata for Google Shopping', 'Tally', 'Telegram', 'Twitter Ads', 'UTF-8', 'University or College', 'jsDelivr']"
avtovoz.com.ua,Транспортна компанія avtovoz.com.ua,,ROU,65,40,2026-09-12T21:59:23.541268231Z,"['Facebook Conversion Tracking', 'Facebook Login', 'Facebook Messenger Platform', 'Facebook Pixel', 'Facebook Reseller', 'Facebook Tag API', 'Google Analytics', 'Google Cloud DNS', 'Google Font API', 'Google Tag Manager', 'Instagram Follow Button', 'Nginx', 'QUIC', 'Tailwind CSS', 'Telegram', 'Thank You', 'UTF-8', 'jQuery']"
transcendbookkeeping.com,Home - Transcend Bookkeeping & Finance,Transcend Bookkeeping &amp; Finance,USA,75,18637,2026-09-12T21:48:45.913213725Z,"['AWS WAF Challenge', 'Alternate Protocol', 'Apture Linking Platform', 'Cloudflare', 'Cloudflare CDN', 'Contact Form Plugin', 'Creative Mail by Constant Contact', 'EmbedPress', 'GZIP Module', 'Google', 'Google Cloud DNS', 'Google Font API', 'Google My Business', 'IcoMoon', 'Jetpack', 'Lazy Load for WordPress', 'Microdata for Google Shopping', 'Nginx', 'PHP', 'Slide Anything', 'Tailwind CSS', 'Telegram', 'Theme In WP', 'UTF-8', 'University or College', 'WPBakery', 'Woo Themes', 'WordPress', 'WordPress Multisite', 'WordPress Stats', 'jQuery']"
camelprint.ru,Типография Camel Print,,RUS,72,28440,2026-09-12T21:48:45.899590393Z,"['ADFOX', 'GZIP Module', 'Google Cloud DNS', 'Google Font API', 'Iconz', 'Joomla!', 'Nginx', 'PHP', 'RokNavMenu', 'Subversion', 'Telegram', 'UTF-8', 'Yandex Hosting', 'Yandex Metrika', 'jQuery']"
izhstom.com,"Стоматология в Ижевске, услуги клиники IzhStom",,RUS,77,2188,2026-09-12T21:48:45.891653404Z,"['Alternate Protocol', 'CDN JS', 'Cloudflare', 'Cloudflare CDN', 'Contact Form Plugin', 'EmbedPress', 'Font Awesome', 'GZIP Module', 'Google Cloud DNS', 'Google Font API', 'Microdata for Google Shopping', 'Nginx', 'PHP', 'Prodoctorov', 'Tailwind CSS', 'Telegram', 'Theme In WP', 'UTF-8', 'WordPress', 'WordPress Multisite', 'YouTube', 'jQuery', 'jsDelivr']"
madambutterfly28.bio,Madam_JoyfulButterfly | Washington | Public influen...,,,67,32884,2026-09-12T21:37:11.481351502Z,"['AWS WAF Challenge', 'Alternate Protocol', 'Automattic', 'Automattic Direct', 'DoubleClick Bid Manager', 'Giphy', 'GitHub Hosting', 'Google', 'Google Analytics', 'Google Cloud DNS', 'Google Font API', 'Google My Business', 'Google Recommendations AI', 'Google Tag Manager', 'Jetpack Site Accelerator', 'Microdata for Google Shopping', 'Nginx', 'Perl', 'Telegram', 'UTF-8', 'WordPress', 'WordPress Stats']"
shreeaadhinaturals.com,Shree Aadhi Naturals,,,50,562,2026-09-12T21:29:01.997938178Z,"['Alternate Protocol', 'DAV', 'Elementor', 'EmbedPress', 'Express', 'Google Cloud DNS', 'Google Font API', 'LiteSpeed', 'NFOrce Internet', 'PHP', 'QUIC', 'Smart Slider 3', 'Telegram', 'Theme In WP', 'UTF-8', 'WhatsApp Sharing', 'Woo Themes', 'WooCommerce', 'WooCommerce Checkout', 'WooFramework', 'WordPress', 'WordPress Multisite', 'XTemos Studio', 'eLand', 'jQuery']"
thepalacedanbury.com,Performing Arts Center | Connecticut - The Palace Danbury,,USA,82,2888,2026-09-12T21:13:10.2045743Z,"['Alternate Protocol', 'Cloudflare', 'EmbedPress', 'GZIP Module', 'Google', 'Google Cloud CDN', 'Google Cloud DNS', 'Google Font API', 'Google My Business', 'Instagram Follow Button', 'Microdata for Google Shopping', 'MouseWheel Smooth Scroll', 'Nginx', 'PHP', 'Parcel', 'Telegram', 'Theme In WP', 'TicketSpice', 'UTF-8', 'WPForms', 'WordPress', 'WordPress Multisite', 'jQuery']"
line-f.ru,Тюнинг оружия | Запчасти для оружия | Линия огня,,RUS,72,8868,2026-09-12T21:03:53.323678703Z,"['ADFOX', 'CDN JS', 'Cloudflare', 'Cloudflare CDN', 'ElementUI', 'GZIP Module', 'Google Analytics', 'Google Tag Manager', 'IcoMoon', 'Nginx', 'PWA', 'Pleroma', 'Telegram', 'UTF-8', 'Ubuntu', 'Yandex Hosting', 'Yandex Metrika', 'YouTube', 'jQuery']"
aobuh.ru,Бухгалтерские услуги для бизнеса - бухгалтерская компания АОБУХ,Аобух,RUS,87,15939,2026-09-12T21:03:53.3034393Z,"['ADFOX', 'Bitrix', 'Bulma', 'ElementUI', 'Font Awesome', 'GZIP Module', 'Google', 'Google Cloud DNS', 'Google Font API', 'Google My Business', 'Microdata for Google Shopping', 'Nginx', 'Telegram', 'UTF-8', 'Yandex Hosting', 'Yandex Metrika']"
xn--80a2aadddel6g.xn--p1ai,Аэроспорт - оборудование для фитнес клубов,,,72,10220,2026-09-12T21:03:53.296085345Z,"['ADFOX', 'GZIP Module', 'Google Related Website Sites', 'Nginx', 'PHP', 'Roistat', 'Telegram', 'UTF-8', 'Ubuntu', 'WhatsApp Sharing', 'Yandex Hosting', 'Yandex Metrika', 'shadcn ui']"
goldengatesrealestates.net,Golden Gate Real Estate - Home,,,70,29634,2026-09-12T20:51:04.30539205Z,"['AJAX Libraries API', 'Amazon', 'Amazon CloudFront', 'CloudFront', 'ETranslate', 'Fireblade', 'GTranslate', 'GetButton.io', 'Google', 'Google Cloud DNS', 'Google Font API', 'Google My Business', 'Instagram Follow Button', 'LiteSpeed', 'NFOrce Internet', 'PHP', 'QUIC', 'SmartSupp', 'Tailwind CSS', 'Telegram', 'UTF-8', 'Vector Internet Services', 'WF Cookie Consent', 'YouTube']"
likebit.io,Likebit – Application,,GRC,70,2153,2026-09-12T20:51:04.302332222Z,"['Alternate Protocol', 'Content Delivery Network', 'Discord', 'Elementor', 'ElementsKit Elementor', 'EmbedPress', 'Formidable Pro Form', 'Hello Elementor', 'LiteSpeed', 'NFOrce Internet', 'Polylang', 'Telegram', 'UTF-8', 'WordPress', 'WordPress Multisite', 'eLand', 'jQuery']"
thereportbharat.com,Report Bharat: Latest News today from India and the World,,IND,82,30988,2026-09-12T20:38:50.753135167Z,"['AWS WAF Challenge', 'Accelerated Mobile Pages', 'Alternate Protocol', 'Ametys', 'Baidu Cloud', 'Contact Form Plugin', 'Content Delivery Network', 'DAV', 'EmbedPress', 'GDPR Consent Management Platform', 'GZIP Module', 'GiveWP', 'Google Adsense', 'Google Analytics', 'Google Cloud DNS', 'Google Font API', 'Google Funding Choices', 'Google Matched Content', 'Google Related Website Sites', 'Google Reseller', 'Google Tag Manager', 'Instagram Follow Button', 'Media.net', 'Microdata for Google Shopping', 'Microsoft Clarity', 'Newsmag', 'Newspaper', 'Nginx', 'Onyx Internet', 'Perl', 'QUIC', 'Sitelinks Search Box', 'Telegram', 'Twitter Ads', 'UTF-8', 'University or College', 'WP Video Lightbox', 'WPBakery', 'Web Stories', 'Web Stories for WordPress', 'WordPress', 'WordPress Multisite', 'Yandex Hosting', 'YouTube', 'bbPress', 'eLand', 'jQuery', 'tagDiv Cloud Library']"
telegramco.sg,Home - Telegram Collective,,SGP,70,11420,2026-09-12T20:28:00.016338114Z,"['Advanced Popups', 'Alternate Protocol', 'Animate It', 'Apache', 'Baidu Cloud', 'CentOS', 'Contact Form Plugin', 'Elementor', 'EmbedPress', 'Facebook Conversion Tracking', 'Facebook Login', 'Facebook Messenger Platform', 'Facebook Pixel', 'Facebook Reseller', 'Facebook Tag API', 'Font Awesome', 'Fontello', 'GZIP Module', 'Google Analytics', 'Google Cloud DNS', 'Google Font API', 'Google My Business', 'Google Tag Manager', 'IcoMoon', 'Instagram Follow Button', 'Jetpack', 'Max Mega Menu', 'Microdata for Google Shopping', 'NFOrce Internet', 'OpenSSL', 'PHP', 'QUIC', 'Sitelinks Search Box', 'Slider Revolution', 'Telegram', 'Theme In WP', 'UTF-8', 'Vector Internet Services', 'W3 Total Cache', 'WordPress', 'WordPress Multisite', 'WordPress Stats', 'eLand', 'jQuery', 'reCAPTCHA']"
certificationmantra.in,ISTQB Certification Training In Hyderabad| Best Training,,IND,77,191111,2026-09-12T20:27:59.969950256Z,"['AJAX Libraries API', 'AWS WAF Challenge', 'Alternate Protocol', 'Apache', 'Apture Linking Platform', 'Astra Theme', 'Boei', 'Contact Form Plugin', 'DAV', 'Elementor', 'ElementsKit Elementor', 'EmbedPress', 'Essential Addons for Elementor', 'Fireblade', 'GZIP Module', 'Google', 'Google Analytics', 'Google Cloud DNS', 'Google Font API', 'Google Maps', 'Google My Business', 'Google Tag Manager', 'Instagram Follow Button', 'MailOptin for Wordpress', 'Microdata for Google Shopping', 'Microsoft Clarity', 'NFOrce Internet', 'PHP', 'Perl', 'SAP Ariba Network', 'Salesforce Hosted', 'Sitelinks Search Box', 'Table Addons for Elementor', 'Telegram', 'Theme In WP', 'UTF-8', 'WP Rocket', 'WhatsApp Sharing', 'Woo Themes', 'WordPress', 'WordPress Multisite', 'WordPress Related Posts', 'YouTube', 'jQuery', 'reCAPTCHA']"
camboadventure.com,Cambo Adventure – Cambo Adventure,,,60,542,2026-09-12T20:27:59.9678158Z,"['Alternate Protocol', 'Contact Form Plugin', 'Content Delivery Network', 'Elementor', 'EmbedPress', 'Google Cloud DNS', 'Google Font API', 'Instagram Follow Button', 'LiteSpeed', 'NFOrce Internet', 'PHP', 'Qi Addons For Elementor', 'Slider Revolution', 'Telegram', 'Theme In WP', 'UTF-8', 'Woo Themes', 'WooCommerce', 'WooCommerce Checkout', 'WordPress', 'WordPress Multisite', 'YouTube', 'jQuery']"
romzaev.ru,ПК «Ромзаев» — лазерная гравировка сувенирной продукции,,RUS,75,8908,2026-09-12T20:27:59.958813609Z,"['ADFOX', 'GZIP Module', 'Google Cloud DNS', 'Google Font API', 'IcoMoon', 'OpenResty', 'Tailwind CSS', 'Telegram', 'Yandex Hosting', 'Yandex Metrika']"
subtlewinds.com,Home | Subtle Winds,Subtle Winds,USA,72,18248,2026-09-12T20:12:37.239642045Z,"['AWS WAF Challenge', 'Alternate Protocol', 'Astra Theme', 'Cloudflare', 'Cloudflare CDN', 'Elementor', 'EmbedPress', 'Events Manager for WordPress', 'GZIP Module', 'Google', 'Google Cloud DNS', 'Google Font API', 'Google My Business', 'Instagram Follow Button', 'Jetpack', 'Lazy Load for WordPress', 'Microdata for Google Shopping', 'Nginx', 'PHP', 'Telegram', 'Theme In WP', 'Twitter Ads', 'UTF-8', 'Woo Themes', 'WordPress', 'WordPress Multisite', 'WordPress Related Posts', 'WordPress Stats', 'YouTube', 'jQuery']"
autokoulu-arvoajo.fi,Автошкола ArvoAjo,,FIN,82,11040,2026-09-12T20:12:37.232719036Z,"['ADFOX', 'Baidu Cloud', 'GZIP Module', 'GitHub Hosting', 'Google Analytics', 'Instagram Follow Button', 'Medium', 'Microdata for Google Shopping', 'Schema Plugin', 'Telegram', 'Tilda', 'Twitter Ads', 'UTF-8', 'Yandex Hosting', 'Yandex Metrika', 'YouTube']"
sabriibrahimahmedibrahim.link,شركة صيانكو كشف تسربات المي...,,,67,17884,2026-09-12T20:12:37.221676733Z,"['Alternate Protocol', 'Automattic', 'Automattic Direct', 'DoubleClick Bid Manager', 'Giphy', 'Google', 'Google Analytics', 'Google Cloud DNS', 'Google Font API', 'Google My Business', 'Google Recommendations AI', 'Google Tag Manager', 'Jetpack Site Accelerator', 'Microdata for Google Shopping', 'Nginx', 'Perl', 'Telegram', 'UTF-8', 'WordPress', 'WordPress Stats']"
drorpay.org,Home | Dror,,CHL,65,89108,2026-09-12T20:12:37.212094759Z,"['Amazon WAF Blocked', 'Apture Linking Platform', 'Content Delivery Network', 'Express', 'Fastly', 'Fastly CDN', 'GZIP Module', 'Instagram Follow Button', 'Microdata for Google Shopping', 'NFOrce Internet', 'PWA', 'QUIC', 'SMC', 'Seflow Italy', 'Sentry', 'SiteW', 'Telegram', 'Thank You', 'UTF-8', 'Vector Internet Services', 'Wix', 'Wix Media', 'mlcom']"
mainducks.com,Mainduck's - Turning Moments into Lasting Impressions,Mainduck's,IND,82,26799,2026-09-12T20:12:37.205244449Z,"['Better Lead Generation Services', 'CDN JS', 'Cloudflare', 'Cloudflare CDN', 'Fireblade', 'Font Awesome', 'GetResponse', 'Google My Business', 'IcoMoon', 'Instagram Follow Button', 'Microdata for Google Shopping', 'NFOrce Internet', 'PHP', 'QUIC', 'StackPath', 'Tailwind CSS', 'Telegram', 'Vector Internet Services', 'WhatsApp Sharing', 'WordPress', 'reCAPTCHA', 'shadcn ui']"
ivan-us.com,Ivan Us. Senior Integrated Producer • NYC,,USA,72,42680,2026-09-12T20:01:02.456873091Z,"['ADFOX', 'Apture Linking Platform', 'Baidu Cloud', 'Cloudflare', 'Cloudflare CDN', 'Cloudflare Web Analytics', 'Fireblade', 'GitHub Hosting', 'Google Analytics', 'Google My Business', 'Google Tag Manager', 'HubSpot Conversations', 'Hubspot', 'Instagram Follow Button', 'Medium', 'Microdata for Google Shopping', 'NFOrce Internet', 'QUIC', 'Schema Plugin', 'Telegram', 'Tilda', 'Twitter Ads', 'UTF-8', 'Vector Internet Services', 'Yandex Hosting', 'YouTube']"
elesum.com,Home - EleSum,Shine,CHN,82,17236,2026-09-12T20:01:02.436813182Z,"['Alternate Protocol', 'CleanTalk Spam Protect', 'Content Delivery Network', 'Elementor', 'EmbedPress', 'Fireblade', 'Google Cloud DNS', 'Google Font API', 'LiteSpeed', 'Microdata for Google Shopping', 'NFOrce Internet', 'PHP', 'Perfmatters', 'QUIC', 'Sitelinks Search Box', 'Table Addons for Elementor', 'Telegram', 'Theme In WP', 'TranslatePress', 'Twitter Ads', 'UTF-8', 'Variation Swatches for WooCommerce', 'WhatsApp Sharing', 'Woo Themes', 'WooCommerce', 'WooCommerce Checkout', 'WooFramework', 'WordPress', 'WordPress Multisite', 'XTemos Studio', 'jQuery']"
kvestiks.com,Simple fun activities and entertainment for children and adults at home,Квестикс,,67,13489,2026-09-12T19:50:24.815189465Z,"['ADFOX', 'Apture Linking Platform', 'GZIP Module', 'Google', 'Google Cloud DNS', 'Google Font API', 'Idaq', 'Microdata for Google Shopping', 'Nginx', 'PWA', 'QUIC', 'Tailwind CSS', 'Telegram', 'UTF-8', 'WordPress SEO Structured Data Schema Plugin', 'Yandex Hosting', 'Yandex Metrika', 'YouTube']"
anjie.info,"An Jie (Daniel) Lee | San Diego, CA | UC San Diego ...",,USA,77,17884,2026-09-12T19:37:18.266889809Z,"['Alternate Protocol', 'Automattic', 'Automattic Direct', 'DoubleClick Bid Manager', 'Giphy', 'GitHub Hosting', 'Google', 'Google Analytics', 'Google Cloud DNS', 'Google Font API', 'Google My Business', 'Google Recommendations AI', 'Google Tag Manager', 'Jetpack Site Accelerator', 'Microdata for Google Shopping', 'Nginx', 'Perl', 'Telegram', 'UTF-8', 'WordPress', 'WordPress Stats', 'YouTube']"
igioland.com,Multisala Igioland,,,57,,2026-09-12T19:37:18.266542607Z,"['AutoComplete', 'Azion', 'Content Delivery Network', 'Facebook Login', 'Facebook Messenger Platform', 'Facebook Reseller', 'Google Adsense', 'Google Analytics', 'Google Funding Choices', 'Google Matched Content', 'Google Reseller', 'Google Tag Manager', 'Instagram Follow Button', 'Nginx', 'ShareThis', 'Tailwind CSS', 'Telegram', 'UTF-8']"
scbwa.net,"Space Coast Birding & Wildlife Festival Jan 22-26, 2025 Cape Canaveral",Space Coast Birding and Wildlife Festival,AUS,77,4026,2026-09-12T19:37:18.253018032Z,"['Akismet', 'Alternate Protocol', 'Contact Form Plugin', 'Content Delivery Network', 'EmbedPress', 'Font Awesome', 'Google', 'Google Analytics', 'Google Cloud CDN', 'Google Cloud DNS', 'Google Font API', 'Google My Business', 'Google Tag Manager', 'Instagram Follow Button', 'Microdata for Google Shopping', 'Nginx', 'PHP', 'Slider Revolution', 'Telegram', 'The7', 'Theme In WP', 'Twitter Ads', 'UTF-8', 'Visual Composer Ultimate Addons', 'WPBakery', 'WordPress', 'WordPress Multisite', 'jQuery', 'reCAPTCHA']"
amazinmindset5.com,Amazin Money-Walker | Los Angeles | Amazin Mindset ...,,USA,77,17884,2026-09-12T19:37:18.236525759Z,"['Alternate Protocol', 'Automattic', 'Automattic Direct', 'DoubleClick Bid Manager', 'Giphy', 'Google', 'Google Analytics', 'Google Cloud DNS', 'Google Font API', 'Google My Business', 'Google Recommendations AI', 'Google Tag Manager', 'Jetpack Site Accelerator', 'Microdata for Google Shopping', 'Nginx', 'Perl', 'Telegram', 'UTF-8', 'WordPress', 'WordPress Stats', 'YouTube']"
gwacoalition.org,Greater Westmoreland Arts Coalition,,USA,60,156,2026-09-12T19:26:41.753483911Z,"['Alternate Protocol', 'Automattic', 'EmbedPress', 'Express', 'GZIP Module', 'Givebutter', 'IcoMoon', 'Jetpack', 'Lazy Load for WordPress', 'Nginx', 'QUIC', 'Telegram', 'UTF-8', 'Woo Themes', 'WooCommerce', 'WooCommerce Checkout', 'WooCommerce Payments', 'WordPress', 'WordPress Multisite', 'WordPress Stats', 'YouTube', 'eLand', 'jQuery']"
hansomsrepairs.com,Camera Repair Technician | Hansom’s Repairs,,USA,82,2849,2026-09-12T19:26:41.750617753Z,"['Alternate Protocol', 'Elfsight', 'EmbedPress', 'GZIP Module', 'Google', 'Google Adsense', 'Google Analytics', 'Google Cloud CDN', 'Google Cloud DNS', 'Google Customer Reviews', 'Google Font API', 'Google Funding Choices', 'Google Matched Content', 'Google My Business', 'Google Reseller', 'Google Tag Manager', 'Instagram Follow Button', 'Microdata for Google Shopping', 'MouseWheel Smooth Scroll', 'Nginx', 'PHP', 'Perl', 'QUIC', 'Site Kit', 'Telegram', 'Theme In WP', 'UTF-8', 'WordPress', 'WordPress Multisite', 'YouTube']"
ldwilsonproperties.com,Home - LD Wilson Properties,,,45,503,2026-09-12T19:26:41.739500081Z,"['AWS WAF Challenge', 'Alternate Protocol', 'Apache', 'Automattic', 'Cloudflare', 'Cloudflare CDN', 'Creative Mail by Constant Contact', 'Elementor', 'EmbedPress', 'GZIP Module', 'Google', 'Google My Business', 'Hello Elementor', 'Jetpack', 'Microdata for Google Shopping', 'PHP', 'Telegram', 'Theme In WP', 'UTF-8', 'University or College', 'WPForms', 'WordPress', 'WordPress Multisite', 'WordPress Stats', 'jQuery']"
alfa-locker.com,Violanta Company - Selling and Maintenance of Electronic Storage Systems,,USA,72,3739,2026-09-12T19:26:41.737831707Z,"['Cloudflare', 'Cloudflare CDN', 'Cloudflare Web Analytics', 'Font Awesome', 'Free Call', 'Google', 'Google Cloud CDN', 'Google Cloud DNS', 'Google Font API', 'Google Maps', 'Microdata for Google Shopping', 'PHP', 'Parcel', 'Schema Plugin', 'Telegram', 'UTF-8', 'Ubercart', 'WhatsApp Sharing', 'YouTube', 'jQuery', 'reCAPTCHA']"
borosvita.com.ua,Управління освіти і науки,,,60,31971,2026-09-12T19:26:41.726523429Z,"['34SP.com', 'Amazon', 'Apache', 'Apture Linking Platform', 'ClickOn', 'DAV', 'Express', 'Facebook Embedded Posts', 'GZIP Module', 'GetResponse', 'GitHub Hosting', 'Google', 'Google Cloud CDN', 'Google Cloud DNS', 'Google Font API', 'Google My Business', 'Google Recommendations AI', 'Google Related Website Sites', 'Instagram Follow Button', 'K2F', 'KVH', 'Microdata for Google Shopping', 'NFOrce Internet', 'Nationwide Mortgage Licensing System and Registry', 'No-Q', 'Ntent', 'SMC', 'Sapper', 'Schema Plugin', 'Subversion', 'Telegram', 'UTF-8']"
gsexpert.ma,v0 App,,,57,8000,2026-09-12T19:26:41.700591276Z,"['Apture Linking Platform', 'Content Delivery Network', 'Fireblade', 'Instagram Follow Button', 'NFOrce Internet', 'Next.js', 'Tailwind CSS', 'Telegram', 'UTF-8', 'Vercel', 'YouTube', 'shadcn ui']"
bigbet.energy,Big Bet Energy,,,67,240,2026-09-12T19:26:41.673631884Z,"['Content Delivery Network', 'Gambling Content', 'Instagram Follow Button', 'Next.js', 'Pleroma', 'Tailwind CSS', 'Telegram', 'UTF-8', 'Vercel', 'YouTube', 'shadcn ui']"
travel-bliss.uz,Private Tours in Uzbekistan | TravelBliss,,UZB,77,10263,2026-09-12T19:11:44.102206511Z,"['ADFOX', 'Alternate Protocol', 'DAV', 'Font Awesome', 'FormSubmit', 'GZIP Module', 'GetYourGuide', 'Google Analytics', 'Google My Business', 'Google Tag Manager', 'IcoMoon', 'Instagram Follow Button', 'Microdata for Google Shopping', 'Nginx', 'QUIC', 'Telegram', 'Thank You', 'UTF-8', 'Yandex Hosting', 'Yandex Metrika', 'jsDelivr', 'reCAPTCHA']"
firebarlabs.com,"FireBar Labs - Quality Hemp, Kanna, Mushroom & Smell Proof Fashion",FireBar Labs,USA,77,95176,2026-09-12T19:02:09.315644615Z,"['AWS WAF Challenge', 'AgeChecker.Net', 'Alternate Protocol', 'Amazon CloudFront', 'Amazon WAF Blocked', 'Apture Linking Platform', 'Baidu Cloud', 'CloudFront', 'Cloudflare', 'Cloudflare CDN', 'Express', 'Fastly', 'Fireblade', 'Google', 'Google Cloud DNS', 'Google Maps', 'Google My Business', 'Google Pay', 'GraphQL', 'Instagram Follow Button', 'Microdata for Google Shopping', 'NFOrce Internet', 'QUIC', 'SMC', 'Schema Plugin', 'Shopify', 'Shopify Collabs', 'Shopify Payments', 'Tailwind CSS', 'Telegram', 'Thank You', 'Twitter Ads', 'UTF-8', 'University or College', 'Yandex Hosting', 'hCaptcha', 'reCAPTCHA']"
hanetrades.com,"@hane.trades | Începe Copy Trading, Join the Profit | Beacons",,,52,244,2026-09-12T18:50:08.566757315Z,"['Alternate Protocol', 'Apture Linking Platform', 'Beacons', 'GZIP Module', 'Google Cloud', 'Instagram Follow Button', 'Microdata for Google Shopping', 'Nationwide Mortgage Licensing System and Registry', 'Next.js', 'PWA', 'Subversion', 'Telegram', 'UTF-8', 'Unsplash', 'YouTube']"
proccoli.com,Proccoli | Home,,SGP,67,5800,2026-09-12T18:38:10.008145572Z,"['Alibaba Cloud Object Storage Service', 'CDN JS', 'Cloudflare', 'Cloudflare CDN', 'ElementUI', 'Firebase', 'GZIP Module', 'Google', 'Google Cloud CDN', 'Google Cloud DNS', 'Google Font API', 'Instagram Follow Button', 'LottieFiles', 'Telegram', 'University or College', 'WhatsApp Sharing', 'reCAPTCHA']"
strongest.kz,The Strongest,,,62,15000,2026-09-12T18:38:10.002908884Z,"['Alternate Protocol', 'Express', 'Fireblade', 'GZIP Module', 'Next.js', 'Nginx', 'Pleroma', 'QUIC', 'Telegram', 'Thank You', 'UTF-8']"
98-yumaktab.uz,Toshkent shahar Yunusobod tuman 98-son umumta'lim maktabi,,,62,25768,2026-09-12T18:38:09.981254211Z,"['Alternate Protocol', 'CDN JS', 'Cloudflare', 'Cloudflare CDN', 'DAV', 'Ektron', 'FreeCSSTemplates', 'GZIP Module', 'IcoMoon', 'Instagram Follow Button', 'Nginx', 'PHP', 'Parallels Plesk Panel', 'QUIC', 'Subversion', 'Tailwind CSS', 'Telegram', 'UTF-8', 'YouTube', 'jQuery']"
biophotons.info,Biophotons Info | Living Light & Energy Healing Stream,Biophotons Info,USA,72,22040,2026-09-12T18:38:09.973539358Z,"['AWS WAF Challenge', 'Alternate Protocol', 'CDN JS', 'Cloudflare', 'Cloudflare CDN', 'Cloudflare Turnstile', 'ElementUI', 'Google', 'Google Cloud', 'Google Cloud DNS', 'Google Cloud Storage', 'Google Font API', 'Microdata for Google Shopping', 'Pleroma', 'Telegram', 'UTF-8', 'WhatsApp Sharing', 'YouTube', 'reCAPTCHA']"
talessma.com,Home Sport - TALESSMA INTERNATIONAL PVT LTD,TALESSMA INTERNATIONAL PVT LTD,USA,77,19326,2026-09-12T18:24:26.538831457Z,"['AWS WAF Challenge', 'Alternate Protocol', 'Angular', 'ClickOn', 'Cloudflare', 'Cloudflare CDN', 'Contact Form Plugin', 'Elementor', 'EmbedPress', 'Google', 'Google Analytics', 'Google Cloud DNS', 'Google Font API', 'Google My Business', 'Google Tag Manager', 'LiteSpeed', 'Microdata for Google Shopping', 'NFOrce Internet', 'PHP', 'QUIC', 'Telegram', 'Theme In WP', 'UTF-8', 'Woo Themes', 'WooCommerce', 'WooCommerce Checkout', 'WooFramework', 'WordPress', 'WordPress Multisite', 'XTemos Studio', 'YouTube', 'jQuery']"
yegor256.com,Yegor's Blog About Computers,,,67,20628,2026-09-12T18:13:26.11507227Z,"['AWS WAF Challenge', 'Alternate Protocol', 'Apple Auto Link Maker', 'Content Delivery Network', 'Disqus Comment System for WordPress', 'Fastly', 'GZIP Module', 'GitHub Hosting', 'Google Analytics', 'Google My Business', 'Google Related Website Sites', 'Instagram Follow Button', 'Microdata for Google Shopping', 'Python', 'Schema Plugin', 'Telegram', 'Twitter Ads', 'UTF-8', 'Yandex Hosting', 'YouTube']"
hortlands.co.uk,Transforming Gardens with Excellence & Innovation | Hortlands,,CAN,92,2571,2026-09-12T18:13:26.087853415Z,"['AJAX Libraries API', 'Adobe Creative Cloud WebFonts', 'Alternate Protocol', 'Bunny Fonts', 'Content Delivery Network', 'Elementor', 'EmbedPress', 'Font Awesome', 'Google Analytics', 'Google Cloud DNS', 'Google My Business', 'Google Tag Manager', 'Instagram Follow Button', 'Microdata for Google Shopping', 'Nginx', 'PHP', 'Pico CSS', 'QUIC', 'SmartCrawl', 'Telegram', 'Theme In WP', 'TrustIndex', 'Twitter Ads', 'UTF-8', 'WhatsApp Sharing', 'WordPress', 'WordPress Multisite', 'jQuery', 'reCAPTCHA']"
alfaglb.com,Home - Alfa Global,Alfa Global,TUR,77,23325,2026-09-12T18:03:14.07548579Z,"['Alternate Protocol', 'Amazon WAF Blocked', 'Apture Linking Platform', 'BunnyCDN', 'BunnyCDN General', 'CDN JS', 'Cloudflare', 'Cloudflare CDN', 'Content Delivery Network', 'Content ad', 'Elementor', 'EmbedPress', 'GZIP Module', 'Google', 'Google Analytics', 'Google Cloud DNS', 'Google Font API', 'Google Maps', 'Google My Business', 'Google Tag Manager', 'Instagram Follow Button', 'Lazy Load for WordPress', 'Microdata for Google Shopping', 'NFOrce Internet', 'PHP', 'QUIC', 'Sitelinks Search Box', 'Sucuri Cloudproxy', 'Telegram', 'Theme In WP', 'UTF-8', 'WPML Multilingual', 'Wangsu', 'WhatsApp Sharing', 'Woo Themes', 'WooCommerce', 'WooCommerce Checkout', 'WooFramework', 'WordPress', 'WordPress Multisite', 'XTemos Studio', 'jQuery']"
phucdainguyen.link,Phuc Dai Nguyen | Gravatar,,USA,77,17884,2026-09-12T18:03:14.064775915Z,"['Alternate Protocol', 'Automattic', 'Automattic Direct', 'DoubleClick Bid Manager', 'Giphy', 'Google', 'Google Analytics', 'Google Calendar', 'Google Cloud DNS', 'Google Font API', 'Google My Business', 'Google Recommendations AI', 'Google Tag Manager', 'Jetpack Site Accelerator', 'Microdata for Google Shopping', 'Nginx', 'Perl', 'Telegram', 'UTF-8', 'WordPress', 'WordPress Stats']"
stemreturners.com,Supported Return to Work Programmes | STEM Returners,,GBR,77,26838,2026-09-12T18:03:14.052437866Z,"['AWS WAF Challenge', 'Alternate Protocol', 'Analytify', 'Bunny Fonts', 'Content Delivery Network', 'CookieYes', 'EmbedPress', 'Google', 'Google Analytics', 'Google Cloud DNS', 'Google Font API', 'Google Related Website Sites', 'Google Tag Manager', 'Gravity', 'IcoMoon', 'Instagram Follow Button', 'Kitco', 'Line2', 'Matomo', 'Matomo Tag Manager', 'Microdata for Google Shopping', 'Nectar Slide Plugin', 'Nginx', 'PHP', 'QUIC', 'Salient', 'Simple Social Icons', 'Site Kit', 'Sitelinks Search Box', 'SmartCrawl', 'Tailwind CSS', 'Telegram', 'Theme In WP', 'Twitter Ads', 'UTF-8', 'WP Job Manager', 'WPBakery', 'WhatsApp Sharing', 'WordPress', 'WordPress Multisite', 'jQuery']"
ethelkeir.com,Ethelkeir,,LVA,70,15480,2026-09-12T17:37:22.303511775Z,"['Apture Linking Platform', 'Baidu Cloud', 'CDN JS', 'Cloudflare', 'Cloudflare CDN', 'DDoS-GUARD', 'Express', 'GZIP Module', 'Google', 'Google Cloud DNS', 'Google Font API', 'QUIC', 'Telegram', 'Tilda', 'UTF-8', 'Vector Internet Services', 'Yandex Hosting', 'jsDelivr']"
jackdrag0n.link,JackDrag0n | Gravatar,,,67,17884,2026-09-12T17:27:28.395084767Z,"['Alternate Protocol', 'Automattic', 'Automattic Direct', 'DoubleClick Bid Manager', 'Giphy', 'Google', 'Google Analytics', 'Google Calendar', 'Google Cloud DNS', 'Google Font API', 'Google My Business', 'Google Recommendations AI', 'Google Tag Manager', 'Jetpack Site Accelerator', 'Microdata for Google Shopping', 'Nginx', 'Perl', 'Rumble Player', 'Telegram', 'UTF-8', 'WordPress', 'WordPress Stats', 'YouTube']"
luxemassage.uk,Luxury Mobile Massage London | In-Home Spa Services,,GBR,82,22413,2026-09-12T17:14:13.468129712Z,"['AWS WAF Challenge', 'Alternate Protocol', 'Apture Linking Platform', 'Blocksy', 'Cloudflare', 'Cloudflare CDN', 'Content Delivery Network', 'DAV', 'Elementor', 'EmbedPress', 'Formilla', 'Google', 'Google Cloud DNS', 'Google Font API', 'Google My Business', 'LiteSpeed', 'Matomo', 'Matomo Tag Manager', 'Microdata for Google Shopping', 'NFOrce Internet', 'PHP', 'QUIC', 'Sitelinks Search Box', 'Table Addons for Elementor', 'Telegram', 'Theme In WP', 'UTF-8', 'WP Statistics', 'WPForms', 'WhatsApp Sharing', 'WordPress', 'WordPress Multisite', 'jQuery']"
mugen.tv,MUGEN,,,60,,2026-09-12T17:06:07.577626171Z,"['Alternate Protocol', 'Calendly', 'Content Delivery Network', 'Netlify', 'Next.js', 'Pleroma', 'Tailwind CSS', 'Telegram', 'UTF-8', 'eLand', 'shadcn ui']"
bradleystudycenter.org,Bradley Study Center,Bradley Study Center,,67,3073,2026-09-12T17:06:07.56778624Z,"['Alternate Protocol', 'Astra Theme', 'Beaver Builder Lite', 'Content Delivery Network', 'EmbedPress', 'Google', 'Google Cloud DNS', 'Google Font API', 'Google Forms', 'Google My Business', 'Gravity', 'Gravity Forms', 'Instagram Feed for WordPress', 'Instagram Follow Button', 'Microdata for Google Shopping', 'PHP', 'Share Link', 'Telegram', 'Theme In WP', 'UTF-8', 'University or College', 'WhatsApp Sharing', 'WordPress', 'WordPress Multisite', 'WordPress Related Posts', 'YouTube', 'jQuery']"
lingua-studio.com,Lingua Studio,,,57,347,2026-09-12T17:06:07.559212031Z,"['AWS WAF Challenge', 'Calendly', 'GZIP Module', 'Google Cloud DNS', 'Google Font API', 'Instagram Follow Button', 'Nginx', 'PHP', 'Parallels Plesk Panel', 'Tailwind CSS', 'Telegram', 'UTF-8', 'University or College']"
kyonotabi.com,KYONOTABi | Private Tours,KYONOTABi,JPN,77,90141,2026-09-12T16:51:31.205833479Z,"['Alternate Protocol', 'Amazon WAF Blocked', 'Apture Linking Platform', 'Content Delivery Network', 'DAV', 'Express', 'Fastly', 'Fastly CDN', 'GZIP Module', 'Google Customer Reviews', 'Google Related Website Sites', 'Instagram Follow Button', 'Kewool Testimonials', 'Microdata for Google Shopping', 'NFOrce Internet', 'PWA', 'Perl', 'QUIC', 'SMC', 'Seflow Italy', 'Sentry', 'SiteW', 'Telegram', 'UTF-8', 'Vector Internet Services', 'WP Booking Calendar', 'Wix', 'Wix Media', 'eLand', 'mlcom']"
si1icon.com,SI1ICON | marketing and growth company,,,57,26985,2026-09-12T16:51:31.178021128Z,"['Alternate Protocol', 'Amazon WAF Blocked', 'Apture Linking Platform', 'Better Lead Generation Services', 'Content Delivery Network', 'DAV', 'Express', 'Fastly', 'Fastly CDN', 'GZIP Module', 'Google Related Website Sites', 'Microdata for Google Shopping', 'NFOrce Internet', 'PWA', 'Perl', 'QUIC', 'SMC', 'Seflow Italy', 'Sentry', 'SiteW', 'Subversion', 'Telegram', 'Thank You', 'UTF-8', 'Vector Internet Services', 'WP Booking Calendar', 'Wix', 'Wix Media', 'mlcom']"
donpalomoncigars.com,"Don Palomón Cigars - Celebrate Your Legacy, Your Way",Don Palomon Cigars,CHE,82,20471,2026-09-12T16:51:31.166002788Z,"['501c3 Status Nonprofit', 'AWS WAF Challenge', 'Age Gate', 'Alternate Protocol', 'Apache', 'Automattic', 'Bunny Fonts', 'Contact Form Plugin', 'Cookie Accept', 'Cookie Notice', 'EmbedPress', 'Font Awesome', 'Fonts Plugin', 'GZIP Module', 'Google', 'Google Analytics', 'Google Cloud CDN', 'Google Cloud DNS', 'Google Font API', 'Google My Business', 'Google Tag Manager', 'Gravity Forms', 'Instagram Feed for WordPress', 'Instagram Follow Button', 'Jetpack', 'Microdata for Google Shopping', 'PHP', 'Site Kit', 'Telegram', 'The7', 'Theme In WP', 'Twitter Ads', 'UTF-8', 'Visual Composer Ultimate Addons', 'W3 Total Cache', 'WPBakery', 'WPForms', 'WhatsApp Sharing', 'Woo Themes', 'WooCommerce', 'WooCommerce Checkout', 'WordPress', 'WordPress Multisite', 'WordPress PopUp', 'WordPress Stats', 'YouTube', 'jQuery', 'reCAPTCHA']"
abrhamtech.com,Abrham Tech - Home,,ETH,72,18160,2026-09-12T16:51:31.159914413Z,"['CDN JS', 'Cloudflare', 'Cloudflare CDN', 'Cloudflare Web Analytics', 'Fireblade', 'Google', 'Google Analytics', 'Google Cloud CDN', 'Google Cloud DNS', 'Google Font API', 'Google Related Website Sites', 'Google Tag Manager', 'Instagram Follow Button', 'LiteSpeed', 'Tailwind CSS', 'Telegram', 'UTF-8', 'University or College', 'YouTube', 'shadcn ui']"
atlascontainers.biz,Atlas Containers,,GBR,70,20134,2026-09-12T16:41:44.447585705Z,"['Ajax Search Pro for Wordpress', 'Alternate Protocol', 'CDN JS', 'Cloudflare', 'Cloudflare CDN', 'GZIP Module', 'KVH', 'LiteSpeed', 'Microdata for Google Shopping', 'PHP', 'Polylang', 'QUIC', 'Telegram', 'UTF-8', 'WP Fastest Cache', 'WordPress', 'jsDelivr']"
sono.zp.ua,"Лікар гінеколог - ендокринолог, мамологб лікар УЗД Запоріжжя",,,72,3026,2026-09-12T16:31:03.868551658Z,"['BootstrapMade', 'Font Awesome', 'GZIP Module', 'Google', 'Google Cloud DNS', 'Google Font API', 'Google My Business', 'IcoMoon', 'Nginx', 'Tailwind CSS', 'Telegram']"
more4life.net,St. Louis Physical Therapy Specialist In Chronic Pain Relief | More 4 Life,More 4 Life,GBR,77,39922,2026-09-12T16:31:03.853947079Z,"['Adult Content', 'Alternate Protocol', 'Amazon WAF Blocked', 'Apture Linking Platform', 'Beaver Builder Lite', 'Content Delivery Network', 'DAV', 'EmbedPress', 'GZIP Module', 'GeneratePress Company', 'Google', 'Google Analytics', 'Google Maps', 'Google My Business', 'Google Recommendations AI', 'Google Tag Manager', 'Groove.CM', 'IcoMoon', 'Infusionsoft', 'Instagram Follow Button', 'Lazy Load for WordPress', 'Microdata for Google Shopping', 'OptiMonk', 'PHP', 'Perl', 'QUIC', 'Silverlight', 'Sucuri Cloudproxy', 'Telegram', 'Twitter Ads', 'UTF-8', 'WP Rocket', 'Wangsu', 'WordPress', 'WordPress Multisite', 'YouTube', 'reCAPTCHA']"
cryptocrispy.com.au,CryptoCrispy - Trade Better with Next-Gen AI,,,77,7918,2026-09-12T16:17:13.078331432Z,"['Amazon', 'Amazon CloudFront', 'Amazon Route 53', 'Amazon S3 CDN', 'Anima', 'CloudFront', 'Content Delivery Network', 'ElementUI', 'QUIC', 'Tailwind CSS', 'Telegram', 'Vector Internet Services']"
captureflow.ai,CaptureFlow - Capture Once. Distribute Everywhere.,CaptureFlow,,72,22107,2026-09-12T16:17:13.073614277Z,"['AWS WAF Challenge', 'Alternate Protocol', 'Apture Linking Platform', 'ClickUp', 'Cloudflare', 'Cloudflare Web Analytics', 'Coming Soon Page', 'Content Delivery Network', 'Discord', 'GitHub Hosting', 'Google Analytics', 'Google My Business', 'Google Tag Manager', 'Instagram Follow Button', 'Microdata for Google Shopping', 'Next.js', 'Notion', 'OpenAI', 'QUIC', 'Rewardful', 'Slack', 'Tailwind CSS', 'Telegram', 'Trello', 'UTF-8', 'Vercel', 'YouTube', 'shadcn ui']"
zonix-capital.com,Zonix-Capital | Custom Website Development Services,,,82,17440,2026-09-12T16:17:13.072343304Z,"['Alternate Protocol', 'CDN JS', 'Cloudflare', 'Cloudflare CDN', 'Fireblade', 'Gambling Content', 'Google', 'Google Adsense', 'Google Analytics', 'Google Cloud DNS', 'Google Conversion Tracking', 'Google Font API', 'Google Funding Choices', 'Google Matched Content', 'Google Reseller', 'Google Tag Manager', 'Instagram Follow Button', 'Microdata for Google Shopping', 'PHP', 'QUIC', 'Tailwind CSS', 'Telegram', 'jsDelivr']"
key83foundation.com,Key83Foundation.org,,,50,819,2026-09-12T16:07:00.268387682Z,"['AWS WAF Challenge', 'Alternate Protocol', 'Cloudflare', 'Cloudflare CDN', 'Cornerstone', 'Elementor', 'EmbedPress', 'Express', 'GZIP Module', 'Google', 'Google Cloud CDN', 'Google My Business', 'Hello Elementor', 'InitiativeS', 'Instagram Follow Button', 'NFOrce Internet', 'Nginx', 'PHP', 'QUIC', 'Telegram', 'Theme In WP', 'UTF-8', 'University or College', 'WordPress', 'WordPress Multisite', 'jQuery']"
dwa.co.bw,Home - DWA,,BWA,72,20707,2026-09-12T16:07:00.250303208Z,"['AWS WAF Challenge', 'Alternate Protocol', 'Cloudflare', 'Cloudflare CDN', 'Contact Form Plugin', 'Divi', 'Elegant Themes', 'EmbedPress', 'GZIP Module', 'Google', 'Google Analytics', 'Google Cloud CDN', 'Google Cloud DNS', 'Google Font API', 'Google My Business', 'Google Related Website Sites', 'Google Tag Manager', 'Jetpack', 'Microdata for Google Shopping', 'MonsterInsights', 'Nginx', 'OptiMole', 'PHP', 'QUIC', 'Site Kit', 'Supreme Modules Lite', 'Telegram', 'Theme In WP', 'UTF-8', 'Woo Themes', 'WordPress', 'WordPress Multisite', 'WordPress Stats', 'jQuery', 'reCAPTCHA']"
matrasi.ge,"Matrasi.ge, მატრასი, ორთოპედიული მატრასები, 599 22 22 17",,GEO,62,768,2026-09-12T16:07:00.204944788Z,"['Alternate Protocol', 'Google Analytics', 'Google My Business', 'Google Tag Manager', 'IcoMoon', 'Nginx', 'PHP', 'Parallels Plesk Panel', 'QUIC', 'Telegram', 'UTF-8', 'WhatsApp Sharing', 'shadcn ui']"
maiseymonroe.com,Maisey Monroe,,,37,3,2026-09-12T16:07:00.183442445Z,"['Adult Content', 'Apache', 'Carrd', 'GZIP Module', 'Google Cloud DNS', 'Google Font API', 'Instagram Follow Button', 'OnlyFans', 'Telegram', 'YouTube']"
atom-engineering.ru,"АТОМ - Инжиниринговая компания, г. Тюмень",,RUS,67,8440,2026-09-12T15:44:50.319965672Z,"['ADFOX', 'Apache', 'FreeCSSTemplates', 'Google Cloud DNS', 'Google Font API', 'Joomla!', 'PHP', 'Perl', 'RokNavMenu', 'Telegram', 'UTF-8', 'Yandex Hosting', 'Yandex Metrika', 'jQuery']"
atomfx.store,AtomFX Store - AtomFX Store,,,57,17362,2026-09-12T15:44:50.299036692Z,"['AWS WAF Challenge', 'Alternate Protocol', 'Automattic', 'BLR', 'Cloudflare', 'Cloudflare CDN', 'Content Delivery Network', 'EmbedPress', 'Font Awesome', 'Google', 'Google Analytics', 'Google Cloud DNS', 'Google Font API', 'Google My Business', 'Google Related Website Sites', 'Google Tag Manager', 'Instagram Follow Button', 'Jetpack', 'LiteSpeed', 'Microdata for Google Shopping', 'PHP', 'SMC', 'Site Kit', 'Sitelinks Search Box', 'Telegram', 'Theme In WP', 'Tumblr', 'Twitter Ads', 'UTF-8', 'Ultimate Addons for Gutenberg', 'Woo Themes', 'WooCommerce', 'WooCommerce Checkout', 'WordPress', 'WordPress Multisite', 'WordPress Stats', 'YouTube', 'jQuery']"
3jprodz.link,"3JPRODZ | Florida, United States | 3JPRODZ | Digita...",,,67,17884,2026-09-12T15:30:26.286318735Z,"['Alternate Protocol', 'Automattic', 'Automattic Direct', 'DoubleClick Bid Manager', 'Giphy', 'Google', 'Google Analytics', 'Google Cloud DNS', 'Google Font API', 'Google My Business', 'Google Recommendations AI', 'Google Tag Manager', 'Jetpack Site Accelerator', 'Microdata for Google Shopping', 'Nginx', 'Perl', 'Telegram', 'UTF-8', 'WordPress', 'WordPress Stats', 'YouTube']"
ayleeconsultingllc.net,Aylee Consulting LLC,,USA,65,16786,2026-09-12T15:30:26.276364812Z,"['AWS WAF Challenge', 'Alternate Protocol', 'Angular', 'Contact Form Plugin', 'EmbedPress', 'FreeCSSTemplates', 'GZIP Module', 'Google Cloud DNS', 'Google Font API', 'Google My Business', 'Jetpack', 'Nginx', 'PHP', 'SiteW', 'Telegram', 'Theme In WP', 'UTF-8', 'Woo Themes', 'WooCommerce', 'WooCommerce Checkout', 'WordPress', 'WordPress Multisite', 'WordPress Stats', 'jQuery', 'reCAPTCHA']"
thronexmemes.com,Thronexmemes: Meme Coin Ecosystem for Creators | ThronexMemes,,,52,93,2026-09-12T15:30:26.272055421Z,"['Alternate Protocol', 'Content Delivery Network', 'Google', 'Google Cloud DNS', 'Google Font API', 'Microdata for Google Shopping', 'Pexels', 'Telegram', 'Zyro']"
braeburnlangley.com,The Braeburn,The Braeburn,,60,26801,2026-09-12T15:20:56.473725294Z,"['Adobe Creative Cloud WebFonts', 'Aruba', 'Express', 'FormSubmit', 'GZIP Module', 'Google My Business', 'Instagram Follow Button', 'Line2', 'Magento Enterprise', 'Microdata for Google Shopping', 'Newsletter for Wordpress', 'Pico CSS', 'QUIC', 'SiteW', 'Squarespace', 'Telegram', 'UTF-8', 'Vector Internet Services', 'WordPress SEO Structured Data Schema Plugin', 'eLand']"
aligndavis.com,Home - Align Davis,Align Davis,,60,404,2026-09-12T14:58:48.668087485Z,"['AWS WAF Challenge', 'Alternate Protocol', 'Cloudflare', 'Cloudflare CDN', 'Creative Mail by Constant Contact', 'DAV', 'EmbedPress', 'GZIP Module', 'Google', 'Google My Business', 'Jetpack', 'Lazy Load for WordPress', 'Microdata for Google Shopping', 'Nginx', 'PHP', 'Telegram', 'Theme In WP', 'UTF-8', 'Woo Themes', 'WordPress', 'WordPress Multisite', 'WordPress Stats', 'jQuery']"
gravitonfund.com,Graviton Fund,,,70,101333,2026-09-12T14:50:21.890188581Z,"['Adobe Creative Cloud WebFonts', 'Aruba', 'Contento', 'Express', 'GZIP Module', 'Gambling Content', 'Line2', 'Magento Enterprise', 'Microdata for Google Shopping', 'QUIC', 'SiteW', 'Squarespace', 'Telegram', 'Twitter Ads', 'UTF-8', 'WordPress SEO Structured Data Schema Plugin', 'eLand']"
tirichmir.com,Tirichmir,,GBR,60,710,2026-09-12T14:50:21.778937151Z,"['Alternate Protocol', 'ClickOn', 'Contact Form Plugin', 'Elementor', 'EmbedPress', 'Google', 'Google Cloud CDN', 'Google Cloud DNS', 'Google Font API', 'MailChimp for WordPress', 'Oddle', 'PHP', 'QUIC', 'Telegram', 'Theme In WP', 'UTF-8', 'Woo Themes', 'WooCommerce', 'WooCommerce Checkout', 'WooFramework', 'WordPress', 'WordPress Multisite', 'XTemos Studio', 'jQuery']"
ksr.onl,K. Sreeman Reddy – A physics student,,,67,3688,2026-09-12T14:50:21.775924766Z,"['ArvanCloud', 'Content Delivery Network', 'Counter Dev', 'Fastly', 'GZIP Module', 'GitHub Hosting', 'GoatCounter', 'Google Cloud DNS', 'Google Font API', 'Google My Business', 'Gravity', 'IcoMoon', 'Instagram Follow Button', 'Tailwind CSS', 'Telegram', 'UTF-8', 'YouTube', 'jsDelivr']"
oceanhilll-hair.com,Oceanhilll Hair,,GBR,65,2826,2026-09-12T14:50:21.772524036Z,"['Alternate Protocol', 'Contact Form Plugin', 'Elementor', 'EmbedPress', 'Express', 'Google', 'Google Cloud CDN', 'Google Cloud DNS', 'Google Font API', 'LiteSpeed', 'PHP', 'QUIC', 'Telegram', 'Theme In WP', 'UTF-8', 'Woo Themes', 'WooCommerce', 'WooCommerce Checkout', 'WooFramework', 'WordPress', 'WordPress Multisite', 'XTemos Studio', 'jQuery']"
mefaucet.com,"MeFaucet – Earn Free Crypto & USD | Faucet, PTC, Offerwall, Micro Wallet",MeFaucet,,67,2440,2026-09-12T14:35:28.601347928Z,"['A-ADS', 'Alibaba Cloud CDN', 'Bulma', 'CDN JS', 'Cloudflare', 'Cloudflare CDN', 'Google', 'Google Analytics', 'Google Cloud DNS', 'Google Font API', 'Google Tag Manager', 'Microdata for Google Shopping', 'PHP', 'QUIC', 'Tailwind CSS', 'Telegram', 'UTF-8', 'jsDelivr']"
icasi.ru,Корпорация АСИ - ведущий российский разработчик и производитель электронных промышленных весов.,,RUS,77,39460,2026-09-12T14:14:42.143612769Z,"['ADFOX', 'CDN JS', 'Callibri', 'Cloudflare', 'Cloudflare CDN', 'Ektron', 'GZIP Module', 'Google Analytics', 'Google Cloud DNS', 'Google Font API', 'Google Related Website Sites', 'Nginx', 'PHP', 'Telegram', 'UTF-8', 'Vector Internet Services', 'Yandex Hosting', 'Yandex Metrika', 'YouTube', 'jQuery']"
potoklab.com,B2B SaaS digital marketing agency – Linkedin and Google Ads to build pipeline - PotokLab,,,67,150621,2026-09-12T14:14:42.140736812Z,"['Alternate Protocol', 'Apture Linking Platform', 'Blocksy', 'Calendly', 'DuracellTomi Google Tag Manager for WordPress', 'EmbedPress', 'GZIP Module', 'Google Analytics', 'Google Cloud DNS', 'Google Font API', 'Google Tag Manager', 'Instagram Follow Button', 'MailerLite', 'Microdata for Google Shopping', 'Nginx', 'PHP', 'Q2W3 Fixed Widget', 'Salesforce Hosted', 'Sitelinks Search Box', 'Stackable Page Builder Gutenberg Blocks', 'Telegram', 'Theme In WP', 'UTF-8', 'WordPress', 'WordPress Multisite', 'YouTube', 'jQuery']"
g-plus.solutions,G-PLUS.SOLUTIONS — Ecosystem of IT solutions for construction companies.,,GEO,77,12640,2026-09-12T14:02:59.746055059Z,"['Google Cloud DNS', 'Google Font API', 'Instagram Follow Button', 'Nginx', 'QUIC', 'RM Education', 'Tailwind CSS', 'Telegram', 'Vector Internet Services', 'YouTube']"
vozesunidas.com,vozesunidas.com – vozesunidas.com,,,50,562,2026-09-12T13:39:42.408200143Z,"['Alternate Protocol', 'Contact Form Plugin', 'Content Delivery Network', 'Elementor', 'EmbedPress', 'Google Cloud DNS', 'Google Font API', 'Gtranslate for Wordpress', 'LiteSpeed', 'NFOrce Internet', 'PHP', 'QUIC', 'Telegram', 'Theme In WP', 'UTF-8', 'Woo Themes', 'WooFramework', 'WordPress', 'WordPress Multisite', 'XTemos Studio', 'jQuery']"
bkp.com.np,Blockchain KeyPair,,IND,72,17707,2026-09-12T13:30:47.174804368Z,"['Alternate Protocol', 'Blogger', 'CDN JS', 'Cloudflare', 'Cloudflare CDN', 'Disqus Comment System for WordPress', 'Express', 'Facebook Login', 'Facebook Messenger Platform', 'Facebook Reseller', 'Financial Services Guide', 'GZIP Module', 'GitHub Hosting', 'Google', 'Google Adsense', 'Google Analytics', 'Google Cloud CDN', 'Google Cloud DNS', 'Google Font API', 'Google Funding Choices', 'Google Matched Content', 'Google My Business', 'Google Recommendations AI', 'Google Reseller', 'Google Tag Manager', 'Instagram Follow Button', 'Ntent', 'QUIC', 'Sitelinks Search Box', 'Telegram', 'Templateify', 'Twitter Ads', 'UTF-8', 'WordPress Related Posts', 'WordPress SEO Structured Data Schema Plugin', 'YouTube', 'jQuery', 'jsDelivr']"
lightningprocess.com,Phil Parker’s Lightning Process – Home - The Lightning Process (LP),The Lightning Process (LP),GBR,82,18685,2026-09-12T13:30:47.126659908Z,"['Ajax Search Lite', 'Alternate Protocol', 'Apache', 'Autoptimize', 'Bunny Fonts', 'Content Delivery Network', 'CookieYes', 'DAV', 'EmbedPress', 'Events Manager for WordPress', 'Express', 'Fireblade', 'Font Awesome', 'GZIP Module', 'Google', 'Google Analytics', 'Google Cloud DNS', 'Google Font API', 'Google My Business', 'Google Tag Manager', 'IcoMoon', 'Instagram Follow Button', 'Microdata for Google Shopping', 'MonsterInsights', 'PHP', 'Pagekit', 'Smart Slider 3', 'Telegram', 'Thank You', 'ThemeFusion', 'Twitter Ads', 'UTF-8', 'University or College', 'WP jQuery Lightbox', 'WhatsApp Sharing', 'WordPress', 'WordPress Multisite', 'WordPress PopUp', 'YouTube', 'eLand', 'jQuery', 'jsDelivr']"
appstoreprice.com,Discover the lowest App Store prices worldwide | App Store Price,App Store Price,,47,8236,2026-09-12T13:18:01.50916424Z,"['1Password', 'AWS WAF Challenge', 'Alternate Protocol', 'App Store', 'Apture Linking Platform', 'Cloudflare', 'Cloudflare CDN', 'Cloudflare Web Analytics', 'Coming Soon Page', 'Express', 'Fireblade', 'Google My Business', 'Microdata for Google Shopping', 'NFOrce Internet', 'Next.js', 'Perl', 'Pleroma', 'QUIC', 'Share Link', 'Telegram', 'UTF-8', 'eLand', 'shadcn ui']"
winnfthero.io,WIN NFT HERO,,,62,45377,2026-09-12T13:18:01.508868585Z,"['AWS WAF Challenge', 'Amazon', 'Amazon CloudFront', 'Amazon Route 53', 'Amazon S3 CDN', 'Baidu Ads', 'Baidu Cloud', 'CloudFront', 'Content Delivery Network', 'Cornerstone', 'GZIP Module', 'Google Analytics', 'Google My Business', 'Google Tag Manager', 'HERO', 'IcoMoon', 'Medium', 'Pleroma', 'QUIC', 'Telegram', 'Twitter Ads']"
mcrd.gov.mm,Ministry of Cooperatives and Rural Development,,,55,195,2026-09-12T13:18:01.469669124Z,"['Apache', 'Facebook Login', 'Facebook Reseller', 'GZIP Module', 'Google Analytics', 'Google My Business', 'Google Tag Manager', 'IcoMoon', 'Slider Revolution', 'Tailwind CSS', 'Telegram', 'UTF-8', 'Ubuntu', 'University or College', 'Vimeo', 'YouTube', 'jQuery']"
ajey.app,AJEY - AI Devices and Apps,,,67,17908,2026-09-12T12:42:23.391619078Z,"['Alternate Protocol', 'App Store', 'Fireblade', 'Google', 'Google Cloud CDN', 'Google Cloud DNS', 'Google Font API', 'Google My Business', 'Google Play', 'IcoMoon', 'LiteSpeed', 'Material Design Icons', 'QUIC', 'Telegram']"
166hr.az,166,,,50,156,2026-09-12T12:29:43.885383606Z,"['DAV', 'GZIP Module', 'Google Analytics', 'Google Tag Manager', 'IcoMoon', 'Instagram Follow Button', 'Nginx', 'Tailwind CSS', 'Telegram', 'UTF-8', 'jQuery', 'jsDelivr']"
letang.fr,Létang Agriculture & Energie,,,72,20744,2026-09-12T12:19:47.770645085Z,"['Adobe Creative Cloud WebFonts', 'BunnyCDN', 'BunnyCDN General', 'Cloudflare', 'Cloudflare Web Analytics', 'Fireblade', 'Google Analytics', 'Google My Business', 'Heroku', 'Instagram Follow Button', 'Microdata for Google Shopping', 'Ntent', 'Telegram', 'Twitter Ads', 'UTF-8', 'YouTube', 'about.me', 'reCAPTCHA']"
nolimitsvibe.com,Live a No Limits Life with Karen Luniw,,,67,22304,2026-09-12T12:19:47.756251489Z,"['AWS WAF Challenge', 'Alternate Protocol', 'Amazon Widgets', 'Authorize.net', 'Cloudflare', 'Cloudflare Web Analytics', 'Content Delivery Network', 'Google', 'Google Cloud CDN', 'Google Cloud DNS', 'Google Cloud Storage', 'Google Font API', 'HighLevel', 'Instagram Follow Button', 'Nuxt.js', 'QUIC', 'Telegram', 'UTF-8', 'YouTube']"
nburns.fyi,Nicole Burns | Paducah | Murray | Murray State Univ...,,,67,17884,2026-09-12T12:06:46.760719314Z,"['Alternate Protocol', 'Automattic', 'Automattic Direct', 'DoubleClick Bid Manager', 'Giphy', 'Google', 'Google Analytics', 'Google Cloud DNS', 'Google Font API', 'Google My Business', 'Google Recommendations AI', 'Google Tag Manager', 'Jetpack Site Accelerator', 'Microdata for Google Shopping', 'Nginx', 'Perl', 'Square', 'Telegram', 'UTF-8', 'University or College', 'WordPress', 'WordPress Stats']"
kamonation.com,My WordPress,,USA,65,17126,2026-09-12T11:55:56.880279713Z,"['3 Products', 'Alternate Protocol', 'Contact Form Plugin', 'Content Delivery Network', 'Elementor', 'EmbedPress', 'Endis', 'Google Cloud DNS', 'Google Font API', 'Google My Business', 'NFOrce Internet', 'Nginx', 'PHP', 'QUIC', 'Telegram', 'Theme In WP', 'UTF-8', 'University or College', 'Woo Themes', 'WooCommerce', 'WooCommerce Checkout', 'WooFramework', 'WordPress', 'WordPress Multisite', 'XTemos Studio', 'YouTube', 'jQuery']"
citylink-gmbh.de,CityLink GmbH,,DEU,60,8101,2026-09-12T11:47:59.281947561Z,"['Alternate Protocol', 'Contact Form Plugin', 'DAV', 'Elementor', 'EmbedPress', 'Fireblade', 'Google Cloud DNS', 'Google Font API', 'Google My Business', 'NFOrce Internet', 'PHP', 'QUIC', 'Telegram', 'Theme In WP', 'UTF-8', 'WPML Multilingual', 'Woo Themes', 'WooCommerce', 'WooCommerce Checkout', 'WooFramework', 'WordPress', 'WordPress Multisite', 'XTemos Studio', 'eLand', 'jQuery']"
8df.ru,Chrome Dino Game,,,40,32500,2026-09-12T11:47:59.273414846Z,"['Amazon WAF Blocked', 'CCSI', 'ClickOn', 'DAV', 'Fireblade', 'GZIP Module', 'Gravity', 'KVH', 'Nginx', 'Pterodactyl Panel', 'SMC', 'Subversion', 'Telegram']"
designer-experience.com,Designer Experience - Designer Experience,,USA,77,40343,2026-09-12T11:47:59.263596412Z,"['AWS WAF Challenge', 'Alternate Protocol', 'Ametys', 'BLR', 'Content Delivery Network', 'CookieYes', 'DAV', 'EmbedPress', 'Fireblade', 'Google Analytics', 'Google Tag Manager', 'Instagram Follow Button', 'Microdata for Google Shopping', 'Nginx', 'PHP', 'Slider Revolution', 'Telegram', 'Theme In WP', 'ThemeFusion', 'Tumblr', 'Twitter Ads', 'UTF-8', 'WP jQuery Lightbox', 'WhatsApp Sharing', 'WordPress', 'WordPress Multisite', 'YouTube', 'jQuery']"
terexov.com,terexov - implement IT solutions in your business,terexov - implement IT solutions in your business,ISR,77,7192,2026-09-12T11:47:59.263015308Z,"['Calendly', 'GZIP Module', 'GitHub Hosting', 'Microdata for Google Shopping', 'Nginx', 'Nuxt.js', 'Silicon Valley Web Hosting', 'Tailwind CSS', 'Telegram', 'UTF-8', 'Vector Internet Services']"
rohitdhand.com,"Rohit Dhand - Vancouver, British Columbia, Canada, Monks Technology Services, Master of Computer Science | about.me",,CAN,77,35744,2026-09-12T11:34:16.654799762Z,"['AWS WAF Challenge', 'Adobe Creative Cloud WebFonts', 'BunnyCDN', 'BunnyCDN General', 'Cloudflare', 'Cloudflare Web Analytics', 'Fireblade', 'Google My Business', 'Heroku', 'InitiativeS', 'Instagram Follow Button', 'Microdata for Google Shopping', 'Ntent', 'Python', 'Telegram', 'UTF-8', 'University or College', 'YouTube', 'about.me', 'reCAPTCHA']"
mobilebillionaire.com,Mobile Billionaire – Best Money Making Apps,,GHA,70,34361,2026-09-12T11:34:16.644496095Z,"['AWS WAF Challenge', 'Alternate Protocol', 'Astra Theme', 'Content Delivery Network', 'Elementor', 'EmbedPress', 'Fireblade', 'Google', 'Google Analytics', 'Google Cloud DNS', 'Google Font API', 'Google My Business', 'Google Tag Manager', 'LiteSpeed', 'NFOrce Internet', 'Ntent', 'PHP', 'QUIC', 'Sign In With Google', 'Site Kit', 'Table Addons for Elementor', 'Telegram', 'Theme In WP', 'UTF-8', 'Woo Themes', 'WordPress', 'WordPress Multisite', 'WordPress Related Posts', 'jQuery']"
terrencegatsby.com,Terrence Gatsby | Web3 Innovator & Blockchain Expert | Crypto & DeFi Insights,,BRA,72,64269,2026-09-12T11:23:21.362494575Z,"['AWS WAF Challenge', 'Alternate Protocol', 'Amazon API Gateway', 'Amazon CloudFront', 'Amazon Route 53', 'Apache', 'Cloudflare', 'Content Delivery Network', 'EmbedPress', 'Express', 'Fastly', 'Federal Deposit Insurance Corporation', 'Financial Industry Regulatory Authority', 'Fireblade', 'Full Media', 'Google', 'Google Cloud CDN', 'Google Cloud DNS', 'Google Font API', 'Google My Business', 'IPFS', 'InitiativeS', 'Line2', 'LiteSpeed', 'Nginx', 'PHP', 'Perl', 'Python', 'QUIC', 'QUIC.cloud', 'Slider Revolution', 'Telegram', 'The7', 'UTF-8', 'University or College', 'WPBakery', 'Woo Themes', 'WordPress', 'WordPress Multisite', 'Zoom Video Conferencing', 'reCAPTCHA']"
climacoins.com,Welcome | Co2Coin,,DEU,70,22427,2026-09-12T11:23:21.340658249Z,"['Apache', 'App Store', 'Coming Soon Page', 'CookieConsent', 'DAV', 'Fireblade', 'GitHub Hosting', 'InitiativeS', 'Krypt Technologies', 'OneSignal', 'QUIC', 'Tailwind CSS', 'Telegram', 'University or College', 'YouTube', 'minFraud MaxMind']"
izumicoating.com,IzumiCoating,,JPN,60,156,2026-09-12T11:02:06.106466884Z,"['Alternate Protocol', 'Apache', 'Apture Linking Platform', 'Elementor', 'EmbedPress', 'Express', 'GZIP Module', 'Google Maps', 'Google My Business', 'Hello Elementor', 'Icons8', 'PHP', 'Premium Addons for Elementor', 'QUIC', 'Telegram', 'UTF-8', 'WordPress', 'WordPress Multisite', 'YouTube', 'jQuery']"
igtmsgrowth.com,IGTMS | B2B Go-To-Market Systems for Predictable Revenue,,USA,87,175856,2026-09-12T11:02:06.096309436Z,"['AWS WAF Challenge', 'Alternate Protocol', 'Apollo IO', 'Better Lead Generation Services', 'Content Delivery Network', 'DAV', 'Dun and BradStreet', 'Elegant Themes', 'Google Customer Reviews', 'Google Maps', 'Google My Business', 'Google Workspace', 'HighLevel', 'Instagram Follow Button', 'Line2', 'Microdata for Google Shopping', 'OpenAI', 'Salesforce Hosted', 'Slack', 'Telegram', 'UTF-8', 'Vercel', 'YouTube', 'about.me', 'eLand']"
theartbygaurav.com,The art By Gaurav,,IND,65,19326,2026-09-12T11:02:06.095724454Z,"['AWS WAF Challenge', 'Alternate Protocol', 'Cloudflare', 'Cloudflare CDN', 'Contact Form Plugin', 'Elementor', 'EmbedPress', 'Express', 'Google', 'Google Cloud DNS', 'Google Font API', 'Google My Business', 'NFOrce Internet', 'PHP', 'QUIC', 'Telegram', 'Theme In WP', 'UTF-8', 'Woo Themes', 'WooCommerce', 'WooCommerce Checkout', 'WooFramework', 'WordPress', 'WordPress Multisite', 'XTemos Studio', 'jQuery']"
thejamholetv.com,The Jamhole | Free Comedy Podcast,The Jamhole,,62,17015,2026-09-12T11:02:06.074619798Z,"['Alternate Protocol', 'Apache', 'Band Camp', 'Camp', 'EmbedPress', 'Fireblade', 'IcoMoon', 'Jetpack', 'Microdata for Google Shopping', 'PHP', 'Telegram', 'Theme In WP', 'Twenty Twenty-One', 'Twitter Ads', 'UTF-8', 'WordPress', 'WordPress Multisite', 'WordPress Stats']"
lonvest.io,Investing in loans - Lonvest | p2p loans investing | LONVEST,,HRV,87,32547,2026-09-12T11:02:06.074458034Z,"['AWS WAF Challenge', 'Alternate Protocol', 'Ant Design Vue', 'Azion', 'Bookform', 'Cloudflare', 'Cloudflare CDN', 'Coming Soon Page', 'Content Delivery Network', 'Fireblade', 'Google Related Website Sites', 'Microdata for Google Shopping', 'Next.js', 'Perl', 'Placehold IT', 'Pleroma', 'QUIC', 'Share Link', 'Styled Components', 'Telegram', 'Thank You', 'Twitter Ads', 'UTF-8', 'YouTube']"
team.blue,Europe’s Leading Supplier of Digital Solutions | team.blue,,,77,5808,2026-09-12T10:50:44.021720488Z,"['Alternate Protocol', 'Apache', 'Assoconnect', 'Better Lead Generation Services', 'Combell', 'Consent Manager AutoBlocking', 'Dandomain Webshop', 'Fastly', 'Google Analytics', 'Google Tag Manager', 'Metricool', 'Microdata for Google Shopping', 'Nginx', 'Shoptet', 'Telegram', 'UTF-8', 'Way', 'eLand']"
highsky.io,We are building decentralized AI,,GBR,77,26308,2026-09-12T10:43:09.533775634Z,"['AJAX Libraries API', 'AWS WAF Challenge', 'Amazon', 'Amazon CloudFront', 'BunnyCDN', 'BunnyCDN General', 'CloudFront', 'Content Delivery Network', 'GZIP Module', 'Google', 'Google Cloud DNS', 'Google Font API', 'IcoMoon', 'InitiativeS', 'Python', 'QUIC', 'Tailwind CSS', 'Telegram', 'UTF-8', 'University or College', 'WF Cookie Consent', 'Yandex Hosting', 'jsDelivr']"
chapterholdings.com,"Chapter Holdings, N. A. | Helping businesses recover debts since 2012",,,60,346,2026-09-12T10:43:09.528590243Z,"['Alternate Protocol', 'Contact Form Plugin', 'Content Delivery Network', 'Divi', 'Elegant Themes', 'EmbedPress', 'GZIP Module', 'Google Cloud DNS', 'Google Font API', 'Line2', 'LiteSpeed', 'PHP', 'QUIC', 'Telegram', 'Theme In WP', 'UTF-8', 'Woo Themes', 'WordPress', 'WordPress Multisite', 'YouTube', 'jQuery']"
smakegps.com,smakegps.com,,GBR,60,5602,2026-09-12T10:43:09.495455401Z,"['Alternate Protocol', 'Click to Chat for WhatsApp', 'Contact Form Plugin', 'DuracellTomi Google Tag Manager for WordPress', 'Elementor', 'EmbedPress', 'Endis', 'Google', 'Google Analytics', 'Google Cloud CDN', 'Google Cloud DNS', 'Google Font API', 'Google Tag Manager', 'Gtranslate for Wordpress', 'Instagram Follow Button', 'LiteSpeed', 'Meta Slider for WordPress', 'NFOrce Internet', 'PHP', 'QUIC', 'Slider Revolution', 'Telegram', 'Theme In WP', 'UTF-8', 'Woo Themes', 'WooCommerce', 'WooCommerce Checkout', 'WooFramework', 'WordPress', 'WordPress Multisite', 'jQuery']"
platina-rm.ru,"Косметология в Саранске - Центр ""Платина""",,RUS,82,10417,2026-09-12T10:28:31.03523658Z,"['ADFOX', 'DAV', 'EmbedPress', 'Font Awesome', 'GZIP Module', 'Google My Business', 'Gravity', 'Gravity Forms', 'Instagram Follow Button', 'Jetpack', 'Jetpack Site Accelerator', 'Max Mega Menu', 'Max Mega Menu Pro', 'Microdata for Google Shopping', 'Nginx', 'PHP', 'SVG Support', 'Schema Plugin', 'Simple Social Icons', 'Smart Coupons for WooCommerce', 'Tailwind CSS', 'Telegram', 'Theme In WP', 'UTF-8', 'Woo Themes', 'WooCommerce', 'WordPress', 'WordPress Multisite', 'Yandex Hosting', 'YouTube', 'jQuery', 'reCAPTCHA']"
minerium.com,"Minerium - Democratizing Mining, One Block At A Time",Minerium Inc,USA,82,3689,2026-09-12T10:18:06.413531724Z,"['Adult Content', 'Contact Form Plugin', 'Content Delivery Network', 'EmbedPress', 'Google', 'Google Analytics', 'Google Cloud DNS', 'Google Font API', 'Google My Business', 'Google Play', 'Google Tag Manager', 'Instagram Follow Button', 'LiteSpeed', 'Microdata for Google Shopping', 'PHP', 'QUIC', 'Sitelinks Search Box', 'Tailwind CSS', 'Tawk', 'Telegram', 'Theme In WP', 'Twitter Ads', 'UTF-8', 'WordPress', 'WordPress Multisite', 'jQuery', 'jsDelivr', 'reCAPTCHA']"
textilecalculator.com,Textile Calculator - Make Textile Calculation Easier,,,72,15933,2026-09-12T10:18:06.409698755Z,"['Alternate Protocol', 'Astra Theme', 'Baidu Cloud', 'Content Delivery Network', 'EmbedPress', 'GDPR Consent Management Platform', 'Google Adsense', 'Google Analytics', 'Google Funding Choices', 'Google Matched Content', 'Google My Business', 'Google Play', 'Google Reseller', 'Google Tag Manager', 'Jetpack', 'Line2', 'LiteSpeed', 'Media.net', 'Microdata for Google Shopping', 'Onyx Internet', 'PHP', 'Perl', 'QUIC', 'QUIC.cloud', 'Sitelinks Search Box', 'Telegram', 'UTF-8', 'WordPress', 'WordPress Multisite', 'WordPress Related Posts', 'WordPress Stats', 'Yandex Hosting', 'eLand']"
angelesfernandezcifuentes.com,Ángeles Fernández Cifuentes -,,GBR,75,18147,2026-09-12T10:09:32.956940237Z,"['AWS WAF Challenge', 'Adult Content', 'Alternate Protocol', 'Cloudflare', 'Cloudflare CDN', 'Coming Soon Page', 'Contact Form Plugin', 'Creative Mail by Constant Contact', 'DAV', 'EmbedPress', 'GZIP Module', 'Google', 'Google My Business', 'Jetpack', 'Microdata for Google Shopping', 'Nginx', 'PHP', 'QUIC', 'Telegram', 'Theme In WP', 'UTF-8', 'University or College', 'Woo Themes', 'WordPress', 'WordPress Multisite', 'WordPress Stats', 'jQuery']"
mazecreatort1.com,Custom Business Class Internet/Technologies (Sep 2026),,USA,77,11827,2026-09-12T10:09:32.928199797Z,"['BLR', 'BootstrapMade', 'GZIP Module', 'Google Analytics', 'Google Cloud DNS', 'Google Cloud Storage', 'IcoMoon', 'Nginx', 'PHP', 'Parallels Plesk Panel', 'Share Link', 'Telegram', 'Tumblr', 'Twitter Ads', 'UTF-8', 'WhatsApp Sharing', 'YouTube']"
paybo.club,"PAYBO — the reward token of PaybookClub, on Stellar",PaybookClub,GBR,82,10139,2026-09-12T10:09:32.91354955Z,"['Alternate Protocol', 'Font Awesome', 'GZIP Module', 'Google', 'Google Cloud DNS', 'Google Font API', 'Google My Business', 'Google Play', 'Microdata for Google Shopping', 'Nginx', 'Perl', 'RM Education', 'Telegram', 'Twitter Ads', 'UTF-8', 'Ubuntu', 'YouTube']"
vocalvillagebookclub.com,Vocal Village Book Club,,GBR,87,58458,2026-09-12T09:59:02.298080939Z,"['Canva Websites', 'Cloudflare', 'Formaloo', 'Google My Business', 'Instagram Follow Button', 'NFOrce Internet', 'No-Q', 'QUIC', 'SMC', 'Subversion', 'Telegram', 'Twitter Ads', 'UTF-8', 'Vector Internet Services', 'reCAPTCHA']"
estheryee.com,Esther Yee,,PHL,67,75059,2026-09-12T09:59:02.2798903Z,"['Alternate Protocol', 'Apache', 'CDN JS', 'Carrd', 'Cisco/Arrowpoint Content Service Switch', 'Cloudflare', 'Cloudflare CDN', 'Fireblade', 'GZIP Module', 'Google Cloud DNS', 'Google Font API', 'Instagram Follow Button', 'SMC', 'Telegram', 'Twitter Ads', 'Vector Internet Services']"
mangoengl.com,Mango English,,GBR,72,29040,2026-09-12T09:59:02.268029765Z,"['ADFOX', 'AWS WAF Challenge', 'Apture Linking Platform', 'Baidu Cloud', 'DDoS-GUARD', 'GZIP Module', 'Telegram', 'Tilda', 'UTF-8', 'University or College', 'Yandex Hosting', 'Yandex Metrika']"
rusregions.top,ПРОГРАММА И ФОРУМ ЛУЧШЕЕ ДЛЯ РОССИИ РАЗВИТИЕ РЕГИОНОВ,,RUS,65,8592,2026-09-12T09:59:02.258324968Z,"['ADFOX', 'Fancybox for WordPress', 'GZIP Module', 'Line2', 'Nginx', 'Telegram', 'UTF-8', 'Yandex Hosting', 'Yandex Metrika', 'jsDelivr']"
oko-ok.ru,«ОКО» | Глазная Офтальмологическая Клиника | Обследование и Лечение Зрения | Лазерная и Фотомагнитостимуляция | Подбор — Продажа Оправ Очков и Контактных Линз | в Нижнем Новгороде Приволжского федерального округа и Нижегородской области,,,52,3,2026-09-12T09:46:55.265178041Z,"['AJAX Libraries API', 'GZIP Module', 'Google Cloud DNS', 'Google Font API', 'Nginx', 'PHP', 'Telegram', 'UTF-8', 'jQuery']"
grenadagrows.com,Grenada Grows - Sustainable Agriculture in Grenada,,GRD,70,15322,2026-09-12T09:46:55.262311865Z,"['AWS WAF Challenge', 'Alternate Protocol', 'Bulma', 'CDN JS', 'Cloudflare', 'Cloudflare CDN', 'DAV', 'EmbedPress', 'GZIP Module', 'Google Cloud DNS', 'Google Font API', 'Instagram Follow Button', 'Jetpack', 'Lazy Load for WordPress', 'Nginx', 'PHP', 'QUIC', 'Tailwind CSS', 'Telegram', 'Theme In WP', 'UTF-8', 'University or College', 'Woo Themes', 'WordPress', 'WordPress Multisite', 'jQuery', 'jsDelivr']"
brandlogos.com.ng,Get Instant Access to Thousands of Brand Logos in SVG Format,The Lost Manual,,67,22567,2026-09-12T09:46:55.247105303Z,"['Alibaba Cloud CDN', 'Alternate Protocol', 'Baidu Cloud', 'Elementor', 'EmbedPress', 'GDPR Consent Management Platform', 'GitHub Hosting', 'Google', 'Google Adsense', 'Google Analytics', 'Google Cloud CDN', 'Google Cloud DNS', 'Google Font API', 'Google Funding Choices', 'Google Matched Content', 'Google My Business', 'Google Reseller', 'Google Tag Manager', 'Hello Elementor', 'Instagram Follow Button', 'Media.net', 'Microdata for Google Shopping', 'Onyx Internet', 'PHP', 'Perl', 'QUIC', 'Sitelinks Search Box', 'Telegram', 'Theme In WP', 'Twitter Ads', 'UTF-8', 'Vector Internet Services', 'Woo Themes', 'WordPress', 'WordPress Multisite', 'Yandex Hosting', 'eLand', 'jQuery']"
hsgallery.link,hs-gallery.com | قطر | hs-gallery | فنان | G...,,,62,17884,2026-09-12T09:38:28.085267067Z,"['Alternate Protocol', 'Automattic', 'Automattic Direct', 'DoubleClick Bid Manager', 'Giphy', 'Google', 'Google Analytics', 'Google Cloud DNS', 'Google Font API', 'Google My Business', 'Google Recommendations AI', 'Google Tag Manager', 'Jetpack Site Accelerator', 'Microdata for Google Shopping', 'Nginx', 'Perl', 'Telegram', 'UTF-8', 'WordPress', 'WordPress Stats', 'eLand']"
qscoin.org,QSCOIN — Quantum-safe cryptocurrency,,,62,4840,2026-09-12T09:38:28.066156883Z,"['Content Delivery Network', 'Fastly', 'GZIP Module', 'GitHub Hosting', 'Google', 'Google Cloud DNS', 'Google Font API', 'Tailwind CSS', 'Telegram', 'UTF-8']"
console.ru,Arthur Ivanov,,,32,600,2026-09-12T09:26:18.496615799Z,"['Content Delivery Network', 'Fastly', 'GZIP Module', 'GitHub Hosting', 'Telegram', 'UTF-8', 'Unix']"
riser.chat,Riser - Instant access to different AIs in one chat,Riser,,77,47379,2026-09-12T09:26:18.484875262Z,"['ADFOX', 'AI Log', 'AWS WAF Challenge', 'Alibaba Cloud Object Storage Service', 'Alternate Protocol', 'Amazon WAF Blocked', 'Cloudflare', 'Coming Soon Page', 'Content Delivery Network', 'Express', 'Fireblade', 'GZIP Module', 'Google Analytics', 'Google Cloud DNS', 'Google Tag Manager', 'Microdata for Google Shopping', 'NFOrce Internet', 'Next.js', 'Nginx', 'OpenAI', 'Python', 'QUIC', 'Share Link', 'Tailwind CSS', 'Telegram', 'UTF-8', 'Ubuntu', 'University or College', 'Vector Internet Services', 'Yandex Hosting', 'Yandex Metrika', 'YouTube', 'shadcn ui']"
brenner-machinery.com,Brenner company | Brenner Machinery,Brenner Machinery,CHN,65,15527,2026-09-12T09:26:18.465762901Z,"['ADFOX', 'Alternate Protocol', 'Contact Form Plugin', 'EmbedPress', 'GZIP Module', 'Google Analytics', 'Google My Business', 'Google Related Website Sites', 'Google Tag Manager', 'Instagram Follow Button', 'Kitco', 'Microdata for Google Shopping', 'Nginx', 'PHP', 'Polylang', 'Site Kit', 'Telegram', 'Theme In WP', 'UTF-8', 'WP Statistics', 'WordPress', 'WordPress Multisite', 'Yandex Hosting', 'Yandex Metrika', 'jQuery', 'reCAPTCHA']"
homesweethomecare.com.au,In Home Nursing Care Services Sydney's Eastern Suburbs Call 1300 000 170,Home Sweet Home Nursing,USA,77,16194,2026-09-12T09:13:17.739052457Z,"['Alternate Protocol', 'Apture Linking Platform', 'BLR', 'Baidu Cloud', 'DAV', 'Divi', 'Elegant Themes', 'EmbedPress', 'Google', 'Google Analytics', 'Google Cloud CDN', 'Google Cloud DNS', 'Google Font API', 'Google My Business', 'Google Related Website Sites', 'Google Tag Manager', 'Instagram Follow Button', 'Investor Relations', 'LiteSpeed', 'Microdata for Google Shopping', 'Monarch Social Sharing Plugin For WordPress', 'PHP', 'Pagekit', 'QUIC', 'Share Link', 'Smush Image Optimization', 'Telegram', 'Theme In WP', 'Tumblr', 'Twitter Ads', 'UTF-8', 'WP Rocket', 'Woo Themes', 'WordPress', 'WordPress Multisite', 'Yelp Badge', 'YouTube', 'about.me', 'eLand', 'jQuery']"
ecarsgroup.uk,Welcome to E-CARS UK LTD. - ECARS UK LTD.,,GBR,77,4372,2026-09-12T09:04:46.504485845Z,"['CDN JS', 'Cloudflare', 'Cloudflare CDN', 'CookieConsent', 'Google Analytics', 'Google Cloud DNS', 'Google Font API', 'Google My Business', 'Google Tag Manager', 'Line2', 'Microsoft Azure', 'Microsoft IIS', 'QUIC', 'Tailwind CSS', 'Telegram', 'UTF-8', 'Visual Studio', 'WhatsApp Sharing', 'YouTube', 'reCAPTCHA']"
dtcard.ru,Fuel cards for legal entities and businesses | DTRUST,,RUS,77,8568,2026-09-12T08:51:38.884491353Z,"['ADFOX', 'Alternate Protocol', 'Apache', 'Contact Form Plugin', 'EmbedPress', 'GZIP Module', 'Microdata for Google Shopping', 'PHP', 'Polylang', 'Tailwind CSS', 'Telegram', 'Theme In WP', 'UTF-8', 'WordPress', 'WordPress Multisite', 'Yandex Hosting', 'Yandex Metrika']"
hikeethiopia.com,Hike Ethiopia | Hiking Tours & Trekking Holidays in Ethiopia,Hike Ethiopia,NOR,87,221832,2026-09-12T08:51:38.853908269Z,"['Alternate Protocol', 'DAV', 'Divi', 'Elegant Themes', 'EmbedPress', 'Font Awesome', 'FreeBSD', 'GZIP Module', 'Google', 'Google Cloud CDN', 'Google Cloud DNS', 'Google Font API', 'Gravity', 'Gtranslate for Wordpress', 'KeyCDN', 'Microdata for Google Shopping', 'Nginx', 'Python', 'QUIC', 'SMC', 'Salesforce Hosted', 'Shopware', 'Smart Slider 3', 'Telegram', 'TrustIndex', 'UTF-8', 'University or College', 'Vector Internet Services', 'WhatsApp Sharing', 'Woo Themes', 'WordPress', 'WordPress Multisite', 'Yandex Hosting', 'eLand', 'symfony PHP Framework']"
blackbonuses.com,Best Online Casinos - Free Bonuses - Black Bonuses,,,72,28460,2026-09-12T08:40:06.820848024Z,"['Alternate Protocol', 'Apache', 'Cloudinary', 'Contact Form Plugin', 'EWWW Image Optimizer', 'EmbedPress', 'Fireblade', 'Font Awesome', 'GZIP Module', 'Gambling Content', 'Google', 'Google Adsense', 'Google Analytics', 'Google Cloud DNS', 'Google Font API', 'Google Funding Choices', 'Google Matched Content', 'Google My Business', 'Google Reseller', 'Google Tag Manager', 'IcoMoon', 'Instagram Follow Button', 'Kitco', 'Lazy Load for WordPress', 'Microdata for Google Shopping', 'PHP', 'Pixabay', 'Postimage.org', 'QUIC', 'Shoelace Style', 'Site Kit', 'Sitelinks Search Box', 'Telegram', 'Theme In WP', 'UTF-8', 'WP Fastest Cache', 'WPBakery', 'Woo Themes', 'WordPress', 'WordPress Multisite', 'WordPress Related Posts', 'bbPress', 'reCAPTCHA']"
interpac-asset.com.my,1win Casino — Play Online Games on Official Site in Malaysia,,,62,15486,2026-09-12T08:31:52.916943439Z,"['Alternate Protocol', 'CDN JS', 'Cloudflare', 'Cloudflare CDN', 'Cloudflare Web Analytics', 'DAV', 'DMCA Badge', 'EmbedPress', 'Express', 'Fireblade', 'Font Awesome', 'Gambling Content', 'Instagram Follow Button', 'Lazy Load for WordPress', 'PHP', 'Polylang', 'QUIC', 'Tailwind CSS', 'Telegram', 'The Deck', 'Theme In WP', 'UTF-8', 'WP Rocket', 'WordPress', 'WordPress Multisite']"
agusev.pro,Alexander Gusev — PM · InfoSec,,GBR,62,,2026-09-12T08:31:52.909877848Z,"['Amazon WAF Blocked', 'Astro', 'Nginx', 'QUIC', 'Telegram']"
harmonyhormonetherapy.com,Harmony Hormone Therapy | Best Wellness Clinic in Centennial,,USA,82,33324,2026-09-12T08:20:49.640963877Z,"['AWS WAF Challenge', 'Alternate Protocol', 'Bunny Fonts', 'Cloudflare', 'CoBlocks', 'Content Delivery Network', 'Elementor', 'EmbedPress', 'GoDaddy', 'Google Analytics', 'Google Cloud DNS', 'Google Font API', 'Google Tag Manager', 'Microdata for Google Shopping', 'NFOrce Internet', 'No-Q', 'Ntent', 'PHP', 'Patient Access', 'QUIC', 'Sitelinks Search Box', 'Slider Revolution', 'Telegram', 'Theme In WP', 'TrustIndex', 'Twitter Ads', 'UTF-8', 'Wangsu', 'WhatsApp Sharing', 'Woo Themes', 'WordPress', 'WordPress Multisite', 'WordPress PopUp', 'jQuery']"
antti.codes,antti.codes,,,57,90,2026-09-12T08:20:49.633451128Z,"['Bitwarden Passwordless', 'Cloudflare', 'Express', 'GZIP Module', 'GitHub Hosting', 'Nginx', 'Onion Location', 'Plausible Analytics', 'Python', 'Telegram', 'Twitter Ads', 'University or College', 'Visual Studio']"
holytrinityvidyabhavan.org,Holy Trinity Vidyabhavan | Best School in Haripad,,GBR,70,13107,2026-09-12T08:09:30.42988081Z,"['Apache', 'Apture Linking Platform', 'Column Shortcodes', 'Font Awesome', 'Google Cloud DNS', 'Google Font API', 'Google My Business', 'IcoMoon', 'Phew', 'Pico CSS', 'Telegram', 'Twitter Ads', 'UTF-8', 'WhatsApp Sharing', 'YouTube', 'jQuery']"
fartkmm.com,FARTKMM — The green fart on Solana,,,42,,2026-09-12T08:09:30.414018303Z,"['Content Delivery Network', 'Next.js', 'Telegram', 'The Deck', 'UTF-8', 'Vercel']"
buyitstore.co.uk,Home - Buyitstore.co.uk,,GBR,60,6605,2026-09-12T07:57:42.041683564Z,"['AWS WAF Challenge', 'Alternate Protocol', 'ClickOn', 'Cloudflare', 'Cloudflare CDN', 'Contact Form Plugin', 'Creative Mail by Constant Contact', 'Elementor', 'EmbedPress', 'Endis', 'Fastly', 'Google', 'Google Cloud DNS', 'Google Font API', 'Google My Business', 'Instagram Follow Button', 'Jetpack', 'LiteSpeed', 'Microdata for Google Shopping', 'NFOrce Internet', 'PHP', 'QUIC', 'Slider Revolution', 'Telegram', 'Theme In WP', 'UTF-8', 'Vimeo', 'WhatsApp Sharing', 'Woo Themes', 'WooCommerce', 'WooCommerce Checkout', 'WooFramework', 'WordPress', 'WordPress Multisite', 'WordPress Stats', 'XTemos Studio', 'jQuery']"
sonicbowl.sg,Sonic Bowl | Singapore Bowling | Funbowl and In-House Tournament,,SGP,77,105303,2026-09-12T07:57:42.01558307Z,"['AWS WAF Challenge', 'Amazon WAF Blocked', 'Apture Linking Platform', 'Content Delivery Network', 'DAV', 'Express', 'Fastly', 'Fastly CDN', 'GZIP Module', 'Google Forms', 'Google My Business', 'Google Related Website Sites', 'Instagram Follow Button', 'Microdata for Google Shopping', 'NFOrce Internet', 'POWr', 'PWA', 'Perl', 'QUIC', 'SMC', 'Seflow Italy', 'Sentry', 'SiteW', 'Telegram', 'Thank You', 'UTF-8', 'Vector Internet Services', 'WP Booking Calendar', 'Wix', 'Wix Media', 'YouTube', 'eLand', 'mlcom']"
ricohcoefy23.com,Ricoh COE FY23,,,50,117,2026-09-12T07:48:55.019075703Z,"['Aruba', 'CDN JS', 'Cloudflare', 'Cloudflare CDN', 'Contact Form Plugin', 'EmbedPress', 'Font Awesome', 'GZIP Module', 'Google Cloud DNS', 'Google Font API', 'Google Maps', 'Nginx', 'PHP', 'Tawk', 'Telegram', 'Theme In WP', 'UTF-8', 'WordPress', 'WordPress Multisite', 'jQuery']"
claireandpeter.com,Home » Claire & Peter,,,57,529,2026-09-12T07:48:55.008787099Z,"['Alternate Protocol', 'Elementor', 'EmbedPress', 'GZIP Module', 'GetYourGuide', 'Google Analytics', 'Google Related Website Sites', 'Google Tag Manager', 'Hello Elementor', 'Instagram Follow Button', 'Microdata for Google Shopping', 'NFOrce Internet', 'Nginx', 'PHP', 'Pagekit', 'Sitelinks Search Box', 'Smush Image Optimization', 'Telegram', 'Theme In WP', 'UTF-8', 'WordPress', 'WordPress Multisite', 'WordPress Related Posts', 'YouTube', 'jQuery', 'jQuery Pin It Button for Images']"
bayezid.com.bd,Home | Bayezid Corporate Solution,Bayezid Corporate Solution,BGD,85,16385,2026-09-12T07:32:27.739493441Z,"['Alternate Protocol', 'Apache', 'Apture Linking Platform', 'Automattic', 'Contact Form Plugin', 'Content Delivery Network', 'Creative Mail by Constant Contact', 'Elementor', 'EmbedPress', 'Fireblade', 'GZIP Module', 'Google Cloud DNS', 'Google Font API', 'Jetpack', 'Microdata for Google Shopping', 'PHP', 'QUIC', 'QuadLayers', 'Slider Revolution', 'Telegram', 'Theme In WP', 'Twitter Ads', 'UTF-8', 'Woo Themes', 'WooFramework', 'WordPress', 'WordPress Multisite', 'WordPress Stats', 'jQuery']"
elmento.ai,Elmento AI: Лучшая нейросеть для работы с PDF-файлами,,,67,13708,2026-09-12T07:32:27.713169888Z,"['ADFOX', 'AJAX Libraries API', 'Amazon', 'Amazon CloudFront', 'CloudFront', 'Content Delivery Network', 'ElementUI', 'Express', 'GZIP Module', 'Google', 'Google Analytics', 'Google Cloud DNS', 'Google Font API', 'Google Tag Manager', 'IcoMoon', 'Telegram', 'UTF-8', 'WF Cookie Consent', 'Yandex Hosting', 'Yandex Metrika']"
evrtech.com,"EvrTech-Industrial Computer, motherboard,Mini PC supplier",,CHN,77,2471,2026-09-12T07:20:48.507202126Z,"['Alternate Protocol', 'Contact Form 7', 'Content Delivery Network', 'EmbedPress', 'Fastly', 'GZIP Module', 'Google Analytics', 'Google Tag Manager', 'Microdata for Google Shopping', 'Nginx', 'PHP', 'Tawk', 'Telegram', 'Thank You', 'ThemeFusion', 'UTF-8', 'WP Fastest Cache', 'WordPress', 'WordPress Multisite', 'YouTube']"
earnforvideo.com,Home - EarnForVideo,,USA,57,,2026-09-12T07:20:48.505284918Z,"['LiteSpeed', 'Microdata for Google Shopping', 'PHP', 'Schema Plugin', 'Telegram', 'UTF-8', 'YouTube', 'xCharts']"
xn--80aaiduub8a.xn--p1acf,МАДРИГАЛ,,RUS,72,37400,2026-09-12T07:11:35.409003802Z,"['AWS WAF Challenge', 'Alternate Protocol', 'Fireblade', 'GZIP Module', 'Next.js', 'Nginx', 'PHP', 'Pleroma', 'QUIC', 'Radix UI', 'Tailwind CSS', 'Telegram', 'UTF-8', 'University or College', 'Vector Internet Services', 'Yandex Hosting', 'shadcn ui']"
focusdigitalmarketingseo.com,Focus Digital Marketing SEO | Web Design/ Digital Marketing | SEO Tupelo MS,,CAN,82,11020,2026-09-12T07:11:35.39103415Z,"['Alternate Protocol', 'Amazon CloudFront', 'CloudFront', 'Clutch', 'Duda', 'FormSubmit', 'GZIP Module', 'Instagram Follow Button', 'Microdata for Google Shopping', 'Nginx', 'Perl', 'Snapps.ai', 'Tailwind CSS', 'Telegram', 'Thank You', 'Twitter Ads', 'UTF-8', 'YouTube', 'about.me']"
okewitt.link,Oke Witt | Offenburg | okipoint | CEO | Gravatar,,,62,18076,2026-09-12T07:11:35.389265625Z,"['Alternate Protocol', 'Automattic', 'Automattic Direct', 'Calendly', 'DoubleClick Bid Manager', 'Giphy', 'Google', 'Google Analytics', 'Google Cloud DNS', 'Google Font API', 'Google My Business', 'Google Recommendations AI', 'Google Tag Manager', 'Jetpack Site Accelerator', 'Microdata for Google Shopping', 'Nginx', 'Perl', 'Telegram', 'UTF-8', 'WordPress', 'WordPress Stats']"
petestreeworx.com.au,Pete's Treeworx- Tree service - Mandurah WA,Pete&#039;s Treeworx,AUS,77,88236,2026-09-12T07:01:53.925735531Z,"['AWS WAF Challenge', 'Adobe Creative Cloud WebFonts', 'Alltop', 'Alternate Protocol', 'Apture Linking Platform', 'Automattic', 'BLR', 'Better Lead Generation Services', 'Cloudflare', 'Community', 'Content Delivery Network', 'DAV', 'Disqus Comment System for WordPress', 'ElementUI', 'Elementor', 'EmbedPress', 'Facebook Conversion Tracking', 'Facebook Login', 'Facebook Messenger Platform', 'Facebook Pixel', 'Facebook Reseller', 'Facebook Tag API', 'Font Awesome', 'Google', 'Google Analytics', 'Google Calendar', 'Google Cloud CDN', 'Google Cloud DNS', 'Google Font API', 'Google Forms', 'Google Maps', 'Google My Business', 'Google Related Website Sites', 'Google Tag Manager', 'Gravity', 'Gravity Forms', 'HappyAddons', 'Hello Elementor', 'Instagram Follow Button', 'Linktree', 'Medium', 'Microdata for Google Shopping', 'MonsterInsights', 'NFOrce Internet', 'NitroPack', 'Ntent', 'Proven Expert', 'QUIC', 'SMC', 'Sitelinks Search Box', 'Table Addons for Elementor', 'Tailwind CSS', 'Telegram', 'To Top', 'Trello', 'TrustIndex', 'Tumblr', 'Twitter Ads', 'UTF-8', 'WP Engine', 'WordPress', 'WordPress Multisite', 'YouTube', 'about.me', 'jsDelivr', 'reCAPTCHA']"
dixoninjuryattorney.com,Miramar Beach Personal Injury Lawyer | Dixon Injury Law,,USA,92,40636,2026-09-12T06:51:22.668945795Z,"['Amazon', 'Amazon CloudFront', 'Amazon WAF Blocked', 'Apture Linking Platform', 'CDN JS', 'CloudFront', 'Cloudflare', 'Cloudflare CDN', 'Content Delivery Network', 'Content ad', 'Elfsight', 'Flow', 'Google Analytics', 'Google Customer Reviews', 'Google My Business', 'Google Tag Manager', 'Instagram Follow Button', 'Microdata for Google Shopping', 'Perl', 'QUIC', 'RM Education', 'Telegram', 'Twitter Ads', 'UTF-8', 'WF Cookie Consent', 'Webflow', 'YouTube', 'jsDelivr']"
earncod.in,Money On Dream,,IND,65,420,2026-09-12T06:51:22.651801012Z,"['Content Delivery Network', 'Google My Business', 'Google Play', 'Instagram Follow Button', 'Material-UI', 'Next.js', 'Pleroma', 'Telegram', 'UTF-8', 'Vercel', 'YouTube']"
collegeopenings.com,Home - College Openings,College Openings,,65,20483,2026-09-12T06:51:22.627411627Z,"['Alternate Protocol', 'Astra Theme', 'Content Delivery Network', 'EmbedPress', 'Fastly', 'Fireblade', 'GZIP Module', 'Google', 'Google Analytics', 'Google Cloud DNS', 'Google Font API', 'Google Tag Manager', 'Instagram Follow Button', 'Metricool', 'Microdata for Google Shopping', 'Nginx', 'PHP', 'Site Kit', 'Telegram', 'Theme In WP', 'Twitter Ads', 'UTF-8', 'University or College', 'WordPress', 'WordPress Multisite', 'WordPress Related Posts', 'YouTube', 'jQuery']"
zanio.ru,"Рос-Декор — занавесы, шторы, декорации",,RUS,65,10840,2026-09-12T06:39:42.432668087Z,"['ADFOX', 'CDN JS', 'Cloudflare', 'Cloudflare CDN', 'Fancybox for WordPress', 'GZIP Module', 'Google', 'Google Cloud DNS', 'Google Font API', 'Nginx', 'PHP', 'Telegram', 'UTF-8', 'Yandex Hosting', 'Yandex Metrika', 'jsDelivr']"
custompapercoasters.com,Custom Paper Coasters For Unique Brand Promotions or Favors,Custom Paper Coasters,USA,82,5043,2026-09-12T06:39:42.405377426Z,"['Alternate Protocol', 'Amazon WAF Blocked', 'Apture Linking Platform', 'Automattic', 'Elementor', 'EmbedPress', 'Express', 'GZIP Module', 'Google', 'Google Cloud CDN', 'Google Cloud DNS', 'Google Font API', 'Jetpack', 'Lazy Load for WordPress', 'Microdata for Google Shopping', 'Microsoft Clarity', 'NFOrce Internet', 'Nginx', 'PHP', 'QUIC', 'Tawk', 'Telegram', 'Theme In WP', 'UTF-8', 'WP Rocket', 'Woo Themes', 'WooFramework', 'WordPress', 'WordPress Multisite', 'WordPress Stats', 'XTemos Studio', 'jQuery']"
paypilot.org,"PayPilot — Crypto Swaps, Cards, Crypto Wallet and OTC Exchange",PILOT INNOVATION LLC,,67,6387,2026-09-12T06:39:42.402205898Z,"['Alternate Protocol', 'App Store', 'Cloudflare', 'Cloudflare CDN', 'Cloudflare Web Analytics', 'Coming Soon Page', 'Contact Form Plugin', 'Crypto.com', 'EmbedPress', 'GZIP Module', 'Google Analytics', 'Google My Business', 'Google Play', 'Google Tag Manager', 'Instagram Follow Button', 'Kitco', 'Microdata for Google Shopping', 'PHP', 'Post Views Counter', 'QUIC', 'Sage Theme', 'Site Kit', 'Telegram', 'Theme In WP', 'UTF-8', 'WPML Multilingual', 'WordPress', 'WordPress Multisite', 'reCAPTCHA']"
urbanclick.in,Home - Urban Click,,IND,77,118426,2026-09-12T06:24:52.097852726Z,"['AWS WAF Challenge', 'Allfont', 'Alternate Protocol', 'Cloudflare', 'Cloudflare CDN', 'Content Delivery Network', 'DAV', 'Efilli', 'Elementor', 'EmbedPress', 'Express', 'Facebook Conversion Tracking', 'Facebook Login', 'Facebook Messenger Platform', 'Facebook Pixel', 'Facebook Reseller', 'Facebook Tag API', 'Fastly', 'Financial Services Guide', 'FormSubmit', 'Google', 'Google Adsense', 'Google Analytics', 'Google Cloud DNS', 'Google Font API', 'Google Funding Choices', 'Google Maps', 'Google Matched Content', 'Google My Business', 'Google Related Website Sites', 'Google Reseller', 'Google Tag Manager', 'Header, Footer and Blocks for Elementor', 'IcoMoon', 'Instagram Follow Button', 'K2F', 'KVH', 'ListingProWP', 'LiteSpeed', 'Metform Elemento', 'Microdata for Google Shopping', 'NFOrce Internet', 'No-Q', 'PHP', 'Placehold IT', 'Premium Addons for Elementor', 'QUIC', 'SMC', 'Sitelinks Search Box', 'Subversion', 'Tailwind CSS', 'Telegram', 'Theme In WP', 'UTF-8', 'University or College', 'WordPress', 'WordPress Multisite', 'jQuery']"
wnauts.com,Digital Marketing Agency & Web Development Company 2026 | Webnauts,,UKR,77,16788,2026-09-12T06:14:56.672349629Z,"['Alternate Protocol', 'Ametys', 'Bitrix24', 'CDN JS', 'Cloudflare', 'Cloudflare CDN', 'Clutch', 'ElementUI', 'Elementor', 'EmbedPress', 'Facebook Conversion Tracking', 'Facebook Login', 'Facebook Messenger Platform', 'Facebook Pixel', 'Facebook Reseller', 'Facebook Tag API', 'Google', 'Google Analytics', 'Google Cloud CDN', 'Google Cloud DNS', 'Google Font API', 'Google My Business', 'Google Partners Badge', 'Google Related Website Sites', 'Google Tag Manager', 'Hotjar', 'Instagram Follow Button', 'Microdata for Google Shopping', 'Microsoft Clarity', 'Nginx', 'PHP', 'Python', 'QUIC', 'Telegram', 'Theme In WP', 'UTF-8', 'WordPress', 'WordPress Multisite', 'YouTube', 'jQuery', 'jsDelivr']"
schoolleadersforum.net,School Leadership Conference / Innovative Schools Summit 2026,Innovative Schools Summit,USA,77,40902,2026-09-12T06:04:43.555985444Z,"['AWS WAF Challenge', 'Alternate Protocol', 'Coming Soon Page', 'Content Delivery Network', 'Cvent', 'Elementor', 'Elementor Addon Elements', 'EmbedPress', 'Essential Addons for Elementor', 'Fastly', 'GZIP Module', 'GoFundMe', 'Google Analytics', 'Google Cloud DNS', 'Google Font API', 'Google My Business', 'Google Tag Manager', 'Hello Elementor', 'Instagram Follow Button', 'LinkedIn Insights', 'LinkedIn Pixel', 'Microdata for Google Shopping', 'Microsoft Clarity', 'NFOrce Internet', 'PixelYourSite', 'Presto Player', 'Site Kit', 'Tawk', 'Telegram', 'Twitter Ads', 'UTF-8', 'WordPress', 'WordPress Multisite', 'YouTube', 'jQuery', 'reCAPTCHA']"
gelfandrealty.com,Houses for Rent and for Buy | GelfandRealty.com,,USA,72,720,2026-09-12T05:52:52.17409931Z,"['GZIP Module', 'Google Related Website Sites', 'Instagram Follow Button', 'Laravel Livewire', 'Nginx', 'PHP', 'QUIC', 'Tailwind CSS', 'Telegram', 'UTF-8', 'Ubuntu', 'YouTube', 'jsDelivr']"
stgeorges.edu.ar,Home - St George's College,St George's College,ARG,70,5662,2026-09-12T05:52:52.135784277Z,"['Alternate Protocol', 'App Store', 'Contact Form Plugin', 'DuracellTomi Google Tag Manager for WordPress', 'ElementUI', 'EmbedPress', 'Facebook Conversion Tracking', 'Facebook Login', 'Facebook Messenger Platform', 'Facebook Pixel', 'Facebook Reseller', 'Facebook Tag API', 'GZIP Module', 'Google', 'Google Analytics', 'Google Cloud CDN', 'Google Cloud DNS', 'Google Font API', 'Google My Business', 'Google Play', 'Google Tag Manager', 'IcoMoon', 'Instagram Follow Button', 'Microdata for Google Shopping', 'Nginx', 'Oddle', 'PHP', 'Polylang', 'QUIC', 'Site Kit', 'Slider Revolution', 'Tailwind CSS', 'Telegram', 'Theme In WP', 'UTF-8', 'University or College', 'WPBakery', 'Woo Themes', 'WooCommerce', 'WooCommerce Checkout', 'WooFramework', 'WordPress', 'WordPress Multisite', 'XTemos Studio', 'YouTube', 'jQuery', 'reCAPTCHA']"
almasllc.net,"Almas llc – Shop Easy, Enjoy More",,AUS,70,17126,2026-09-12T05:52:52.134711941Z,"['3 Products', 'Alternate Protocol', 'Contact Form Plugin', 'Content Delivery Network', 'Elementor', 'EmbedPress', 'Endis', 'Google Cloud DNS', 'Google Font API', 'Google My Business', 'LiteSpeed', 'NFOrce Internet', 'PHP', 'QUIC', 'Telegram', 'Theme In WP', 'UTF-8', 'University or College', 'Woo Themes', 'WooCommerce', 'WooCommerce Checkout', 'WooFramework', 'WordPress', 'WordPress Multisite', 'XTemos Studio', 'jQuery']"
soupmamaofficial.com,"Soup Mama Official, Inc",,PHL,65,70792,2026-09-12T05:52:52.129152322Z,"['Apache', 'Apture Linking Platform', 'ClickOn', 'Express', 'GZIP Module', 'GetResponse', 'GitHub Hosting', 'Google', 'Google Analytics', 'Google Calendar', 'Google Cloud CDN', 'Google Cloud DNS', 'Google Font API', 'Google My Business', 'Google Recommendations AI', 'Google Related Website Sites', 'Google Tag Manager', 'Instagram Follow Button', 'Microdata for Google Shopping', 'NFOrce Internet', 'Ntent', 'Rumble Player', 'SMC', 'Sapper', 'Schema Plugin', 'Subversion', 'Telegram', 'Thank You', 'UTF-8', 'YouTube']"
aqua-brand.com,Компания Aquabrand – строительство и проектирование фонтанов по России,AQUABREND - Мы строим фонтаны,RUS,87,18589,2026-09-12T05:52:52.122783634Z,"['ADFOX', 'AJAX Libraries API', 'Alternate Protocol', 'Apture Linking Platform', 'Astra Theme', 'Calltouch', 'ElementUI', 'Elementor', 'EmbedPress', 'Fancybox for WordPress', 'GZIP Module', 'Google', 'Google Cloud CDN', 'Google Cloud DNS', 'Google Font API', 'Google My Business', 'IcoMoon', 'Jeg Elementor Kit', 'Microdata for Google Shopping', 'Nginx', 'PHP', 'Telegram', 'Theme In WP', 'UTF-8', 'Utmstat', 'Vector Internet Services', 'Woo Themes', 'WordPress', 'WordPress Multisite', 'WordPress Related Posts', 'Yandex Hosting', 'Yandex Metrika', 'YouTube', 'eLand', 'jQuery', 'jsDelivr', 'reCAPTCHA']"
truck-nest.com,Box Trucks for Sale | Commercial & Delivery Ready,,USA,87,7480,2026-09-12T05:42:06.740196248Z,"['Baidu Cloud', 'Better Lead Generation Services', 'GZIP Module', 'Google', 'Google Cloud DNS', 'Google Font API', 'Google My Business', 'Instagram Follow Button', 'Telegram', 'Tilda', 'UTF-8', 'Yandex Hosting']"
gespenstisch.org,"Ghostwriting in VWL, Mathe, Statistik, BWL, Physik, Informatik",,,52,63,2026-09-12T05:42:06.726916946Z,"['Apache', 'GZIP Module', 'Google', 'Google Analytics', 'Google Cloud DNS', 'Google Font API', 'Google Tag Manager', 'Hugo', 'Telegram']"
ddart.group,Art Group | advertising structures and neon signs,D2 Art Group,UKR,77,20440,2026-09-12T05:42:06.705692338Z,"['Alternate Protocol', 'Google', 'Google Analytics', 'Google Cloud DNS', 'Google Font API', 'Google Tag Manager', 'Instagram Follow Button', 'Microdata for Google Shopping', 'Nginx', 'On The Map', 'PWA', 'Tailwind CSS', 'Telegram', 'UTF-8']"
onlineteknikanaliz.com,Online Teknik Analiz,,RUS,60,417,2026-09-12T05:31:07.400294647Z,"['CDN JS', 'Cloudflare', 'Cloudflare CDN', 'ElementUI', 'GZIP Module', 'Google', 'Google Cloud DNS', 'Google Font API', 'IcoMoon', 'Nginx', 'No-Q', 'Tailwind CSS', 'Telegram', 'UTF-8', 'Ubuntu', 'YouTube', 'jsDelivr', 'shadcn ui']"
bibleonline.info,Bible Online | Bible Online,,USA,70,23459,2026-09-12T04:56:51.506847227Z,"['ADFOX', 'AWS WAF Challenge', 'CDN JS', 'Cloudflare', 'Cloudflare CDN', 'Cloudflare Web Analytics', 'Cornerstone', 'DAV', 'Express', 'Google Analytics', 'Google Tag Manager', 'Microsoft Clarity', 'Tailwind CSS', 'Telegram', 'Twitter Ads', 'UTF-8', 'Yandex Hosting', 'Yandex Metrika', 'YouTube', 'jQuery', 'jsDelivr']"
brunomarchesi.com,home - brunomarchesi.com,brunomarchesi.com,,65,8141,2026-09-12T04:56:51.492807137Z,"['Alternate Protocol', 'Cisco/Arrowpoint Content Service Switch', 'Content Delivery Network', 'Elementor', 'EmbedPress', 'Google Cloud DNS', 'Google Font API', 'Gtranslate for Wordpress', 'Header, Footer and Blocks for Elementor', 'Instagram Follow Button', 'LiteSpeed', 'MailPoet', 'Microdata for Google Shopping', 'NFOrce Internet', 'Newsletter for Wordpress', 'OceanWP', 'PHP', 'QUIC', 'Telegram', 'Theme In WP', 'UTF-8', 'WP Mobile Menu', 'WP Statistics', 'WPForms', 'Woo Themes', 'WooCommerce', 'WooCommerce Checkout', 'WordPress', 'WordPress Multisite', 'YouTube', 'jQuery']"
shipatlcaribbean.com,South Atlanta Caribbean Shipping & Logistics – USA,,USA,65,750,2026-09-12T04:56:51.490523156Z,"['Alternate Protocol', 'Apture Linking Platform', 'Contact Form Plugin', 'EmbedPress', 'FreeCSSTemplates', 'GZIP Module', 'Google Cloud DNS', 'Google Font API', 'Instagram Follow Button', 'Jetpack', 'Nginx', 'PHP', 'QUIC', 'QuadLayers', 'Recent Tweets Widget for WordPress', 'Simple Banner for Wordpress', 'Slider Revolution', 'TablePress', 'Telegram', 'Theme In WP', 'Twitter Ads', 'UTF-8', 'Vimeo', 'WPBakery', 'Woo Themes', 'WordPress', 'WordPress Multisite', 'jQuery']"
colfaxyouthsoccer.org,Welcome to Colfax Youth Soccer League - Colfax Youth Soccer League,Colfax Youth Soccer League,,60,488,2026-09-12T04:29:43.223869795Z,"['AWS WAF Challenge', 'Alternate Protocol', 'Automattic', 'Cloudflare', 'Cloudflare CDN', 'Creative Mail by Constant Contact', 'EmbedPress', 'Express', 'GZIP Module', 'Google', 'Google My Business', 'Jetpack', 'Lazy Load for WordPress', 'Microdata for Google Shopping', 'Nginx', 'Telegram', 'UTF-8', 'Unsplash', 'Woo Themes', 'WooCommerce', 'WooCommerce Checkout', 'WooCommerce Payments', 'WordPress', 'WordPress Multisite', 'WordPress Stats', 'jQuery']"
vizantgroup.ru,VIZANT GROUP,,ZAF,67,13040,2026-09-12T04:19:38.160277844Z,"['ADFOX', 'Baidu Cloud', 'Content ad', 'GZIP Module', 'Nginx', 'Telegram', 'Tilda', 'TravelLine', 'UTF-8', 'Yandex Hosting', 'Yandex Metrika']"
chronnoisseur.com,The Chronnoisseur – The Chronnoisseur,,ZAF,70,27160,2026-09-12T04:19:38.128097818Z,"['15Zine Theme', 'AWS WAF Challenge', 'Ajax Search Lite', 'Alternate Protocol', 'Automattic', 'Contact Form Plugin', 'DAV', 'EmbedPress', 'GZIP Module', 'Google', 'Google Cloud CDN', 'Google Cloud DNS', 'Google Font API', 'Google Maps', 'Google My Business', 'Instagram Follow Button', 'Jetpack', 'Login With Ajax', 'Microdata for Google Shopping', 'Nginx', 'PHP', 'Paid Memberships Pro', 'QUIC', 'RM Education', 'Schema Plugin', 'SiteW', 'Tailwind CSS', 'Telegram', 'Theme In WP', 'Twitter Ads', 'Typeform', 'UTF-8', 'WP-Members', 'Woo Themes', 'WordPress', 'WordPress Multisite', 'WordPress Stats', 'YouTube', 'bbPress', 'eLand', 'jQuery']"
forticlient.no,UserToPhone — Telegram Username Lookup,,NLD,67,2440,2026-09-12T04:19:38.116042177Z,"['GZIP Module', 'Google', 'Google Analytics', 'Google Cloud DNS', 'Google Font API', 'Google Tag Manager', 'Python', 'Telegram', 'UTF-8']"
aktivniodmor.net,Aktivni Odmor,,SRB,72,45760,2026-09-12T04:07:20.579589372Z,"['Alternate Protocol', 'Bunny Fonts', 'DAV', 'EmbedPress', 'FooBox', 'GTranslate', 'Google My Business', 'Instagram Follow Button', 'K2F', 'KVH', 'Microdata for Google Shopping', 'Nginx', 'No-Q', 'PHP', 'Photo Gallery by FooGallery', 'Telegram', 'Theme In WP', 'Twenty Twenty-One', 'UTF-8', 'WordPress', 'WordPress Multisite', 'YouTube', 'jQuery']"
bsvac.org,BSVAC | Bedford-Stuyvesant Volunteer Ambulance Corps,Bedford-Stuyvesant Volunteer Ambulance Corps,USA,77,7581,2026-09-12T04:07:20.577048365Z,"['501c3 Status Nonprofit', 'Alternate Protocol', 'Bunny Fonts', 'Divi', 'Elegant Themes', 'Elementor', 'EmbedPress', 'Express', 'Google Cloud DNS', 'Google Font API', 'Instagram Follow Button', 'Microdata for Google Shopping', 'Neighborhoods', 'Nginx', 'PHP', 'Prospective', 'Sitelinks Search Box', 'SmartCrawl', 'Telegram', 'Theme In WP', 'Twitter Ads', 'UTF-8', 'WhatsApp Sharing', 'Woo Themes', 'WordPress', 'WordPress Multisite', 'eLand', 'jQuery']"
sunkissed.com.ua,SunKissed - блог про подорожі Україною та світом | Про Україну і Світ,,,72,868,2026-09-12T04:07:20.564187314Z,"['Alternate Protocol', 'AnyChat', 'EmbedPress', 'Google Cloud DNS', 'Google Font API', 'Google Related Website Sites', 'Instagram Follow Button', 'Kava', 'Microdata for Google Shopping', 'Nginx', 'PHP', 'Sitelinks Search Box', 'Telegram', 'Theme In WP', 'UTF-8', 'WP Super Cache', 'WordPress', 'WordPress Multisite', 'YouTube', 'jQuery', 'jQuery Pin It Button for Images']"
martinienpagning.com,Home - Come Trasformare Un Blog In Startup Nel 2021,,,67,45631,2026-09-12T03:56:08.482890377Z,"['AWS WAF Challenge', 'Alternate Protocol', 'Autoptimize', 'Azion', 'Bunny Fonts', 'Cloudflare', 'Cloudflare CDN', 'Contento', 'DAV', 'EmbedPress', 'GZIP Module', 'Google', 'Google Cloud DNS', 'Google Font API', 'Google My Business', 'Google Related Website Sites', 'Jetpack', 'Microdata for Google Shopping', 'Nginx', 'Perl', 'Sitelinks Search Box', 'StudioPress', 'Telegram', 'Twitter Ads', 'UTF-8', 'WhatsApp Sharing', 'WordPress', 'WordPress Multisite', 'WordPress PopUp', 'WordPress Stats', 'jQuery']"
pedroarevalo.dev,Pedro M. Arévalo,,ESP,72,150268,2026-09-12T03:56:08.474479025Z,"['Astro', 'Content Delivery Network', 'GitHub Hosting', 'Google Cloud DNS', 'Google Font API', 'Google My Business', 'Instagram Follow Button', 'Microdata for Google Shopping', 'Netlify', 'Salesforce Hosted', 'Telegram', 'UTF-8', 'shadcn ui']"
sapphirebet.partners,Partners-Sapphirebet | The Sapphirebet affiliate program,,,62,,2026-09-12T03:45:52.477055584Z,"['Alternate Protocol', 'Amazon WAF Blocked', 'GZIP Module', 'Gambling Content', 'QUIC', 'Styled Components', 'Telegram', 'UTF-8']"
scorbi.net,Храм в честь иконы Божией Матери «Всех скорбящих Радость» – при Старо-Екатерининской больнице (МОНИКИ),,RUS,55,398,2026-09-12T03:45:52.476248247Z,"['ADFOX', 'Alternate Protocol', 'Elementor', 'EmbedPress', 'GZIP Module', 'Google', 'Google Analytics', 'Google Cloud CDN', 'Google Cloud DNS', 'Google Font API', 'Google Tag Manager', 'IcoMoon', 'Neve', 'Nginx', 'PDF Embedder for Wordpress', 'PHP', 'Telegram', 'Theme In WP', 'UTF-8', 'WPForms', 'Woo Themes', 'WordPress', 'WordPress Multisite', 'Yandex Hosting', 'Yandex Metrika', 'jQuery']"
infx.ir,INFX | آموزش هوشمند کنترل عفونت,,,55,26695,2026-09-12T03:45:52.434559241Z,"['Apache', 'Apture Linking Platform', 'ArvanCloud', 'ClickOn', 'Express', 'GZIP Module', 'GetResponse', 'GitHub Hosting', 'Google', 'Google Cloud CDN', 'Google Cloud DNS', 'Google Font API', 'Google My Business', 'Google Recommendations AI', 'Google Related Website Sites', 'Instagram Follow Button', 'KVH', 'Microdata for Google Shopping', 'NFOrce Internet', 'Ntent', 'SMC', 'Sapper', 'Schema Plugin', 'Subversion', 'Telegram', 'UTF-8']"
consultify247.com,Consultancy 24*7,,IND,65,3244,2026-09-12T03:33:36.181053311Z,"['Alternate Protocol', 'Click to Chat for WhatsApp', 'Contact Form Plugin', 'Easy Pie Chart', 'ElementUI', 'Elementor', 'EmbedPress', 'Google', 'Google Analytics', 'Google Cloud CDN', 'Google Cloud DNS', 'Google Font API', 'Graphy', 'Instagram Follow Button', 'LiteSpeed', 'Microdata for Google Shopping', 'PHP', 'Soledad', 'Telegram', 'Theme In WP', 'UTF-8', 'WPForms', 'Woo Themes', 'WordPress', 'WordPress Multisite', 'bbPress', 'jQuery']"
thegracedgenerationministries.com,Home_pg - The Graced Generation Ministry,,,60,5454,2026-09-12T03:20:07.485233629Z,"['AWS WAF Challenge', 'Alternate Protocol', 'Blog Designer Pack', 'Cloudflare', 'Cloudflare CDN', 'Content Delivery Network', 'Divi', 'Elegant Themes', 'EmbedPress', 'Financial Services Guide', 'Google', 'Google Analytics', 'Google Cloud CDN', 'Google Cloud DNS', 'Google Font API', 'Google My Business', 'Google Tag Manager', 'Instagram Follow Button', 'KVH', 'LiteSpeed', 'Microdata for Google Shopping', 'PHP', 'QUIC', 'Telegram', 'Theme In WP', 'UTF-8', 'WhatsApp Sharing', 'Woo Themes', 'WordPress', 'WordPress Multisite', 'YouTube', 'jQuery']"
norbertods23.co.uk,De Sousa BootCamp 2025,,,45,90,2026-09-12T03:09:36.871448922Z,"['Content Delivery Network', 'Flat Icon', 'Instagram Follow Button', 'Telegram', 'UTF-8', 'Vercel']"
meghnum.com,"Buy Khetlazee Corporation products online at best prices on https://meghnum.com Khetlazee Corporation Khetlazee Corporation Khetlazee Corporation Khetlazee Corporation https://meghnum.com khetlazee@yahoo.com 9967438040 ""Meghnum by Khetlazee Corporation (KHETLAZEE CORPORATION).We are a jewellery brand dedicated to crafting exquisite, timeless pieces that celebrate elegance, individuality, and everlasting beauty.""",,IND,72,3400,2026-09-12T02:57:55.208450915Z,"['AJAX Libraries API', 'Alternate Protocol', 'Amazon', 'Amazon CloudFront', 'Apture Linking Platform', 'CloudFront', 'Express', 'Facebook Login', 'Facebook Messenger Platform', 'Facebook Pixel', 'Facebook Reseller', 'GZIP Module', 'Google Analytics', 'Google Cloud DNS', 'Google Related Website Sites', 'Google Tag Manager', 'Instagram Follow Button', 'Microsoft Clarity', 'Nginx', 'Sentry', 'Telegram', 'UTF-8']"
sensebloomtherapy.com,ABA Applied Behaviour Analysis Toronto | SenseBloom Therapy,,CAN,92,16064,2026-09-12T02:57:55.151843794Z,"['Alternate Protocol', 'Apture Linking Platform', 'Content Delivery Network', 'Elementor', 'EmbedPress', 'Express', 'Google Analytics', 'Google Cloud DNS', 'Google Font API', 'Google My Business', 'Google Tag Manager', 'Hello Elementor', 'Instagram Follow Button', 'LiteSpeed', 'Microdata for Google Shopping', 'NFOrce Internet', 'Ntent', 'Oddle', 'PHP', 'Phew', 'QUIC', 'Site Kit', 'Telegram', 'Thank You', 'Theme In WP', 'TrustIndex', 'UTF-8', 'WordPress', 'WordPress Multisite', 'YouTube', 'jQuery']"
polarisfinance.io,Polaris Protocol - Onchain Yield Engine,Polaris Protocol,,72,5439,2026-09-12T02:46:57.230019821Z,"['Alternate Protocol', 'Apture Linking Platform', 'Coming Soon Page', 'Content Delivery Network', 'Fastly', 'GZIP Module', 'GitHub Hosting', 'Microdata for Google Shopping', 'Next.js', 'Oracle Cloud', 'Telegram', 'UTF-8', 'YouTube', 'shadcn ui', 'usd DE']"
d1or.host,"Bulletproof VPS/VDS, Offshore Domains, CDN & Hosting — Secure, No-Logs, Bulletproof Solutions",,,62,55000,2026-09-12T02:46:57.220486659Z,"['Alternate Protocol', 'Cloudflare', 'Cloudflare CDN', 'Cloudflare Web Analytics', 'Content Delivery Network', 'Fireblade', 'Next.js', 'Pico CSS', 'Pleroma', 'QUIC', 'Tailwind CSS', 'Telegram', 'UTF-8', 'Vignette OpenText', 'shadcn ui']"
taxwellpartners.com,"TaxWell & Partners — Tax, legal and corporate services in Russia",TaxWell & Partners,USA,77,2440,2026-09-12T02:46:57.199531456Z,"['Alternate Protocol', 'Better Lead Generation Services', 'GZIP Module', 'Google', 'Google Analytics', 'Google Cloud DNS', 'Google Font API', 'Google Tag Manager', 'Microdata for Google Shopping', 'Nginx', 'Perl', 'QUIC', 'Telegram', 'UTF-8']"
silmarketchemical.com,Silmarket,,RUS,67,34107,2026-09-12T02:35:46.917903264Z,"['ADFOX', 'DDoS-GUARD', 'Ethy', 'Express', 'Font Awesome', 'Free Call', 'GZIP Module', 'Google My Business', 'KVH', 'Microdata for Google Shopping', 'Pico CSS', 'Schema Plugin', 'SendPulse', 'Styled Components', 'Telegram', 'UTF-8', 'Yandex Hosting', 'reCAPTCHA', 'uKit']"
aviralyadav.dev,Full Stack Developer Portfolio,Aviral Yadav,,87,3940,2026-09-12T02:25:44.819340622Z,"['Alternate Protocol', 'Content Delivery Network', 'DAV', 'Express', 'GitHub Hosting', 'Google', 'Google Analytics', 'Google Cloud DNS', 'Google Font API', 'Google Related Website Sites', 'Google Tag Manager', 'Instagram Follow Button', 'Microdata for Google Shopping', 'Next.js', 'Pleroma', 'Python', 'QUIC', 'Styled Components', 'Tailwind CSS', 'Telegram', 'UTF-8', 'Vercel', 'Visual Studio', 'shadcn ui']"
iesmasterpublications.com,"IES Master Publications | Best GATE, ESE, PSU, SSC JE & Engineering Exam Books",IES Master Publications,IND,92,240,2026-09-12T02:25:44.802554692Z,"['Content Delivery Network', 'Google My Business', 'Instagram Follow Button', 'Microdata for Google Shopping', 'Next.js', 'Pleroma', 'Sitelinks Search Box', 'Telegram', 'Twitter Ads', 'UTF-8', 'Vercel', 'YouTube', 'shadcn ui']"
hirudoid.com.au,"Hirudoid Australia: Bruise, Scar, and Vein Care",Hirudoid Australia,AUS,87,10455,2026-09-12T02:25:44.789307535Z,"['Alternate Protocol', 'BatCache', 'Borlabs Cookie', 'Content Delivery Network', 'DAV', 'EmbedPress', 'Fastly', 'Google Analytics', 'Google Cloud DNS', 'Google Font API', 'Google Tag Manager', 'Gutenberg Blocks by Kadence Blocks', 'Instagram Follow Button', 'Jetpack', 'Kadence WP', 'Microdata for Google Shopping', 'Nginx', 'PHP', 'Prospective', 'Smart Slider 3', 'Telegram', 'Theme In WP', 'UTF-8', 'University or College', 'WP Video Lightbox', 'Woo Themes', 'WordPress', 'WordPress Multisite', 'WordPress Stats', 'eLand', 'jQuery']"
dkbuildspc.shop,Custom Gaming PC Builder & PC Optimization | DkBuildsPC,DkBuildsPC,USA,87,26123,2026-09-12T02:25:44.766981749Z,"['AWS WAF Challenge', 'Alternate Protocol', 'Apture Linking Platform', 'Blocksy', 'Bunny Fonts', 'BunnyCDN', 'BunnyCDN General', 'Cloudflare', 'Cloudflare CDN', 'Cloudflare Turnstile', 'Content Delivery Network', 'EmbedPress', 'Facebook CDN', 'Fastly', 'Google', 'Google Analytics', 'Google Cloud DNS', 'Google Font API', 'Google Maps', 'Google My Business', 'Google Tag Manager', 'Instagram Feed for WordPress', 'Instagram Follow Button', 'LiteSpeed', 'Matomo', 'Matomo Tag Manager', 'Microdata for Google Shopping', 'PHP', 'Performance Lab', 'Perl', 'QUIC', 'Site Kit', 'Site Reviews for Wordpress', 'Sitelinks Search Box', 'Stripe', 'Telegram', 'Twitter Ads', 'UTF-8', 'WhatsApp Sharing', 'Woo Themes', 'WooCommerce', 'WooCommerce Checkout', 'WooCommerce Payments', 'WordPress', 'WordPress Multisite', 'YouTube']"
dukerobotic.in,Best orthopedic hospital in North Gujarat - Duke Robotic Hospital,Duke Robotic Hospital,IND,77,4924,2026-09-12T02:25:44.765289439Z,"['Apache', 'Bunny Fonts', 'CDN JS', 'Click to Chat for WhatsApp', 'Cloudflare', 'Cloudflare CDN', 'Contact Form Plugin', 'ElementUI', 'EmbedPress', 'Font Awesome', 'GZIP Module', 'Google', 'Google Analytics', 'Google Cloud CDN', 'Google Cloud DNS', 'Google Customer Reviews', 'Google Font API', 'Google My Business', 'Google Tag Manager', 'IcoMoon', 'Instagram Follow Button', 'Microdata for Google Shopping', 'Ntent', 'PHP', 'QUIC', 'Slider Revolution', 'Telegram', 'ThemeFusion', 'TrustIndex', 'Twitter Ads', 'UTF-8', 'WhatsApp Sharing', 'WordPress', 'WordPress Multisite', 'WordPress PopUp', 'YouTube', 'jQuery', 'reCAPTCHA']"
capcompany.ir,CAP Taha Samooei,CAP company,,55,20003,2026-09-12T02:11:25.5666811Z,"['Apture Linking Platform', 'Bulma', 'CDN JS', 'Cloudflare', 'Cloudflare CDN', 'GZIP Module', 'Google Cloud DNS', 'Google Font API', 'Microdata for Google Shopping', 'Nginx', 'QUIC', 'Tailwind CSS', 'Telegram', 'UTF-8', 'Vignette OpenText', 'YouTube', 'jsDelivr']"
aspirecompanies.com,Dr Sam Collins - Home,,GBR,77,19689,2026-09-12T02:11:25.556635654Z,"['AWS WAF Challenge', 'Alternate Protocol', 'Apache', 'Contact Form Plugin', 'Elementor', 'EmbedPress', 'Event Tickets for Wordpress', 'GZIP Module', 'Google Analytics', 'Google Cloud DNS', 'Google Font API', 'Google My Business', 'Google Related Website Sites', 'Google Tag Manager', 'Instagram Follow Button', 'Microdata for Google Shopping', 'NFOrce Internet', 'PHP', 'Page scroll to id', 'Popup Maker for Wordpress', 'Premium Addons for Elementor', 'QUIC', 'Sitelinks Search Box', 'Stripe', 'Telegram', 'The Events Calendar', 'Theme In WP', 'UTF-8', 'WP Super Cache', 'Woo Themes', 'WooCommerce', 'WooCommerce Checkout', 'WooCommerce Payments', 'WooFramework', 'WordPress', 'WordPress Multisite', 'WordPress SEO Structured Data Schema Plugin', 'XTemos Studio', 'YouTube', 'Zoom', 'Zoom Video Conferencing', 'jQuery', 'reCAPTCHA']"
biblicalhebrew.net,Biblical Hebrew | Biblical Hebrew,,USA,70,23459,2026-09-12T02:11:25.529134626Z,"['ADFOX', 'AWS WAF Challenge', 'CDN JS', 'Cloudflare', 'Cloudflare CDN', 'Cornerstone', 'Google Analytics', 'Google Tag Manager', 'Microsoft Clarity', 'Tailwind CSS', 'Telegram', 'Twitter Ads', 'UTF-8', 'Yandex Hosting', 'Yandex Metrika', 'YouTube', 'jQuery', 'jsDelivr']"
sarikiabungwo.com,Sariki Abungwo | Entrepreneur | The Official Website,,CMR,82,7084,2026-09-12T02:11:25.524688778Z,"['Alternate Protocol', 'Amazon CloudFront', 'ByteDance', 'CloudFront', 'Cloudflare', 'Content Delivery Network', 'Elementor', 'EmbedPress', 'Google Analytics', 'Google My Business', 'Google Tag Manager', 'Hello Elementor', 'Instagram Follow Button', 'JetElements', 'Kitco', 'LinkedIn Insights', 'LinkedIn Pixel', 'Microdata for Google Shopping', 'NFOrce Internet', 'PHP', 'PixelYourSite', 'Site Kit', 'Telegram', 'Theme In WP', 'TikTok Conversion Tracking Pixel', 'UTF-8', 'University or College', 'WordPress', 'WordPress Multisite', 'Yahoo Finance Widget', 'YouTube', 'about.me', 'jQuery']"
packez.in,Homepage - Packez,Packez,CAN,72,3044,2026-09-12T01:50:16.727946387Z,"['Alternate Protocol', 'Click to Chat for WhatsApp', 'Content Delivery Network', 'Elementor', 'EmbedPress', 'Formidable Pro Form', 'Google', 'Google Analytics', 'Google Cloud CDN', 'Google Cloud DNS', 'Google Font API', 'Google Tag Manager', 'Instagram Follow Button', 'LiteSpeed', 'Microdata for Google Shopping', 'PHP', 'QUIC', 'Sitelinks Search Box', 'Telegram', 'Theme In WP', 'Twitter Ads', 'UTF-8', 'Woo Themes', 'WooCommerce', 'WooCommerce Checkout', 'WooFramework', 'WordPress', 'WordPress Multisite', 'XTemos Studio', 'YouTube', 'jQuery']"
midhard.com,Custom Game Development | Full-Cycle Outsourcing Game Development Studio,,RUS,72,25800,2026-09-12T01:42:34.535031992Z,"['ADFOX', 'Adult Content', 'Amazon Link Enchancer', 'Amazon Widgets', 'App Store', 'GZIP Module', 'GitHub Hosting', 'Google Analytics', 'Google My Business', 'Google Play', 'Google Retail Product Discovery', 'Google Tag Manager', 'Nginx', 'OpenAI', 'Python', 'QUIC', 'Tailwind CSS', 'Telegram', 'UTF-8', 'Yandex Hosting', 'Yandex Metrika', 'YouTube', 'shadcn ui']"
tascrecruiters.com,Best Staffing and Recruitment Agency in UAE| TASC Outsourcing,TASC Outsourcing,SAU,77,20327,2026-09-12T01:33:54.783667393Z,"['AWS WAF Challenge', 'ArvanCloud', 'CDN JS', 'Cloudflare', 'Cloudflare CDN', 'Corporate Governance and Regulatory Compliance', 'Disqus Comment System for WordPress', 'ElementUI', 'Fastly', 'Font Awesome', 'GZIP Module', 'Google Analytics', 'Google Maps', 'Google My Business', 'Google Related Website Sites', 'Google Tag Manager', 'Hotjar', 'InitiativeS', 'Instagram Follow Button', 'Laravel Livewire', 'Microdata for Google Shopping', 'Nginx', 'Parallels Plesk Panel', 'QUIC', 'Tailwind CSS', 'Telegram', 'Twitter Ads', 'UTF-8', 'University or College', 'YouTube', 'jQuery', 'jsDelivr']"
sikhs2unsecuritycouncil.org,Email Message : info@sgpc.net; akaltakhatsahib84@gmail.com;,,USA,65,17440,2026-09-12T01:33:54.774452324Z,"['CDN JS', 'Cloudflare', 'Cloudflare CDN', 'Cloudflare Web Analytics', 'DAV', 'Express', 'Fireblade', 'Google', 'Google Cloud DNS', 'Google Font API', 'Tailwind CSS', 'Telegram', 'Twitter Ads', 'UTF-8', 'WhatsApp Sharing', 'eLand', 'jsDelivr']"
ridom.in,Smart home RiDom,,IND,67,15740,2026-09-12T01:26:25.679570675Z,"['ADFOX', 'App Store', 'Bitrix', 'Bitrix24', 'GZIP Module', 'Google My Business', 'Google Play', 'Nginx', 'PHP', 'Pico CSS', 'Telegram', 'UTF-8', 'Yandex Hosting', 'Yandex Metrika', 'YouTube', 'shadcn ui']"
dehradundetectiveagency.com,Best Detective Agency in Dehradun | Dehradun Detective Agency,Detective Agency in Dehradun,IND,82,19753,2026-09-12T01:20:04.345387731Z,"['AWS WAF Challenge', 'Alternate Protocol', 'Better Lead Generation Services', 'Cloudflare', 'Cloudflare CDN', 'Discord', 'EmbedPress', 'Google', 'Google Analytics', 'Google Cloud DNS', 'Google Customer Reviews', 'Google Font API', 'Google My Business', 'Google Related Website Sites', 'Google Tag Manager', 'Gutenberg Blocks by Kadence Blocks', 'Instagram Follow Button', 'Kadence WP', 'Microdata for Google Shopping', 'MyLiveChat', 'Ntent', 'PHP', 'Telegram', 'Theme In WP', 'TrustIndex', 'UTF-8', 'Vimeo', 'WhatsApp Sharing', 'WordPress', 'WordPress Multisite', 'YouTube', 'jQuery']"
b2bslots.com,Online casino software for sale - B2bslots,B2bslots.com | Software Development | Buy Casino,,67,41206,2026-09-12T01:20:04.34168989Z,"['ADFOX', 'AWS WAF Challenge', 'Alternate Protocol', 'Coming Soon Page', 'Contact Form Plugin', 'DMCA Badge', 'EmbedPress', 'Fastly', 'Fireblade', 'GZIP Module', 'Gambling Content', 'Instagram Follow Button', 'Lazy Load for WordPress', 'LiveInternet', 'Microdata for Google Shopping', 'Nginx', 'PHP', 'Polylang', 'QUIC', 'SVG Support', 'Share Link', 'Telegram', 'Theme In WP', 'UTF-8', 'W3 Total Cache', 'WP-PostViews', 'WordPress', 'WordPress Multisite', 'Yandex Hosting', 'Yandex Metrika', 'YouTube', 'jQuery']"
iptvsmart.io,IPTV SMART - The Best IPTV Service Subscription,,GBR,67,,2026-09-12T01:13:07.012038122Z,"['Alternate Protocol', 'Astro', 'Content Delivery Network', 'LiteSpeed', 'Microdata for Google Shopping', 'Telegram']"
incredibleinvestments.in,Home | Incredible Investments,,,57,93,2026-09-12T01:13:07.011575064Z,"['Alternate Protocol', 'Content Delivery Network', 'Google', 'Google Cloud DNS', 'Google Font API', 'Google Tag Manager', 'Microdata for Google Shopping', 'Perl', 'Pexels', 'Telegram', 'Zyro']"
stealthcreator.bio,"Stealth_Guy | Covington, Louisiana | Coast Technolo...",,USA,77,17884,2026-09-12T01:02:51.830699477Z,"['Alternate Protocol', 'Automattic', 'Automattic Direct', 'DoubleClick Bid Manager', 'Giphy', 'GitHub Hosting', 'Google', 'Google Analytics', 'Google Cloud DNS', 'Google Font API', 'Google My Business', 'Google Recommendations AI', 'Google Tag Manager', 'Jetpack Site Accelerator', 'Microdata for Google Shopping', 'Nginx', 'Perl', 'Telegram', 'UTF-8', 'WordPress', 'WordPress Stats']"
intellectmoney.com,Intellect Stock Broking Limited,,IND,70,19078,2026-09-12T00:57:16.124783429Z,"['Alternate Protocol', 'CDN JS', 'Cloudflare', 'Cloudflare CDN', 'Corporate Governance and Regulatory Compliance', 'Fireblade', 'Font Awesome', 'Google Cloud DNS', 'Google Font API', 'Google My Business', 'HostGator', 'Instagram Follow Button', 'Microsoft Azure', 'Microsoft IIS', 'Parallels Plesk Panel', 'QUIC', 'Telegram', 'TradingView', 'UTF-8', 'Visual Studio', 'W3.CSS', 'YouTube', 'jQuery', 'jsDelivr']"
roskachestvo.gov.ru,Российская система качества (Роскачество),,,72,81308,2026-09-12T00:57:16.117191626Z,"['ADFOX', 'Bitrix', 'Fireblade', 'GZIP Module', 'Google', 'Google Cloud DNS', 'Google Font API', 'IcoMoon', 'Material Design Icons', 'SMC', 'Telegram', 'UTF-8', 'Yandex Hosting', 'Yandex Metrika']"
sanedigital.net,SANE Digital,,USA,65,1056,2026-09-12T00:57:16.103534368Z,"['Apache', 'CrazyEgg', 'GZIP Module', 'Google Analytics', 'Google My Business', 'Google Tag Manager', 'IcoMoon', 'QUIC', 'Telegram', 'jQuery']"
navink.link,Navin K | Gravatar,,DEU,77,17884,2026-09-12T00:47:48.277743466Z,"['Alternate Protocol', 'Automattic', 'Automattic Direct', 'Better Lead Generation Services', 'DoubleClick Bid Manager', 'Giphy', 'Google', 'Google Analytics', 'Google Cloud DNS', 'Google Font API', 'Google My Business', 'Google Recommendations AI', 'Google Tag Manager', 'InitiativeS', 'Jetpack Site Accelerator', 'Microdata for Google Shopping', 'Nginx', 'Perl', 'Telegram', 'UTF-8', 'WordPress', 'WordPress Stats']"
xteline.com,Home - X Tel,,,62,4617,2026-09-12T00:30:49.276471217Z,"['Alternate Protocol', 'Contact Form Plugin', 'Content Delivery Network', 'DAV', 'EmbedPress', 'Fastly', 'GZIP Module', 'Google Analytics', 'Google Cloud DNS', 'Google Font API', 'Google My Business', 'Google Related Website Sites', 'Google Tag Manager', 'Instagram Follow Button', 'Microdata for Google Shopping', 'Nginx', 'PHP', 'QUIC', 'Smart Slider 3', 'Telegram', 'Theme In WP', 'Twitter Ads', 'UTF-8', 'WPBakery', 'WhatsApp Sharing', 'Woo Themes', 'WooCommerce', 'WooCommerce Checkout', 'WooFramework', 'WordPress', 'WordPress Multisite', 'XTemos Studio', 'eLand', 'jQuery', 'reCAPTCHA']"
quazartech.ru,"ООО""Квазартек"" - Производство и поставка электрощитового оборудования",,RUS,82,10887,2026-09-12T00:23:55.9664512Z,"['ADFOX', 'Font Awesome', 'GZIP Module', 'Instagram Follow Button', 'Nginx', 'Phusion Passenger Enterprise', 'Telegram', 'UTF-8', 'Yandex Hosting', 'Yandex Metrika', 'YouTube']"
irynatherapy.com,Iryna Havrysh — Psychotherapist,,UKR,77,15240,2026-09-12T00:14:33.045582509Z,"['Alternate Protocol', 'Content Delivery Network', 'Fireblade', 'Google Analytics', 'Google Forms', 'Google My Business', 'Google Tag Manager', 'Microdata for Google Shopping', 'Next.js', 'QUIC', 'Tailwind CSS', 'Telegram', 'UTF-8', 'Vercel']"
trading-go.net,"Unique expert advisors, indicators, strategies, Forex scripts for MetaTrader | Trading-Go",,RUS,72,8699,2026-09-12T00:14:33.014057938Z,"['ADFOX', 'GZIP Module', 'Gambling Content', 'Instagram Follow Button', 'Nginx', 'QUIC', 'Telegram', 'TradingView', 'UTF-8', 'Yandex Hosting', 'Yandex Metrika', 'YouTube']"
gauhax.link,Gau Hax | Berlin (de) | Gravatar,,DEU,77,17884,2026-09-12T00:05:42.685736446Z,"['Alternate Protocol', 'Automattic', 'Automattic Direct', 'DoubleClick Bid Manager', 'Giphy', 'GitHub Hosting', 'Google', 'Google Analytics', 'Google Cloud DNS', 'Google Font API', 'Google My Business', 'Google Recommendations AI', 'Google Tag Manager', 'Instagram Follow Button', 'Jetpack Site Accelerator', 'Microdata for Google Shopping', 'Nginx', 'Perl', 'Telegram', 'UTF-8', 'WordPress', 'WordPress Stats']"
saraheden90.link,"Sarah | Mandurah, Western Australia | Library servi...",,AUS,77,27884,2026-09-11T23:54:28.411631987Z,"['Alternate Protocol', 'Automattic', 'Automattic Direct', 'BLR', 'DoubleClick Bid Manager', 'Giphy', 'GitHub Hosting', 'Google', 'Google Analytics', 'Google Cloud DNS', 'Google Font API', 'Google My Business', 'Google Recommendations AI', 'Google Tag Manager', 'Instagram Follow Button', 'Jetpack Site Accelerator', 'Microdata for Google Shopping', 'Nginx', 'Perl', 'Telegram', 'Tumblr', 'UTF-8', 'WordPress', 'WordPress Stats']"
dennyssilk.in,"Dennys Silk – Dennys Silk – Timeless Sarees, Elegant Suit Materials & Ethnic Accessories.",,IND,80,2126,2026-09-11T23:54:28.37923924Z,"['3 Products', 'Alternate Protocol', 'Apache', 'Contact Form Plugin', 'Content Delivery Network', 'Elementor', 'EmbedPress', 'GZIP Module', 'Google Cloud DNS', 'Google Font API', 'LiteSpeed', 'NFOrce Internet', 'PHP', 'QUIC', 'Tailwind CSS', 'Telegram', 'Theme In WP', 'UTF-8', 'Woo Themes', 'WooCommerce', 'WooCommerce Checkout', 'WooFramework', 'WordPress', 'WordPress Multisite', 'XTemos Studio', 'jQuery']"
alhayah-egy.com,الصفحه الرئيسيه شركة الحياه للتصدير,,EGY,72,3779,2026-09-11T23:54:28.360996156Z,"['Bulma', 'Google Cloud DNS', 'Google Font API', 'Google My Business', 'HostGator', 'Microsoft Azure', 'Microsoft IIS', 'Parallels Plesk Panel', 'Tailwind CSS', 'Telegram', 'UTF-8', 'Visual Studio', 'W3layouts']"
ourgom.com,Home - iGaming Malaysia 2026 – Online Casino Industry News | Orgom Igaming Malaysia,iGaming Malaysia 2026 – Online Casino Industry News | Orgom Igaming Malaysia,,67,61054,2026-09-11T23:37:36.157583602Z,"['Alternate Protocol', 'BLR', 'Carrd', 'Content Delivery Network', 'EmbedPress', 'Gambling Content', 'Google My Business', 'Google No Site Links Search', 'Google Related Website Sites', 'Instagram Follow Button', 'LiteSpeed', 'Medium', 'Microdata for Google Shopping', 'PHP', 'SMC', 'Telegram', 'Theme In WP', 'TranslatePress', 'Tumblr', 'UTF-8', 'WordPress', 'WordPress Multisite', 'about.me']"
sbttgroup.com,SBTT Official Site – Crypto For Everyone,,SGP,70,17848,2026-09-11T23:37:36.126644286Z,"['Alternate Protocol', 'App Store', 'CDN JS', 'Cloudflare', 'Cloudflare CDN', 'Contact Form Plugin', 'Content Delivery Network', 'EmbedPress', 'Fastly', 'Fireblade', 'Font Awesome', 'GTranslate', 'Google Cloud DNS', 'Google Font API', 'Google My Business', 'Google Play', 'Instagram Follow Button', 'LiteSpeed', 'PHP', 'QUIC', 'Responsive Lightbox', 'Slider Revolution', 'Tailwind CSS', 'Telegram', 'Theme In WP', 'Twitter Ads', 'UTF-8', 'WPBakery', 'WordPress', 'WordPress Multisite', 'YouTube', 'jQuery']"
firdavsyusupov.uz,"Firdavs Yusupov — Backend Developer (Python, Django, PostgreSQL)",,UZB,87,26800,2026-09-11T23:27:40.603284475Z,"['ADFOX', 'AWS WAF Challenge', 'Alternate Protocol', 'Cloudflare', 'Content Delivery Network', 'DAV', 'GitHub Hosting', 'Google', 'Google Adsense', 'Google Calendar', 'Google Cloud DNS', 'Google Font API', 'Google Funding Choices', 'Google Maps', 'Google Matched Content', 'Google My Business', 'Google Related Website Sites', 'Google Reseller', 'Instagram Follow Button', 'Microdata for Google Shopping', 'Python', 'Telegram', 'UTF-8', 'University or College', 'Vercel', 'Yandex Hosting', 'Yandex Metrika', 'jsDelivr']"
kalonov.com,"Oleksandr Kalonov — Founder of Faktorist, Author of #EverythingWillBeOK",,,62,720,2026-09-11T23:22:17.189772367Z,"['Alternate Protocol', 'Book Direct', 'Fontshare', 'GZIP Module', 'Google Analytics', 'Google Related Website Sites', 'Google Tag Manager', 'Instagram Follow Button', 'Microdata for Google Shopping', 'Next.js', 'Telegram', 'UTF-8', 'YouTube', 'shadcn ui']"
salutetiranga.org,Salute Tirangaa,,IND,50,,2026-09-11T23:22:17.171448722Z,"['Apache', 'Instagram Follow Button', 'Telegram', 'Twitter Ads', 'UTF-8', 'YouTube']"
christinacastillo.link,"Christina Castillo | Brookings, SD | SDSU Oscar Lar...",,GBR,77,20284,2026-09-11T23:22:17.152466004Z,"['Alternate Protocol', 'Amazon', 'Automattic', 'Automattic Direct', 'DoubleClick Bid Manager', 'Giphy', 'Google', 'Google Analytics', 'Google Cloud DNS', 'Google Font API', 'Google My Business', 'Google Recommendations AI', 'Google Tag Manager', 'Jetpack Site Accelerator', 'Microdata for Google Shopping', 'Nginx', 'Perl', 'Telegram', 'UTF-8', 'WordPress', 'WordPress Stats']"
nanowebz.com,NanoWebz,,,40,3000,2026-09-11T23:22:17.141127633Z,"['Apache', 'GZIP Module', 'Gambling Content', 'Python', 'QUIC', 'Telegram', 'Thank You', 'Twitter Ads', 'Wangsu']"
ateamfit.me,Health and Wellness,,,47,247,2026-09-11T23:04:37.567501304Z,"['Alternate Protocol', 'Amazon Widgets', 'Beacons', 'Coming Soon Page', 'DAV', 'GZIP Module', 'Google Cloud', 'Google Cloud DNS', 'Google Font API', 'Instagram Follow Button', 'Microdata for Google Shopping', 'Next.js', 'PWA', 'Tailwind CSS', 'Telegram', 'Twitter Ads', 'UTF-8', 'Unsplash', 'YouTube']"
novellastudio.ru,Озвучить книгу - запись аудиокниг в Москве | Цены на озвучку дикторами,,,67,8908,2026-09-11T23:04:37.549921517Z,"['ADFOX', 'AJAX Libraries API', 'Alternate Protocol', 'GZIP Module', 'Google Cloud DNS', 'IcoMoon', 'Joomla!', 'K2', 'Nginx', 'PHP', 'RokNavMenu', 'Telegram', 'UTF-8', 'Yandex Hosting', 'Yandex Metrika', 'YouTube', 'jQuery', 'jsDelivr']"
shubina.photos,Головна,,,47,,2026-09-11T22:58:03.829176562Z,"['501c3 Status Nonprofit', 'Instagram Follow Button', 'Nginx', 'Subversion', 'Telegram', 'UTF-8']"
juliarussellart.com,Home - Julia Russell Art,Julia Russell Art,,50,814,2026-09-11T22:58:03.826593582Z,"['Alternate Protocol', 'Apache', 'Astra Theme', 'Elementor', 'EmbedPress', 'GZIP Module', 'Google', 'Google Cloud DNS', 'Google Font API', 'Instagram Follow Button', 'Matomo Tag Manager', 'Microdata for Google Shopping', 'NFOrce Internet', 'QUIC', 'Telegram', 'UTF-8', 'Woo Themes', 'WooCommerce Checkout', 'WordPress', 'WordPress Multisite', 'WordPress Related Posts']"
xn--76-6kceetuwdz7be6kwa.xn--p1ai,"Автошкола ""Автолюбитель"" в Ярославле. Обучение вождению",,RUS,72,8440,2026-09-11T22:58:03.823846186Z,"['ADFOX', 'CDN JS', 'Cloudflare', 'Cloudflare CDN', 'GZIP Module', 'Google Analytics', 'Google Cloud DNS', 'Google Font API', 'Google Tag Manager', 'LiveInternet', 'Nginx', 'Tailwind CSS', 'Telegram', 'UTF-8', 'Yandex Hosting', 'Yandex Metrika']"
mrplots.in,Mr Plots,,IND,65,259676,2026-09-11T22:58:03.811611345Z,"['AWS WAF Challenge', 'Adult Content', 'Advertising.com', 'Alibaba Cloud CDN', 'Alternate Protocol', 'Atlas Pickup Points', 'BLR', 'Content Delivery Network', 'DAV', 'Elementor', 'EmbedPress', 'Express', 'Fast', 'Gambling Content', 'GetGist', 'GitHub Hosting', 'Google', 'Google Cloud DNS', 'Google Font API', 'Google My Business', 'Google Play', 'Google Related Website Sites', 'HealthStream', 'Hive.co', 'Homes.com CMS', 'Houzez', 'InMotion Hosting', 'Instagram Follow Button', 'Keller Williams Realty', 'Kinsta', 'Line2', 'LiteSpeed', 'Media.net', 'Microdata for Google Shopping', 'NFOrce Internet', 'Netlify', 'ON24', 'OSS CDN', 'Oracle Cloud', 'PHP', 'Perl', 'QUIC', 'QUIC.cloud', 'RM Education', 'Recruiting.com', 'SMC', 'Schema Plugin', 'Shifter', 'Show.co', 'Telegram', 'Thank You', 'Tumblr', 'UTF-8', 'Universe', 'University or College', 'Vignette OpenText', 'WSHOP', 'Way', 'WhatsApp Sharing', 'Woo Themes', 'WordPress', 'WordPress Multisite', 'YouTube', 'eLand', 'shadcn ui']"
silverinktattoo.com,Tattoo Yerevan,,ARM,67,16480,2026-09-11T22:52:06.001722951Z,"['ADFOX', 'Alternate Protocol', 'Baidu Cloud', 'CDN JS', 'Cloudflare', 'Cloudflare CDN', 'DDoS-GUARD', 'GZIP Module', 'Google', 'Google Analytics', 'Google Cloud DNS', 'Google Font API', 'Google Tag Manager', 'Instagram Follow Button', 'Microdata for Google Shopping', 'Schema Plugin', 'Telegram', 'Tilda', 'UTF-8', 'Yandex Hosting', 'Yandex Metrika']"
airtv-iptv.com,AirTV - Best IPTV Subscription 2026 | 4K Live Sports & Movies,,GBR,82,5648,2026-09-11T22:52:05.998417989Z,"['Alternate Protocol', 'Astra Theme', 'CDN JS', 'Cloudflare', 'Cloudflare CDN', 'Content Delivery Network', 'DAV', 'DuracellTomi Google Tag Manager for WordPress', 'ElementUI', 'Elementor', 'EmbedPress', 'Font Awesome', 'Google', 'Google Analytics', 'Google Cloud DNS', 'Google Font API', 'Google My Business', 'Google Related Website Sites', 'Google Tag Manager', 'IcoMoon', 'Instagram Follow Button', 'LiteSpeed', 'Microdata for Google Shopping', 'NFOrce Internet', 'PHP', 'QUIC', 'Sitelinks Search Box', 'Tailwind CSS', 'Telegram', 'Theme In WP', 'UTF-8', 'Woo Themes', 'WordPress', 'WordPress Multisite', 'WordPress Related Posts', 'jQuery']"
api-soft.com,"APISOFT — eCommerce integrator: development of modules for CMS and CRM, parsers, web services, api, complex integrations",,KAZ,77,15780,2026-09-11T22:52:05.990599335Z,"['ADFOX', 'AJAX Libraries API', 'Bitrix', 'Bitrix24', 'GZIP Module', 'Google Cloud DNS', 'Nginx', 'Telegram', 'UTF-8', 'Yandex Hosting', 'Yandex Metrika', 'jQuery']"
claruspolaris.org,"clarusdracarys (@claruspolaris) | 🔥🥵🔥, NerdyNightly | Beacons",,,52,160,2026-09-11T22:52:05.979190262Z,"['Adult Content', 'Alternate Protocol', 'Beacons', 'GZIP Module', 'Google Cloud', 'Instagram Follow Button', 'Microdata for Google Shopping', 'Nationwide Mortgage Licensing System and Registry', 'Next.js', 'PWA', 'Subversion', 'Telegram', 'Twitter Ads', 'UTF-8', 'YouTube']"
triumphias.com,Best UPSC Coaching In Delhi by Vikash Ranjan Sir | TriumphIAS Delhi | IAS CSE 2026 Preparation,TriumphIAS,IND,77,7479,2026-09-11T22:52:05.978828817Z,"['Alternate Protocol', 'CDN JS', 'Cloudflare', 'Cloudflare CDN', 'Coming Soon Page', 'DAV', 'GZIP Module', 'Google', 'Google Analytics', 'Google Cloud DNS', 'Google Font API', 'Google Forms', 'Google My Business', 'Google Play', 'Google Tag Manager', 'Instagram Follow Button', 'Microdata for Google Shopping', 'Nginx', 'NoPaperForms', 'Perl', 'QUIC', 'Tailwind CSS', 'Telegram', 'UTF-8', 'University or College', 'YouTube', 'jsDelivr']"
nmcleader.com,Main - NMCLeader,,USA,60,200,2026-09-11T22:52:05.968127847Z,"['AWS WAF Challenge', 'Alternate Protocol', 'Better Lead Generation Services', 'CDN JS', 'Cloudflare', 'Cloudflare CDN', 'GZIP Module', 'Google Analytics', 'Google Tag Manager', 'Instagram Follow Button', 'Nginx', 'PHP', 'QUIC', 'Tailwind CSS', 'Telegram', 'UTF-8', 'WordPress', 'jQuery']"
turnkeyteeth.com,"Turnkey®, Ground engaging tools for quarrying, mining",Feurst,CAN,82,81593,2026-09-11T22:52:05.964816606Z,"['AWS WAF Challenge', 'Alternate Protocol', 'Amazon WAF Blocked', 'Apture Linking Platform', 'CDN JS', 'Cloudflare', 'Cloudflare CDN', 'Contact Form Plugin', 'Content Delivery Network', 'ETranslate', 'Elementor', 'ElementsKit Elementor', 'EmbedPress', 'Envoy', 'Essential Addons for Elementor', 'Fireblade', 'Font Awesome', 'FreeCSSTemplates', 'GTranslate', 'Google', 'Google Analytics', 'Google Cloud CDN', 'Google Cloud DNS', 'Google Font API', 'Google My Business', 'Google Tag Manager', 'HostGator', 'Icons8', 'Instagram Follow Button', 'Interchange', 'MailChimp for WordPress', 'Microdata for Google Shopping', 'Microsoft Azure', 'Microsoft Clarity', 'Microsoft IIS', 'NFOrce Internet', 'No-Q', 'PHP', 'Parallels Plesk Panel', 'Polylang', 'Slider Revolution', 'Subversion', 'Tailwind CSS', 'Telegram', 'Theme In WP', 'UTF-8', 'Vignette OpenText', 'Visual Studio', 'Woo Themes', 'WordPress', 'WordPress Multisite', 'YouTube', 'jQuery', 'jsDelivr']"
footwearkhoj.com,Shop Directory - Foot Wear Khoj,Foot Wear Khoj,IND,65,89,2026-09-11T22:41:13.56774684Z,"['Alternate Protocol', 'App Store', 'EmbedPress', 'Google Adsense', 'Google Cloud DNS', 'Google Font API', 'Google Funding Choices', 'Google Matched Content', 'Google My Business', 'Google Play', 'Google Reseller', 'Instagram Follow Button', 'Microdata for Google Shopping', 'PHP', 'QUIC', 'Schema Plugin', 'Telegram', 'Theme In WP', 'Twitter Ads', 'WordPress', 'WordPress Multisite', 'YouTube', 'jQuery']"
34.bex.su,DK Project - эргономичные пространства для работы и отдыха,DK Project,RUS,70,38400,2026-09-11T22:34:31.802528434Z,"['ADFOX', 'Bitrix', 'DAV', 'GZIP Module', 'Google Analytics', 'K2F', 'Microdata for Google Shopping', 'Nginx', 'PHP', 'Telegram', 'UTF-8', 'Yandex Hosting', 'Yandex Metrika', 'YouTube']"
keepmemax.com,Home - keepmemax.com,keepmemax.com,,72,494,2026-09-11T22:29:34.041621304Z,"['Alternate Protocol', 'Apture Linking Platform', 'Astra Theme', 'Beaver Builder Lite', 'Content Delivery Network', 'EmbedPress', 'Google Cloud DNS', 'Google Font API', 'LiteSpeed', 'Microdata for Google Shopping', 'PHP', 'Telegram', 'Theme In WP', 'UTF-8', 'Woo Themes', 'WooCommerce', 'WooCommerce Checkout', 'WordPress', 'WordPress Multisite', 'WordPress Related Posts', 'jQuery']"
regiswellness.com,Regis Wellness - Holistic TCM and Physiotherapy Clinic,,SGP,77,28188,2026-09-11T22:29:34.032065599Z,"['Alternate Protocol', 'Apache', 'CDN JS', 'ClickCease', 'Cloudflare', 'Cloudflare CDN', 'Contento', 'EmbedPress', 'GZIP Module', 'Google Analytics', 'Google Tag Manager', 'Gravity', 'Gravity Forms', 'IcoMoon', 'Instagram Follow Button', 'MailChimp', 'MailChimp for WordPress', 'Meks Smart Author Widget', 'Microdata for Google Shopping', 'Muffin Group', 'PHP', 'Polylang', 'QUIC', 'Telegram', 'Theme In WP', 'UTF-8', 'University or College', 'W3 Total Cache', 'Woo Themes', 'WordPress', 'WordPress Multisite', 'YouTube', 'jQuery', 'jsDelivr']"
amazingstoress.com,Home - amazingstoress.com,#site_title,EGY,82,20020,2026-09-11T22:29:34.014403658Z,"['AWS WAF Challenge', 'Alternate Protocol', 'Automattic', 'Cloudflare', 'Cloudflare CDN', 'Contact Form Plugin', 'Content Delivery Network', 'ElementUI', 'Elementor', 'EmbedPress', 'Express', 'Facebook Conversion Tracking', 'Facebook Login', 'Facebook Messenger Platform', 'Facebook Pixel', 'Facebook Reseller', 'Facebook Tag API', 'FormSubmit', 'Google', 'Google Analytics', 'Google Cloud DNS', 'Google Font API', 'Google My Business', 'Google Tag Manager', 'Instagram Follow Button', 'Jetpack', 'LiteSpeed', 'Microdata for Google Shopping', 'NFOrce Internet', 'PHP', 'Perl', 'QUIC', 'Sitelinks Search Box', 'Telegram', 'Theme In WP', 'UTF-8', 'Woo Themes', 'WooCommerce', 'WooCommerce Checkout', 'WooCommerce Payments', 'WooFramework', 'WordPress', 'WordPress Multisite', 'WordPress Stats', 'XTemos Studio', 'jQuery']"
markstephencrabtree.link,Mark Stephen Crabtree | Newcastle upon Tyne | Mark ...,,GBR,77,17884,2026-09-11T22:29:34.005878687Z,"['Alternate Protocol', 'Automattic', 'Automattic Direct', 'DoubleClick Bid Manager', 'Giphy', 'Google', 'Google Analytics', 'Google Cloud DNS', 'Google Font API', 'Google My Business', 'Google Recommendations AI', 'Google Tag Manager', 'Jetpack Site Accelerator', 'Microdata for Google Shopping', 'Nginx', 'Perl', 'Telegram', 'UTF-8', 'WordPress', 'WordPress Stats', 'YouTube']"
celltzer.com,Celltzer Analytics - We decode the immune system one disease at a time,,,57,404,2026-09-11T22:19:20.698609205Z,"['AWS WAF Challenge', 'Alternate Protocol', 'Cloudflare', 'Cloudflare CDN', 'Coming Soon Page', 'Creative Mail by Constant Contact', 'EmbedPress', 'GZIP Module', 'Google', 'Google My Business', 'Jetpack', 'Microdata for Google Shopping', 'Nginx', 'Telegram', 'Twenty Twenty-Four', 'UTF-8', 'Woo Themes', 'WordPress', 'WordPress Multisite', 'WordPress Stats', 'jQuery']"
smartyparcel.com,Multi-carrier shipping solution,,,55,243,2026-09-11T22:19:20.685858765Z,"['Alternate Protocol', 'DAV', 'Express', 'Google', 'Google Analytics', 'Google Cloud DNS', 'Google Font API', 'Google Tag Manager', 'HelpCrunch', 'Microsoft Clarity', 'Nginx', 'PHP', 'Parcel', 'QUIC', 'Tailwind CSS', 'Telegram', 'UTF-8', 'Woo Themes']"
medicalcoder.in,Medical Coder - A Platform for all Medical Coders,Medical Coder,IND,77,3156,2026-09-11T22:19:20.674160903Z,"['Alternate Protocol', 'ColorMag', 'Complianz', 'Contact Form Plugin', 'EmbedPress', 'Font Awesome', 'Google', 'Google Adsense', 'Google Analytics', 'Google Cloud CDN', 'Google Cloud DNS', 'Google Font API', 'Google Funding Choices', 'Google Matched Content', 'Google My Business', 'Google Reseller', 'Google Tag Manager', 'Instagram Follow Button', 'Microdata for Google Shopping', 'PHP', 'Quiz Maker', 'Sassy Social Share', 'Telegram', 'Theme In WP', 'Twitter Ads', 'UTF-8', 'WP Advanced Ads', 'WhatsApp Sharing', 'WordPress', 'WordPress Ad Manager and AdSense Ads', 'WordPress Multisite', 'WordPress Related Posts', 'jQuery']"
portalprint.ru,Portal print - Полиграфические услуги в Москве,,RUS,72,8440,2026-09-11T22:19:20.66668687Z,"['ADFOX', 'GZIP Module', 'Google Cloud DNS', 'Google Font API', 'Nginx', 'Tailwind CSS', 'Telegram', 'UTF-8', 'Ubuntu', 'Yandex Hosting', 'Yandex Metrika']"
morganmckell.link,Morgan McKell | Eastern Idaho | Strategy Zoo | Owne...,,,67,17884,2026-09-11T22:10:17.383069773Z,"['Alternate Protocol', 'Automattic', 'Automattic Direct', 'DoubleClick Bid Manager', 'Giphy', 'Google', 'Google Analytics', 'Google Cloud DNS', 'Google Font API', 'Google My Business', 'Google Recommendations AI', 'Google Tag Manager', 'Jetpack Site Accelerator', 'Microdata for Google Shopping', 'Nginx', 'Perl', 'Telegram', 'UTF-8', 'WordPress', 'WordPress Stats', 'YouTube']"
fudxcoin.com,FUDx Coins - Blockchain Based Hyperlocal Hospitality Ecosystem,,IND,70,211,2026-09-11T22:07:00.809662835Z,"['CDN JS', 'Cloudflare', 'Cloudflare CDN', 'DAV', 'ElementUI', 'Font Awesome', 'Google Cloud DNS', 'Google Font API', 'Instagram Follow Button', 'Linktree', 'LiteSpeed', 'PHP', 'Perl', 'Tailwind CSS', 'Telegram', 'Twitter Ads', 'UTF-8', 'YouTube', 'jsDelivr']"
martulo.com,Martulo - A Social Media Growth Services Provider,,USA,82,14376,2026-09-11T22:07:00.793145761Z,"['Alternate Protocol', 'Brevo', 'Cisco/Arrowpoint Content Service Switch', 'DAV', 'Divi', 'Elegant Themes', 'EmbedPress', 'Google', 'Google Analytics', 'Google Cloud CDN', 'Google Cloud DNS', 'Google Font API', 'Google Tag Manager', 'Hootsuite Badge', 'Microdata for Google Shopping', 'Monarch Social Sharing Plugin For WordPress', 'Nginx', 'PHP', 'Perfmatters', 'Perl', 'QUIC', 'Sitelinks Search Box', 'Smart Coupons for WooCommerce', 'Telegram', 'Theme In WP', 'UTF-8', 'Vercel', 'WP Rocket', 'Woo Themes', 'WooCommerce', 'WooCommerce Checkout', 'WordPress', 'WordPress Multisite', 'Yandex Hosting', 'eLand', 'jQuery']"
cool.co.ua,Сool - Чудові аксесуари для Вас!,,UKR,62,200,2026-09-11T22:07:00.790720727Z,"['3 Products', 'Apache', 'GZIP Module', 'QUIC', 'Telegram', 'UTF-8']"
playinexchange.in,PlayinExchange – Your Gateway to Exciting Online Gaming,,IND,72,18309,2026-09-11T21:57:01.145680687Z,"['AJAX Libraries API', 'Apache', 'CDN JS', 'Cloudflare', 'Cloudflare CDN', 'Endis', 'Font Awesome', 'GZIP Module', 'Gambling Content', 'GetButton.io', 'Google', 'Google Analytics', 'Google Cloud DNS', 'Google Font API', 'Google My Business', 'Google Related Website Sites', 'Google Tag Manager', 'Instagram Follow Button', 'PHP', 'QUIC', 'Tailwind CSS', 'Tawk', 'Telegram', 'UTF-8', 'htmlcodex.com', 'jQuery', 'jsDelivr']"
yosoyflora.com,Yo Soy Flora,,EGY,65,7332,2026-09-11T21:42:42.66675995Z,"['CDN JS', 'Cloudflare', 'Cloudflare CDN', 'DAV', 'GetResponse', 'Google Analytics', 'Google My Business', 'Google Tag Manager', 'Instagram Follow Button', 'LiteSpeed', 'PHP', 'Telegram', 'Twitter Ads', 'UTF-8', 'Vector Internet Services', 'WhatsApp Sharing', 'YouTube', 'jsDelivr', 'reCAPTCHA']"
coinfactory.app,ERC20 Token Creator | CoinFactory,CoinFactory,,67,8179,2026-09-11T21:42:42.654391015Z,"['Cloudinary', 'Coming Soon Page', 'GZIP Module', 'IPFS', 'Medium', 'Microdata for Google Shopping', 'NFOrce Internet', 'Next.js', 'OpenResty', 'PWA', 'Pleroma', 'QUIC', 'Share Link', 'Tailwind CSS', 'Telegram', 'Twitter Ads', 'UTF-8', 'Yandex Hosting', 'YouTube']"
aguschin.com,Alexander Guschin,Alexander Guschin,,77,17400,2026-09-11T21:42:42.636435983Z,"['AWS WAF Challenge', 'Alternate Protocol', 'Content Delivery Network', 'Fastly', 'GZIP Module', 'GitHub Hosting', 'Google Analytics', 'Google Tag Manager', 'Hugo', 'Python', 'Telegram', 'UTF-8', 'University or College']"
nukreationz.com,"Design and Print Online in Nigeria - Print Best Quality Business Cards, Posters, Flyers, Brochures",,NGA,75,3702,2026-09-11T21:31:19.56642569Z,"['Alternate Protocol', 'Better Lead Generation Services', 'Content Delivery Network', 'Elementor', 'Facebook Conversion Tracking', 'Facebook Login', 'Facebook Messenger Platform', 'Facebook Pixel', 'Facebook Reseller', 'Facebook Tag API', 'FormSubmit', 'Google Analytics', 'Google Cloud DNS', 'Google Font API', 'Google My Business', 'Google Tag Manager', 'Instagram Follow Button', 'LiteSpeed', 'Microdata for Google Shopping', 'NFOrce Internet', 'Ntent', 'PHP', 'QUIC', 'Tawk', 'Telegram', 'Thank You', 'TrustIndex', 'Twitter Ads', 'UTF-8', 'WhatsApp Sharing', 'Woo Themes', 'WordPress', 'WordPress Multisite', 'YouTube', 'jQuery', 'reCAPTCHA']"
alpacaexpogroup.com,"Alpaca Expo Group | WE PLAN, REALIZE AND BUILD YOUR EXPO STAND. WORLDWIDE. - Alpaca Expo GroupAlpaca Expo Group | Exhibition Stands Worldwide. Exhibition stand design and delivery across Middle East and Worldwide.",,DEU,72,16488,2026-09-11T21:31:19.566282455Z,"['AWS WAF Challenge', 'All in One SEO Pack', 'Alternate Protocol', 'Apache', 'Contact Form Plugin', 'EmbedPress', 'Facebook Conversion Tracking', 'Facebook Login', 'Facebook Messenger Platform', 'Facebook Pixel', 'Facebook Reseller', 'Facebook Tag API', 'Google Analytics', 'Google Cloud DNS', 'Google Font API', 'Google My Business', 'Google Tag Manager', 'Instagram Follow Button', 'PHP', 'Perl', 'Tailwind CSS', 'Telegram', 'Theme In WP', 'UTF-8', 'WordPress', 'WordPress Multisite', 'YouTube', 'jsDelivr', 'reCAPTCHA']"
honest-sharing-local-groups-gopal.org,Happy Relationships through HONEST SHARING,,,45,,2026-09-11T21:31:19.561484325Z,"['Express', 'Nginx', 'Telegram', 'WordPress', 'YouTube']"
73nutrition.com,"73nutrition - Manufacturing and packaging of dietary supplements, nutrition & beverages.","73nutrition, s. r. o., výroba doplnkov výživy, potravín a nápojov",SVK,92,257534,2026-09-11T21:31:19.560315725Z,"['Alternate Protocol', 'Amazon WAF Blocked', 'Apache', 'Apture Linking Platform', 'BLR', 'Cloudflare', 'Contact Form Plugin', 'DAV', 'Ektron', 'EmbedPress', 'Event Tickets for Wordpress', 'FreeBSD', 'GZIP Module', 'Google', 'Google Analytics', 'Google Cloud CDN', 'Google My Business', 'Google Tag Manager', 'Gravity', 'Gravity Forms', 'Instagram Follow Button', 'KeyCDN', 'Lazy Load for WordPress', 'Microdata for Google Shopping', 'PHP', 'Python', 'QUIC', 'SMC', 'Salesforce Hosted', 'Shopware', 'SiteW', 'Slider Revolution', 'Telegram', 'The Events Calendar', 'ThemeFusion', 'Tumblr', 'UTF-8', 'University or College', 'Vector Internet Services', 'WP Rocket', 'WP jQuery Lightbox', 'WPML Multilingual', 'WhatsApp Sharing', 'Woo Themes', 'WordPress', 'WordPress Multisite', 'WordPress Related Posts', 'Yandex Hosting', 'reCAPTCHA', 'symfony PHP Framework']"
indiashoppinghub.com,Home - India Shopping Hub,,VEN,87,9483,2026-09-11T21:17:18.312653899Z,"['3 Products', 'Alternate Protocol', 'Apture Linking Platform', 'Bunny Fonts', 'Cisco/Arrowpoint Content Service Switch', 'Contact Form Plugin', 'Daily Deals', 'Elementor', 'EmbedPress', 'Google', 'Google Adsense', 'Google Analytics', 'Google Cloud CDN', 'Google Cloud DNS', 'Google Font API', 'Google Funding Choices', 'Google Matched Content', 'Google My Business', 'Google Reseller', 'Google Tag Manager', 'Instagram Follow Button', 'Microdata for Google Shopping', 'Newsletter for Wordpress', 'PHP', 'QUIC', 'Slider Revolution', 'Telegram', 'Twitter Ads', 'UTF-8', 'WP Rocket', 'WhatsApp Sharing', 'Woo Themes', 'WooCommerce', 'WooCommerce Checkout', 'WooFramework', 'WordPress', 'WordPress Multisite', 'WordPress PopUp', 'XTemos Studio', 'reCAPTCHA']"
ardiyouthacademy.com,Ardi Youth Academy – Welcome to Ardi Youth Academy,,ETH,70,18172,2026-09-11T21:17:18.296712925Z,"['AWS WAF Challenge', 'Alternate Protocol', 'Astra Theme', 'Cornerstone', 'Elementor', 'EmbedPress', 'Essential Addons for Elementor', 'Express', 'FormSubmit', 'Google', 'Google Cloud CDN', 'Google Cloud DNS', 'Google Font API', 'Google Maps', 'Google My Business', 'LiteSpeed', 'Metform Elemento', 'PHP', 'QUIC', 'Telegram', 'Thank You', 'Theme In WP', 'UTF-8', 'Woo Themes', 'WordPress', 'WordPress Multisite', 'WordPress Related Posts', 'jQuery']"
hubble.lu,Hubble – Directory & Listings WP Theme,,,45,159,2026-09-11T21:01:33.619041895Z,"['Alternate Protocol', 'Contact Form Plugin', 'CookieYes', 'Elementor', 'EmbedPress', 'GZIP Module', 'Google Cloud DNS', 'Google Font API', 'IcoMoon', 'Jetpack', 'Nginx', 'PHP', 'Say what', 'Telegram', 'Theme In WP', 'UTF-8', 'Woo Themes', 'WooCommerce', 'WooCommerce Checkout', 'WordPress', 'WordPress Multisite', 'eLand', 'jQuery']"
stockzen.io,"Stockzen – Premium assets from Envato, Magnific (formerly Freepik), Storyblocks, Vecteezy, Flaticon & MotionArray",Stockzen,,67,7440,2026-09-11T21:01:33.609867663Z,"['Google', 'Google Analytics', 'Google Cloud DNS', 'Google Font API', 'Google Tag Manager', 'Microdata for Google Shopping', 'PHP', 'Telegram', 'UTF-8', 'Vector Internet Services', 'YouTube']"
pankajkumar.org,Pankaj Kumar | Portfolio,,IND,87,884,2026-09-11T21:01:33.607555321Z,"['CDN JS', 'Cloudflare', 'Cloudflare CDN', 'ElementUI', 'Express', 'GitHub Hosting', 'Heroku', 'Icons8', 'Instagram Follow Button', 'Netlify', 'PHP', 'QUIC', 'Telegram', 'Twitter Ads', 'University or College', 'jQuery', 'jsDelivr']"
digitaldigiton.com,"Digital Marketing Agency in Solapur | Affordable SEO, Ads & Social Media Services",Digital Digiton – Digital Marketing Agency in Solapur,IND,77,67706,2026-09-11T21:01:33.577671753Z,"['AWS WAF Challenge', 'Alternate Protocol', 'Astra Theme', 'CDN JS', 'Click to Chat for WhatsApp', 'Cloudflare', 'Cloudflare CDN', 'Contact Form Plugin', 'Content Delivery Network', 'Elementor', 'EmbedPress', 'Google Analytics', 'Google Customer Reviews', 'Google Maps', 'Google My Business', 'Google Related Website Sites', 'Google Tag Manager', 'Header, Footer and Blocks for Elementor', 'Instagram Follow Button', 'LiteSpeed', 'Microdata for Google Shopping', 'Microsoft Clarity', 'NFOrce Internet', 'PHP', 'Pagekit', 'QUIC', 'SMC', 'Sassy Social Share', 'Smush Image Optimization', 'Telegram', 'Theme In WP', 'UTF-8', 'WhatsApp Sharing', 'Woo Themes', 'WordPress', 'WordPress Multisite', 'WordPress Related Posts', 'jQuery']"
agnivent.com,"AgniVent. Industrial Fans, Motor & Hydraulics Cooling Systems",,,57,903,2026-09-11T21:01:33.576257884Z,"['ADFOX', 'Baidu Cloud', 'DDoS-GUARD', 'GZIP Module', 'Google', 'Google Analytics', 'Google Cloud DNS', 'Google Font API', 'Google Tag Manager', 'Telegram', 'Tilda', 'UTF-8', 'WhatsApp Sharing', 'Yandex Hosting', 'Yandex Metrika']"
kleverjewelry.com,Klever Jewelry,,SRB,72,14040,2026-09-11T20:49:01.87764649Z,"['ADFOX', 'Baidu Cloud', 'CDN JS', 'Cloudflare', 'Cloudflare CDN', 'DDoS-GUARD', 'Express', 'GZIP Module', 'Instagram Follow Button', 'Telegram', 'Tilda', 'UTF-8', 'Yandex Hosting', 'Yandex Metrika']"
gourmetlab.am,GourmetLab,,COL,55,1500,2026-09-11T20:49:01.862091143Z,"['GZIP Module', 'IcoMoon', 'Instagram Follow Button', 'Nginx', 'PHP', 'Parallels Plesk Panel', 'Tailwind CSS', 'Telegram', 'UTF-8', 'Vector Internet Services']"
pokerhopper.com,PokerHopper | Live Poker Events | News | Poker Calendar,PokerHopper.com,PRK,82,9474,2026-09-11T20:41:49.972753006Z,"['ADFOX', 'Alternate Protocol', 'Amazon WAF Blocked', 'Apture Linking Platform', 'Elementor', 'EmbedPress', 'Essential Addons for Elementor', 'Facebook Conversion Tracking', 'Facebook Login', 'Facebook Messenger Platform', 'Facebook Pixel', 'Facebook Reseller', 'Facebook Tag API', 'GZIP Module', 'Gambling Content', 'Google Analytics', 'Google Tag Manager', 'Gravity Forms', 'Instagram Follow Button', 'Lazy Load for WordPress', 'Microdata for Google Shopping', 'Nginx', 'PHP', 'Perl', 'QUIC', 'Telegram', 'Twitter Ads', 'UTF-8', 'W3 Total Cache', 'WP Rocket', 'WPForms', 'WordPress', 'WordPress Multisite', 'Yandex Hosting', 'Yandex Metrika', 'YouTube']"
cryptolink.online,Cryptolink - Private Crypto Investment Network,,,67,2440,2026-09-11T20:41:49.971989978Z,"['Alternate Protocol', 'Apache', 'GZIP Module', 'Google', 'Google Cloud DNS', 'Google Font API', 'Instagram Follow Button', 'Microdata for Google Shopping', 'QUIC', 'Schema Plugin', 'Tailwind CSS', 'Telegram', 'UTF-8', 'YouTube']"
hooliganburo.com,Агенція креативних людей | Hooligan Buro,,UKR,75,2908,2026-09-11T20:41:49.956883495Z,"['CDN JS', 'Cloudflare', 'Cloudflare CDN', 'Facebook Login', 'Facebook Messenger Platform', 'Facebook Pixel', 'Facebook Reseller', 'Facebook Tag API', 'Google', 'Google Cloud CDN', 'Google Cloud DNS', 'Google Font API', 'IcoMoon', 'Instagram Follow Button', 'Nginx', 'Tailwind CSS', 'Telegram', 'UTF-8', 'jsDelivr']"
xorazmfc.uz,Xorazm PFC - Rasmiy Web Sayti,,UZB,62,240,2026-09-11T20:25:00.390237746Z,"['Content Delivery Network', 'Google My Business', 'Instagram Follow Button', 'Next.js', 'Perl', 'Tailwind CSS', 'Telegram', 'UTF-8', 'Vercel', 'YouTube', 'shadcn ui']"
hasiburjoy.com,Hasibur Joy | SEO & GEO Expert for Small Business Growth,Hasibur Joy,BGD,77,21583,2026-09-11T20:25:00.379898685Z,"['Alternate Protocol', 'Cloudflare', 'Cloudflare CDN', 'Cloudflare Web Analytics', 'Elementor', 'ElementsKit Elementor', 'EmbedPress', 'Essential Addons for Elementor', 'Fireblade', 'Google Analytics', 'Google Related Website Sites', 'Google Tag Manager', 'Hello Elementor', 'Instagram Follow Button', 'LiteSpeed', 'Metform Elemento', 'Microdata for Google Shopping', 'NFOrce Internet', 'PHP', 'Premium Addons for Elementor', 'QUIC', 'Rush', 'Semrush', 'Telegram', 'Theme In WP', 'UTF-8', 'Ultimate Blocks', 'WordPress', 'WordPress Multisite', 'about.me', 'jQuery']"
simone-poggi.com,Simone Poggi - Freelance Software Engineer,,,62,2400,2026-09-11T20:25:00.377407069Z,"['Content Delivery Network', 'Express', 'Fastly', 'GZIP Module', 'GitHub Hosting', 'Telegram', 'UTF-8', 'University or College', 'Unix']"
whitecroccleaning.com,Home - White Croc,,USA,77,2680,2026-09-11T20:15:41.553644791Z,"['Alternate Protocol', 'Apture Linking Platform', 'Automattic', 'Contact Form Plugin', 'Content Delivery Network', 'Elementor', 'EmbedPress', 'Essential Addons for Elementor', 'Google Analytics', 'Google Cloud DNS', 'Google Font API', 'Google No Site Links Search', 'Google Tag Manager', 'Jetpack', 'LiteSpeed', 'MailChimp for WordPress', 'Microdata for Google Shopping', 'NFOrce Internet', 'PHP', 'QUIC', 'Site Kit', 'Sitelinks Search Box', 'Telegram', 'Theme In WP', 'UTF-8', 'Woo Themes', 'WooCommerce', 'WooCommerce Checkout', 'WooFramework', 'WordPress', 'WordPress Multisite', 'WordPress Stats', 'XTemos Studio', 'jQuery']"
hugging.co,"Hugging | Free Cryptocurrency Trading Journal & Analytics Tools, Trade Backtesting, Trade Calendar",,,67,5070,2026-09-11T20:09:29.569068149Z,"['Amazon', 'Amazon CloudFront', 'Amazon Route 53', 'CloudFront', 'Content Delivery Network', 'GZIP Module', 'Google', 'Google Cloud CDN', 'Google Cloud DNS', 'Google Font API', 'Material-UI', 'Next.js', 'Nginx', 'Pleroma', 'Telegram', 'UTF-8']"
daaniellapriv.com,"@daaniella.priv | CHAT, Instagram | Beacons",,,62,2694,2026-09-11T20:09:29.528516354Z,"['Adult Content', 'Alternate Protocol', 'Beacons', 'GZIP Module', 'Google Cloud', 'Instagram Follow Button', 'Microdata for Google Shopping', 'Nationwide Mortgage Licensing System and Registry', 'Next.js', 'OnlyFans', 'PWA', 'Subversion', 'Telegram', 'UTF-8', 'Unsplash']"
oldestlivingboy.com,Brian Kennish,,,55,421,2026-09-11T19:59:14.712801533Z,"['Alternate Protocol', 'Apple Auto Link Maker', 'Aruba', 'Express', 'Fast', 'GZIP Module', 'GitHub Hosting', 'Google My Business', 'Google Play', 'Line2', 'Medium', 'Microdata for Google Shopping', 'Ntent', 'Product Hunt', 'QUIC', 'Squarespace', 'Tailwind CSS', 'Telegram', 'Twitter Ads', 'UTF-8', 'WordPress SEO Structured Data Schema Plugin', 'YouTube', 'eLand']"
crazysnails.ru,RC Crazy Snails,,,55,3,2026-09-11T19:59:14.708784684Z,"['Alternate Protocol', 'Contact Form Plugin', 'EmbedPress', 'GZIP Module', 'Google Cloud DNS', 'Google Font API', 'Instagram Follow Button', 'Nginx', 'PHP', 'PWA', 'Tailwind CSS', 'Telegram', 'Theme In WP', 'UTF-8', 'Ubuntu', 'WordPress', 'WordPress Multisite', 'YouTube', 'jQuery']"
cexaffiliate.com,CEX | Affiliate,,,72,107828,2026-09-11T19:49:28.974119661Z,"['Alternate Protocol', 'Amazon WAF Blocked', 'Apture Linking Platform', 'Content Delivery Network', 'DC74', 'Fastly', 'Fastly CDN', 'Fireblade', 'GZIP Module', 'Google Related Website Sites', 'Instagram Follow Button', 'Microdata for Google Shopping', 'NFOrce Internet', 'PWA', 'QUIC', 'SMC', 'Sentry', 'SiteW', 'Telegram', 'UTF-8', 'Vector Internet Services', 'Wix', 'Wix Media', 'YouTube', 'eLand', 'mlcom']"
sohaconcept.com,СОХА,,RUS,57,,2026-09-11T19:49:28.974863772Z,"['Content Delivery Network', 'Express', 'GZIP Module', 'Google My Business', 'Next.js', 'Nginx', 'Perl', 'Tailwind CSS', 'Telegram', 'UTF-8', 'Ubuntu', 'reCAPTCHA']"
luckyhunter.co.uk,Lucky Hunter Tech-recruitment agency,,GBR,87,47520,2026-09-11T19:43:50.079695943Z,"['ADFOX', 'AWS WAF Challenge', 'Baidu Cloud', 'Clutch', 'DDoS-GUARD', 'GZIP Module', 'Google', 'Google Analytics', 'Google Cloud DNS', 'Google Font API', 'Google My Business', 'Google Tag Manager', 'Hotjar', 'Ntent', 'QUIC', 'Telegram', 'Tilda', 'UTF-8', 'Vector Internet Services', 'Yandex Hosting', 'Yandex Metrika', 'YouTube']"
japanesemama.link,Japanese Mama | Nippon | Online Homestay Founder & ...,,,67,17884,2026-09-11T19:43:50.058797227Z,"['Alternate Protocol', 'Automattic', 'Automattic Direct', 'DoubleClick Bid Manager', 'Giphy', 'Google', 'Google Analytics', 'Google Cloud DNS', 'Google Font API', 'Google My Business', 'Google Recommendations AI', 'Google Tag Manager', 'Instagram Follow Button', 'Jetpack Site Accelerator', 'Microdata for Google Shopping', 'Nginx', 'Perl', 'Telegram', 'UTF-8', 'WordPress', 'WordPress Stats']"
fansofthestars.com,Your home for news in the world of Adult Entertainment- Fans of The Stars %,Fans of The Stars,USA,77,16737,2026-09-11T19:22:49.90755671Z,"['3D FlipBook', 'Adult Content', 'Adult Entertainment Broadcast Network', 'Alternate Protocol', 'Apache', 'Baidu Cloud', 'CleanTalk Spam Protect', 'Contact Form Plugin', 'Elementor', 'EmbedPress', 'Express', 'Flirt4Free', 'Font Awesome', 'GDPR Consent Management Platform', 'GZIP Module', 'GitHub Hosting', 'Google Analytics', 'Google Cloud DNS', 'Google Font API', 'Google My Business', 'Google Tag Manager', 'Instagram Follow Button', 'Media.net', 'Microdata for Google Shopping', 'NFOrce Internet', 'OnlyFans', 'Onyx Internet', 'PHP', 'Perl', 'QUIC', 'Sassy Social Share', 'Site Kit', 'Telegram', 'Theme In WP', 'UTF-8', 'WordPress', 'WordPress Multisite', 'WordPress Related Posts', 'Yandex Hosting', 'YouTube', 'eLand', 'jQuery', 'jsDelivr']"
villakoala.com,VillaKoala.com | Žaborić Croatia Beach front Serviced Apartments | 4 Star Accommodation,Villa Koala,HRV,77,10675,2026-09-11T19:22:49.893801132Z,"['Alternate Protocol', 'Apache', 'BLR', 'EmbedPress', 'Flatsome', 'GZIP Module', 'Google Analytics', 'Google Tag Manager', 'IcoMoon', 'Microdata for Google Shopping', 'PHP', 'Telegram', 'Theme In WP', 'Tumblr', 'Twitter Ads', 'UTF-8', 'W3 Total Cache', 'WhatsApp Sharing', 'WordPress', 'WordPress Multisite', 'jQuery']"
boshnik.com,Home | Boshnik,,,55,162,2026-09-11T19:22:49.887822077Z,"['Fancybox for WordPress', 'Font Awesome', 'GZIP Module', 'GitHub Hosting', 'Google', 'Google Cloud DNS', 'Google Font API', 'Nginx', 'PHP', 'Tailwind CSS', 'Telegram', 'UTF-8', 'jsDelivr']"
academy-upr.ru,Академия профессионального управления,,,55,119,2026-09-11T19:13:35.939608891Z,"['ADFOX', 'GZIP Module', 'Laravel Livewire', 'Nginx', 'PHP', 'Statamic', 'Tailwind CSS', 'Telegram', 'UTF-8', 'Yandex Hosting', 'Yandex Metrika', 'jQuery', 'shadcn ui']"
proaktor.ru,ПРОЕКТОР,,RUS,37,207,2026-09-11T19:03:01.032536883Z,"['CDN JS', 'Cloudflare', 'Cloudflare CDN', 'Google', 'Google Cloud DNS', 'Google Font API', 'Nginx', 'Parallels Plesk Panel', 'Telegram']"
hackynoob.in,Hacky Noob,,,45,87,2026-09-11T19:03:01.012543311Z,"['GitHub Hosting', 'Google Cloud DNS', 'Google Font API', 'Instagram Follow Button', 'Python', 'Telegram', 'Twitter Ads', 'about.me']"
platinumplacesfl.com,Platinum Places Realty | Trusted Realtors Orlando,,USA,77,91233,2026-09-11T18:45:23.189756211Z,"['Amazon WAF Blocked', 'Apture Linking Platform', 'Calendly', 'Content Delivery Network', 'DAV', 'Express', 'Fastly', 'Fastly CDN', 'GZIP Module', 'IDX Broker', 'IDXBroker', 'Instagram Follow Button', 'Microdata for Google Shopping', 'NFOrce Internet', 'PWA', 'Perl', 'QUIC', 'SMC', 'Seflow Italy', 'Sentry', 'SiteW', 'Telegram', 'Thank You', 'Twitter Ads', 'UTF-8', 'Vector Internet Services', 'WP Booking Calendar', 'Wix', 'Wix Media', 'YouTube', 'eLand', 'mlcom']"
altariqalazraq.com,Al Tariq Al Azraq Shipping Company – Sea Freight Services,,IRN,70,17807,2026-09-11T18:38:12.366791311Z,"['AWS WAF Challenge', 'Alternate Protocol', 'Apture Linking Platform', 'Contact Form Plugin', 'Elementor', 'EmbedPress', 'Google', 'Google Cloud DNS', 'Google Font API', 'Google Maps', 'Google My Business', 'PHP', 'Polylang', 'Prefix Free', 'QUIC', 'Telegram', 'Theme In WP', 'UTF-8', 'WordPress', 'WordPress Multisite', 'jQuery']"
promgrupp.com,PromGrupp OÜ,,EST,70,127,2026-09-11T18:27:57.299716426Z,"['CDN JS', 'Cloudflare', 'Cloudflare CDN', 'Contact Form Plugin', 'EmbedPress', 'Max Mega Menu', 'Max Mega Menu Pro', 'PHP', 'Telegram', 'UTF-8', 'WordPress', 'WordPress Multisite', 'jQuery']"
sputnik-gear.ua,Suputnyk-Gear - Tactical equipment for armed professionals,SUPUTNYK-GEAR – спорядження для озброєних професіоналів,UKR,77,17700,2026-09-11T18:27:57.29484212Z,"['Alternate Protocol', 'Cloudflare', 'Cloudflare CDN', 'Ethy', 'Fireblade', 'Google Analytics', 'Google Tag Manager', 'Instagram Follow Button', 'NFOrce Internet', 'Nuxt.js', 'Perl', 'QUIC', 'Telegram', 'UTF-8', 'YouTube']"
bfloor.ru,BeautyFloor,,RUS,57,160,2026-09-11T18:27:57.272932306Z,"['ADFOX', 'GZIP Module', 'Instagram Follow Button', 'Tailwind CSS', 'Telegram', 'UTF-8', 'Yandex Cloud', 'Yandex Hosting', 'shadcn ui']"
uxbrosha.com,UX/UI & Product Designer for Startups & Businesses | UXBrosha,,,62,8980,2026-09-11T18:17:34.521022033Z,"['Alternate Protocol', 'Framer Sites', 'Google', 'Google Cloud CDN', 'Instagram Follow Button', 'Notion', 'Ntent', 'QUIC', 'Telegram', 'Yandex Hosting', 'Zeald']"
gidupay.net,Gidupay — Earn Money from Social Media and Content,,,70,2908,2026-09-11T18:17:34.512930497Z,"['DAV', 'Google', 'Google Cloud DNS', 'Google Font API', 'IcoMoon', 'LiteSpeed', 'QUIC', 'Tailwind CSS', 'Telegram', 'University or College', 'shadcn ui']"
shanialynnjustice.link,Shania Lynn justice | Cincinnati Ohio | Disabled | ...,,USA,77,17884,2026-09-11T18:10:45.771629407Z,"['Alternate Protocol', 'Automattic', 'Automattic Direct', 'DoubleClick Bid Manager', 'Giphy', 'Google', 'Google Analytics', 'Google Cloud DNS', 'Google Font API', 'Google My Business', 'Google Recommendations AI', 'Google Tag Manager', 'Jetpack Site Accelerator', 'Microdata for Google Shopping', 'Nginx', 'Perl', 'Telegram', 'UTF-8', 'WordPress', 'WordPress Stats']"
dew.co.na,Diamonds - from the ground to the ring,,NAM,72,10460,2026-09-11T18:04:30.078438698Z,"['Bitrix', 'Bitrix24', 'GZIP Module', 'Google My Business', 'Google Related Website Sites', 'Investor Relations', 'QUIC', 'Telegram', 'UTF-8', 'Yandex Hosting', 'eLand']"
uokm.ru,Ульяновский областной краеведческий музей,,,62,8400,2026-09-11T18:04:30.06934134Z,"['ADFOX', 'GZIP Module', 'Google Forms', 'Google My Business', 'Nginx', 'PHP', 'Tailwind CSS', 'Telegram', 'Theme In WP', 'UTF-8', 'WordPress', 'WordPress Multisite', 'Yandex Hosting', 'Yandex Metrika']"
junetranmer.co.uk,June Tranmer – Acupuncture & Healing,,,65,578,2026-09-11T18:04:30.044142479Z,"['Alternate Protocol', 'Amazon WAF Blocked', 'Complianz', 'Contact Form Plugin', 'Content Delivery Network', 'Content ad', 'Easy Pie Chart', 'EmbedPress', 'Google Cloud DNS', 'Google Font API', 'Gravity Forms', 'Instagram Follow Button', 'Linktree', 'Nginx', 'PHP', 'QUIC', 'Tailwind CSS', 'Telegram', 'Theme In WP', 'Twitter Ads', 'UTF-8', 'University or College', 'Woo Themes', 'WordPress', 'WordPress Multisite', 'bbPress', 'jQuery']"
hireaprohacker.com,Rent a hacker online - Hire a professional hacker,,,72,4396,2026-09-11T17:53:20.02700957Z,"['Alternate Protocol', 'Apache', 'Apture Linking Platform', 'CDN JS', 'Cloudflare', 'Cloudflare CDN', 'Content Delivery Network', 'Elfsight', 'EmbedPress', 'Flatsome', 'Google Cloud DNS', 'Google Font API', 'Google Related Website Sites', 'IcoMoon', 'LiteSpeed', 'Microdata for Google Shopping', 'PHP', 'QUIC', 'Sitelinks Search Box', 'Telegram', 'Theme In WP', 'TranslatePress', 'UTF-8', 'WP Statistics', 'Woo Themes', 'WooCommerce Checkout', 'WordPress', 'WordPress Multisite', 'Yandex Hosting', 'jQuery', 'jsDelivr']"
dttkfrontiers.com,Maintenance – dttk frontiers,,GBR,55,122,2026-09-11T17:53:20.024703336Z,"['Alternate Protocol', 'Coming Soon Page', 'Contact Form Plugin', 'Content Delivery Network', 'EmbedPress', 'Google Cloud DNS', 'Google Font API', 'LiteSpeed', 'PHP', 'QUIC', 'Slider Revolution', 'Telegram', 'Theme In WP', 'Twitter Ads', 'UTF-8', 'WPBakery', 'Woo Themes', 'WooCommerce', 'WooCommerce Checkout', 'WooFramework', 'WordPress', 'WordPress Multisite', 'XTemos Studio', 'jQuery']"
mysalamat.us,MySalamat.us | Natural Health Starts Here,Salamat Herbal Supplement ,,77,89828,2026-09-11T17:46:13.027629796Z,"['Alternate Protocol', 'Amazon WAF Blocked', 'Apture Linking Platform', 'Content Delivery Network', 'Express', 'Fastly', 'Fastly CDN', 'GZIP Module', 'Google Related Website Sites', 'Instagram Follow Button', 'Microdata for Google Shopping', 'NFOrce Internet', 'PWA', 'QUIC', 'SMC', 'Seflow Italy', 'Sentry', 'SiteW', 'Sitelinks Search Box', 'Telegram', 'Thank You', 'UTF-8', 'Vector Internet Services', 'Wix', 'Wix Media', 'mlcom']"
davidaromero.com,"David A. Romero, Spoken Word Artist",,FRA,77,104948,2026-09-11T17:46:13.010967389Z,"['AWS WAF Challenge', 'Adult Content', 'Alternate Protocol', 'Amazon WAF Blocked', 'Apture Linking Platform', 'Automattic', 'Content Delivery Network', 'DAV', 'Express', 'Fastly', 'Fastly CDN', 'Financial Services Guide', 'GZIP Module', 'Instagram Follow Button', 'Microdata for Google Shopping', 'NFOrce Internet', 'PHP', 'PWA', 'Perl', 'QUIC', 'SMC', 'Seflow Italy', 'Sentry', 'SiteW', 'Subversion', 'Telegram', 'Thank You', 'Twitter Ads', 'UTF-8', 'University or College', 'Vector Internet Services', 'Vimeo', 'Vimeo CDN', 'Wix', 'Wix Media', 'YouTube', 'mlcom']"
randolphartscouncil.org,Home - RandolphArtsCouncil,RandolphArtsCouncil,,65,23170,2026-09-11T17:46:13.006408369Z,"['AWS WAF Challenge', 'Alternate Protocol', 'Apture Linking Platform', 'Aruba', 'Cloudflare', 'Cloudflare CDN', 'DAV', 'Elementor', 'EmbedPress', 'Express', 'GZIP Module', 'Google', 'Google Cloud DNS', 'Google Font API', 'Google My Business', 'InitiativeS', 'Jetpack', 'Lazy Load for WordPress', 'Microdata for Google Shopping', 'NFOrce Internet', 'Nginx', 'Pagekit', 'QUIC', 'Stripe', 'Table Addons for Elementor', 'Telegram', 'Ticket Tailor', 'UTF-8', 'WPForms', 'Woo Themes', 'WooCommerce', 'WooCommerce Checkout', 'WordPress', 'WordPress Multisite', 'eLand', 'jQuery']"
cbmforum.com.ua,CBMFORUM,,,62,25795,2026-09-11T17:39:21.797744413Z,"['Alternate Protocol', 'Bulma', 'Cloudflare', 'Cloudflare CDN', 'Cloudflare Web Analytics', 'Contact Form Plugin', 'Crisp', 'Elementor', 'EmbedPress', 'Fancybox for WordPress', 'Fireblade', 'Font Awesome', 'GTranslate', 'Google', 'Google Analytics', 'Google Cloud CDN', 'Google Cloud DNS', 'Google Font API', 'Google My Business', 'Google Tag Manager', 'IcoMoon', 'Instagram Follow Button', 'Microdata for Google Shopping', 'PHP', 'Pico CSS', 'Telegram', 'Theme In WP', 'UTF-8', 'Vector Internet Services', 'WordPress', 'WordPress Multisite', 'YouTube', 'jQuery', 'jsDelivr', 'reCAPTCHA']"
hyipco.com,Hyipco | Buy Hyip Websites | Buy Cheap Hyip Templates | Unique Hyip Templates | Hyip Scripts,,,72,16156,2026-09-11T17:39:21.796188799Z,"['CDN JS', 'Cloudflare', 'Cloudflare CDN', 'Fireblade', 'Google Adsense', 'Google Analytics', 'Google Cloud DNS', 'Google Font API', 'Google Funding Choices', 'Google Matched Content', 'Google Reseller', 'Google Tag Manager', 'IcoMoon', 'LiteSpeed', 'PHP', 'Tailwind CSS', 'Telegram', 'Tidio', 'UTF-8']"
almatoken.cloud,ALMA Token - Presale,,,57,,2026-09-11T17:29:07.254329265Z,"['Coming Soon Page', 'Content Delivery Network', 'GitHub Hosting', 'Next.js', 'Pleroma', 'QUIC', 'Tailwind CSS', 'Telegram', 'Twitter Ads', 'UTF-8', 'Vercel']"
