domain,title,business_name,country,seo_score,tech_spend,crawled_at,technologies
bespokenutritionandhealthcoaching.com,Transform Your Health with Courtney – Personalized Nutrition Coaching,,,77,78740,2026-09-12T19:11:44.113976858Z,"['AWS WAF Challenge', 'Alternate Protocol', 'Amazon WAF Blocked', 'Authorize.net', 'Bunny Fonts', 'Cloudflare', 'Cloudflare CDN', 'Cloudflare Web Analytics', 'Content Delivery Network', 'DAV', 'Fireblade', 'Free Call', 'Google', 'Google Cloud CDN', 'Google Cloud DNS', 'Google Cloud Storage', 'Google Font API', 'Instagram Follow Button', 'K2F', 'KVH', 'Ntent', 'Nuxt.js', 'Tailwind CSS', 'Thank You', 'UTF-8']"
lifesmomentstoday.com,Home | Life's Moments,,,60,8161,2026-09-12T19:11:44.111066794Z,"['Alternate Protocol', 'Authorize.net', 'Cloudflare', 'Cloudflare Web Analytics', 'Content Delivery Network', 'Express', 'Fireblade', 'Google', 'Google Cloud CDN', 'Google Cloud DNS', 'Google Cloud Storage', 'Google Font API', 'No-Q', 'Nuxt.js', 'UTF-8']"
synastryfxsignals.com,Synastry fx Signals,,,65,76240,2026-09-12T19:11:44.109910403Z,"['AWS WAF Challenge', 'Alternate Protocol', 'Amazon WAF Blocked', 'Authorize.net', 'Cloudflare', 'Cloudflare CDN', 'Cloudflare Web Analytics', 'Content Delivery Network', 'Gambling Content', 'Google', 'Google Cloud CDN', 'Google Cloud DNS', 'Google Cloud Storage', 'Google Font API', 'Nuxt.js', 'Signals', 'Tailwind CSS', 'UTF-8']"
afggrant4.com,Grant Sign Up ®,,USA,72,21140,2026-09-12T19:11:44.108695583Z,"['Alternate Protocol', 'Amazon', 'Authorize.net', 'ByteDance', 'Cloudflare', 'Cloudflare Web Analytics', 'Content Delivery Network', 'Facebook Conversion Tracking', 'Facebook Pixel', 'Facebook Reseller', 'Facebook Tag API', 'Fireblade', 'Google', 'Google Analytics', 'Google Cloud CDN', 'Google Cloud DNS', 'Google Cloud Storage', 'Google Conversion Tracking', 'Google Font API', 'Google Tag Manager', 'InitiativeS', 'Nuxt.js', 'Outbrain Direct', 'UTF-8']"
valuehitchrentals.com,Value Hitch Trailer Rentals LLC,,,77,22304,2026-09-12T19:11:44.1041048Z,"['Alternate Protocol', 'Authorize.net', 'Bunny Fonts', 'Cloudflare', 'Cloudflare Web Analytics', 'Content Delivery Network', 'Fireblade', 'Google', 'Google Cloud CDN', 'Google Cloud DNS', 'Google Cloud Storage', 'HighLevel', 'Nuxt.js', 'UTF-8']"
baruchentertainment.com,Baruch Entertainment,,GBR,82,18740,2026-09-12T19:11:44.100593351Z,"['Alternate Protocol', 'Authorize.net', 'Cloudflare', 'Cloudflare Web Analytics', 'Content Delivery Network', 'Fireblade', 'Google', 'Google Cloud CDN', 'Google Cloud DNS', 'Google Cloud Storage', 'Google Font API', 'Google My Business', 'Instagram Follow Button', 'Nuxt.js', 'UTF-8', 'YouTube']"
erie1stgrade.com,Erie 1st Grade,,,37,7963,2026-09-12T19:11:44.095101039Z,"['Alternate Protocol', 'Authorize.net', 'Cloudflare', 'Cloudflare Web Analytics', 'Content Delivery Network', 'DAV', 'Fireblade', 'Google', 'Google Cloud CDN', 'Google Cloud DNS', 'Google Cloud Storage', 'Google Font API', 'Nuxt.js', 'UTF-8', 'shadcn ui']"
heroesfitness.co,Heroes Fitness,,,72,33740,2026-09-12T19:02:09.33557608Z,"['AWS WAF Challenge', 'Alternate Protocol', 'Authorize.net', 'Cloudflare', 'Cloudflare Web Analytics', 'Content Delivery Network', 'Fireblade', 'Google', 'Google Cloud CDN', 'Google Cloud DNS', 'Google Cloud Storage', 'Google Font API', 'Google My Business', 'Nuxt.js', 'QUIC', 'UTF-8']"
rvaroofs.com,Home,,USA,82,18740,2026-09-12T19:02:09.333486924Z,"['Alternate Protocol', 'Authorize.net', 'CDN JS', 'Cloudflare', 'Cloudflare CDN', 'Cloudflare Web Analytics', 'Content Delivery Network', 'Fireblade', 'Google', 'Google Analytics', 'Google Cloud CDN', 'Google Cloud DNS', 'Google Cloud Storage', 'Google Font API', 'Google My Business', 'Google Tag Manager', 'Instagram Follow Button', 'Investor Relations', 'Nuxt.js', 'QUIC', 'Subversion', 'Twitter Ads', 'UTF-8', 'YouTube', 'jsDelivr']"
rylansmortgageteam.com,Loans With Rylan Barney,,,67,24704,2026-09-12T19:02:09.300304794Z,"['Alternate Protocol', 'Amazon', 'Amazon CloudFront', 'Authorize.net', 'CloudFront', 'Cloudflare', 'Cloudflare Web Analytics', 'Content Delivery Network', 'Fireblade', 'Google', 'Google Cloud CDN', 'Google Cloud DNS', 'Google Cloud Storage', 'Google Font API', 'HighLevel', 'Nationwide Mortgage Licensing System and Registry', 'Nuxt.js', 'UTF-8', 'YouTube']"
pixelsystems.io,See Pixel Systems CRM in Action | Watch the Demo & Scale Smarter,,,77,38740,2026-09-12T19:02:09.29876747Z,"['Alternate Protocol', 'Apture Linking Platform', 'Authorize.net', 'Cloudflare', 'Cloudflare Web Analytics', 'Content Delivery Network', 'Fireblade', 'Google', 'Google Cloud CDN', 'Google Cloud DNS', 'Google Cloud Storage', 'Google Font API', 'Google My Business', 'HMDG', 'Instagram Follow Button', 'Nuxt.js', 'QUIC', 'UTF-8', 'shadcn ui']"
admin4you-uk.co.uk,Bookkeeping4You UK | Bookkeeping & Accountancy for Small Businesses,Bookkeeping4You UK,GBR,82,21140,2026-09-12T19:02:09.288452035Z,"['Alternate Protocol', 'Amazon', 'Authorize.net', 'Bunny Fonts', 'Cloudflare', 'Cloudflare Web Analytics', 'Content Delivery Network', 'Fireblade', 'GZIP Module', 'Google', 'Google Analytics', 'Google Cloud CDN', 'Google Cloud DNS', 'Google Cloud Storage', 'Google Tag Manager', 'Microdata for Google Shopping', 'Nuxt.js', 'QUIC', 'Thank You', 'UTF-8', 'shadcn ui']"
carolinewollsen.com,Caroline Wollsen | Jag coachar kvinnor till ekonomisk frihet,,SWE,77,18740,2026-09-12T18:50:08.604750062Z,"['Alternate Protocol', 'Authorize.net', 'Cloudflare', 'Cloudflare Web Analytics', 'Content Delivery Network', 'Facebook Conversion Tracking', 'Facebook Pixel', 'Facebook Reseller', 'Facebook Tag API', 'Fireblade', 'Google', 'Google Cloud CDN', 'Google Cloud DNS', 'Google Cloud Storage', 'Google Font API', 'Instagram Follow Button', 'Nuxt.js', 'UTF-8']"
delaneyhps.com,Delaney Health Plan Solutions,,,55,8161,2026-09-12T18:50:08.596787137Z,"['Alternate Protocol', 'Authorize.net', 'Cloudflare', 'Cloudflare Web Analytics', 'Content Delivery Network', 'Fireblade', 'Google', 'Google Cloud CDN', 'Google Cloud DNS', 'Google Cloud Storage', 'Google Font API', 'No-Q', 'Nuxt.js', 'UTF-8', 'shadcn ui']"
orlandosinsurance.com,Orlando's Insurance,,,65,33740,2026-09-12T18:50:08.594762961Z,"['AWS WAF Challenge', 'Alternate Protocol', 'Authorize.net', 'Cloudflare', 'Cloudflare Web Analytics', 'Content Delivery Network', 'Fireblade', 'Google', 'Google Cloud CDN', 'Google Cloud DNS', 'Google Cloud Storage', 'Google Font API', 'Nuxt.js', 'Subversion', 'UTF-8']"
fsfeedback.com,FullStack CRM: Boost Your Utah Business Efficiency,,,77,19070,2026-09-12T18:50:08.585071983Z,"['Alternate Protocol', 'Authorize.net', 'Cloudflare', 'Cloudflare Web Analytics', 'Content Delivery Network', 'Fireblade', 'Google', 'Google Cloud CDN', 'Google Cloud DNS', 'Google Cloud Storage', 'Google Font API', 'No-Q', 'Nuxt.js', 'Subversion', 'Thank You', 'UTF-8']"
offrisecross.com,RiseCross - Marketing for Trades & Contractors,,,72,22304,2026-09-12T18:50:08.584507974Z,"['Alternate Protocol', 'Authorize.net', 'Bunny Fonts', 'Cloudflare', 'Cloudflare Web Analytics', 'Content Delivery Network', 'DAV', 'Facebook Conversion Tracking', 'Facebook Pixel', 'Facebook Reseller', 'Facebook Tag API', 'Fireblade', 'Google', 'Google Cloud CDN', 'Google Cloud DNS', 'Google Cloud Storage', 'HighLevel', 'Instagram Follow Button', 'Nuxt.js', 'OSS CDN', 'UTF-8', 'shadcn ui']"
follacapital.com,Folla Capital,,USA,82,22304,2026-09-12T18:50:08.581125383Z,"['Alternate Protocol', 'Authorize.net', 'Cloudflare', 'Cloudflare Web Analytics', 'Content Delivery Network', 'Financial Industry Regulatory Authority', 'Fireblade', 'Google', 'Google Analytics', 'Google Cloud CDN', 'Google Cloud DNS', 'Google Cloud Storage', 'Google Font API', 'Google Tag Manager', 'HighLevel', 'Nuxt.js', 'UTF-8', 'YouTube']"
zactavenner.com,High Performance Ads,,GBR,72,19100,2026-09-12T18:50:08.576769637Z,"['Alternate Protocol', 'Authorize.net', 'Better Lead Generation Services', 'ByteDance', 'Cloudflare', 'Cloudflare Web Analytics', 'Content Delivery Network', 'Digital Ocean Spaces', 'Facebook Conversion Tracking', 'Facebook Pixel', 'Facebook Reseller', 'Facebook Tag API', 'Fireblade', 'Google', 'Google Analytics', 'Google Cloud CDN', 'Google Cloud DNS', 'Google Cloud Storage', 'Google Font API', 'Google Tag Manager', 'Instagram Follow Button', 'Nuxt.js', 'QUIC', 'UTF-8', 'YouTube', 'shadcn ui']"
mathsbyjames.com,Maths by James,,,62,33740,2026-09-12T18:50:08.56727844Z,"['AWS WAF Challenge', 'Alternate Protocol', 'Amazon WAF Blocked', 'Authorize.net', 'Cloudflare', 'Cloudflare CDN', 'Cloudflare Web Analytics', 'Content Delivery Network', 'Facebook Conversion Tracking', 'Facebook Pixel', 'Facebook Reseller', 'Facebook Tag API', 'Fireblade', 'Google', 'Google Cloud CDN', 'Google Cloud DNS', 'Google Cloud Storage', 'Google Font API', 'Instagram Follow Button', 'Nuxt.js', 'QUIC', 'Tailwind CSS', 'Thank You', 'UTF-8', 'YouTube', 'shadcn ui']"
jgstoneandtile.com,Fairfield County Tile Installation Experts | JG Stone & Tile,,EGY,72,18740,2026-09-12T18:38:10.005410753Z,"['Alternate Protocol', 'Authorize.net', 'Bunny Fonts', 'Cloudflare', 'Cloudflare Web Analytics', 'Content Delivery Network', 'Fireblade', 'Google', 'Google Analytics', 'Google Cloud CDN', 'Google Cloud DNS', 'Google Cloud Storage', 'Google My Business', 'Google Tag Manager', 'Instagram Follow Button', 'Nuxt.js', 'UTF-8']"
jenmartodam.com,Jen Martodam,,,67,33740,2026-09-12T18:38:09.98503721Z,"['AWS WAF Challenge', 'Alternate Protocol', 'Amazon WAF Blocked', 'Authorize.net', 'Bunny Fonts', 'Cloudflare', 'Cloudflare CDN', 'Cloudflare Web Analytics', 'Content Delivery Network', 'Fireblade', 'Google', 'Google Cloud CDN', 'Google Cloud DNS', 'Google Cloud Storage', 'Google Font API', 'Nuxt.js', 'Subversion', 'Tailwind CSS', 'UTF-8']"
fellowcitizens.co,The Fellow Citizens Mobile App,,USA,80,18740,2026-09-12T18:38:09.98325802Z,"['Alternate Protocol', 'Authorize.net', 'CDN JS', 'Cloudflare', 'Cloudflare CDN', 'Cloudflare Web Analytics', 'Content Delivery Network', 'ElementUI', 'Fireblade', 'Google', 'Google Cloud CDN', 'Google Cloud DNS', 'Google Cloud Storage', 'Google Font API', 'Instagram Follow Button', 'Nuxt.js', 'UTF-8', 'University or College', 'YouTube', 'shadcn ui']"
sonshineessentials.com,Sonshine Essentials,,GBR,72,18779,2026-09-12T18:38:09.982307077Z,"['Alternate Protocol', 'Authorize.net', 'Cloudflare', 'Cloudflare Web Analytics', 'Coming Soon Page', 'Content Delivery Network', 'Fireblade', 'Google', 'Google Cloud CDN', 'Google Cloud DNS', 'Google Cloud Storage', 'Google Font API', 'Google My Business', 'Nuxt.js', 'Pixabay', 'UTF-8']"
teacuppigsforsalecalifornia.com,Teacup pigs and mini pigs for sale in California,,USA,77,77404,2026-09-12T18:38:09.981832251Z,"['Alternate Protocol', 'Authorize.net', 'Cisco/Arrowpoint Content Service Switch', 'Cloudflare', 'Cloudflare Web Analytics', 'Content Delivery Network', 'Fireblade', 'Google', 'Google Cloud CDN', 'Google Cloud DNS', 'Google Cloud Storage', 'Google Font API', 'HighLevel', 'Instagram Follow Button', 'Neighborhoods', 'Nuxt.js', 'SAS', 'UPS', 'UTF-8', 'WordPress', 'YouTube']"
sidegigbootcamp.com,The Side Gig Boot Camp,,,67,58504,2026-09-12T18:38:09.977898565Z,"['AWS WAF Challenge', 'Alternate Protocol', 'Amazon WAF Blocked', 'Authorize.net', 'ByteDance', 'Camp', 'Cloudflare', 'Cloudflare CDN', 'Cloudflare Web Analytics', 'Content Delivery Network', 'Fireblade', 'Google', 'Google Cloud CDN', 'Google Cloud DNS', 'Google Cloud Storage', 'Google Font API', 'HighLevel', 'KVH', 'Nuxt.js', 'Tailwind CSS', 'UTF-8', 'shadcn ui']"
carteblanchehtx.com,Carte Blanche HTX - Home,,USA,75,18740,2026-09-12T18:38:09.960594917Z,"['Alternate Protocol', 'Authorize.net', 'Cloudflare', 'Cloudflare Web Analytics', 'Content Delivery Network', 'Fireblade', 'Google', 'Google Cloud CDN', 'Google Cloud DNS', 'Google Cloud Storage', 'Google Font API', 'Google My Business', 'Instagram Follow Button', 'Nuxt.js', 'UTF-8']"
goallinplaybook.com,"Legacy, Impact, Lifestyle",,,72,22304,2026-09-12T18:38:09.954063978Z,"['Alternate Protocol', 'Authorize.net', 'Cloudflare', 'Cloudflare Web Analytics', 'Content Delivery Network', 'Fireblade', 'Google', 'Google Cloud CDN', 'Google Cloud DNS', 'Google Cloud Storage', 'Google Font API', 'Google My Business', 'HighLevel', 'Nuxt.js', 'QUIC', 'UTF-8', 'shadcn ui']"
shendunzhidong.com,Taizhou Shendun Brake Co.Ltd,,CHN,72,3588,2026-09-12T18:24:26.574779132Z,"['Alternate Protocol', 'ElementUI', 'Fastly', 'GZIP Module', 'Google Related Website Sites', 'IcoMoon', 'Instagram Follow Button', 'Nuxt.js', 'Sitelinks Search Box', 'UTF-8']"
elanking.com.cn,首页-蓝舰科技,,,47,36060,2026-09-12T18:24:26.557603446Z,"['3 Products', 'Baidu Ads', 'Baidu Cloud', 'GZIP Module', 'GitHub Hosting', 'Nuxt.js', 'Salesforce', 'Salesforce Experience Cloud', 'Salesforce Hosted', 'Tailwind CSS', 'UTF-8']"
realmomentum.com,Real Momentum — Your 24/7 AI Sales Engine,,USA,77,19400,2026-09-12T18:24:26.555975123Z,"['Alternate Protocol', 'Authorize.net', 'Better Lead Generation Services', 'Calendly', 'Cloudflare', 'Cloudflare Web Analytics', 'Content Delivery Network', 'Fireblade', 'Google', 'Google Cloud CDN', 'Google Cloud DNS', 'Google Cloud Storage', 'Google Font API', 'IcoMoon', 'Instagram Follow Button', 'Nuxt.js', 'QUIC', 'Tailwind CSS', 'UTF-8', 'YouTube', 'jsDelivr']"
carlinelimo.com,Car Line Transportation Corp.,,USA,77,19070,2026-09-12T18:24:26.551998142Z,"['Alternate Protocol', 'App Store', 'Authorize.net', 'Cloudflare', 'Cloudflare Web Analytics', 'Content Delivery Network', 'Fireblade', 'Google', 'Google Cloud CDN', 'Google Cloud DNS', 'Google Cloud Storage', 'Google Font API', 'Google My Business', 'Google Play', 'No-Q', 'Nuxt.js', 'UTF-8', 'jsDelivr']"
alston-enterprise.com,www.alston-enterprise.com,,USA,77,33932,2026-09-12T18:24:26.546397104Z,"['AWS WAF Challenge', 'Alternate Protocol', 'Authorize.net', 'Calendly', 'Cloudflare', 'Cloudflare Web Analytics', 'Content Delivery Network', 'Fireblade', 'Google', 'Google Cloud CDN', 'Google Cloud DNS', 'Google Cloud Storage', 'Google Font API', 'Google My Business', 'Nuxt.js', 'UTF-8']"
kiwiautomotiveandtire.com,Kiwi Automotive & Tyres: Elevating Your Driving Experience,,NZL,77,33740,2026-09-12T18:24:26.538098862Z,"['AWS WAF Challenge', 'Alternate Protocol', 'Amazon WAF Blocked', 'Authorize.net', 'Better Lead Generation Services', 'Cloudflare', 'Cloudflare CDN', 'Cloudflare Web Analytics', 'Content Delivery Network', 'Fireblade', 'Google', 'Google Cloud CDN', 'Google Cloud DNS', 'Google Cloud Storage', 'Google Font API', 'Google My Business', 'InitiativeS', 'Nuxt.js', 'QUIC', 'Tailwind CSS', 'UTF-8']"
kazashome.com,Kazas Home | The Better Way to Sell Real Estate,,,67,18740,2026-09-12T18:13:26.11705084Z,"['Alternate Protocol', 'Authorize.net', 'Cloudflare', 'Cloudflare Web Analytics', 'Content Delivery Network', 'Facebook Conversion Tracking', 'Facebook Pixel', 'Facebook Reseller', 'Facebook Tag API', 'Fireblade', 'Google', 'Google Cloud CDN', 'Google Cloud DNS', 'Google Cloud Storage', 'Google Font API', 'Google Maps', 'Nuxt.js', 'QUIC', 'UTF-8']"
lwsnowsupply.com,Buy Snow Plows & Removal Packages for Small Business | LW Snow Supply,,,67,4070,2026-09-12T18:13:26.117352624Z,"['Alternate Protocol', 'Authorize.net', 'Better Lead Generation Services', 'Cloudflare', 'Cloudflare Web Analytics', 'Content Delivery Network', 'Express', 'Google', 'Google Cloud CDN', 'Google Cloud DNS', 'Google Cloud Storage', 'Google Font API', 'Google My Business', 'No-Q', 'Nuxt.js', 'QUIC', 'UTF-8', 'shadcn ui']"
scottpfleeger.com,Scott Pfleeger,,,62,18740,2026-09-12T18:13:26.116983249Z,"['Alternate Protocol', 'Authorize.net', 'Cloudflare', 'Cloudflare Web Analytics', 'Content Delivery Network', 'Fireblade', 'Google', 'Google Cloud CDN', 'Google Cloud DNS', 'Google Cloud Storage', 'Google Font API', 'Nuxt.js', 'QUIC', 'UTF-8', 'YouTube']"
caseyinvestment.com,"Casey Investments, LLC",,,60,8163,2026-09-12T18:13:26.10955032Z,"['AWS WAF Challenge', 'Alternate Protocol', 'Amazon WAF Blocked', 'Authorize.net', 'Cloudflare', 'Cloudflare CDN', 'Cloudflare Web Analytics', 'Coming Soon Page', 'Content Delivery Network', 'Fireblade', 'Google', 'Google Cloud CDN', 'Google Cloud DNS', 'Google Cloud Storage', 'Google Font API', 'Instagram Follow Button', 'Nuxt.js', 'Tailwind CSS', 'UTF-8', 'University or College']"
katytunbridgenow.com,"Katy Tunbridge Australian-born Artist, Singer, Songwriter, Musician & Producer",,USA,72,44928,2026-09-12T18:13:26.104906204Z,"['AWS WAF Challenge', 'Alternate Protocol', 'Amazon Widgets', 'Apture Linking Platform', 'Authorize.net', 'Cloudflare', 'Cloudflare Web Analytics', 'Content Delivery Network', 'Express', 'Fireblade', 'Google', 'Google Cloud CDN', 'Google Cloud DNS', 'Google Cloud Storage', 'Google Font API', 'Google My Business', 'Instagram Follow Button', 'Medium', 'Nuxt.js', 'Onyx Internet', 'QUIC', 'Show.co', 'UTF-8', 'YouTube', 'shadcn ui']"
griffinroofingandmore.com,Scrolling Menu Example,,GBR,70,19100,2026-09-12T18:13:26.104494173Z,"['Alternate Protocol', 'Authorize.net', 'Better Lead Generation Services', 'Cloudflare', 'Cloudflare Web Analytics', 'Content Delivery Network', 'Elfsight', 'Fireblade', 'Google', 'Google Cloud CDN', 'Google Cloud DNS', 'Google Cloud Storage', 'Google Font API', 'Google My Business', 'Nuxt.js', 'UTF-8']"
wilmeslawncare.com,Wilmes Lawn Care | Maryville Landscaping & Excavation,,USA,77,83740,2026-09-12T18:13:26.104322625Z,"['AWS WAF Challenge', 'Alternate Protocol', 'Amazon WAF Blocked', 'Authorize.net', 'Cloudflare', 'Cloudflare CDN', 'Cloudflare Web Analytics', 'Content Delivery Network', 'Financial Services Guide', 'Fireblade', 'Google', 'Google Cloud CDN', 'Google Cloud DNS', 'Google Cloud Storage', 'Google Font API', 'Google My Business', 'Nuxt.js', 'Perl', 'QUIC', 'SMC', 'Tailwind CSS', 'UTF-8', 'shadcn ui']"
agefulessencehub.org,Home,,USA,75,7328,2026-09-12T18:13:26.099437456Z,"['Alternate Protocol', 'Authorize.net', 'Bulma', 'CDN JS', 'Cloudflare', 'Cloudflare CDN', 'Cloudflare Web Analytics', 'Content Delivery Network', 'Google', 'Google Analytics', 'Google Cloud CDN', 'Google Cloud DNS', 'Google Cloud Storage', 'Google Font API', 'Google Tag Manager', 'Microsoft Clarity', 'Nuxt.js', 'Ringba', 'Tailwind CSS', 'UTF-8', 'jQuery']"
thecheerdoctor.com,"The Cheer Doctor | Physical Therapy and Strength Training | Westerville, OH | Maria Wisman",,,67,41240,2026-09-12T18:13:26.091830085Z,"['AWS WAF Challenge', 'Alternate Protocol', 'Authorize.net', 'Cloudflare', 'Cloudflare Web Analytics', 'Content Delivery Network', 'Doctor.com', 'Facebook Conversion Tracking', 'Facebook Pixel', 'Facebook Reseller', 'Facebook Tag API', 'Fireblade', 'Free Call', 'Google', 'Google Cloud CDN', 'Google Cloud DNS', 'Google Cloud Storage', 'Google Font API', 'Instagram Follow Button', 'Nuxt.js', 'PrivacyPolicies', 'QUIC', 'UTF-8', 'University or College', 'YouTube', 'shadcn ui']"
growlocalai.com,Grow Local Ai,,,72,18740,2026-09-12T18:13:26.091737256Z,"['Alternate Protocol', 'Authorize.net', 'Cloudflare', 'Cloudflare Web Analytics', 'Content Delivery Network', 'Express', 'Fireblade', 'Google', 'Google Cloud CDN', 'Google Cloud DNS', 'Google Cloud Storage', 'Google Font API', 'Nuxt.js', 'UTF-8']"
keiraoseroff.com,Keira Oseroff Lambert- Home,,USA,77,20720,2026-09-12T18:13:26.089016718Z,"['Alternate Protocol', 'Authorize.net', 'CDN JS', 'CDN77 Hosted', 'Cloudflare', 'Cloudflare CDN', 'Cloudflare Web Analytics', 'Content Delivery Network', 'Fireblade', 'Google', 'Google Cloud CDN', 'Google Cloud DNS', 'Google Cloud Storage', 'Google Font API', 'Instagram Follow Button', 'Nuxt.js', 'UTF-8', 'WordPress']"
concreterepairaroundmpls.com,Concrete Repair and Finishing Professional,,USA,82,20024,2026-09-12T18:13:26.088048178Z,"['Alternate Protocol', 'Authorize.net', 'Call to Visit', 'Cloudflare', 'Cloudflare Web Analytics', 'Content Delivery Network', 'Fireblade', 'Google', 'Google Cloud CDN', 'Google Cloud DNS', 'Google Cloud Storage', 'Google Font API', 'Nuxt.js', 'Subversion', 'UTF-8', 'Unsplash']"
purplepamperproducts.com,Home,,USA,75,18740,2026-09-12T18:13:26.085134328Z,"['Alternate Protocol', 'Authorize.net', 'Bunny Fonts', 'Cloudflare', 'Cloudflare Web Analytics', 'Content Delivery Network', 'DAV', 'Facebook Conversion Tracking', 'Facebook Pixel', 'Facebook Reseller', 'Facebook Tag API', 'Financial Services Guide', 'Fireblade', 'Google', 'Google Cloud CDN', 'Google Cloud DNS', 'Google Cloud Storage', 'Instagram Follow Button', 'Nuxt.js', 'QUIC', 'Share Link', 'UTF-8', 'YouTube']"
www-balmorex.com,Balmorex Pro® Cream [OFFICIAL] $49 | US Website,,GBR,77,27540,2026-09-12T18:13:26.081118759Z,"['Alternate Protocol', 'Authorize.net', 'Cloudflare', 'Cloudflare Web Analytics', 'Content Delivery Network', 'Ethy', 'Fireblade', 'Google', 'Google Analytics', 'Google Cloud CDN', 'Google Cloud DNS', 'Google Cloud Storage', 'Google Font API', 'Google Tag Manager', 'Nuxt.js', 'QUIC', 'RM Education', 'Thrive Direct', 'UTF-8']"
megaharvest.org,Home,,USA,65,8740,2026-09-12T18:03:14.086064768Z,"['Alternate Protocol', 'Authorize.net', 'Content Delivery Network', 'Financial Services Guide', 'GZIP Module', 'Google', 'Google Cloud CDN', 'Google Cloud DNS', 'Google Cloud Storage', 'Google Font API', 'Instagram Follow Button', 'Nuxt.js', 'PushPay', 'UTF-8', 'YouTube', 'shadcn ui']"
rocketyoursales.com,Business Money System Automated Business,,,67,70320,2026-09-12T18:03:14.081483166Z,"['AWS WAF Challenge', 'Alternate Protocol', 'Amazon WAF Blocked', 'Authorize.net', 'Bunny Fonts', 'Cloudflare', 'Cloudflare CDN', 'Cloudflare Web Analytics', 'Content Delivery Network', 'Google', 'Google Cloud CDN', 'Google Cloud DNS', 'Google Cloud Storage', 'Google Font API', 'Hotjar', 'Nuxt.js', 'QUIC', 'SMC', 'Tailwind CSS', 'UTF-8', 'Vimeo', 'Vimeo CDN']"
davidtuchinsky.com,Call With David,,,45,623,2026-09-12T18:03:14.078302454Z,"['Alternate Protocol', 'Authorize.net', 'Cloudflare', 'Cloudflare Web Analytics', 'Content Delivery Network', 'DAV', 'Google', 'Google Cloud CDN', 'Google Cloud DNS', 'Google Cloud Storage', 'Google Font API', 'Nuxt.js', 'Thank You', 'UTF-8', 'Zoom Video Conferencing']"
estanailspa.com,ESTA NAIL SPA Menifee,,USA,72,760,2026-09-12T18:03:14.056374507Z,"['Cloudflare', 'Express', 'Google Cloud DNS', 'Google Font API', 'Google My Business', 'Google Related Website Sites', 'Instagram Follow Button', 'Microdata for Google Shopping', 'Nuxt.js', 'Schema Plugin', 'UTF-8', 'University or College']"
growbeyondgrief.com,Grow Beyond Grief Homepage,,FRA,72,33779,2026-09-12T18:03:14.054899575Z,"['AWS WAF Challenge', 'Alternate Protocol', 'Amazon WAF Blocked', 'Authorize.net', 'Cloudflare', 'Cloudflare CDN', 'Cloudflare Web Analytics', 'Coming Soon Page', 'Content Delivery Network', 'Fireblade', 'Google', 'Google Cloud CDN', 'Google Cloud DNS', 'Google Cloud Storage', 'Google Font API', 'Google My Business', 'Instagram Follow Button', 'Nuxt.js', 'Tailwind CSS', 'UTF-8', 'YouTube', 'shadcn ui']"
euphorianailsspaoxnard.com,"Euphoria Nail & Spa | Oxnard, CA",,USA,82,760,2026-09-12T18:03:14.047579556Z,"['Cloudflare', 'Express', 'Google Cloud DNS', 'Google Font API', 'Google My Business', 'Google Related Website Sites', 'Instagram Follow Button', 'Microdata for Google Shopping', 'Nuxt.js', 'QUIC', 'Schema Plugin', 'UTF-8', 'Uponit']"
enidstreettavern.com,Enid Street Tavern Bermondsey | 10 Roating Craft Beer Taps,,,77,18740,2026-09-12T18:03:14.038902594Z,"['AWS WAF Challenge', 'Alternate Protocol', 'Amazon WAF Blocked', 'Authorize.net', 'CDN JS', 'Cloudflare', 'Cloudflare CDN', 'Cloudflare Web Analytics', 'Content Delivery Network', 'Google', 'Google Cloud CDN', 'Google Cloud DNS', 'Google Cloud Storage', 'Google Font API', 'Google My Business', 'Instagram Follow Button', 'Nuxt.js', 'Tailwind CSS', 'UTF-8']"
manhoodreset.com,The Manhood Reset,,,62,83740,2026-09-12T17:47:30.398821998Z,"['AWS WAF Challenge', 'Alternate Protocol', 'Authorize.net', 'Cloudflare', 'Cloudflare Web Analytics', 'Content Delivery Network', 'Fireblade', 'Google', 'Google Cloud CDN', 'Google Cloud DNS', 'Google Cloud Storage', 'Google Font API', 'Nuxt.js', 'QUIC', 'SMC', 'Say what', 'Thank You', 'UTF-8', 'shadcn ui']"
liljasbygg.se,Liljas Byggnads AB,,,57,8163,2026-09-12T17:47:30.39709819Z,"['AWS WAF Challenge', 'Alternate Protocol', 'Amazon WAF Blocked', 'Authorize.net', 'Cloudflare', 'Cloudflare CDN', 'Cloudflare Web Analytics', 'Content Delivery Network', 'Fireblade', 'Google', 'Google Cloud CDN', 'Google Cloud DNS', 'Google Cloud Storage', 'Google Font API', 'Instagram Follow Button', 'Nuxt.js', 'Subversion', 'Tailwind CSS', 'UTF-8']"
tooyoungtocreak.com,7-Day Natural Pain Relief Retreat Cooking and Yoga,,GBR,82,83740,2026-09-12T17:47:30.393256581Z,"['AWS WAF Challenge', 'Adult Content', 'Alternate Protocol', 'Amazon WAF Blocked', 'Authorize.net', 'Clockwork', 'Cloudflare', 'Cloudflare Web Analytics', 'Content Delivery Network', 'Fireblade', 'Google', 'Google Cloud CDN', 'Google Cloud DNS', 'Google Cloud Storage', 'Google Font API', 'Nuxt.js', 'QUIC', 'SMC', 'UTF-8', 'University or College', 'eLand', 'shadcn ui']"
businessenginex.com,It's Time To Take Your Business To The Next Level. Save Time And Money... Automate Your Business,,THA,87,77483,2026-09-12T17:47:30.393016188Z,"['Alternate Protocol', 'Apture Linking Platform', 'Authorize.net', 'Cloudflare', 'Cloudflare Web Analytics', 'Content Delivery Network', 'Fireblade', 'Gambling Content', 'Google', 'Google Cloud CDN', 'Google Cloud DNS', 'Google Cloud Storage', 'Google Font API', 'Marketing Pro', 'Ntent', 'Nuxt.js', 'OnlineWebFonts', 'QUIC', 'SMC', 'Sitejabber', 'SoTellUs', 'Tailwind CSS', 'Thank You', 'UTF-8', 'Vimeo', 'YouTube', 'shadcn ui']"
plumbedperfect.co,"Expert Plumbing Services | Plumbed Perfect - Rineyville, KY",,ZAF,87,83799,2026-09-12T17:47:30.383094756Z,"['AWS WAF Challenge', 'Alternate Protocol', 'Amazon WAF Blocked', 'Authorize.net', 'CDN JS', 'Cloudflare', 'Cloudflare CDN', 'Cloudflare Web Analytics', 'Content Delivery Network', 'Cornerstone', 'Fireblade', 'Google', 'Google Cloud CDN', 'Google Cloud DNS', 'Google Cloud Storage', 'Google Font API', 'Google My Business', 'Nuxt.js', 'QUIC', 'SMC', 'Tailwind CSS', 'UTF-8']"
korting-immobilien.ch,Korting Immobilien - Ihr Immobilienpartner,,,67,33824,2026-09-12T17:47:30.376510504Z,"['Alternate Protocol', 'Authorize.net', 'Bunny Fonts', 'Cloudflare', 'Cloudflare Web Analytics', 'Content Delivery Network', 'Fireblade', 'Google', 'Google Cloud CDN', 'Google Cloud DNS', 'Google Cloud Storage', 'Google Font API', 'Google My Business', 'Google Retail Product Discovery', 'Instagram Follow Button', 'Nuxt.js', 'UTF-8', 'Unsplash']"
craftsygalore.com,Craftsy Galore,,USA,72,33868,2026-09-12T17:47:30.373893622Z,"['AWS WAF Challenge', 'Alternate Protocol', 'Amazon WAF Blocked', 'Authorize.net', 'Cloudflare', 'Cloudflare CDN', 'Cloudflare Web Analytics', 'Coming Soon Page', 'Content Delivery Network', 'Craftsy', 'Express', 'Fireblade', 'Google', 'Google Cloud CDN', 'Google Cloud DNS', 'Google Cloud Storage', 'Google Font API', 'Instagram Follow Button', 'Nuxt.js', 'Tailwind CSS', 'UTF-8', 'YouTube']"
lmp-tech.com,LMP Technologies | Home Services Digital Marketing based in Arizona,,,77,39272,2026-09-12T17:47:30.369283134Z,"['AWS WAF Challenge', 'Alternate Protocol', 'Amazon WAF Blocked', 'Apture Linking Platform', 'Authorize.net', 'Cloudflare', 'Cloudflare CDN', 'Cloudflare Web Analytics', 'Content Delivery Network', 'Express', 'Fireblade', 'Freepik', 'Google', 'Google Cloud CDN', 'Google Cloud DNS', 'Google Cloud Storage', 'Google Font API', 'Google My Business', 'No-Q', 'Nuxt.js', 'Tailwind CSS', 'UTF-8', 'Unsplash', 'Vector Internet Services']"
frasermercantile.com,Fraser Mercantile | Data Analytics & Interactive Reporting Experts,,,77,36800,2026-09-12T17:47:30.368181704Z,"['AWS WAF Challenge', 'Alternate Protocol', 'Amazon', 'Amazon CloudFront', 'Amazon WAF Blocked', 'Authorize.net', 'CloudFront', 'Cloudflare', 'Cloudflare CDN', 'Cloudflare Web Analytics', 'Content Delivery Network', 'Fireblade', 'Google', 'Google Analytics', 'Google Cloud CDN', 'Google Cloud DNS', 'Google Cloud Storage', 'Google Font API', 'Google Tag Manager', 'Nuxt.js', 'Power BI', 'Tableau', 'Tailwind CSS', 'UTF-8']"
orakel.com,Producer of event materials | Order online | Orakel,Orakel,BEL,77,25468,2026-09-12T17:37:22.343461335Z,"['Alternate Protocol', 'Apache', 'DAV', 'GZIP Module', 'Google Analytics', 'Google Tag Manager', 'IcoMoon', 'Instagram Follow Button', 'K2F', 'Microdata for Google Shopping', 'Nuxt.js', 'QUIC', 'Tailwind CSS', 'Thank You', 'UTF-8', 'YouTube']"
thelashingatlanta.com,The Lashing Atl,,,55,8502,2026-09-12T17:37:22.307788455Z,"['AWS WAF Challenge', 'Alternate Protocol', 'Amazon WAF Blocked', 'Angular', 'Authorize.net', 'CDN JS', 'Cloudflare', 'Cloudflare CDN', 'Cloudflare Web Analytics', 'Content Delivery Network', 'DAV', 'Fireblade', 'Font Awesome', 'Google', 'Google Analytics', 'Google Cloud CDN', 'Google Cloud DNS', 'Google Cloud Storage', 'Google Font API', 'Google My Business', 'Google Tag Manager', 'Nuxt.js', 'StackPath', 'Tailwind CSS', 'UTF-8', 'University or College', 'jsDelivr']"
linksalespro.com,Link Sales System Real Estate Sales Training,,USA,77,18740,2026-09-12T17:37:22.306861777Z,"['Alternate Protocol', 'Authorize.net', 'Cloudflare', 'Cloudflare Web Analytics', 'Content Delivery Network', 'Financial Industry Regulatory Authority', 'Fireblade', 'Google', 'Google Cloud CDN', 'Google Cloud DNS', 'Google Cloud Storage', 'Google Font API', 'Medium', 'Nuxt.js', 'QUIC', 'UTF-8', 'YouTube']"
globalsuccesscoaching.com,Home,,JPN,65,33740,2026-09-12T17:27:28.409370374Z,"['AWS WAF Challenge', 'Alternate Protocol', 'Amazon WAF Blocked', 'Authorize.net', 'Bunny Fonts', 'Cloudflare', 'Cloudflare CDN', 'Cloudflare Web Analytics', 'Content Delivery Network', 'Fireblade', 'Google', 'Google Cloud CDN', 'Google Cloud DNS', 'Google Cloud Storage', 'Google My Business', 'Instagram Follow Button', 'Nuxt.js', 'Subversion', 'Tailwind CSS', 'Thank You', 'UTF-8', 'University or College']"
bradsplumbingmontereycounty.com,Expert Plumbing Services in Monterey County | Brad's Plumbing,,AUS,92,33740,2026-09-12T17:27:28.404820601Z,"['AWS WAF Challenge', 'Alternate Protocol', 'Amazon WAF Blocked', 'Apture Linking Platform', 'Authorize.net', 'Cloudflare', 'Cloudflare CDN', 'Cloudflare Web Analytics', 'Content Delivery Network', 'Fireblade', 'Google', 'Google Cloud CDN', 'Google Cloud DNS', 'Google Cloud Storage', 'Google Font API', 'Google My Business', 'Microdata for Google Shopping', 'Nuxt.js', 'QUIC', 'Tailwind CSS', 'UTF-8']"
demrick.com,Demrick | Useful Links,,USA,77,33740,2026-09-12T17:27:28.363739406Z,"['AWS WAF Challenge', 'Alternate Protocol', 'Amazon WAF Blocked', 'Amazon Widgets', 'Apture Linking Platform', 'Authorize.net', 'CDN JS', 'Cloudflare', 'Cloudflare CDN', 'Cloudflare Web Analytics', 'Content Delivery Network', 'Fireblade', 'Google', 'Google Cloud CDN', 'Google Cloud DNS', 'Google Cloud Storage', 'Google Font API', 'Instagram Follow Button', 'Nuxt.js', 'Tailwind CSS', 'Thank You', 'Twitter Ads', 'UTF-8', 'YouTube']"
titanautomation.agency,TItan automation home page,,,70,83740,2026-09-12T17:27:28.355094075Z,"['AWS WAF Challenge', 'Alternate Protocol', 'Amazon WAF Blocked', 'Apture Linking Platform', 'Authorize.net', 'Better Lead Generation Services', 'Bunny Fonts', 'Cloudflare', 'Cloudflare CDN', 'Cloudflare Web Analytics', 'Content Delivery Network', 'DAV', 'Fireblade', 'Google', 'Google Cloud CDN', 'Google Cloud DNS', 'Google Cloud Storage', 'Google Font API', 'Ntent', 'Nuxt.js', 'SMC', 'Tailwind CSS', 'UTF-8']"
pelvicfloorexercise.org,Regain Pelvic Strength & Confidence in 12 Weeks,,GBR,87,33740,2026-09-12T17:27:28.35040969Z,"['AWS WAF Challenge', 'Alternate Protocol', 'Amazon WAF Blocked', 'Authorize.net', 'Cloudflare', 'Cloudflare CDN', 'Cloudflare Web Analytics', 'Content Delivery Network', 'Fireblade', 'Google', 'Google Analytics', 'Google Cloud CDN', 'Google Cloud DNS', 'Google Cloud Storage', 'Google Font API', 'Google Tag Manager', 'Instagram Follow Button', 'Nuxt.js', 'Perl', 'QUIC', 'Tailwind CSS', 'Thank You', 'UTF-8', 'YouTube', 'shadcn ui']"
leadestate.io,All in One Software System,,,67,18960,2026-09-12T17:27:28.350852486Z,"['Alternate Protocol', 'Authorize.net', 'Cloudflare', 'Cloudflare Web Analytics', 'Content Delivery Network', 'Fireblade', 'Google', 'Google Calendar', 'Google Cloud CDN', 'Google Cloud DNS', 'Google Cloud Storage', 'Google Font API', 'Google My Business', 'Ntent', 'Nuxt.js', 'QUIC', 'Thank You', 'UTF-8', 'Zoom Video Conferencing']"
restocliqpro.com,"RestoCliq - AI Ads, Reviews, Messaging & Payments For Local Business",,,77,68740,2026-09-12T17:27:28.347497083Z,"['Alternate Protocol', 'Apture Linking Platform', 'Authorize.net', 'Better Lead Generation Services', 'Cloudflare', 'Cloudflare Web Analytics', 'Content Delivery Network', 'Fireblade', 'Google', 'Google Cloud CDN', 'Google Cloud DNS', 'Google Cloud Storage', 'Google Font API', 'Ntent', 'Nuxt.js', 'QUIC', 'SMC', 'Thank You', 'UTF-8']"
repakot.com,Repakot,,USA,67,17896,2026-09-12T17:14:13.466224474Z,"['Alternate Protocol', 'Aruba', 'Cloudflare', 'Cloudflare CDN', 'Content Delivery Network', 'Fireblade', 'Giropay', 'Google Related Website Sites', 'Google Tag Manager', 'IcoMoon', 'Nuxt.js', 'Oddle', 'SiteW', 'Subversion', 'Tailwind CSS', 'Umbler', 'eLand', 'shadcn ui']"
bestratesgta.ca,Trillium Mortgage | Ontario's Choice For Private Mortgages Since 1989,Trillium Mortgage,USA,92,33923,2026-09-12T17:14:13.455652197Z,"['AWS WAF Challenge', 'Alternate Protocol', 'Authorize.net', 'Cloudflare', 'Cloudflare Web Analytics', 'Content Delivery Network', 'DAV', 'Fireblade', 'Font Awesome', 'Google', 'Google Cloud CDN', 'Google Cloud DNS', 'Google Cloud Storage', 'Google Font API', 'InitiativeS', 'Instagram Follow Button', 'Microdata for Google Shopping', 'Nuxt.js', 'QUIC', 'UTF-8', 'Unsplash', 'WordPress', 'YouTube']"
laikoauto.com,LAIKO,,USA,82,33740,2026-09-12T17:06:07.532876848Z,"['AWS WAF Challenge', 'Alternate Protocol', 'Amazon WAF Blocked', 'Authorize.net', 'Cloudflare', 'Cloudflare CDN', 'Cloudflare Web Analytics', 'Content Delivery Network', 'Fireblade', 'Google', 'Google Cloud CDN', 'Google Cloud DNS', 'Google Cloud Storage', 'Google Font API', 'Nuxt.js', 'Tailwind CSS', 'UTF-8', 'shadcn ui']"
moclocallift.com,Local Lift Med Spa,,,62,4364,2026-09-12T17:06:07.53156206Z,"['Alternate Protocol', 'Authorize.net', 'Cloudflare', 'Cloudflare Web Analytics', 'Content Delivery Network', 'Google', 'Google Cloud CDN', 'Google Cloud DNS', 'Google Cloud Storage', 'Google Font API', 'Nuxt.js', 'QUIC', 'Thank You', 'UTF-8', 'Unsplash', 'Vimeo', 'Vimeo CDN']"
oracle-funding.com,Oracle Capital,,,62,36224,2026-09-12T16:51:31.17429966Z,"['AWS WAF Challenge', 'Alternate Protocol', 'Authorize.net', 'Better Lead Generation Services', 'Cloudflare', 'Cloudflare Web Analytics', 'Content Delivery Network', 'Fireblade', 'Google', 'Google Cloud CDN', 'Google Cloud DNS', 'Google Cloud Storage', 'Google Font API', 'Nuxt.js', 'Oracle Cloud', 'UTF-8', 'Unsplash']"
zchampionkarateschool.com.ng,Z Champion Karate School,,NGA,87,37324,2026-09-12T16:51:31.17308531Z,"['AWS WAF Challenge', 'Alternate Protocol', 'Amazon WAF Blocked', 'Authorize.net', 'Cloudflare', 'Cloudflare CDN', 'Cloudflare Web Analytics', 'Content Delivery Network', 'DAV', 'Facebook Conversion Tracking', 'Facebook Pixel', 'Facebook Reseller', 'Facebook Tag API', 'Fireblade', 'Google', 'Google Analytics', 'Google Cloud CDN', 'Google Cloud DNS', 'Google Cloud Storage', 'Google Font API', 'Google My Business', 'Google Tag Manager', 'HighLevel', 'Nuxt.js', 'Postimage.org', 'QUIC', 'Tailwind CSS', 'UTF-8']"
weightlosslakeland.com,FREE Weight Loss and Contouring Consultation New Patient Offer,,,77,3740,2026-09-12T16:51:31.172947112Z,"['Alternate Protocol', 'Authorize.net', 'Cloudflare', 'Cloudflare Web Analytics', 'Content Delivery Network', 'Google', 'Google Cloud CDN', 'Google Cloud DNS', 'Google Cloud Storage', 'Google Font API', 'Nuxt.js', 'QUIC', 'UTF-8', 'eLand']"
blbautopilot.com,BLB Autopilot,,,72,69720,2026-09-12T16:51:31.168659871Z,"['Alternate Protocol', 'Aruba', 'Authorize.net', 'Better Lead Generation Services', 'Cloudflare', 'Cloudflare Web Analytics', 'Content Delivery Network', 'DAV', 'Fireblade', 'Google', 'Google Cloud CDN', 'Google Cloud DNS', 'Google Cloud Storage', 'Google Font API', 'Nuxt.js', 'Perl', 'QUIC', 'SMC', 'Tailwind CSS', 'UTF-8', 'Vercel', 'Vimeo', 'Vimeo CDN', 'eLand']"
linkvivid.com,linkvivid,,DEU,72,39270,2026-09-12T16:41:44.468577823Z,"['Alternate Protocol', 'Authorize.net', 'Cloudflare', 'Cloudflare Web Analytics', 'Content Delivery Network', 'Fireblade', 'GTranslate', 'Google', 'Google Cloud CDN', 'Google Cloud DNS', 'Google Cloud Storage', 'Google Font API', 'KVH', 'No-Q', 'Ntent', 'Nuxt.js', 'QUIC', 'UTF-8', 'shadcn ui']"
hometaxcare.org,Home Tax Care - Welcome,,,55,8271,2026-09-12T16:41:44.465508998Z,"['AWS WAF Challenge', 'Alternate Protocol', 'Amazon WAF Blocked', 'Authorize.net', 'Cloudflare', 'Cloudflare CDN', 'Cloudflare Web Analytics', 'Content Delivery Network', 'Fireblade', 'Google', 'Google Cloud CDN', 'Google Cloud DNS', 'Google Cloud Storage', 'Google Font API', 'Investor Relations', 'Nuxt.js', 'Tailwind CSS', 'UTF-8', 'Vimeo', 'Vimeo CDN']"
hughiesjewelry.com,Hughie's Jewelry & Coins,,USA,77,18740,2026-09-12T16:41:44.463165887Z,"['Alternate Protocol', 'Authorize.net', 'Cloudflare', 'Cloudflare Web Analytics', 'Content Delivery Network', 'Express', 'Fireblade', 'Google', 'Google Cloud CDN', 'Google Cloud DNS', 'Google Cloud Storage', 'Google Font API', 'Google My Business', 'Instagram Follow Button', 'Nuxt.js', 'QUIC', 'UTF-8']"
supraestetico.com,Supra-Estetico - Diseño Gráfico,,HND,77,18740,2026-09-12T16:41:44.444249366Z,"['Alternate Protocol', 'Authorize.net', 'Cloudflare', 'Cloudflare Web Analytics', 'Content Delivery Network', 'Fireblade', 'Google', 'Google Cloud CDN', 'Google Cloud DNS', 'Google Cloud Storage', 'Google Font API', 'Hexo', 'Instagram Follow Button', 'Ntent', 'Nuxt.js', 'UTF-8']"
somuchass.com,Automation as a Software Service,,,52,6627,2026-09-12T16:41:44.443379105Z,"['Alternate Protocol', 'Authorize.net', 'Content Delivery Network', 'Financial Services Guide', 'GZIP Module', 'Google', 'Google Cloud CDN', 'Google Cloud DNS', 'Google Cloud Storage', 'Google Font API', 'HighLevel', 'KVH', 'Ntent', 'Nuxt.js', 'UTF-8']"
soytrininavarro.com,Soytrininavarro - Mapa Emprendedor,,,67,68740,2026-09-12T16:41:44.442519639Z,"['Alternate Protocol', 'Authorize.net', 'Cloudflare', 'Cloudflare Web Analytics', 'Content Delivery Network', 'DAV', 'Facebook Conversion Tracking', 'Facebook Pixel', 'Facebook Reseller', 'Facebook Tag API', 'Fireblade', 'Google', 'Google Cloud CDN', 'Google Cloud DNS', 'Google Cloud Storage', 'Google Font API', 'Nuxt.js', 'SMC', 'UTF-8', 'WhatsApp Sharing', 'shadcn ui']"
southeasternpressurecleaning.com,Pressure Washing & Soft Washing | Southeastern Pressure Cleaning SC,,USA,87,18740,2026-09-12T16:31:03.87054233Z,"['Alternate Protocol', 'Authorize.net', 'Cloudflare', 'Cloudflare Web Analytics', 'Content Delivery Network', 'Fireblade', 'Google', 'Google Cloud CDN', 'Google Cloud DNS', 'Google Cloud Storage', 'Google Font API', 'Neighborhoods', 'Nuxt.js', 'UTF-8']"
kempseyskipbins.com.au,"Skip Bin Hire Kempsey | Fast Delivery, All Sizes | Kempsey Skip Bins",,,62,20048,2026-09-12T16:31:03.828626609Z,"['Alternate Protocol', 'Authorize.net', 'Better Lead Generation Services', 'Cloudflare', 'Cloudflare Web Analytics', 'Content Delivery Network', 'Fireblade', 'Google', 'Google Analytics', 'Google Cloud CDN', 'Google Cloud DNS', 'Google Cloud Storage', 'Google Font API', 'Google My Business', 'Google Related Website Sites', 'Google Tag Manager', 'Nuxt.js', 'QUIC', 'TrustIndex', 'UTF-8', 'YouTube']"
stradasf.com,Strada,,VEN,57,1000,2026-09-12T16:31:03.812821672Z,"['Cisco/Arrowpoint Content Service Switch', 'Content Delivery Network', 'Neighborhoods', 'Netlify', 'Nuxt.js', 'UTF-8', 'Vimeo', 'WordPress']"
pioneeringclean.com,Start & Grow a Profitable Cleaning Business | Pioneering Clean,,,77,48740,2026-09-12T16:31:03.808024536Z,"['AWS WAF Challenge', 'Alternate Protocol', 'Amazon WAF Blocked', 'Authorize.net', 'Bunny Fonts', 'CDN JS', 'Cloudflare', 'Cloudflare CDN', 'Cloudflare Web Analytics', 'Content Delivery Network', 'Fireblade', 'Google', 'Google Analytics', 'Google Cloud CDN', 'Google Cloud DNS', 'Google Cloud Storage', 'Google Font API', 'Google My Business', 'Google Recommendations AI', 'Google Tag Manager', 'Instagram Follow Button', 'Nuxt.js', 'QUIC', 'Tailwind CSS', 'UTF-8', 'YouTube', 'jsDelivr', 'shadcn ui']"
perfectfit.fitness,Perfect Fit Fitness,,,55,13403,2026-09-12T16:17:13.102863344Z,"['AWS WAF Challenge', 'Alternate Protocol', 'Amazon WAF Blocked', 'Authorize.net', 'Cloudflare', 'Cloudflare CDN', 'Cloudflare Web Analytics', 'Content Delivery Network', 'Financial Services Guide', 'Fireblade', 'Google', 'Google Cloud CDN', 'Google Cloud DNS', 'Google Cloud Storage', 'Google Font API', 'Google My Business', 'Instagram Follow Button', 'K2F', 'Nuxt.js', 'Storyblocks', 'Tailwind CSS', 'UTF-8']"
cruxwheels.com,Crux Wheels | Home,,,42,1188,2026-09-12T16:17:13.099657254Z,"['Cloudinary', 'Content Delivery Network', 'Google My Business', 'Instagram Follow Button', 'Netlify', 'Nuxt.js', 'Subversion', 'UTF-8']"
mindbodyrehab.com,Mind Body Rehab,,USA,72,36263,2026-09-12T16:17:13.068008815Z,"['AWS WAF Challenge', 'Alternate Protocol', 'Amazon', 'Amazon WAF Blocked', 'Authorize.net', 'Cloudflare', 'Cloudflare CDN', 'Cloudflare Web Analytics', 'Coming Soon Page', 'Content Delivery Network', 'Fireblade', 'Google', 'Google Cloud CDN', 'Google Cloud DNS', 'Google Cloud Storage', 'Google Font API', 'Nuxt.js', 'Tailwind CSS', 'UTF-8', 'Unsplash', 'WordPress']"
innerselfcare.com,Gina Barbara - Life Coach,,,67,18740,2026-09-12T16:07:00.256505227Z,"['Alternate Protocol', 'Authorize.net', 'Cloudflare', 'Cloudflare Web Analytics', 'Content Delivery Network', 'Fireblade', 'Google', 'Google Cloud CDN', 'Google Cloud DNS', 'Google Cloud Storage', 'Google Font API', 'Nuxt.js', 'UTF-8']"
dc3medicaltransportservicesllc.com,DC3 MEDICAL TRANSPORT SERVICES LLC,,,52,354,2026-09-12T16:07:00.240388376Z,"['BrandCrowd Website Builder', 'CoreUI', 'GZIP Module', 'Google', 'Google Analytics', 'Google Cloud DNS', 'Google Font API', 'Google Tag Manager', 'Instagram Follow Button', 'Nuxt.js', 'QUIC', 'UTF-8', 'Unsplash']"
savvybusinessmanagement.com,SAvvy Business Management,,,60,6827,2026-09-12T16:07:00.228462935Z,"['AWS WAF Challenge', 'Alternate Protocol', 'Authorize.net', 'Calendly', 'Cloudflare', 'Cloudflare Web Analytics', 'Content Delivery Network', 'Google', 'Google Cloud CDN', 'Google Cloud DNS', 'Google Cloud Storage', 'Google Font API', 'HighLevel', 'Instagram Follow Button', 'Landis Holdings', 'Nuxt.js', 'UTF-8', 'shadcn ui']"
rockstaraibootcamp.com,RockStar AI BootCamp,,USA,72,100300,2026-09-12T16:07:00.201165477Z,"['Alternate Protocol', 'Authorize.net', 'Camp', 'Cart.com', 'Cisco/Arrowpoint Content Service Switch', 'Cloudflare', 'Cloudflare Web Analytics', 'Content Delivery Network', 'DAV', 'Elfsight', 'Fireblade', 'Google', 'Google Cloud CDN', 'Google Cloud DNS', 'Google Cloud Storage', 'Google Font API', 'Nuxt.js', 'UTF-8']"
hub121.com,HUB 121,,,37,,2026-09-12T15:53:52.740782026Z,"['Content Delivery Network', 'Netlify', 'Nuxt.js', 'Tailwind CSS', 'UTF-8']"
pennfidelity.com,Penn Fidelity - Financial Services,,FLK,77,3740,2026-09-12T15:44:50.363834029Z,"['Alternate Protocol', 'Authorize.net', 'Content Delivery Network', 'GZIP Module', 'Google', 'Google Cloud CDN', 'Google Cloud DNS', 'Google Cloud Storage', 'Google Font API', 'Google My Business', 'Ntent', 'Nuxt.js', 'UTF-8']"
epicwerksmedia.com,Epic Werks Media - Web Design Photography,,,77,41304,2026-09-12T15:44:50.338746354Z,"['AWS WAF Challenge', 'AdRoll', 'Adult Content', 'Alternate Protocol', 'Amazon S3 CDN', 'Amazon WAF Blocked', 'Apture Linking Platform', 'Authorize.net', 'Call to Visit', 'Cloudflare', 'Cloudflare CDN', 'Cloudflare Web Analytics', 'Cloudinary', 'Content Delivery Network', 'Facebook Conversion Tracking', 'Facebook Pixel', 'Facebook Reseller', 'Facebook Tag API', 'Fireblade', 'Google', 'Google Analytics', 'Google Cloud CDN', 'Google Cloud DNS', 'Google Cloud Storage', 'Google Font API', 'Google Related Website Sites', 'Google Tag Manager', 'Microsoft Clarity', 'Nuxt.js', 'QUIC', 'Rush', 'Storyblocks', 'Tailwind CSS', 'UTF-8', 'Unsplash', 'YouTube', 'shadcn ui']"
thehollimans.com,The Hollimans - Home,,PHL,82,19524,2026-09-12T15:44:50.323583822Z,"['Alternate Protocol', 'Authorize.net', 'Cloudflare', 'Cloudflare Web Analytics', 'Content Delivery Network', 'Donorbox', 'Fireblade', 'GTranslate', 'Google', 'Google Cloud CDN', 'Google Cloud DNS', 'Google Cloud Storage', 'Google Font API', 'Instagram Follow Button', 'Nuxt.js', 'QUIC', 'UTF-8', 'Unsplash', 'YouTube']"
livinginhoustontoday.com,Houston Real Estate Agent | Buy & Sell Homes in Houston TX,,USA,77,18740,2026-09-12T15:44:50.320114496Z,"['Alternate Protocol', 'Authorize.net', 'Cloudflare', 'Cloudflare Web Analytics', 'Content Delivery Network', 'Facebook Conversion Tracking', 'Facebook Pixel', 'Facebook Reseller', 'Facebook Tag API', 'Fireblade', 'Google', 'Google Cloud CDN', 'Google Cloud DNS', 'Google Cloud Storage', 'Google Font API', 'Google My Business', 'Instagram Follow Button', 'Neighborhoods', 'Nuxt.js', 'QUIC', 'UTF-8', 'YouTube']"
bluegriffinphotography.co,YOU'RE INVITED TO THE 40 OVER 40 PORTRAIT EXPERIENCE,,USA,87,53740,2026-09-12T15:30:26.320946734Z,"['AWS WAF Challenge', 'Alternate Protocol', 'Amazon WAF Blocked', 'Apture Linking Platform', 'Authorize.net', 'Cloudflare', 'Cloudflare CDN', 'Cloudflare Web Analytics', 'Content Delivery Network', 'Facebook Conversion Tracking', 'Facebook Pixel', 'Facebook Reseller', 'Facebook Tag API', 'Fireblade', 'Google', 'Google Cloud CDN', 'Google Cloud DNS', 'Google Cloud Storage', 'Google Font API', 'Google My Business', 'KVH', 'Nuxt.js', 'QUIC', 'Tailwind CSS', 'UTF-8']"
carawayacres.com,Caraway Acres,,,62,18824,2026-09-12T15:30:26.315728094Z,"['Alternate Protocol', 'Authorize.net', 'Cloudflare', 'Cloudflare Web Analytics', 'Content Delivery Network', 'Fireblade', 'Google', 'Google Cloud CDN', 'Google Cloud DNS', 'Google Cloud Storage', 'Google Font API', 'Instagram Follow Button', 'Nuxt.js', 'UTF-8', 'Unsplash', 'YouTube']"
connectpetexpo.com,Connect Pet Trade Expo - Uniting the Pet Industry for Innovation,,,62,58779,2026-09-12T15:30:26.315484907Z,"['Alternate Protocol', 'Authorize.net', 'Cloudflare', 'Cloudflare Web Analytics', 'Coming Soon Page', 'Content Delivery Network', 'DC74', 'Google', 'Google Cloud CDN', 'Google Cloud DNS', 'Google Cloud Storage', 'Google Font API', 'Nuxt.js', 'SMC', 'UTF-8']"
budokantx.com,Budokan Tuition Estimator (New Plans),,USA,80,37304,2026-09-12T15:30:26.310007347Z,"['AWS WAF Challenge', 'Alternate Protocol', 'Authorize.net', 'Cloudflare', 'Cloudflare Web Analytics', 'Content Delivery Network', 'Fireblade', 'Google', 'Google Analytics', 'Google Cloud CDN', 'Google Cloud DNS', 'Google Cloud Storage', 'Google Font API', 'Google Tag Manager', 'HighLevel', 'Instagram Follow Button', 'Nuxt.js', 'UTF-8', 'shadcn ui']"
catalyst-hq.com,My Website,,,35,354,2026-09-12T15:30:26.273744015Z,"['BrandCrowd Website Builder', 'CoreUI', 'GZIP Module', 'Google', 'Google Cloud DNS', 'Google Font API', 'Nuxt.js', 'QUIC', 'UTF-8', 'Unsplash']"
tristatehotshotaustin.com,"Refrigerated Courier and Hot Shot Delivery: Austin, Houston, DFW, plus",,USA,87,38740,2026-09-12T15:20:56.483926484Z,"['Alternate Protocol', 'Authorize.net', 'Better Lead Generation Services', 'Cloudflare', 'Cloudflare Web Analytics', 'Content Delivery Network', 'Fireblade', 'Google', 'Google Cloud CDN', 'Google Cloud DNS', 'Google Cloud Storage', 'Google Font API', 'Google My Business', 'KVH', 'Nuxt.js', 'QUIC', 'UTF-8']"
samuelsamake.com,Social Media Icons,,,65,34169,2026-09-12T15:20:56.481344666Z,"['AWS WAF Challenge', 'Alternate Protocol', 'Amazon WAF Blocked', 'Authorize.net', 'CDN JS', 'Cloudflare', 'Cloudflare CDN', 'Cloudflare Web Analytics', 'Content Delivery Network', 'Fireblade', 'Font Awesome', 'Google', 'Google Cloud CDN', 'Google Cloud DNS', 'Google Cloud Storage', 'Google Font API', 'Instagram Follow Button', 'No-Q', 'Nuxt.js', 'Tailwind CSS', 'Thank You', 'UTF-8', 'YouTube']"
wealthprop.com.au,Book Your Call,,AUS,55,463,2026-09-12T15:20:56.453522063Z,"['Alternate Protocol', 'Authorize.net', 'Cloudflare', 'Cloudflare Web Analytics', 'Content Delivery Network', 'Google', 'Google Cloud CDN', 'Google Cloud DNS', 'Google Cloud Storage', 'Google Font API', 'Nuxt.js', 'Thank You', 'UTF-8']"
dplayapparel.com,DPlayApparel,,GBR,62,988,2026-09-12T15:20:56.452782129Z,"['Alternate Protocol', 'Aruba', 'Cloudflare', 'Cloudflare CDN', 'Content Delivery Network', 'IcoMoon', 'Nuxt.js', 'SiteW', 'Subversion', 'Tailwind CSS', 'Umbler', 'eLand', 'shadcn ui']"
dealeyadvisorycouncils.com,Home | NikiDealey.com,,USA,87,18932,2026-09-12T15:20:56.446981255Z,"['Alternate Protocol', 'Authorize.net', 'Better Lead Generation Services', 'Calendly', 'Cloudflare', 'Cloudflare Web Analytics', 'Content Delivery Network', 'Fireblade', 'Google', 'Google Cloud CDN', 'Google Cloud DNS', 'Google Cloud Storage', 'Google Font API', 'Google My Business', 'Instagram Follow Button', 'Nuxt.js', 'Twitter Ads', 'UTF-8']"
fitness-academie.fr,Accueil - Fitness Académie,,FRA,72,7180,2026-09-12T15:11:08.484607807Z,"['Alternate Protocol', 'Authorize.net', 'Cloudflare', 'Cloudflare Web Analytics', 'Content Delivery Network', 'Facebook Conversion Tracking', 'Facebook Pixel', 'Facebook Reseller', 'Facebook Tag API', 'Google', 'Google Analytics', 'Google Cloud CDN', 'Google Cloud DNS', 'Google Cloud Storage', 'Google Conversion Tracking', 'Google Font API', 'Google Tag Manager', 'Hotjar', 'Instagram Follow Button', 'Nuxt.js', 'OpenAI', 'UTF-8', 'YouTube']"
gomissionarynetwork.org,Go Missionary Network Home Page,,,52,1711,2026-09-12T15:11:08.481772856Z,"['Alternate Protocol', 'Authorize.net', 'Cloudflare', 'Cloudflare Web Analytics', 'Content Delivery Network', 'Google', 'Google Cloud CDN', 'Google Cloud DNS', 'Google Cloud Storage', 'Google Font API', 'HighLevel', 'Instagram Follow Button', 'Nuxt.js', 'UTF-8', 'Unsplash', 'YouTube']"
artesianstrategicholdings.com,Artesian Strategic Holdings | Home,,,70,25740,2026-09-12T15:11:08.465982757Z,"['Alternate Protocol', 'Authorize.net', 'Cloudflare', 'Cloudflare Web Analytics', 'Content Delivery Network', 'Fireblade', 'Google', 'Google Cloud CDN', 'Google Cloud DNS', 'Google Cloud Storage', 'Google Font API', 'Nuxt.js', 'Prospective', 'UTF-8']"
cdmpictures.com,CDM Pictures,,PHL,82,68740,2026-09-12T14:58:48.679445885Z,"['AWS WAF Challenge', 'Alternate Protocol', 'Amazon WAF Blocked', 'Apture Linking Platform', 'Authorize.net', 'Cloudflare', 'Cloudflare CDN', 'Cloudflare Web Analytics', 'Content Delivery Network', 'DAV', 'Google', 'Google Cloud CDN', 'Google Cloud DNS', 'Google Cloud Storage', 'Google Font API', 'Nuxt.js', 'SMC', 'Tailwind CSS', 'UTF-8', 'YouTube']"
tnailsspahouston.com,"T Nails Spa - Nail salon in Houston, TX 77040",,USA,72,46540,2026-09-12T14:50:21.854296008Z,"['Cloudflare', 'Express', 'Google Cloud DNS', 'Google Font API', 'Google My Business', 'Microdata for Google Shopping', 'Nuxt.js', 'Open Collective', 'QUIC', 'Schema Plugin', 'UTF-8', 'Vector Internet Services', 'Vignette OpenText', 'Yellow Pages Canada', 'Yelp Badge']"
chantellevandermerwe.co.za,Chantelle van der Merwe | attooh! Your Wealth Solution,,,77,20054,2026-09-12T14:50:21.829770049Z,"['Alternate Protocol', 'Amazon S3 CDN', 'Authorize.net', 'Bunny Fonts', 'Content Delivery Network', 'Financial Services Guide', 'Fireblade', 'GZIP Module', 'Google', 'Google Cloud CDN', 'Google Cloud DNS', 'Google Cloud Storage', 'Google Font API', 'No-Q', 'Nuxt.js', 'QUIC', 'Storyblocks', 'UTF-8', 'Unsplash', 'Vimeo', 'Vimeo CDN']"
summitpros.co.za,Food Processing Integration | Summit Process Solutions,,,62,18740,2026-09-12T14:50:21.820363486Z,"['Alternate Protocol', 'Authorize.net', 'Cloudflare', 'Cloudflare Web Analytics', 'Content Delivery Network', 'Express', 'Fireblade', 'Google', 'Google Cloud CDN', 'Google Cloud DNS', 'Google Cloud Storage', 'Google Font API', 'Google My Business', 'Nuxt.js', 'UTF-8']"
kingofevictions.com,Michael Rubi | King Of Evictions,,USA,70,20240,2026-09-12T14:50:21.816470356Z,"['Adult Content', 'Alternate Protocol', 'Authorize.net', 'Cloudflare', 'Cloudflare Web Analytics', 'Content Delivery Network', 'DAV', 'Fireblade', 'Google', 'Google Cloud CDN', 'Google Cloud DNS', 'Google Cloud Storage', 'Google Font API', 'Google My Business', 'Instagram Follow Button', 'NFOrce Internet', 'Nuxt.js', 'UTF-8']"
theadvisorgrowthsystem.com,The Advisor Growth System,,,72,18860,2026-09-12T14:50:21.795511818Z,"['Adult Content', 'Alternate Protocol', 'Authorize.net', 'Cloudflare', 'Cloudflare Web Analytics', 'Content Delivery Network', 'Fireblade', 'Google', 'Google Cloud CDN', 'Google Cloud DNS', 'Google Cloud Storage', 'Google Font API', 'Nuxt.js', 'ScheduleOnce', 'UTF-8']"
vbottombs.com,Small Business Solutions Consultants,,,77,33740,2026-09-12T14:35:28.609990082Z,"['AWS WAF Challenge', 'Alternate Protocol', 'Authorize.net', 'Cloudflare', 'Cloudflare Web Analytics', 'Content Delivery Network', 'Fireblade', 'Google', 'Google Analytics', 'Google Cloud CDN', 'Google Cloud DNS', 'Google Cloud Storage', 'Google Font API', 'Google My Business', 'Google Tag Manager', 'Nuxt.js', 'QUIC', 'UTF-8']"
reliant-marketing.com,Reliant Marketing,,,62,18779,2026-09-12T14:25:22.578462522Z,"['Alternate Protocol', 'Authorize.net', 'Cloudflare', 'Cloudflare Web Analytics', 'Coming Soon Page', 'Content Delivery Network', 'Fireblade', 'Google', 'Google Cloud CDN', 'Google Cloud DNS', 'Google Cloud Storage', 'Google Font API', 'Nuxt.js', 'UTF-8']"
ninetyeightelements.com.au,CommuniSync by Ninety Eight Elements,,,67,18799,2026-09-12T14:25:22.562397059Z,"['Alternate Protocol', 'Authorize.net', 'Better Lead Generation Services', 'Cloudflare', 'Cloudflare Web Analytics', 'Content Delivery Network', 'Cornerstone', 'Facebook Conversion Tracking', 'Facebook Pixel', 'Facebook Reseller', 'Facebook Tag API', 'Fireblade', 'Google', 'Google Cloud CDN', 'Google Cloud DNS', 'Google Cloud Storage', 'Google Font API', 'Nuxt.js', 'QUIC', 'Thank You', 'UTF-8', 'shadcn ui']"
ccbwsharpening.com,Cory Christopher Blade Works,,,50,663,2026-09-12T14:25:22.552843899Z,"['AWS WAF Challenge', 'Alternate Protocol', 'Amazon WAF Blocked', 'Authorize.net', 'Bunny Fonts', 'Cloudflare', 'Cloudflare CDN', 'Cloudflare Web Analytics', 'Content Delivery Network', 'Facebook Conversion Tracking', 'Facebook Pixel', 'Facebook Reseller', 'Facebook Tag API', 'Google', 'Google Cloud CDN', 'Google Cloud DNS', 'Google Cloud Storage', 'Google Font API', 'Nuxt.js', 'Tailwind CSS', 'UTF-8']"
clicksuitee.com,"TapBlitz - Master Click Endurance, Rhythm & Precision",,,67,102868,2026-09-12T14:25:22.550382809Z,"['33 Across Direct', 'ADBRO Publisher', 'AMXRTB Publisher', 'AWS WAF Challenge', 'AdMedia', 'AdYouLike Direct', 'Adiiix Publisher', 'Adtelligent Reseller', 'Adult Content', 'Advertising.com', 'AlgoriX Publisher', 'Amazon', 'Amazon APS Direct', 'AppNexus', 'BidFuse Publisher', 'Brid.tv', 'Castify.ai Publisher', 'Chocolate Direct', 'Cloudflare', 'Cloudflare CDN', 'Cloudflare Web Analytics', 'Content Delivery Network', 'ContextWeb', 'Conversant Media', 'Criteo', 'DynAdmic Direct', 'Fireblade', 'FreeWheel Direct', 'Fyber Direct', 'Google Adsense', 'Google Funding Choices', 'Google Matched Content', 'Google My Business', 'Google Reseller', 'GumGum', 'Header Tag by Index Exchange', 'IcoMoon', 'Impactify Publisher', 'Improve Digital', 'Inmobi', 'Kargo Direct', 'LKQD Direct', 'Lijit Reseller', 'LoopMe Publisher', 'Media.net', 'Nuxt.js', 'OPA Marketplace Publisher', 'OSS CDN', 'Openads/OpenX', 'Outbrain Direct', 'Publiffy Publisher', 'Pubmatic', 'RM Education', 'Smaato Direct', 'SmartAdServer Direct', 'SmartyAds Direct', 'Telligent', 'The MediaGrid Reseller', 'Truvid Reseller', 'UTF-8', 'VDO.AI Publisher', 'Xapads Direct', 'Yandex Hosting', 'Yieldlab', 'adingo', 'shadcn ui', 'ucfunnel Direct', 'vidoomy Direct']"
powherfit.com,Sign Up with PowHer.fit,,,62,18740,2026-09-12T14:25:22.546133925Z,"['AWS WAF Challenge', 'Alternate Protocol', 'Amazon WAF Blocked', 'Authorize.net', 'Cloudflare', 'Cloudflare CDN', 'Cloudflare Web Analytics', 'Content Delivery Network', 'Google', 'Google Cloud CDN', 'Google Cloud DNS', 'Google Cloud Storage', 'Google Font API', 'Nuxt.js', 'Tailwind CSS', 'UTF-8']"
fusionflowsoftware.com,"Fusion Flow Software | D365, AI & Azure Experts for Enterprises",,USA,87,33932,2026-09-12T14:14:42.145706136Z,"['AWS WAF Challenge', 'Alternate Protocol', 'Authorize.net', 'CDN JS', 'Calendly', 'Cloudflare', 'Cloudflare CDN', 'Cloudflare Web Analytics', 'Content Delivery Network', 'ElementUI', 'Fireblade', 'Google', 'Google Cloud CDN', 'Google Cloud DNS', 'Google Cloud Storage', 'Google Font API', 'Instagram Follow Button', 'Nuxt.js', 'UTF-8', 'jsDelivr', 'shadcn ui']"
koyodev.com,Kōyō Dev,,,57,3,2026-09-12T14:14:42.115173249Z,"['Content Delivery Network', 'GitHub Hosting', 'Google Cloud DNS', 'Google Font API', 'Netlify', 'Nuxt.js', 'Python', 'Tailwind CSS', 'UTF-8', 'shadcn ui']"
coachingskalieren.de,Terminbestätigung,,,50,8286,2026-09-12T14:02:59.783734124Z,"['Alternate Protocol', 'Authorize.net', 'Bunny Fonts', 'Cloudflare', 'Cloudflare Web Analytics', 'Content Delivery Network', 'Fireblade', 'Google', 'Google Cloud CDN', 'Google Cloud DNS', 'Google Cloud Storage', 'Instagram Follow Button', 'Nuxt.js', 'Proven Expert', 'UTF-8', 'YouTube', 'shadcn ui']"
divorceisnotadestination.com,Divorce Is Not A Destination,,,67,40280,2026-09-12T14:02:59.756990253Z,"['AWS WAF Challenge', 'Alternate Protocol', 'Amazon Widgets', 'Authorize.net', 'ChamberMaster', 'Cloudflare', 'Cloudflare Web Analytics', 'Content Delivery Network', 'Ember.js', 'Fireblade', 'Google', 'Google Cloud CDN', 'Google Cloud DNS', 'Google Cloud Storage', 'Google Font API', 'Nuxt.js', 'UTF-8', 'Vimeo', 'Vimeo CDN', 'YouTube', 'shadcn ui']"
crystalnailsvoorhees.com,"Crystal Nails | Premier nail salon Voorhees Township, NJ 08043",,DEU,82,760,2026-09-12T13:53:25.725047492Z,"['Cloudflare', 'Google Cloud DNS', 'Google Font API', 'Google My Business', 'Google Related Website Sites', 'Instagram Follow Button', 'Microdata for Google Shopping', 'Nuxt.js', 'QUIC', 'Schema Plugin', 'Tailwind CSS', 'UTF-8', 'Uponit', 'YouTube']"
madisonbennet.com,21 Psychological Triggers to Make Her Beg You for a Second Chance,,,67,18740,2026-09-12T13:53:25.706709705Z,"['Alternate Protocol', 'Amazon WAF Blocked', 'Authorize.net', 'Cloudflare', 'Cloudflare Web Analytics', 'Content Delivery Network', 'Fireblade', 'Google', 'Google Cloud CDN', 'Google Cloud DNS', 'Google Cloud Storage', 'Google Font API', 'Nuxt.js', 'UTF-8']"
audrawhitenotary.com,Audra White,,USA,72,18740,2026-09-12T13:39:42.395286157Z,"['Alternate Protocol', 'Authorize.net', 'Cloudflare', 'Cloudflare Web Analytics', 'Content Delivery Network', 'Fireblade', 'Google', 'Google Cloud CDN', 'Google Cloud DNS', 'Google Cloud Storage', 'Google Font API', 'Instagram Follow Button', 'Nuxt.js', 'UTF-8']"
shafayatoshman.ca,Muhammad Shafayat Oshman - Lecturer & Researcher - Muhammad Shafayat Oshman,,BGD,67,228,2026-09-12T13:39:42.383574282Z,"['Content Delivery Network', 'GitHub Hosting', 'Google My Business', 'Microdata for Google Shopping', 'Netlify', 'Nuxt.js', 'Twitter Ads', 'UTF-8', 'University or College']"
petroriente.com,Ciudad Comercial Petroriente | Oficinas y Eventos en Maturín,Ciudad Comercial Petroriente,VEN,92,20240,2026-09-12T13:30:47.173562768Z,"['Alternate Protocol', 'Authorize.net', 'Better Lead Generation Services', 'Cloudflare', 'Cloudflare Web Analytics', 'Content Delivery Network', 'Facebook Conversion Tracking', 'Facebook Pixel', 'Facebook Reseller', 'Facebook Tag API', 'Fireblade', 'Google', 'Google Analytics', 'Google Cloud CDN', 'Google Cloud DNS', 'Google Cloud Storage', 'Google Font API', 'Google Maps', 'Google My Business', 'Google Tag Manager', 'Instagram Follow Button', 'Microdata for Google Shopping', 'NFOrce Internet', 'Nuxt.js', 'Perl', 'UTF-8']"
lightmorelight.net,Residential Solar in Richmond & Virginia Beach - Light More Light,Light More Light! Solar,,72,53740,2026-09-12T13:30:47.169688521Z,"['AWS WAF Challenge', 'Alternate Protocol', 'Amazon WAF Blocked', 'Authorize.net', 'Cloudflare', 'Cloudflare CDN', 'Cloudflare Web Analytics', 'Content Delivery Network', 'Fireblade', 'Google', 'Google Cloud CDN', 'Google Cloud DNS', 'Google Cloud Storage', 'Google Font API', 'Google My Business', 'KVH', 'Microdata for Google Shopping', 'Nuxt.js', 'QUIC', 'Subversion', 'Tailwind CSS', 'UTF-8', 'shadcn ui']"
voyito.com,Voyito - Your Businesses Missing Link,,,62,18740,2026-09-12T13:30:47.157846421Z,"['Alternate Protocol', 'Authorize.net', 'Cloudflare', 'Cloudflare Web Analytics', 'Content Delivery Network', 'Fireblade', 'Google', 'Google Cloud CDN', 'Google Cloud DNS', 'Google Cloud Storage', 'Google Font API', 'Nuxt.js', 'QUIC', 'UTF-8']"
peterson-electricllc.com,"Electrician in Jamestown, NY | Peterson Electric, LLC","Peterson Electric, LLC",SHN,82,36584,2026-09-12T13:30:47.139136804Z,"['AWS WAF Challenge', 'Alternate Protocol', 'Amazon', 'Amazon CloudFront', 'Authorize.net', 'Better Lead Generation Services', 'CDN JS', 'CloudFront', 'Cloudflare', 'Cloudflare CDN', 'Cloudflare Web Analytics', 'Content Delivery Network', 'Elfsight', 'Fireblade', 'Google', 'Google Cloud CDN', 'Google Cloud DNS', 'Google Cloud Storage', 'Google Font API', 'Google My Business', 'Microdata for Google Shopping', 'Nuxt.js', 'Perl', 'QUIC', 'UTF-8', 'Unsplash']"
bowenmicro.farm,Delicious Microgreens,,USA,77,43740,2026-09-12T13:30:47.135241927Z,"['Alternate Protocol', 'Authorize.net', 'Cloudflare', 'Cloudflare Web Analytics', 'Content Delivery Network', 'Financial Services Guide', 'Fireblade', 'Google', 'Google Cloud CDN', 'Google Cloud DNS', 'Google Cloud Storage', 'Google Font API', 'K2F', 'Nuxt.js', 'QUIC', 'UTF-8']"
the19project.com,The 19 Project | Helping You Grow As A Leader,,GBR,87,33740,2026-09-12T13:18:01.515008135Z,"['AWS WAF Challenge', 'Alternate Protocol', 'Amazon WAF Blocked', 'Authorize.net', 'Bunny Fonts', 'Cloudflare', 'Cloudflare CDN', 'Cloudflare Web Analytics', 'Content Delivery Network', 'Fireblade', 'Google', 'Google Analytics', 'Google Cloud CDN', 'Google Cloud DNS', 'Google Cloud Storage', 'Google Font API', 'Google Tag Manager', 'Instagram Follow Button', 'Nuxt.js', 'Tailwind CSS', 'UTF-8', 'shadcn ui']"
cullmantrucksales.com,"Cullman Truck Sales | Used Semi Trucks, Box Trucks & Day Cabs",,USA,77,21240,2026-09-12T13:18:01.513606673Z,"['Alternate Protocol', 'Authorize.net', 'Cloudflare', 'Cloudflare Web Analytics', 'Content Delivery Network', 'Fireblade', 'Google', 'Google Cloud CDN', 'Google Cloud DNS', 'Google Cloud Storage', 'Google Font API', 'Google My Business', 'Idaq', 'Instagram Follow Button', 'Ntent', 'Nuxt.js', 'UTF-8', 'YouTube']"
oliomusic.com,Home | OLIO,,USA,72,19688,2026-09-12T13:18:01.507126942Z,"['AWS WAF Challenge', 'Alternate Protocol', 'Amazon WAF Blocked', 'Authorize.net', 'Bunny Fonts', 'Cloudflare', 'Cloudflare CDN', 'Cloudflare Web Analytics', 'Content Delivery Network', 'Google', 'Google Cloud CDN', 'Google Cloud DNS', 'Google Cloud Storage', 'Google Font API', 'Instagram Follow Button', 'Nuxt.js', 'Shopify', 'Tailwind CSS', 'UTF-8', 'YouTube']"
theultimatesaassummit.com,The Ultimate Saas Summit,,USA,87,18740,2026-09-12T13:18:01.491891641Z,"['Alternate Protocol', 'Authorize.net', 'Cloudflare', 'Cloudflare Web Analytics', 'Content Delivery Network', 'Fireblade', 'Google', 'Google Cloud CDN', 'Google Cloud DNS', 'Google Cloud Storage', 'Google Font API', 'Nuxt.js', 'UTF-8', 'shadcn ui']"
communitylifesupportinc.com,Community Life Support | STD Clinic,,USA,87,37304,2026-09-12T13:05:09.352496969Z,"['501c3 Status Nonprofit', 'AWS WAF Challenge', 'Alternate Protocol', 'Authorize.net', 'Cloudflare', 'Cloudflare Web Analytics', 'Content Delivery Network', 'Fireblade', 'Google', 'Google Analytics', 'Google Cloud CDN', 'Google Cloud DNS', 'Google Cloud Storage', 'Google Font API', 'Google My Business', 'Google Tag Manager', 'HighLevel', 'Nuxt.js', 'UTF-8']"
day3realty.com,Day 3 Realty | The Better Way to Sell Real Estate,,USA,87,19184,2026-09-12T13:05:09.333962753Z,"['Alternate Protocol', 'Amazon S3 CDN', 'Authorize.net', 'Cloudflare', 'Cloudflare Web Analytics', 'Content Delivery Network', 'Fireblade', 'Google', 'Google Analytics', 'Google Cloud CDN', 'Google Cloud DNS', 'Google Cloud Storage', 'Google Font API', 'Google Maps', 'Google Tag Manager', 'Investor Relations', 'Nuxt.js', 'QUIC', 'Storyblocks', 'UTF-8', 'Unsplash']"
haciendaoutdoors.com,"Custom Pools, Pool Renovation, Backyard Remodeling in Phoenix",,BRA,92,18740,2026-09-12T13:05:09.330130692Z,"['Alternate Protocol', 'Authorize.net', 'Cloudflare', 'Cloudflare Web Analytics', 'Content Delivery Network', 'DAV', 'Fireblade', 'Google', 'Google Analytics', 'Google Cloud CDN', 'Google Cloud DNS', 'Google Cloud Storage', 'Google Font API', 'Google My Business', 'Google Tag Manager', 'Instagram Follow Button', 'Microdata for Google Shopping', 'Nuxt.js', 'QUIC', 'UTF-8', 'shadcn ui']"
cultureforces.com,CultureForce Consulting,,USA,77,35744,2026-09-12T13:05:09.324945622Z,"['AWS WAF Challenge', 'Alternate Protocol', 'Apture Linking Platform', 'Authorize.net', 'Calendly', 'Cloudflare', 'Cloudflare Web Analytics', 'Content Delivery Network', 'DAV', 'Fireblade', 'Google', 'Google Cloud CDN', 'Google Cloud DNS', 'Google Cloud Storage', 'Google Font API', 'Instagram Follow Button', 'NFOrce Internet', 'Nuxt.js', 'Squarespace', 'UTF-8', 'Underscores', 'University or College', 'shadcn ui']"
grid2050.ch,Home | Grid2050,,,42,12500,2026-09-12T12:55:58.358395169Z,"['Content Delivery Network', 'Fireblade', 'KVH', 'Nuxt.js', 'Tailwind CSS', 'UTF-8', 'Vercel', 'shadcn ui']"
iexdg.com,The Training Worked. The Culture Did Not Change. | IEXDG,Integral Exploration Development Group,,82,33740,2026-09-12T12:55:58.33949885Z,"['AWS WAF Challenge', 'Alternate Protocol', 'Apture Linking Platform', 'Authorize.net', 'Cloudflare', 'Cloudflare Web Analytics', 'Content Delivery Network', 'Fireblade', 'Google', 'Google Analytics', 'Google Cloud CDN', 'Google Cloud DNS', 'Google Cloud Storage', 'Google Font API', 'Google Tag Manager', 'Instagram Follow Button', 'Microdata for Google Shopping', 'Microsoft Clarity', 'Nuxt.js', 'Subversion', 'UTF-8', 'YouTube', 'shadcn ui']"
unleashyourbizlive.com,Unleash Your Business Live,,USA,80,71820,2026-09-12T12:55:58.333102082Z,"['Alternate Protocol', 'Amazon', 'Aruba', 'Authorize.net', 'Cloudflare', 'Cloudflare Web Analytics', 'Content Delivery Network', 'DAV', 'Facebook Conversion Tracking', 'Facebook Pixel', 'Facebook Reseller', 'Facebook Tag API', 'Fireblade', 'Google', 'Google Cloud CDN', 'Google Cloud DNS', 'Google Cloud Storage', 'Google Font API', 'Nuxt.js', 'Perl', 'QUIC', 'SMC', 'UTF-8', 'Vercel', 'Vimeo', 'eLand', 'shadcn ui']"
eliteceilingsolutions.com,Acoustical Ceiling Contractors in North Carolina | Elite Ceiling Solutions LLC,,USA,82,20948,2026-09-12T12:42:23.378769239Z,"['Alternate Protocol', 'Content Delivery Network', 'Google Related Website Sites', 'Instagram Follow Button', 'KVH', 'Microdata for Google Shopping', 'Netlify', 'Nuxt.js', 'QUIC', 'Twitter Ads', 'UTF-8', 'University or College']"
swanweby.com,AI Marketing for Local Businesses. Automate Customer Engagement & Free Up Time,,USA,77,38740,2026-09-12T12:42:23.344053318Z,"['Alternate Protocol', 'Apture Linking Platform', 'Authorize.net', 'Cloudflare', 'Cloudflare Web Analytics', 'Content Delivery Network', 'Fireblade', 'Google', 'Google Cloud CDN', 'Google Cloud DNS', 'Google Cloud Storage', 'Google Font API', 'Instagram Follow Button', 'M247', 'Nuxt.js', 'Perl', 'QUIC', 'Thank You', 'UTF-8', 'YouTube', 'shadcn ui']"
funfoxfinds.com,Fun Fox Finds by Rachelle Fox Moi,,,62,18740,2026-09-12T12:29:43.916789423Z,"['Alternate Protocol', 'Authorize.net', 'Cloudflare', 'Cloudflare Web Analytics', 'Content Delivery Network', 'Fireblade', 'Google', 'Google Cloud CDN', 'Google Cloud DNS', 'Google Cloud Storage', 'Google Font API', 'Instagram Follow Button', 'Nuxt.js', 'UTF-8']"
themarketing1.com,"Digital Marketing and Advertising Agency Elk Grove Village IL – SMO, SEO, PPC Services Company for Small Business in Arlington Heights & Elgin IL",Shane Worley The Marketing 1 LLC,USA,82,35240,2026-09-12T12:29:43.904674854Z,"['AWS WAF Challenge', 'Alternate Protocol', 'Authorize.net', 'Calendly', 'Cloudflare', 'Cloudflare Web Analytics', 'Content Delivery Network', 'CrazyEgg', 'Facebook Conversion Tracking', 'Facebook Pixel', 'Facebook Reseller', 'Facebook Tag API', 'Fireblade', 'Google', 'Google Analytics', 'Google Cloud CDN', 'Google Cloud DNS', 'Google Cloud Storage', 'Google Font API', 'Google My Business', 'Google Related Website Sites', 'Google Tag Manager', 'ID Services', 'Instagram Follow Button', 'Microdata for Google Shopping', 'Nuxt.js', 'Sitelinks Search Box', 'Subversion', 'Twitter Ads', 'UTF-8', 'YouTube']"
ctelectricalllc.com,My Website,,,45,426,2026-09-12T12:29:43.892284781Z,"['BrandCrowd Website Builder', 'CoreUI', 'GZIP Module', 'Google', 'Google Cloud DNS', 'Google Font API', 'IcoMoon', 'Nuxt.js', 'QUIC', 'UTF-8']"
fizioactive.lv,Online vingrošanas platforma fizioterapeitu vadībā,,,77,18740,2026-09-12T12:29:43.884631602Z,"['Alternate Protocol', 'Authorize.net', 'Cloudflare', 'Cloudflare Web Analytics', 'Content Delivery Network', 'Facebook Conversion Tracking', 'Facebook Pixel', 'Facebook Reseller', 'Facebook Tag API', 'Fireblade', 'Google', 'Google Cloud CDN', 'Google Cloud DNS', 'Google Cloud Storage', 'Google Font API', 'Instagram Follow Button', 'Nuxt.js', 'QUIC', 'Twitter Ads', 'UTF-8', 'YouTube', 'shadcn ui']"
betizyscasino.com,"Betizy Casino: Games, Bonuses and Live Dealer Highlights",,,72,2648,2026-09-12T12:29:43.878053954Z,"['Apture Linking Platform', 'Content Delivery Network', 'Digital Ocean Spaces', 'Gambling Content', 'Matomo', 'Matomo Tag Manager', 'Microdata for Google Shopping', 'Nginx', 'Nuxt.js', 'Pico CSS', 'QUIC', 'UTF-8']"
thewisdomofspiritdog.com,Wisdom of Spirit Dog,,GBR,67,38804,2026-09-12T12:19:47.777266151Z,"['AWS WAF Challenge', 'Alternate Protocol', 'Amazon WAF Blocked', 'Amazon Widgets', 'Authorize.net', 'Cloudflare', 'Cloudflare CDN', 'Cloudflare Web Analytics', 'Content Delivery Network', 'Express', 'Fireblade', 'Google', 'Google Cloud CDN', 'Google Cloud DNS', 'Google Cloud Storage', 'Google Font API', 'Google My Business', 'HighLevel', 'Instagram Follow Button', 'NFOrce Internet', 'Nuxt.js', 'Tailwind CSS', 'UTF-8', 'YouTube', 'shadcn ui']"
leaddec.com,WhatsApp for LeadDec,,GBR,67,18740,2026-09-12T12:19:47.762130417Z,"['Alternate Protocol', 'Authorize.net', 'Cloudflare', 'Cloudflare Web Analytics', 'Content Delivery Network', 'Fireblade', 'Google', 'Google Cloud CDN', 'Google Cloud DNS', 'Google Cloud Storage', 'Google Font API', 'Nuxt.js', 'UTF-8']"
nolimitsvibe.com,Live a No Limits Life with Karen Luniw,,,67,22304,2026-09-12T12:19:47.756251489Z,"['AWS WAF Challenge', 'Alternate Protocol', 'Amazon Widgets', 'Authorize.net', 'Cloudflare', 'Cloudflare Web Analytics', 'Content Delivery Network', 'Google', 'Google Cloud CDN', 'Google Cloud DNS', 'Google Cloud Storage', 'Google Font API', 'HighLevel', 'Instagram Follow Button', 'Nuxt.js', 'QUIC', 'Telegram', 'UTF-8', 'YouTube']"
graycopaint.com,Home Page - GrayCO Paint,,SWE,77,18824,2026-09-12T12:19:47.747677401Z,"['Alternate Protocol', 'Authorize.net', 'Cloudflare', 'Cloudflare Web Analytics', 'Content Delivery Network', 'DAV', 'Fireblade', 'Google', 'Google Cloud CDN', 'Google Cloud DNS', 'Google Cloud Storage', 'Google Font API', 'Nuxt.js', 'UTF-8', 'Unsplash']"
straight2uwraps.com,Straight 2U Wraps,,,42,318,2026-09-12T12:19:47.732483639Z,"['BrandCrowd Website Builder', 'CoreUI', 'GZIP Module', 'Google', 'Google Cloud DNS', 'Google Font API', 'Instagram Follow Button', 'Nuxt.js', 'QUIC', 'Raygun', 'Twitter Ads', 'UTF-8']"
overflowassetsgroup.com,SC OVERFLOW,,NZL,72,33740,2026-09-12T12:19:47.708831704Z,"['AWS WAF Challenge', 'Alternate Protocol', 'Amazon WAF Blocked', 'Authorize.net', 'Cloudflare', 'Cloudflare CDN', 'Cloudflare Web Analytics', 'Content Delivery Network', 'Fireblade', 'Google', 'Google Cloud CDN', 'Google Cloud DNS', 'Google Cloud Storage', 'Google Font API', 'Nuxt.js', 'Tailwind CSS', 'UTF-8']"
dreamxinnovation.com,Landing Page,,,62,53960,2026-09-12T12:19:47.705902301Z,"['Alternate Protocol', 'Apture Linking Platform', 'Authorize.net', 'Cloudflare', 'Cloudflare Web Analytics', 'Content Delivery Network', 'Google', 'Google Cloud CDN', 'Google Cloud DNS', 'Google Cloud Storage', 'Google Font API', 'Nuxt.js', 'SMC', 'Thank You', 'UTF-8', 'Zoom Video Conferencing', 'shadcn ui']"
winwaybase.com,Winway - Mindful Business Environment,,HUN,77,19268,2026-09-12T12:06:46.799485503Z,"['Cloudinary', 'Content Delivery Network', 'DAV', 'Financial Services Guide', 'Fireblade', 'Google Analytics', 'Google Cloud DNS', 'Google Font API', 'Google Tag Manager', 'Netlify', 'Nuxt.js', 'QUIC', 'Tailwind CSS', 'UTF-8']"
casinokaicasino.com,"Casinokai Casino 2026 - Signup, Bonuses & Payouts",,,67,2648,2026-09-12T12:06:46.792101637Z,"['Amazon WAF Blocked', 'Apture Linking Platform', 'Content Delivery Network', 'Digital Ocean Spaces', 'Gambling Content', 'Matomo', 'Matomo Tag Manager', 'Microdata for Google Shopping', 'Nginx', 'Nuxt.js', 'Pico CSS', 'QUIC', 'UTF-8']"
lakenormanleadsystems.com,Lead Capture & Call Automation for Local Businesses | Lake Norman,,,77,53740,2026-09-12T12:06:46.78684686Z,"['AWS WAF Challenge', 'Alternate Protocol', 'Amazon WAF Blocked', 'Apture Linking Platform', 'Authorize.net', 'Better Lead Generation Services', 'Cloudflare', 'Cloudflare CDN', 'Cloudflare Web Analytics', 'Content Delivery Network', 'Fireblade', 'Google', 'Google Cloud CDN', 'Google Cloud DNS', 'Google Cloud Storage', 'Google Font API', 'Instagram Follow Button', 'KVH', 'Nuxt.js', 'Tailwind CSS', 'UTF-8', 'shadcn ui']"
unfinishedathletics.com,Unfinished Athletics,,USA,82,33824,2026-09-12T11:55:56.87190215Z,"['AWS WAF Challenge', 'Alternate Protocol', 'Apture Linking Platform', 'Authorize.net', 'Cloudflare', 'Cloudflare Web Analytics', 'Content Delivery Network', 'DAV', 'Facebook Conversion Tracking', 'Facebook Pixel', 'Facebook Reseller', 'Facebook Tag API', 'Fireblade', 'Google', 'Google Analytics', 'Google Cloud CDN', 'Google Cloud DNS', 'Google Cloud Storage', 'Google Font API', 'Google Tag Manager', 'Instagram Follow Button', 'LinkedIn Insights', 'LinkedIn Pixel', 'Nuxt.js', 'UTF-8', 'Unsplash', 'WordPress', 'YouTube', 'jsDelivr', 'shadcn ui']"
nanceortho.com,"Nance Orthodontics - Dr. Brady Nance - Eagle Mountain, Utah",,,62,18840,2026-09-12T11:55:56.863295831Z,"['Alternate Protocol', 'Authorize.net', 'Bunny Fonts', 'Cloudflare', 'Cloudflare Web Analytics', 'Content Delivery Network', 'Express', 'Facebook Conversion Tracking', 'Facebook Pixel', 'Facebook Reseller', 'Facebook Tag API', 'Fireblade', 'Google', 'Google Analytics', 'Google Cloud CDN', 'Google Cloud DNS', 'Google Cloud Storage', 'Google Conversion Tracking', 'Google My Business', 'Google Tag Manager', 'Instagram Follow Button', 'Nuxt.js', 'Pony Express', 'UTF-8']"
crowncoastalcrafts.com,Crown Coastal Crafts,,,42,270,2026-09-12T11:47:59.323991699Z,"['BrandCrowd Website Builder', 'CoreUI', 'GZIP Module', 'Google', 'Google Cloud DNS', 'Google Font API', 'Instagram Follow Button', 'Nuxt.js', 'QUIC', 'Twitter Ads', 'UTF-8']"
terexov.com,terexov - implement IT solutions in your business,terexov - implement IT solutions in your business,ISR,77,7192,2026-09-12T11:47:59.263015308Z,"['Calendly', 'GZIP Module', 'GitHub Hosting', 'Microdata for Google Shopping', 'Nginx', 'Nuxt.js', 'Silicon Valley Web Hosting', 'Tailwind CSS', 'Telegram', 'UTF-8', 'Vector Internet Services']"
legacy360spin.com,Book Your Photo 360 Booth Today!,,USA,72,26340,2026-09-12T11:47:59.25582987Z,"['Alternate Protocol', 'Apture Linking Platform', 'Authorize.net', 'Cloudflare', 'Cloudflare Web Analytics', 'Content Delivery Network', 'Fireblade', 'Google', 'Google Cloud CDN', 'Google Cloud DNS', 'Google Cloud Storage', 'Google Font API', 'Nuxt.js', 'RM Education', 'UTF-8', 'shadcn ui']"
avictoriouswomanministers.com,Storefront,,SYC,65,18860,2026-09-12T11:34:16.636426464Z,"['AWS WAF Challenge', 'Alternate Protocol', 'Amazon WAF Blocked', 'Authorize.net', 'Canva Websites', 'Cloudflare', 'Cloudflare CDN', 'Cloudflare Web Analytics', 'Content Delivery Network', 'Google', 'Google Cloud CDN', 'Google Cloud DNS', 'Google Cloud Storage', 'Google Font API', 'Instagram Follow Button', 'Nuxt.js', 'Tailwind CSS', 'UTF-8']"
stuntinsolutions.com,Stuntin Solutions,,,62,33740,2026-09-12T11:34:16.61044428Z,"['AWS WAF Challenge', 'Alternate Protocol', 'Amazon WAF Blocked', 'Apture Linking Platform', 'Authorize.net', 'Cloudflare', 'Cloudflare CDN', 'Cloudflare Web Analytics', 'Content Delivery Network', 'Fireblade', 'Free Call', 'Google', 'Google Cloud CDN', 'Google Cloud DNS', 'Google Cloud Storage', 'Google Font API', 'ID Services', 'Instagram Follow Button', 'Nuxt.js', 'QUIC', 'Tailwind CSS', 'Thank You', 'UTF-8', 'shadcn ui']"
writercasestudy.com,Upgrade your author career by writing and selling info-products,,,67,6787,2026-09-12T11:23:21.351366806Z,"['Alternate Protocol', 'AnyChat', 'Authorize.net', 'Bunny Fonts', 'Cloudflare', 'Cloudflare Web Analytics', 'Content Delivery Network', 'Cornerstone', 'Facebook Conversion Tracking', 'Facebook Pixel', 'Facebook Reseller', 'Facebook Tag API', 'Google', 'Google Cloud CDN', 'Google Cloud DNS', 'Google Cloud Storage', 'Hootsuite Badge', 'Nuxt.js', 'Thank You', 'UTF-8', 'shadcn ui']"
summitchiropracticcs.com,"Summit Chiropractic - Dr. Michael DiGregorio, D.C., Colorado Springs Chiropractor",,ZAF,77,19514,2026-09-12T11:23:21.339394404Z,"['Alternate Protocol', 'Authorize.net', 'Cloudflare', 'Cloudflare Web Analytics', 'Content Delivery Network', 'Fireblade', 'GTranslate', 'Google', 'Google Analytics', 'Google Cloud CDN', 'Google Cloud DNS', 'Google Cloud Storage', 'Google Font API', 'Google My Business', 'Google Tag Manager', 'Instagram Follow Button', 'Nuxt.js', 'UTF-8', 'Unsplash', 'UserWay', 'YouTube']"
faithful-clean.com,"Faithful & Clean | Professional Cleaning Services in Ludington, MI",,USA,87,34070,2026-09-12T11:23:21.330011065Z,"['AWS WAF Challenge', 'Alternate Protocol', 'Amazon WAF Blocked', 'Authorize.net', 'Cloudflare', 'Cloudflare CDN', 'Cloudflare Web Analytics', 'Content Delivery Network', 'DAV', 'Fireblade', 'Google', 'Google Cloud CDN', 'Google Cloud DNS', 'Google Cloud Storage', 'Google Font API', 'Google My Business', 'Instagram Follow Button', 'No-Q', 'Nuxt.js', 'QUIC', 'Tailwind CSS', 'UTF-8', 'YouTube', 'shadcn ui']"
portuguesezen.lu,Portuguese Zen Architecture,,USA,77,22363,2026-09-12T11:13:09.133541487Z,"['Alternate Protocol', 'Authorize.net', 'Cloudflare', 'Cloudflare Web Analytics', 'Content Delivery Network', 'Cornerstone', 'Fireblade', 'Google', 'Google Cloud CDN', 'Google Cloud DNS', 'Google Cloud Storage', 'Google Font API', 'HighLevel', 'Instagram Follow Button', 'Nuxt.js', 'QUIC', 'UTF-8']"
gmail-jail.com,Gmail Jail - Get Compliant,,,77,33740,2026-09-12T11:02:06.096112309Z,"['AWS WAF Challenge', 'Alternate Protocol', 'Authorize.net', 'Cloudflare', 'Cloudflare Web Analytics', 'Content Delivery Network', 'Fireblade', 'Google', 'Google Cloud CDN', 'Google Cloud DNS', 'Google Cloud Storage', 'Google Font API', 'Instagram Follow Button', 'Nuxt.js', 'QUIC', 'UTF-8', 'YouTube']"
onedaysolutions.co,One Day Solutions,,,52,12963,2026-09-12T11:02:06.08345883Z,"['Alternate Protocol', 'Authorize.net', 'Cloudflare', 'Cloudflare Web Analytics', 'Content Delivery Network', 'Fireblade', 'Google', 'Google Cloud CDN', 'Google Cloud DNS', 'Google Cloud Storage', 'Google Font API', 'M247', 'Nuxt.js', 'Thank You', 'UTF-8']"
abetterplaceservices.com,Senior Living Placement in Austin — A Better Place Services,A Better Place Services,ZAF,77,3740,2026-09-12T11:02:06.064361408Z,"['Alternate Protocol', 'Authorize.net', 'Content Delivery Network', 'Express', 'GZIP Module', 'Google', 'Google Cloud CDN', 'Google Cloud DNS', 'Google Cloud Storage', 'Google Font API', 'Google Maps', 'Google My Business', 'Microdata for Google Shopping', 'Nuxt.js', 'QUIC', 'Thank You', 'UTF-8', 'University or College', 'YouTube']"
amplifymarketer.com,Affordable Marketing Excellence: Your Partner in Growth | Amplify,,,62,18740,2026-09-12T11:02:06.062945645Z,"['Alternate Protocol', 'Authorize.net', 'Cloudflare', 'Cloudflare Web Analytics', 'Content Delivery Network', 'Facebook Conversion Tracking', 'Facebook Pixel', 'Facebook Reseller', 'Facebook Tag API', 'Fireblade', 'Google', 'Google Analytics', 'Google Cloud CDN', 'Google Cloud DNS', 'Google Cloud Storage', 'Google Font API', 'Google Tag Manager', 'Microsoft Clarity', 'Nuxt.js', 'UTF-8']"
digitalproofmarketing.com,Digital Proof Marketing LLC | Home,,,60,10163,2026-09-12T11:02:06.04422467Z,"['Alternate Protocol', 'Authorize.net', 'Bunny Fonts', 'Canva Websites', 'Cloudflare', 'Cloudflare Web Analytics', 'Content Delivery Network', 'DAV', 'Financial Services Guide', 'Fireblade', 'Google', 'Google Cloud CDN', 'Google Cloud DNS', 'Google Cloud Storage', 'Nuxt.js', 'RM Education', 'Typeform', 'UTF-8']"
summit-life-partners.com,Predictable APV,,,52,7963,2026-09-12T10:50:44.033697729Z,"['Alternate Protocol', 'Authorize.net', 'Cloudflare', 'Cloudflare Web Analytics', 'Content Delivery Network', 'Fireblade', 'Google', 'Google Cloud CDN', 'Google Cloud DNS', 'Google Cloud Storage', 'Google Font API', 'Instagram Follow Button', 'Nuxt.js', 'UTF-8', 'YouTube']"
salemarchurch.com,"Salem Praise and Worship Fellowship | Church in Salem, Arkansas",,,77,38799,2026-09-12T10:50:44.019966357Z,"['Alternate Protocol', 'Authorize.net', 'Cloudflare', 'Cloudflare Web Analytics', 'Content Delivery Network', 'Cornerstone', 'Fireblade', 'Google', 'Google Cloud CDN', 'Google Cloud DNS', 'Google Cloud Storage', 'Google Font API', 'Google My Business', 'InitiativeS', 'KVH', 'Nuxt.js', 'UTF-8', 'YouTube']"
teamsbydesign.com,Property Management Virtual Assistants | Teams by Design,,GBR,77,22892,2026-09-12T10:43:09.533640511Z,"['AWS WAF Challenge', 'Alternate Protocol', 'Amazon WAF Blocked', 'Authorize.net', 'Cloudflare', 'Cloudflare CDN', 'Cloudflare Web Analytics', 'Content Delivery Network', 'EmbedSocial', 'Facebook Conversion Tracking', 'Facebook Pixel', 'Facebook Reseller', 'Facebook Tag API', 'Google', 'Google Analytics', 'Google Cloud CDN', 'Google Cloud DNS', 'Google Cloud Storage', 'Google Customer Reviews', 'Google Font API', 'Google Tag Manager', 'HighLevel', 'Instagram Follow Button', 'Microsoft Clarity', 'Nuxt.js', 'QUIC', 'Tailwind CSS', 'UTF-8', 'YouTube', 'shadcn ui']"
poolsbytrinrez.com,Trinrez Pools,,,55,7963,2026-09-12T10:43:09.528520236Z,"['Alternate Protocol', 'Authorize.net', 'Cloudflare', 'Cloudflare Web Analytics', 'Content Delivery Network', 'Fireblade', 'Google', 'Google Cloud CDN', 'Google Cloud DNS', 'Google Cloud Storage', 'Google Font API', 'Nuxt.js', 'UTF-8']"
anotherchancesoberliving.com,Home,,,55,8163,2026-09-12T10:43:09.526731231Z,"['AWS WAF Challenge', 'Alternate Protocol', 'Amazon WAF Blocked', 'Authorize.net', 'Cloudflare', 'Cloudflare CDN', 'Cloudflare Web Analytics', 'Content Delivery Network', 'Fireblade', 'Google', 'Google Cloud CDN', 'Google Cloud DNS', 'Google Cloud Storage', 'Google Font API', 'Nuxt.js', 'Tailwind CSS', 'Thank You', 'UTF-8']"
ignite30.co,Ignite 30 by Rising Father,,IND,77,35240,2026-09-12T10:43:09.526450548Z,"['AWS WAF Challenge', 'Alternate Protocol', 'Apture Linking Platform', 'Authorize.net', 'Cloudflare', 'Cloudflare Web Analytics', 'Content Delivery Network', 'Facebook Conversion Tracking', 'Facebook Pixel', 'Facebook Reseller', 'Facebook Tag API', 'Financial Services Guide', 'Fireblade', 'Google', 'Google Cloud CDN', 'Google Cloud DNS', 'Google Cloud Storage', 'Google Font API', 'NFOrce Internet', 'Nuxt.js', 'UTF-8']"
casitaelitelending.com,Home | AGJ Casitas LLC,,,62,18824,2026-09-12T10:43:09.495254928Z,"['Alternate Protocol', 'Authorize.net', 'Cloudflare', 'Cloudflare Web Analytics', 'Content Delivery Network', 'Fireblade', 'Google', 'Google Cloud CDN', 'Google Cloud DNS', 'Google Cloud Storage', 'Google Font API', 'Nuxt.js', 'QUIC', 'UTF-8', 'Unsplash']"
bmfcoaching.com,Brandon Mancine Fitness,,,67,33740,2026-09-12T10:28:31.043516247Z,"['AWS WAF Challenge', 'Alternate Protocol', 'Authorize.net', 'Cloudflare', 'Cloudflare Web Analytics', 'Content Delivery Network', 'Fireblade', 'Google', 'Google Cloud CDN', 'Google Cloud DNS', 'Google Cloud Storage', 'Google Font API', 'Google Forms', 'Google My Business', 'Instagram Follow Button', 'Nuxt.js', 'Thank You', 'UTF-8']"
plurfectsmarthomeinnovations.com,"Home Automation Austin,TX | Smart Homes | PLURfect Innovations",,USA,87,18740,2026-09-12T10:18:06.431917024Z,"['Alternate Protocol', 'Authorize.net', 'CDN JS', 'Cloudflare', 'Cloudflare CDN', 'Cloudflare Web Analytics', 'Content Delivery Network', 'Fireblade', 'Google', 'Google Cloud CDN', 'Google Cloud DNS', 'Google Cloud Storage', 'Google Font API', 'Google My Business', 'Instagram Follow Button', 'Investor Relations', 'Nuxt.js', 'UTF-8']"
equityshieldgroup.com,"EquityShield Group: Protecting Real Estate Interests in San Antonio, Texas",,,67,86263,2026-09-12T10:18:06.423769269Z,"['AWS WAF Challenge', 'Alternate Protocol', 'Amazon', 'Amazon WAF Blocked', 'Authorize.net', 'CDN JS', 'Cloudflare', 'Cloudflare CDN', 'Cloudflare Web Analytics', 'Coming Soon Page', 'Content Delivery Network', 'DAV', 'Fireblade', 'Google', 'Google Cloud CDN', 'Google Cloud DNS', 'Google Cloud Storage', 'Google Font API', 'Instagram Follow Button', 'Neighborhoods', 'Nuxt.js', 'Perl', 'QUIC', 'SMC', 'Tailwind CSS', 'UTF-8', 'Unsplash', 'YouTube']"
aviyahenterprise.co,Aviyah Enterprise: Expert Credit Consulting for Financial Freedom,,,67,33740,2026-09-12T10:18:06.408412847Z,"['AWS WAF Challenge', 'Alternate Protocol', 'Authorize.net', 'Cloudflare', 'Cloudflare Web Analytics', 'Content Delivery Network', 'DAV', 'Fireblade', 'Google', 'Google Cloud CDN', 'Google Cloud DNS', 'Google Cloud Storage', 'Google Font API', 'Instagram Follow Button', 'Nuxt.js', 'QUIC', 'Share Link', 'Thank You', 'UTF-8', 'YouTube']"
goodwillevangelicalmission.org,Goodwill Evangelical Mission USA,,USA,77,33740,2026-09-12T10:09:32.953039922Z,"['AWS WAF Challenge', 'Alternate Protocol', 'Authorize.net', 'Cloudflare', 'Cloudflare Web Analytics', 'Content Delivery Network', 'Fireblade', 'Google', 'Google Cloud CDN', 'Google Cloud DNS', 'Google Cloud Storage', 'Google Font API', 'InitiativeS', 'Nuxt.js', 'QUIC', 'UTF-8', 'University or College']"
businessgrowthangels.com,Scale Your Business to 7 Figures,,,77,33740,2026-09-12T10:09:32.95121248Z,"['AWS WAF Challenge', 'Alternate Protocol', 'Apture Linking Platform', 'Authorize.net', 'Cloudflare', 'Cloudflare Web Analytics', 'Content Delivery Network', 'DAV', 'Facebook Conversion Tracking', 'Facebook Pixel', 'Facebook Reseller', 'Facebook Tag API', 'Fireblade', 'Google', 'Google Analytics', 'Google Cloud CDN', 'Google Cloud DNS', 'Google Cloud Storage', 'Google Font API', 'Google Tag Manager', 'Nuxt.js', 'Perl', 'QUIC', 'UTF-8', 'shadcn ui']"
ikonicriz.com,"Proven, Tested And Built For You...",,USA,77,18740,2026-09-12T10:09:32.95185655Z,"['Alternate Protocol', 'Authorize.net', 'Cloudflare', 'Cloudflare Web Analytics', 'Content Delivery Network', 'Fireblade', 'Google', 'Google Analytics', 'Google Cloud CDN', 'Google Cloud DNS', 'Google Cloud Storage', 'Google Font API', 'Google Tag Manager', 'Nuxt.js', 'UTF-8', 'shadcn ui']"
tfxfitnessconcord.com,"Transform FX Fitness Concord, CA",,,67,58824,2026-09-12T10:09:32.934034164Z,"['AWS WAF Challenge', 'Alternate Protocol', 'Authorize.net', 'Cloudflare', 'Cloudflare Web Analytics', 'Content Delivery Network', 'Facebook Conversion Tracking', 'Facebook Pixel', 'Facebook Reseller', 'Facebook Tag API', 'Financial Services Guide', 'Fireblade', 'Google', 'Google Cloud CDN', 'Google Cloud DNS', 'Google Cloud Storage', 'Google Font API', 'HERO', 'Instagram Follow Button', 'Nuxt.js', 'UTF-8', 'Unsplash', 'Yelp Badge']"
primebydesign.co,"Prime By Design | Elite Basketball Training in Chandler , AZ",,,67,33740,2026-09-12T10:09:32.929720517Z,"['AWS WAF Challenge', 'Alternate Protocol', 'Authorize.net', 'Cloudflare', 'Cloudflare Web Analytics', 'Content Delivery Network', 'Facebook Conversion Tracking', 'Facebook Pixel', 'Facebook Reseller', 'Facebook Tag API', 'Fireblade', 'Google', 'Google Cloud CDN', 'Google Cloud DNS', 'Google Cloud Storage', 'Google Font API', 'Instagram Follow Button', 'Nuxt.js', 'UTF-8', 'University or College', 'shadcn ui']"
veselkainsurance.com,Waco Insurance Agent | Veselka Insurance Agency,,USA,92,19460,2026-09-12T10:09:32.919138327Z,"['Alternate Protocol', 'Authorize.net', 'Cloudflare', 'Cloudflare Web Analytics', 'Content Delivery Network', 'Fireblade', 'Google', 'Google Analytics', 'Google Cloud CDN', 'Google Cloud DNS', 'Google Cloud Storage', 'Google My Business', 'Google Related Website Sites', 'Google Tag Manager', 'Microdata for Google Shopping', 'Nuxt.js', 'QUIC', 'Thank You', 'UTF-8']"
warnerrobinstrunkortreat.com,Trunk or Treat,,,62,33740,2026-09-12T09:59:02.307668039Z,"['AWS WAF Challenge', 'Alternate Protocol', 'Amazon WAF Blocked', 'Authorize.net', 'Cloudflare', 'Cloudflare CDN', 'Cloudflare Web Analytics', 'Content Delivery Network', 'Fireblade', 'Google', 'Google Cloud CDN', 'Google Cloud DNS', 'Google Cloud Storage', 'Google Font API', 'Google My Business', 'Instagram Follow Button', 'Nuxt.js', 'Tailwind CSS', 'UTF-8', 'YouTube']"
sidrabeautyzone.com,Elevate Your Beauty with Expert Care | Sidra Beauty Zone,,,67,28128,2026-09-12T09:59:02.262081437Z,"['Alternate Protocol', 'Authorize.net', 'CDN JS', 'Cloudflare', 'Cloudflare CDN', 'Cloudflare Web Analytics', 'Content Delivery Network', 'Fireblade', 'GoCRM', 'Google', 'Google Cloud CDN', 'Google Cloud DNS', 'Google Cloud Storage', 'Google Font API', 'Google My Business', 'Instagram Follow Button', 'Nuxt.js', 'RM Education', 'UTF-8']"
stsurvey.com,Texas Land Surveyor | Land Surveyor Near You,,USA,77,33740,2026-09-12T09:59:02.255909389Z,"['AWS WAF Challenge', 'Alternate Protocol', 'Amazon WAF Blocked', 'Apture Linking Platform', 'Authorize.net', 'Bunny Fonts', 'Cloudflare', 'Cloudflare CDN', 'Cloudflare Web Analytics', 'Content Delivery Network', 'Fireblade', 'Google', 'Google Analytics', 'Google Cloud CDN', 'Google Cloud DNS', 'Google Cloud Storage', 'Google My Business', 'Google Tag Manager', 'Nuxt.js', 'QUIC', 'Tailwind CSS', 'UTF-8']"
teamhaircut.com,Join Teamhaircut - Exciting Stylist Opportunities Await!,,,67,3740,2026-09-12T09:46:55.258618091Z,"['Alternate Protocol', 'Authorize.net', 'Cloudflare', 'Cloudflare Web Analytics', 'Content Delivery Network', 'Facebook Conversion Tracking', 'Facebook Pixel', 'Facebook Reseller', 'Facebook Tag API', 'Google', 'Google Analytics', 'Google Cloud CDN', 'Google Cloud DNS', 'Google Cloud Storage', 'Google Font API', 'Google Tag Manager', 'Nuxt.js', 'QUIC', 'UTF-8']"
heal-love.com,Health Revolution Chiropractic | Top Rated Chiropractors in Douglas County,,IMN,77,18740,2026-09-12T09:46:55.244836766Z,"['Alternate Protocol', 'Authorize.net', 'Bunny Fonts', 'Cloudflare', 'Cloudflare Web Analytics', 'Content Delivery Network', 'Facebook Conversion Tracking', 'Facebook Pixel', 'Facebook Reseller', 'Facebook Tag API', 'Fireblade', 'Google', 'Google Cloud CDN', 'Google Cloud DNS', 'Google Cloud Storage', 'Nuxt.js', 'QUIC', 'UTF-8', 'shadcn ui']"
jonewman.com.au,Jo Newman - Home,,AUS,72,33740,2026-09-12T09:38:28.077074001Z,"['AWS WAF Challenge', 'Alternate Protocol', 'Amazon WAF Blocked', 'Authorize.net', 'Cloudflare', 'Cloudflare CDN', 'Cloudflare Web Analytics', 'Content Delivery Network', 'Fireblade', 'Google', 'Google Cloud CDN', 'Google Cloud DNS', 'Google Cloud Storage', 'Google Font API', 'Nuxt.js', 'Pixabay', 'Tailwind CSS', 'UTF-8']"
growbizai.com,Grow Biz Ai,,,72,22304,2026-09-12T09:38:28.076316591Z,"['AWS WAF Challenge', 'Alternate Protocol', 'Amazon WAF Blocked', 'Authorize.net', 'Cloudflare', 'Cloudflare CDN', 'Cloudflare Web Analytics', 'Content Delivery Network', 'Express', 'Google', 'Google Cloud CDN', 'Google Cloud DNS', 'Google Cloud Storage', 'Google Font API', 'HighLevel', 'Nuxt.js', 'Tailwind CSS', 'UTF-8']"
upliftmindandbody.com,Uplift Your Mind & Body with by prioritizing your well-being,,,77,40843,2026-09-12T09:38:28.076829031Z,"['AJAX Libraries API', 'AWS WAF Challenge', 'Alternate Protocol', 'Authorize.net', 'CDN JS', 'Cloudflare', 'Cloudflare CDN', 'Cloudflare Web Analytics', 'Content Delivery Network', 'Cornerstone', 'Fireblade', 'Glofox', 'Google', 'Google Cloud CDN', 'Google Cloud DNS', 'Google Cloud Storage', 'Google Font API', 'HighLevel', 'NFOrce Internet', 'Nuxt.js', 'UTF-8', 'jQuery']"
northtexas360.com,Professional Real Estate Photography and 360 Virtual Walk Throughs,,,67,20136,2026-09-12T09:38:28.067004589Z,"['Alternate Protocol', 'Apture Linking Platform', 'Authorize.net', 'CloudPano', 'Cloudflare', 'Cloudflare Web Analytics', 'Content Delivery Network', 'Dealer.com', 'Fireblade', 'Google', 'Google Cloud CDN', 'Google Cloud DNS', 'Google Cloud Storage', 'Google Font API', 'Google My Business', 'Nuxt.js', 'QUIC', 'UTF-8']"
energyhealinghealth.com,Home,,USA,67,68740,2026-09-12T09:26:18.532756542Z,"['Alternate Protocol', 'Authorize.net', 'Cloudflare', 'Cloudflare Web Analytics', 'Content Delivery Network', 'Fireblade', 'Google', 'Google Cloud CDN', 'Google Cloud DNS', 'Google Cloud Storage', 'Google Font API', 'Google My Business', 'Nuxt.js', 'SMC', 'UTF-8']"
apululuhomerepairs.com,My Website,,,45,510,2026-09-12T09:26:18.526537914Z,"['Better Lead Generation Services', 'BrandCrowd Website Builder', 'CoreUI', 'GZIP Module', 'Google', 'Google Cloud DNS', 'Google Font API', 'IcoMoon', 'Instagram Follow Button', 'Nuxt.js', 'QUIC', 'Twitter Ads', 'UTF-8', 'Unsplash']"
sportsmillionscasino.com,Free Money and Free Games at SportsMillions Casino and Sportsbook,,,72,17648,2026-09-12T09:26:18.499916451Z,"['AWS WAF Challenge', 'Apture Linking Platform', 'Content Delivery Network', 'Digital Ocean Spaces', 'Gambling Content', 'Matomo', 'Matomo Tag Manager', 'Microdata for Google Shopping', 'Nginx', 'Nuxt.js', 'Pico CSS', 'UTF-8']"
yieldautomations.org,Yield Automations- AI Receptionists,,,62,18740,2026-09-12T09:13:17.725101329Z,"['Alternate Protocol', 'Authorize.net', 'Cloudflare', 'Cloudflare Web Analytics', 'Content Delivery Network', 'Fireblade', 'Google', 'Google Cloud CDN', 'Google Cloud DNS', 'Google Cloud Storage', 'Google Font API', 'Google My Business', 'Nuxt.js', 'QUIC', 'Thank You', 'UTF-8']"
jk-design.be,Joey Kissen | Motion Designer & Videographer Belgium,,FRA,92,472,2026-09-12T09:04:46.504564334Z,"['1Password', 'Adobe Creative Cloud WebFonts', 'Alternate Protocol', 'Apture Linking Platform', 'Content Delivery Network', 'Google Analytics', 'Google My Business', 'Google Tag Manager', 'Instagram Follow Button', 'Microdata for Google Shopping', 'Nginx', 'Nuxt.js', 'Python', 'QUIC', 'UTF-8', 'YouTube']"
elizabethinnes.ca,Elizabeth Innes - Home,,,77,33860,2026-09-12T09:04:46.485028469Z,"['AWS WAF Challenge', 'Alternate Protocol', 'Authorize.net', 'Canva Websites', 'Cloudflare', 'Cloudflare Web Analytics', 'Content Delivery Network', 'Express', 'Fireblade', 'Google', 'Google Cloud CDN', 'Google Cloud DNS', 'Google Cloud Storage', 'Google Font API', 'Nuxt.js', 'UTF-8', 'University or College']"
bailhouseco.com,Bail Bonds Colorado | 251+ 5-Star Reviews | 24/7 Online | Bail House Bail Bonds,Bail House Bail Bonds,USA,87,4056,2026-09-12T08:51:38.888688705Z,"['Alternate Protocol', 'Builder', 'Content Delivery Network', 'Google Analytics', 'Google My Business', 'Google Tag Manager', 'Instagram Follow Button', 'Microdata for Google Shopping', 'Netlify', 'Netlify Forms', 'Nuxt.js', 'PWA', 'QUIC', 'Tailwind CSS', 'Thank You', 'Twitter Ads', 'UTF-8', 'reCAPTCHA', 'shadcn ui']"
fightfitness618.com,Martial Arts & Kickboxing in Southern Illinois,Fight Fitness 618 LLC,,92,35012,2026-09-12T08:40:06.81325416Z,"['AWS WAF Challenge', 'Alternate Protocol', 'Authorize.net', 'Cloudflare', 'Cloudflare Web Analytics', 'Content Delivery Network', 'Fireblade', 'Google', 'Google Cloud CDN', 'Google Cloud DNS', 'Google Cloud Storage', 'Google Font API', 'Google My Business', 'Instagram Follow Button', 'Microdata for Google Shopping', 'Ntent', 'Nuxt.js', 'Oddle', 'QUIC', 'UTF-8', 'Unsplash', 'YouTube', 'shadcn ui']"
unbeatableinvestor.com,Unbeatable Investor Community,,USA,87,22304,2026-09-12T08:40:06.811419156Z,"['Alternate Protocol', 'Authorize.net', 'Cloudflare', 'Cloudflare Web Analytics', 'Content Delivery Network', 'Fireblade', 'Google', 'Google Cloud CDN', 'Google Cloud DNS', 'Google Cloud Storage', 'Google Font API', 'Google My Business', 'HighLevel', 'Nationwide Mortgage Licensing System and Registry', 'Nuxt.js', 'QUIC', 'UTF-8']"
nashvillebodyworks.com,Nashville Bodyworks | Electrons Plus Therapy,,USA,87,18740,2026-09-12T08:31:52.886263665Z,"['Alternate Protocol', 'Authorize.net', 'Cloudflare', 'Cloudflare Web Analytics', 'Content Delivery Network', 'DAV', 'Fireblade', 'Google', 'Google Cloud CDN', 'Google Cloud DNS', 'Google Cloud Storage', 'Google Font API', 'Google My Business', 'Instagram API', 'Instagram Follow Button', 'Nuxt.js', 'UTF-8', 'YouTube']"
iocampaigns.com,IO Campaigns,,,62,18740,2026-09-12T08:20:49.640885019Z,"['501c3 Status Nonprofit', 'Alternate Protocol', 'Authorize.net', 'Cloudflare', 'Cloudflare Web Analytics', 'Content Delivery Network', 'Fireblade', 'Google', 'Google Cloud CDN', 'Google Cloud DNS', 'Google Cloud Storage', 'Google Font API', 'Google My Business', 'Nuxt.js', 'UTF-8', 'shadcn ui']"
funnelisready.com,FunnelIsReady – 香港診所行銷專家 | Google Ads・漏斗設計・病人獲取,FunnelIsReady,CHN,77,18740,2026-09-12T08:20:49.636896769Z,"['Alternate Protocol', 'Authorize.net', 'CDN JS', 'Cloudflare', 'Cloudflare CDN', 'Cloudflare Web Analytics', 'Content Delivery Network', 'Fireblade', 'Google', 'Google Cloud CDN', 'Google Cloud DNS', 'Google Cloud Storage', 'Google Font API', 'Instagram Follow Button', 'Microdata for Google Shopping', 'Nuxt.js', 'Tailwind CSS', 'UTF-8', 'YouTube']"
ryhanfencecompanyinc.com,"Ryhan Fence Company Inc. | Fence Installation in White Plains, NY",,,67,20240,2026-09-12T08:09:30.431510755Z,"['Alternate Protocol', 'Authorize.net', 'Cloudflare', 'Cloudflare Web Analytics', 'Content Delivery Network', 'Fireblade', 'Google', 'Google Cloud CDN', 'Google Cloud DNS', 'Google Cloud Storage', 'Google Font API', 'Google My Business', 'Instagram Follow Button', 'NFOrce Internet', 'Nuxt.js', 'UTF-8']"
colinelkin.com,Dr. Colin Elkin –Advancing the Chiropractic Profession,,USA,77,28740,2026-09-12T08:09:30.408067079Z,"['Alternate Protocol', 'Authorize.net', 'Cloudflare', 'Cloudflare Web Analytics', 'Content Delivery Network', 'Google', 'Google Cloud CDN', 'Google Cloud DNS', 'Google Cloud Storage', 'Google Font API', 'Instagram Follow Button', 'K2F', 'Nuxt.js', 'UTF-8', 'YouTube', 'shadcn ui']"
outbreakremedies.com,Herpes Outbreak Remedies,,,50,7313,2026-09-12T08:09:30.38315534Z,"['Alternate Protocol', 'Authorize.net', 'Content Delivery Network', 'GZIP Module', 'Google', 'Google Cloud CDN', 'Google Cloud DNS', 'Google Cloud Storage', 'Google Font API', 'Nuxt.js', 'RainMaker AI', 'Simplero', 'UTF-8']"
micksconstructsydney.com.au,Micks Construct,,AUS,72,33740,2026-09-12T07:57:42.022989332Z,"['AWS WAF Challenge', 'Alternate Protocol', 'Amazon WAF Blocked', 'Authorize.net', 'Bing Cashback', 'Cloudflare', 'Cloudflare CDN', 'Cloudflare Web Analytics', 'Content Delivery Network', 'Fireblade', 'Google', 'Google Cloud CDN', 'Google Cloud DNS', 'Google Cloud Storage', 'Google Font API', 'Instagram Follow Button', 'Nuxt.js', 'Perl', 'Tailwind CSS', 'UTF-8']"
xn--tgbokningen-x8a.se,Boka billiga tågbiljetter och tågresor med Tågbokningen,,,65,15040,2026-09-12T07:57:41.996808926Z,"['Alternate Protocol', 'App Store', 'Fireblade', 'GitHub Hosting', 'Google Analytics', 'Google Cloud DNS', 'Google Font API', 'Google My Business', 'Google Play', 'Google Tag Manager', 'LiteSpeed', 'Nuxt.js', 'UTF-8', 'jsDelivr']"
parishportraitdesign.com,"Senior Portraits, Business Headshots Amory, North Mississipi Area",,,67,36140,2026-09-12T07:48:55.051356114Z,"['AWS WAF Challenge', 'Alternate Protocol', 'Amazon', 'Amazon WAF Blocked', 'Apture Linking Platform', 'Authorize.net', 'Better Lead Generation Services', 'Cloudflare', 'Cloudflare CDN', 'Cloudflare Web Analytics', 'Content Delivery Network', 'Fireblade', 'Google', 'Google Analytics', 'Google Cloud CDN', 'Google Cloud DNS', 'Google Cloud Storage', 'Google Font API', 'Google My Business', 'Google Tag Manager', 'Instagram Follow Button', 'Nuxt.js', 'QUIC', 'Tailwind CSS', 'UTF-8']"
pinkpollynailbar.com,"Pink Polly Nail Bar | Best nail salon in Mission Viejo, CA 92692",,,72,760,2026-09-12T07:48:55.049497573Z,"['Cloudflare', 'Google Cloud DNS', 'Google Font API', 'Google My Business', 'Google Related Website Sites', 'Instagram Follow Button', 'Microdata for Google Shopping', 'Nuxt.js', 'Schema Plugin', 'UTF-8', 'YouTube']"
drjustingehling.com,Home | JG DC Chiropractic | Dr. Justin Gehling,,IDN,77,19314,2026-09-12T07:48:55.049069258Z,"['Alternate Protocol', 'Authorize.net', 'Cloudflare', 'Cloudflare Web Analytics', 'Content Delivery Network', 'Fireblade', 'Google', 'Google Analytics', 'Google Cloud CDN', 'Google Cloud DNS', 'Google Cloud Storage', 'Google Font API', 'Google My Business', 'Google Tag Manager', 'Ntent', 'Nuxt.js', 'UTF-8', 'University or College', 'Unsplash', 'UserWay', 'shadcn ui']"
freedomsupplysociety.com,Build The Time + Financial Freedom You Dream Of,,,77,21140,2026-09-12T07:48:55.016433911Z,"['Alternate Protocol', 'Amazon', 'Authorize.net', 'Cloudflare', 'Cloudflare Web Analytics', 'Content Delivery Network', 'Fireblade', 'Google', 'Google Cloud CDN', 'Google Cloud DNS', 'Google Cloud Storage', 'Google Font API', 'Instagram Follow Button', 'Nuxt.js', 'Perl', 'QUIC', 'UTF-8']"
gostridelevel.com,GoStrideLevel™ - GoHighLevel | Accelerate Your Stride 🚀,,GBR,87,55783,2026-09-12T07:32:27.74542365Z,"['AWS WAF Challenge', 'Alternate Protocol', 'Amazon WAF Blocked', 'Apture Linking Platform', 'Authorize.net', 'Better Lead Generation Services', 'Cloudflare', 'Cloudflare CDN', 'Cloudflare Web Analytics', 'Content Delivery Network', 'DAV', 'Fireblade', 'Font Awesome', 'Gambling Content', 'Google', 'Google Cloud CDN', 'Google Cloud DNS', 'Google Cloud Storage', 'Google Font API', 'Hexo', 'HighLevel', 'Ntent', 'Nuxt.js', 'Onyx Internet', 'QUIC', 'RM Education', 'Tailwind CSS', 'UTF-8', 'Vidalytics', 'YouTube', 'shadcn ui']"
autodentspecialists.com,Auto Dent Specialists | Paintless Dent Repair Experts,,USA,87,18839,2026-09-12T07:32:27.725356108Z,"['AWS WAF Challenge', 'Alternate Protocol', 'Amazon WAF Blocked', 'Authorize.net', 'CDN JS', 'Cloudflare', 'Cloudflare CDN', 'Cloudflare Web Analytics', 'Content Delivery Network', 'DAV', 'Facebook Conversion Tracking', 'Facebook Pixel', 'Facebook Reseller', 'Facebook Tag API', 'Font Awesome', 'Google', 'Google Analytics', 'Google Cloud CDN', 'Google Cloud DNS', 'Google Cloud Storage', 'Google Font API', 'Google Tag Manager', 'Instagram Follow Button', 'Nuxt.js', 'QUIC', 'Tailwind CSS', 'UTF-8', 'shadcn ui']"
jessicaobrienhypnosis.com,Jessica O’Brien Hypnotherapy - Best Hypnotherapy in Palm Beach Gardens,,,67,34070,2026-09-12T07:32:27.710535496Z,"['AWS WAF Challenge', 'Alternate Protocol', 'Authorize.net', 'Cloudflare', 'Cloudflare Web Analytics', 'Content Delivery Network', 'Financial Services Guide', 'Fireblade', 'Google', 'Google Cloud CDN', 'Google Cloud DNS', 'Google Cloud Storage', 'Google Font API', 'Instagram Follow Button', 'No-Q', 'Nuxt.js', 'UTF-8']"
greenrundigitalmarketing.com,GreenRun Digital Marketing,,,62,4262,2026-09-12T07:11:35.418198982Z,"['Alternate Protocol', 'Apture Linking Platform', 'Authorize.net', 'Calendly', 'Content Delivery Network', 'GZIP Module', 'Google', 'Google Cloud CDN', 'Google Cloud DNS', 'Google Cloud Storage', 'Google Font API', 'No-Q', 'Ntent', 'Nuxt.js', 'QUIC', 'UTF-8']"
travelingmagi.com,The Soul Roadmap,,,62,18740,2026-09-12T07:11:35.417838979Z,"['Alternate Protocol', 'Authorize.net', 'Cloudflare', 'Cloudflare Web Analytics', 'Content Delivery Network', 'Fireblade', 'Goldstar', 'Google', 'Google Cloud CDN', 'Google Cloud DNS', 'Google Cloud Storage', 'Google Font API', 'Nuxt.js', 'UTF-8']"
jem1.net,JEM Solutions,JEM SOLUTIONS,FLK,70,18740,2026-09-12T07:01:53.963472766Z,"['Alternate Protocol', 'Authorize.net', 'Cloudflare', 'Cloudflare Web Analytics', 'Content Delivery Network', 'Fireblade', 'Google', 'Google Cloud CDN', 'Google Cloud DNS', 'Google Cloud Storage', 'Google Font API', 'Instagram Follow Button', 'Microdata for Google Shopping', 'Nuxt.js', 'Subversion', 'UTF-8', 'shadcn ui']"
landmarksmarketing.com,Home,,USA,75,22304,2026-09-12T07:01:53.962324317Z,"['Alternate Protocol', 'Apture Linking Platform', 'Authorize.net', 'Better Lead Generation Services', 'Cloudflare', 'Cloudflare Web Analytics', 'Content Delivery Network', 'Fireblade', 'Free Call', 'Google', 'Google Cloud CDN', 'Google Cloud DNS', 'Google Cloud Storage', 'Google Font API', 'HighLevel', 'Nuxt.js', 'UTF-8', 'YouTube']"
britishtruckdriversassociation.com,British Truck Drivers Association - Supporting Haulage in the UK,British Truck Drivers Association ,UKR,87,56712,2026-09-12T07:01:53.951044231Z,"['AWS WAF Challenge', 'Content Delivery Network', 'Contento', 'DAV', 'Financial Services Guide', 'Fireblade', 'Google Analytics', 'Google Cloud DNS', 'Google Cloud Storage', 'Google Tag Manager', 'IcoMoon', 'InitiativeS', 'Interchange', 'Nginx', 'Nuxt.js', 'QUIC', 'SiteW', 'Tailwind CSS', 'UTF-8', 'Unsplash']"
enhancemeaesthetics.com,Enhance Me Aesthetics | Beauty Salon in Eastbourne,Enhance Me Aesthetics ,,67,44028,2026-09-12T07:01:53.941461602Z,"['Adult Content', 'Content Delivery Network', 'Contento', 'Financial Services Guide', 'Fireblade', 'Google', 'Google Analytics', 'Google Cloud DNS', 'Google Cloud Storage', 'Google Font API', 'Google Tag Manager', 'IcoMoon', 'Instagram Follow Button', 'Nginx', 'Nuxt.js', 'QUIC', 'SiteW', 'Tailwind CSS', 'UTF-8']"
serenityjclinic-rancho.com,Serenity J Rehab & Wellness,,USA,80,18740,2026-09-12T07:01:53.928078159Z,"['Alternate Protocol', 'Authorize.net', 'Cloudflare', 'Cloudflare Web Analytics', 'Content Delivery Network', 'Fireblade', 'Google', 'Google Cloud CDN', 'Google Cloud DNS', 'Google Cloud Storage', 'Google Font API', 'Google My Business', 'Instagram Follow Button', 'Nuxt.js', 'UTF-8']"
zanderdebruyn.co.za,Zander de Bruyn | attooh! Your Wealth Solution,,,67,20054,2026-09-12T07:01:53.922518317Z,"['Alternate Protocol', 'Amazon S3 CDN', 'Authorize.net', 'Bunny Fonts', 'Content Delivery Network', 'Financial Services Guide', 'Fireblade', 'GZIP Module', 'Google', 'Google Cloud CDN', 'Google Cloud DNS', 'Google Cloud Storage', 'Google Font API', 'No-Q', 'Nuxt.js', 'QUIC', 'Storyblocks', 'UTF-8', 'Unsplash', 'Vimeo', 'Vimeo CDN']"
flybetexcasino.com,Take a Fantastic FlyBetex Signup Bonus and Enjoy Awesome Action Now,,,72,17648,2026-09-12T06:39:42.443360163Z,"['AWS WAF Challenge', 'Apture Linking Platform', 'Content Delivery Network', 'Digital Ocean Spaces', 'Gambling Content', 'Matomo', 'Matomo Tag Manager', 'Microdata for Google Shopping', 'Nginx', 'Nuxt.js', 'Pico CSS', 'UTF-8']"
victorialevy.com,Victoria Levy,,,62,33779,2026-09-12T06:39:42.43584345Z,"['AWS WAF Challenge', 'Alternate Protocol', 'Apture Linking Platform', 'Authorize.net', 'Cloudflare', 'Cloudflare Web Analytics', 'Coming Soon Page', 'Content Delivery Network', 'Express', 'Fireblade', 'Google', 'Google Cloud CDN', 'Google Cloud DNS', 'Google Cloud Storage', 'Google Font API', 'Google My Business', 'Instagram Follow Button', 'Nuxt.js', 'UTF-8', 'YouTube']"
healingfromthecore.com,Healing From the Core® | Let Your Inner Wisdom Lead the Way,,,67,4344,2026-09-12T06:39:42.405919673Z,"['Alternate Protocol', 'Atlas Pickup Points', 'Authorize.net', 'Cloudflare', 'Cloudflare Web Analytics', 'Content Delivery Network', 'Digital Ocean Spaces', 'Facebook Conversion Tracking', 'Facebook Pixel', 'Facebook Reseller', 'Facebook Tag API', 'Google', 'Google Analytics', 'Google Cloud CDN', 'Google Cloud DNS', 'Google Cloud Storage', 'Google Font API', 'Google Tag Manager', 'Instagram Follow Button', 'Nuxt.js', 'QUIC', 'Termageddon', 'Twitter Ads', 'UTF-8', 'YouTube', 'shadcn ui']"
chitownbarbershop.com,"Hair Services at Chi-Town Barber Shop & Salon | Maricopa, AZ",,,67,43740,2026-09-12T06:24:52.080712518Z,"['Alternate Protocol', 'Authorize.net', 'Cloudflare', 'Cloudflare Web Analytics', 'Content Delivery Network', 'Fireblade', 'Google', 'Google Cloud CDN', 'Google Cloud DNS', 'Google Cloud Storage', 'Google Font API', 'Google My Business', 'Instagram Follow Button', 'K2F', 'Nuxt.js', 'Square', 'UTF-8', 'YouTube']"
cholenaericksonacupuncture.com,"Cholena Erickson, L.Ac. | Acupuncture & Holistic Healing-Chapel Hill",,,60,8047,2026-09-12T06:24:52.068785053Z,"['Alternate Protocol', 'Authorize.net', 'Cloudflare', 'Cloudflare Web Analytics', 'Content Delivery Network', 'Fireblade', 'Google', 'Google Cloud CDN', 'Google Cloud DNS', 'Google Cloud Storage', 'Google Font API', 'Nuxt.js', 'UTF-8', 'Unsplash']"
livebigconsulting.com,Business Creation & Growth Partner,,SYC,87,18740,2026-09-12T06:14:56.66399625Z,"['Alternate Protocol', 'Authorize.net', 'Cloudflare', 'Cloudflare Web Analytics', 'Content Delivery Network', 'Fireblade', 'Google', 'Google Cloud CDN', 'Google Cloud DNS', 'Google Cloud Storage', 'Google Font API', 'Instagram Follow Button', 'Nuxt.js', 'UTF-8']"
cashtec.cz,Cashtec - Purchase and Rental of Electronics,,,72,23010,2026-09-12T06:04:43.541974874Z,"['Alternate Protocol', 'App Store', 'Apture Linking Platform', 'Financial Services Guide', 'Google', 'Google Analytics', 'Google Cloud DNS', 'Google Font API', 'Google My Business', 'Google Play', 'Google Tag Manager', 'HHVM', 'KVH', 'No-Q', 'Nuxt.js', 'Parcel', 'Perl', 'QUIC', 'Tailwind CSS', 'UTF-8', 'Vimeo', 'YouTube']"
pixperfectatl.com,Pix Perfect ATL,,USA,72,2847,2026-09-12T06:04:43.529250524Z,"['Alternate Protocol', 'Apture Linking Platform', 'BrandCrowd Website Builder', 'CoreUI', 'GZIP Module', 'Google', 'Google Analytics', 'Google Cloud DNS', 'Google Font API', 'Google Tag Manager', 'Instagram Follow Button', 'Nuxt.js', 'QUIC', 'Twitter Ads', 'UTF-8']"
nwgmpllc.com,My Link in Bio,,,35,270,2026-09-12T06:04:43.523565428Z,"['BrandCrowd Website Builder', 'CoreUI', 'GZIP Module', 'Google', 'Google Cloud DNS', 'Google Font API', 'Instagram Follow Button', 'Nuxt.js', 'QUIC', 'Twitter Ads', 'UTF-8']"
veemclient.com,VEEMClient | First Zero-Client with an Embedded Browser,,,67,46240,2026-09-12T05:52:52.170751865Z,"['AWS WAF Challenge', 'Alternate Protocol', 'Amazon WAF Blocked', 'Authorize.net', 'Cloudflare', 'Cloudflare CDN', 'Cloudflare Web Analytics', 'Content Delivery Network', 'Fireblade', 'Google', 'Google Cloud CDN', 'Google Cloud DNS', 'Google Cloud Storage', 'Google Font API', 'Nuxt.js', 'Phew', 'QUIC', 'Tailwind CSS', 'UTF-8']"
circuitbreakeroutlet.com,Circuit Breaker Outlet | Electrical Surplus in United States,,USA,92,90740,2026-09-12T05:52:52.153235587Z,"['AWS WAF Challenge', 'Alternate Protocol', 'Amazon WAF Blocked', 'Authorize.net', 'CDN JS', 'Cloudflare', 'Cloudflare CDN', 'Cloudflare Web Analytics', 'Content Delivery Network', 'Fireblade', 'Google', 'Google Cloud CDN', 'Google Cloud DNS', 'Google Cloud Storage', 'Google Font API', 'Google My Business', 'Instagram Follow Button', 'Microdata for Google Shopping', 'Nuxt.js', 'Perl', 'Prospective', 'QUIC', 'SMC', 'Tailwind CSS', 'UTF-8']"
shopluxurybundles.org,Luxury Bundles & Beauty Co.,,,72,18740,2026-09-12T05:52:52.152589023Z,"['Alternate Protocol', 'Authorize.net', 'Cloudflare', 'Cloudflare Web Analytics', 'Content Delivery Network', 'Fireblade', 'Google', 'Google Cloud CDN', 'Google Cloud DNS', 'Google Cloud Storage', 'Google Font API', 'Google My Business', 'Nuxt.js', 'UTF-8']"
barriosins.com,Barrios Insurance Group,,USA,77,68740,2026-09-12T05:52:52.14287331Z,"['Alternate Protocol', 'Authorize.net', 'Cloudflare', 'Cloudflare Web Analytics', 'Content Delivery Network', 'Fireblade', 'Google', 'Google Cloud CDN', 'Google Cloud DNS', 'Google Cloud Storage', 'Google Font API', 'Google My Business', 'Nuxt.js', 'SMC', 'UTF-8']"
ctmglobal.com.hk,CTM Global Limited,,,52,5099,2026-09-12T05:31:07.438780239Z,"['CoreUI', 'GZIP Module', 'GitHub Hosting', 'Instagram Follow Button', 'M247', 'Nuxt.js', 'Tailwind CSS', 'UTF-8', 'YouTube']"
sci-fi.ge,sci-fi communication,,,42,,2026-09-12T05:31:07.409216634Z,"['GZIP Module', 'Gambling Content', 'Google Analytics', 'Google Tag Manager', 'Instagram Follow Button', 'Nginx', 'Nuxt.js', 'UTF-8', 'Ubuntu', 'eLand']"
echorootconsulting.ca,"Echoroot | CRM, Automation & Operations for Mission-Driven Founders",Echoroot Growth Consulting,CAN,82,11568,2026-09-12T05:31:07.403015515Z,"['Alternate Protocol', 'Apollo IO', 'Authorize.net', 'Better Lead Generation Services', 'Cloudflare', 'Cloudflare Web Analytics', 'Content Delivery Network', 'Google', 'Google Analytics', 'Google Cloud CDN', 'Google Cloud DNS', 'Google Cloud Storage', 'Google Font API', 'Google Tag Manager', 'Instagram Follow Button', 'Microdata for Google Shopping', 'Nuxt.js', 'Prospective', 'QUIC', 'UTF-8', 'eLand', 'shadcn ui']"
nancybelangercourtier.com,Real Estate Brokers | Real estate brokers in Quebec,,CAN,72,15720,2026-09-12T05:31:07.400094075Z,"['Alternate Protocol', 'Amazon CloudFront', 'CloudFront', 'Facebook Conversion Tracking', 'Facebook Pixel', 'Facebook Reseller', 'Facebook Tag API', 'Fireblade', 'GZIP Module', 'Google Analytics', 'Google Related Website Sites', 'Google Tag Manager', 'Instagram Follow Button', 'Nginx', 'Nuxt.js', 'QUIC', 'Thank You', 'UTF-8']"
karishas-kitchen.com,My Website,,USA,65,4167,2026-09-12T05:31:07.39380312Z,"['BrandCrowd Website Builder', 'CoreUI', 'GZIP Module', 'Google', 'Google Cloud DNS', 'Google Font API', 'IcoMoon', 'Instagram Follow Button', 'Nuxt.js', 'QUIC', 'Raygun', 'UTF-8', 'Unsplash']"
musicloungestudios.com,The #1 Recording Studio,,USA,72,18740,2026-09-12T05:19:01.158199873Z,"['Alternate Protocol', 'Authorize.net', 'Cloudflare', 'Cloudflare Web Analytics', 'Content Delivery Network', 'Fireblade', 'Google', 'Google Cloud CDN', 'Google Cloud DNS', 'Google Cloud Storage', 'Google Font API', 'Instagram Follow Button', 'Nuxt.js', 'Twitter Ads', 'UTF-8', 'shadcn ui']"
thecalicleanteam.com,Cali Clean Team,,,62,33740,2026-09-12T05:19:01.144396358Z,"['AWS WAF Challenge', 'Alternate Protocol', 'Amazon WAF Blocked', 'Authorize.net', 'Better Lead Generation Services', 'Cloudflare', 'Cloudflare CDN', 'Cloudflare Web Analytics', 'Content Delivery Network', 'Fireblade', 'Google', 'Google Cloud CDN', 'Google Cloud DNS', 'Google Cloud Storage', 'Google Font API', 'Google My Business', 'Nuxt.js', 'Tailwind CSS', 'UTF-8']"
lisacasillasnotary.com,Lisa&#x27;s Mobile Notary,,USA,77,18824,2026-09-12T05:19:01.135595514Z,"['Alternate Protocol', 'Authorize.net', 'Cloudflare', 'Cloudflare Web Analytics', 'Content Delivery Network', 'DAV', 'Fireblade', 'Google', 'Google Cloud CDN', 'Google Cloud DNS', 'Google Cloud Storage', 'Google Font API', 'Nuxt.js', 'Subversion', 'UTF-8', 'Unsplash']"
lyzdatec.com,"PLA Straws, Knives, Forks, Spoons, Thermoformed Transparentcups, Cup Lids Suppliers - ZHENG DA",,CHN,82,43422,2026-09-12T05:05:26.384459461Z,"['3 Products', 'AWS WAF Challenge', 'Alternate Protocol', 'Better Lead Generation Services', 'Cisco/Arrowpoint Content Service Switch', 'Cloudflare', 'Cloudflare CDN', 'Content Delivery Network', 'Corporate Governance and Regulatory Compliance', 'Ethy', 'Express', 'Fireblade', 'GZIP Module', 'Google Analytics', 'Google Tag Manager', 'InitiativeS', 'Line2', 'NFOrce Internet', 'No-Q', 'Nuxt.js', 'Perl', 'QUIC', 'Sitelinks Search Box', 'Tailwind CSS', 'University or College', 'Vector Internet Services', 'WhatsApp Sharing', 'YouTube', 'eLand']"
scorpionscasino.com,Scorpion Casino: There’s No Sting Involved Here!,,USA,77,2648,2026-09-12T04:56:51.519032652Z,"['Apture Linking Platform', 'Content Delivery Network', 'Digital Ocean Spaces', 'Gambling Content', 'Matomo', 'Matomo Tag Manager', 'Microdata for Google Shopping', 'Nginx', 'Nuxt.js', 'Pico CSS', 'QUIC', 'UTF-8']"
prosetale.com,Home | Where Prose Meets Imagination,,,47,7500,2026-09-12T04:56:51.491350282Z,"['Cloudflare', 'Cloudflare CDN', 'Fireblade', 'Google Adsense', 'Google My Business', 'Nuxt.js', 'UTF-8']"
lbbuildingsolutions.co.nz,L&B Building Solutions | Expert House Builders Christchurch Chch,,NZL,77,20300,2026-09-12T04:40:56.901092273Z,"['Alternate Protocol', 'Authorize.net', 'Call to Visit', 'Cloudflare', 'Cloudflare Web Analytics', 'Content Delivery Network', 'Elfsight', 'Fireblade', 'Google', 'Google Analytics', 'Google Cloud CDN', 'Google Cloud DNS', 'Google Cloud Storage', 'Google Conversion Tracking', 'Google Customer Reviews', 'Google Font API', 'Google My Business', 'Google Tag Manager', 'Instagram Follow Button', 'Nuxt.js', 'UTF-8']"
dngtires.com,D & G Tires Auto Center,,,47,270,2026-09-12T04:40:56.891274495Z,"['BrandCrowd Website Builder', 'CoreUI', 'GZIP Module', 'Google', 'Google Cloud DNS', 'Google Font API', 'Instagram Follow Button', 'Nuxt.js', 'Perl', 'QUIC', 'Twitter Ads', 'UTF-8']"
thunderridgeconstruction.com,Thunder Ridge Construction,,GBR,72,3615,2026-09-12T04:19:38.152005664Z,"['BrandCrowd Website Builder', 'CoreUI', 'GZIP Module', 'Google', 'Google Cloud DNS', 'Google Font API', 'Instagram Follow Button', 'Nuxt.js', 'QUIC', 'Raygun', 'UTF-8']"
saltwatersupportservices.com,My Website,,,55,354,2026-09-12T04:19:38.148458089Z,"['Alternate Protocol', 'BrandCrowd Website Builder', 'CoreUI', 'GZIP Module', 'Google', 'Google Cloud DNS', 'Google Font API', 'Nuxt.js', 'QUIC', 'UTF-8', 'Unsplash']"
dc-bauprojektug.de,My Website,,,35,10354,2026-09-12T04:19:38.148320361Z,"['BrandCrowd Website Builder', 'CoreUI', 'DAV', 'Ektron', 'GZIP Module', 'Google', 'Google Cloud DNS', 'Google Font API', 'Instagram Follow Button', 'Nuxt.js', 'Perl', 'QUIC', 'Twitter Ads', 'UTF-8', 'Unsplash']"
hieudinh.vn,Chào mừng bạn đến với HIEU DINH,,THA,77,33968,2026-09-12T04:19:38.109388855Z,"['AWS WAF Challenge', 'Alternate Protocol', 'Amazon WAF Blocked', 'Authorize.net', 'Cloudflare', 'Cloudflare CDN', 'Cloudflare Web Analytics', 'Content Delivery Network', 'Federal Deposit Insurance Corporation', 'Fireblade', 'Google', 'Google Cloud CDN', 'Google Cloud DNS', 'Google Cloud Storage', 'Google Font API', 'Iconfinder', 'Instagram Follow Button', 'Nuxt.js', 'Tailwind CSS', 'UTF-8', 'YouTube', 'shadcn ui']"
directwindows.plx.mk,Direct Window Supplies,,GBR,87,60339,2026-09-12T04:19:38.102552747Z,"['AWS WAF Challenge', 'Alternate Protocol', 'Amazon WAF Blocked', 'Authorize.net', 'Cloudflare', 'Cloudflare CDN', 'Cloudflare Web Analytics', 'Content Delivery Network', 'DAV', 'Fireblade', 'Font Awesome', 'Google', 'Google Cloud CDN', 'Google Cloud DNS', 'Google Cloud Storage', 'Google Font API', 'Instagram Follow Button', 'K2F', 'NFOrce Internet', 'Nuxt.js', 'Tailwind CSS', 'Thank You', 'UTF-8', 'YouTube']"
hetgrachtenhuisgouda.nl,Home | Het Grachtenhuis Gouda,,,55,16452,2026-09-12T04:07:20.589479838Z,"['Adobe Creative Cloud WebFonts', 'DAV', 'ElementUI', 'GZIP Module', 'Google Analytics', 'Google Tag Manager', 'Nginx', 'Nuxt.js', 'Parallels Plesk Panel', 'Phusion Passenger Enterprise', 'SMC', 'UTF-8', 'jsDelivr']"
flixfox.io,Unveiling the Unforgettable | Explore the Best Movies of 2024,,,52,800,2026-09-12T04:07:20.580638871Z,"['AWS WAF Challenge', 'Cloudflare', 'Cloudflare CDN', 'Cloudflare Web Analytics', 'Content Delivery Network', 'Fastly', 'Google Analytics', 'Google Related Website Sites', 'Google Tag Manager', 'Ntent', 'Nuxt.js', 'Pleroma', 'Show.co', 'UTF-8']"
ragswagsandbagsllc.com,My Link in Bio,,USA,45,474,2026-09-12T04:07:20.56889206Z,"['BrandCrowd Website Builder', 'CoreUI', 'GZIP Module', 'Google', 'Google Cloud DNS', 'Google Font API', 'IcoMoon', 'Instagram Follow Button', 'Nuxt.js', 'QUIC', 'Raygun', 'Twitter Ads', 'UTF-8']"
fh-renovation.com,My Link in Bio,,,35,270,2026-09-12T03:56:08.476145155Z,"['BrandCrowd Website Builder', 'CoreUI', 'GZIP Module', 'Google', 'Google Cloud DNS', 'Google Font API', 'Instagram Follow Button', 'Nuxt.js', 'QUIC', 'Twitter Ads', 'UTF-8']"
ryanandsoncarpentry.com,Top-Rated Carpentry & General Contracting | Sean Ryan & Son,,,67,39790,2026-09-12T03:45:52.47327572Z,"['AWS WAF Challenge', 'Alternate Protocol', 'Amazon WAF Blocked', 'Authorize.net', 'Cloudflare', 'Cloudflare CDN', 'Cloudflare Web Analytics', 'Content Delivery Network', 'DC74', 'Fireblade', 'Google', 'Google Analytics', 'Google Cloud CDN', 'Google Cloud DNS', 'Google Cloud Storage', 'Google Font API', 'Google My Business', 'Google Related Website Sites', 'Google Tag Manager', 'Instagram Follow Button', 'No-Q', 'Nuxt.js', 'QUIC', 'Tailwind CSS', 'Thank You', 'UTF-8']"
lanzonelawncare.com,My Link in Bio,,,50,474,2026-09-12T03:33:36.235574806Z,"['Better Lead Generation Services', 'BrandCrowd Website Builder', 'CoreUI', 'GZIP Module', 'Google', 'Google Cloud DNS', 'Google Font API', 'IcoMoon', 'Instagram Follow Button', 'Nuxt.js', 'QUIC', 'Raygun', 'Twitter Ads', 'UTF-8']"
joinbulletproof.com,Real Estate AEO & SEO | BulletProof — Sellers Call You™,BulletProof Real Estate Agent,GBR,92,206370,2026-09-12T03:33:36.228492538Z,"['AAPT', 'AI Log', 'AJAX Libraries API', 'Alibaba Cloud CDN', 'Alternate Protocol', 'App Store', 'Apture Linking Platform', 'Authorize.net', 'Better Lead Generation Services', 'CCSI', 'CDN JS', 'Cloudflare', 'Cloudflare CDN', 'Cloudflare Web Analytics', 'Content Delivery Network', 'DAV', 'Drata', 'Ethy', 'Financial Services Guide', 'Fireblade', 'Free Call', 'GZIP Module', 'Google', 'Google Analytics', 'Google Cloud CDN', 'Google Cloud DNS', 'Google Cloud Storage', 'Google Font API', 'Google My Business', 'Google Play', 'Google Tag Manager', 'HHVM', 'HMDG', 'Homes.com CMS', 'Instagram Follow Button', 'K2F', 'KVH', 'Microdata for Google Shopping', 'Nationwide Mortgage Licensing System and Registry', 'No-Q', 'Nuxt.js', 'Perl', 'Phew', 'QUIC', 'SMC', 'Subversion', 'UTF-8', 'YouTube', 'Zbanx', 'jQuery', 'jsDelivr', 'shadcn ui']"
soultouchedbydogs.com,Soul Touched by Dogs,,ESP,72,33740,2026-09-12T03:33:36.225340611Z,"['AWS WAF Challenge', 'Alternate Protocol', 'Amazon WAF Blocked', 'Authorize.net', 'Cloudflare', 'Cloudflare CDN', 'Content Delivery Network', 'Financial Services Guide', 'Fireblade', 'GZIP Module', 'Google', 'Google Cloud CDN', 'Google Cloud DNS', 'Google Cloud Storage', 'Google Font API', 'Instagram Follow Button', 'Nuxt.js', 'Tailwind CSS', 'UTF-8', 'YouTube']"
westjul.com,Westjul,,IMN,62,15000,2026-09-12T03:33:36.221659315Z,"['AWS WAF Challenge', 'Nuxt.js', 'Python', 'QUIC', 'UTF-8']"
rkkinnovations.com,AI Automation Solutions For Med Spas & Wellness Centers,,,77,18740,2026-09-12T03:09:36.908983744Z,"['Alternate Protocol', 'Apture Linking Platform', 'Authorize.net', 'Cloudflare', 'Cloudflare Web Analytics', 'Content Delivery Network', 'Fireblade', 'Google', 'Google Cloud CDN', 'Google Cloud DNS', 'Google Cloud Storage', 'Google Font API', 'Ntent', 'Nuxt.js', 'QUIC', 'Thank You', 'UTF-8']"
marta-editions.com,Marta Editions,Marta Editions,,72,22564,2026-09-12T02:57:55.181181198Z,"['3 Products', 'Cisco/Arrowpoint Content Service Switch', 'Content Delivery Network', 'Express', 'Fireblade', 'Google Analytics', 'Google Tag Manager', 'GraphQL', 'Instagram Follow Button', 'Microdata for Google Shopping', 'Netlify', 'Nuxt.js', 'Sanity', 'Shopify', 'Shopify Collabs', 'UTF-8', 'University or College', 'eLand']"
typepulse.ai,Side Copilot | Browse less. Get more done.,,,77,292900,2026-09-12T02:57:55.165292471Z,"['ByteDance', 'Canva Websites', 'Cisco/Arrowpoint Content Service Switch', 'Content Delivery Network', 'Google', 'Google Analytics', 'Google Cloud DNS', 'Google Font API', 'Google My Business', 'Google Tag Manager', 'Lemon Squeezy', 'Microdata for Google Shopping', 'Nuxt.js', 'OpenAI', 'Product Hunt', 'QUIC', 'Salesforce', 'Salesforce Experience Cloud', 'Salesforce Hosted', 'Tailwind CSS', 'UPS', 'UTF-8', 'Vercel', 'monday.com', 'shadcn ui']"
k-9academy.org,K-9 Academy,,,52,8270,2026-09-12T02:46:57.179397601Z,"['Alternate Protocol', 'BrandCrowd Website Builder', 'CoreUI', 'Fireblade', 'GZIP Module', 'Google', 'Google Cloud DNS', 'Google Font API', 'Instagram Follow Button', 'NFOrce Internet', 'Nuxt.js', 'QUIC', 'UTF-8', 'University or College']"
estcoastmuralpros.info,Custom Wall Murals & Printing | East Coast Mural Pros,East Coast Mural Pros,USA,77,37460,2026-09-12T02:35:46.879133572Z,"['AWS WAF Challenge', 'Alternate Protocol', 'Amazon WAF Blocked', 'Apture Linking Platform', 'Authorize.net', 'Better Lead Generation Services', 'Cloudflare', 'Cloudflare CDN', 'Cloudflare Web Analytics', 'Content Delivery Network', 'Express', 'Fireblade', 'Google', 'Google Analytics', 'Google Cloud CDN', 'Google Cloud DNS', 'Google Cloud Storage', 'Google Font API', 'Google Related Website Sites', 'Google Tag Manager', 'Instagram Follow Button', 'Microdata for Google Shopping', 'Nuxt.js', 'QUIC', 'Tailwind CSS', 'UTF-8', 'University or College', 'YouTube', 'monday.com', 'shadcn ui']"
sgcc.charity,Sarisbury Green Community Centre - Your Community Hub,Sarisbury Green Community Centre ,,67,41628,2026-09-12T02:25:44.800304832Z,"['Content Delivery Network', 'Contento', 'Financial Services Guide', 'Fireblade', 'Google Analytics', 'Google Cloud DNS', 'Google Cloud Storage', 'Google Tag Manager', 'IcoMoon', 'Nginx', 'Nuxt.js', 'QUIC', 'SiteW', 'UTF-8']"
xoomercruisers.com,XOOMER CRUISERS,,,37,510,2026-09-12T02:25:44.756674621Z,"['BrandCrowd Website Builder', 'CoreUI', 'GZIP Module', 'Google', 'Google Cloud DNS', 'Google Font API', 'IcoMoon', 'Instagram Follow Button', 'Nuxt.js', 'QUIC', 'Twitter Ads', 'UTF-8', 'Unsplash']"
childhealthhonduras.com,Child Health Honduras CHH,,,50,270,2026-09-12T02:11:25.566022307Z,"['501c3 Status Nonprofit', 'Alternate Protocol', 'BrandCrowd Website Builder', 'CoreUI', 'DAV', 'GZIP Module', 'Google', 'Google Cloud DNS', 'Google Font API', 'Instagram Follow Button', 'Nuxt.js', 'QUIC', 'Twitter Ads', 'UTF-8']"
financialadrenaline.com,Gloria Holden Business Coach - Financial Adrenaline,,USA,77,53779,2026-09-12T02:11:25.562173798Z,"['AWS WAF Challenge', 'Alternate Protocol', 'Authorize.net', 'Cloudflare', 'Cloudflare Web Analytics', 'Coming Soon Page', 'Content Delivery Network', 'DAV', 'Financial Services Guide', 'Fireblade', 'Google', 'Google Cloud CDN', 'Google Cloud DNS', 'Google Cloud Storage', 'Google Font API', 'Instagram Follow Button', 'KVH', 'Ntent', 'Nuxt.js', 'Perl', 'Twitter Ads', 'UTF-8']"
getprorevopsai.com,Pro RevOps AI | Revenue Operations & Lead Capture for Home Services,,USA,72,18740,2026-09-12T02:11:25.554822491Z,"['Alternate Protocol', 'Apture Linking Platform', 'Authorize.net', 'Cloudflare', 'Cloudflare Web Analytics', 'Content Delivery Network', 'Fireblade', 'Google', 'Google Cloud CDN', 'Google Cloud DNS', 'Google Cloud Storage', 'Google Font API', 'Nuxt.js', 'UTF-8', 'shadcn ui']"
mcbeenaillounge.com,"McBee Nail Lounge in Greenville, SC 29601 | Relaxing atmosphere with excellent work",,,62,760,2026-09-12T02:00:57.964416819Z,"['Cloudflare', 'Facebook Embedded Posts', 'Google Cloud DNS', 'Google Font API', 'Google My Business', 'Google Related Website Sites', 'Instagram Follow Button', 'Microdata for Google Shopping', 'Nuxt.js', 'Schema Plugin', 'Tailwind CSS', 'UTF-8', 'shadcn ui']"
josiahsmucker.com,Above the Jungle,,,72,18779,2026-09-12T02:00:57.936128129Z,"['Alternate Protocol', 'Authorize.net', 'Cloudflare', 'Cloudflare Web Analytics', 'Coming Soon Page', 'Content Delivery Network', 'Financial Services Guide', 'Fireblade', 'Google', 'Google Cloud CDN', 'Google Cloud DNS', 'Google Cloud Storage', 'Google Font API', 'Nuxt.js', 'UTF-8']"
keglerscash.com,Kegler's Cash Bowling Promotion,,,62,18980,2026-09-12T01:50:16.732884182Z,"['Alternate Protocol', 'Authorize.net', 'Cloudflare', 'Cloudflare Web Analytics', 'Content Delivery Network', 'Fireblade', 'Google', 'Google Cloud CDN', 'Google Cloud DNS', 'Google Cloud Storage', 'Google Font API', 'IPFS', 'Nuxt.js', 'UTF-8']"
ytfamousnailshollywood.com,"YT Famous Nails Bar and Spa - Nail salon for the resident in Driftwood Hollywood, FL 33024",,USA,72,720,2026-09-12T01:50:16.729634743Z,"['Cloudflare', 'Google My Business', 'Google Related Website Sites', 'Instagram Follow Button', 'Microdata for Google Shopping', 'Nuxt.js', 'Schema Plugin', 'UTF-8', 'Uponit', 'shadcn ui']"
glutenfreecrew.com,Gluten Free Crew - your home to an easy Coeliac lifestyle,,,67,3740,2026-09-12T01:42:34.538828751Z,"['Alternate Protocol', 'Authorize.net', 'Content Delivery Network', 'GZIP Module', 'Google', 'Google Analytics', 'Google Cloud CDN', 'Google Cloud DNS', 'Google Cloud Storage', 'Google Font API', 'Google Tag Manager', 'Instagram Follow Button', 'Nuxt.js', 'UTF-8']"
graciebarrakuna.com,Gracie Barra Kuna | Brazilian Jiu-Jitsu for Kids & Adults,,,70,33740,2026-09-12T01:42:34.519826228Z,"['AWS WAF Challenge', 'Alternate Protocol', 'Amazon WAF Blocked', 'Authorize.net', 'Cloudflare', 'Cloudflare CDN', 'Cloudflare Web Analytics', 'Content Delivery Network', 'Facebook Conversion Tracking', 'Facebook Pixel', 'Facebook Reseller', 'Facebook Tag API', 'Fireblade', 'Google', 'Google Analytics', 'Google Cloud CDN', 'Google Cloud DNS', 'Google Cloud Storage', 'Google Font API', 'Google Tag Manager', 'Instagram Follow Button', 'Nuxt.js', 'Tailwind CSS', 'UTF-8', 'YouTube']"
laurafolksnotary.com,Folks Business Services LLC,,USA,77,18824,2026-09-12T01:33:54.773009059Z,"['Alternate Protocol', 'Authorize.net', 'Cloudflare', 'Cloudflare Web Analytics', 'Content Delivery Network', 'DAV', 'Fireblade', 'Google', 'Google Cloud CDN', 'Google Cloud DNS', 'Google Cloud Storage', 'Google Font API', 'Nuxt.js', 'Subversion', 'UTF-8', 'Unsplash']"
ff-pro.com.ua,FeelFine,,UKR,60,36996,2026-09-12T01:26:25.659516815Z,"['Amazon WAF Blocked', 'Apache', 'DAV', 'Dialpad', 'Financial Services Guide', 'FreeBSD', 'GZIP Module', 'Gambling Content', 'GitHub Hosting', 'Google My Business', 'IcoMoon', 'Instagram Follow Button', 'K2F', 'KVH', 'Nginx', 'Nuxt.js', 'Python', 'SMC', 'Salesforce Hosted', 'Subversion', 'UTF-8', 'Ubuntu', 'Vector Internet Services', 'Waveform Technology', 'symfony PHP Framework']"
indepp.cl,¡Conéctate con la calidad! Fabricantes de alambre de soldadura líderes en el mercado,,CHL,87,22838,2026-09-12T01:20:04.349559426Z,"['Alternate Protocol', 'Authorize.net', 'Canva Websites', 'Cloudflare', 'Cloudflare Web Analytics', 'Content Delivery Network', 'Fireblade', 'Google', 'Google Cloud CDN', 'Google Cloud DNS', 'Google Cloud Storage', 'Google Font API', 'HighLevel', 'No-Q', 'Nuxt.js', 'UTF-8', 'Unsplash']"
chromelock.net,Chrome Lock - Password Protect Your Browser & Free Chrome Extension | ChromeLock,Chrome Lock - Password Protect Your Browser & Free Chrome Extension,,72,15468,2026-09-12T01:13:07.020121071Z,"['Alternate Protocol', 'Cloudflare', 'Cloudflare CDN', 'Cloudflare Web Analytics', 'Fireblade', 'Google My Business', 'IcoMoon', 'Microdata for Google Shopping', 'Nuxt.js', 'QUIC', 'UTF-8']"
tieroneprospects.com,Tier One Prospects,,,62,18740,2026-09-12T00:57:16.108467907Z,"['Alternate Protocol', 'Authorize.net', 'Cloudflare', 'Cloudflare Web Analytics', 'Content Delivery Network', 'Fireblade', 'Google', 'Google Cloud CDN', 'Google Cloud DNS', 'Google Cloud Storage', 'Google Font API', 'Instagram Follow Button', 'Nuxt.js', 'UTF-8', 'University or College', 'shadcn ui']"
amlandscapeservicesncllc.com,"A&M Landscape Services Nc LLC | Landscaping in Burgaw, NC",,USA,87,18740,2026-09-12T00:57:16.108211792Z,"['Alternate Protocol', 'Authorize.net', 'Cloudflare', 'Cloudflare Web Analytics', 'Content Delivery Network', 'Fireblade', 'Google', 'Google Cloud CDN', 'Google Cloud DNS', 'Google Cloud Storage', 'Google Font API', 'Google My Business', 'Nuxt.js', 'UTF-8']"
murderlicious-game.com,A murderlicious game for your home! | Murderlicious,,,52,,2026-09-12T00:47:48.280920139Z,"['Bulma', 'Content Delivery Network', 'GitHub Hosting', 'Instagram Follow Button', 'Netlify', 'Nuxt.js', 'Tailwind CSS', 'UTF-8']"
willtoprani.com,WT,,USA,60,270,2026-09-12T00:39:30.847070559Z,"['BrandCrowd Website Builder', 'CoreUI', 'GZIP Module', 'Google', 'Google Cloud DNS', 'Google Font API', 'Instagram Follow Button', 'Nuxt.js', 'QUIC', 'Twitter Ads', 'UTF-8', 'YouTube']"
shazamcasinos.com,Magic and Myths Bring Amazing Winning Payouts for Players at Shazam Casino - Online Casino Sites Legit,,GBR,77,17888,2026-09-12T00:39:30.831957383Z,"['Apture Linking Platform', 'Big Tuna', 'Content Delivery Network', 'Digital Ocean Spaces', 'Express', 'Fireblade', 'Gambling Content', 'Matomo', 'Matomo Tag Manager', 'Microdata for Google Shopping', 'Nginx', 'Nuxt.js', 'Pico CSS', 'UTF-8']"
luclortie.com,Luc Lortie | Residential Real Estate Broker at RE/MAX de Francheville,,CAN,77,20720,2026-09-12T00:39:30.824243673Z,"['Alternate Protocol', 'Amazon CloudFront', 'CloudFront', 'Fireblade', 'GZIP Module', 'Google Analytics', 'Google Related Website Sites', 'Google Tag Manager', 'Nginx', 'Nuxt.js', 'UTF-8', 'Vector Internet Services']"
handmadebyharding.com,Handmade by Harding,,,42,426,2026-09-12T00:39:30.822936296Z,"['BrandCrowd Website Builder', 'CoreUI', 'GZIP Module', 'Google', 'Google Cloud DNS', 'Google Font API', 'IcoMoon', 'Instagram Follow Button', 'Nuxt.js', 'QUIC', 'Twitter Ads', 'UTF-8']"
usa-cleaning.com,My Link in Bio,,,35,270,2026-09-12T00:39:30.817534966Z,"['BrandCrowd Website Builder', 'CoreUI', 'GZIP Module', 'Google', 'Google Cloud DNS', 'Google Font API', 'Instagram Follow Button', 'Nuxt.js', 'QUIC', 'Twitter Ads', 'UTF-8']"
teamfreedomcx.com,"Best Fitness Gear in Sheridan, WY",,,55,8163,2026-09-12T00:39:30.811976009Z,"['AWS WAF Challenge', 'Alternate Protocol', 'Amazon WAF Blocked', 'Authorize.net', 'Cloudflare', 'Cloudflare CDN', 'Cloudflare Web Analytics', 'Content Delivery Network', 'Fireblade', 'Google', 'Google Cloud CDN', 'Google Cloud DNS', 'Google Cloud Storage', 'Google Font API', 'Google My Business', 'Nuxt.js', 'Tailwind CSS', 'UTF-8']"
emotionaleatinghelp.com,Brand New On-Demand Class: How To Stop Emotional Eating Without Feeling Deprived,,,67,36740,2026-09-12T00:30:49.282382043Z,"['Alternate Protocol', 'Authorize.net', 'Cloudflare', 'Cloudflare Web Analytics', 'Content Delivery Network', 'Fireblade', 'Google', 'Google Cloud CDN', 'Google Cloud DNS', 'Google Cloud Storage', 'Google Font API', 'Help.com', 'Nuxt.js', 'RainMaker AI', 'UTF-8']"
masterpiecefloorsllc.com,Portland High-Quality Hardwood Flooring Services | Expert Wood Flooring Solutions,,USA,62,18824,2026-09-12T00:23:55.949720091Z,"['AWS WAF Challenge', 'Alternate Protocol', 'Amazon WAF Blocked', 'Authorize.net', 'Cloudflare', 'Cloudflare CDN', 'Content Delivery Network', 'GZIP Module', 'Google', 'Google Cloud CDN', 'Google Cloud DNS', 'Google Cloud Storage', 'Google Font API', 'Nuxt.js', 'Pixabay', 'Tailwind CSS', 'UTF-8', 'Unsplash', 'Yelp Badge']"
hallobasis.com,HalloBasis – Designstudio in Frankfurt am Main,,DEU,62,1416,2026-09-12T00:05:42.721106991Z,"['Content Delivery Network', 'Google My Business', 'Instagram Follow Button', 'Netlify', 'Nuxt.js', 'Sanity', 'Tailwind CSS', 'UTF-8', 'shadcn ui']"
almelectric.us,Alm electric llc | electrician in Los Angeles County,,USA,82,40740,2026-09-12T00:05:42.716292846Z,"['AWS WAF Challenge', 'Alternate Protocol', 'Amazon WAF Blocked', 'Authorize.net', 'Cloudflare', 'Cloudflare CDN', 'Cloudflare Web Analytics', 'Content Delivery Network', 'Fireblade', 'Google', 'Google Cloud CDN', 'Google Cloud DNS', 'Google Cloud Storage', 'Google Font API', 'Google My Business', 'Microdata for Google Shopping', 'Nuxt.js', 'Prospective', 'Tailwind CSS', 'UTF-8']"
aspan.or.id,ASPAN,,IDN,52,60,2026-09-11T23:54:28.412585944Z,"['Digital Ocean Spaces', 'GZIP Module', 'Nginx', 'Nuxt.js', 'Perl', 'UTF-8']"
qnsnotaryservices.com,My Website,,,35,510,2026-09-11T23:54:28.412531973Z,"['BrandCrowd Website Builder', 'CoreUI', 'GZIP Module', 'Google', 'Google Cloud DNS', 'Google Font API', 'IcoMoon', 'Instagram Follow Button', 'Nuxt.js', 'QUIC', 'UTF-8', 'Unsplash']"
seadentalspa.com,My Website,,,50,510,2026-09-11T23:54:28.412859426Z,"['BrandCrowd Website Builder', 'Coming Soon Page', 'CoreUI', 'GZIP Module', 'Google', 'Google Cloud DNS', 'Google Font API', 'IcoMoon', 'Instagram Follow Button', 'Nuxt.js', 'QUIC', 'Twitter Ads', 'UTF-8', 'Unsplash']"
nicenailsoxnard.com,"Nice Nails Salon in Sea Air, Oxnard CA 93030 | Pedicure & Nail Art",,USA,77,720,2026-09-11T23:54:28.376820495Z,"['Cloudflare', 'Facebook Embedded Posts', 'Google My Business', 'Google Related Website Sites', 'Instagram Follow Button', 'Microdata for Google Shopping', 'Nuxt.js', 'Schema Plugin', 'UTF-8', 'shadcn ui']"
docpopular.com,Get Quality Leads Now - Grow Your Business | Doc Popular LLC,,,67,53740,2026-09-11T23:54:28.373237307Z,"['Alternate Protocol', 'Authorize.net', 'Content Delivery Network', 'DAV', 'GZIP Module', 'Google', 'Google Cloud CDN', 'Google Cloud DNS', 'Google Cloud Storage', 'Google Font API', 'Ntent', 'Nuxt.js', 'SMC', 'Thank You', 'UTF-8']"
ogdenwildlifecontrol.com,Ogden Mole Control | Nashville's #1 Rated Mole Trapping Service,,USA,77,18740,2026-09-11T23:27:40.59303609Z,"['Alternate Protocol', 'Apture Linking Platform', 'Authorize.net', 'Cloudflare', 'Cloudflare Web Analytics', 'Content Delivery Network', 'Fireblade', 'Google', 'Google Analytics', 'Google Cloud CDN', 'Google Cloud DNS', 'Google Cloud Storage', 'Google Customer Reviews', 'Google Font API', 'Google My Business', 'Google Tag Manager', 'Microdata for Google Shopping', 'Nuxt.js', 'QUIC', 'UTF-8']"
thisisreel.uk,REEL Deals Bromsgrove | Local Advertising That Drives Action,,,62,73740,2026-09-11T23:27:40.588854903Z,"['AWS WAF Challenge', 'Alternate Protocol', 'Amazon WAF Blocked', 'Authorize.net', 'Business Promotion', 'Cloudflare', 'Cloudflare CDN', 'Cloudflare Web Analytics', 'Content Delivery Network', 'Fireblade', 'Google', 'Google Cloud CDN', 'Google Cloud DNS', 'Google Cloud Storage', 'Google Font API', 'KVH', 'Nuxt.js', 'QUIC', 'Tailwind CSS', 'UTF-8']"
theintentionaljobseeker.com,The Intentional Job Seeker,,,67,18740,2026-09-11T23:22:17.162070273Z,"['Alternate Protocol', 'Authorize.net', 'Cloudflare', 'Cloudflare Web Analytics', 'Content Delivery Network', 'Fireblade', 'Google', 'Google Cloud CDN', 'Google Cloud DNS', 'Google Cloud Storage', 'Google Font API', 'Nuxt.js', 'UTF-8']"
healthrebelforlife.com,Wellness Rebellion,,,62,18991,2026-09-11T23:22:17.145722335Z,"['AWS WAF Challenge', 'Alternate Protocol', 'Authorize.net', 'Calendly', 'Content Delivery Network', 'Cornerstone', 'GZIP Module', 'Google', 'Google Cloud CDN', 'Google Cloud DNS', 'Google Cloud Storage', 'Google Font API', 'Instagram Follow Button', 'Nuxt.js', 'UTF-8']"
iepparenthelp.com,IEP Parent Prep Starter Kit,,,67,25740,2026-09-11T23:22:17.140451855Z,"['Alternate Protocol', 'Authorize.net', 'Cloudflare', 'Cloudflare Web Analytics', 'Content Delivery Network', 'Fireblade', 'Google', 'Google Cloud CDN', 'Google Cloud DNS', 'Google Cloud Storage', 'Google Font API', 'Help.com', 'Nuxt.js', 'Prospective', 'QUIC', 'Thank You', 'UTF-8']"
attendscaleandescape.com,Scale & Escape Summit | Free Preview,,USA,77,19280,2026-09-11T23:10:43.781185161Z,"['AWS WAF Challenge', 'Alternate Protocol', 'Amazon WAF Blocked', 'Authorize.net', 'Cloudflare', 'Cloudflare CDN', 'Content Delivery Network', 'Facebook Conversion Tracking', 'Facebook Pixel', 'Facebook Reseller', 'Facebook Tag API', 'GZIP Module', 'Google', 'Google Analytics', 'Google Cloud CDN', 'Google Cloud DNS', 'Google Cloud Storage', 'Google Font API', 'Google Tag Manager', 'Nuxt.js', 'Tailwind CSS', 'UTF-8', 'Vimeo', 'Vimeo CDN']"
playbookinvestmentgroup.com,Home,,USA,65,21140,2026-09-11T23:10:43.768024886Z,"['Alternate Protocol', 'Amazon', 'Amazon CloudFront', 'Authorize.net', 'CDN JS', 'CloudFront', 'Cloudflare', 'Cloudflare CDN', 'Cloudflare Web Analytics', 'Content Delivery Network', 'Facebook Conversion Tracking', 'Facebook Pixel', 'Facebook Reseller', 'Facebook Tag API', 'Fireblade', 'Google', 'Google Cloud CDN', 'Google Cloud DNS', 'Google Cloud Storage', 'Google Font API', 'Instagram Follow Button', 'Nuxt.js', 'QUIC', 'UTF-8', 'Zope', 'jsDelivr', 'shadcn ui']"
ssschoolofdance.com,"S&amp;S School Of Dance | Dance Classes for Ages 2+ in Pike County, Illinois",,,77,34280,2026-09-11T23:04:37.556461677Z,"['AWS WAF Challenge', 'Alternate Protocol', 'Amazon WAF Blocked', 'Apture Linking Platform', 'Authorize.net', 'Cloudflare', 'Cloudflare CDN', 'Cloudflare Web Analytics', 'Content Delivery Network', 'Express', 'Fireblade', 'Google', 'Google Cloud CDN', 'Google Cloud DNS', 'Google Cloud Storage', 'Google Font API', 'Instagram API', 'Instagram Follow Button', 'Nuxt.js', 'Tailwind CSS', 'UTF-8', 'Vimeo', 'Vimeo CDN']"
himalayanburncoaches.com,Himalayan Burn - Profile,,,55,7963,2026-09-11T23:04:37.54256056Z,"['Alternate Protocol', 'Apture Linking Platform', 'Authorize.net', 'Cloudflare', 'Cloudflare CDN', 'Cloudflare Web Analytics', 'Content Delivery Network', 'Fireblade', 'Google', 'Google Cloud CDN', 'Google Cloud DNS', 'Google Cloud Storage', 'Google Font API', 'Nuxt.js', 'UTF-8']"
thecinderellashift.com,Divine Light Collective | Healing Sanctuary,,GBR,77,3740,2026-09-11T22:58:03.83146641Z,"['Alternate Protocol', 'Authorize.net', 'Cloudflare', 'Cloudflare Web Analytics', 'Content Delivery Network', 'Google', 'Google Cloud CDN', 'Google Cloud DNS', 'Google Cloud Storage', 'Google Font API', 'Instagram Follow Button', 'Microdata for Google Shopping', 'Nuxt.js', 'QUIC', 'UTF-8', 'YouTube', 'shadcn ui']"
giantspoon.com,Giant Spoon | The agency that stirs shit up.,,USA,72,7668,2026-09-11T22:58:03.830163277Z,"['Content Delivery Network', 'Google', 'Google Cloud DNS', 'Google Font API', 'Gravity', 'Instagram Follow Button', 'Netlify', 'Nuxt.js', 'QUIC', 'Tailwind CSS', 'Twitter Ads', 'UTF-8', 'Vector Internet Services']"
bob-graham.com,Bob Graham — Authority That Travels | Keynote Speaker & Authority Strategist,,,82,18740,2026-09-11T22:52:05.966320819Z,"['Alternate Protocol', 'Authorize.net', 'Cloudflare', 'Cloudflare Web Analytics', 'Content Delivery Network', 'Fireblade', 'Google', 'Google Cloud CDN', 'Google Cloud DNS', 'Google Cloud Storage', 'Google Font API', 'Microdata for Google Shopping', 'Nuxt.js', 'UTF-8', 'University or College']"
joannatiley.com,An estate agency in the heart of the Chew Valley - Joanna Tiley,,GBR,82,588,2026-09-11T22:52:05.964199638Z,"['Adobe Creative Cloud WebFonts', 'Content Delivery Network', 'Google Analytics', 'Google Tag Manager', 'Instagram Follow Button', 'Netlify', 'Nuxt.js', 'QUIC', 'Tailwind CSS', 'Twitter Ads', 'UTF-8', 'WordPress', 'YouTube']"
hyprlocal.com.au,Home,,AUS,70,127710,2026-09-11T22:29:34.015680693Z,"['Alternate Protocol', 'Authorize.net', 'Bunny Fonts', 'Cloudflare', 'Cloudflare Web Analytics', 'Content Delivery Network', 'DAV', 'Federal Deposit Insurance Corporation', 'Financial Services Guide', 'Fireblade', 'Gandi', 'Google', 'Google Cloud CDN', 'Google Cloud DNS', 'Google Cloud Storage', 'Google Font API', 'Hexo', 'K2F', 'KVH', 'Nationwide Mortgage Licensing System and Registry', 'Neighborhoods', 'No-Q', 'Nuxt.js', 'Parallels Plesk Panel', 'Perl', 'Phew', 'QUIC', 'SMC', 'Subversion', 'UTF-8', 'Vimeo', 'Vimeo CDN', 'Visx', 'Zope']"
orreleikasen.com,"Orreleikåsen is a new cabin community in Vrådal, Telemark. | Orreleikåsen",,,62,115040,2026-09-11T22:19:20.7120247Z,"['AJAX Libraries API', 'Amazon WAF Blocked', 'ElementUI', 'GZIP Module', 'Google Cloud DNS', 'K2F', 'Nuxt.js', 'Perl', 'SMC', 'UTF-8', 'Vignette OpenText']"
mcacting.co.uk,Mark Caudle Professional Acting Coach | Audition & LAMDA Training,,,77,53824,2026-09-11T22:07:00.811010715Z,"['AWS WAF Challenge', 'Alternate Protocol', 'Amazon WAF Blocked', 'Authorize.net', 'Cloudflare', 'Cloudflare CDN', 'Cloudflare Web Analytics', 'Content Delivery Network', 'Express', 'Fireblade', 'Google', 'Google Cloud CDN', 'Google Cloud DNS', 'Google Cloud Storage', 'Google Font API', 'KVH', 'Nuxt.js', 'Tailwind CSS', 'UTF-8', 'Unix', 'Unsplash']"
cashlocals.com,Cash Locals,,,62,43824,2026-09-11T22:07:00.792768352Z,"['AWS WAF Challenge', 'Alternate Protocol', 'Amazon WAF Blocked', 'Authorize.net', 'Cloudflare', 'Cloudflare CDN', 'Content Delivery Network', 'Facebook Conversion Tracking', 'Facebook Pixel', 'Facebook Reseller', 'Facebook Tag API', 'GZIP Module', 'Google', 'Google Cloud CDN', 'Google Cloud DNS', 'Google Cloud Storage', 'Google Font API', 'Instagram Follow Button', 'K2F', 'Nuxt.js', 'QUIC', 'Tailwind CSS', 'Thank You', 'UTF-8', 'Unsplash', 'shadcn ui']"
kristianjohansen.dk,Kristian Johansen – Front-end developer in Copenhagen,,JAM,57,,2026-09-11T21:57:01.149967564Z,"['Apture Linking Platform', 'Content Delivery Network', 'Instagram Follow Button', 'Netlify', 'Nuxt.js', 'UTF-8']"
emmabitz.com.au,"The Wellness Mentor | Women's Health, Nutrition & Well-Being",,,62,33740,2026-09-11T21:57:01.149010913Z,"['AWS WAF Challenge', 'Alternate Protocol', 'Authorize.net', 'Cloudflare', 'Cloudflare Web Analytics', 'Content Delivery Network', 'Fireblade', 'Google', 'Google Cloud CDN', 'Google Cloud DNS', 'Google Cloud Storage', 'Google Font API', 'Instagram Follow Button', 'Nuxt.js', 'UTF-8']"
signalsav.com,Home Automation & Audio Video Installation LA & Palm Desert | SIGNALS,,USA,72,126240,2026-09-11T21:57:01.138602793Z,"['Alternate Protocol', 'Authorize.net', 'Cloudflare', 'Cloudflare Web Analytics', 'Content Delivery Network', 'Fireblade', 'Google', 'Google Analytics', 'Google Cloud CDN', 'Google Cloud DNS', 'Google Cloud Storage', 'Google Font API', 'Google My Business', 'Google Tag Manager', 'Instagram Follow Button', 'Nuxt.js', 'QUIC', 'SMC', 'Signals', 'UTF-8', 'shadcn ui']"
soshvac62.com,"AC Repair in Poplarville, MS | SOS Air Conditioning, Heating & Electrical",,USA,82,19460,2026-09-11T21:42:42.655799817Z,"['Alternate Protocol', 'Authorize.net', 'Cloudflare', 'Cloudflare Web Analytics', 'Content Delivery Network', 'Fireblade', 'Google', 'Google Analytics', 'Google Cloud CDN', 'Google Cloud DNS', 'Google Cloud Storage', 'Google Font API', 'Google My Business', 'Google Related Website Sites', 'Google Tag Manager', 'Microdata for Google Shopping', 'Nuxt.js', 'QUIC', 'UTF-8', 'Yelp Badge']"
pathfinderglobalsolutions.com,Pathfinder Global Solutions,,USA,77,18740,2026-09-11T21:42:42.64384171Z,"['Alternate Protocol', 'Authorize.net', 'Cloudflare', 'Cloudflare Web Analytics', 'Content Delivery Network', 'Express', 'Facebook Conversion Tracking', 'Facebook Pixel', 'Facebook Reseller', 'Facebook Tag API', 'Fireblade', 'Google', 'Google Cloud CDN', 'Google Cloud DNS', 'Google Cloud Storage', 'Google Font API', 'Instagram Follow Button', 'Nuxt.js', 'UTF-8', 'shadcn ui']"
galacticbetscasino.com,Galactic Bets Casino: Stellar Rewards and Secure Play,,,72,2648,2026-09-11T21:42:42.630825189Z,"['Apture Linking Platform', 'Content Delivery Network', 'Digital Ocean Spaces', 'Express', 'Gambling Content', 'Matomo', 'Matomo Tag Manager', 'Microdata for Google Shopping', 'Nginx', 'Nuxt.js', 'Pico CSS', 'QUIC', 'UTF-8']"
byronntea.com,Byronn Tea - Home,,LKA,72,35040,2026-09-11T21:23:40.458582774Z,"['Alternate Protocol', 'Cloudflare', 'Cloudflare CDN', 'Cloudflare Web Analytics', 'Endis', 'Fireblade', 'Google Cloud DNS', 'Google Font API', 'Instagram Follow Button', 'Nuxt.js', 'QUIC', 'Tailwind CSS', 'UTF-8', 'Vector Internet Services', 'WhatsApp Sharing', 'shadcn ui']"
argylleventhire.com,Argyll Event Hire Ltd - Home,,,77,22427,2026-09-11T21:17:18.293159912Z,"['Alternate Protocol', 'Authorize.net', 'Cloudflare', 'Cloudflare Web Analytics', 'Coming Soon Page', 'Content Delivery Network', 'Fireblade', 'Google', 'Google Cloud CDN', 'Google Cloud DNS', 'Google Cloud Storage', 'Google Font API', 'HighLevel', 'Instagram Follow Button', 'Nuxt.js', 'UTF-8', 'Unsplash']"
manualnomore.com,"Automate with Ben | Simplify, Save Time, and Scale Your Business",Automator Solutions,USA,77,3889,2026-09-11T21:12:26.902436278Z,"['Alternate Protocol', 'Authorize.net', 'Cloudflare', 'Cloudflare Web Analytics', 'Content Delivery Network', 'Financial Services Guide', 'Google', 'Google Cloud CDN', 'Google Cloud DNS', 'Google Cloud Storage', 'Google Font API', 'Microdata for Google Shopping', 'Nuxt.js', 'Thank You', 'UTF-8', 'WordPress SEO Structured Data Schema Plugin', 'YouTube']"
lensbabyomni.com,Get Your Free Lensbaby OMNI Mini,,,77,21580,2026-09-11T21:12:26.876257691Z,"['Alternate Protocol', 'Amazon', 'Apture Linking Platform', 'Aruba', 'Authorize.net', 'Bunny Fonts', 'Cloudflare', 'Cloudflare Web Analytics', 'Content Delivery Network', 'DAV', 'Express', 'Facebook Conversion Tracking', 'Facebook Pixel', 'Facebook Reseller', 'Facebook Tag API', 'Fireblade', 'Google', 'Google Analytics', 'Google Cloud CDN', 'Google Cloud DNS', 'Google Cloud Storage', 'Google Font API', 'Google Tag Manager', 'Nuxt.js', 'Perl', 'QUIC', 'UTF-8', 'Vercel', 'eLand', 'shadcn ui']"
garciainvestmentteam.com,Sell Your House Fast for Cash | Garcia Investment Team,,,67,18740,2026-09-11T21:01:33.624987752Z,"['AWS WAF Challenge', 'Alternate Protocol', 'Authorize.net', 'Cloudflare', 'Cloudflare Web Analytics', 'Content Delivery Network', 'Google', 'Google Cloud CDN', 'Google Cloud DNS', 'Google Cloud Storage', 'Google Font API', 'Nuxt.js', 'QUIC', 'UTF-8', 'shadcn ui']"
drteridavis.com,Dr. Teri Davis - Mental Health Therapy in San Marcos & Online,,USA,87,54100,2026-09-11T21:01:33.621688011Z,"['AWS WAF Challenge', 'Adobe Creative Cloud WebFonts', 'Alternate Protocol', 'Authorize.net', 'Cloudflare', 'Cloudflare Web Analytics', 'Content Delivery Network', 'DAV', 'Fireblade', 'Google', 'Google Analytics', 'Google Cloud CDN', 'Google Cloud DNS', 'Google Cloud Storage', 'Google Font API', 'Google Tag Manager', 'Instagram Follow Button', 'KVH', 'Nuxt.js', 'UTF-8', 'YouTube']"
precisionproservice.com,Precision Pro Services,,USA,80,19109,2026-09-11T21:01:33.596888772Z,"['Alternate Protocol', 'Authorize.net', 'Cloudflare', 'Cloudflare Web Analytics', 'Coming Soon Page', 'Content Delivery Network', 'Corporate Governance and Regulatory Compliance', 'Fireblade', 'Google', 'Google Analytics', 'Google Cloud CDN', 'Google Cloud DNS', 'Google Cloud Storage', 'Google Font API', 'Google My Business', 'Google Tag Manager', 'Instagram Follow Button', 'No-Q', 'Nuxt.js', 'Perl', 'QUIC', 'UTF-8']"
eventopiasolutions.com,Your Premier Photo Booth Rentals,,,67,44280,2026-09-11T21:01:33.58730173Z,"['Alternate Protocol', 'Apture Linking Platform', 'Authorize.net', 'Cloudflare', 'Cloudflare Web Analytics', 'Content Delivery Network', 'Fireblade', 'Google', 'Google Cloud CDN', 'Google Cloud DNS', 'Google Cloud Storage', 'Google Font API', 'K2F', 'Nuxt.js', 'UTF-8', 'Vimeo', 'Vimeo CDN']"
gts4ventures.com,Reliable Real Estate Funding Solutions | Fast & Flexible Financing,,,67,18740,2026-09-11T21:01:33.583695648Z,"['Alternate Protocol', 'Authorize.net', 'Cloudflare', 'Cloudflare Web Analytics', 'Content Delivery Network', 'Fireblade', 'Google', 'Google Cloud CDN', 'Google Cloud DNS', 'Google Cloud Storage', 'Google Font API', 'Nuxt.js', 'QUIC', 'UTF-8']"
keenesmicrogreens.com,Microgreens Home Delivery,,USA,77,3740,2026-09-11T20:49:01.859453611Z,"['Alternate Protocol', 'Authorize.net', 'Content Delivery Network', 'GZIP Module', 'Google', 'Google Cloud CDN', 'Google Cloud DNS', 'Google Cloud Storage', 'Google Font API', 'Nuxt.js', 'QUIC', 'UTF-8']"
m-lunasverige.se,M-Luna Sverige,,SWE,82,18740,2026-09-11T20:49:01.858959706Z,"['Alternate Protocol', 'Authorize.net', 'Cloudflare', 'Cloudflare Web Analytics', 'Content Delivery Network', 'Fireblade', 'Google', 'Google Cloud CDN', 'Google Cloud DNS', 'Google Cloud Storage', 'Google Font API', 'Ntent', 'Nuxt.js', 'UTF-8', 'YouTube']"
keepmyhouseclean.com,"Keep My House Clean - House Cleaning in Prosper, Celina, Aubrey & more",,USA,87,19208,2026-09-11T20:41:49.971609795Z,"['501c3 Status Nonprofit', 'Alternate Protocol', 'Authorize.net', 'Cloudflare', 'Cloudflare Web Analytics', 'Content Delivery Network', 'Fireblade', 'Google', 'Google Cloud CDN', 'Google Cloud DNS', 'Google Cloud Storage', 'Google Font API', 'IcoMoon', 'Instagram Follow Button', 'Nuxt.js', 'UTF-8']"
contractorclosingsystem.com,Contractor AI Lead Generation and Closing System,,,77,29304,2026-09-11T19:49:28.976445135Z,"['Alternate Protocol', 'Apture Linking Platform', 'Authorize.net', 'Better Lead Generation Services', 'Bunny Fonts', 'Cloudflare', 'Cloudflare Web Analytics', 'Content Delivery Network', 'Facebook Conversion Tracking', 'Facebook Pixel', 'Facebook Reseller', 'Facebook Tag API', 'Fireblade', 'Google', 'Google Cloud CDN', 'Google Cloud DNS', 'Google Cloud Storage', 'HighLevel', 'Nuxt.js', 'Prospective', 'QUIC', 'UTF-8', 'shadcn ui']"
585performance.com,585performance,,,47,354,2026-09-11T19:49:28.972237305Z,"['Alternate Protocol', 'BrandCrowd Website Builder', 'CoreUI', 'GZIP Module', 'Google', 'Google Cloud DNS', 'Google Font API', 'Instagram Follow Button', 'Nuxt.js', 'QUIC', 'UTF-8', 'Unsplash']"
evolvedmedia.co,15+ high-paying clients in the next 90,,,67,23804,2026-09-11T19:43:50.11263181Z,"['Alternate Protocol', 'Authorize.net', 'Cloudflare', 'Cloudflare Web Analytics', 'Content Delivery Network', 'Facebook Conversion Tracking', 'Facebook Pixel', 'Facebook Reseller', 'Facebook Tag API', 'Fireblade', 'Google', 'Google Cloud CDN', 'Google Cloud DNS', 'Google Cloud Storage', 'Google Font API', 'HighLevel', 'NFOrce Internet', 'Nuxt.js', 'Privacy Policy Generator', 'UTF-8']"
mp-consultancy.org,MP Consultancy,,,62,4899,2026-09-11T19:33:03.586987907Z,"['BrandCrowd Website Builder', 'CoreUI', 'GZIP Module', 'Google', 'Google Analytics', 'Google Cloud DNS', 'Google Font API', 'Google Tag Manager', 'IcoMoon', 'NFOrce Internet', 'Nuxt.js', 'QUIC', 'UTF-8', 'Unsplash']"
leestestones.com,Home | Leeste Stones,,CHN,67,53588,2026-09-11T19:33:03.582833492Z,"['Alternate Protocol', 'ElementUI', 'Fastly', 'GZIP Module', 'Google Analytics', 'Google Related Website Sites', 'Google Tag Manager', 'IcoMoon', 'Instagram Follow Button', 'Nginx', 'Nuxt.js', 'SMC', 'Sitelinks Search Box', 'Tailwind CSS', 'Twitter Ads', 'UTF-8', 'YouTube', 'shadcn ui']"
cataxservice.org,Professional Tax Preparation in Houston C & A Tax Services,,USA,87,35024,2026-09-11T19:33:03.575509318Z,"['AWS WAF Challenge', 'Alternate Protocol', 'Amazon WAF Blocked', 'Authorize.net', 'Cloudflare', 'Cloudflare CDN', 'Cloudflare Web Analytics', 'Content Delivery Network', 'Ethy', 'Fireblade', 'Google', 'Google Cloud CDN', 'Google Cloud DNS', 'Google Cloud Storage', 'Google Font API', 'Google My Business', 'Nuxt.js', 'QUIC', 'Tailwind CSS', 'UTF-8', 'University or College', 'Unsplash']"
kshotphotobooth.com,KShot Photo Booth: Tampa’s Go-To Photo Booth Experience,,,77,19280,2026-09-11T19:33:03.557744586Z,"['Alternate Protocol', 'Apture Linking Platform', 'Authorize.net', 'Cloudflare', 'Cloudflare Web Analytics', 'Content Delivery Network', 'Financial Services Guide', 'Fireblade', 'Google', 'Google Analytics', 'Google Cloud CDN', 'Google Cloud DNS', 'Google Cloud Storage', 'Google Font API', 'Google Tag Manager', 'Nuxt.js', 'QUIC', 'UTF-8', 'Vimeo', 'Vimeo CDN']"
charityconsultantsuk.com,Charity Consultants UK,,,77,18824,2026-09-11T19:22:49.907002915Z,"['Alternate Protocol', 'Authorize.net', 'Cloudflare', 'Cloudflare Web Analytics', 'Content Delivery Network', 'Fireblade', 'Google', 'Google Cloud CDN', 'Google Cloud DNS', 'Google Cloud Storage', 'Google Font API', 'Nuxt.js', 'QUIC', 'Say what', 'Thank You', 'UTF-8', 'Unsplash']"
dansomconsultancy.org,Home | Dansom Research & Consultancy,,KEN,82,54570,2026-09-11T19:22:49.906903936Z,"['Apture Linking Platform', 'Cloudinary', 'Content Delivery Network', 'DAV', 'Financial Services Guide', 'Microdata for Google Shopping', 'No-Q', 'Nuxt.js', 'SMC', 'Tailwind CSS', 'UTF-8', 'Vercel', 'shadcn ui']"
rjsflooringinstallation.com,"RJ’s Flooring Installation, LLC",,,47,270,2026-09-11T19:13:35.946823327Z,"['BrandCrowd Website Builder', 'CoreUI', 'GZIP Module', 'Google', 'Google Cloud DNS', 'Google Font API', 'Instagram Follow Button', 'Nuxt.js', 'QUIC', 'Twitter Ads', 'UTF-8']"
nsbusinesscoaching.com,North Star Business Coaching,,,70,34223,2026-09-11T19:13:35.937328326Z,"['AWS WAF Challenge', 'Alternate Protocol', 'Amazon S3 CDN', 'Authorize.net', 'Cloudflare', 'Cloudflare Web Analytics', 'Coming Soon Page', 'Content Delivery Network', 'Fireblade', 'Google', 'Google Cloud CDN', 'Google Cloud DNS', 'Google Cloud Storage', 'Google Font API', 'Nuxt.js', 'Storyblocks', 'UTF-8', 'University or College', 'Unsplash']"
turbolinkagency.com,Autominds Automation,,,45,463,2026-09-11T19:13:35.918263433Z,"['Alternate Protocol', 'Authorize.net', 'Cloudflare', 'Cloudflare Web Analytics', 'Content Delivery Network', 'Financial Services Guide', 'Google', 'Google Cloud CDN', 'Google Cloud DNS', 'Google Cloud Storage', 'Google Font API', 'Nuxt.js', 'Queue', 'Thank You', 'UTF-8', 'shadcn ui']"
ajcreditpros.com,AJ Credit Pros,,USA,82,18740,2026-09-11T19:13:35.904413643Z,"['Alternate Protocol', 'Authorize.net', 'Cloudflare', 'Cloudflare Web Analytics', 'Content Delivery Network', 'Fireblade', 'Google', 'Google Cloud CDN', 'Google Cloud DNS', 'Google Cloud Storage', 'Google Font API', 'Nuxt.js', 'QUIC', 'UTF-8', 'shadcn ui']"
forevertechhome.com,Free Live Tech Masterclass with Julie & Cathy,,,62,65780,2026-09-11T19:03:01.02136025Z,"['AWS WAF Challenge', 'Alternate Protocol', 'Amazon WAF Blocked', 'Authorize.net', 'Cloudflare', 'Cloudflare CDN', 'Cloudflare Web Analytics', 'Content Delivery Network', 'DAV', 'Facebook Conversion Tracking', 'Facebook Pixel', 'Facebook Reseller', 'Facebook Tag API', 'Fireblade', 'Google', 'Google Analytics', 'Google Cloud CDN', 'Google Cloud DNS', 'Google Cloud Storage', 'Google Font API', 'Google Tag Manager', 'Hotjar', 'Hyros', 'M247', 'Nuxt.js', 'Tailwind CSS', 'UTF-8']"
securedstartacademy.com,Secured Start Academy | Comprehensive Cybersecurity Training Programs,,,67,34070,2026-09-11T19:03:01.012300785Z,"['AWS WAF Challenge', 'Alternate Protocol', 'Authorize.net', 'Cloudflare', 'Cloudflare Web Analytics', 'Content Delivery Network', 'Fireblade', 'Google', 'Google Cloud CDN', 'Google Cloud DNS', 'Google Cloud Storage', 'Google Font API', 'No-Q', 'Nuxt.js', 'UTF-8']"
thinh.io.vn,Thinh Le,,,42,102,2026-09-11T19:03:01.011193117Z,"['Accelerated Mobile Pages', 'Content Delivery Network', 'Font Awesome', 'GitHub Hosting', 'Google Adsense', 'Google Analytics', 'Google Cloud DNS', 'Google Font API', 'Google Funding Choices', 'Google Matched Content', 'Google Related Website Sites', 'Google Reseller', 'Google Tag Manager', 'Headless UI', 'Nuxt.js', 'Tailwind CSS', 'UTF-8', 'Vercel', 'Web Stories']"
telaris.net,Telaris,,,55,16627,2026-09-11T18:45:23.208087669Z,"['Alternate Protocol', 'Apture Linking Platform', 'Authorize.net', 'Content Delivery Network', 'GZIP Module', 'Google', 'Google Cloud CDN', 'Google Cloud DNS', 'Google Cloud Storage', 'Google Font API', 'HighLevel', 'Ntent', 'Nuxt.js', 'QUIC', 'SMC', 'Thank You', 'UTF-8']"
princityle.com.tw,則式網頁設計所｜RWD 客製化網頁規劃公司（工作室）、互動式網站設計、線上購物車系統,,,42,,2026-09-11T18:45:23.196408609Z,"['GZIP Module', 'GitHub Hosting', 'Google Analytics', 'Google Tag Manager', 'Nginx', 'Nuxt.js', 'UTF-8']"
alfonsorodriguezjrnotary.com,ALFONSO RODRIGUEZ JR,,PHL,82,18740,2026-09-11T18:38:12.334270221Z,"['Alternate Protocol', 'Authorize.net', 'Cloudflare', 'Cloudflare Web Analytics', 'Content Delivery Network', 'Fireblade', 'Google', 'Google Cloud CDN', 'Google Cloud DNS', 'Google Cloud Storage', 'Google Font API', 'Instagram Follow Button', 'Nuxt.js', 'UTF-8']"
johnhowe.design,portfolio,,,42,3,2026-09-11T18:38:12.33309963Z,"['Content Delivery Network', 'GitHub Hosting', 'Google Cloud DNS', 'Google Font API', 'Netlify', 'Nuxt.js', 'UTF-8', 'shadcn ui']"
sputnik-gear.ua,Suputnyk-Gear - Tactical equipment for armed professionals,SUPUTNYK-GEAR – спорядження для озброєних професіоналів,UKR,77,17700,2026-09-11T18:27:57.29484212Z,"['Alternate Protocol', 'Cloudflare', 'Cloudflare CDN', 'Ethy', 'Fireblade', 'Google Analytics', 'Google Tag Manager', 'Instagram Follow Button', 'NFOrce Internet', 'Nuxt.js', 'Perl', 'QUIC', 'Telegram', 'UTF-8', 'YouTube']"
dontwaitcommunicate.com,Personalized Speech Therapy!,,,62,18740,2026-09-11T18:27:57.292780336Z,"['AWS WAF Challenge', 'Alternate Protocol', 'Authorize.net', 'Content Delivery Network', 'Express', 'GZIP Module', 'Google', 'Google Cloud CDN', 'Google Cloud DNS', 'Google Cloud Storage', 'Google Font API', 'Google My Business', 'Investor Relations', 'Nuxt.js', 'Thank You', 'UTF-8', 'shadcn ui']"
edsbootcamp.ca,EDS Bootcamp,,,42,663,2026-09-11T18:27:57.291687371Z,"['AWS WAF Challenge', 'Alternate Protocol', 'Amazon WAF Blocked', 'Authorize.net', 'Cloudflare', 'Cloudflare CDN', 'Cloudflare Web Analytics', 'Coming Soon Page', 'Content Delivery Network', 'Google', 'Google Cloud CDN', 'Google Cloud DNS', 'Google Cloud Storage', 'Google Font API', 'Nuxt.js', 'Tailwind CSS', 'UTF-8']"
meetworkato.com,Govern & Scale Enterprise AI on the #1 iPaaS | Workato,Workato,USA,82,312288,2026-09-11T18:17:34.526141063Z,"['AAPT', 'Adobe Creative Cloud WebFonts', 'Alternate Protocol', 'Amazon', 'Amazon CloudFront', 'Amazon Route 53', 'CDN JS', 'Cisco/Arrowpoint Content Service Switch', 'CloudFront', 'Cloudflare', 'Cloudflare CDN', 'Content Delivery Network', 'DAV', 'Ethy', 'Express', 'Financial Services Guide', 'GZIP Module', 'Google', 'Google Cloud DNS', 'Google Font API', 'Google Related Website Sites', 'HHVM', 'Instagram Follow Button', 'K2F', 'KVH', 'Microdata for Google Shopping', 'Nginx', 'No-Q', 'Nuxt.js', 'OmniConvert', 'Onyx Internet', 'QUIC', 'SMC', 'Salesforce Hosted', 'Schema Plugin', 'Subversion', 'TrustRadius', 'Twitter Ads', 'UTF-8', 'Vector Internet Services', 'WordPress', 'YouTube', 'Zope']"
thelearningdogacademy.com,"Learning Dog Behavior & Enrichment Services | Dog Training & Behavior Support in Livingston County, MI",,USA,82,18740,2026-09-11T18:17:34.519456Z,"['Alternate Protocol', 'Authorize.net', 'Cloudflare', 'Cloudflare Web Analytics', 'Content Delivery Network', 'Fireblade', 'Google', 'Google Cloud CDN', 'Google Cloud DNS', 'Google Cloud Storage', 'Google Font API', 'Nuxt.js', 'Subversion', 'UTF-8']"
legacygrowth.life,Legacy Growth Consulting,,,67,18824,2026-09-11T18:17:34.503564736Z,"['Alternate Protocol', 'Apture Linking Platform', 'Authorize.net', 'Cloudflare', 'Cloudflare Web Analytics', 'Content Delivery Network', 'Fireblade', 'Google', 'Google Analytics', 'Google Cloud CDN', 'Google Cloud DNS', 'Google Cloud Storage', 'Google Font API', 'Google Tag Manager', 'Nuxt.js', 'UTF-8', 'Unsplash', 'shadcn ui']"
theactionchiro.com,Action Chiropractic,,,57,547,2026-09-11T18:04:30.071489456Z,"['Alternate Protocol', 'Authorize.net', 'Content Delivery Network', 'DAV', 'GZIP Module', 'Google', 'Google Cloud CDN', 'Google Cloud DNS', 'Google Cloud Storage', 'Google Font API', 'Google My Business', 'Instagram Follow Button', 'Nuxt.js', 'QUIC', 'UTF-8', 'Unsplash']"
frauscher-sensortechnik.at,Frauscher Sensor Technology: Your partner for confidence | Frauscher,,DEU,82,45658,2026-09-11T18:04:30.058645443Z,"['AWS WAF Challenge', 'Alternate Protocol', 'Amazon', 'Amazon CloudFront', 'Amazon Route 53', 'CloudFront', 'Content Delivery Network', 'DoubleClick Bid Manager', 'Fastly', 'Fireblade', 'Friendly Captcha', 'GZIP Module', 'Google Analytics', 'Google Cloud DNS', 'Google My Business', 'Google Tag Manager', 'Instagram Follow Button', 'Interchange', 'Investor Relations', 'Microdata for Google Shopping', 'NFOrce Internet', 'Nginx', 'Nuxt.js', 'OneTrust Domain Verification', 'QUIC', 'RM Education', 'Share Link', 'Storyblocks', 'Tailwind CSS', 'Thank You', 'Twitter Ads', 'UTF-8', 'University or College', 'YouTube', 'eLand', 'shadcn ui']"
avroofingllcwa.com,"Roofing Company in Lynnwood, WA | Installation, Repair, TPO & Metal",,USA,77,33980,2026-09-11T17:46:12.999168921Z,"['AWS WAF Challenge', 'Alternate Protocol', 'Amazon WAF Blocked', 'Authorize.net', 'Cloudflare', 'Cloudflare CDN', 'Cloudflare Web Analytics', 'Content Delivery Network', 'Content ad', 'Express', 'Fancybox for WordPress', 'Fireblade', 'Google', 'Google Cloud CDN', 'Google Cloud DNS', 'Google Cloud Storage', 'Google Font API', 'Google My Business', 'Lazy Load for WordPress', 'Nuxt.js', 'Tailwind CSS', 'UTF-8', 'Vimeo']"
vipmarketingsolutions.org,V.I.P. Marketing Solutions,,,67,3740,2026-09-11T17:29:07.239286666Z,"['Adult Content', 'Alternate Protocol', 'Authorize.net', 'Content Delivery Network', 'Facebook Conversion Tracking', 'Facebook Pixel', 'Facebook Reseller', 'Facebook Tag API', 'GZIP Module', 'Google', 'Google Cloud CDN', 'Google Cloud DNS', 'Google Cloud Storage', 'Google Font API', 'Nuxt.js', 'UTF-8']"
arkinsurancetx.com,Ark Ins: Texas,,USA,72,18740,2026-09-11T17:21:51.395881543Z,"['Alternate Protocol', 'Authorize.net', 'Cloudflare', 'Cloudflare Web Analytics', 'Content Delivery Network', 'DAV', 'Financial Services Guide', 'Fireblade', 'Google', 'Google Cloud CDN', 'Google Cloud DNS', 'Google Cloud Storage', 'Google Font API', 'Instagram Follow Button', 'Nuxt.js', 'Thank You', 'UTF-8', 'YouTube', 'shadcn ui']"
hannahalluresalonspalebanon.com,"Hannah's Allure Hair & Nails salon in Lebanon, NH 03766",,,62,760,2026-09-11T17:21:51.370201243Z,"['Cloudflare', 'Google Cloud DNS', 'Google Font API', 'Google My Business', 'Google Related Website Sites', 'Microdata for Google Shopping', 'Nuxt.js', 'Perl', 'QUIC', 'Schema Plugin', 'Tailwind CSS', 'UTF-8', 'Uponit', 'Yelp Badge', 'YouTube', 'shadcn ui']"
7dayleadsystem.com,7-Day Lead System,,,72,3740,2026-09-11T16:47:17.377358018Z,"['Alternate Protocol', 'Apture Linking Platform', 'Authorize.net', 'Cloudflare', 'Cloudflare Web Analytics', 'Content Delivery Network', 'Financial Services Guide', 'Google', 'Google Analytics', 'Google Cloud CDN', 'Google Cloud DNS', 'Google Cloud Storage', 'Google Font API', 'Google Tag Manager', 'InitiativeS', 'Microsoft Clarity', 'Nuxt.js', 'Perl', 'QUIC', 'UTF-8']"
kleansistersandbrothers.com,"Professional Carpet Cleaning in Houston, TX | Klean Sisters And Brothers Carpet Cleaning",Klean Sisters And Brothers Carpet Cleaning,,82,173740,2026-09-11T16:47:17.370199416Z,"['AWS WAF Challenge', 'Alternate Protocol', 'Amazon WAF Blocked', 'Authorize.net', 'Better Lead Generation Services', 'Boost.ai', 'Cloudflare', 'Cloudflare CDN', 'Cloudflare Web Analytics', 'Content Delivery Network', 'Fireblade', 'Google', 'Google Cloud CDN', 'Google Cloud DNS', 'Google Cloud Storage', 'Google Font API', 'K2F', 'Microdata for Google Shopping', 'Nuxt.js', 'QUIC', 'Tailwind CSS', 'UTF-8', 'University or College', 'shadcn ui']"
aeroconform.ca,aeroconform.com,,,52,2254,2026-09-11T16:33:12.712788296Z,"['BrandCrowd Website Builder', 'CoreUI', 'Envoy', 'GZIP Module', 'Google', 'Google Cloud DNS', 'Google Font API', 'Nuxt.js', 'QUIC', 'RM Education', 'UTF-8', 'Unsplash']"
monicakcoaching.com,Monica K Coaching,Monica K. Coaching,USA,87,34460,2026-09-11T16:15:10.763684444Z,"['AWS WAF Challenge', 'Alternate Protocol', 'Authorize.net', 'Better Lead Generation Services', 'Cloudflare', 'Cloudflare Web Analytics', 'Content Delivery Network', 'Fireblade', 'Google', 'Google Analytics', 'Google Cloud CDN', 'Google Cloud DNS', 'Google Cloud Storage', 'Google Font API', 'Google Related Website Sites', 'Google Tag Manager', 'Instagram Follow Button', 'Microdata for Google Shopping', 'Nuxt.js', 'QUIC', 'UTF-8', 'YouTube']"
elementproperty88.com,方圓地產,,ZAF,67,7219,2026-09-11T16:05:44.051584602Z,"['Coming Soon Page', 'ElementUI', 'GZIP Module', 'Instagram Follow Button', 'Nuxt.js', 'Prospective', 'Site.pro', 'Subversion', 'UTF-8', 'University or College', 'WhatsApp Sharing']"
seopeterborough.uk,Boost Your Local Business Rankings With SEO Peterborough,,CAN,87,18740,2026-09-11T15:57:05.398796628Z,"['Alternate Protocol', 'Authorize.net', 'Bunny Fonts', 'Cloudflare', 'Cloudflare Web Analytics', 'Content Delivery Network', 'Fireblade', 'Google', 'Google Cloud CDN', 'Google Cloud DNS', 'Google Cloud Storage', 'Google My Business', 'Nuxt.js', 'QUIC', 'UTF-8']"
merchantserviceleads.com,"Buy Exclusive Merchant Services Leads – Fresh, Qualified & Ready",,,67,3740,2026-09-11T15:57:05.394088122Z,"['Alternate Protocol', 'Authorize.net', 'Cloudflare', 'Cloudflare Web Analytics', 'Content Delivery Network', 'Google', 'Google Cloud CDN', 'Google Cloud DNS', 'Google Cloud Storage', 'Google Font API', 'Nuxt.js', 'UTF-8', 'shadcn ui']"
miminailsandbeautyglenelg.com.au,Mimi Nails & Beauty in Glenelg SA 5045,,AUS,77,760,2026-09-11T15:47:21.70159256Z,"['Cloudflare', 'Facebook Embedded Posts', 'Google Cloud DNS', 'Google Font API', 'Google My Business', 'Google Related Website Sites', 'Instagram Follow Button', 'Microdata for Google Shopping', 'Nuxt.js', 'Schema Plugin', 'UTF-8']"
vipinsures.com,Customized Insurance Solutions You Trust | VIP Insures,,,87,33979,2026-09-11T15:47:21.687962595Z,"['AWS WAF Challenge', 'Alternate Protocol', 'Amazon WAF Blocked', 'Authorize.net', 'Better Lead Generation Services', 'Cloudflare', 'Cloudflare CDN', 'Cloudflare Web Analytics', 'Commoninja', 'Content Delivery Network', 'Cornerstone', 'Fireblade', 'Google', 'Google Analytics', 'Google Cloud CDN', 'Google Cloud DNS', 'Google Cloud Storage', 'Google Font API', 'Google Maps', 'Google My Business', 'Google Tag Manager', 'Microdata for Google Shopping', 'Nuxt.js', 'Perl', 'QUIC', 'Tailwind CSS', 'Thank You', 'UTF-8', 'Unsplash', 'shadcn ui']"
idealpaintcoca.com,Ideal Painting,,USA,67,33740,2026-09-11T15:36:31.268832528Z,"['AWS WAF Challenge', 'Alternate Protocol', 'Amazon WAF Blocked', 'Authorize.net', 'Cloudflare', 'Cloudflare CDN', 'Cloudflare Web Analytics', 'Content Delivery Network', 'Fireblade', 'Google', 'Google Cloud CDN', 'Google Cloud DNS', 'Google Cloud Storage', 'Google Font API', 'Nuxt.js', 'Tailwind CSS', 'UTF-8']"
davidbryans.com,Homepage Funnel,,,57,7963,2026-09-11T15:36:31.249123608Z,"['Alternate Protocol', 'Authorize.net', 'Bunny Fonts', 'Cloudflare', 'Cloudflare Web Analytics', 'Content Delivery Network', 'DAV', 'Fireblade', 'Google', 'Google Cloud CDN', 'Google Cloud DNS', 'Google Cloud Storage', 'Nuxt.js', 'UTF-8']"
jeremyallenfitness.com,Get fit with Jeremy Allen Fitness!,,,62,18824,2026-09-11T15:36:31.236716497Z,"['AWS WAF Challenge', 'Alternate Protocol', 'Amazon WAF Blocked', 'Authorize.net', 'Cloudflare', 'Cloudflare CDN', 'Content Delivery Network', 'Facebook Conversion Tracking', 'Facebook Pixel', 'Facebook Reseller', 'Facebook Tag API', 'GZIP Module', 'Google', 'Google Cloud CDN', 'Google Cloud DNS', 'Google Cloud Storage', 'Google Font API', 'Instagram Follow Button', 'Nuxt.js', 'Tailwind CSS', 'Thank You', 'UTF-8', 'Unsplash', 'YouTube', 'shadcn ui']"
summitmachineworks.com,Home | Summit Machine Works,Summit Machine Works,,77,18740,2026-09-11T15:26:55.676150586Z,"['Alternate Protocol', 'Authorize.net', 'Cloudflare', 'Cloudflare Web Analytics', 'Content Delivery Network', 'Fireblade', 'Google', 'Google Cloud CDN', 'Google Cloud DNS', 'Google Cloud Storage', 'Google Font API', 'Microdata for Google Shopping', 'Nuxt.js', 'UTF-8', 'shadcn ui']"
tanglaorealty.com,Tanglao Realty Corporation | Central Luzon Real Estate Experts Since 2015,,PHL,77,3740,2026-09-11T15:22:19.253817239Z,"['Alternate Protocol', 'Authorize.net', 'Cloudflare', 'Cloudflare Web Analytics', 'Content Delivery Network', 'Google', 'Google Cloud CDN', 'Google Cloud DNS', 'Google Cloud Storage', 'Google Font API', 'Instagram Follow Button', 'Nuxt.js', 'UTF-8', 'YouTube', 'shadcn ui']"
albanr.com,Alba NR — Portfolio,,GBR,75,4800,2026-09-11T15:22:19.232500707Z,"['Adult Content', 'Content Delivery Network', 'Fastly', 'GZIP Module', 'GitHub Hosting', 'Google', 'Nuxt.js', 'Tailwind CSS', 'UTF-8', 'University or College']"
weightlossgrowth.com,Weight Loss Growth,,,72,89070,2026-09-11T15:22:19.219201896Z,"['AAPT', 'Alternate Protocol', 'Apture Linking Platform', 'Authorize.net', 'Cloudflare', 'Cloudflare Web Analytics', 'Content Delivery Network', 'Fireblade', 'Google', 'Google Cloud CDN', 'Google Cloud DNS', 'Google Cloud Storage', 'Google Font API', 'No-Q', 'Nuxt.js', 'QUIC', 'SMC', 'UTF-8', 'shadcn ui']"
tnailsalonroyaloak.com,"T Nail Salon | Favorite nail salon in Royal Oak, MI 48073",,,62,760,2026-09-11T15:11:16.486702226Z,"['Cloudflare', 'Google Cloud DNS', 'Google Font API', 'Google My Business', 'Google Related Website Sites', 'ID Services', 'Instagram Follow Button', 'Microdata for Google Shopping', 'Nuxt.js', 'QUIC', 'Schema Plugin', 'UTF-8']"
commandinfluencepr.com,Command Influence PR,,,62,18740,2026-09-11T15:11:16.481950395Z,"['AWS WAF Challenge', 'Alternate Protocol', 'Amazon WAF Blocked', 'Authorize.net', 'Cloudflare', 'Cloudflare CDN', 'Content Delivery Network', 'Facebook Conversion Tracking', 'Facebook Pixel', 'Facebook Reseller', 'Facebook Tag API', 'GZIP Module', 'Google', 'Google Analytics', 'Google Cloud CDN', 'Google Cloud DNS', 'Google Cloud Storage', 'Google Font API', 'Google Tag Manager', 'Instagram Follow Button', 'Nuxt.js', 'QUIC', 'Tailwind CSS', 'Thank You', 'UTF-8', 'YouTube']"
drivesets.de,Demcon industrial systems - partner for production technology.,Demcon industrial systems,NLD,85,50428,2026-09-11T14:51:30.017333214Z,"['AWS WAF Challenge', 'Alternate Protocol', 'Apture Linking Platform', 'Content Delivery Network', 'DoubleClick Bid Manager', 'Financial Services Guide', 'Fireblade', 'GZIP Module', 'Gandi', 'Google', 'Google Analytics', 'Google Cloud DNS', 'Google My Business', 'Google Recommendations AI', 'Google Reseller', 'Google Tag Manager', 'Instagram Follow Button', 'NFOrce Internet', 'Nuxt.js', 'Perl', 'QUIC', 'Snoobi', 'UTF-8', 'University or College', 'YouTube', 'eLand']"
midnightmurderama.com,Welcome to Midnight Murderama,,,62,1760,2026-09-11T14:44:55.809971282Z,"['Cloudflare', 'Cloudflare Web Analytics', 'Content Delivery Network', 'DAV', 'Express', 'GitHub Hosting', 'Google My Business', 'Gravity', 'Heroku', 'Instagram Follow Button', 'Nuxt.js', 'Pantheon', 'QUIC', 'Twitter Ads', 'UTF-8', 'University or College']"
highdesertestates.net,"High Desert Estates: New Rental Townhomes in Quincy, WA",,USA,82,4460,2026-09-11T14:44:55.796971612Z,"['Alternate Protocol', 'Authorize.net', 'Cloudflare', 'Cloudflare Web Analytics', 'Content Delivery Network', 'Google', 'Google Analytics', 'Google Cloud CDN', 'Google Cloud DNS', 'Google Cloud Storage', 'Google Font API', 'Google My Business', 'Google Related Website Sites', 'Google Tag Manager', 'Instagram Follow Button', 'Nuxt.js', 'QUIC', 'Thank You', 'UTF-8']"
divinetettey.dev,Divine Sedem Tettey | Engineering Team Lead | Divine Codes,,GHA,72,6860,2026-09-11T14:44:55.7873284Z,"['Alternate Protocol', 'Calendly', 'Cloudinary', 'Content Delivery Network', 'GitHub Hosting', 'Google', 'Google Cloud DNS', 'Google Font API', 'Microdata for Google Shopping', 'Netlify', 'Ntent', 'Nuxt.js', 'Tailwind CSS', 'UTF-8', 'shadcn ui']"
sync-biosystems.nl,Sync Biosystems,Sync Biosystems,NLD,72,55167,2026-09-11T14:44:55.742578624Z,"['AWS WAF Challenge', 'Alternate Protocol', 'Apture Linking Platform', 'Coming Soon Page', 'Content Delivery Network', 'DoubleClick Bid Manager', 'Financial Services Guide', 'Fireblade', 'GZIP Module', 'Google', 'Google Analytics', 'Google Cloud DNS', 'Google My Business', 'Google Recommendations AI', 'Google Reseller', 'Google Tag Manager', 'NFOrce Internet', 'Nuxt.js', 'Perl', 'Snoobi', 'Thank You', 'UTF-8', 'Vector Internet Services', 'YouTube', 'eLand']"
cnonline.co.uk,C&N,,,57,770,2026-09-11T14:35:43.43496711Z,"['BrandCrowd Website Builder', 'CoreUI', 'GZIP Module', 'Google', 'Google Cloud DNS', 'Google Font API', 'Instagram Follow Button', 'NFOrce Internet', 'Nuxt.js', 'Parcel', 'QUIC', 'UTF-8']"
northpointdiversified.com,Northpoint Diversified,,USA,77,18740,2026-09-11T14:29:37.275240888Z,"['Alternate Protocol', 'Authorize.net', 'Cloudflare', 'Cloudflare Web Analytics', 'Content Delivery Network', 'Fireblade', 'Google', 'Google Cloud CDN', 'Google Cloud DNS', 'Google Cloud Storage', 'Google Font API', 'Nuxt.js', 'UTF-8', 'shadcn ui']"
theintentionalagent.com,Lead Funnels & Marketing Systems For Real Estate Pros,,,67,68740,2026-09-11T14:29:37.268246144Z,"['Alternate Protocol', 'Apture Linking Platform', 'Authorize.net', 'Better Lead Generation Services', 'Cloudflare', 'Cloudflare Web Analytics', 'Content Delivery Network', 'Fireblade', 'Google', 'Google Cloud CDN', 'Google Cloud DNS', 'Google Cloud Storage', 'Google Font API', 'Ntent', 'Nuxt.js', 'QUIC', 'SMC', 'Thank You', 'UTF-8']"
jbsporthomes.co.uk,JB Sporthomes Campervan Conversions Warwickshire,,GBR,77,18824,2026-09-11T14:17:35.213245574Z,"['AWS WAF Challenge', 'Adult Content', 'Alternate Protocol', 'Amazon WAF Blocked', 'Authorize.net', 'Cloudflare', 'Cloudflare CDN', 'Content Delivery Network', 'GZIP Module', 'Google', 'Google Cloud CDN', 'Google Cloud DNS', 'Google Cloud Storage', 'Google Font API', 'Google My Business', 'Instagram Follow Button', 'Nuxt.js', 'Tailwind CSS', 'UTF-8', 'Unsplash']"
cultcontentlabs.com,Cult Content,,,67,4019,2026-09-11T14:09:21.803844661Z,"['Alternate Protocol', 'AnyChat', 'Authorize.net', 'CDN JS', 'Cloudflare', 'Cloudflare CDN', 'Font Awesome', 'Framer Sites', 'Google', 'Google Cloud CDN', 'Google Cloud DNS', 'Google Cloud Storage', 'Google Font API', 'Harbor', 'Instagram Follow Button', 'Ntent', 'Nuxt.js', 'UTF-8', 'YouTube']"
optimalrcm.com,OptimalMD | Healthcare Made Affordable | Employers and Individuals,"OptimalMD Technologies, LLC",USA,82,18940,2026-09-11T14:09:21.795910639Z,"['Alternate Protocol', 'Amazon WAF Blocked', 'App Store', 'Authorize.net', 'Better Lead Generation Services', 'Cloudflare', 'Cloudflare Web Analytics', 'Content Delivery Network', 'Fireblade', 'GTranslate', 'Google', 'Google Cloud CDN', 'Google Cloud DNS', 'Google Cloud Storage', 'Google Font API', 'Google My Business', 'Google Play', 'Instagram Follow Button', 'Microdata for Google Shopping', 'Nuxt.js', 'QUIC', 'UTF-8', 'YouTube']"
bestyetlaunderette.com,"Best Yet Launderette, Wallingford",,GBR,72,,2026-09-11T14:09:21.789445649Z,"['Amazon CloudFront', 'App Store', 'CloudFront', 'Cloudflare', 'Cloudflare CDN', 'Fancybox for WordPress', 'Google Analytics', 'Google Customer Reviews', 'Google My Business', 'Google Play', 'Google Tag Manager', 'Instagram Follow Button', 'Nuxt.js', 'UTF-8', 'Yelp Badge', 'jsDelivr']"
brillwoodcapital-advisors.com,"Brilwood Capital Partners — Capital Raising, Debt, Equity, and Strategic Advisory (Dubai · New York · New Delhi · London · Hong Kong · Zurich · South Africa)",,CHN,87,384457,2026-09-11T14:00:39.584178616Z,"['34SP.com', 'AAPT', 'Alternate Protocol', 'Apture Linking Platform', 'Apyl', 'Authorize.net', 'CCSI', 'Cloudflare', 'Cloudflare Web Analytics', 'Content Delivery Network', 'DAV', 'DC74', 'Drata', 'Federal Deposit Insurance Corporation', 'Financial Industry Regulatory Authority', 'Financial Services Guide', 'Fireblade', 'Formspree', 'GZIP Module', 'Google', 'Google Cloud CDN', 'Google Cloud DNS', 'Google Cloud Storage', 'Google Font API', 'Google My Business', 'HHVM', 'HMDG', 'IPFS', 'Idaq', 'Investor Relations', 'K2F', 'KVH', 'Microdata for Google Shopping', 'No-Q', 'Nuxt.js', 'Onyx Internet', 'PHP', 'Paessler', 'Perl', 'QUIC', 'SMC', 'Salesforce Hosted', 'Siweb', 'Subversion', 'Tailwind CSS', 'Thank You', 'The Deck', 'UTF-8', 'Unix', 'Vector Internet Services', 'Visx', 'W3 Total Cache']"
myroadreadytrailers.com,Road Ready Trailers,,,62,22304,2026-09-11T13:54:03.390664281Z,"['Alternate Protocol', 'Authorize.net', 'Bunny Fonts', 'Cloudflare', 'Cloudflare Web Analytics', 'Content Delivery Network', 'Fireblade', 'Google', 'Google Analytics', 'Google Cloud CDN', 'Google Cloud DNS', 'Google Cloud Storage', 'Google Tag Manager', 'HighLevel', 'Nuxt.js', 'UTF-8']"
adrianmax.com,Home,,,55,1663,2026-09-11T13:54:03.356038267Z,"['Alternate Protocol', 'Authorize.net', 'Cloudflare', 'Cloudflare Web Analytics', 'Content Delivery Network', 'DC74', 'Google', 'Google Cloud CDN', 'Google Cloud DNS', 'Google Cloud Storage', 'Google Font API', 'Google My Business', 'Instagram Follow Button', 'Nuxt.js', 'QUIC', 'UTF-8', 'YouTube']"
45grenoble.ca,45grenoble,,FRA,65,7360,2026-09-11T13:54:03.351171585Z,"['Adobe Creative Cloud WebFonts', 'Alternate Protocol', 'Cloudflare', 'Cloudflare CDN', 'Fancybox for WordPress', 'GitHub Hosting', 'Nuxt.js', 'Prospective', 'UTF-8', 'jsDelivr']"
iconicphotobooths.com,Iconic photobooth,,,47,270,2026-09-11T13:45:13.668358353Z,"['BrandCrowd Website Builder', 'CoreUI', 'GZIP Module', 'Google', 'Google Cloud DNS', 'Google Font API', 'Instagram Follow Button', 'Nuxt.js', 'QUIC', 'Twitter Ads', 'UTF-8']"
independentonlineprofits.com,Independent Online Profits,,,67,3740,2026-09-11T13:34:58.764365647Z,"['Alternate Protocol', 'Apture Linking Platform', 'Authorize.net', 'Better Lead Generation Services', 'Content Delivery Network', 'GZIP Module', 'Google', 'Google Cloud CDN', 'Google Cloud DNS', 'Google Cloud Storage', 'Google Font API', 'Nuxt.js', 'QUIC', 'UTF-8', 'University or College', 'shadcn ui']"
quickscalem.com,QuickScale Media | Social Media Marketing for Home Service,,,67,18740,2026-09-11T13:34:58.748130168Z,"['Alternate Protocol', 'Apture Linking Platform', 'Authorize.net', 'Cloudflare', 'Cloudflare Web Analytics', 'Content Delivery Network', 'Fireblade', 'Free Call', 'Google', 'Google Cloud CDN', 'Google Cloud DNS', 'Google Cloud Storage', 'Google Font API', 'Instagram Follow Button', 'Nuxt.js', 'QUIC', 'UTF-8']"
showerdoorspecialist.com,Shower Door Specialist | Expert Supply & Installation Dublin & Ireland,,GBR,57,120,2026-09-11T13:34:58.748504181Z,"['Adobe Creative Cloud WebFonts', 'Bulma', 'GZIP Module', 'GitHub Hosting', 'Material Design Icons', 'Nginx', 'Nuxt.js', 'UTF-8', 'eLand']"
samara-weblab.ru,Antidetect Browser for any task swSpyBrowser (Samara),,RUS,77,69688,2026-09-11T13:21:38.966370442Z,"['ADFOX', 'Accordion Blocks', 'Alternate Protocol', 'Content ad', 'GZIP Module', 'Google Analytics', 'Google Related Website Sites', 'Google Tag Manager', 'IcoMoon', 'Nuxt.js', 'Onyx Internet', 'OpenResty', 'SMC', 'Subversion', 'Tailwind CSS', 'Telegram', 'UTF-8', 'WPBakery', 'Woo Themes', 'WooCommerce Checkout', 'Yandex Hosting', 'Yandex Metrika']"
limitededitionus.com,LimitedEditionUS,,GBR,67,17488,2026-09-11T13:21:38.95853588Z,"['AWS WAF Challenge', 'Alternate Protocol', 'Aruba', 'Cloudflare', 'Content Delivery Network', 'Giropay', 'Google Tag Manager', 'IcoMoon', 'NFOrce Internet', 'Nuxt.js', 'SiteW', 'Subversion', 'Tailwind CSS', 'Umbler', 'eLand', 'shadcn ui']"
podcastpresstour.com,Launch a Podcast Press Tour...,,,77,22304,2026-09-11T13:21:38.945827669Z,"['Alternate Protocol', 'Authorize.net', 'Cloudflare', 'Cloudflare Web Analytics', 'Content Delivery Network', 'Fireblade', 'Google', 'Google Cloud CDN', 'Google Cloud DNS', 'Google Cloud Storage', 'Google Font API', 'HighLevel', 'Nuxt.js', 'UTF-8']"
harris-teams.com,The Harris Team- Get Pre-Qualified,,,77,33740,2026-09-11T13:21:38.944068459Z,"['AWS WAF Challenge', 'Alternate Protocol', 'Amazon WAF Blocked', 'Authorize.net', 'Cloudflare', 'Cloudflare CDN', 'Cloudflare Web Analytics', 'Content Delivery Network', 'Fireblade', 'Google', 'Google Cloud CDN', 'Google Cloud DNS', 'Google Cloud Storage', 'Google Font API', 'Nuxt.js', 'QUIC', 'Tailwind CSS', 'UTF-8']"
mlk9nc.net,Professional Dog Training | Old Valley K9,,USA,65,62304,2026-09-11T13:21:38.941326649Z,"['AWS WAF Challenge', 'Alternate Protocol', 'Amazon WAF Blocked', 'Authorize.net', 'Cloudflare', 'Cloudflare CDN', 'Cloudflare Web Analytics', 'Content Delivery Network', 'DAV', 'Fireblade', 'Google', 'Google Cloud CDN', 'Google Cloud DNS', 'Google Cloud Storage', 'Google Font API', 'HighLevel', 'Instagram Follow Button', 'K2F', 'Nuxt.js', 'QUIC', 'Tailwind CSS', 'UTF-8', 'YouTube']"
itaderp.com,ITADERP | Cloud ERP Software for the ITAD Industry,,,52,,2026-09-11T13:21:38.940117437Z,"['Apache', 'GZIP Module', 'Nuxt.js', 'Tailwind CSS']"
winner3c.com,Usb charger | 67w usb c power adapter | KDYNIX,,CHN,72,2868,2026-09-11T13:09:18.295496153Z,"['Alternate Protocol', 'ElementUI', 'Fastly', 'GZIP Module', 'IcoMoon', 'Instagram Follow Button', 'Nuxt.js', 'Sitelinks Search Box', 'Twitter Ads', 'UTF-8', 'YouTube']"
strategicimpactevents.com,Strategic Impact Events,,,72,23740,2026-09-11T13:05:46.972926016Z,"['Alternate Protocol', 'Authorize.net', 'Cloudflare', 'Cloudflare Web Analytics', 'Content Delivery Network', 'DC74', 'Fireblade', 'Google', 'Google Cloud CDN', 'Google Cloud DNS', 'Google Cloud Storage', 'Google Font API', 'Nuxt.js', 'UTF-8']"
spruillbusinessrvcllc.com,"Spruill Business Notary Services, LLC",,USA,87,18740,2026-09-11T12:56:28.404416754Z,"['Alternate Protocol', 'Authorize.net', 'Cloudflare', 'Cloudflare Web Analytics', 'Content Delivery Network', 'Fireblade', 'Google', 'Google Cloud CDN', 'Google Cloud DNS', 'Google Cloud Storage', 'Google Font API', 'Nuxt.js', 'UTF-8']"
falconranch.co,Falcon Ranch & Outfitters | Exotic Hunting Ranch in Texas,,USA,92,19100,2026-09-11T12:50:54.250254028Z,"['AWS WAF Challenge', 'Alternate Protocol', 'Amazon WAF Blocked', 'Authorize.net', 'Cloudflare', 'Cloudflare CDN', 'Cloudflare Web Analytics', 'Content Delivery Network', 'DAV', 'Elfsight', 'Google', 'Google Cloud CDN', 'Google Cloud DNS', 'Google Cloud Storage', 'Google Font API', 'Microdata for Google Shopping', 'Nuxt.js', 'Tailwind CSS', 'UTF-8', 'eLand']"
top-glass.com,Topglass Contracts Ltd | Topglass,,,65,30708,2026-09-11T12:50:54.243297657Z,"['AWS WAF Challenge', 'Alternate Protocol', 'Content Delivery Network', 'Fireblade', 'GZIP Module', 'GitHub Hosting', 'Google Analytics', 'Google Tag Manager', 'IcoMoon', 'Nuxt.js', 'Tailwind CSS', 'Twitter Ads', 'UTF-8', 'Vercel', 'YouTube']"
awgccleaners.com,Arlington white Glove Cleaner,,USA,87,33740,2026-09-11T12:50:54.238196061Z,"['AWS WAF Challenge', 'Alternate Protocol', 'Amazon WAF Blocked', 'Authorize.net', 'Better Lead Generation Services', 'Cloudflare', 'Cloudflare CDN', 'Cloudflare Web Analytics', 'Content Delivery Network', 'Fireblade', 'Google', 'Google Cloud CDN', 'Google Cloud DNS', 'Google Cloud Storage', 'Google Font API', 'Google My Business', 'Nuxt.js', 'Tailwind CSS', 'UTF-8']"
rhysherlefinancialservices.com,Book a meeting with award winning financial professional and coach,,CAN,77,33960,2026-09-11T12:46:07.903843137Z,"['AWS WAF Challenge', 'Alternate Protocol', 'Amazon WAF Blocked', 'Authorize.net', 'Cloudflare', 'Cloudflare CDN', 'Cloudflare Web Analytics', 'Content Delivery Network', 'Fireblade', 'Google', 'Google Cloud CDN', 'Google Cloud DNS', 'Google Cloud Storage', 'Google Font API', 'Nuxt.js', 'Tailwind CSS', 'UTF-8', 'Zoom Video Conferencing']"
danielleys.com,Danielle YS Transformations,,,55,8163,2026-09-11T12:46:07.889227485Z,"['AWS WAF Challenge', 'Alternate Protocol', 'Amazon WAF Blocked', 'Authorize.net', 'Cloudflare', 'Cloudflare CDN', 'Cloudflare Web Analytics', 'Content Delivery Network', 'Fireblade', 'Google', 'Google Cloud CDN', 'Google Cloud DNS', 'Google Cloud Storage', 'Google Font API', 'Instagram Follow Button', 'Nuxt.js', 'Tailwind CSS', 'UTF-8']"
vdh.gent,Thomas Vanderhaeghen - Freelance PHP developer.,,BEL,82,4250,2026-09-11T12:46:07.858199614Z,"['Cloudflare', 'Cloudflare Web Analytics', 'Content Delivery Network', 'Fastly', 'GZIP Module', 'GitHub Hosting', 'Nuxt.js', 'PHP', 'Pexels', 'UTF-8', 'symfony PHP Framework']"
cruzconcreteatlantallc.com,Redirect on iFrame Click,,USA,85,33740,2026-09-11T12:46:07.858970345Z,"['AJAX Libraries API', 'AWS WAF Challenge', 'Alternate Protocol', 'Amazon CloudFront', 'Amazon WAF Blocked', 'Authorize.net', 'CDN JS', 'CloudFront', 'Cloudflare', 'Cloudflare CDN', 'Cloudflare Web Analytics', 'Content Delivery Network', 'ElementUI', 'Fireblade', 'Google', 'Google Cloud CDN', 'Google Cloud DNS', 'Google Cloud Storage', 'Google Font API', 'Google My Business', 'Instagram Follow Button', 'Microdata for Google Shopping', 'Nuxt.js', 'QUIC', 'Tailwind CSS', 'UTF-8', 'jQuery']"
rjccoaching.org,Personal Trainer in Allentown PA - RJC Coaching,,USA,92,33824,2026-09-11T12:46:07.857310634Z,"['AWS WAF Challenge', 'Alternate Protocol', 'Authorize.net', 'Cloudflare', 'Cloudflare Web Analytics', 'Content Delivery Network', 'Fireblade', 'Google', 'Google Analytics', 'Google Cloud CDN', 'Google Cloud DNS', 'Google Cloud Storage', 'Google Font API', 'Google My Business', 'Google Tag Manager', 'Instagram Follow Button', 'Microdata for Google Shopping', 'Nuxt.js', 'Subversion', 'UTF-8', 'Unsplash']"
creditandtaxeswithsergio.com,Better Credit. Smarter Taxes. Total Financial Control.,,USA,87,38740,2026-09-11T12:34:49.493302591Z,"['AWS WAF Challenge', 'Alternate Protocol', 'Authorize.net', 'Cloudflare', 'Cloudflare Web Analytics', 'Content Delivery Network', 'Fireblade', 'Google', 'Google Cloud CDN', 'Google Cloud DNS', 'Google Cloud Storage', 'Google Font API', 'Nuxt.js', 'QUIC', 'UTF-8', 'Vector Internet Services', 'WordPress']"
dogovor.me,"Договор купли-продажи автомобиля (ДКП авто) 2022 год. Бланк, образец, скачать.",,,52,60,2026-09-11T12:34:49.467351865Z,"['Cloudflare', 'Cloudflare CDN', 'Cloudflare Web Analytics', 'Nuxt.js', 'UTF-8', 'Yandex Hosting']"
opticalmolds.com,"China Senior auto lamp mould , tail lamp mould , rear view mirror Manufacturer – ZheJiang HuangYan Younger Mould Factory",,CHN,72,27868,2026-09-11T12:26:21.235569093Z,"['Alternate Protocol', 'ElementUI', 'Fastly', 'GZIP Module', 'IcoMoon', 'K2F', 'Nuxt.js', 'Sitelinks Search Box', 'UTF-8', 'WhatsApp Sharing']"
inheritedhomevalue.com,Inherited Home Value,,USA,65,18740,2026-09-11T12:17:57.480614244Z,"['Alternate Protocol', 'Authorize.net', 'Cloudflare', 'Cloudflare Web Analytics', 'Content Delivery Network', 'Fireblade', 'Google', 'Google Cloud CDN', 'Google Cloud DNS', 'Google Cloud Storage', 'Google Font API', 'Ntent', 'Nuxt.js', 'QUIC', 'UTF-8', 'shadcn ui']"
buylakeworth.com,Florida Real Estate | SanCastle Realty - Homes for Sale in Palm Coast,,,60,7963,2026-09-11T12:17:57.474625962Z,"['Alternate Protocol', 'Authorize.net', 'Cloudflare', 'Cloudflare Web Analytics', 'Content Delivery Network', 'Fireblade', 'Google', 'Google Analytics', 'Google Cloud CDN', 'Google Cloud DNS', 'Google Cloud Storage', 'Google Font API', 'Google Related Website Sites', 'Google Tag Manager', 'Microdata for Google Shopping', 'Nuxt.js', 'QUIC', 'Telegram', 'UTF-8']"
marketingmakers.us,Marketing Makers,,,52,8163,2026-09-11T12:17:57.459161043Z,"['AWS WAF Challenge', 'Alternate Protocol', 'Amazon WAF Blocked', 'Authorize.net', 'Cloudflare', 'Cloudflare CDN', 'Cloudflare Web Analytics', 'Content Delivery Network', 'Fireblade', 'Google', 'Google Cloud CDN', 'Google Cloud DNS', 'Google Cloud Storage', 'Google Font API', 'Nuxt.js', 'Tailwind CSS', 'UTF-8']"
expertmoves.io,ExpertMoves: Free Visibility Audit & Authority Marketing for Experts,ExpertMoves,,67,25740,2026-09-11T12:16:26.151070369Z,"['Alternate Protocol', 'Apture Linking Platform', 'Authorize.net', 'Cloudflare', 'Cloudflare Web Analytics', 'Content Delivery Network', 'Fireblade', 'Google', 'Google Cloud CDN', 'Google Cloud DNS', 'Google Cloud Storage', 'Google Font API', 'Microdata for Google Shopping', 'Nuxt.js', 'Prospective', 'UTF-8', 'shadcn ui']"
riversfinancialdynasty.com,Rivers Financial Dynasty — Trust Strip,,USA,70,18740,2026-09-11T12:09:31.044347076Z,"['Alternate Protocol', 'Authorize.net', 'Cloudflare', 'Cloudflare Web Analytics', 'Content Delivery Network', 'Fireblade', 'Google', 'Google Cloud CDN', 'Google Cloud DNS', 'Google Cloud Storage', 'Google Font API', 'Instagram Follow Button', 'Nuxt.js', 'QUIC', 'Subversion', 'UTF-8', 'YouTube', 'shadcn ui']"
teecodo.com,teecodo,,GBR,72,18208,2026-09-11T12:03:46.544752787Z,"['AWS WAF Challenge', 'Alternate Protocol', 'Aruba', 'Cloudflare', 'Content Delivery Network', 'Giropay', 'Google Related Website Sites', 'Google Tag Manager', 'IcoMoon', 'NFOrce Internet', 'Nuxt.js', 'SiteW', 'Subversion', 'Tailwind CSS', 'Umbler', 'eLand', 'shadcn ui']"
tmwpropertyco.com,Sell My House Fast in Texas | We Buy Real Estate | Get Your Cash Offer Today,,USA,77,33740,2026-09-11T12:03:46.524364809Z,"['AWS WAF Challenge', 'Alternate Protocol', 'Amazon WAF Blocked', 'Authorize.net', 'Cloudflare', 'Cloudflare CDN', 'Cloudflare Web Analytics', 'Content Delivery Network', 'Fireblade', 'Google', 'Google Cloud CDN', 'Google Cloud DNS', 'Google Cloud Storage', 'Google Font API', 'Ntent', 'Nuxt.js', 'QUIC', 'Tailwind CSS', 'Thank You', 'UTF-8']"
h5financial.com,Fast Business Funding - Flexible Loans | H5 Financial,,USA,77,18740,2026-09-11T11:52:40.5144104Z,"['Alternate Protocol', 'Authorize.net', 'Cloudflare', 'Cloudflare Web Analytics', 'Content Delivery Network', 'Fireblade', 'Google', 'Google Cloud CDN', 'Google Cloud DNS', 'Google Cloud Storage', 'Google Font API', 'Google My Business', 'Instagram Follow Button', 'Nationwide Mortgage Licensing System and Registry', 'Nuxt.js', 'QUIC', 'UTF-8', 'shadcn ui']"
samedaytaxadvances.com,Same Day Tax Advances,,CHL,87,33740,2026-09-11T11:52:40.501409942Z,"['AWS WAF Challenge', 'Alternate Protocol', 'Authorize.net', 'Cloudflare', 'Cloudflare Web Analytics', 'Content Delivery Network', 'Fireblade', 'Free Call', 'Google', 'Google Cloud CDN', 'Google Cloud DNS', 'Google Cloud Storage', 'Google Font API', 'Nuxt.js', 'QUIC', 'UTF-8', 'University or College', 'shadcn ui']"
specengsys.com,Equipment Manufacturing Company | Gray,,,67,143331,2026-09-11T11:52:40.495968563Z,"['AWS WAF Challenge', 'Amazon', 'Amazon CloudFront', 'Amazon Route 53', 'Apture Linking Platform', 'Bing Cashback', 'CloudFront', 'Cloudflare', 'Cloudflare CDN', 'Commoninja', 'Content Square', 'DoubleClick Bid Manager', 'Express', 'Fireblade', 'GitHub Hosting', 'Google', 'Google Analytics', 'Google Cloud DNS', 'Google My Business', 'Google Tag Manager', 'Instagram Follow Button', 'Microsoft Azure Blob Storage', 'Microsoft Clarity', 'Nuxt.js', 'OneTrust Domain Verification', 'Oribi Analytics', 'Perl', 'QUIC', 'UTF-8', 'Vector Internet Services', 'WordPress', 'WordPress SEO Structured Data Schema Plugin', 'YouTube']"
glitzyspanailstomsriver.com,GLITZY SPA NAILS,,,57,100,2026-09-11T11:45:06.748612196Z,"['3 Products', 'Cloudflare', 'DAV', 'Express', 'Facebook Embedded Posts', 'Google My Business', 'Google Related Website Sites', 'Instagram Follow Button', 'Microdata for Google Shopping', 'Nuxt.js', 'Schema Plugin', 'UTF-8', 'Uponit', 'shadcn ui']"
playteamhigame.com,HappyonionGames,,,37,800,2026-09-11T11:45:06.710441275Z,"['AWS WAF Challenge', 'Amazon CloudFront', 'CloudFront', 'DoubleClick Bid Manager', 'Fastly', 'GZIP Module', 'Google Adsense', 'Nuxt.js', 'Outbrain Direct', 'QUIC', 'UTF-8']"
coingenerator.sh,CoinGenerator | Supercharge your project with your own energy-efficient cryptocurrency,,,72,54098,2026-09-11T11:35:52.005584949Z,"['Alternate Protocol', 'Content Delivery Network', 'Crisp', 'GitHub Hosting', 'Google', 'Google Analytics', 'Google Cloud DNS', 'Google Font API', 'Google Tag Manager', 'Medium', 'Netlify', 'Nuxt.js', 'SMC', 'Tally', 'UTF-8']"
minxin-home.com,Ningbo Minxin Atrs&Crafts,,CHN,72,28588,2026-09-11T11:22:55.76770995Z,"['Alternate Protocol', 'ElementUI', 'Fastly', 'GZIP Module', 'Google Related Website Sites', 'IcoMoon', 'Instagram Follow Button', 'K2F', 'Nuxt.js', 'Sitelinks Search Box', 'Twitter Ads', 'UTF-8', 'YouTube']"
canadaimmigration.site,Maryam Bagheri Immigration Consultants,,USA,65,3740,2026-09-11T11:15:02.254208427Z,"['Alternate Protocol', 'Authorize.net', 'Content Delivery Network', 'GZIP Module', 'Google', 'Google Cloud CDN', 'Google Cloud DNS', 'Google Cloud Storage', 'Google Font API', 'Instagram Follow Button', 'Nuxt.js', 'UTF-8', 'University or College']"
rampageflagfootball.com,Macomb Rampage Flag Football,,,50,270,2026-09-11T11:06:30.886740044Z,"['Blue Sombrero', 'BrandCrowd Website Builder', 'CoreUI', 'GZIP Module', 'Google', 'Google Cloud DNS', 'Google Font API', 'Nuxt.js', 'QUIC', 'UTF-8']"
camdenchurchofchrist.org,Camden church of Christ,,,60,463,2026-09-11T10:56:55.47359505Z,"['Alternate Protocol', 'Authorize.net', 'Content Delivery Network', 'GZIP Module', 'Google', 'Google Cloud CDN', 'Google Cloud DNS', 'Google Cloud Storage', 'Google Font API', 'Nuxt.js', 'UTF-8']"
diamondnailshowell.com,"Diamond Nails - top rated nail salon near me Howell Township, NJ 07731",,,62,720,2026-09-11T10:56:55.467994964Z,"['Cloudflare', 'DAV', 'Facebook Embedded Posts', 'Google My Business', 'Google Related Website Sites', 'Instagram Follow Button', 'Microdata for Google Shopping', 'Nuxt.js', 'QUIC', 'Schema Plugin', 'Subversion', 'UTF-8', 'shadcn ui']"
beyoungnailsalon.com,"Be Young Nail Salon in Vienna, WV 26105 | Friendly and Great Staffs",,,57,3,2026-09-11T10:56:55.463541038Z,"['Cloudflare', 'Google Cloud DNS', 'Google Font API', 'Google My Business', 'Google Related Website Sites', 'ID Services', 'Instagram Follow Button', 'Microdata for Google Shopping', 'Nuxt.js', 'Schema Plugin', 'UTF-8']"
erikbag.com,dry bag ， waterproof bag and sports backpack Manufacturer - NINGBO ERIK BAG CO.LTD.,,CHN,72,89588,2026-09-11T10:56:55.44874202Z,"['AWS WAF Challenge', 'Alternate Protocol', 'DC74', 'Express', 'Fastly', 'Financial Services Guide', 'Fireblade', 'GZIP Module', 'Google Analytics', 'Google Conversion Tracking', 'Google Related Website Sites', 'Google Tag Manager', 'IcoMoon', 'Instagram Follow Button', 'Matomo Tag Manager', 'Nuxt.js', 'QUIC', 'SMC', 'Sitelinks Search Box', 'Twitter Ads', 'UTF-8', 'WhatsApp Sharing', 'YouTube']"
verloning.nl,Verloning.nl | Freelancing Without Hassle,,,62,30969,2026-09-11T10:48:37.861356481Z,"['AWS WAF Challenge', 'Alternate Protocol', 'Apture Linking Platform', 'Cloudflare', 'Cloudflare CDN', 'Financial Services Guide', 'Fireblade', 'Font Awesome', 'GZIP Module', 'Google Analytics', 'Google Tag Manager', 'Nginx', 'No-Q', 'Nuxt.js', 'Perl', 'UTF-8', 'Vimeo', 'Vimeo CDN', 'YouTube', 'shadcn ui']"
willowswaitresses.com.au,Willows Waitresses | Sydney's best strippers and waitresses,,AUS,67,2668,2026-09-11T10:40:48.609843502Z,"['Content Delivery Network', 'Gambling Content', 'Google', 'Google Cloud DNS', 'Google Font API', 'Instagram Follow Button', 'Netlify', 'Nuxt.js', 'Tailwind CSS', 'UTF-8']"
twentyeightboutique.com,My Link in Bio,,,35,318,2026-09-11T10:40:48.607080448Z,"['BrandCrowd Website Builder', 'CoreUI', 'GZIP Module', 'Google', 'Google Cloud DNS', 'Google Font API', 'Instagram Follow Button', 'Nuxt.js', 'QUIC', 'Raygun', 'Twitter Ads', 'UTF-8']"
makeupbystacie.com,SERVICES | Makeup by Stacie Salinas Makeup Artist,,,60,463,2026-09-11T10:40:48.600365191Z,"['Alternate Protocol', 'Apture Linking Platform', 'Authorize.net', 'Cloudflare', 'Cloudflare Web Analytics', 'Content Delivery Network', 'Google', 'Google Cloud CDN', 'Google Cloud DNS', 'Google Cloud Storage', 'Google Font API', 'Instagram Follow Button', 'Nuxt.js', 'QUIC', 'UTF-8']"
flowstackai.dev,Flowstack AI – AI Automation for Local Businesses,,,77,38932,2026-09-11T10:40:48.591660728Z,"['Alternate Protocol', 'Authorize.net', 'Calendly', 'Cloudflare', 'Cloudflare Web Analytics', 'Content Delivery Network', 'Fireblade', 'Google', 'Google Cloud CDN', 'Google Cloud DNS', 'Google Cloud Storage', 'Google Font API', 'KVH', 'Nuxt.js', 'QUIC', 'UTF-8']"
flagstaffchamber.team,What's Your Business Personality?,,,47,463,2026-09-11T10:22:16.580109378Z,"['Alternate Protocol', 'Authorize.net', 'Cloudflare', 'Cloudflare Web Analytics', 'Content Delivery Network', 'Enjoi', 'Google', 'Google Cloud CDN', 'Google Cloud DNS', 'Google Cloud Storage', 'Google Font API', 'Nuxt.js', 'Thank You', 'UTF-8']"
rhinorooterchicago.com,Rhino Rooter,,,57,270,2026-09-11T10:22:16.577248215Z,"['BrandCrowd Website Builder', 'CoreUI', 'FreePrivacyPolicy.com', 'GZIP Module', 'Google', 'Google Cloud DNS', 'Google Font API', 'Instagram Follow Button', 'Nuxt.js', 'QUIC', 'Twitter Ads', 'UTF-8']"
landscapesnowpros.com,Landscape & Snow Pros,,,47,354,2026-09-11T09:39:10.150430296Z,"['BrandCrowd Website Builder', 'CoreUI', 'GZIP Module', 'Google', 'Google Cloud DNS', 'Google Font API', 'Nuxt.js', 'QUIC', 'UTF-8', 'Unsplash']"
soldieronamission.com,Home | Soldiers On A Mission,,,67,18779,2026-09-11T09:39:10.114913608Z,"['AWS WAF Challenge', 'Alternate Protocol', 'Authorize.net', 'Coming Soon Page', 'Content Delivery Network', 'GZIP Module', 'Google', 'Google Cloud CDN', 'Google Cloud DNS', 'Google Cloud Storage', 'Google Font API', 'Instagram Follow Button', 'Nuxt.js', 'QUIC', 'UTF-8']"
southwoodhamferrersbusinessnetworkingevents.co.uk,"Contact Effective Business Network | Business Networking Across Essex, Suffolk & Beyond",,GBR,67,33740,2026-09-11T09:29:00.391687375Z,"['AWS WAF Challenge', 'Alternate Protocol', 'Amazon WAF Blocked', 'Authorize.net', 'Cloudflare', 'Cloudflare CDN', 'Cloudflare Web Analytics', 'Content Delivery Network', 'Financial Services Guide', 'Fireblade', 'Google', 'Google Calendar', 'Google Cloud CDN', 'Google Cloud DNS', 'Google Cloud Storage', 'Google Font API', 'Google My Business', 'Nuxt.js', 'QUIC', 'Tailwind CSS', 'UTF-8', 'YouTube', 'shadcn ui']"
topsuccesssolutions.com,Home,,,62,27589,2026-09-11T09:18:05.53494357Z,"['Alternate Protocol', 'Amazon', 'Amazon CloudFront', 'Amazon Route 53', 'Apture Linking Platform', 'BunnyCDN', 'BunnyCDN General', 'CDN JS', 'CloudFront', 'Cloudflare', 'Cloudflare CDN', 'Cloudinary', 'Content Delivery Network', 'ElementUI', 'Fireblade', 'Font Awesome', 'Google', 'Google Analytics', 'Google Cloud CDN', 'Google Cloud DNS', 'Google Font API', 'Google Tag Manager', 'Instagram Follow Button', 'Microdata for Google Shopping', 'Nginx', 'Nuxt.js', 'Tailwind CSS', 'Twitter Ads', 'UTF-8', 'YouTube', 'shadcn ui']"
fergy.life,Celebrating the Life of Franklin Hubert Ferguson,,,67,38740,2026-09-11T09:18:05.496146176Z,"['AWS WAF Challenge', 'Alternate Protocol', 'Amazon WAF Blocked', 'Authorize.net', 'Cloudflare', 'Cloudflare CDN', 'Cloudflare Web Analytics', 'Content Delivery Network', 'Express', 'Google', 'Google Analytics', 'Google Cloud CDN', 'Google Cloud DNS', 'Google Cloud Storage', 'Google Font API', 'Google My Business', 'Google Tag Manager', 'KVH', 'Nuxt.js', 'Tailwind CSS', 'UTF-8', 'University or College', 'YouTube']"
natureoffice.com,natureOffice | Sustainability consulting & effective climate…,,DEU,82,21760,2026-09-11T09:07:17.606808704Z,"['Alternate Protocol', 'DoubleClick Bid Manager', 'Fireblade', 'GZIP Module', 'Google', 'Google Analytics', 'Google Cloud DNS', 'Google Font API', 'Google Matched Content', 'Google My Business', 'Google Related Website Sites', 'Google Reseller', 'Google Tag Manager', 'Instagram Follow Button', 'Microsoft 365', 'Nginx', 'Nuxt.js', 'Tailwind CSS', 'UTF-8', 'YouTube']"
evergreenlandinvesting.com,Evergreen Land Investing,,USA,77,41580,2026-09-11T09:00:23.808245197Z,"['AWS WAF Challenge', 'Alternate Protocol', 'Amazon WAF Blocked', 'Authorize.net', 'Bunny Fonts', 'Cloudflare', 'Cloudflare CDN', 'Cloudflare Web Analytics', 'Content Delivery Network', 'Fireblade', 'Google', 'Google Cloud CDN', 'Google Cloud DNS', 'Google Cloud Storage', 'Google Font API', 'Investing', 'Nuxt.js', 'Parcel', 'Perl', 'QUIC', 'RM Education', 'Tailwind CSS', 'UTF-8', 'shadcn ui']"
kansasstrengthandperformance.net,"KSP | Strength & Conditioning Gym in Goddard, KS",,,77,68740,2026-09-11T08:52:57.200203483Z,"['Alternate Protocol', 'Authorize.net', 'Cloudflare', 'Cloudflare Web Analytics', 'Content Delivery Network', 'Fireblade', 'Google', 'Google Cloud CDN', 'Google Cloud DNS', 'Google Cloud Storage', 'Google Font API', 'Google My Business', 'Instagram Follow Button', 'Microdata for Google Shopping', 'Nuxt.js', 'SMC', 'UTF-8', 'shadcn ui']"
thepickle.com,"ThePickle.com | Managed IT, Security, and Support",,,67,18740,2026-09-11T08:52:57.188516195Z,"['Alternate Protocol', 'Authorize.net', 'Cloudflare', 'Cloudflare Web Analytics', 'Content Delivery Network', 'Fireblade', 'Google', 'Google Analytics', 'Google Cloud CDN', 'Google Cloud DNS', 'Google Cloud Storage', 'Google Font API', 'Google Tag Manager', 'Nuxt.js', 'Perl', 'UTF-8']"
littlecitytreat.com,"Little City Treat | At Home Hair, Beauty & Massage",,GBR,77,7288,2026-09-11T08:52:57.187978165Z,"['Alternate Protocol', 'Apture Linking Platform', 'Content Delivery Network', 'DAV', 'DatoCMS', 'Express', 'Facebook Login', 'Facebook Messenger Platform', 'Facebook Pixel', 'Facebook Reseller', 'Fastly', 'Google Analytics', 'Google Tag Manager', 'Idaq', 'Instagram Follow Button', 'Investor Relations', 'Microdata for Google Shopping', 'Nuxt.js', 'Tailwind CSS', 'Twitter Ads', 'UTF-8', 'WhatsApp Sharing', 'shadcn ui']"
resinatingmuse.com,My Website,,,45,270,2026-09-11T08:46:04.838322269Z,"['BrandCrowd Website Builder', 'CoreUI', 'GZIP Module', 'Google', 'Google Cloud DNS', 'Google Font API', 'Instagram Follow Button', 'Nuxt.js', 'QUIC', 'UTF-8']"
odelldecor.com,O'Dell Decor,,,45,426,2026-09-11T08:46:04.836047412Z,"['Better Lead Generation Services', 'BrandCrowd Website Builder', 'CoreUI', 'GZIP Module', 'Google', 'Google Cloud DNS', 'Google Font API', 'IcoMoon', 'Nuxt.js', 'QUIC', 'UTF-8']"
skylineroofingweb.com,Skyline Roofing,,,62,39131,2026-09-11T08:46:04.829310042Z,"['AWS WAF Challenge', 'BrandCrowd Website Builder', 'CoreUI', 'DC74', 'Ethy', 'Fireblade', 'GZIP Module', 'Google', 'Google Cloud DNS', 'Google Customer Reviews', 'Google Font API', 'Google My Business', 'Instagram Follow Button', 'Nuxt.js', 'Perl', 'QUIC', 'Twitter Ads', 'UTF-8', 'Unsplash', 'YouTube']"
jamespaulo.com,James Paulo Saballegue Portfolio,,USA,77,3840,2026-09-11T08:46:04.820410114Z,"['BunnyCDN', 'BunnyCDN General', 'Content Delivery Network', 'Express', 'GitHub Hosting', 'Google My Business', 'Headless UI', 'Ntent', 'Nuxt.js', 'Python', 'Tailwind CSS', 'UTF-8', 'Vercel']"
arboband.com,Arbo,,BRA,57,1011,2026-09-11T08:20:51.818005263Z,"['AWS WAF Challenge', 'Alternate Protocol', 'Amazon WAF Blocked', 'Authorize.net', 'Cloudflare', 'Cloudflare CDN', 'Content Delivery Network', 'Elfsight', 'GZIP Module', 'Google', 'Google Cloud CDN', 'Google Cloud DNS', 'Google Cloud Storage', 'Google Font API', 'Instagram Follow Button', 'Nuxt.js', 'Shopify', 'Tailwind CSS', 'UTF-8', 'YouTube']"
teamsova.us,SOVA,,,52,9327,2026-09-11T08:11:29.844748997Z,"['AWS WAF Challenge', 'Alternate Protocol', 'Amazon WAF Blocked', 'Authorize.net', 'Cloudflare', 'Cloudflare CDN', 'Cloudflare Web Analytics', 'Content Delivery Network', 'Fireblade', 'Google', 'Google Cloud CDN', 'Google Cloud DNS', 'Google Cloud Storage', 'Google Font API', 'HighLevel', 'Instagram Follow Button', 'Nuxt.js', 'Tailwind CSS', 'UTF-8', 'YouTube']"
teamlogicaustin.com,"Strategic IT Solutions for Growth | Managed IT, Cloud, and Cybersecurity Services",,,67,18968,2026-09-11T08:06:27.420030973Z,"['Alternate Protocol', 'Authorize.net', 'Cloudflare', 'Cloudflare Web Analytics', 'Content Delivery Network', 'Corporate Governance and Regulatory Compliance', 'Fireblade', 'Google', 'Google Analytics', 'Google Cloud CDN', 'Google Cloud DNS', 'Google Cloud Storage', 'Google Font API', 'Google Tag Manager', 'Instagram Follow Button', 'Netlify', 'Nuxt.js', 'QUIC', 'Thank You', 'UTF-8']"
championfamilychiro.com,"Personal Injury Chiropractor Clive, IA | FPSC(C) Specialist",,USA,82,19314,2026-09-11T08:06:27.415123318Z,"['Alternate Protocol', 'Authorize.net', 'Cloudflare', 'Cloudflare Web Analytics', 'Content Delivery Network', 'Fireblade', 'Google', 'Google Analytics', 'Google Cloud CDN', 'Google Cloud DNS', 'Google Cloud Storage', 'Google Font API', 'Google My Business', 'Google Tag Manager', 'Instagram Follow Button', 'Microdata for Google Shopping', 'Nuxt.js', 'UTF-8', 'University or College', 'Unsplash', 'UserWay', 'YouTube', 'eLand']"
gowildtravels.com,My Link in Bio,,,45,15270,2026-09-11T07:58:40.70659684Z,"['BrandCrowd Website Builder', 'CoreUI', 'GZIP Module', 'Google', 'Google Cloud DNS', 'Google Font API', 'Instagram Follow Button', 'Nuxt.js', 'QUIC', 'SMC', 'Twitter Ads', 'UTF-8']"
builthebodychallenge.com,Build the Body. Burn the Bullshit.,,AUS,87,54928,2026-09-11T07:51:29.838172863Z,"['AWS WAF Challenge', 'Alternate Protocol', 'Authorize.net', 'Cloudflare', 'Cloudflare Web Analytics', 'Content Delivery Network', 'Express', 'Fireblade', 'Google', 'Google Cloud CDN', 'Google Cloud DNS', 'Google Cloud Storage', 'Google Font API', 'Instagram Follow Button', 'KVH', 'Nuxt.js', 'Oddle', 'QUIC', 'UTF-8', 'shadcn ui']"
softly.com,Softly Software Solutions | Softly,Softly,VCT,77,20000,2026-09-11T07:51:29.836234873Z,"['Cloudflare', 'Cloudflare CDN', 'Cloudflare Web Analytics', 'Directus', 'Fireblade', 'InitiativeS', 'Microdata for Google Shopping', 'Nuxt.js', 'QUIC', 'UTF-8', 'Vector Internet Services', 'shadcn ui']"
vitorrja.com,Gjelina Hotel Venice Beach | Boutique Hotel CA,,USA,87,2376,2026-09-11T07:51:29.828608654Z,"['Alternate Protocol', 'Content Delivery Network', 'Instagram Follow Button', 'Microdata for Google Shopping', 'Nuxt.js', 'Perl', 'Sanity', 'Shopify', 'UTF-8', 'Vercel']"
batend.com,Batend,,GBR,62,16708,2026-09-11T07:36:43.072582294Z,"['Alternate Protocol', 'Aruba', 'Cloudflare', 'Cloudflare CDN', 'Content Delivery Network', 'Fireblade', 'Giropay', 'Google Related Website Sites', 'IcoMoon', 'Instagram Follow Button', 'Nuxt.js', 'SiteW', 'Subversion', 'Tailwind CSS', 'Twitter Ads', 'Umbler', 'eLand', 'shadcn ui']"
flowsxr.com,FlowsXR | AI for smart glasses,FlowsXR,SGP,82,228,2026-09-11T07:29:14.99095789Z,"['Apture Linking Platform', 'Content Delivery Network', 'GitHub Hosting', 'Google Analytics', 'Google Tag Manager', 'Microdata for Google Shopping', 'Netlify', 'Nuxt.js', 'Tailwind CSS', 'UTF-8', 'shadcn ui']"
wachats.link,WA Link Generator - Whatsapp Link Generator Free,WA Link Generator - Whatsapp Link Generator Free,,70,40,2026-09-11T07:22:13.556598421Z,"['Cloudflare', 'Cloudflare CDN', 'Google Cloud DNS', 'Google Font API', 'Google My Business', 'Nuxt.js', 'Perl', 'QUIC', 'Tailwind CSS', 'UTF-8', 'YouTube', 'shadcn ui']"
metselwerkenbuyck.com,Metselwerken Buyck,,,42,510,2026-09-11T07:14:20.68361794Z,"['BrandCrowd Website Builder', 'CoreUI', 'GZIP Module', 'Google', 'Google Cloud DNS', 'Google Font API', 'IcoMoon', 'Nuxt.js', 'QUIC', 'UTF-8', 'Unsplash']"
