domain,title,business_name,country,seo_score,tech_spend,crawled_at,technologies
upgradedcoach.com,FREE! The Hottest New Ai Lifestyle Business For Online Coaches,,,77,36740,2026-09-13T10:38:59.109978859Z,"['Alternate Protocol', 'Apture Linking Platform', 'Authorize.net', 'Cloudflare', 'Cloudflare Web Analytics', 'Content Delivery Network', 'Fireblade', 'Google', 'Google Cloud CDN', 'Google Cloud DNS', 'Google Cloud Storage', 'Google Font API', 'Nuxt.js', 'QUIC', 'RainMaker AI', 'UTF-8']"
dance360orlando.com,Home | Dance 360 Orlando,Dance 360 Orlando,USA,77,102304,2026-09-13T10:38:59.079042485Z,"['AWS WAF Challenge', 'Alternate Protocol', 'Amazon WAF Blocked', 'Apture Linking Platform', 'Authorize.net', 'Cloudflare', 'Cloudflare CDN', 'Cloudflare Web Analytics', 'Content Delivery Network', 'Endis', 'Facebook Conversion Tracking', 'Facebook Pixel', 'Facebook Reseller', 'Facebook Tag API', 'Fireblade', 'Google', 'Google Analytics', 'Google Cloud CDN', 'Google Cloud DNS', 'Google Cloud Storage', 'Google Font API', 'Google My Business', 'Google Tag Manager', 'HighLevel', 'Instagram Follow Button', 'Microdata for Google Shopping', 'Nuxt.js', 'SMC', 'Tailwind CSS', 'UTF-8']"
falmouthchiropractor.co.uk,Falmouth Chiropractor - MyChiro,,,67,3740,2026-09-13T10:38:59.035524401Z,"['Alternate Protocol', 'Authorize.net', 'Content Delivery Network', 'GZIP Module', 'Google', 'Google Cloud CDN', 'Google Cloud DNS', 'Google Cloud Storage', 'Google Font API', 'Nuxt.js', 'UTF-8']"
mikecopeland.us,Mike Copeland | Turning GHL Chaos into Automated Cashflow,,GBR,77,33740,2026-09-13T10:18:44.192787706Z,"['AWS WAF Challenge', 'Alternate Protocol', 'Authorize.net', 'Cloudflare', 'Cloudflare Web Analytics', 'Content Delivery Network', 'DAV', 'Fireblade', 'Google', 'Google Cloud CDN', 'Google Cloud DNS', 'Google Cloud Storage', 'Google Font API', 'Nuxt.js', 'QUIC', 'Tailwind CSS', 'UTF-8', 'eLand', 'shadcn ui']"
silencerpest.com,"Silencer Pest Management | Pest Control Service in Merced, CA",,IND,77,16047,2026-09-13T10:04:04.184457795Z,"['Authorize.net', 'CDN JS', 'Cloudflare', 'Cloudflare CDN', 'Coming Soon Page', 'Content Delivery Network', 'Financial Services Guide', 'Fireblade', 'GTranslate', 'GZIP Module', 'Google Analytics', 'Google Cloud DNS', 'Google Font API', 'Google My Business', 'Google Tag Manager', 'IcoMoon', 'Microdata for Google Shopping', 'QUIC', 'Responsive Lightbox', 'Schema Plugin', 'Tailwind CSS', 'UTF-8', 'WP Lightbox 2']"
feeltoheal.co,Feel to Heal,,,55,8163,2026-09-13T10:04:04.167730827Z,"['AWS WAF Challenge', 'Alternate Protocol', 'Amazon WAF Blocked', 'Authorize.net', 'Cloudflare', 'Cloudflare CDN', 'Cloudflare Web Analytics', 'Content Delivery Network', 'Facebook Conversion Tracking', 'Facebook Pixel', 'Facebook Reseller', 'Facebook Tag API', 'Fireblade', 'Google', 'Google Analytics', 'Google Cloud CDN', 'Google Cloud DNS', 'Google Cloud Storage', 'Google Font API', 'Google Tag Manager', 'Microsoft Clarity', 'Nuxt.js', 'QUIC', 'Share Link', 'Tailwind CSS', 'UTF-8', 'shadcn ui']"
emphasisdigital.io,Local Business Marketing,,,62,4070,2026-09-13T10:04:04.161477537Z,"['Alternate Protocol', 'Authorize.net', 'Content Delivery Network', 'GZIP Module', 'Google', 'Google Analytics', 'Google Cloud CDN', 'Google Cloud DNS', 'Google Cloud Storage', 'Google Font API', 'Google Tag Manager', 'Microsoft Clarity', 'No-Q', 'Ntent', 'Nuxt.js', 'UTF-8']"
msa-agency.co.uk,MSA Agency,,GBR,72,7496,2026-09-13T10:04:04.160912195Z,"['Alternate Protocol', 'Authorize.net', 'Better Lead Generation Services', 'Calendly', 'Content Delivery Network', 'DAV', 'Free Call', 'GZIP Module', 'Google', 'Google Cloud CDN', 'Google Cloud DNS', 'Google Cloud Storage', 'Google Font API', 'HighLevel', 'Investor Relations', 'Ntent', 'Nuxt.js', 'UTF-8']"
taxtherapyenterprisellc.com,Tax Therapy Enterprises,,USA,77,18740,2026-09-13T10:04:04.159531846Z,"['AWS WAF Challenge', 'Alternate Protocol', 'Authorize.net', 'Content Delivery Network', 'GZIP Module', 'Google', 'Google Cloud CDN', 'Google Cloud DNS', 'Google Cloud Storage', 'Google Font API', 'Google My Business', 'Nuxt.js', 'QUIC', 'Thank You', 'UTF-8']"
automarketingagency.uk,Car Garage Marketing Agency,,SYC,72,3980,2026-09-13T10:04:04.157849942Z,"['Alternate Protocol', 'Authorize.net', 'Content Delivery Network', 'GZIP Module', 'Google', 'Google Cloud CDN', 'Google Cloud DNS', 'Google Cloud Storage', 'Google Font API', 'Nuxt.js', 'Thank You', 'UTF-8', 'Vimeo']"
byoecommunity.com,BYOE Community,,,55,1651,2026-09-13T10:04:04.130662297Z,"['Alternate Protocol', 'Authorize.net', 'CDN JS', 'Cloudflare', 'Cloudflare CDN', 'Community', 'Content Delivery Network', 'DAV', 'GZIP Module', 'Google', 'Google Cloud CDN', 'Google Cloud DNS', 'Google Cloud Storage', 'Google Font API', 'Nuxt.js', 'UTF-8', 'shadcn ui']"
footballcoachinguk.com,Football Coaching UK,,,50,463,2026-09-13T10:04:04.128029781Z,"['Alternate Protocol', 'Authorize.net', 'Bunny Fonts', 'Content Delivery Network', 'GZIP Module', 'Google', 'Google Cloud CDN', 'Google Cloud DNS', 'Google Cloud Storage', 'Instagram Follow Button', 'Nuxt.js', 'UTF-8']"
anabolnaturals.com,Finest Nutritional Supplements Available,,,72,75640,2026-09-13T09:52:09.740924544Z,"['Alternate Protocol', 'Authorize.net', 'Cart.com', 'GZIP Module', 'Google Analytics', 'Google Cloud DNS', 'Google Font API', 'Google Tag Manager', 'Microdata for Google Shopping', 'Nginx', 'PHP', 'Parallels Plesk Panel', 'Tailwind CSS', 'Thank You', 'UTF-8', 'YouTube']"
seethebest.ca,Sell Your Home in Orangeville Expert Real Estate Agent Kevin Flaherty,,GBR,92,25384,2026-09-13T09:52:09.730219528Z,"['AWS WAF Challenge', 'Alternate Protocol', 'Amazon WAF Blocked', 'Authorize.net', 'Call to Visit', 'Cloudflare', 'Cloudflare CDN', 'Cloudflare Web Analytics', 'Content Delivery Network', 'DC74', 'Elfsight', 'Facebook Conversion Tracking', 'Facebook Pixel', 'Facebook Reseller', 'Facebook Tag API', 'Google', 'Google Analytics', 'Google Cloud CDN', 'Google Cloud DNS', 'Google Cloud Storage', 'Google Font API', 'Google Tag Manager', 'Microdata for Google Shopping', 'Nuxt.js', 'Pixabay', 'QUIC', 'Tailwind CSS', 'UTF-8', 'Unix', 'Unsplash', 'YouTube', 'shadcn ui']"
inmotionbend.com,"Personal Training, Strength & Mobility for Adults 40+ | Bend, OR",,,77,34040,2026-09-13T09:43:40.324294619Z,"['AWS WAF Challenge', 'Alternate Protocol', 'Amazon WAF Blocked', 'Authorize.net', 'Cloudflare', 'Cloudflare CDN', 'Cloudflare Web Analytics', 'Content Delivery Network', 'Facebook Conversion Tracking', 'Facebook Pixel', 'Facebook Reseller', 'Facebook Tag API', 'Fireblade', 'Google', 'Google Analytics', 'Google Cloud CDN', 'Google Cloud DNS', 'Google Cloud Storage', 'Google Font API', 'Google My Business', 'Google Tag Manager', 'InMotion Hosting', 'Instagram Follow Button', 'Nuxt.js', 'QUIC', 'Tailwind CSS', 'UTF-8', 'YouTube']"
securesitelogin.com,Bigelow Agency,,,62,18740,2026-09-13T09:43:40.31178997Z,"['Alternate Protocol', 'Authorize.net', 'Cloudflare', 'Cloudflare Web Analytics', 'Content Delivery Network', 'Fireblade', 'Google', 'Google Cloud CDN', 'Google Cloud DNS', 'Google Cloud Storage', 'Google Font API', 'Ntent', 'Nuxt.js', 'QUIC', 'Thank You', 'UTF-8']"
chaddtherealtor.com,Review Widget,,ZAF,75,19940,2026-09-13T09:32:46.921704009Z,"['AWS WAF Challenge', 'Alternate Protocol', 'Amazon WAF Blocked', 'Authorize.net', 'Call to Visit', 'Cloudflare', 'Cloudflare CDN', 'Cloudflare Web Analytics', 'Content Delivery Network', 'DAV', 'Google', 'Google Analytics', 'Google Cloud CDN', 'Google Cloud DNS', 'Google Cloud Storage', 'Google Conversion Tracking', 'Google Font API', 'Google My Business', 'Google Tag Manager', 'Nuxt.js', 'QUIC', 'Tailwind CSS', 'UTF-8']"
theaipowerhouse.com,Converting Leads On Autopilot w/the Power Of AI | TheAIPowerhouse.com,,,77,168740,2026-09-13T09:20:59.494491881Z,"['AWS WAF Challenge', 'Alternate Protocol', 'Apture Linking Platform', 'Authorize.net', 'Cloudflare', 'Cloudflare Web Analytics', 'Content Delivery Network', 'Google', 'Google Cloud CDN', 'Google Cloud DNS', 'Google Cloud Storage', 'Google Font API', 'Instagram Follow Button', 'Nuxt.js', 'QUIC', 'Salesforce Hosted', 'Thank You', 'UTF-8', 'YouTube']"
diversificationchallenge.com,Diversification 5.0 Challenge,,GBR,87,34980,2026-09-13T09:20:59.493053524Z,"['AWS WAF Challenge', 'Alternate Protocol', 'Authorize.net', 'CDN JS', 'Cloudflare', 'Cloudflare CDN', 'Cloudflare Web Analytics', 'Content Delivery Network', 'Facebook Conversion Tracking', 'Facebook Pixel', 'Facebook Reseller', 'Facebook Tag API', 'Fireblade', 'FirstPromoter', 'Google', 'Google Analytics', 'Google Cloud CDN', 'Google Cloud DNS', 'Google Cloud Storage', 'Google Font API', 'Google Tag Manager', 'Nuxt.js', 'Subversion', 'UTF-8', 'University or College', 'shadcn ui']"
sportgevitytraining.com,Maximize Performance and Longevity in Sports,,,62,21140,2026-09-13T09:20:59.490252265Z,"['Alternate Protocol', 'Amazon', 'Authorize.net', 'Cloudflare', 'Cloudflare Web Analytics', 'Content Delivery Network', 'Fireblade', 'Google', 'Google Cloud CDN', 'Google Cloud DNS', 'Google Cloud Storage', 'Google Font API', 'Instagram Follow Button', 'Nuxt.js', 'Thank You', 'UTF-8']"
alignedleader.global,Aligned Leader Global | Executive Leadership Advisory,,GBR,70,33740,2026-09-13T09:20:59.488580646Z,"['AWS WAF Challenge', 'Alternate Protocol', 'Authorize.net', 'Cloudflare', 'Cloudflare Web Analytics', 'Content Delivery Network', 'Fireblade', 'Google', 'Google Cloud CDN', 'Google Cloud DNS', 'Google Cloud Storage', 'Google Font API', 'Nuxt.js', 'UTF-8']"
fpsholdings.net,Home,,,65,33740,2026-09-13T09:20:59.483207352Z,"['AWS WAF Challenge', 'Alternate Protocol', 'Amazon WAF Blocked', 'Authorize.net', 'Cloudflare', 'Cloudflare CDN', 'Cloudflare Web Analytics', 'Content Delivery Network', 'Fireblade', 'Google', 'Google Cloud CDN', 'Google Cloud DNS', 'Google Cloud Storage', 'Google Font API', 'Nuxt.js', 'QUIC', 'Tailwind CSS', 'UTF-8']"
idswa.au,Home,,,62,23344,2026-09-13T09:20:59.479380287Z,"['Alternate Protocol', 'Authorize.net', 'Better Lead Generation Services', 'Cloudflare', 'Cloudflare Web Analytics', 'Content Delivery Network', 'Fireblade', 'Google', 'Google Cloud CDN', 'Google Cloud DNS', 'Google Cloud Storage', 'Google Font API', 'HighLevel', 'Hotjar', 'Nuxt.js', 'UTF-8']"
scentdge.com,"Scentdge Cleaning Services San Diego, CA",,USA,77,8504,2026-09-13T09:20:59.476567589Z,"['Alternate Protocol', 'Authorize.net', 'Call to Visit', 'Cloudflare', 'Cloudflare Web Analytics', 'Content Delivery Network', 'DAV', 'Google', 'Google Analytics', 'Google Cloud CDN', 'Google Cloud DNS', 'Google Cloud Storage', 'Google Font API', 'Google Tag Manager', 'HighLevel', 'Ntent', 'Nuxt.js', 'UTF-8']"
dandafencingltd.co.nz,D & A Fencing Ltd | Methven & Ashburton Fencing Services,D & A Fencing Ltd,NZL,85,33740,2026-09-13T09:20:59.470276782Z,"['AWS WAF Challenge', 'Alternate Protocol', 'Amazon WAF Blocked', 'Authorize.net', 'Better Lead Generation Services', 'Cloudflare', 'Cloudflare CDN', 'Cloudflare Web Analytics', 'Content Delivery Network', 'Financial Services Guide', 'Fireblade', 'Google', 'Google Cloud CDN', 'Google Cloud DNS', 'Google Cloud Storage', 'Google Font API', 'Microdata for Google Shopping', 'Nuxt.js', 'Tailwind CSS', 'UTF-8', 'shadcn ui']"
foxbowstudios.com,Foxbow Studios - Calgary Professional Headshot Studio,,CAN,57,7963,2026-09-13T09:20:59.466375676Z,"['Alternate Protocol', 'Authorize.net', 'Cloudflare', 'Cloudflare Web Analytics', 'Content Delivery Network', 'Facebook Conversion Tracking', 'Facebook Pixel', 'Facebook Reseller', 'Facebook Tag API', 'Financial Services Guide', 'Fireblade', 'Google', 'Google Cloud CDN', 'Google Cloud DNS', 'Google Cloud Storage', 'Google Font API', 'Nuxt.js', 'UTF-8', 'shadcn ui']"
ashfarmcotswolds.com,Home,Ash Farm Cotswolds,GBR,75,59984,2026-09-13T09:20:59.463999637Z,"['AWS WAF Challenge', 'Agoda', 'Airbnb', 'Amazon WAF Blocked', 'Apture Linking Platform', 'Aruba', 'Authorize.net', 'Booking Affiliate', 'Calendly', 'Checkin', 'Cisco/Arrowpoint Content Service Switch', 'Cloudflare', 'Content ad', 'DAV', 'Fireblade', 'GZIP Module', 'Gambling Content', 'Google My Business', 'Instagram Follow Button', 'Line2', 'NFOrce Internet', 'Perl', 'QUIC', 'RM Education', 'Radix UI', 'Typeform', 'Yandex Hosting', 'YouTube', 'eLand']"
johncrivea.com,Want to Save Big $ on Your Mortgage?,,USA,67,18740,2026-09-13T09:20:59.453959512Z,"['Alternate Protocol', 'Authorize.net', 'Bunny Fonts', 'Cloudflare', 'Cloudflare Web Analytics', 'Content Delivery Network', 'Fireblade', 'Google', 'Google Cloud CDN', 'Google Cloud DNS', 'Google Cloud Storage', 'Instagram Follow Button', 'Nationwide Mortgage Licensing System and Registry', 'Nuxt.js', 'UTF-8']"
crateandpallet.com,"New, Recycled and Custom Pallets | Crate and Pallet Packaging Company",,,62,20230,2026-09-13T09:11:24.694077741Z,"['Alternate Protocol', 'Authorize.net', 'Better Lead Generation Services', 'Cloudflare', 'Cloudflare Web Analytics', 'Content Delivery Network', 'Fireblade', 'Google', 'Google Analytics', 'Google Cloud CDN', 'Google Cloud DNS', 'Google Cloud Storage', 'Google Font API', 'Google Tag Manager', 'Nuxt.js', 'UTF-8', 'accessiBe', 'shadcn ui']"
practitionerschoicesauna.com,Practitioners Choice Sauna,,USA,77,18740,2026-09-13T09:11:24.684423596Z,"['Alternate Protocol', 'Authorize.net', 'Cloudflare', 'Cloudflare Web Analytics', 'Content Delivery Network', 'Fireblade', 'Google', 'Google Cloud CDN', 'Google Cloud DNS', 'Google Cloud Storage', 'Google Font API', 'Nuxt.js', 'UTF-8', 'shadcn ui']"
jb-rtsresidences.my,SkyOne Residence (Oasis 2) JB | 300m to RTS New Launch,,GBR,77,33740,2026-09-13T09:11:24.669953115Z,"['AWS WAF Challenge', 'Alternate Protocol', 'Amazon WAF Blocked', 'Authorize.net', 'Cloudflare', 'Cloudflare CDN', 'Cloudflare Web Analytics', 'Content Delivery Network', 'DAV', 'Express', 'Fireblade', 'Google', 'Google Analytics', 'Google Cloud CDN', 'Google Cloud DNS', 'Google Cloud Storage', 'Google Font API', 'Google Tag Manager', 'Nuxt.js', 'Tailwind CSS', 'UTF-8', 'WhatsApp Sharing', 'shadcn ui']"
unicornbranding.co,Welcome to the start of something extraordinary,,,67,18740,2026-09-13T09:11:24.660297648Z,"['Alternate Protocol', 'Authorize.net', 'Better Lead Generation Services', 'Cloudflare', 'Cloudflare Web Analytics', 'Content Delivery Network', 'Facebook Conversion Tracking', 'Facebook Pixel', 'Facebook Reseller', 'Facebook Tag API', 'Fireblade', 'Google', 'Google Cloud CDN', 'Google Cloud DNS', 'Google Cloud Storage', 'Google Font API', 'Nuxt.js', 'UTF-8']"
aggressionthaiboxing.com,Aggression Thai Boxing,,AUS,77,68740,2026-09-13T09:00:17.097657836Z,"['Alternate Protocol', 'Authorize.net', 'Cloudflare', 'Cloudflare Web Analytics', 'Content Delivery Network', 'Fireblade', 'Google', 'Google Cloud CDN', 'Google Cloud DNS', 'Google Cloud Storage', 'Google Font API', 'Instagram Follow Button', 'Nuxt.js', 'SMC', 'UTF-8', 'YouTube']"
youcansellnow.com,Sell My House Fast in Woodstock,,,67,21908,2026-09-13T09:00:17.085462265Z,"['AWS WAF Challenge', 'Alternate Protocol', 'Amazon WAF Blocked', 'Authorize.net', 'Cloudflare', 'Cloudflare CDN', 'Content Delivery Network', 'GZIP Module', 'Google', 'Google Cloud CDN', 'Google Cloud DNS', 'Google Cloud Storage', 'Google Font API', 'Nuxt.js', 'QUIC', 'REI Reply', 'Replyco', 'Tailwind CSS', 'UTF-8', 'ePly']"
funnelmasters.net,Funnel Masters,,,62,3740,2026-09-13T09:00:17.069807208Z,"['Alternate Protocol', 'Apture Linking Platform', 'Authorize.net', 'Content Delivery Network', 'GZIP Module', 'Google', 'Google Cloud CDN', 'Google Cloud DNS', 'Google Cloud Storage', 'Google Font API', 'Nuxt.js', 'QUIC', 'Share Link', 'Subversion', 'UTF-8']"
mcpheronconstruction.com,McPheron Construction,,USA,72,22447,2026-09-13T08:45:28.984371047Z,"['Alternate Protocol', 'Authorize.net', 'CDN JS', 'Cloudflare', 'Cloudflare CDN', 'Cloudflare Web Analytics', 'Content Delivery Network', 'Cornerstone', 'Fireblade', 'Google', 'Google Cloud CDN', 'Google Cloud DNS', 'Google Cloud Storage', 'Google Font API', 'HighLevel', 'Instagram Follow Button', 'Nuxt.js', 'UTF-8', 'Unsplash']"
driftpinstudios.com,Driftpin Studios,,USA,62,18824,2026-09-13T08:45:28.984751629Z,"['Alternate Protocol', 'Amazon Widgets', 'Authorize.net', 'Cloudflare', 'Cloudflare Web Analytics', 'Content Delivery Network', 'Fireblade', 'Google', 'Google Cloud CDN', 'Google Cloud DNS', 'Google Cloud Storage', 'Google Font API', 'Instagram Follow Button', 'Nuxt.js', 'UTF-8', 'Unsplash', 'YouTube']"
netmarketingadvantage.com,"Net Marketing Advantage - Internet Marketing Service - San Ramon, CA",,,87,10740,2026-09-13T08:45:28.978427154Z,"['Alternate Protocol', 'Apture Linking Platform', 'Authorize.net', 'Better Lead Generation Services', 'Cloudflare', 'Cloudflare Web Analytics', 'Content Delivery Network', 'Facebook Conversion Tracking', 'Facebook Pixel', 'Facebook Reseller', 'Facebook Tag API', 'Google', 'Google Analytics', 'Google Cloud CDN', 'Google Cloud DNS', 'Google Cloud Storage', 'Google Font API', 'Google Tag Manager', 'Instagram Follow Button', 'Microdata for Google Shopping', 'Ntent', 'Nuxt.js', 'Prospective', 'Subversion', 'UTF-8', 'shadcn ui']"
theinventionaccelerator.com,Invention Accelerator,,,77,19780,2026-09-13T08:45:28.975023609Z,"['Alternate Protocol', 'Authorize.net', 'Bunny Fonts', 'Cloudflare', 'Cloudflare Web Analytics', 'Content Delivery Network', 'Facebook Conversion Tracking', 'Facebook Pixel', 'Facebook Reseller', 'Facebook Tag API', 'Fireblade', 'Free Call', 'Google', 'Google Analytics', 'Google Cloud CDN', 'Google Cloud DNS', 'Google Cloud Storage', 'Google Tag Manager', 'Hotjar', 'Nuxt.js', 'Thank You', 'UTF-8', 'YouTube', 'shadcn ui']"
buildpersonalbrands.com,Work with me,,,72,18740,2026-09-13T08:45:28.973398963Z,"['AWS WAF Challenge', 'Alternate Protocol', 'Amazon WAF Blocked', 'Authorize.net', 'Better Lead Generation Services', 'Cloudflare', 'Cloudflare CDN', 'Cloudflare Web Analytics', 'Content Delivery Network', 'Google', 'Google Cloud CDN', 'Google Cloud DNS', 'Google Cloud Storage', 'Google Font API', 'Instagram Follow Button', 'Nuxt.js', 'QUIC', 'Tailwind CSS', 'UTF-8', 'YouTube']"
partnerwithmolly.com,The Prepared Performer - Partner Program,,,77,93779,2026-09-13T08:45:28.964963658Z,"['Alternate Protocol', 'Authorize.net', 'Cart.com', 'Cloudflare', 'Cloudflare Web Analytics', 'Coming Soon Page', 'Content Delivery Network', 'Facebook Conversion Tracking', 'Facebook Pixel', 'Facebook Reseller', 'Facebook Tag API', 'Fireblade', 'Google', 'Google Cloud CDN', 'Google Cloud DNS', 'Google Cloud Storage', 'Google Font API', 'Nuxt.js', 'UTF-8']"
thefaulkneragency.com,Work with Marlin Faulkner - Symmetry Financial Group,,USA,72,80810,2026-09-13T08:34:08.769646029Z,"['Alternate Protocol', 'Authorize.net', 'Call to Visit', 'Content Delivery Network', 'GZIP Module', 'Google', 'Google Cloud CDN', 'Google Cloud DNS', 'Google Cloud Storage', 'Google Font API', 'K2F', 'No-Q', 'Ntent', 'Nuxt.js', 'SMC', 'Thank You', 'UTF-8', 'Vimeo', 'Vimeo CDN', 'YouTube']"
wavitek.com,WaviTek,,,55,15463,2026-09-13T08:34:08.766120782Z,"['Alternate Protocol', 'Authorize.net', 'Better Lead Generation Services', 'Content Delivery Network', 'GZIP Module', 'Google', 'Google Cloud CDN', 'Google Cloud DNS', 'Google Cloud Storage', 'Google Font API', 'Ntent', 'Nuxt.js', 'QUIC', 'SMC', 'Thank You', 'UTF-8']"
the20four7.com,Start Your Own Tax Office | Join Lincoln Tax Services Waitlist,,,67,18740,2026-09-13T08:34:08.764504809Z,"['Alternate Protocol', 'Authorize.net', 'Cloudflare', 'Cloudflare Web Analytics', 'Content Delivery Network', 'Facebook Conversion Tracking', 'Facebook Pixel', 'Facebook Reseller', 'Facebook Tag API', 'Fireblade', 'Google', 'Google Cloud CDN', 'Google Cloud DNS', 'Google Cloud Storage', 'Google Font API', 'Nuxt.js', 'QUIC', 'UTF-8']"
alfiecaballero-coaching.fr,Alfie Caballero Coaching - Coach musculaire et psychothérapeute,,,67,20414,2026-09-13T08:34:08.751203494Z,"['Alternate Protocol', 'Authorize.net', 'Cloudflare', 'Cloudflare Web Analytics', 'Content Delivery Network', 'Fireblade', 'Flat Icon', 'Google', 'Google Cloud CDN', 'Google Cloud DNS', 'Google Cloud Storage', 'Google Font API', 'Instagram Follow Button', 'NFOrce Internet', 'Nuxt.js', 'UTF-8', 'Unsplash', 'YouTube']"
filewithverity.com,Verity Tax Solutions,,USA,70,38740,2026-09-13T08:34:08.739363268Z,"['Alternate Protocol', 'Authorize.net', 'Cloudflare', 'Cloudflare Web Analytics', 'Content Delivery Network', 'Fireblade', 'Google', 'Google Cloud CDN', 'Google Cloud DNS', 'Google Cloud Storage', 'Google Font API', 'Instagram Follow Button', 'KVH', 'Nuxt.js', 'UTF-8', 'shadcn ui']"
ricksezrentals.com,EZ Rentals,,,62,18740,2026-09-13T08:24:25.383566684Z,"['Advertising.com', 'Alternate Protocol', 'Authorize.net', 'Cloudflare', 'Cloudflare Web Analytics', 'Content Delivery Network', 'Fireblade', 'Google', 'Google Cloud CDN', 'Google Cloud DNS', 'Google Cloud Storage', 'Google Font API', 'Nuxt.js', 'UTF-8']"
inowfeelpositive.com,Subscribe to Geek Psychology,,,52,23023,2026-09-13T08:24:25.382862755Z,"['Alternate Protocol', 'Amazon', 'Authorize.net', 'Cloudflare', 'Cloudflare Web Analytics', 'Content Delivery Network', 'DAV', 'Fireblade', 'Google', 'Google Cloud CDN', 'Google Cloud DNS', 'Google Cloud Storage', 'Google Font API', 'Nuxt.js', 'SMC', 'UTF-8']"
avant-tax.com,Professional Tax Services,,,67,87304,2026-09-13T08:24:25.377925188Z,"['AWS WAF Challenge', 'Alternate Protocol', 'Amazon WAF Blocked', 'Authorize.net', 'Cloudflare', 'Cloudflare CDN', 'Content Delivery Network', 'Express', 'Facebook Conversion Tracking', 'Facebook Pixel', 'Facebook Reseller', 'Facebook Tag API', 'Fireblade', 'GZIP Module', 'Google', 'Google Cloud CDN', 'Google Cloud DNS', 'Google Cloud Storage', 'Google Font API', 'Google My Business', 'HighLevel', 'Ntent', 'Nuxt.js', 'QUIC', 'SMC', 'Tailwind CSS', 'UTF-8', 'YouTube']"
susentiedtke.online,Change this,,,62,33740,2026-09-13T08:24:25.375099047Z,"['AWS WAF Challenge', 'Alternate Protocol', 'Authorize.net', 'Cloudflare', 'Cloudflare Web Analytics', 'Content Delivery Network', 'Fireblade', 'Google', 'Google Cloud CDN', 'Google Cloud DNS', 'Google Cloud Storage', 'Google Font API', 'Nuxt.js', 'UTF-8']"
natalecoaching.com,Natale Coaching,,,62,33740,2026-09-13T08:24:25.337317579Z,"['AWS WAF Challenge', 'Alternate Protocol', 'Authorize.net', 'Better Lead Generation Services', 'Cloudflare', 'Cloudflare Web Analytics', 'Content Delivery Network', 'Fireblade', 'Google', 'Google Cloud CDN', 'Google Cloud DNS', 'Google Cloud Storage', 'Google Font API', 'Nuxt.js', 'Subversion', 'UTF-8']"
inspiredsocialmarketing.com,Introduction,,BEL,82,69402,2026-09-13T08:24:25.311718914Z,"['Alternate Protocol', 'Appointy', 'Authorize.net', 'Better Lead Generation Services', 'Cloudflare', 'Cloudflare Web Analytics', 'Coming Soon Page', 'Content Delivery Network', 'Fireblade', 'Google', 'Google Cloud CDN', 'Google Cloud DNS', 'Google Cloud Storage', 'Google Font API', 'Google Forms', 'Google My Business', 'Instagram Follow Button', 'Nuxt.js', 'Pixabay', 'QUIC', 'SMC', 'UTF-8', 'Unsplash', 'YouTube']"
theharmonmurphygroup.com,The Harmon Murphy Group - Keller Williams Realty Gulf Coast,The Harmon Murphy Group - Keller Williams Realty Gulf Coast,CAN,82,39760,2026-09-13T08:24:25.311858724Z,"['AWS WAF Challenge', 'Alternate Protocol', 'Amazon WAF Blocked', 'Authorize.net', 'Cloudflare', 'Cloudflare CDN', 'Cloudflare Web Analytics', 'Content Delivery Network', 'Facebook Conversion Tracking', 'Facebook Pixel', 'Facebook Reseller', 'Facebook Tag API', 'Google', 'Google Analytics', 'Google Cloud CDN', 'Google Cloud DNS', 'Google Cloud Storage', 'Google Font API', 'Google Maps', 'Google My Business', 'Google Related Website Sites', 'Google Tag Manager', 'Instagram Follow Button', 'KVH', 'Keller Williams Realty', 'Microdata for Google Shopping', 'Nuxt.js', 'Tailwind CSS', 'UTF-8', 'YouTube', 'shadcn ui']"
healingtimeforme.com,Nervous System Regulation for Women | Janna Cantu Neurologic Music Therapy,,,67,21140,2026-09-13T08:10:30.839246083Z,"['Alternate Protocol', 'Amazon', 'Authorize.net', 'Cloudflare', 'Cloudflare Web Analytics', 'Content Delivery Network', 'Fireblade', 'Google', 'Google Cloud CDN', 'Google Cloud DNS', 'Google Cloud Storage', 'Google Font API', 'Nuxt.js', 'UTF-8']"
darranhallrealestate.com.au,For all your Real Estate Needs,,,67,90723,2026-09-13T08:10:30.833579345Z,"['AWS WAF Challenge', 'Adult Content', 'Alternate Protocol', 'Amazon WAF Blocked', 'Authorize.net', 'Cloudflare', 'Cloudflare CDN', 'Cloudflare Web Analytics', 'Content Delivery Network', 'Fireblade', 'Google', 'Google Cloud CDN', 'Google Cloud DNS', 'Google Cloud Storage', 'Google Font API', 'Google My Business', 'Nuxt.js', 'Paessler', 'QUIC', 'SMC', 'Tailwind CSS', 'UTF-8', 'Unsplash', 'realestate.com.au']"
keyswithog.com,Oscar Gonzalez,,USA,65,18740,2026-09-13T08:10:30.811434376Z,"['AWS WAF Challenge', 'Alternate Protocol', 'Amazon WAF Blocked', 'Authorize.net', 'Cloudflare', 'Cloudflare CDN', 'Content Delivery Network', 'GZIP Module', 'Google', 'Google Cloud CDN', 'Google Cloud DNS', 'Google Cloud Storage', 'Google Font API', 'Google My Business', 'Nuxt.js', 'Tailwind CSS', 'Thank You', 'UTF-8', 'shadcn ui']"
tripleafriq.com,Triple Afriq – Mouth-Watering African Dishes,,USA,75,32208,2026-09-13T07:58:59.608019562Z,"['Alternate Protocol', 'Apache', 'App Store', 'Apture Linking Platform', 'Authorize.net', 'ChowNow', 'Coming Soon Page', 'DAV', 'Elementor', 'ElementsKit Elementor', 'EmbedPress', 'Express', 'GZIP Module', 'Google', 'Google Cloud CDN', 'Google Cloud DNS', 'Google Font API', 'Google My Business', 'Google Play', 'IcoMoon', 'K2F', 'LoftLoader', 'Microdata for Google Shopping', 'NFOrce Internet', 'No-Q', 'PHP', 'QUIC', 'Slider Revolution', 'Subversion', 'Theme In WP', 'UTF-8', 'Woo Themes', 'WooCommerce', 'WooCommerce Checkout', 'WooCommerce Payments', 'WordPress', 'WordPress Multisite', 'eLand', 'jQuery']"
baxternjlaw.com,Baxter Family Law - New Jersey,,CAN,67,18740,2026-09-13T07:58:59.58450306Z,"['AWS WAF Challenge', 'Alternate Protocol', 'Authorize.net', 'Cloudflare', 'Cloudflare Web Analytics', 'Content Delivery Network', 'Google', 'Google Calendar', 'Google Cloud CDN', 'Google Cloud DNS', 'Google Cloud Storage', 'Google Font API', 'Google My Business', 'Nuxt.js', 'QUIC', 'UTF-8']"
thevetsummit.com,VET Summit | Free Resources for Veterans & Military Spouses,,USA,87,78779,2026-09-13T07:58:59.57599842Z,"['AWS WAF Challenge', 'Alternate Protocol', 'Authorize.net', 'Bunny Fonts', 'Cloudflare', 'Cloudflare Web Analytics', 'Coming Soon Page', 'Content Delivery Network', 'DAV', 'Fireblade', 'Google', 'Google Cloud CDN', 'Google Cloud DNS', 'Google Cloud Storage', 'Google Font API', 'Harbor', 'K2F', 'KVH', 'Nuxt.js', 'Thank You', 'UTF-8', 'shadcn ui']"
bookkeepinglikeapro.com,How to protect yourself against IRS audit,,,77,34280,2026-09-13T07:58:59.571942415Z,"['AWS WAF Challenge', 'Alternate Protocol', 'Amazon WAF Blocked', 'Authorize.net', 'Cloudflare', 'Cloudflare CDN', 'Cloudflare Web Analytics', 'Content Delivery Network', 'Facebook Conversion Tracking', 'Facebook Pixel', 'Facebook Reseller', 'Facebook Tag API', 'Fireblade', 'Google', 'Google Cloud CDN', 'Google Cloud DNS', 'Google Cloud Storage', 'Google Font API', 'Nuxt.js', 'Perl', 'Tailwind CSS', 'UTF-8', 'Vimeo', 'Vimeo CDN']"
transportes.thc.pt,O Parceiro de Transporte que Sempre Procurou | THC,,BRA,87,142770,2026-09-13T07:48:14.178449994Z,"['AWS WAF Challenge', 'Alternate Protocol', 'Amazon WAF Blocked', 'Authorize.net', 'Cloudflare', 'Cloudflare CDN', 'Cloudflare Web Analytics', 'Content Delivery Network', 'Contento', 'DAV', 'Ethy', 'Financial Services Guide', 'Fireblade', 'Google', 'Google Analytics', 'Google Cloud CDN', 'Google Cloud DNS', 'Google Cloud Storage', 'Google Font API', 'Google Tag Manager', 'KVH', 'No-Q', 'Nuxt.js', 'PHP', 'Perl', 'Phew', 'SMC', 'Subversion', 'Tailwind CSS', 'UTF-8']"
getrisknumber.com,Know Your Risk Number,,USA,87,18824,2026-09-13T07:48:14.175140069Z,"['Alternate Protocol', 'Authorize.net', 'Cloudflare', 'Cloudflare Web Analytics', 'Content Delivery Network', 'Fireblade', 'Google', 'Google Cloud CDN', 'Google Cloud DNS', 'Google Cloud Storage', 'Google Font API', 'Nuxt.js', 'UTF-8', 'Unsplash']"
fmblandscaping.co.uk,FMB Landscaping - Landscapers In Nottingham,,GBR,70,18740,2026-09-13T07:48:14.170456934Z,"['Alternate Protocol', 'Authorize.net', 'Better Lead Generation Services', 'Cloudflare', 'Cloudflare Web Analytics', 'Content Delivery Network', 'Facebook Embedded Posts', 'Fireblade', 'Google', 'Google Cloud CDN', 'Google Cloud DNS', 'Google Cloud Storage', 'Google Font API', 'Google My Business', 'Nuxt.js', 'UTF-8']"
ai4networkmarketing.com,How to Decode Customer Desires and Skyrocket Sales Using MassAI,,,77,18740,2026-09-13T07:48:14.168068687Z,"['Alternate Protocol', 'Authorize.net', 'Cloudflare', 'Cloudflare Web Analytics', 'Content Delivery Network', 'Fireblade', 'Google', 'Google Cloud CDN', 'Google Cloud DNS', 'Google Cloud Storage', 'Google Font API', 'Nuxt.js', 'UTF-8']"
fireqr.com,Fire QR,,,50,463,2026-09-13T07:48:14.157300127Z,"['Alternate Protocol', 'Authorize.net', 'Content Delivery Network', 'GZIP Module', 'Google', 'Google Cloud CDN', 'Google Cloud DNS', 'Google Cloud Storage', 'Google Font API', 'Nuxt.js', 'UTF-8']"
tampabaypay.com,Tampa Bay Pay: Payment Solutions for Tampa Bay Businesses,Tampa Bay Pay,NZL,92,68740,2026-09-13T07:48:14.133869444Z,"['Alternate Protocol', 'Authorize.net', 'Bunny Fonts', 'Cloudflare', 'Cloudflare Web Analytics', 'Content Delivery Network', 'Fireblade', 'Google', 'Google Analytics', 'Google Cloud CDN', 'Google Cloud DNS', 'Google Cloud Storage', 'Google Customer Reviews', 'Google Font API', 'Google Tag Manager', 'Instagram Follow Button', 'Interchange', 'Microdata for Google Shopping', 'Nuxt.js', 'QUIC', 'SMC', 'Thank You', 'UTF-8', 'WordPress', 'YouTube']"
stellardancestudio.com,Stellar Dance Studio | Kids Dance Classes,,USA,77,34928,2026-09-13T07:48:14.119246617Z,"['Alternate Protocol', 'Apture Linking Platform', 'Authorize.net', 'Cloudflare', 'Cloudflare Web Analytics', 'Content Delivery Network', 'DAV', 'Endis', 'Express', 'Fireblade', 'Google', 'Google Analytics', 'Google Cloud CDN', 'Google Cloud DNS', 'Google Cloud Storage', 'Google Font API', 'Google My Business', 'Google Tag Manager', 'Instagram Follow Button', 'Nuxt.js', 'Oddle', 'Subversion', 'Twitter Ads', 'UTF-8', 'Yelp Badge', 'YouTube']"
lavandierepc.fr,"Électricité, Plomberie, Chauffage à Castillon la Bataille : Votre Solution Complète",,,77,18824,2026-09-13T07:48:14.113548595Z,"['Alternate Protocol', 'Authorize.net', 'Cloudflare', 'Cloudflare Web Analytics', 'Content Delivery Network', 'Fireblade', 'Google', 'Google Cloud CDN', 'Google Cloud DNS', 'Google Cloud Storage', 'Google Font API', 'Google My Business', 'Nuxt.js', 'UTF-8', 'Unsplash']"
phonerepairpsl.com,Phone Screen Repair Shop,,USA,77,18740,2026-09-13T07:35:22.432744668Z,"['Alternate Protocol', 'Authorize.net', 'Cloudflare', 'Cloudflare Web Analytics', 'Content Delivery Network', 'Fireblade', 'Google', 'Google Cloud CDN', 'Google Cloud DNS', 'Google Cloud Storage', 'Google Font API', 'Google My Business', 'Instagram Follow Button', 'Medium', 'Ntent', 'Nuxt.js', 'QUIC', 'UTF-8']"
sovereignproduct.com,Sovereign Automation | Home,,,67,18740,2026-09-13T07:35:22.411134916Z,"['Alternate Protocol', 'Authorize.net', 'Better Lead Generation Services', 'Cloudflare', 'Cloudflare Web Analytics', 'Content Delivery Network', 'DAV', 'Fireblade', 'Google', 'Google Cloud CDN', 'Google Cloud DNS', 'Google Cloud Storage', 'Google Font API', 'Nuxt.js', 'QUIC', 'Thank You', 'UTF-8']"
funnelpilot.com,Funnel Pilot,,,62,22304,2026-09-13T07:22:50.528176412Z,"['Alternate Protocol', 'Authorize.net', 'Better Lead Generation Services', 'Book Direct', 'Cloudflare', 'Cloudflare Web Analytics', 'Content Delivery Network', 'Fireblade', 'Google', 'Google Cloud CDN', 'Google Cloud DNS', 'Google Cloud Storage', 'Google Font API', 'HighLevel', 'Nuxt.js', 'UTF-8']"
familynationalbenefits.com,"Family National Benefits | Life, Health, and Retirement Planning Services",,,77,41340,2026-09-13T07:22:50.522663405Z,"['AWS WAF Challenge', 'Alternate Protocol', 'Amazon WAF Blocked', 'Authorize.net', 'Better Lead Generation Services', 'Cloudflare', 'Cloudflare CDN', 'Cloudflare Web Analytics', 'Content Delivery Network', 'Fireblade', 'Google', 'Google Cloud CDN', 'Google Cloud DNS', 'Google Cloud Storage', 'Google Font API', 'Google My Business', 'Nuxt.js', 'QUIC', 'RM Education', 'Tailwind CSS', 'UTF-8']"
thetablenetwork.app,The Table App,Business Name,,52,9327,2026-09-13T07:19:26.158206289Z,"['AWS WAF Challenge', 'Alternate Protocol', 'Amazon WAF Blocked', 'Authorize.net', 'Cloudflare', 'Cloudflare CDN', 'Cloudflare Web Analytics', 'Content Delivery Network', 'Financial Services Guide', 'Fireblade', 'Google', 'Google Cloud CDN', 'Google Cloud DNS', 'Google Cloud Storage', 'Google Font API', 'HighLevel', 'Microdata for Google Shopping', 'Nuxt.js', 'Tailwind CSS', 'UTF-8', 'shadcn ui']"
kaije.co,Kaije Linktree,,,45,7963,2026-09-13T07:12:59.360324327Z,"['Alternate Protocol', 'Authorize.net', 'Cloudflare', 'Cloudflare Web Analytics', 'Content Delivery Network', 'Facebook Conversion Tracking', 'Facebook Pixel', 'Facebook Reseller', 'Facebook Tag API', 'Fireblade', 'Google', 'Google Cloud CDN', 'Google Cloud DNS', 'Google Cloud Storage', 'Google Font API', 'Instagram Follow Button', 'Nuxt.js', 'UTF-8', 'YouTube']"
peridot.capital,"Peridot Capital, LLC",,USA,72,33740,2026-09-13T06:58:10.067740512Z,"['AWS WAF Challenge', 'Alternate Protocol', 'Amazon WAF Blocked', 'Authorize.net', 'Cloudflare', 'Cloudflare CDN', 'Cloudflare Web Analytics', 'Content Delivery Network', 'Fireblade', 'Google', 'Google Cloud CDN', 'Google Cloud DNS', 'Google Cloud Storage', 'Google Font API', 'Nuxt.js', 'OSS CDN', 'QUIC', 'Tailwind CSS', 'UTF-8', 'University or College']"
climacooljl.com,ClimaCoolJL,,,57,7963,2026-09-13T06:58:10.065055216Z,"['Alternate Protocol', 'Authorize.net', 'Cloudflare', 'Cloudflare Web Analytics', 'Content Delivery Network', 'Fireblade', 'Google', 'Google Cloud CDN', 'Google Cloud DNS', 'Google Cloud Storage', 'Google Font API', 'Nuxt.js', 'UTF-8', 'WhatsApp Sharing']"
wesdaniels.com,Wes Daniels,,USA,65,68740,2026-09-13T06:58:10.032917466Z,"['AWS WAF Challenge', 'Alternate Protocol', 'Amazon WAF Blocked', 'Authorize.net', 'Cloudflare', 'Cloudflare CDN', 'Cloudflare Web Analytics', 'Content Delivery Network', 'Fireblade', 'Google', 'Google Cloud CDN', 'Google Cloud DNS', 'Google Cloud Storage', 'Google Font API', 'Nationwide Mortgage Licensing System and Registry', 'Nuxt.js', 'SimpleNexus', 'Tailwind CSS', 'UTF-8', 'University or College']"
newroofsolutions.net,New Roof Solutions & Quality LLC,,,77,18740,2026-09-13T06:58:10.011024597Z,"['Alternate Protocol', 'Authorize.net', 'Cloudflare', 'Cloudflare Web Analytics', 'Content Delivery Network', 'Fireblade', 'Google', 'Google Cloud CDN', 'Google Cloud DNS', 'Google Cloud Storage', 'Google Font API', 'Google My Business', 'Nuxt.js', 'Perl', 'QUIC', 'UTF-8']"
euphoria-kratom.com,"Euphoria Botanical | Herbs, Teas, & Natural Remedies in Kilgore TX",,USA,77,18779,2026-09-13T06:45:55.726172846Z,"['Alternate Protocol', 'Authorize.net', 'Cloudflare', 'Cloudflare Web Analytics', 'Coming Soon Page', 'Content Delivery Network', 'Fireblade', 'Google', 'Google Cloud CDN', 'Google Cloud DNS', 'Google Cloud Storage', 'Google Font API', 'Nuxt.js', 'UTF-8']"
ife-odoo.de,Odoo OpenERP Gold Partner with over 100 projects - Odoo OpenERP Gold Partner mit über 100 Projekten Bester Partner 2014,,DEU,82,2338,2026-09-13T06:45:55.688409525Z,"['Alternate Protocol', 'Authorize.net', 'AutoComplete', 'Camp', 'Express', 'Financial Services Guide', 'GZIP Module', 'Google Analytics', 'Google Cloud DNS', 'Google Font API', 'IcoMoon', 'Microdata for Google Shopping', 'Nginx', 'No-Q', 'PHP', 'Parcel', 'QUIC', 'Schema Plugin', 'Silverlight', 'Twitter Ads', 'UTF-8', 'University or College', 'WordPress']"
mindfulsolutionstutoring.com,Mindful Solutions | Expert Tutoring & ACT Prep for High School Success,,,67,18824,2026-09-13T06:45:55.686503764Z,"['Alternate Protocol', 'Authorize.net', 'Bunny Fonts', 'Cloudflare', 'Cloudflare Web Analytics', 'Content Delivery Network', 'Fireblade', 'Google', 'Google Cloud CDN', 'Google Cloud DNS', 'Google Cloud Storage', 'Nuxt.js', 'UTF-8', 'University or College', 'Unsplash', 'shadcn ui']"
smokefreereboot.net,Quit Smoking for Good—SmokeFreeReset Online Course & Coaching,,,67,38740,2026-09-13T06:35:28.191180861Z,"['Alternate Protocol', 'Authorize.net', 'Cloudflare', 'Cloudflare Web Analytics', 'Content Delivery Network', 'Fireblade', 'Google', 'Google Cloud CDN', 'Google Cloud DNS', 'Google Cloud Storage', 'Google Font API', 'KVH', 'Nuxt.js', 'QUIC', 'Subversion', 'UTF-8', 'shadcn ui']"
nolimitssxp.com,No LimitsSXP,,,62,44904,2026-09-13T06:25:10.702370449Z,"['AWS WAF Challenge', 'Alternate Protocol', 'Authorize.net', 'Bunny Fonts', 'CDN JS', 'Cloudflare', 'Cloudflare CDN', 'Cloudflare Web Analytics', 'Content Delivery Network', 'Fireblade', 'Google', 'Google Cloud CDN', 'Google Cloud DNS', 'Google Cloud Storage', 'HighLevel', 'InitiativeS', 'Investor Relations', 'Nuxt.js', 'RM Education', 'UTF-8']"
modifycontracting.com,Louisville Roofing Company | Modify Contracting,,,67,33740,2026-09-13T06:25:10.671715226Z,"['AWS WAF Challenge', 'Alternate Protocol', 'Amazon WAF Blocked', 'Authorize.net', 'Cloudflare', 'Cloudflare CDN', 'Cloudflare Web Analytics', 'Content Delivery Network', 'Fireblade', 'Google', 'Google Cloud CDN', 'Google Cloud DNS', 'Google Cloud Storage', 'Google Font API', 'Nuxt.js', 'QUIC', 'Subversion', 'Tailwind CSS', 'UTF-8', 'shadcn ui']"
vinesinfullbloom.com,Reclaiming Catholic Intimacy,,,72,25298,2026-09-13T06:25:10.652841789Z,"['AWS WAF Challenge', 'Alternate Protocol', 'Amazon WAF Blocked', 'Authorize.net', 'Cloudflare', 'Cloudflare CDN', 'Cloudflare Web Analytics', 'Content Delivery Network', 'DC74', 'Facebook Conversion Tracking', 'Facebook Pixel', 'Facebook Reseller', 'Facebook Tag API', 'Google', 'Google Cloud CDN', 'Google Cloud DNS', 'Google Cloud Storage', 'Google Font API', 'Nuxt.js', 'Oddle', 'Tailwind CSS', 'UTF-8', 'Zoom', 'Zoom Video Conferencing']"
milliondollaridentity.live,Million Dollar Identity Conference With Deb Burger Registration,,,57,9435,2026-09-13T06:11:09.703115598Z,"['AWS WAF Challenge', 'Alternate Protocol', 'Amazon WAF Blocked', 'Authorize.net', 'Cloudflare', 'Cloudflare CDN', 'Cloudflare Web Analytics', 'Content Delivery Network', 'Fireblade', 'Google', 'Google Cloud CDN', 'Google Cloud DNS', 'Google Cloud Storage', 'Google Font API', 'HighLevel', 'Nuxt.js', 'Tailwind CSS', 'UTF-8', 'Vimeo', 'Vimeo CDN']"
isportspecial.eu,Sporten met een beperking | I-Sport Special,,NLD,77,53740,2026-09-13T06:01:12.746692738Z,"['AAPT', 'AWS WAF Challenge', 'Alternate Protocol', 'Amazon WAF Blocked', 'Authorize.net', 'Cloudflare', 'Cloudflare CDN', 'Cloudflare Web Analytics', 'Content Delivery Network', 'Fireblade', 'Google', 'Google Cloud CDN', 'Google Cloud DNS', 'Google Cloud Storage', 'Google Font API', 'Instagram Follow Button', 'Nuxt.js', 'Tailwind CSS', 'UTF-8', 'YouTube']"
madeformo.com,Sara Zemianek | Made for More,,,67,34070,2026-09-13T06:01:12.733801045Z,"['AWS WAF Challenge', 'Alternate Protocol', 'Authorize.net', 'Cloudflare', 'Cloudflare Web Analytics', 'Content Delivery Network', 'Fireblade', 'Google', 'Google Cloud CDN', 'Google Cloud DNS', 'Google Cloud Storage', 'Google Font API', 'No-Q', 'Nuxt.js', 'UTF-8', 'shadcn ui']"
croninstiling.com.au,Cronins Tiling,,AUS,72,68968,2026-09-13T05:47:14.166739726Z,"['Alternate Protocol', 'Authorize.net', 'Cloudflare', 'Cloudflare Web Analytics', 'Content Delivery Network', 'Fireblade', 'Google', 'Google Cloud CDN', 'Google Cloud DNS', 'Google Cloud Storage', 'Google Font API', 'Iconfinder', 'Instagram Follow Button', 'Nuxt.js', 'SMC', 'UTF-8', 'jsDelivr']"
tileandcopingrepairs.com,H&S Pool and Tile Repair Services in Dallas-Fort Worth,,USA,72,40324,2026-09-13T05:47:14.153403119Z,"['Alternate Protocol', 'Authorize.net', 'Better Lead Generation Services', 'Cloudflare', 'Cloudflare Web Analytics', 'Content Delivery Network', 'Fireblade', 'Google', 'Google Cloud CDN', 'Google Cloud DNS', 'Google Cloud Storage', 'Google Font API', 'KVH', 'NFOrce Internet', 'Nuxt.js', 'Thank You', 'UTF-8', 'Unsplash']"
premiersolarnetwork.com,HOME,,,72,33839,2026-09-13T05:37:38.827056297Z,"['AWS WAF Challenge', 'Alternate Protocol', 'Amazon WAF Blocked', 'Authorize.net', 'Cloudflare', 'Cloudflare CDN', 'Cloudflare Web Analytics', 'Content Delivery Network', 'Fireblade', 'Font Awesome', 'Google', 'Google Cloud CDN', 'Google Cloud DNS', 'Google Cloud Storage', 'Google Font API', 'Google Maps', 'Investor Relations', 'Ntent', 'Nuxt.js', 'Tailwind CSS', 'UTF-8']"
mknewyou.com,"MK & New You - Med Spa in Hoffman Estates, IL",,USA,92,19460,2026-09-13T05:37:38.812787482Z,"['Alternate Protocol', 'Authorize.net', 'Cloudflare', 'Cloudflare Web Analytics', 'Content Delivery Network', 'Fireblade', 'Google', 'Google Cloud CDN', 'Google Cloud DNS', 'Google Cloud Storage', 'Google Font API', 'Google My Business', 'Google Related Website Sites', 'Instagram Follow Button', 'Microdata for Google Shopping', 'Nuxt.js', 'UTF-8']"
beprosperous.io,BeProsperous.io Technology Solutions,,,77,30510,2026-09-13T05:37:38.777083495Z,"['Alternate Protocol', 'Apture Linking Platform', 'Authorize.net', 'Cloudflare', 'Cloudflare Web Analytics', 'Content Delivery Network', 'Ethy', 'Google', 'Google Cloud CDN', 'Google Cloud DNS', 'Google Cloud Storage', 'Google Font API', 'K2F', 'No-Q', 'Nuxt.js', 'Thank You', 'UTF-8', 'Vimeo']"
ascendingalignment.com,Intuitive Healing & Coaching | Ascending Alignment,,,60,8023,2026-09-13T05:13:04.687143184Z,"['Alternate Protocol', 'Authorize.net', 'Cloudflare', 'Cloudflare Web Analytics', 'Content Delivery Network', 'Financial Services Guide', 'Fireblade', 'Google', 'Google Cloud CDN', 'Google Cloud DNS', 'Google Cloud Storage', 'Google Font API', 'Google My Business', 'Instagram Follow Button', 'Nuxt.js', 'Oracle Cloud', 'QUIC', 'UTF-8', 'YouTube']"
thewindowfactorynorthltd.uk,The Window Factory - Brochure,,GBR,77,53740,2026-09-13T05:13:04.674000745Z,"['AWS WAF Challenge', 'Alternate Protocol', 'Amazon WAF Blocked', 'Authorize.net', 'Cloudflare', 'Cloudflare CDN', 'Cloudflare Web Analytics', 'Content Delivery Network', 'Facebook Conversion Tracking', 'Facebook Pixel', 'Facebook Reseller', 'Facebook Tag API', 'Fireblade', 'Google', 'Google Cloud CDN', 'Google Cloud DNS', 'Google Cloud Storage', 'Google Font API', 'KVH', 'Nuxt.js', 'Tailwind CSS', 'UTF-8']"
deidrawesley.com,Deidra Wesley,,,62,18740,2026-09-13T05:13:04.651185282Z,"['Alternate Protocol', 'Authorize.net', 'Cloudflare', 'Cloudflare Web Analytics', 'Content Delivery Network', 'Fireblade', 'Google', 'Google Cloud CDN', 'Google Cloud DNS', 'Google Cloud Storage', 'Google Font API', 'Instagram Follow Button', 'Nuxt.js', 'QUIC', 'UTF-8']"
philiprice.com,Zarathustra Studios,,,72,19940,2026-09-13T05:13:04.646000876Z,"['Alternate Protocol', 'Authorize.net', 'Band Camp', 'Camp', 'Cloudflare', 'Cloudflare Web Analytics', 'Content Delivery Network', 'Fireblade', 'Google', 'Google Adsense', 'Google Cloud CDN', 'Google Cloud DNS', 'Google Cloud Storage', 'Google Font API', 'Google Matched Content', 'Google Reseller', 'Instagram Follow Button', 'Nuxt.js', 'UTF-8', 'University or College', 'YouTube']"
vmarket.digital,Vantage Market & Digital Solutions LLC,Vantage Market & Digital Solutions LLC,,77,41340,2026-09-13T05:13:04.633710231Z,"['AWS WAF Challenge', 'Alternate Protocol', 'Amazon WAF Blocked', 'Authorize.net', 'Better Lead Generation Services', 'Bunny Fonts', 'Cloudflare', 'Cloudflare CDN', 'Cloudflare Web Analytics', 'Content Delivery Network', 'Fireblade', 'Google', 'Google Analytics', 'Google Cloud CDN', 'Google Cloud DNS', 'Google Cloud Storage', 'Google Font API', 'Google My Business', 'Google Tag Manager', 'Instagram Follow Button', 'Microdata for Google Shopping', 'Nuxt.js', 'QUIC', 'RM Education', 'Tailwind CSS', 'UTF-8']"
certuxconnect.com,Certus Connect - Accelerate Your B2B Growth with AI-Driven Strategies,,USA,87,18740,2026-09-13T05:01:27.607437906Z,"['Alternate Protocol', 'Authorize.net', 'Better Lead Generation Services', 'Cloudflare', 'Cloudflare Web Analytics', 'Content Delivery Network', 'Fireblade', 'Google', 'Google Cloud CDN', 'Google Cloud DNS', 'Google Cloud Storage', 'Google Font API', 'Nuxt.js', 'UTF-8']"
m10marketing.com,M10 Marketing Home Page,,,67,53740,2026-09-13T05:01:27.58976052Z,"['AWS WAF Challenge', 'Alternate Protocol', 'Authorize.net', 'Cloudflare', 'Cloudflare Web Analytics', 'Content Delivery Network', 'Fireblade', 'Google', 'Google Cloud CDN', 'Google Cloud DNS', 'Google Cloud Storage', 'Google Font API', 'Google My Business', 'Instagram Follow Button', 'Nuxt.js', 'O2MC Dimml', 'UTF-8', 'YouTube']"
admireretreat.com,Admire Retreat Premier Day Spa | Medford Oregon,,USA,77,34400,2026-09-13T05:01:27.585009936Z,"['AWS WAF Challenge', 'Alternate Protocol', 'Amazon WAF Blocked', 'Authorize.net', 'Cloudflare', 'Cloudflare CDN', 'Cloudflare Web Analytics', 'Content Delivery Network', 'Fireblade', 'Google', 'Google Analytics', 'Google Cloud CDN', 'Google Cloud DNS', 'Google Cloud Storage', 'Google Font API', 'Google Tag Manager', 'Instagram Follow Button', 'Microdata for Google Shopping', 'Nuxt.js', 'Tailwind CSS', 'UTF-8', 'Vagaro', 'shadcn ui']"
silverandblackllc.com,Partner | Silver and Black,,,67,33824,2026-09-13T05:01:27.546641422Z,"['AWS WAF Challenge', 'Alternate Protocol', 'Amazon WAF Blocked', 'Authorize.net', 'Cloudflare', 'Cloudflare CDN', 'Cloudflare Web Analytics', 'Content Delivery Network', 'DAV', 'Fireblade', 'Google', 'Google Cloud CDN', 'Google Cloud DNS', 'Google Cloud Storage', 'Google Font API', 'Nuxt.js', 'QUIC', 'Tailwind CSS', 'UTF-8', 'Unsplash']"
sbskingcarpenter.com,SBS King Carpenter,,,62,20024,2026-09-13T04:49:51.234964722Z,"['Alternate Protocol', 'Authorize.net', 'Better Lead Generation Services', 'Call to Visit', 'Cloudflare', 'Cloudflare Web Analytics', 'Content Delivery Network', 'Fireblade', 'Google', 'Google Cloud CDN', 'Google Cloud DNS', 'Google Cloud Storage', 'Google Font API', 'Google My Business', 'Nuxt.js', 'UTF-8', 'Unsplash', 'WordPress']"
theamor.life,Amor Muscle Mindset,,,57,8222,2026-09-13T04:49:51.216680785Z,"['AWS WAF Challenge', 'Alternate Protocol', 'Authorize.net', 'Cloudflare', 'Cloudflare Web Analytics', 'Content Delivery Network', 'Cornerstone', 'DAV', 'Fireblade', 'Google', 'Google Cloud CDN', 'Google Cloud DNS', 'Google Cloud Storage', 'Google Font API', 'Google My Business', 'Instagram Follow Button', 'Nuxt.js', 'UTF-8', 'YouTube']"
builderslandsource.com,Off-Market Land for Home Builders | Builders Land Source,,USA,82,33740,2026-09-13T04:49:51.216119279Z,"['AWS WAF Challenge', 'Alternate Protocol', 'Authorize.net', 'Cloudflare', 'Cloudflare Web Analytics', 'Content Delivery Network', 'Fireblade', 'Google', 'Google Cloud CDN', 'Google Cloud DNS', 'Google Cloud Storage', 'Google Font API', 'Google My Business', 'Instagram Follow Button', 'Microdata for Google Shopping', 'Nuxt.js', 'Parcel', 'QUIC', 'UTF-8', 'YouTube']"
workmywebsitehelp.com,MyWebsiteHelp | Small Business Website Design,MyWebsiteHelp,NZL,60,7963,2026-09-13T04:49:51.202733742Z,"['Alternate Protocol', 'Apture Linking Platform', 'Authorize.net', 'Better Lead Generation Services', 'Cloudflare', 'Cloudflare Web Analytics', 'Content Delivery Network', 'Fireblade', 'Google', 'Google Cloud CDN', 'Google Cloud DNS', 'Google Cloud Storage', 'Google Font API', 'Help.com', 'Microdata for Google Shopping', 'Nuxt.js', 'QUIC', 'SiteHelp', 'UTF-8']"
youareamoneymagnet.com,I Am A Money Magnet,,GBR,82,18740,2026-09-13T04:49:51.195475377Z,"['Alternate Protocol', 'Authorize.net', 'Cloudflare', 'Cloudflare Web Analytics', 'Content Delivery Network', 'Fireblade', 'Google', 'Google Cloud CDN', 'Google Cloud DNS', 'Google Cloud Storage', 'Google Font API', 'Google My Business', 'Nuxt.js', 'UTF-8']"
spinaltouch.ca,Spinal Touch Wellness Centre,,CAN,87,18740,2026-09-13T04:49:51.185788812Z,"['Alternate Protocol', 'Authorize.net', 'Cloudflare', 'Cloudflare Web Analytics', 'Content Delivery Network', 'Fireblade', 'Google', 'Google Analytics', 'Google Cloud CDN', 'Google Cloud DNS', 'Google Cloud Storage', 'Google Conversion Tracking', 'Google Font API', 'Google My Business', 'Google Tag Manager', 'Instagram Follow Button', 'Nationwide Mortgage Licensing System and Registry', 'Nuxt.js', 'UTF-8', 'YouTube']"
sportsuslidell.com,"Sports U Slidell, More than Baseball",,,55,8163,2026-09-13T04:36:55.539509729Z,"['AWS WAF Challenge', 'Alternate Protocol', 'Amazon WAF Blocked', 'Authorize.net', 'Cloudflare', 'Cloudflare CDN', 'Cloudflare Web Analytics', 'Content Delivery Network', 'Fireblade', 'Google', 'Google Cloud CDN', 'Google Cloud DNS', 'Google Cloud Storage', 'Google Font API', 'Google My Business', 'Instagram Follow Button', 'Nuxt.js', 'Tailwind CSS', 'UTF-8', 'shadcn ui']"
glassonprivatewealth.com,Dominic Glasson | Glasson Wealth Advisors,,,67,41892,2026-09-13T04:36:55.537442586Z,"['AWS WAF Challenge', 'Alternate Protocol', 'Amazon WAF Blocked', 'Authorize.net', 'Calendly', 'Cloudflare', 'Cloudflare CDN', 'Cloudflare Web Analytics', 'Content Delivery Network', 'Fireblade', 'Google', 'Google Cloud CDN', 'Google Cloud DNS', 'Google Cloud Storage', 'Google Font API', 'Google My Business', 'Instagram Follow Button', 'Nuxt.js', 'Perl', 'Plivo', 'Prospective', 'Tailwind CSS', 'UTF-8', 'Vimeo', 'Vimeo CDN', 'YouTube']"
marstagoals.com,MARSTA GOALS,,CAN,77,41532,2026-09-13T04:36:55.53502273Z,"['AWS WAF Challenge', 'Alternate Protocol', 'Authorize.net', 'Calendly', 'Cloudflare', 'Cloudflare Web Analytics', 'Content Delivery Network', 'Fireblade', 'Google', 'Google Cloud CDN', 'Google Cloud DNS', 'Google Cloud Storage', 'Google Font API', 'Nuxt.js', 'QUIC', 'RM Education', 'UTF-8', 'YouTube']"
meritforyou.com,Merit Solutions,,LBN,72,26440,2026-09-13T04:36:55.509094014Z,"['501c3 Status Nonprofit', 'Alternate Protocol', 'Authorize.net', 'Cisco/Arrowpoint Content Service Switch', 'Cloudflare', 'Cloudflare Web Analytics', 'Content Delivery Network', 'ETranslate', 'Fireblade', 'GTranslate', 'Google', 'Google Cloud CDN', 'Google Cloud DNS', 'Google Cloud Storage', 'Google Font API', 'Google My Business', 'Instagram Follow Button', 'Nuxt.js', 'Thank You', 'UTF-8', 'University or College', 'YouTube']"
anchorgolfcenter.com,Anchor Golf Center,,,62,34193,2026-09-13T04:36:55.484697674Z,"['AWS WAF Challenge', 'Alternate Protocol', 'Authorize.net', 'Cloudflare', 'Cloudflare Web Analytics', 'Coming Soon Page', 'Content Delivery Network', 'Facebook Conversion Tracking', 'Facebook Pixel', 'Facebook Reseller', 'Facebook Tag API', 'Fireblade', 'Google', 'Google Cloud CDN', 'Google Cloud DNS', 'Google Cloud Storage', 'Google Font API', 'Google My Business', 'Instagram Follow Button', 'No-Q', 'Nuxt.js', 'UTF-8', 'Unsplash', 'YouTube']"
lakeshoresports.net,Lakeshore Sports LLC school photo service - online ordering,,,25,12800,2026-09-13T04:23:34.589044874Z,"['Apache', 'Authorize.net', 'Express', 'Fireblade', 'Gravity', 'INETu', 'UTF-8', 'jQuery']"
beyondtiredbook.com,"Beyond Tired by Funke Afolabi-Brown MD, FAASM",,CAN,77,33740,2026-09-13T04:23:34.583214198Z,"['AWS WAF Challenge', 'Alternate Protocol', 'Amazon Widgets', 'Authorize.net', 'Cloudflare', 'Cloudflare Web Analytics', 'Content Delivery Network', 'Financial Services Guide', 'Fireblade', 'Google', 'Google Cloud CDN', 'Google Cloud DNS', 'Google Cloud Storage', 'Google Font API', 'Google Forms', 'Google My Business', 'Investor Relations', 'Nuxt.js', 'PHP', 'UTF-8', 'University or College']"
getconnectedbenefits.com,Connected Benefits,,,52,463,2026-09-13T04:23:34.572747475Z,"['Alternate Protocol', 'Authorize.net', 'Cloudflare', 'Cloudflare Web Analytics', 'Content Delivery Network', 'Google', 'Google Cloud CDN', 'Google Cloud DNS', 'Google Cloud Storage', 'Google Font API', 'Nuxt.js', 'UTF-8']"
atheriumhorizons.org,Atherium Horizons,,,62,33740,2026-09-13T04:23:34.571418291Z,"['AWS WAF Challenge', 'Alternate Protocol', 'Amazon WAF Blocked', 'Authorize.net', 'Cloudflare', 'Cloudflare CDN', 'Cloudflare Web Analytics', 'Content Delivery Network', 'Fireblade', 'Google', 'Google Cloud CDN', 'Google Cloud DNS', 'Google Cloud Storage', 'Google Font API', 'Nuxt.js', 'Tailwind CSS', 'UTF-8']"
handyandylandscaping.co.nz,Handy Andy Landscaping | Expert Landscaping Whanganui Services,,NZL,87,19100,2026-09-13T04:23:34.565283336Z,"['Alternate Protocol', 'Authorize.net', 'Cloudflare', 'Cloudflare Web Analytics', 'Content Delivery Network', 'Elfsight', 'Fireblade', 'Google', 'Google Cloud CDN', 'Google Cloud DNS', 'Google Cloud Storage', 'Google Font API', 'Nuxt.js', 'QUIC', 'UTF-8']"
marketingwithmere.co,Marketing with Mere,,,55,663,2026-09-13T04:23:34.555641036Z,"['AWS WAF Challenge', 'Alternate Protocol', 'Authorize.net', 'Cloudflare', 'Cloudflare Web Analytics', 'Content Delivery Network', 'Google', 'Google Cloud CDN', 'Google Cloud DNS', 'Google Cloud Storage', 'Google Font API', 'Nuxt.js', 'UTF-8']"
rootcausefxhealth.com,Root Cause Health & Wellness | Home,,USA,72,22388,2026-09-13T04:23:34.552671331Z,"['Agoda', 'Alternate Protocol', 'Authorize.net', 'Cloudflare', 'Cloudflare Web Analytics', 'Content Delivery Network', 'Fireblade', 'Google', 'Google Cloud CDN', 'Google Cloud DNS', 'Google Cloud Storage', 'Google Font API', 'HighLevel', 'Ntent', 'Nuxt.js', 'Perl', 'UTF-8', 'University or College', 'Unsplash']"
pmcinvestment.com,"Hard Money Lender in Spokane, WA | PMC",,USA,82,18740,2026-09-13T04:23:34.551206543Z,"['Alternate Protocol', 'Authorize.net', 'Cloudflare', 'Cloudflare Web Analytics', 'Content Delivery Network', 'Fireblade', 'Google', 'Google Cloud CDN', 'Google Cloud DNS', 'Google Cloud Storage', 'Google Font API', 'Google My Business', 'Microdata for Google Shopping', 'Nuxt.js', 'QUIC', 'Thank You', 'UTF-8']"
reisnapshot.com,REI Snapshot📸🏠,,,72,22304,2026-09-13T04:15:18.416863432Z,"['Alternate Protocol', 'Authorize.net', 'Cloudflare', 'Cloudflare Web Analytics', 'Content Delivery Network', 'Express', 'Fireblade', 'Google', 'Google Cloud CDN', 'Google Cloud DNS', 'Google Cloud Storage', 'Google Font API', 'HighLevel', 'Nuxt.js', 'QUIC', 'UTF-8', 'shadcn ui']"
dentalimplants-aesthetic-center.com,"Dental Implant Aesthetic Center - Top Dentists in Memphis, TN",,USA,77,18932,2026-09-13T04:15:18.41116895Z,"['Alibaba Cloud CDN', 'Alternate Protocol', 'Authorize.net', 'Cloudflare', 'Cloudflare Web Analytics', 'Content Delivery Network', 'Fireblade', 'Google', 'Google Analytics', 'Google Cloud CDN', 'Google Cloud DNS', 'Google Cloud Storage', 'Google Customer Reviews', 'Google Font API', 'Google Tag Manager', 'Line2', 'Nuxt.js', 'QUIC', 'UTF-8', 'University or College', 'shadcn ui']"
superiorautodetailingwi.com,Superior Auto Detailing,,,67,18824,2026-09-13T04:15:18.410738471Z,"['Alternate Protocol', 'Authorize.net', 'Cloudflare', 'Cloudflare Web Analytics', 'Content Delivery Network', 'Fireblade', 'Google', 'Google Cloud CDN', 'Google Cloud DNS', 'Google Cloud Storage', 'Google Font API', 'Google My Business', 'Nuxt.js', 'UTF-8', 'Unsplash']"
emarecoveryholdings.com,EMA Recovery Holdings LLC,,USA,70,33740,2026-09-13T04:15:18.378451435Z,"['AWS WAF Challenge', 'Alternate Protocol', 'Amazon WAF Blocked', 'Authorize.net', 'Cloudflare', 'Cloudflare CDN', 'Cloudflare Web Analytics', 'Content Delivery Network', 'Fireblade', 'Google', 'Google Cloud CDN', 'Google Cloud DNS', 'Google Cloud Storage', 'Google Font API', 'Nuxt.js', 'Tailwind CSS', 'UTF-8']"
saintsproductions.com,Saints Productions Real Estate Media,,,67,18824,2026-09-13T04:15:18.354607171Z,"['Alternate Protocol', 'Authorize.net', 'Cloudflare', 'Cloudflare Web Analytics', 'Content Delivery Network', 'Fireblade', 'Google', 'Google Cloud CDN', 'Google Cloud DNS', 'Google Cloud Storage', 'Google Font API', 'Google My Business', 'Nuxt.js', 'UTF-8', 'Unsplash']"
cypresssupremepaintingtx.com,"Painting Company in Cypress, TX & Houston Area",Cypress Supreme Painting & Contracting,USA,77,18740,2026-09-13T04:15:18.351331444Z,"['Alternate Protocol', 'Authorize.net', 'CDN JS', 'Cloudflare', 'Cloudflare CDN', 'Cloudflare Web Analytics', 'Content Delivery Network', 'Fireblade', 'Google', 'Google Analytics', 'Google Cloud CDN', 'Google Cloud DNS', 'Google Cloud Storage', 'Google Customer Reviews', 'Google Font API', 'Google My Business', 'Google Tag Manager', 'Microdata for Google Shopping', 'Nuxt.js', 'UTF-8', 'shadcn ui']"
themuffintopslayer.com,SLAYING MUFFINTOPS CHRISTIAN LIFE COACHING FOR WOMEN,,,67,18779,2026-09-13T04:01:39.990054868Z,"['AWS WAF Challenge', 'Alternate Protocol', 'Authorize.net', 'Cloudflare', 'Cloudflare Web Analytics', 'Coming Soon Page', 'Content Delivery Network', 'Google', 'Google Analytics', 'Google Cloud CDN', 'Google Cloud DNS', 'Google Cloud Storage', 'Google Font API', 'Google Tag Manager', 'Nuxt.js', 'UTF-8']"
garcialegalteampllc.com,Trusted Legal Services for Texas Businesses | Garcia Legal Team PLLC,,USA,87,33740,2026-09-13T04:01:39.988657041Z,"['AWS WAF Challenge', 'Alternate Protocol', 'Authorize.net', 'Cloudflare', 'Cloudflare Web Analytics', 'Content Delivery Network', 'Corporate Governance and Regulatory Compliance', 'DAV', 'Fireblade', 'Google', 'Google Analytics', 'Google Cloud CDN', 'Google Cloud DNS', 'Google Cloud Storage', 'Google Font API', 'Google My Business', 'Google Tag Manager', 'Instagram Follow Button', 'Ntent', 'Nuxt.js', 'QUIC', 'UTF-8', 'YouTube']"
teacuppigsforsaleindiana.com,Teacup pigs and Mini Pigs for sale in Indiana,,USA,77,72404,2026-09-13T04:01:39.966391277Z,"['Alternate Protocol', 'Authorize.net', 'Cloudflare', 'Cloudflare Web Analytics', 'Content Delivery Network', 'Fireblade', 'Google', 'Google Cloud CDN', 'Google Cloud DNS', 'Google Cloud Storage', 'Google Font API', 'HighLevel', 'Instagram Follow Button', 'Neighborhoods', 'Nuxt.js', 'SAS', 'UPS', 'UTF-8', 'University or College', 'WordPress', 'YouTube']"
everreadysolutions.com.au,"Ever Ready Solutions – Experts in Mould, Water & Hazard Restoration",,AUS,77,107304,2026-09-13T03:51:00.002634172Z,"['AWS WAF Challenge', 'Alternate Protocol', 'Amazon WAF Blocked', 'Authorize.net', 'Cloudflare', 'Cloudflare CDN', 'Cloudflare Web Analytics', 'Content Delivery Network', 'DAV', 'Financial Services Guide', 'Fireblade', 'Google', 'Google Cloud CDN', 'Google Cloud DNS', 'Google Cloud Storage', 'Google Font API', 'HMDG', 'HighLevel', 'Nuxt.js', 'Perl', 'QUIC', 'SMC', 'Subversion', 'Tailwind CSS', 'UTF-8', 'eLand', 'shadcn ui']"
orthoprofits.com,OrthoProfits,,,62,19280,2026-09-13T03:50:59.993735677Z,"['Alternate Protocol', 'Authorize.net', 'Cloudflare', 'Cloudflare Web Analytics', 'Content Delivery Network', 'Fireblade', 'Google', 'Google Cloud CDN', 'Google Cloud DNS', 'Google Cloud Storage', 'Google Font API', 'Nuxt.js', 'UTF-8', 'Vimeo', 'Vimeo CDN']"
philliswheatleyhome.com,Phillis Wheatley Home,,USA,87,18740,2026-09-13T03:50:59.992062703Z,"['Alternate Protocol', 'Authorize.net', 'Cloudflare', 'Cloudflare Web Analytics', 'Content Delivery Network', 'DAV', 'Fireblade', 'Google', 'Google Cloud CDN', 'Google Cloud DNS', 'Google Cloud Storage', 'Google Font API', 'Neighborhoods', 'Nuxt.js', 'UTF-8']"
gymdeskads.com,Gym Desk Advertising,,,55,14163,2026-09-13T03:39:04.935456788Z,"['AWS WAF Challenge', 'Alternate Protocol', 'Amazon WAF Blocked', 'Authorize.net', 'Better Lead Generation Services', 'Cloudflare', 'Cloudflare CDN', 'Cloudflare Web Analytics', 'Coming Soon Page', 'Content Delivery Network', 'Fireblade', 'Google', 'Google Cloud CDN', 'Google Cloud DNS', 'Google Cloud Storage', 'Google Font API', 'Nuxt.js', 'On The Map', 'Tailwind CSS', 'UTF-8', 'shadcn ui']"
ssclipper.com,S.S. Clipper Dog Grooming | Dog Grooming in Titusville,,USA,77,33740,2026-09-13T03:39:04.923071879Z,"['AWS WAF Challenge', 'Alternate Protocol', 'Amazon WAF Blocked', 'Authorize.net', 'Cloudflare', 'Cloudflare CDN', 'Cloudflare Web Analytics', 'Content Delivery Network', 'Fireblade', 'Google', 'Google Cloud CDN', 'Google Cloud DNS', 'Google Cloud Storage', 'Google Font API', 'Google My Business', 'Nuxt.js', 'QUIC', 'Tailwind CSS', 'UTF-8']"
bachatanuremberg.de,Bachata Nuremberg,,DEU,72,19100,2026-09-13T03:39:04.923523229Z,"['Alternate Protocol', 'Authorize.net', 'Cloudflare', 'Cloudflare Web Analytics', 'Content Delivery Network', 'Elfsight', 'Fireblade', 'Google', 'Google Cloud CDN', 'Google Cloud DNS', 'Google Cloud Storage', 'Google Font API', 'Instagram Follow Button', 'Nuxt.js', 'UTF-8']"
monetizemedia.io,Home | Monetize Media,,USA,77,39740,2026-09-13T03:29:37.70159858Z,"['AWS WAF Challenge', 'Alternate Protocol', 'Apture Linking Platform', 'Authorize.net', 'Better Lead Generation Services', 'CDN JS', 'Cloudflare', 'Cloudflare CDN', 'Cloudflare Web Analytics', 'Content Delivery Network', 'Google', 'Google Cloud CDN', 'Google Cloud DNS', 'Google Cloud Storage', 'Google Font API', 'IPFS', 'KVH', 'Nuxt.js', 'Perl', 'QUIC', 'Thank You', 'UTF-8', 'Vimeo', 'Vimeo CDN', 'YouTube', 'Zoom Video Conferencing']"
overcomeageism.com,Overcome Ageism,,,65,30180,2026-09-13T03:29:37.690115999Z,"['Alternate Protocol', 'Amazon CloudFront', 'Aruba', 'Authorize.net', 'ByteDance', 'CloudFront', 'Cloudflare', 'Cloudflare Web Analytics', 'Content Delivery Network', 'DAV', 'Fireblade', 'Google', 'Google Analytics', 'Google Cloud CDN', 'Google Cloud DNS', 'Google Cloud Storage', 'Google Font API', 'Google Tag Manager', 'Hyros', 'Nuxt.js', 'Perl', 'QUIC', 'Tailwind CSS', 'UTF-8', 'Vercel', 'eLand']"
joelmejiahornnotary.com,Joel MejiaHorn,,USA,82,18824,2026-09-13T03:29:37.675822063Z,"['Alternate Protocol', 'Authorize.net', 'Cloudflare', 'Cloudflare Web Analytics', 'Content Delivery Network', 'DAV', 'Fireblade', 'Google', 'Google Cloud CDN', 'Google Cloud DNS', 'Google Cloud Storage', 'Google Font API', 'Nuxt.js', 'Subversion', 'UTF-8', 'Unsplash']"
motobikesph.com,Branded Motorcycles,,PHL,82,24070,2026-09-13T03:16:15.192113484Z,"['Alternate Protocol', 'Authorize.net', 'Cisco/Arrowpoint Content Service Switch', 'Cloudflare', 'Cloudflare Web Analytics', 'Content Delivery Network', 'Fireblade', 'Google', 'Google Cloud CDN', 'Google Cloud DNS', 'Google Cloud Storage', 'Google Font API', 'Google My Business', 'Instagram Follow Button', 'No-Q', 'Nuxt.js', 'UTF-8', 'YouTube']"
autocarguy.com,Car Dealer,,USA,82,63824,2026-09-13T03:16:15.169292208Z,"['Alternate Protocol', 'Audi AG', 'Authorize.net', 'Cloudflare', 'Cloudflare Web Analytics', 'Content Delivery Network', 'Fireblade', 'Google', 'Google Cloud CDN', 'Google Cloud DNS', 'Google Cloud Storage', 'Google Font API', 'K2F', 'KVH', 'Nuxt.js', 'UTF-8', 'Unsplash']"
conradfargo.com,Conrad Klinkhammer - Realtor,,USA,77,25723,2026-09-13T03:16:15.163669293Z,"['501c3 Status Nonprofit', 'Alternate Protocol', 'Authorize.net', 'Cloudflare', 'Cloudflare Web Analytics', 'Content Delivery Network', 'Facebook Login', 'Facebook Messenger Platform', 'Facebook Reseller', 'Fireblade', 'Google', 'Google Cloud CDN', 'Google Cloud DNS', 'Google Cloud Storage', 'Google Font API', 'Google My Business', 'Neighborhoods', 'Nuxt.js', 'Paessler', 'Pixabay', 'UTF-8', 'University or College', 'Unsplash', 'YouTube']"
datalyz.ca,Reactivate Your Clients | MyLead by Datalyz,,CAN,62,25932,2026-09-13T03:07:06.906791933Z,"['Alternate Protocol', 'Authorize.net', 'Better Lead Generation Services', 'Calendly', 'Cloudflare', 'Cloudflare Web Analytics', 'Content Delivery Network', 'DAV', 'Fireblade', 'Google', 'Google Analytics', 'Google Cloud CDN', 'Google Cloud DNS', 'Google Cloud Storage', 'Google Font API', 'Google Tag Manager', 'Ntent', 'Nuxt.js', 'Prospective', 'QUIC', 'UTF-8', 'YouTube']"
inspiracoffeetruck.com,"Inspira Coffee: Your Premier Destination for Coffee in Pasadena, TX",,USA,77,18779,2026-09-13T03:07:06.901480522Z,"['Alternate Protocol', 'Authorize.net', 'Cloudflare', 'Cloudflare Web Analytics', 'Coming Soon Page', 'Content Delivery Network', 'Fireblade', 'Google', 'Google Analytics', 'Google Cloud CDN', 'Google Cloud DNS', 'Google Cloud Storage', 'Google Customer Reviews', 'Google Font API', 'Google My Business', 'Google Tag Manager', 'InitiativeS', 'Instagram Follow Button', 'Nuxt.js', 'QUIC', 'Square', 'UTF-8', 'shadcn ui']"
annabeloreste.com,Annabel Oreste | Useful Links,,CAN,72,33740,2026-09-13T02:42:34.941450512Z,"['AWS WAF Challenge', 'Alternate Protocol', 'Amazon WAF Blocked', 'Authorize.net', 'CDN JS', 'Cloudflare', 'Cloudflare CDN', 'Cloudflare Web Analytics', 'Content Delivery Network', 'Fireblade', 'Google', 'Google Cloud CDN', 'Google Cloud DNS', 'Google Cloud Storage', 'Google Font API', 'Instagram Follow Button', 'Nuxt.js', 'Tailwind CSS', 'Thank You', 'UTF-8', 'YouTube']"
dbssdigital.co.uk,Welcome to The Official DBSS Digital Home Page,,GBR,55,8071,2026-09-13T02:42:34.929040781Z,"['Alternate Protocol', 'Authorize.net', 'Better Lead Generation Services', 'Cloudflare', 'Cloudflare Web Analytics', 'Content Delivery Network', 'Fireblade', 'Google', 'Google Cloud CDN', 'Google Cloud DNS', 'Google Cloud Storage', 'Google Font API', 'Medium', 'Nuxt.js', 'UTF-8', 'Vimeo', 'Vimeo CDN', 'shadcn ui']"
wilsonspaintingandremodelingtx.com,Elevate Your Space - Elite Craftsmanship Awaits,,USA,77,18740,2026-09-13T02:42:34.928244813Z,"['Alternate Protocol', 'Authorize.net', 'Cloudflare', 'Cloudflare Web Analytics', 'Content Delivery Network', 'Financial Services Guide', 'Fireblade', 'Google', 'Google Cloud CDN', 'Google Cloud DNS', 'Google Cloud Storage', 'Google Font API', 'Instagram Follow Button', 'Nuxt.js', 'UTF-8']"
creditcareofdmv.com,Credit Report Repair Services Nationwide | America Credit Care,,,77,43740,2026-09-13T02:31:52.74194176Z,"['AWS WAF Challenge', 'Adult Content', 'Alternate Protocol', 'Amazon WAF Blocked', 'Authorize.net', 'Cloudflare', 'Cloudflare CDN', 'Cloudflare Web Analytics', 'Content Delivery Network', 'Facebook Conversion Tracking', 'Facebook Pixel', 'Facebook Reseller', 'Facebook Tag API', 'Financial Services Guide', 'Google', 'Google Analytics', 'Google Cloud CDN', 'Google Cloud DNS', 'Google Cloud Storage', 'Google Font API', 'Google Tag Manager', 'Instagram Follow Button', 'K2F', 'Nationwide Mortgage Licensing System and Registry', 'Nuxt.js', 'QUIC', 'Tailwind CSS', 'UTF-8', 'YouTube']"
vanessacollinsllc.com,Vanessa Collins LLC,,,72,41340,2026-09-13T02:31:52.702065962Z,"['AWS WAF Challenge', 'Alternate Protocol', 'Authorize.net', 'Better Lead Generation Services', 'Bunny Fonts', 'Cloudflare', 'Cloudflare Web Analytics', 'Content Delivery Network', 'Fireblade', 'Google', 'Google Cloud CDN', 'Google Cloud DNS', 'Google Cloud Storage', 'Instagram Follow Button', 'Nuxt.js', 'RM Education', 'Twitter Ads', 'UTF-8', 'YouTube', 'shadcn ui']"
centre101.ch,"Soins energétiques, massages, geobionlogie",,CHE,82,33740,2026-09-13T02:31:52.68176146Z,"['AWS WAF Challenge', 'Alternate Protocol', 'Amazon WAF Blocked', 'Authorize.net', 'Cloudflare', 'Cloudflare CDN', 'Cloudflare Web Analytics', 'Content Delivery Network', 'Envoy', 'Fireblade', 'Google', 'Google Cloud CDN', 'Google Cloud DNS', 'Google Cloud Storage', 'Google Font API', 'Google My Business', 'Nuxt.js', 'Pixabay', 'Tailwind CSS', 'UTF-8']"
yourhomeaurora.com,"17313 E Kansas Place, Aurora, CO 80017",,,67,18740,2026-09-13T02:20:22.727466188Z,"['Alternate Protocol', 'Authorize.net', 'Cloudflare', 'Cloudflare Web Analytics', 'Content Delivery Network', 'Fireblade', 'Google', 'Google Cloud CDN', 'Google Cloud DNS', 'Google Cloud Storage', 'Google Font API', 'Google My Business', 'Instagram Follow Button', 'Nuxt.js', 'PROPS Publisher', 'QUIC', 'UTF-8', 'YouTube']"
glosscdetail.com,"Gloss Correction Detailing | Lawrenceville, GA",,USA,80,126810,2026-09-13T02:20:22.720795329Z,"['Alternate Protocol', 'Authorize.net', 'Cloudflare', 'Cloudflare Web Analytics', 'Content Delivery Network', 'DAV', 'Federal Deposit Insurance Corporation', 'Financial Services Guide', 'Fireblade', 'Google', 'Google Cloud CDN', 'Google Cloud DNS', 'Google Cloud Storage', 'Google Font API', 'IPFS', 'Instagram API', 'Instagram Follow Button', 'K2F', 'KVH', 'Nationwide Mortgage Licensing System and Registry', 'No-Q', 'Nuxt.js', 'Phew', 'QUIC', 'SMC', 'Subversion', 'UTF-8', 'Visx']"
shackelfordrealty.com,HomeListingAgent,,USA,82,25740,2026-09-13T02:20:22.707185827Z,"['Alternate Protocol', 'Authorize.net', 'Cloudflare', 'Cloudflare Web Analytics', 'Content Delivery Network', 'Fireblade', 'Google', 'Google Cloud CDN', 'Google Cloud DNS', 'Google Cloud Storage', 'Google Font API', 'Nuxt.js', 'Prospective', 'QUIC', 'UTF-8']"
growyourmoneywithgod.com,Welcome,,,62,83740,2026-09-13T02:07:15.450494181Z,"['AWS WAF Challenge', 'Alternate Protocol', 'Amazon WAF Blocked', 'Authorize.net', 'Bunny Fonts', 'Cloudflare', 'Cloudflare CDN', 'Cloudflare Web Analytics', 'Content Delivery Network', 'DAV', 'Fireblade', 'Google', 'Google Cloud CDN', 'Google Cloud DNS', 'Google Cloud Storage', 'Google Font API', 'Nuxt.js', 'QUIC', 'SMC', 'Tailwind CSS', 'UTF-8', 'University or College', 'YouTube']"
martinsportsnil.com,Martin Sports Agency and NIL Consultation,,,77,83824,2026-09-13T02:07:15.444367548Z,"['AWS WAF Challenge', 'Alternate Protocol', 'Authorize.net', 'Bunny Fonts', 'Cloudflare', 'Cloudflare Web Analytics', 'Content Delivery Network', 'Fireblade', 'Google', 'Google Analytics', 'Google Cloud CDN', 'Google Cloud DNS', 'Google Cloud Storage', 'Google My Business', 'Google Tag Manager', 'Nuxt.js', 'QUIC', 'SMC', 'Subversion', 'Thank You', 'UTF-8', 'University or College', 'Unsplash']"
leathermanteam.com,Kim & Steve Leatherman | Digital Business Card,,,40,463,2026-09-13T02:07:15.441039552Z,"['Alternate Protocol', 'Authorize.net', 'Cloudflare', 'Cloudflare Web Analytics', 'Content Delivery Network', 'DAV', 'Google', 'Google Cloud CDN', 'Google Cloud DNS', 'Google Cloud Storage', 'Google Font API', 'Instagram Follow Button', 'Nuxt.js', 'Thank You', 'UTF-8', 'shadcn ui']"
healthwiseinsurance.com,Health Wise Insurance Agency,,USA,75,18740,2026-09-13T01:59:23.049425726Z,"['Alternate Protocol', 'Authorize.net', 'Cloudflare', 'Cloudflare Web Analytics', 'Content Delivery Network', 'Fireblade', 'Google', 'Google Cloud CDN', 'Google Cloud DNS', 'Google Cloud Storage', 'Google Font API', 'Instagram Follow Button', 'Nuxt.js', 'UTF-8', 'YouTube']"
ringdahlcare.com,Sports Injury Chiropractor - Book an Appointment,,USA,82,19780,2026-09-13T01:43:08.366397311Z,"['Alternate Protocol', 'Authorize.net', 'Cloudflare', 'Cloudflare Web Analytics', 'Content Delivery Network', 'DAV', 'Fireblade', 'Google', 'Google Cloud CDN', 'Google Cloud DNS', 'Google Cloud Storage', 'Google Font API', 'Hotjar', 'Microdata for Google Shopping', 'Nuxt.js', 'UTF-8', 'University or College', 'Yelp Badge', 'eLand']"
championlifecrm.com,ChampionLife CRM,,,72,26340,2026-09-13T01:43:08.353459273Z,"['Alternate Protocol', 'Apture Linking Platform', 'Authorize.net', 'Clockwork', 'Cloudflare', 'Cloudflare Web Analytics', 'Content Delivery Network', 'DAV', 'Fireblade', 'Google', 'Google Cloud CDN', 'Google Cloud DNS', 'Google Cloud Storage', 'Google Font API', 'Instagram Follow Button', 'Nuxt.js', 'QUIC', 'RM Education', 'Thank You', 'UTF-8', 'YouTube', 'shadcn ui']"
bearrivertrimlight.com,Permanent Holiday & Year Round Programmable Lighting | Christmas Light Installation | Southern Idaho,,,67,33740,2026-09-13T01:43:08.347904549Z,"['AWS WAF Challenge', 'Alternate Protocol', 'Amazon WAF Blocked', 'Authorize.net', 'Better Lead Generation Services', 'ByteDance', 'CDN JS', 'Cloudflare', 'Cloudflare CDN', 'Cloudflare Web Analytics', 'Content Delivery Network', 'Financial Services Guide', 'Fireblade', 'Google', 'Google Cloud CDN', 'Google Cloud DNS', 'Google Cloud Storage', 'Google Font API', 'Instagram Follow Button', 'Investor Relations', 'Nuxt.js', 'Subversion', 'Tailwind CSS', 'UTF-8', 'YouTube']"
mygoldstarservices.com,Gold Star Services,,,67,42304,2026-09-13T01:32:04.435992149Z,"['Alternate Protocol', 'Authorize.net', 'Cloudflare', 'Cloudflare Web Analytics', 'Content Delivery Network', 'Fireblade', 'Google', 'Google Cloud CDN', 'Google Cloud DNS', 'Google Cloud Storage', 'Google Font API', 'HighLevel', 'ID Services', 'KVH', 'Nuxt.js', 'UTF-8']"
edwinamakesiteasy.com,Business Systems | Brand & Narrative Strategy | Edwina Makes It Easy,,,67,18740,2026-09-13T01:32:04.434063864Z,"['AWS WAF Challenge', 'Alternate Protocol', 'Authorize.net', 'Cloudflare', 'Cloudflare Web Analytics', 'Content Delivery Network', 'Google', 'Google Cloud CDN', 'Google Cloud DNS', 'Google Cloud Storage', 'Google Font API', 'Google My Business', 'Instagram Follow Button', 'Nuxt.js', 'QUIC', 'UTF-8', 'University or College', 'YouTube']"
hometownroof.pro,Download Roof Replacement Guide,,USA,80,33740,2026-09-13T01:32:04.430796592Z,"['AWS WAF Challenge', 'Alternate Protocol', 'Amazon WAF Blocked', 'Authorize.net', 'Cloudflare', 'Cloudflare CDN', 'Cloudflare Web Analytics', 'Content Delivery Network', 'Fireblade', 'Google', 'Google Cloud CDN', 'Google Cloud DNS', 'Google Cloud Storage', 'Google Font API', 'Nuxt.js', 'Tailwind CSS', 'UTF-8']"
dansasphaltpavingatx.com,Premier Asphalt Paving Services | Dans Asphalt and Paving,,USA,77,38740,2026-09-13T01:32:04.393999832Z,"['Alternate Protocol', 'Authorize.net', 'Cloudflare', 'Cloudflare Web Analytics', 'Content Delivery Network', 'Fireblade', 'Google', 'Google Cloud CDN', 'Google Cloud DNS', 'Google Cloud Storage', 'Google Font API', 'Google My Business', 'KVH', 'Nuxt.js', 'Perl', 'QUIC', 'Subversion', 'UTF-8', 'Yelp Badge']"
mackpropertysolutions.com,Mack Property Solutions,,USA,87,36908,2026-09-13T01:16:44.611672485Z,"['AWS WAF Challenge', 'Alternate Protocol', 'Amazon WAF Blocked', 'Authorize.net', 'Cloudflare', 'Cloudflare CDN', 'Cloudflare Web Analytics', 'Content Delivery Network', 'Fireblade', 'Google', 'Google Analytics', 'Google Cloud CDN', 'Google Cloud DNS', 'Google Cloud Storage', 'Google Font API', 'Google Tag Manager', 'Nuxt.js', 'QUIC', 'REI Reply', 'Replyco', 'Tailwind CSS', 'UTF-8', 'ePly']"
sunrisemerch.com,Sunrise Merch - We want to help make your event awesome!,,,57,663,2026-09-13T01:16:44.580575951Z,"['AWS WAF Challenge', 'Alternate Protocol', 'Amazon WAF Blocked', 'Authorize.net', 'Cloudflare', 'Cloudflare CDN', 'Cloudflare Web Analytics', 'Content Delivery Network', 'Google', 'Google Cloud CDN', 'Google Cloud DNS', 'Google Cloud Storage', 'Google Font API', 'Nuxt.js', 'Tailwind CSS', 'UTF-8']"
getfutureflowformula.com,Eliminate Overwhelm Program | 50% Special Offer,,GBR,87,19264,2026-09-13T01:05:10.476711433Z,"['Alternate Protocol', 'Aruba', 'Authorize.net', 'Cloudflare', 'Cloudflare Web Analytics', 'Content Delivery Network', 'DAV', 'Fireblade', 'Google', 'Google Cloud CDN', 'Google Cloud DNS', 'Google Cloud Storage', 'Google Font API', 'Nuxt.js', 'Perl', 'QUIC', 'Tailwind CSS', 'Thank You', 'UTF-8', 'Unsplash', 'Vercel', 'eLand']"
vibes-ink.com,VibesInk Jax | Print Shop,,USA,77,34040,2026-09-13T00:53:55.976062299Z,"['AWS WAF Challenge', 'Alternate Protocol', 'Amazon WAF Blocked', 'Apture Linking Platform', 'Authorize.net', 'Better Lead Generation Services', 'Cloudflare', 'Cloudflare CDN', 'Cloudflare Web Analytics', 'Content Delivery Network', 'Fireblade', 'Fouita', 'Google', 'Google Cloud CDN', 'Google Cloud DNS', 'Google Cloud Storage', 'Google Font API', 'Instagram Follow Button', 'Nuxt.js', 'Tailwind CSS', 'UTF-8']"
lighthousemediaagency.com,Lighthouse Media Agency,,DEU,77,38740,2026-09-13T00:43:42.839874773Z,"['Alternate Protocol', 'Authorize.net', 'Better Lead Generation Services', 'Cloudflare', 'Cloudflare Web Analytics', 'Content Delivery Network', 'Facebook Conversion Tracking', 'Facebook Pixel', 'Facebook Reseller', 'Facebook Tag API', 'Fireblade', 'Free Call', 'Google', 'Google Cloud CDN', 'Google Cloud DNS', 'Google Cloud Storage', 'Google Font API', 'Instagram Follow Button', 'KVH', 'Nuxt.js', 'QUIC', 'UTF-8', 'eLand']"
leadrescueai.com,Lead Messaging & Automation Platform For Local Businesses,,,67,68740,2026-09-13T00:30:19.191542807Z,"['Alternate Protocol', 'Apture Linking Platform', 'Authorize.net', 'Better Lead Generation Services', 'Cloudflare', 'Cloudflare Web Analytics', 'Content Delivery Network', 'Fireblade', 'Google', 'Google Cloud CDN', 'Google Cloud DNS', 'Google Cloud Storage', 'Google Font API', 'Ntent', 'Nuxt.js', 'QUIC', 'SMC', 'Thank You', 'UTF-8']"
desmondabeats.com,DesmondABeats.com | Hip Hop R&B Afrobeat Beats for Independent Artists,,,55,7963,2026-09-13T00:30:19.188799765Z,"['Alternate Protocol', 'Authorize.net', 'Cloudflare', 'Cloudflare Web Analytics', 'Content Delivery Network', 'Facebook Conversion Tracking', 'Facebook Pixel', 'Facebook Reseller', 'Facebook Tag API', 'Fireblade', 'FreePrivacyPolicy.com', 'Google', 'Google Analytics', 'Google Cloud CDN', 'Google Cloud DNS', 'Google Cloud Storage', 'Google Font API', 'Google Tag Manager', 'Instagram Follow Button', 'Nuxt.js', 'UTF-8']"
cornerstone-financial.net,Home,,,57,8022,2026-09-13T00:22:26.150370337Z,"['Alternate Protocol', 'Authorize.net', 'Cloudflare', 'Cloudflare Web Analytics', 'Content Delivery Network', 'Cornerstone', 'Fireblade', 'Free Call', 'Google', 'Google Cloud CDN', 'Google Cloud DNS', 'Google Cloud Storage', 'Google Font API', 'Nuxt.js', 'Thank You', 'UTF-8']"
dmcrmx.com,AI-powered All-in-one Platform | DreamMaker CRMx,DreamMaker CRMx,AUS,92,37715,2026-09-13T00:20:53.818094288Z,"['AWS WAF Challenge', 'Alternate Protocol', 'Amazon WAF Blocked', 'Apture Linking Platform', 'Authorize.net', 'Cloudflare', 'Cloudflare CDN', 'Cloudflare Web Analytics', 'Coming Soon Page', 'Content Delivery Network', 'Fireblade', 'Google', 'Google Cloud CDN', 'Google Cloud DNS', 'Google Cloud Storage', 'Google Font API', 'Hootsuite Badge', 'Instagram Follow Button', 'Learnworlds', 'Microdata for Google Shopping', 'Nuxt.js', 'Perl', 'Tailwind CSS', 'UTF-8']"
c-paintingllc.net,"C & Painting, LLC | Professional Painting Services in Washington & Maryland",,,77,39740,2026-09-13T00:20:53.811961331Z,"['AWS WAF Challenge', 'Alternate Protocol', 'Amazon WAF Blocked', 'Angies List', 'Authorize.net', 'Cloudflare', 'Cloudflare CDN', 'Cloudflare Web Analytics', 'Content Delivery Network', 'Facebook Conversion Tracking', 'Facebook Pixel', 'Facebook Reseller', 'Facebook Tag API', 'Fireblade', 'Google', 'Google Cloud CDN', 'Google Cloud DNS', 'Google Cloud Storage', 'Google Font API', 'Nuxt.js', 'QUIC', 'Subversion', 'Tailwind CSS', 'The Deck', 'UTF-8', 'Yelp Badge', 'jsDelivr']"
x.oa1.in,Mahesh Hasarmani - Our-Area.com,,,70,4624,2026-09-13T00:05:49.762159663Z,"['Alternate Protocol', 'AnyChat', 'Aruba', 'Authorize.net', 'Cloudflare', 'Cloudflare Web Analytics', 'Content Delivery Network', 'DAV', 'Facebook Conversion Tracking', 'Facebook Pixel', 'Facebook Reseller', 'Facebook Tag API', 'Google', 'Google Cloud CDN', 'Google Cloud DNS', 'Google Cloud Storage', 'Google Font API', 'Google My Business', 'Google Workspace', 'Nuxt.js', 'Perl', 'QUIC', 'Thank You', 'UTF-8', 'Unsplash', 'Vercel', 'eLand']"
premierfloridabnb.com,Vacation Homes & Studio Rentals - PremierFloridaBNB,,USA,57,1926,2026-09-13T00:05:49.751991072Z,"['Alternate Protocol', 'Amazon', 'Amazon Associates Affiliate Shop', 'Amazon WAF Blocked', 'Apture Linking Platform', 'Authorize.net', 'CDN JS', 'CartStack', 'Cloudflare', 'Cloudflare CDN', 'DoubleClick Bid Manager', 'ElementUI', 'Facebook Reseller', 'Font Awesome', 'GZIP Module', 'Gambling Content', 'GetResponse', 'GitHub Hosting', 'Google', 'Google Analytics', 'Google Cloud DNS', 'Google Font API', 'Google Maps', 'Google Matched Content', 'Google My Business', 'Google Reseller', 'Google Tag Manager', 'Harbor', 'Hubspot', 'Instagram Follow Button', 'Microdata for Google Shopping', 'New Relic', 'Next.js', 'Nginx', 'Ntent', 'Oddle', 'Pleroma', 'Social Intents', 'Stripe', 'Styled Components', 'UTF-8', 'Way']"
mountainviewringsandthings.com,"Custom Laser-Engraved Gifts for Fundraisers, Realtors & Special Occasions | Mountainview Rings and Things",,,62,68940,2026-09-13T00:05:49.747426939Z,"['501c3 Status Nonprofit', 'Alternate Protocol', 'Authorize.net', 'Bunny Fonts', 'Cloudflare', 'Cloudflare Web Analytics', 'Content Delivery Network', 'Fireblade', 'Google', 'Google Cloud CDN', 'Google Cloud DNS', 'Google Cloud Storage', 'Nuxt.js', 'QUIC', 'SMC', 'UTF-8', 'Umbler']"
joannelangford.com,Joanne Langford,,,62,43824,2026-09-13T00:05:49.742828705Z,"['Alternate Protocol', 'Amazon Widgets', 'Apple Auto Link Maker', 'Authorize.net', 'CDN JS', 'Cloudflare', 'Cloudflare CDN', 'Cloudflare Web Analytics', 'Content Delivery Network', 'Fireblade', 'Google', 'Google Cloud CDN', 'Google Cloud DNS', 'Google Cloud Storage', 'Google Font API', 'Google My Business', 'Instagram Follow Button', 'K2F', 'Nuxt.js', 'To Top', 'UTF-8', 'Unsplash', 'YouTube', 'shadcn ui']"
poolbuddys.net,Pool Buddy's | Home | South Alabama Professional Pool + Spa Care,,USA,77,22388,2026-09-12T23:57:18.500048961Z,"['Alternate Protocol', 'Authorize.net', 'Cloudflare', 'Cloudflare Web Analytics', 'Content Delivery Network', 'Fireblade', 'Google', 'Google Analytics', 'Google Cloud CDN', 'Google Cloud DNS', 'Google Cloud Storage', 'Google Font API', 'Google Forms', 'Google My Business', 'Google Tag Manager', 'HighLevel', 'Instagram API', 'Instagram Follow Button', 'Nuxt.js', 'Twitter Ads', 'UTF-8', 'Unsplash']"
smithmobilemechanics.com,Smith Mobile Mechanics LLC | (904) 930-0801,,USA,72,18740,2026-09-12T23:57:18.477368642Z,"['Alternate Protocol', 'Authorize.net', 'Cloudflare', 'Cloudflare Web Analytics', 'Content Delivery Network', 'Fireblade', 'Google', 'Google Cloud CDN', 'Google Cloud DNS', 'Google Cloud Storage', 'Google Font API', 'Nuxt.js', 'QUIC', 'UTF-8']"
jenniferfidlerhomes.com,"Top Realtor – Portland, Oregon | Buy or Sell Home",Jennifer Fidler Homes,USA,92,69960,2026-09-12T23:57:18.459300173Z,"['AJAX Libraries API', 'AWS WAF Challenge', 'Alternate Protocol', 'Amazon WAF Blocked', 'Authorize.net', 'Barchart', 'CDN JS', 'Cloudflare', 'Cloudflare CDN', 'Cloudflare Web Analytics', 'Content Delivery Network', 'Fireblade', 'Google', 'Google Cloud CDN', 'Google Cloud DNS', 'Google Cloud Storage', 'Google Font API', 'Google My Business', 'Homes.com CMS', 'IDX Broker', 'IDXBroker', 'Instagram Follow Button', 'M247', 'Microdata for Google Shopping', 'Neighborhoods', 'Nuxt.js', 'Oley.IO', 'QUIC', 'Sitelinks Search Box', 'Tailwind CSS', 'UTF-8', 'Yelp Badge', 'YouTube', 'eLand', 'jQuery', 'jsDelivr']"
spellingclasses.com,Online Spelling Courses,,GBR,72,18740,2026-09-12T23:45:06.99725045Z,"['Alternate Protocol', 'Authorize.net', 'Bunny Fonts', 'Cloudflare', 'Cloudflare Web Analytics', 'Content Delivery Network', 'Facebook Conversion Tracking', 'Facebook Login', 'Facebook Messenger Platform', 'Facebook Pixel', 'Facebook Reseller', 'Facebook Tag API', 'Fireblade', 'Google', 'Google Cloud CDN', 'Google Cloud DNS', 'Google Cloud Storage', 'Instagram Follow Button', 'Nuxt.js', 'TidyCal', 'UTF-8', 'YouTube', 'shadcn ui']"
topsailfishincharters.com,Topsail Fishin Charters | Top-Notch Fishing Charters,,,67,23024,2026-09-12T23:45:06.992306781Z,"['Alternate Protocol', 'Authorize.net', 'Cloudflare', 'Cloudflare Web Analytics', 'Content Delivery Network', 'Facebook Conversion Tracking', 'Facebook Pixel', 'Facebook Reseller', 'Facebook Tag API', 'Fireblade', 'Google', 'Google Analytics', 'Google Cloud CDN', 'Google Cloud DNS', 'Google Cloud Storage', 'Google Font API', 'Google Related Website Sites', 'Google Tag Manager', 'HighLevel', 'Instagram Follow Button', 'Ntent', 'Nuxt.js', 'QUIC', 'UTF-8']"
growsmartcontracting.com,Booked Estimates for Contractors (Not Just Leads),,,67,96340,2026-09-12T23:45:06.97959179Z,"['Alternate Protocol', 'Apture Linking Platform', 'Authorize.net', 'Better Lead Generation Services', 'Cloudflare', 'Cloudflare Web Analytics', 'Content Delivery Network', 'DAV', 'Facebook Conversion Tracking', 'Facebook Pixel', 'Facebook Reseller', 'Facebook Tag API', 'Fireblade', 'Google', 'Google Cloud CDN', 'Google Cloud DNS', 'Google Cloud Storage', 'Google Font API', 'KVH', 'Nuxt.js', 'QUIC', 'RM Education', 'SMC', 'Subversion', 'UTF-8']"
agent00cookbook.com,Chris Cookbook,,,45,812,2026-09-12T23:45:06.977782664Z,"['Alternate Protocol', 'Authorize.net', 'Cloudflare', 'Cloudflare Web Analytics', 'Content Delivery Network', 'Google', 'Google Cloud CDN', 'Google Cloud DNS', 'Google Cloud Storage', 'Google Font API', 'Nuxt.js', 'Red Hat Enterprise Linux', 'UTF-8']"
glasshub.co,Glass Hub: Your Ultimate Solution for Glass Business Automation,,JPN,87,18740,2026-09-12T23:45:06.952071452Z,"['Alternate Protocol', 'Authorize.net', 'Better Lead Generation Services', 'CDN JS', 'Cloudflare', 'Cloudflare CDN', 'Cloudflare Web Analytics', 'Content Delivery Network', 'Facebook Conversion Tracking', 'Facebook Pixel', 'Facebook Reseller', 'Facebook Tag API', 'Fireblade', 'Google', 'Google Cloud CDN', 'Google Cloud DNS', 'Google Cloud Storage', 'Google Font API', 'Instagram Follow Button', 'Nuxt.js', 'UTF-8']"
whealthycoaching.com,Whealthy Coaching Home Page,,,70,18740,2026-09-12T23:33:46.531524518Z,"['Alternate Protocol', 'Authorize.net', 'Bunny Fonts', 'Cloudflare', 'Cloudflare Web Analytics', 'Content Delivery Network', 'Fireblade', 'Google', 'Google Cloud CDN', 'Google Cloud DNS', 'Google Cloud Storage', 'Instagram Follow Button', 'Nuxt.js', 'UTF-8']"
mentor.plus,Mentor+ | One-on-One Real Estate Deal Guidance & Business Mentorship,,,77,18824,2026-09-12T23:33:46.517961376Z,"['AWS WAF Challenge', 'Alternate Protocol', 'Authorize.net', 'Cloudflare', 'Cloudflare Web Analytics', 'Content Delivery Network', 'Google', 'Google Cloud CDN', 'Google Cloud DNS', 'Google Cloud Storage', 'Google Font API', 'Nuxt.js', 'UTF-8', 'Unsplash', 'shadcn ui']"
lindemanchiropractic.com,"Lindeman Chiropractic - Dr. Joel Lindeman, D.C., Broomfield Chiropractor",,USA,82,19854,2026-09-12T23:33:46.479164514Z,"['Alternate Protocol', 'Authorize.net', 'Cloudflare', 'Cloudflare Web Analytics', 'Content Delivery Network', 'Facebook Conversion Tracking', 'Facebook Pixel', 'Facebook Reseller', 'Facebook Tag API', 'Fireblade', 'Google', 'Google Analytics', 'Google Cloud CDN', 'Google Cloud DNS', 'Google Cloud Storage', 'Google Font API', 'Google My Business', 'Google Tag Manager', 'Microdata for Google Shopping', 'Nuxt.js', 'Twitter Ads', 'UTF-8', 'Unsplash', 'UserWay', 'Vimeo', 'Vimeo CDN', 'YouTube']"
becauseweprotect.com,2026 Medicare & Retirement Planning | Legacy | Mountain West,,,77,18973,2026-09-12T23:23:03.758409186Z,"['Alternate Protocol', 'Authorize.net', 'Bunny Fonts', 'Cloudflare', 'Cloudflare Web Analytics', 'Content Delivery Network', 'CookieYes', 'Facebook Conversion Tracking', 'Facebook Pixel', 'Facebook Reseller', 'Facebook Tag API', 'Fireblade', 'Google', 'Google Analytics', 'Google Cloud CDN', 'Google Cloud DNS', 'Google Cloud Storage', 'Google Tag Manager', 'Nuxt.js', 'UTF-8']"
syrantech.com,SyranTech - All-in-One Marketing Platform,,,62,36240,2026-09-12T23:23:03.744349892Z,"['AWS WAF Challenge', 'Alternate Protocol', 'Amazon WAF Blocked', 'Apture Linking Platform', 'Authorize.net', 'Cloudflare', 'Cloudflare CDN', 'Cloudflare Web Analytics', 'Content Delivery Network', 'Fireblade', 'Google', 'Google Cloud CDN', 'Google Cloud DNS', 'Google Cloud Storage', 'Google Font API', 'Idaq', 'Nuxt.js', 'QUIC', 'Tailwind CSS', 'UTF-8']"
dtelandscapingservices.com,Down To Earth Landscaping - Your Premier Landscaping Partner,,,77,33740,2026-09-12T23:23:03.726949891Z,"['AWS WAF Challenge', 'Alternate Protocol', 'Amazon WAF Blocked', 'Authorize.net', 'Cloudflare', 'Cloudflare CDN', 'Cloudflare Web Analytics', 'Content Delivery Network', 'Fireblade', 'Google', 'Google Cloud CDN', 'Google Cloud DNS', 'Google Cloud Storage', 'Google Font API', 'Instagram Follow Button', 'Nuxt.js', 'Subversion', 'Tailwind CSS', 'UTF-8', 'eLand']"
a1electricalpro.com,Electrician in Upland & surrounding areas,,USA,77,33740,2026-09-12T23:12:00.664359072Z,"['AWS WAF Challenge', 'Alternate Protocol', 'Amazon WAF Blocked', 'Authorize.net', 'Cloudflare', 'Cloudflare CDN', 'Cloudflare Web Analytics', 'Content Delivery Network', 'Fireblade', 'Google', 'Google Cloud CDN', 'Google Cloud DNS', 'Google Cloud Storage', 'Google Font API', 'Google My Business', 'Nuxt.js', 'Tailwind CSS', 'UTF-8', 'shadcn ui']"
themonathomas.com,Terms and Conditions,,,55,8663,2026-09-12T23:12:00.614641178Z,"['AWS WAF Challenge', 'Alternate Protocol', 'Authorize.net', 'Cloudflare', 'Cloudflare Web Analytics', 'Content Delivery Network', 'Express', 'Fireblade', 'Google', 'Google Cloud CDN', 'Google Cloud DNS', 'Google Cloud Storage', 'Google Font API', 'Interchange', 'NFOrce Internet', 'Nuxt.js', 'Perl', 'UTF-8']"
bapndaplimited.com,bapNdap Limited,,,62,33740,2026-09-12T23:12:00.614438132Z,"['AWS WAF Challenge', 'Alternate Protocol', 'Authorize.net', 'Cloudflare', 'Cloudflare Web Analytics', 'Content Delivery Network', 'Fireblade', 'Google', 'Google Cloud CDN', 'Google Cloud DNS', 'Google Cloud Storage', 'Google Font API', 'Nuxt.js', 'UTF-8']"
ecomsgenie.online,Ecoms Genie - Ebook Lead Magnet,,,62,33740,2026-09-12T23:12:00.613927693Z,"['AWS WAF Challenge', 'Alternate Protocol', 'Amazon WAF Blocked', 'Authorize.net', 'Cloudflare', 'Cloudflare CDN', 'Cloudflare Web Analytics', 'Content Delivery Network', 'Fireblade', 'Google', 'Google Cloud CDN', 'Google Cloud DNS', 'Google Cloud Storage', 'Google Font API', 'Nuxt.js', 'Tailwind CSS', 'UTF-8']"
waynewakefield.com,Wayne Wakefield,,,65,18740,2026-09-12T23:12:00.597500901Z,"['Alternate Protocol', 'Amazon Widgets', 'Authorize.net', 'Cloudflare', 'Cloudflare Web Analytics', 'Content Delivery Network', 'Fireblade', 'Google', 'Google Cloud CDN', 'Google Cloud DNS', 'Google Cloud Storage', 'Google Font API', 'Nuxt.js', 'Subversion', 'UTF-8', 'University or College', 'YouTube']"
advancedmedicaluniversity.com,Advanced Medical University | Hands-On Injection Training,,USA,87,20240,2026-09-12T22:58:05.654800207Z,"['Alternate Protocol', 'Apture Linking Platform', 'Authorize.net', 'CDN JS', 'Cloudflare', 'Cloudflare CDN', 'Cloudflare Web Analytics', 'Content Delivery Network', 'Express', 'Fireblade', 'Google', 'Google Cloud CDN', 'Google Cloud DNS', 'Google Cloud Storage', 'Google Font API', 'Google My Business', 'NFOrce Internet', 'Nuxt.js', 'Perl', 'Share Link', 'UTF-8', 'University or College', 'eLand']"
gradcareersclinic.com,Grad Careers Clinic\Empowering ambitious graduates and early-career professionals to secure amazing roles.,,,67,36140,2026-09-12T22:58:05.639393958Z,"['AWS WAF Challenge', 'Alternate Protocol', 'Amazon', 'Authorize.net', 'Cloudflare', 'Cloudflare Web Analytics', 'Content Delivery Network', 'Fireblade', 'Google', 'Google Cloud CDN', 'Google Cloud DNS', 'Google Cloud Storage', 'Google Font API', 'Nuxt.js', 'QUIC', 'UTF-8', 'University or College']"
wescale.digital,WeScale Digital | #1 Growth Consultants,,,67,33740,2026-09-12T22:58:05.638498148Z,"['AWS WAF Challenge', 'Alternate Protocol', 'Authorize.net', 'Better Lead Generation Services', 'Cloudflare', 'Cloudflare Web Analytics', 'Content Delivery Network', 'Facebook Conversion Tracking', 'Facebook Pixel', 'Facebook Reseller', 'Facebook Tag API', 'Fireblade', 'Free Call', 'Google', 'Google Cloud CDN', 'Google Cloud DNS', 'Google Cloud Storage', 'Google Font API', 'Nuxt.js', 'Thank You', 'UTF-8']"
genesysagency.com,Home Page,,,72,53740,2026-09-12T22:58:05.63074933Z,"['AWS WAF Challenge', 'Alternate Protocol', 'Amazon WAF Blocked', 'Authorize.net', 'Cloudflare', 'Cloudflare CDN', 'Cloudflare Web Analytics', 'Content Delivery Network', 'DAV', 'Fireblade', 'Google', 'Google Cloud CDN', 'Google Cloud DNS', 'Google Cloud Storage', 'Google Font API', 'KVH', 'Ntent', 'Nuxt.js', 'Tailwind CSS', 'Thank You', 'UTF-8']"
angusmacdonald.homes,Your Real Estate Agent,,,50,8047,2026-09-12T22:58:05.610499305Z,"['Alternate Protocol', 'Authorize.net', 'Cloudflare', 'Cloudflare Web Analytics', 'Content Delivery Network', 'Fireblade', 'Google', 'Google Cloud CDN', 'Google Cloud DNS', 'Google Cloud Storage', 'Google Font API', 'Nuxt.js', 'Pixabay', 'UTF-8', 'Unsplash']"
lumeracreative.com,AI Marketing Systems for Realtors | Lumera Creative,,,67,34500,2026-09-12T22:58:05.6070292Z,"['AWS WAF Challenge', 'Alternate Protocol', 'Authorize.net', 'Better Lead Generation Services', 'Cloudflare', 'Cloudflare Web Analytics', 'Content Delivery Network', 'Fireblade', 'Free Call', 'Google', 'Google Cloud CDN', 'Google Cloud DNS', 'Google Cloud Storage', 'Google Font API', 'Instagram Follow Button', 'Nuxt.js', 'Thank You', 'UTF-8', 'Vimeo', 'Vimeo CDN', 'YouTube', 'Zoom Video Conferencing', 'shadcn ui']"
consultthevault.com,The Vault - Media and Crisis Communication Firm,,USA,87,33740,2026-09-12T22:48:55.91591554Z,"['AWS WAF Challenge', 'Alternate Protocol', 'Authorize.net', 'Cloudflare', 'Cloudflare Web Analytics', 'Content Delivery Network', 'Express', 'Fireblade', 'Google', 'Google Cloud CDN', 'Google Cloud DNS', 'Google Cloud Storage', 'Google Font API', 'Instagram Follow Button', 'Nuxt.js', 'UTF-8']"
bodyharmonyfitness.com,Body Harmony Fitness | Gilroy CA,,,67,35000,2026-09-12T22:48:55.877701432Z,"['AWS WAF Challenge', 'Alternate Protocol', 'Authorize.net', 'Cloudflare', 'Cloudflare Web Analytics', 'Constant Contact', 'Content Delivery Network', 'Fireblade', 'Google', 'Google Cloud CDN', 'Google Cloud DNS', 'Google Cloud Storage', 'Google Font API', 'Google Related Website Sites', 'Instagram Follow Button', 'Nuxt.js', 'UTF-8', 'shadcn ui']"
powerhousecommunityvault.com,PCV Special Promo,,GBR,75,44280,2026-09-12T22:36:18.523672785Z,"['AWS WAF Challenge', 'Alternate Protocol', 'Authorize.net', 'Better Lead Generation Services', 'Cloudflare', 'Cloudflare Web Analytics', 'Content Delivery Network', 'Facebook Conversion Tracking', 'Facebook Pixel', 'Facebook Reseller', 'Facebook Tag API', 'Financial Services Guide', 'Google', 'Google Cloud CDN', 'Google Cloud DNS', 'Google Cloud Storage', 'Google Font API', 'K2F', 'Nuxt.js', 'QUIC', 'UTF-8', 'Vimeo', 'Vimeo CDN']"
gmbmapguy.com,Book Your FREE Implementation Call,,GBR,77,21140,2026-09-12T22:36:18.50720275Z,"['Alternate Protocol', 'Amazon', 'Authorize.net', 'Cloudflare', 'Cloudflare Web Analytics', 'Content Delivery Network', 'Fireblade', 'Free Call', 'Google', 'Google Cloud CDN', 'Google Cloud DNS', 'Google Cloud Storage', 'Google Font API', 'Nuxt.js', 'QUIC', 'Subversion', 'UTF-8']"
alkalinewater4you.com,"Proven, Tested And Built For You...",,USA,72,18740,2026-09-12T22:36:18.479438489Z,"['Alternate Protocol', 'Authorize.net', 'Cloudflare', 'Cloudflare Web Analytics', 'Content Delivery Network', 'Fireblade', 'Google', 'Google Cloud CDN', 'Google Cloud DNS', 'Google Cloud Storage', 'Google Font API', 'Nuxt.js', 'UTF-8', 'shadcn ui']"
whitehousehaven.com,Home — White House Haven,,USA,60,1926,2026-09-12T22:36:18.471733262Z,"['Amazon', 'Amazon Associates Affiliate Shop', 'Amazon WAF Blocked', 'Apture Linking Platform', 'Authorize.net', 'CDN JS', 'CartStack', 'Cloudflare', 'Cloudflare CDN', 'DoubleClick Bid Manager', 'ElementUI', 'Facebook Reseller', 'Font Awesome', 'GZIP Module', 'Gambling Content', 'GetResponse', 'GitHub Hosting', 'Google', 'Google Analytics', 'Google Cloud DNS', 'Google Font API', 'Google Maps', 'Google Matched Content', 'Google My Business', 'Google Reseller', 'Google Tag Manager', 'Hubspot', 'Microdata for Google Shopping', 'New Relic', 'Next.js', 'Nginx', 'Ntent', 'Oddle', 'Pleroma', 'Social Intents', 'Stripe', 'Styled Components', 'UTF-8', 'Way']"
funnelsandads.com,"Performance Marketing Agency | Funnels, Ads & Automation",Funnels & Ads,IND,92,34199,2026-09-12T22:21:50.706166648Z,"['AWS WAF Challenge', 'Alternate Protocol', 'Amazon WAF Blocked', 'Apture Linking Platform', 'Authorize.net', 'Better Lead Generation Services', 'Cloudflare', 'Cloudflare CDN', 'Cloudflare Web Analytics', 'Content Delivery Network', 'DAV', 'Facebook Conversion Tracking', 'Facebook Pixel', 'Facebook Reseller', 'Facebook Tag API', 'Fireblade', 'Font Awesome', 'Google', 'Google Analytics', 'Google Cloud CDN', 'Google Cloud DNS', 'Google Cloud Storage', 'Google Font API', 'Google Maps', 'Google My Business', 'Google Tag Manager', 'Google Workspace', 'Microdata for Google Shopping', 'Nuxt.js', 'QUIC', 'Tailwind CSS', 'UTF-8', 'shadcn ui']"
deltalabsconsulting.com,Delta Labs - Salesforce Consulting for Lenders,,,72,189188,2026-09-12T22:21:50.703770486Z,"['AWS WAF Challenge', 'Alternate Protocol', 'Amazon WAF Blocked', 'Authorize.net', 'Cloudflare', 'Cloudflare CDN', 'Cloudflare Web Analytics', 'Content Delivery Network', 'Fireblade', 'Freepik', 'Google', 'Google Cloud CDN', 'Google Cloud DNS', 'Google Cloud Storage', 'Google Font API', 'No-Q', 'Nuxt.js', 'Salesforce Hosted', 'Tailwind CSS', 'Thank You', 'UTF-8', 'Vector Internet Services']"
popup-development.com,Pop-Up Devlopment,,,62,18740,2026-09-12T22:11:45.431203862Z,"['Alternate Protocol', 'Authorize.net', 'Cloudflare', 'Cloudflare Web Analytics', 'Content Delivery Network', 'Fireblade', 'Google', 'Google Cloud CDN', 'Google Cloud DNS', 'Google Cloud Storage', 'Google Font API', 'Nuxt.js', 'QUIC', 'Subversion', 'UTF-8', 'shadcn ui']"
adelantecrm.com,Roanoke Digital Marketing and AI Systems | Adelante Digital,,USA,92,26340,2026-09-12T22:11:45.429192228Z,"['Alternate Protocol', 'Apture Linking Platform', 'Authorize.net', 'Better Lead Generation Services', 'Cloudflare', 'Cloudflare Web Analytics', 'Content Delivery Network', 'Fireblade', 'Google', 'Google Analytics', 'Google Cloud CDN', 'Google Cloud DNS', 'Google Cloud Storage', 'Google Font API', 'Google Tag Manager', 'Instagram Follow Button', 'Microdata for Google Shopping', 'Nuxt.js', 'RM Education', 'Subversion', 'UTF-8', 'YouTube']"
churchhelps.org,Home Page Church Helps,,,60,7963,2026-09-12T22:11:45.404298065Z,"['501c3 Status Nonprofit', 'Alternate Protocol', 'Authorize.net', 'Cloudflare', 'Cloudflare Web Analytics', 'Content Delivery Network', 'Fireblade', 'Google', 'Google Cloud CDN', 'Google Cloud DNS', 'Google Cloud Storage', 'Google Font API', 'Instagram Follow Button', 'Nuxt.js', 'UTF-8', 'YouTube']"
southbrunswickbdc.org,South Brunswick Business Development Coalition,,,77,33740,2026-09-12T22:11:45.397285247Z,"['501c3 Status Nonprofit', 'AWS WAF Challenge', 'Alternate Protocol', 'Authorize.net', 'Cloudflare', 'Cloudflare Web Analytics', 'Content Delivery Network', 'Fireblade', 'Google', 'Google Cloud CDN', 'Google Cloud DNS', 'Google Cloud Storage', 'Google Font API', 'Google My Business', 'InitiativeS', 'Instagram Follow Button', 'Nuxt.js', 'QUIC', 'UTF-8', 'YouTube']"
peterpark.ca,Mortgages & Private Lending: Financing for Homebuyers & Investors,,CAN,77,84154,2026-09-12T22:11:45.380333003Z,"['AWS WAF Challenge', 'Alternate Protocol', 'Authorize.net', 'Cloudflare', 'Cloudflare Web Analytics', 'Content Delivery Network', 'Fireblade', 'Google', 'Google Cloud CDN', 'Google Cloud DNS', 'Google Cloud Storage', 'Google Font API', 'Instagram Follow Button', 'No-Q', 'Nuxt.js', 'SMC', 'UTF-8', 'Unsplash']"
itsthattimejewelry.com,"Luxury Watches & Fine Jewelry: Rolex, Diamonds & More",,,67,26700,2026-09-12T22:11:45.375651562Z,"['Alternate Protocol', 'Authorize.net', 'Cloudflare', 'Cloudflare Web Analytics', 'Content Delivery Network', 'Elfsight', 'Express', 'Fireblade', 'Google', 'Google Cloud CDN', 'Google Cloud DNS', 'Google Cloud Storage', 'Google Font API', 'Google My Business', 'Nuxt.js', 'RM Education', 'UTF-8']"
pf360.us,PipeFlow360.com - $97/mo. Lifetime Access to Premium Course Creator Plan,,USA,87,23768,2026-09-12T21:59:23.592389501Z,"['Alternate Protocol', 'Apture Linking Platform', 'Aruba', 'Authorize.net', 'Bunny Fonts', 'Cloudflare', 'Cloudflare Web Analytics', 'Content Delivery Network', 'DAV', 'Elfsight', 'Fireblade', 'FirstPromoter', 'Google', 'Google Cloud CDN', 'Google Cloud DNS', 'Google Cloud Storage', 'Hootsuite Badge', 'Nuxt.js', 'Perl', 'QUIC', 'Tailwind CSS', 'UTF-8', 'Vercel', 'eLand']"
mobilehomeleveling.ca,"Okanagan Mobile Home Services | Leveling, Skirting & Repairs - Kelowna BC",,CAN,70,110462,2026-09-12T21:59:23.59078804Z,"['Alternate Protocol', 'Authorize.net', 'Better Lead Generation Services', 'Cloudflare', 'Cloudflare Web Analytics', 'Content Delivery Network', 'DAV', 'ElementUI', 'Ethy', 'Financial Services Guide', 'Fireblade', 'Google', 'Google Cloud CDN', 'Google Cloud DNS', 'Google Cloud Storage', 'Google Customer Reviews', 'Google Font API', 'HMDG', 'KVH', 'Line2', 'Nationwide Mortgage Licensing System and Registry', 'No-Q', 'Nuxt.js', 'Perl', 'QUIC', 'SMC', 'Subversion', 'UTF-8']"
teamzamorarealestate.com,"Laura Zamora, Realtor",,,67,26878,2026-09-12T21:59:23.585580015Z,"['Alternate Protocol', 'Authorize.net', 'Cloudflare', 'Cloudflare Web Analytics', 'Cloudinary', 'Content Delivery Network', 'ExpRealty', 'Fello', 'Fireblade', 'Freepik', 'Google', 'Google Cloud CDN', 'Google Cloud DNS', 'Google Cloud Storage', 'Google Font API', 'Instagram Follow Button', 'Nuxt.js', 'UTF-8', 'YouTube']"
ecohomeenergy.solutions,Home,,USA,60,9327,2026-09-12T21:59:23.579914314Z,"['AWS WAF Challenge', 'Alternate Protocol', 'Amazon WAF Blocked', 'Authorize.net', 'Cloudflare', 'Cloudflare CDN', 'Cloudflare Web Analytics', 'Content Delivery Network', 'Fireblade', 'Google', 'Google Cloud CDN', 'Google Cloud DNS', 'Google Cloud Storage', 'Google Font API', 'HighLevel', 'Nuxt.js', 'Tailwind CSS', 'UTF-8']"
juliebeautyeyebrows.com,"Contact Julie Beauty Eyebrows | Madison Heights, MI",,,67,18740,2026-09-12T21:59:23.56908955Z,"['Alternate Protocol', 'Authorize.net', 'Cloudflare', 'Cloudflare Web Analytics', 'Content Delivery Network', 'Fireblade', 'Google', 'Google Cloud CDN', 'Google Cloud DNS', 'Google Cloud Storage', 'Google Font API', 'Google My Business', 'Nuxt.js', 'Subversion', 'UTF-8']"
rwwmkt.com,Home,,,72,42304,2026-09-12T21:59:23.5657954Z,"['Alternate Protocol', 'Authorize.net', 'Cloudflare', 'Cloudflare Web Analytics', 'Content Delivery Network', 'Fireblade', 'Google', 'Google Cloud CDN', 'Google Cloud DNS', 'Google Cloud Storage', 'Google Font API', 'HighLevel', 'KVH', 'Nuxt.js', 'UTF-8']"
ingerglasperonlinemarketing.com,Earning With Inger,,USA,72,18740,2026-09-12T21:59:23.55539084Z,"['Alternate Protocol', 'Authorize.net', 'Cloudflare', 'Cloudflare Web Analytics', 'Content Delivery Network', 'Fireblade', 'Google', 'Google Cloud CDN', 'Google Cloud DNS', 'Google Cloud Storage', 'Google Font API', 'Nuxt.js', 'UTF-8']"
zillorefinishing.com,"Cabinet Refinishing & Carpentry in Englewood, FL | Zillo Refinishing",,USA,77,33740,2026-09-12T21:48:45.933498344Z,"['AWS WAF Challenge', 'Alternate Protocol', 'Amazon WAF Blocked', 'Authorize.net', 'Cloudflare', 'Cloudflare CDN', 'Cloudflare Web Analytics', 'Content Delivery Network', 'Fireblade', 'Google', 'Google Cloud CDN', 'Google Cloud DNS', 'Google Cloud Storage', 'Google Font API', 'Google My Business', 'Nuxt.js', 'Perl', 'QUIC', 'Tailwind CSS', 'UTF-8', 'jsDelivr', 'shadcn ui']"
lifepurified.com,Life Purified,,,60,8047,2026-09-12T21:48:45.931348277Z,"['Alternate Protocol', 'Authorize.net', 'Cloudflare', 'Cloudflare Web Analytics', 'Content Delivery Network', 'Fireblade', 'Google', 'Google Cloud CDN', 'Google Cloud DNS', 'Google Cloud Storage', 'Google Font API', 'Instagram Follow Button', 'Nuxt.js', 'Subversion', 'UTF-8', 'Unsplash']"
vip-co-in.com,VIP Consulting Innovations,,,82,18740,2026-09-12T21:48:45.915511144Z,"['Alternate Protocol', 'Authorize.net', 'Cloudflare', 'Cloudflare Web Analytics', 'Content Delivery Network', 'DAV', 'Fireblade', 'Google', 'Google Cloud CDN', 'Google Cloud DNS', 'Google Cloud Storage', 'Google Font API', 'Microdata for Google Shopping', 'Nuxt.js', 'QUIC', 'UTF-8', 'shadcn ui']"
vernakruger.co.za,Verna Kruger | attooh! Your Wealth Solution,,,77,20054,2026-09-12T21:48:45.891857751Z,"['Alternate Protocol', 'Amazon S3 CDN', 'Authorize.net', 'Bunny Fonts', 'Cloudflare', 'Cloudflare Web Analytics', 'Content Delivery Network', 'Financial Services Guide', 'Fireblade', 'Google', 'Google Cloud CDN', 'Google Cloud DNS', 'Google Cloud Storage', 'Google Font API', 'No-Q', 'Nuxt.js', 'QUIC', 'Storyblocks', 'UTF-8', 'Unsplash', 'Vimeo', 'Vimeo CDN']"
yourlocalchiropractornewpatients.com,Chiropractic New Patient Special,,,67,37994,2026-09-12T21:37:11.498187878Z,"['AWS WAF Challenge', 'Alternate Protocol', 'Amazon WAF Blocked', 'Authorize.net', 'Cloudflare', 'Cloudflare CDN', 'Cloudflare Web Analytics', 'Content Delivery Network', 'Elfsight', 'Facebook Conversion Tracking', 'Facebook Pixel', 'Facebook Reseller', 'Facebook Tag API', 'Fireblade', 'Google', 'Google Cloud CDN', 'Google Cloud DNS', 'Google Cloud Storage', 'Google Font API', 'Google My Business', 'HighLevel', 'No-Q', 'Nuxt.js', 'Tailwind CSS', 'UTF-8']"
agentpowerups.com,Real Estate Agent Power Ups!,,USA,77,19829,2026-09-12T21:37:11.482559558Z,"['Alternate Protocol', 'Apture Linking Platform', 'Authorize.net', 'Better Lead Generation Services', 'Cloudflare', 'Cloudflare Web Analytics', 'Coming Soon Page', 'Content Delivery Network', 'Fireblade', 'Google', 'Google Cloud CDN', 'Google Cloud DNS', 'Google Cloud Storage', 'Google Font API', 'Instagram Follow Button', 'Nuxt.js', 'QUIC', 'UPS', 'UTF-8', 'Wistia', 'YouTube']"
selleasyvegas.com,Las Vegas Cash Offer,,,72,7664,2026-09-12T21:37:11.479320468Z,"['Alternate Protocol', 'Amazon S3 CDN', 'Apture Linking Platform', 'Authorize.net', 'Cloudflare', 'Cloudflare Web Analytics', 'Content Delivery Network', 'Google', 'Google Analytics', 'Google Cloud CDN', 'Google Cloud DNS', 'Google Cloud Storage', 'Google Font API', 'Google Tag Manager', 'HighLevel', 'Investor Relations', 'Nuxt.js', 'QUIC', 'Storyblocks', 'UTF-8']"
hempengineering.net,"Hemp Engineering Ecosystem | Materials, Energy & Construction",,CHN,72,18824,2026-09-12T21:29:02.047505209Z,"['Alternate Protocol', 'Authorize.net', 'Better Lead Generation Services', 'Cloudflare', 'Cloudflare Web Analytics', 'Content Delivery Network', 'Fireblade', 'Google', 'Google Cloud CDN', 'Google Cloud DNS', 'Google Cloud Storage', 'Nuxt.js', 'Tailwind CSS', 'UTF-8', 'Unsplash']"
sjpcoach.com,"SJ Performance, LLC",,,72,42504,2026-09-12T21:29:02.046820587Z,"['AWS WAF Challenge', 'Agent-CRM', 'Alternate Protocol', 'Authorize.net', 'Cloudflare', 'Cloudflare Web Analytics', 'Content Delivery Network', 'Fireblade', 'Google', 'Google Cloud CDN', 'Google Cloud DNS', 'Google Cloud Storage', 'Google Font API', 'InitiativeS', 'Nuxt.js', 'RM Education', 'UTF-8', 'YouTube']"
codespro.de,PRO CODE,,DEU,72,39160,2026-09-12T21:29:02.035565561Z,"['Alternate Protocol', 'Authorize.net', 'Cloudflare', 'Cloudflare Web Analytics', 'Content Delivery Network', 'Fireblade', 'GTranslate', 'Google', 'Google Cloud CDN', 'Google Cloud DNS', 'Google Cloud Storage', 'Google Font API', 'Instagram Follow Button', 'KVH', 'Nuxt.js', 'QUIC', 'Thank You', 'UTF-8', 'Zoom Video Conferencing']"
midtownhomemortgage.com,Midtown Home Mortgage,,USA,62,33740,2026-09-12T21:29:02.035050413Z,"['AWS WAF Challenge', 'Alternate Protocol', 'Amazon WAF Blocked', 'Authorize.net', 'Cloudflare', 'Cloudflare CDN', 'Cloudflare Web Analytics', 'Content Delivery Network', 'Fireblade', 'Google', 'Google Cloud CDN', 'Google Cloud DNS', 'Google Cloud Storage', 'Google Font API', 'Instagram Follow Button', 'Nationwide Mortgage Licensing System and Registry', 'Nuxt.js', 'QUIC', 'Tailwind CSS', 'UTF-8']"
pocket-business.app,Pocket Business,,GBR,72,94208,2026-09-12T21:29:02.033826341Z,"['AWS WAF Challenge', 'Alternate Protocol', 'Apture Linking Platform', 'Authorize.net', 'Bazaarvoice', 'Better Lead Generation Services', 'Cloudflare', 'Cloudflare Web Analytics', 'Content Delivery Network', 'Facebook Conversion Tracking', 'Facebook Pixel', 'Facebook Reseller', 'Facebook Tag API', 'Fireblade', 'Google', 'Google Analytics', 'Google Cloud CDN', 'Google Cloud DNS', 'Google Cloud Storage', 'Google Customer Reviews', 'Google Font API', 'Google Tag Manager', 'IcoMoon', 'Instagram Follow Button', 'KVH', 'Nuxt.js', 'Thank You', 'UTF-8', 'shadcn ui']"
kvamazingbrow.com,Premier Cupping and Microblading Salon in Houston | KV Cupping Therapy,,USA,77,18740,2026-09-12T21:29:02.031247304Z,"['Alternate Protocol', 'Authorize.net', 'Cloudflare', 'Cloudflare Web Analytics', 'Content Delivery Network', 'Fireblade', 'Google', 'Google Cloud CDN', 'Google Cloud DNS', 'Google Cloud Storage', 'Google Font API', 'Google My Business', 'Nuxt.js', 'UTF-8']"
transformgyms.com,TRANSFORM Fitness - Personal Training Gym In Banbridge,TRANSFORM Fitness Banbridge,,82,18740,2026-09-12T21:29:02.030624376Z,"['AWS WAF Challenge', 'Alternate Protocol', 'Authorize.net', 'Cloudflare', 'Cloudflare Web Analytics', 'Content Delivery Network', 'Google', 'Google Cloud CDN', 'Google Cloud DNS', 'Google Cloud Storage', 'Google Font API', 'Instagram Follow Button', 'Microdata for Google Shopping', 'Nuxt.js', 'QUIC', 'UTF-8', 'YouTube', 'shadcn ui']"
myusdadirectloan.com,USDA Direct Loan Assistance | Determine Your Eligibility Today!,,,72,38824,2026-09-12T21:29:02.028847058Z,"['Alternate Protocol', 'Authorize.net', 'Cloudflare', 'Cloudflare Web Analytics', 'Content Delivery Network', 'Fireblade', 'Google', 'Google Cloud CDN', 'Google Cloud DNS', 'Google Cloud Storage', 'Google Font API', 'KVH', 'Nuxt.js', 'UTF-8', 'Unsplash']"
wheelchair-parts.com,Wheelchair Parts and Accessories - Wheelchair-Parts.com,,,77,23264,2026-09-12T21:29:01.984159889Z,"['AWS WAF Challenge', 'Authorize.net', 'Bing Cashback', 'Bing Conversion Tracking', 'Bulma', 'CallRail', 'Cloudflare', 'Cloudflare CDN', 'DoubleClick Bid Manager', 'Facebook Reseller', 'Google', 'Google Analytics', 'Google Cloud DNS', 'Google My Business', 'Google Tag Manager', 'IcoMoon', 'Idaq', 'Microdata for Google Shopping', 'Nginx', 'No-Q', 'PayPal', 'PayPal Adaptive Payments', 'QUIC', 'Sitelinks Search Box', 'UTF-8', 'reCAPTCHA']"
themagicofhorsecraft.com,The Magic of HorseCraft™ | Project New Start,,USA,77,43740,2026-09-12T21:29:01.972572871Z,"['Alternate Protocol', 'Authorize.net', 'Cloudflare', 'Cloudflare Web Analytics', 'Content Delivery Network', 'Fireblade', 'Google', 'Google Cloud CDN', 'Google Cloud DNS', 'Google Cloud Storage', 'Google Font API', 'Instagram Follow Button', 'K2F', 'Nuxt.js', 'QUIC', 'Subversion', 'UTF-8', 'YouTube']"
adjentisolutions.com,Adjenti Solutions - Smart Websites & Systems for Small Businesses,,NOR,77,18740,2026-09-12T21:29:01.972939193Z,"['Alternate Protocol', 'Authorize.net', 'Better Lead Generation Services', 'CDN JS', 'Cloudflare', 'Cloudflare CDN', 'Cloudflare Web Analytics', 'Content Delivery Network', 'Fireblade', 'Google', 'Google Analytics', 'Google Cloud CDN', 'Google Cloud DNS', 'Google Cloud Storage', 'Google Font API', 'Google Tag Manager', 'Nuxt.js', 'QUIC', 'Thank You', 'UTF-8', 'shadcn ui']"
fossatiplumbingservice.com,Fossati's Plumbing,,SYC,82,18740,2026-09-12T21:29:01.971574006Z,"['Alternate Protocol', 'Authorize.net', 'Cloudflare', 'Cloudflare Web Analytics', 'Content Delivery Network', 'FOSSA IO', 'Fireblade', 'Google', 'Google Analytics', 'Google Cloud CDN', 'Google Cloud DNS', 'Google Cloud Storage', 'Google Font API', 'Google Tag Manager', 'InitiativeS', 'Ntent', 'Nuxt.js', 'UTF-8']"
barsolollc.com,"Bar Solo, LLC | Mobile Bar in Ashtabula, Ohio",,,67,18740,2026-09-12T21:13:10.198141216Z,"['Alternate Protocol', 'Authorize.net', 'Better Lead Generation Services', 'Cloudflare', 'Cloudflare Web Analytics', 'Content Delivery Network', 'Fireblade', 'Google', 'Google Cloud CDN', 'Google Cloud DNS', 'Google Cloud Storage', 'Google Customer Reviews', 'Google Font API', 'Google My Business', 'Instagram Follow Button', 'Nuxt.js', 'UTF-8']"
birdypublications.com,Birdy Publications,,GBR,82,36890,2026-09-12T21:13:10.195806787Z,"['AWS WAF Challenge', 'Alternate Protocol', 'Amazon WAF Blocked', 'Authorize.net', 'Better Lead Generation Services', 'Cloudflare', 'Cloudflare CDN', 'Cloudflare Web Analytics', 'Content Delivery Network', 'DAV', 'Fireblade', 'Google', 'Google Cloud CDN', 'Google Cloud DNS', 'Google Cloud Storage', 'Google Font API', 'Nuxt.js', 'QUIC', 'Tailwind CSS', 'Ticket Tailor', 'UTF-8', 'shadcn ui']"
mrjfixcredit.com,Mr. Fix My Credit | Superior Credit Solutions,,,60,8211,2026-09-12T21:13:10.188393707Z,"['AWS WAF Challenge', 'Alternate Protocol', 'Amazon WAF Blocked', 'Authorize.net', 'Cloudflare', 'Cloudflare CDN', 'Cloudflare Web Analytics', 'Content Delivery Network', 'Express', 'Federal Deposit Insurance Corporation', 'Fireblade', 'Google', 'Google Cloud CDN', 'Google Cloud DNS', 'Google Cloud Storage', 'Google Font API', 'Instagram Follow Button', 'Linktree', 'Nuxt.js', 'Tailwind CSS', 'Thank You', 'Twitter Ads', 'UTF-8', 'shadcn ui']"
gtfpaintball.com,"GTF Paintball – Jacksonville’s Largest Paintball Arena | Yulee, FL",,USA,87,38804,2026-09-12T21:03:53.321914143Z,"['AWS WAF Challenge', 'Alternate Protocol', 'Apture Linking Platform', 'Authorize.net', 'Cloudflare', 'Cloudflare Web Analytics', 'Content Delivery Network', 'Fireblade', 'Google', 'Google Analytics', 'Google Cloud CDN', 'Google Cloud DNS', 'Google Cloud Storage', 'Google Font API', 'Google Tag Manager', 'HighLevel', 'Instagram Follow Button', 'NFOrce Internet', 'Nuxt.js', 'QUIC', 'Thank You', 'UTF-8', 'YouTube', 'shadcn ui']"
ilunetwork.com,ILU Network | Sell your house fast for cash without agent commissions,,USA,77,33740,2026-09-12T21:03:53.275497936Z,"['AWS WAF Challenge', 'Alternate Protocol', 'Amazon WAF Blocked', 'Authorize.net', 'Cloudflare', 'Cloudflare CDN', 'Cloudflare Web Analytics', 'Content Delivery Network', 'Fireblade', 'Google', 'Google Cloud CDN', 'Google Cloud DNS', 'Google Cloud Storage', 'Google Font API', 'Nuxt.js', 'QUIC', 'Tailwind CSS', 'UTF-8', 'shadcn ui']"
woodyarddental.com,"Top Rated Cosmetic & Family Dentist Near You in Paducah, KY",,USA,82,129148,2026-09-12T21:03:53.273902713Z,"['Alternate Protocol', 'Authorize.net', 'Bunny Fonts', 'Cisco/Arrowpoint Content Service Switch', 'Cloudflare', 'Cloudflare Web Analytics', 'Content Delivery Network', 'Content Square', 'Facebook Conversion Tracking', 'Facebook Pixel', 'Facebook Reseller', 'Facebook Tag API', 'Fireblade', 'Google', 'Google Analytics', 'Google Cloud CDN', 'Google Cloud DNS', 'Google Cloud Storage', 'Google My Business', 'Google Related Website Sites', 'Google Tag Manager', 'HighLevel', 'Hotjar', 'Instagram Follow Button', 'Microdata for Google Shopping', 'Nuxt.js', 'UTF-8', 'Unsplash', 'YouTube']"
primeventuresrealty.com,Prime Ventures Realty | Home,,,70,38740,2026-09-12T21:03:53.272672769Z,"['Alternate Protocol', 'Authorize.net', 'Cloudflare', 'Cloudflare Web Analytics', 'Content Delivery Network', 'Fireblade', 'Google', 'Google Cloud CDN', 'Google Cloud DNS', 'Google Cloud Storage', 'Google Font API', 'KVH', 'Ntent', 'Nuxt.js', 'QUIC', 'UTF-8']"
ccsamma.com,Home Page | Colorado Combative Sports Academy,,,72,20840,2026-09-12T21:03:53.271482624Z,"['Alternate Protocol', 'Authorize.net', 'Cloudflare', 'Cloudflare Web Analytics', 'Content Delivery Network', 'Fireblade', 'Google', 'Google Cloud CDN', 'Google Cloud DNS', 'Google Cloud Storage', 'Google Font API', 'Instagram Follow Button', 'Nuxt.js', 'QUIC', 'UTF-8', 'Zen Planner']"
integritybusinessacademy.com,Home,,,65,22388,2026-09-12T21:03:53.270091867Z,"['501c3 Status Nonprofit', 'Alternate Protocol', 'Authorize.net', 'Better Lead Generation Services', 'Cloudflare', 'Cloudflare Web Analytics', 'Content Delivery Network', 'Fireblade', 'Google', 'Google Cloud CDN', 'Google Cloud DNS', 'Google Cloud Storage', 'Google Font API', 'HighLevel', 'InitiativeS', 'Nuxt.js', 'QUIC', 'UTF-8', 'Unix', 'Unsplash']"
digitalempiresystem.com,"Drive Growth: More Customers, Reviews, Referrals!",,,67,68740,2026-09-12T21:03:53.269313915Z,"['Alternate Protocol', 'Apture Linking Platform', 'Authorize.net', 'Cloudflare', 'Cloudflare Web Analytics', 'Content Delivery Network', 'Facebook Conversion Tracking', 'Facebook Pixel', 'Facebook Reseller', 'Facebook Tag API', 'Fireblade', 'Google', 'Google Cloud CDN', 'Google Cloud DNS', 'Google Cloud Storage', 'Google Font API', 'Instagram Follow Button', 'Ntent', 'Nuxt.js', 'QUIC', 'SMC', 'UTF-8', 'YouTube']"
gorocketappai.com,GoRocketApp,,USA,77,22940,2026-09-12T21:03:53.269702971Z,"['Alternate Protocol', 'Authorize.net', 'Cloudflare', 'Cloudflare Web Analytics', 'Content Delivery Network', 'Facebook Conversion Tracking', 'Facebook Pixel', 'Facebook Reseller', 'Facebook Tag API', 'Fireblade', 'Google', 'Google Analytics', 'Google Cloud CDN', 'Google Cloud DNS', 'Google Cloud Storage', 'Google Font API', 'Google Tag Manager', 'Nuxt.js', 'SegMetrics', 'UTF-8', 'shadcn ui']"
trinityconnection3.com,Trinity Connection,,USA,72,33824,2026-09-12T21:03:53.268657524Z,"['AWS WAF Challenge', 'Alternate Protocol', 'Authorize.net', 'Cloudflare', 'Cloudflare Web Analytics', 'Content Delivery Network', 'Fireblade', 'Google', 'Google Cloud CDN', 'Google Cloud DNS', 'Google Cloud Storage', 'Google Font API', 'Google My Business', 'Nuxt.js', 'QUIC', 'Subversion', 'Thank You', 'UTF-8', 'University or College', 'Unsplash']"
doesntsuckccw.com,Doesn't Suck CCW | Practical Firearms Training Henderson NV,,USA,77,18923,2026-09-12T21:03:53.267061528Z,"['Alternate Protocol', 'Authorize.net', 'CDN JS', 'Cloudflare', 'Cloudflare CDN', 'Cloudflare Web Analytics', 'Content Delivery Network', 'Fireblade', 'Font Awesome', 'Google', 'Google Cloud CDN', 'Google Cloud DNS', 'Google Cloud Storage', 'Google Font API', 'Nuxt.js', 'Subversion', 'Tailwind CSS', 'UTF-8', 'Unsplash']"
samsonconsult.com,Complete SMB Funding Solution - Samson Consulting Group,,USA,80,84780,2026-09-12T21:03:53.266591601Z,"['AWS WAF Challenge', 'Alternate Protocol', 'Authorize.net', 'Bunny Fonts', 'Cloudflare', 'Cloudflare Web Analytics', 'Content Delivery Network', 'Facebook Conversion Tracking', 'Facebook Pixel', 'Facebook Reseller', 'Facebook Tag API', 'Financial Services Guide', 'Fireblade', 'Google', 'Google Cloud CDN', 'Google Cloud DNS', 'Google Cloud Storage', 'Hotjar', 'Nuxt.js', 'QUIC', 'SMC', 'UTF-8']"
webuyhoustonhousesfast.com,Sell My House Fast Houston | Cash Offer Today | The Aida Group,,USA,87,37238,2026-09-12T21:03:53.260462621Z,"['AWS WAF Challenge', 'Alternate Protocol', 'Amazon WAF Blocked', 'Authorize.net', 'Cloudflare', 'Cloudflare CDN', 'Cloudflare Web Analytics', 'Content Delivery Network', 'Fast', 'Fireblade', 'Google', 'Google Cloud CDN', 'Google Cloud DNS', 'Google Cloud Storage', 'Google Font API', 'Instagram Follow Button', 'No-Q', 'Nuxt.js', 'QUIC', 'REI Reply', 'Replyco', 'Tailwind CSS', 'UTF-8', 'University or College', 'YouTube', 'ePly']"
coldemailstarterkit.com,Cold Email Starter Kit - 2024 All Access Edition,,IND,77,19280,2026-09-12T21:03:53.259333579Z,"['Alternate Protocol', 'Authorize.net', 'Better Lead Generation Services', 'Cloudflare', 'Cloudflare Web Analytics', 'Content Delivery Network', 'Facebook Conversion Tracking', 'Facebook Pixel', 'Facebook Reseller', 'Facebook Tag API', 'Financial Services Guide', 'Fireblade', 'Google', 'Google Cloud CDN', 'Google Cloud DNS', 'Google Cloud Storage', 'Google Font API', 'Nuxt.js', 'QUIC', 'Subversion', 'The Deck', 'UTF-8', 'Vimeo', 'Vimeo CDN', 'shadcn ui']"
prolinepestcontrol.com,Proline Pest Control: Eco-Friendly Solutions for Your Home,,USA,70,56570,2026-09-12T20:51:04.313724442Z,"['AWS WAF Challenge', 'Adult Content', 'Alternate Protocol', 'Amazon WAF Blocked', 'Authorize.net', 'Cloudflare', 'Cloudflare CDN', 'Cloudflare Web Analytics', 'Content Delivery Network', 'Financial Services Guide', 'Fireblade', 'Google', 'Google Cloud CDN', 'Google Cloud DNS', 'Google Cloud Storage', 'Google Font API', 'Idaq', 'KVH', 'No-Q', 'Ntent', 'Nuxt.js', 'QUIC', 'Tailwind CSS', 'UTF-8']"
floridawholesalewindowsandmore.com,"Get Fast, Accurate Window & Door Pricing Without the Back-and-Forth",,,77,33740,2026-09-12T20:51:04.304535661Z,"['AWS WAF Challenge', 'Alternate Protocol', 'Amazon WAF Blocked', 'Authorize.net', 'Cloudflare', 'Cloudflare CDN', 'Cloudflare Web Analytics', 'Content Delivery Network', 'Fireblade', 'Google', 'Google Cloud CDN', 'Google Cloud DNS', 'Google Cloud Storage', 'Google Font API', 'Nuxt.js', 'QUIC', 'Tailwind CSS', 'UTF-8']"
familyretirementsolutions.com,Aaron Shapiro,,,50,7963,2026-09-12T20:51:04.302582578Z,"['Alternate Protocol', 'Authorize.net', 'Cloudflare', 'Cloudflare Web Analytics', 'Coming Soon Page', 'Content Delivery Network', 'Facebook Conversion Tracking', 'Facebook Login', 'Facebook Messenger Platform', 'Facebook Pixel', 'Facebook Reseller', 'Facebook Tag API', 'Fireblade', 'Google', 'Google Cloud CDN', 'Google Cloud DNS', 'Google Cloud Storage', 'Google Font API', 'Google My Business', 'Ntent', 'Nuxt.js', 'Thank You', 'UTF-8']"
melanieanndawn.com,home,,,47,7963,2026-09-12T20:38:50.783358765Z,"['Alternate Protocol', 'Authorize.net', 'Cloudflare', 'Cloudflare Web Analytics', 'Content Delivery Network', 'Fireblade', 'Google', 'Google Cloud CDN', 'Google Cloud DNS', 'Google Cloud Storage', 'Google Font API', 'Google My Business', 'Nuxt.js', 'UTF-8', 'shadcn ui']"
shesgotgoals.org,Life Skills Organization,,VEN,77,38740,2026-09-12T20:38:50.770973418Z,"['AWS WAF Challenge', 'Alternate Protocol', 'Amazon WAF Blocked', 'Authorize.net', 'Cisco/Arrowpoint Content Service Switch', 'Cloudflare', 'Cloudflare CDN', 'Cloudflare Web Analytics', 'Content Delivery Network', 'Fireblade', 'Google', 'Google Cloud CDN', 'Google Cloud DNS', 'Google Cloud Storage', 'Google Font API', 'Instagram Follow Button', 'Nuxt.js', 'QUIC', 'Tailwind CSS', 'Thank You', 'UTF-8', 'YouTube']"
raising-expert.com,Raising Expert - Home,,,77,18740,2026-09-12T20:38:50.76722451Z,"['Alternate Protocol', 'Authorize.net', 'Cloudflare', 'Cloudflare Web Analytics', 'Content Delivery Network', 'Fireblade', 'Google', 'Google Cloud CDN', 'Google Cloud DNS', 'Google Cloud Storage', 'Google Font API', 'Nuxt.js', 'QUIC', 'UTF-8']"
alphavi.co,"AlphaVI - The Science of Wellness, The Art Of Living",,SGP,67,21140,2026-09-12T20:38:50.765401023Z,"['Alternate Protocol', 'Amazon', 'Authorize.net', 'Cloudflare', 'Cloudflare Web Analytics', 'Content Delivery Network', 'Fireblade', 'Google', 'Google Cloud CDN', 'Google Cloud DNS', 'Google Cloud Storage', 'Google Font API', 'Google My Business', 'Instagram Follow Button', 'Nuxt.js', 'UTF-8', 'YouTube']"
ccpathways.com,"CC PATHWAYS, INC.",,,72,18740,2026-09-12T20:38:50.7630156Z,"['AWS WAF Challenge', 'Alternate Protocol', 'Authorize.net', 'Cloudflare', 'Cloudflare Web Analytics', 'Content Delivery Network', 'Google', 'Google Cloud CDN', 'Google Cloud DNS', 'Google Cloud Storage', 'Google Font API', 'Instagram Follow Button', 'Nuxt.js', 'UTF-8', 'YouTube']"
eng-en-lightstepspro.com,LightSteps Pro™ | Official Site | Natural Healthy Legs,,USA,82,18740,2026-09-12T20:38:50.759853937Z,"['Alternate Protocol', 'Authorize.net', 'Cloudflare', 'Cloudflare Web Analytics', 'Content Delivery Network', 'Fireblade', 'Google', 'Google Cloud CDN', 'Google Cloud DNS', 'Google Cloud Storage', 'Google Font API', 'Nuxt.js', 'QUIC', 'UTF-8']"
gotechnet.com,Automate & Grow: GoTechNet's Solutions for Small and Medium Businesses,,,77,108740,2026-09-12T20:38:50.737933387Z,"['Alternate Protocol', 'Authorize.net', 'Better Lead Generation Services', 'Cloudflare', 'Cloudflare Web Analytics', 'Content Delivery Network', 'Fireblade', 'Google', 'Google Cloud CDN', 'Google Cloud DNS', 'Google Cloud Storage', 'Google Font API', 'Ntent', 'Nuxt.js', 'ON24', 'QUIC', 'SMC', 'Thank You', 'UTF-8']"
novastriping.com,Commercial Parking Lot Striping Northern Virginia | NOVA Striping | Ashburn to McLean,,USA,82,18740,2026-09-12T20:28:00.038155401Z,"['Alternate Protocol', 'Authorize.net', 'Cloudflare', 'Cloudflare Web Analytics', 'Content Delivery Network', 'Corporate Governance and Regulatory Compliance', 'Fireblade', 'Google', 'Google Analytics', 'Google Cloud CDN', 'Google Cloud DNS', 'Google Cloud Storage', 'Google Font API', 'Google My Business', 'Google Tag Manager', 'Instagram Follow Button', 'Microdata for Google Shopping', 'Nuxt.js', 'Pico CSS', 'QUIC', 'UTF-8', 'YouTube', 'shadcn ui']"
sawduststartups.com,Sawdust Startups,,,72,33840,2026-09-12T20:28:00.024006015Z,"['AWS WAF Challenge', 'Alternate Protocol', 'Authorize.net', 'Cloudflare', 'Cloudflare Web Analytics', 'Content Delivery Network', 'Fireblade', 'Google', 'Google Analytics', 'Google Cloud CDN', 'Google Cloud DNS', 'Google Cloud Storage', 'Google Font API', 'Google Tag Manager', 'Instagram Follow Button', 'Nuxt.js', 'QUIC', 'UPS', 'UTF-8', 'YouTube', 'shadcn ui']"
medicalinsurancelady.com,"The Medical Insurance Lady, Inc.",,,67,18740,2026-09-12T20:27:59.973340693Z,"['Alternate Protocol', 'Authorize.net', 'Cloudflare', 'Cloudflare Web Analytics', 'Content Delivery Network', 'Fireblade', 'Google', 'Google Cloud CDN', 'Google Cloud DNS', 'Google Cloud Storage', 'Google Font API', 'Google My Business', 'Nuxt.js', 'UTF-8']"
ventureprocapital.com,Welcome to VenturePro Capital USA!,,USA,60,13161,2026-09-12T20:27:59.967175045Z,"['Alternate Protocol', 'Authorize.net', 'Better Lead Generation Services', 'Cloudflare', 'Cloudflare Web Analytics', 'Content Delivery Network', 'Fireblade', 'Google', 'Google Cloud CDN', 'Google Cloud DNS', 'Google Cloud Storage', 'Google Font API', 'KVH', 'No-Q', 'Ntent', 'Nuxt.js', 'UTF-8', 'shadcn ui']"
scottlucas.tech,Fractional CTO & Business Systems Advisor | Scott Lucas Solutions,,,82,33740,2026-09-12T20:27:59.966061398Z,"['AWS WAF Challenge', 'Alternate Protocol', 'Authorize.net', 'Bunny Fonts', 'Cloudflare', 'Cloudflare Web Analytics', 'Content Delivery Network', 'Fireblade', 'Google', 'Google Cloud CDN', 'Google Cloud DNS', 'Google Cloud Storage', 'Instagram Follow Button', 'Microdata for Google Shopping', 'Nuxt.js', 'UTF-8', 'YouTube']"
macantacapital.org,Macanta Capital | Home,,,70,18740,2026-09-12T20:27:59.965651069Z,"['Alternate Protocol', 'Authorize.net', 'Cloudflare', 'Cloudflare Web Analytics', 'Content Delivery Network', 'Fireblade', 'Google', 'Google Cloud CDN', 'Google Cloud DNS', 'Google Cloud Storage', 'Google Font API', 'Nuxt.js', 'UTF-8']"
complete-turnaround.com,TTS Shield,,,72,19052,2026-09-12T20:27:59.960980033Z,"['Alternate Protocol', 'Authorize.net', 'Cloudflare', 'Cloudflare Web Analytics', 'Content Delivery Network', 'Fireblade', 'Google', 'Google Cloud CDN', 'Google Cloud DNS', 'Google Cloud Storage', 'Google Font API', 'Nuxt.js', 'Squarespace', 'UTF-8']"
inkesthetics.ca,"Microblading and Permanent Makeup in Port Moody, BC",,CAN,77,18740,2026-09-12T20:12:37.238841189Z,"['Alternate Protocol', 'Authorize.net', 'Bunny Fonts', 'Cloudflare', 'Cloudflare Web Analytics', 'Content Delivery Network', 'Facebook Conversion Tracking', 'Facebook Pixel', 'Facebook Reseller', 'Facebook Tag API', 'Fireblade', 'Fresha', 'Google', 'Google Analytics', 'Google Cloud CDN', 'Google Cloud DNS', 'Google Cloud Storage', 'Google Font API', 'Google Tag Manager', 'Instagram Follow Button', 'Nuxt.js', 'UTF-8']"
leveluprevenueonline.com,How Top Entrepreneurs Are Scaling in 2025 With Expert Systems & AI,,,72,33740,2026-09-12T20:12:37.236487133Z,"['AWS WAF Challenge', 'Alternate Protocol', 'Amazon WAF Blocked', 'Authorize.net', 'Cloudflare', 'Cloudflare CDN', 'Cloudflare Web Analytics', 'Content Delivery Network', 'Fireblade', 'Google', 'Google Cloud CDN', 'Google Cloud DNS', 'Google Cloud Storage', 'Google Font API', 'Nuxt.js', 'Tailwind CSS', 'UTF-8']"
purecoachingacquisitions.com,Coaching Acquisition | Get More Qualified Sales Calls,,,72,33740,2026-09-12T20:12:37.225729538Z,"['AWS WAF Challenge', 'Alternate Protocol', 'Authorize.net', 'Better Lead Generation Services', 'Cloudflare', 'Cloudflare Web Analytics', 'Content Delivery Network', 'Fireblade', 'Google', 'Google Cloud CDN', 'Google Cloud DNS', 'Google Cloud Storage', 'Google Font API', 'Instagram Follow Button', 'Nuxt.js', 'QUIC', 'UTF-8']"
apexwebagency.co.za,Professional & Affordable Website Design in South Africa | Apex Web,,ZAF,65,20300,2026-09-12T20:12:37.224870844Z,"['Alternate Protocol', 'Apture Linking Platform', 'Authorize.net', 'Better Lead Generation Services', 'CDN JS', 'Chatbase', 'Cloudflare', 'Cloudflare CDN', 'Cloudflare Web Analytics', 'Content Delivery Network', 'Elfsight', 'Fireblade', 'Google', 'Google Cloud CDN', 'Google Cloud DNS', 'Google Cloud Storage', 'Google Customer Reviews', 'Google Font API', 'Instagram Follow Button', 'Nuxt.js', 'UTF-8', 'shadcn ui']"
alishacurrywalker.com,"Alisha Curry Walker, Licensed Mental Health Therapist",,,67,33932,2026-09-12T20:12:37.223486007Z,"['AWS WAF Challenge', 'Alternate Protocol', 'Authorize.net', 'Calendly', 'Cloudflare', 'Cloudflare Web Analytics', 'Content Delivery Network', 'Fireblade', 'Google', 'Google Cloud CDN', 'Google Cloud DNS', 'Google Cloud Storage', 'Google Font API', 'Nuxt.js', 'QUIC', 'UTF-8', 'shadcn ui']"
plumbingexpertsnyc.com,D&D Plumbing & Heating | New York City | Home & Office Services,,USA,87,18740,2026-09-12T20:12:37.22218606Z,"['Alternate Protocol', 'Authorize.net', 'Better Lead Generation Services', 'CDN JS', 'Cloudflare', 'Cloudflare CDN', 'Cloudflare Web Analytics', 'Content Delivery Network', 'Fireblade', 'Google', 'Google Cloud CDN', 'Google Cloud DNS', 'Google Cloud Storage', 'Google Font API', 'Nuxt.js', 'QUIC', 'UTF-8']"
catbelizetours.com,CAT Belize Mayaland Tours,,,67,18740,2026-09-12T20:12:37.212454029Z,"['Alternate Protocol', 'Authorize.net', 'Bunny Fonts', 'Cloudflare', 'Cloudflare Web Analytics', 'Content Delivery Network', 'Fireblade', 'Google', 'Google Cloud CDN', 'Google Cloud DNS', 'Google Cloud Storage', 'Instagram Follow Button', 'Nuxt.js', 'UTF-8']"
marlo-cosmetic-tattoo.online,Marlo Cosmetic Tattoo | Brows,,USA,87,18740,2026-09-12T20:12:37.210285213Z,"['Alternate Protocol', 'Authorize.net', 'Cloudflare', 'Cloudflare Web Analytics', 'Content Delivery Network', 'Facebook Conversion Tracking', 'Facebook Pixel', 'Facebook Reseller', 'Facebook Tag API', 'Financial Services Guide', 'Fireblade', 'Google', 'Google Cloud CDN', 'Google Cloud DNS', 'Google Cloud Storage', 'Google Customer Reviews', 'Google Font API', 'Google My Business', 'InitiativeS', 'Nuxt.js', 'UTF-8']"
sacredjourneysfortransformation.com,Sacred Journeys for Transformation - Home,,USA,87,33824,2026-09-12T20:12:37.20932734Z,"['AWS WAF Challenge', 'Alternate Protocol', 'Authorize.net', 'Cloudflare', 'Cloudflare Web Analytics', 'Content Delivery Network', 'Fireblade', 'Google', 'Google Cloud CDN', 'Google Cloud DNS', 'Google Cloud Storage', 'Google Font API', 'Nuxt.js', 'Pixabay', 'UTF-8', 'University or College', 'Unsplash']"
tarotqueenpriyanka.com,Tarot and Numerology,,GBR,72,18740,2026-09-12T20:12:37.209682805Z,"['Alternate Protocol', 'Authorize.net', 'Cloudflare', 'Cloudflare Web Analytics', 'Content Delivery Network', 'Facebook Conversion Tracking', 'Facebook Pixel', 'Facebook Reseller', 'Facebook Tag API', 'Fireblade', 'Google', 'Google Cloud CDN', 'Google Cloud DNS', 'Google Cloud Storage', 'Google Font API', 'Nuxt.js', 'QUIC', 'UTF-8', 'shadcn ui']"
inctracerfranchising.com,Tracer Franchising,,USA,67,136140,2026-09-12T20:12:37.209907214Z,"['AWS WAF Challenge', 'Alternate Protocol', 'Amazon WAF Blocked', 'Authorize.net', 'Cloudflare', 'Cloudflare CDN', 'Cloudflare Web Analytics', 'Content Delivery Network', 'Content Square', 'Facebook Conversion Tracking', 'Facebook Pixel', 'Facebook Reseller', 'Facebook Tag API', 'Fireblade', 'Gambling Content', 'Google', 'Google Analytics', 'Google Cloud CDN', 'Google Cloud DNS', 'Google Cloud Storage', 'Google Font API', 'Google Tag Manager', 'ID Services', 'Nuxt.js', 'OpenAI', 'QUIC', 'Tailwind CSS', 'UTF-8', 'shadcn ui']"
awesm.com,Vi er AweSM,,SGP,82,34280,2026-09-12T20:12:37.207704155Z,"['AWS WAF Challenge', 'Alternate Protocol', 'Authorize.net', 'Cloudflare', 'Cloudflare Web Analytics', 'Content Delivery Network', 'Fireblade', 'Google', 'Google Cloud CDN', 'Google Cloud DNS', 'Google Cloud Storage', 'Google Font API', 'Nuxt.js', 'UTF-8', 'Vimeo', 'Vimeo CDN', 'shadcn ui']"
shanbmarketing.com,Shan B Marketing,,,42,7963,2026-09-12T20:12:37.206409204Z,"['Alternate Protocol', 'Authorize.net', 'Cloudflare', 'Cloudflare Web Analytics', 'Content Delivery Network', 'Fireblade', 'Google', 'Google Cloud CDN', 'Google Cloud DNS', 'Google Cloud Storage', 'Google Font API', 'Nuxt.js', 'UTF-8']"
healthierhomestead.com,Healthier Homestead - Links,,,42,8059,2026-09-12T20:01:02.479082018Z,"['Alternate Protocol', 'Amazon Widgets', 'Authorize.net', 'Cloudflare', 'Cloudflare Web Analytics', 'Content Delivery Network', 'Fireblade', 'Google', 'Google Cloud CDN', 'Google Cloud DNS', 'Google Cloud Storage', 'Google Font API', 'Homestead', 'Instagram Follow Button', 'Nuxt.js', 'UTF-8', 'uPortal']"
bbtherapyco.com,BlueBird Therapy & Wellness,,USA,77,18779,2026-09-12T20:01:02.457443161Z,"['Alternate Protocol', 'Authorize.net', 'Cloudflare', 'Cloudflare Web Analytics', 'Coming Soon Page', 'Content Delivery Network', 'Fireblade', 'Google', 'Google Cloud CDN', 'Google Cloud DNS', 'Google Cloud Storage', 'Google Font API', 'Investor Relations', 'Nuxt.js', 'UTF-8']"
comfortthewrightway.com,Home | Comfort The Wright Way Home Care,,USA,87,53799,2026-09-12T20:01:02.442526399Z,"['AWS WAF Challenge', 'Alternate Protocol', 'Amazon WAF Blocked', 'Authorize.net', 'Cloudflare', 'Cloudflare CDN', 'Cloudflare Web Analytics', 'Content Delivery Network', 'Cornerstone', 'Fireblade', 'Google', 'Google Cloud CDN', 'Google Cloud DNS', 'Google Cloud Storage', 'Google Font API', 'Instagram Follow Button', 'KVH', 'Nuxt.js', 'QUIC', 'Tailwind CSS', 'UTF-8', 'Way']"
jcestradalandscaping.com,Transform Your Outdoor Space into a Paradise,,USA,87,19280,2026-09-12T20:01:02.440869843Z,"['Alternate Protocol', 'Authorize.net', 'Cloudflare', 'Cloudflare Web Analytics', 'Content Delivery Network', 'Fireblade', 'Google', 'Google Cloud CDN', 'Google Cloud DNS', 'Google Cloud Storage', 'Google Font API', 'Google My Business', 'Instagram Follow Button', 'Nuxt.js', 'Subversion', 'UTF-8', 'Vimeo', 'Vimeo CDN']"
goldrei.com,GOLD REI,,,72,33700,2026-09-12T20:01:02.438328064Z,"['Alternate Protocol', 'Amazon S3 CDN', 'Authorize.net', 'Bunny Fonts', 'Cloudflare', 'Cloudflare Web Analytics', 'Content Delivery Network', 'Fireblade', 'Google', 'Google Cloud CDN', 'Google Cloud DNS', 'Google Cloud Storage', 'Google My Business', 'Nuxt.js', 'Parcel', 'Prospective', 'QUIC', 'RM Education', 'Storyblocks', 'UTF-8', 'shadcn ui']"
almhouses.co.uk,ALM'HOUSES,,GBR,82,51240,2026-09-12T19:50:24.848517427Z,"['AWS WAF Challenge', 'Alternate Protocol', 'Amazon WAF Blocked', 'Authorize.net', 'Cloudflare', 'Cloudflare CDN', 'Cloudflare Web Analytics', 'Content Delivery Network', 'DC74', 'Fireblade', 'Google', 'Google Cloud CDN', 'Google Cloud DNS', 'Google Cloud Storage', 'Google Font API', 'Instagram Follow Button', 'Nuxt.js', 'Phew', 'Tailwind CSS', 'UTF-8']"
kristinstauffernotary.com,Kristin Stauffer,,USA,82,18740,2026-09-12T19:50:24.845013059Z,"['Alternate Protocol', 'Authorize.net', 'Cloudflare', 'Cloudflare Web Analytics', 'Content Delivery Network', 'Fireblade', 'Google', 'Google Cloud CDN', 'Google Cloud DNS', 'Google Cloud Storage', 'Google Font API', 'Instagram Follow Button', 'Nuxt.js', 'UTF-8']"
gohaulllc.com,"Trailer Rental in Houston, TX | Go Haul LLC",Go Haul LLC,USA,82,22424,2026-09-12T19:50:24.842884142Z,"['Alternate Protocol', 'Authorize.net', 'Cloudflare', 'Cloudflare Web Analytics', 'Content Delivery Network', 'Fireblade', 'Google', 'Google Cloud CDN', 'Google Cloud DNS', 'Google Cloud Storage', 'Google Font API', 'Gravity', 'HighLevel', 'Microdata for Google Shopping', 'Nuxt.js', 'QUIC', 'SiteW', 'UTF-8']"
ketodelishclub.com,Keto Delish Club,,,72,53883,2026-09-12T19:50:24.808789795Z,"['501c3 Status Nonprofit', 'AWS WAF Challenge', 'Alternate Protocol', 'Amazon WAF Blocked', 'Authorize.net', 'Cloudflare', 'Cloudflare CDN', 'Cloudflare Web Analytics', 'Content Delivery Network', 'Cornerstone', 'DAV', 'Fireblade', 'Google', 'Google Cloud CDN', 'Google Cloud DNS', 'Google Cloud Storage', 'Google Font API', 'Google My Business', 'Instagram Follow Button', 'KVH', 'Nuxt.js', 'Pixabay', 'QUIC', 'Tailwind CSS', 'UTF-8', 'University or College', 'Unsplash', 'YouTube']"
limitlessbusinessonline.com,Limitless Business Online,Limitless Business Online,,72,33863,2026-09-12T19:50:24.779117037Z,"['AWIN', 'AWS WAF Challenge', 'Alternate Protocol', 'Amazon WAF Blocked', 'Authorize.net', 'Cloudflare', 'Cloudflare CDN', 'Cloudflare Web Analytics', 'Coming Soon Page', 'Content Delivery Network', 'Facebook Conversion Tracking', 'Facebook Pixel', 'Facebook Reseller', 'Facebook Tag API', 'Fireblade', 'Google', 'Google Analytics', 'Google Cloud CDN', 'Google Cloud DNS', 'Google Cloud Storage', 'Google Font API', 'Google Tag Manager', 'Instagram Follow Button', 'Microdata for Google Shopping', 'Nuxt.js', 'QUIC', 'ShareThis', 'Tailwind CSS', 'UTF-8', 'Unsplash', 'YouTube']"
thewrightinsuranceagency.com,"The Wright Insurance Agency: Right Coverage, Right Price",,USA,77,18824,2026-09-12T19:37:18.264556555Z,"['Alternate Protocol', 'Authorize.net', 'Better Lead Generation Services', 'Cloudflare', 'Cloudflare Web Analytics', 'Content Delivery Network', 'Fireblade', 'Google', 'Google Cloud CDN', 'Google Cloud DNS', 'Google Cloud Storage', 'Google Font API', 'Google My Business', 'Nuxt.js', 'Pixabay', 'QUIC', 'UTF-8', 'Unsplash']"
sheeo.systems,SheEO Systems,,,62,3740,2026-09-12T19:37:18.24062245Z,"['Alternate Protocol', 'AnyChat', 'Authorize.net', 'Cloudflare', 'Cloudflare Web Analytics', 'Content Delivery Network', 'Google', 'Google Cloud CDN', 'Google Cloud DNS', 'Google Cloud Storage', 'Google Font API', 'Nuxt.js', 'Thank You', 'UTF-8']"
visionsetters.com,"Podcast & Content Production for Authors, Coaches and Speakers | Visionsetters",,USA,67,103779,2026-09-12T19:37:18.235008973Z,"['AWS WAF Challenge', 'Alternate Protocol', 'Authorize.net', 'Cloudflare', 'Cloudflare Web Analytics', 'Coming Soon Page', 'Content Delivery Network', 'Facebook Conversion Tracking', 'Facebook Pixel', 'Facebook Reseller', 'Facebook Tag API', 'Fireblade', 'Free Call', 'Google', 'Google Cloud CDN', 'Google Cloud DNS', 'Google Cloud Storage', 'Google Font API', 'Instagram Follow Button', 'KVH', 'Nuxt.js', 'SMC', 'UTF-8', 'YouTube']"
thefunnelfusion.com,It's time to take your Business to the Next Level,,IND,80,23779,2026-09-12T19:37:18.234630934Z,"['Alternate Protocol', 'Apture Linking Platform', 'Authorize.net', 'Better Lead Generation Services', 'Bunny Fonts', 'Cloudflare', 'Cloudflare Web Analytics', 'Content Delivery Network', 'DC74', 'Facebook Conversion Tracking', 'Facebook Pixel', 'Facebook Reseller', 'Facebook Tag API', 'Fireblade', 'Google', 'Google Analytics', 'Google Cloud CDN', 'Google Cloud DNS', 'Google Cloud Storage', 'Google Font API', 'Google Tag Manager', 'Instagram Follow Button', 'Nationwide Mortgage Licensing System and Registry', 'Ntent', 'Nuxt.js', 'OnlineWebFonts', 'QUIC', 'UTF-8', 'YouTube', 'shadcn ui']"
empyrealservice.com,"Solar Panel Cleaning in Phoenix, AZ | Empyreal Services",,USA,82,33740,2026-09-12T19:37:18.232575276Z,"['AWS WAF Challenge', 'Alternate Protocol', 'Amazon WAF Blocked', 'Authorize.net', 'Cloudflare', 'Cloudflare CDN', 'Cloudflare Web Analytics', 'Content Delivery Network', 'Fireblade', 'Google', 'Google Cloud CDN', 'Google Cloud DNS', 'Google Cloud Storage', 'Google Font API', 'Google My Business', 'Instagram Follow Button', 'Microdata for Google Shopping', 'Nuxt.js', 'Tailwind CSS', 'UTF-8', 'YouTube', 'shadcn ui']"
landacquisitions.homes,Sell Your House Quick,,USA,72,3740,2026-09-12T19:26:41.736093809Z,"['Alternate Protocol', 'Authorize.net', 'Cloudflare', 'Cloudflare Web Analytics', 'Content Delivery Network', 'Google', 'Google Cloud CDN', 'Google Cloud DNS', 'Google Cloud Storage', 'Google Font API', 'Nuxt.js', 'QUIC', 'Thank You', 'UTF-8']"
crystalcoworks.com,Crystal Coworks,,USA,82,33824,2026-09-12T19:26:41.719083308Z,"['AWS WAF Challenge', 'Alternate Protocol', 'Amazon WAF Blocked', 'Authorize.net', 'Cloudflare', 'Cloudflare CDN', 'Cloudflare Web Analytics', 'Content Delivery Network', 'Fireblade', 'Google', 'Google Cloud CDN', 'Google Cloud DNS', 'Google Cloud Storage', 'Google Font API', 'Instagram Follow Button', 'Nuxt.js', 'Tailwind CSS', 'Thank You', 'UTF-8', 'Unsplash', 'YouTube']"
rivercityremodel.com,Bathroom Remodeling Greenville SC - River City Remodel,"River City Remodel of Greenville, SC",USA,82,3740,2026-09-12T19:26:41.705606953Z,"['Alternate Protocol', 'Authorize.net', 'Cloudflare', 'Cloudflare Web Analytics', 'Content Delivery Network', 'Google', 'Google Analytics', 'Google Cloud CDN', 'Google Cloud DNS', 'Google Cloud Storage', 'Google Font API', 'Google My Business', 'Google Tag Manager', 'Instagram Follow Button', 'Microdata for Google Shopping', 'Nuxt.js', 'UTF-8']"
journeyinexcellence.com,Journey In Excellence | Mike Oster,Journey In Excellence,GBR,75,34328,2026-09-12T19:26:41.701447896Z,"['AWS WAF Challenge', 'Alternate Protocol', 'Amazon WAF Blocked', 'Authorize.net', 'Bookform', 'Cloudflare', 'Cloudflare CDN', 'Cloudflare Web Analytics', 'Content Delivery Network', 'Fireblade', 'Google', 'Google Cloud CDN', 'Google Cloud DNS', 'Google Cloud Storage', 'Google Font API', 'Instagram Follow Button', 'Microdata for Google Shopping', 'Nuxt.js', 'Sitelinks Search Box', 'Tailwind CSS', 'UTF-8', 'YouTube', 'shadcn ui']"
twfg.info,[Keyword/Service] in [Main City] | Support@twfg.com,,,70,41340,2026-09-12T19:26:41.676324802Z,"['AWS WAF Challenge', 'Alternate Protocol', 'Amazon WAF Blocked', 'Authorize.net', 'Cloudflare', 'Cloudflare CDN', 'Cloudflare Web Analytics', 'Content Delivery Network', 'DAV', 'Fireblade', 'Google', 'Google Cloud CDN', 'Google Cloud DNS', 'Google Cloud Storage', 'Google Font API', 'Nuxt.js', 'QUIC', 'RM Education', 'Tailwind CSS', 'UTF-8', 'University or College']"
bespokenutritionandhealthcoaching.com,Transform Your Health with Courtney – Personalized Nutrition Coaching,,,77,78740,2026-09-12T19:11:44.113976858Z,"['AWS WAF Challenge', 'Alternate Protocol', 'Amazon WAF Blocked', 'Authorize.net', 'Bunny Fonts', 'Cloudflare', 'Cloudflare CDN', 'Cloudflare Web Analytics', 'Content Delivery Network', 'DAV', 'Fireblade', 'Free Call', 'Google', 'Google Cloud CDN', 'Google Cloud DNS', 'Google Cloud Storage', 'Google Font API', 'Instagram Follow Button', 'K2F', 'KVH', 'Ntent', 'Nuxt.js', 'Tailwind CSS', 'Thank You', 'UTF-8']"
lifesmomentstoday.com,Home | Life's Moments,,,60,8161,2026-09-12T19:11:44.111066794Z,"['Alternate Protocol', 'Authorize.net', 'Cloudflare', 'Cloudflare Web Analytics', 'Content Delivery Network', 'Express', 'Fireblade', 'Google', 'Google Cloud CDN', 'Google Cloud DNS', 'Google Cloud Storage', 'Google Font API', 'No-Q', 'Nuxt.js', 'UTF-8']"
synastryfxsignals.com,Synastry fx Signals,,,65,76240,2026-09-12T19:11:44.109910403Z,"['AWS WAF Challenge', 'Alternate Protocol', 'Amazon WAF Blocked', 'Authorize.net', 'Cloudflare', 'Cloudflare CDN', 'Cloudflare Web Analytics', 'Content Delivery Network', 'Gambling Content', 'Google', 'Google Cloud CDN', 'Google Cloud DNS', 'Google Cloud Storage', 'Google Font API', 'Nuxt.js', 'Signals', 'Tailwind CSS', 'UTF-8']"
afggrant4.com,Grant Sign Up ®,,USA,72,21140,2026-09-12T19:11:44.108695583Z,"['Alternate Protocol', 'Amazon', 'Authorize.net', 'ByteDance', 'Cloudflare', 'Cloudflare Web Analytics', 'Content Delivery Network', 'Facebook Conversion Tracking', 'Facebook Pixel', 'Facebook Reseller', 'Facebook Tag API', 'Fireblade', 'Google', 'Google Analytics', 'Google Cloud CDN', 'Google Cloud DNS', 'Google Cloud Storage', 'Google Conversion Tracking', 'Google Font API', 'Google Tag Manager', 'InitiativeS', 'Nuxt.js', 'Outbrain Direct', 'UTF-8']"
valuehitchrentals.com,Value Hitch Trailer Rentals LLC,,,77,22304,2026-09-12T19:11:44.1041048Z,"['Alternate Protocol', 'Authorize.net', 'Bunny Fonts', 'Cloudflare', 'Cloudflare Web Analytics', 'Content Delivery Network', 'Fireblade', 'Google', 'Google Cloud CDN', 'Google Cloud DNS', 'Google Cloud Storage', 'HighLevel', 'Nuxt.js', 'UTF-8']"
baruchentertainment.com,Baruch Entertainment,,GBR,82,18740,2026-09-12T19:11:44.100593351Z,"['Alternate Protocol', 'Authorize.net', 'Cloudflare', 'Cloudflare Web Analytics', 'Content Delivery Network', 'Fireblade', 'Google', 'Google Cloud CDN', 'Google Cloud DNS', 'Google Cloud Storage', 'Google Font API', 'Google My Business', 'Instagram Follow Button', 'Nuxt.js', 'UTF-8', 'YouTube']"
erie1stgrade.com,Erie 1st Grade,,,37,7963,2026-09-12T19:11:44.095101039Z,"['Alternate Protocol', 'Authorize.net', 'Cloudflare', 'Cloudflare Web Analytics', 'Content Delivery Network', 'DAV', 'Fireblade', 'Google', 'Google Cloud CDN', 'Google Cloud DNS', 'Google Cloud Storage', 'Google Font API', 'Nuxt.js', 'UTF-8', 'shadcn ui']"
heroesfitness.co,Heroes Fitness,,,72,33740,2026-09-12T19:02:09.33557608Z,"['AWS WAF Challenge', 'Alternate Protocol', 'Authorize.net', 'Cloudflare', 'Cloudflare Web Analytics', 'Content Delivery Network', 'Fireblade', 'Google', 'Google Cloud CDN', 'Google Cloud DNS', 'Google Cloud Storage', 'Google Font API', 'Google My Business', 'Nuxt.js', 'QUIC', 'UTF-8']"
rvaroofs.com,Home,,USA,82,18740,2026-09-12T19:02:09.333486924Z,"['Alternate Protocol', 'Authorize.net', 'CDN JS', 'Cloudflare', 'Cloudflare CDN', 'Cloudflare Web Analytics', 'Content Delivery Network', 'Fireblade', 'Google', 'Google Analytics', 'Google Cloud CDN', 'Google Cloud DNS', 'Google Cloud Storage', 'Google Font API', 'Google My Business', 'Google Tag Manager', 'Instagram Follow Button', 'Investor Relations', 'Nuxt.js', 'QUIC', 'Subversion', 'Twitter Ads', 'UTF-8', 'YouTube', 'jsDelivr']"
rylansmortgageteam.com,Loans With Rylan Barney,,,67,24704,2026-09-12T19:02:09.300304794Z,"['Alternate Protocol', 'Amazon', 'Amazon CloudFront', 'Authorize.net', 'CloudFront', 'Cloudflare', 'Cloudflare Web Analytics', 'Content Delivery Network', 'Fireblade', 'Google', 'Google Cloud CDN', 'Google Cloud DNS', 'Google Cloud Storage', 'Google Font API', 'HighLevel', 'Nationwide Mortgage Licensing System and Registry', 'Nuxt.js', 'UTF-8', 'YouTube']"
pixelsystems.io,See Pixel Systems CRM in Action | Watch the Demo & Scale Smarter,,,77,38740,2026-09-12T19:02:09.29876747Z,"['Alternate Protocol', 'Apture Linking Platform', 'Authorize.net', 'Cloudflare', 'Cloudflare Web Analytics', 'Content Delivery Network', 'Fireblade', 'Google', 'Google Cloud CDN', 'Google Cloud DNS', 'Google Cloud Storage', 'Google Font API', 'Google My Business', 'HMDG', 'Instagram Follow Button', 'Nuxt.js', 'QUIC', 'UTF-8', 'shadcn ui']"
admin4you-uk.co.uk,Bookkeeping4You UK | Bookkeeping & Accountancy for Small Businesses,Bookkeeping4You UK,GBR,82,21140,2026-09-12T19:02:09.288452035Z,"['Alternate Protocol', 'Amazon', 'Authorize.net', 'Bunny Fonts', 'Cloudflare', 'Cloudflare Web Analytics', 'Content Delivery Network', 'Fireblade', 'GZIP Module', 'Google', 'Google Analytics', 'Google Cloud CDN', 'Google Cloud DNS', 'Google Cloud Storage', 'Google Tag Manager', 'Microdata for Google Shopping', 'Nuxt.js', 'QUIC', 'Thank You', 'UTF-8', 'shadcn ui']"
carolinewollsen.com,Caroline Wollsen | Jag coachar kvinnor till ekonomisk frihet,,SWE,77,18740,2026-09-12T18:50:08.604750062Z,"['Alternate Protocol', 'Authorize.net', 'Cloudflare', 'Cloudflare Web Analytics', 'Content Delivery Network', 'Facebook Conversion Tracking', 'Facebook Pixel', 'Facebook Reseller', 'Facebook Tag API', 'Fireblade', 'Google', 'Google Cloud CDN', 'Google Cloud DNS', 'Google Cloud Storage', 'Google Font API', 'Instagram Follow Button', 'Nuxt.js', 'UTF-8']"
delaneyhps.com,Delaney Health Plan Solutions,,,55,8161,2026-09-12T18:50:08.596787137Z,"['Alternate Protocol', 'Authorize.net', 'Cloudflare', 'Cloudflare Web Analytics', 'Content Delivery Network', 'Fireblade', 'Google', 'Google Cloud CDN', 'Google Cloud DNS', 'Google Cloud Storage', 'Google Font API', 'No-Q', 'Nuxt.js', 'UTF-8', 'shadcn ui']"
orlandosinsurance.com,Orlando's Insurance,,,65,33740,2026-09-12T18:50:08.594762961Z,"['AWS WAF Challenge', 'Alternate Protocol', 'Authorize.net', 'Cloudflare', 'Cloudflare Web Analytics', 'Content Delivery Network', 'Fireblade', 'Google', 'Google Cloud CDN', 'Google Cloud DNS', 'Google Cloud Storage', 'Google Font API', 'Nuxt.js', 'Subversion', 'UTF-8']"
fsfeedback.com,FullStack CRM: Boost Your Utah Business Efficiency,,,77,19070,2026-09-12T18:50:08.585071983Z,"['Alternate Protocol', 'Authorize.net', 'Cloudflare', 'Cloudflare Web Analytics', 'Content Delivery Network', 'Fireblade', 'Google', 'Google Cloud CDN', 'Google Cloud DNS', 'Google Cloud Storage', 'Google Font API', 'No-Q', 'Nuxt.js', 'Subversion', 'Thank You', 'UTF-8']"
offrisecross.com,RiseCross - Marketing for Trades & Contractors,,,72,22304,2026-09-12T18:50:08.584507974Z,"['Alternate Protocol', 'Authorize.net', 'Bunny Fonts', 'Cloudflare', 'Cloudflare Web Analytics', 'Content Delivery Network', 'DAV', 'Facebook Conversion Tracking', 'Facebook Pixel', 'Facebook Reseller', 'Facebook Tag API', 'Fireblade', 'Google', 'Google Cloud CDN', 'Google Cloud DNS', 'Google Cloud Storage', 'HighLevel', 'Instagram Follow Button', 'Nuxt.js', 'OSS CDN', 'UTF-8', 'shadcn ui']"
follacapital.com,Folla Capital,,USA,82,22304,2026-09-12T18:50:08.581125383Z,"['Alternate Protocol', 'Authorize.net', 'Cloudflare', 'Cloudflare Web Analytics', 'Content Delivery Network', 'Financial Industry Regulatory Authority', 'Fireblade', 'Google', 'Google Analytics', 'Google Cloud CDN', 'Google Cloud DNS', 'Google Cloud Storage', 'Google Font API', 'Google Tag Manager', 'HighLevel', 'Nuxt.js', 'UTF-8', 'YouTube']"
zactavenner.com,High Performance Ads,,GBR,72,19100,2026-09-12T18:50:08.576769637Z,"['Alternate Protocol', 'Authorize.net', 'Better Lead Generation Services', 'ByteDance', 'Cloudflare', 'Cloudflare Web Analytics', 'Content Delivery Network', 'Digital Ocean Spaces', 'Facebook Conversion Tracking', 'Facebook Pixel', 'Facebook Reseller', 'Facebook Tag API', 'Fireblade', 'Google', 'Google Analytics', 'Google Cloud CDN', 'Google Cloud DNS', 'Google Cloud Storage', 'Google Font API', 'Google Tag Manager', 'Instagram Follow Button', 'Nuxt.js', 'QUIC', 'UTF-8', 'YouTube', 'shadcn ui']"
mathsbyjames.com,Maths by James,,,62,33740,2026-09-12T18:50:08.56727844Z,"['AWS WAF Challenge', 'Alternate Protocol', 'Amazon WAF Blocked', 'Authorize.net', 'Cloudflare', 'Cloudflare CDN', 'Cloudflare Web Analytics', 'Content Delivery Network', 'Facebook Conversion Tracking', 'Facebook Pixel', 'Facebook Reseller', 'Facebook Tag API', 'Fireblade', 'Google', 'Google Cloud CDN', 'Google Cloud DNS', 'Google Cloud Storage', 'Google Font API', 'Instagram Follow Button', 'Nuxt.js', 'QUIC', 'Tailwind CSS', 'Thank You', 'UTF-8', 'YouTube', 'shadcn ui']"
jgstoneandtile.com,Fairfield County Tile Installation Experts | JG Stone & Tile,,EGY,72,18740,2026-09-12T18:38:10.005410753Z,"['Alternate Protocol', 'Authorize.net', 'Bunny Fonts', 'Cloudflare', 'Cloudflare Web Analytics', 'Content Delivery Network', 'Fireblade', 'Google', 'Google Analytics', 'Google Cloud CDN', 'Google Cloud DNS', 'Google Cloud Storage', 'Google My Business', 'Google Tag Manager', 'Instagram Follow Button', 'Nuxt.js', 'UTF-8']"
jenmartodam.com,Jen Martodam,,,67,33740,2026-09-12T18:38:09.98503721Z,"['AWS WAF Challenge', 'Alternate Protocol', 'Amazon WAF Blocked', 'Authorize.net', 'Bunny Fonts', 'Cloudflare', 'Cloudflare CDN', 'Cloudflare Web Analytics', 'Content Delivery Network', 'Fireblade', 'Google', 'Google Cloud CDN', 'Google Cloud DNS', 'Google Cloud Storage', 'Google Font API', 'Nuxt.js', 'Subversion', 'Tailwind CSS', 'UTF-8']"
fellowcitizens.co,The Fellow Citizens Mobile App,,USA,80,18740,2026-09-12T18:38:09.98325802Z,"['Alternate Protocol', 'Authorize.net', 'CDN JS', 'Cloudflare', 'Cloudflare CDN', 'Cloudflare Web Analytics', 'Content Delivery Network', 'ElementUI', 'Fireblade', 'Google', 'Google Cloud CDN', 'Google Cloud DNS', 'Google Cloud Storage', 'Google Font API', 'Instagram Follow Button', 'Nuxt.js', 'UTF-8', 'University or College', 'YouTube', 'shadcn ui']"
sonshineessentials.com,Sonshine Essentials,,GBR,72,18779,2026-09-12T18:38:09.982307077Z,"['Alternate Protocol', 'Authorize.net', 'Cloudflare', 'Cloudflare Web Analytics', 'Coming Soon Page', 'Content Delivery Network', 'Fireblade', 'Google', 'Google Cloud CDN', 'Google Cloud DNS', 'Google Cloud Storage', 'Google Font API', 'Google My Business', 'Nuxt.js', 'Pixabay', 'UTF-8']"
sidegigbootcamp.com,The Side Gig Boot Camp,,,67,58504,2026-09-12T18:38:09.977898565Z,"['AWS WAF Challenge', 'Alternate Protocol', 'Amazon WAF Blocked', 'Authorize.net', 'ByteDance', 'Camp', 'Cloudflare', 'Cloudflare CDN', 'Cloudflare Web Analytics', 'Content Delivery Network', 'Fireblade', 'Google', 'Google Cloud CDN', 'Google Cloud DNS', 'Google Cloud Storage', 'Google Font API', 'HighLevel', 'KVH', 'Nuxt.js', 'Tailwind CSS', 'UTF-8', 'shadcn ui']"
carteblanchehtx.com,Carte Blanche HTX - Home,,USA,75,18740,2026-09-12T18:38:09.960594917Z,"['Alternate Protocol', 'Authorize.net', 'Cloudflare', 'Cloudflare Web Analytics', 'Content Delivery Network', 'Fireblade', 'Google', 'Google Cloud CDN', 'Google Cloud DNS', 'Google Cloud Storage', 'Google Font API', 'Google My Business', 'Instagram Follow Button', 'Nuxt.js', 'UTF-8']"
goallinplaybook.com,"Legacy, Impact, Lifestyle",,,72,22304,2026-09-12T18:38:09.954063978Z,"['Alternate Protocol', 'Authorize.net', 'Cloudflare', 'Cloudflare Web Analytics', 'Content Delivery Network', 'Fireblade', 'Google', 'Google Cloud CDN', 'Google Cloud DNS', 'Google Cloud Storage', 'Google Font API', 'Google My Business', 'HighLevel', 'Nuxt.js', 'QUIC', 'UTF-8', 'shadcn ui']"
realmomentum.com,Real Momentum — Your 24/7 AI Sales Engine,,USA,77,19400,2026-09-12T18:24:26.555975123Z,"['Alternate Protocol', 'Authorize.net', 'Better Lead Generation Services', 'Calendly', 'Cloudflare', 'Cloudflare Web Analytics', 'Content Delivery Network', 'Fireblade', 'Google', 'Google Cloud CDN', 'Google Cloud DNS', 'Google Cloud Storage', 'Google Font API', 'IcoMoon', 'Instagram Follow Button', 'Nuxt.js', 'QUIC', 'Tailwind CSS', 'UTF-8', 'YouTube', 'jsDelivr']"
carlinelimo.com,Car Line Transportation Corp.,,USA,77,19070,2026-09-12T18:24:26.551998142Z,"['Alternate Protocol', 'App Store', 'Authorize.net', 'Cloudflare', 'Cloudflare Web Analytics', 'Content Delivery Network', 'Fireblade', 'Google', 'Google Cloud CDN', 'Google Cloud DNS', 'Google Cloud Storage', 'Google Font API', 'Google My Business', 'Google Play', 'No-Q', 'Nuxt.js', 'UTF-8', 'jsDelivr']"
alston-enterprise.com,www.alston-enterprise.com,,USA,77,33932,2026-09-12T18:24:26.546397104Z,"['AWS WAF Challenge', 'Alternate Protocol', 'Authorize.net', 'Calendly', 'Cloudflare', 'Cloudflare Web Analytics', 'Content Delivery Network', 'Fireblade', 'Google', 'Google Cloud CDN', 'Google Cloud DNS', 'Google Cloud Storage', 'Google Font API', 'Google My Business', 'Nuxt.js', 'UTF-8']"
kiwiautomotiveandtire.com,Kiwi Automotive & Tyres: Elevating Your Driving Experience,,NZL,77,33740,2026-09-12T18:24:26.538098862Z,"['AWS WAF Challenge', 'Alternate Protocol', 'Amazon WAF Blocked', 'Authorize.net', 'Better Lead Generation Services', 'Cloudflare', 'Cloudflare CDN', 'Cloudflare Web Analytics', 'Content Delivery Network', 'Fireblade', 'Google', 'Google Cloud CDN', 'Google Cloud DNS', 'Google Cloud Storage', 'Google Font API', 'Google My Business', 'InitiativeS', 'Nuxt.js', 'QUIC', 'Tailwind CSS', 'UTF-8']"
kazashome.com,Kazas Home | The Better Way to Sell Real Estate,,,67,18740,2026-09-12T18:13:26.11705084Z,"['Alternate Protocol', 'Authorize.net', 'Cloudflare', 'Cloudflare Web Analytics', 'Content Delivery Network', 'Facebook Conversion Tracking', 'Facebook Pixel', 'Facebook Reseller', 'Facebook Tag API', 'Fireblade', 'Google', 'Google Cloud CDN', 'Google Cloud DNS', 'Google Cloud Storage', 'Google Font API', 'Google Maps', 'Nuxt.js', 'QUIC', 'UTF-8']"
lwsnowsupply.com,Buy Snow Plows & Removal Packages for Small Business | LW Snow Supply,,,67,4070,2026-09-12T18:13:26.117352624Z,"['Alternate Protocol', 'Authorize.net', 'Better Lead Generation Services', 'Cloudflare', 'Cloudflare Web Analytics', 'Content Delivery Network', 'Express', 'Google', 'Google Cloud CDN', 'Google Cloud DNS', 'Google Cloud Storage', 'Google Font API', 'Google My Business', 'No-Q', 'Nuxt.js', 'QUIC', 'UTF-8', 'shadcn ui']"
scottpfleeger.com,Scott Pfleeger,,,62,18740,2026-09-12T18:13:26.116983249Z,"['Alternate Protocol', 'Authorize.net', 'Cloudflare', 'Cloudflare Web Analytics', 'Content Delivery Network', 'Fireblade', 'Google', 'Google Cloud CDN', 'Google Cloud DNS', 'Google Cloud Storage', 'Google Font API', 'Nuxt.js', 'QUIC', 'UTF-8', 'YouTube']"
caseyinvestment.com,"Casey Investments, LLC",,,60,8163,2026-09-12T18:13:26.10955032Z,"['AWS WAF Challenge', 'Alternate Protocol', 'Amazon WAF Blocked', 'Authorize.net', 'Cloudflare', 'Cloudflare CDN', 'Cloudflare Web Analytics', 'Coming Soon Page', 'Content Delivery Network', 'Fireblade', 'Google', 'Google Cloud CDN', 'Google Cloud DNS', 'Google Cloud Storage', 'Google Font API', 'Instagram Follow Button', 'Nuxt.js', 'Tailwind CSS', 'UTF-8', 'University or College']"
katytunbridgenow.com,"Katy Tunbridge Australian-born Artist, Singer, Songwriter, Musician & Producer",,USA,72,44928,2026-09-12T18:13:26.104906204Z,"['AWS WAF Challenge', 'Alternate Protocol', 'Amazon Widgets', 'Apture Linking Platform', 'Authorize.net', 'Cloudflare', 'Cloudflare Web Analytics', 'Content Delivery Network', 'Express', 'Fireblade', 'Google', 'Google Cloud CDN', 'Google Cloud DNS', 'Google Cloud Storage', 'Google Font API', 'Google My Business', 'Instagram Follow Button', 'Medium', 'Nuxt.js', 'Onyx Internet', 'QUIC', 'Show.co', 'UTF-8', 'YouTube', 'shadcn ui']"
griffinroofingandmore.com,Scrolling Menu Example,,GBR,70,19100,2026-09-12T18:13:26.104494173Z,"['Alternate Protocol', 'Authorize.net', 'Better Lead Generation Services', 'Cloudflare', 'Cloudflare Web Analytics', 'Content Delivery Network', 'Elfsight', 'Fireblade', 'Google', 'Google Cloud CDN', 'Google Cloud DNS', 'Google Cloud Storage', 'Google Font API', 'Google My Business', 'Nuxt.js', 'UTF-8']"
wilmeslawncare.com,Wilmes Lawn Care | Maryville Landscaping & Excavation,,USA,77,83740,2026-09-12T18:13:26.104322625Z,"['AWS WAF Challenge', 'Alternate Protocol', 'Amazon WAF Blocked', 'Authorize.net', 'Cloudflare', 'Cloudflare CDN', 'Cloudflare Web Analytics', 'Content Delivery Network', 'Financial Services Guide', 'Fireblade', 'Google', 'Google Cloud CDN', 'Google Cloud DNS', 'Google Cloud Storage', 'Google Font API', 'Google My Business', 'Nuxt.js', 'Perl', 'QUIC', 'SMC', 'Tailwind CSS', 'UTF-8', 'shadcn ui']"
agefulessencehub.org,Home,,USA,75,7328,2026-09-12T18:13:26.099437456Z,"['Alternate Protocol', 'Authorize.net', 'Bulma', 'CDN JS', 'Cloudflare', 'Cloudflare CDN', 'Cloudflare Web Analytics', 'Content Delivery Network', 'Google', 'Google Analytics', 'Google Cloud CDN', 'Google Cloud DNS', 'Google Cloud Storage', 'Google Font API', 'Google Tag Manager', 'Microsoft Clarity', 'Nuxt.js', 'Ringba', 'Tailwind CSS', 'UTF-8', 'jQuery']"
thecheerdoctor.com,"The Cheer Doctor | Physical Therapy and Strength Training | Westerville, OH | Maria Wisman",,,67,41240,2026-09-12T18:13:26.091830085Z,"['AWS WAF Challenge', 'Alternate Protocol', 'Authorize.net', 'Cloudflare', 'Cloudflare Web Analytics', 'Content Delivery Network', 'Doctor.com', 'Facebook Conversion Tracking', 'Facebook Pixel', 'Facebook Reseller', 'Facebook Tag API', 'Fireblade', 'Free Call', 'Google', 'Google Cloud CDN', 'Google Cloud DNS', 'Google Cloud Storage', 'Google Font API', 'Instagram Follow Button', 'Nuxt.js', 'PrivacyPolicies', 'QUIC', 'UTF-8', 'University or College', 'YouTube', 'shadcn ui']"
growlocalai.com,Grow Local Ai,,,72,18740,2026-09-12T18:13:26.091737256Z,"['Alternate Protocol', 'Authorize.net', 'Cloudflare', 'Cloudflare Web Analytics', 'Content Delivery Network', 'Express', 'Fireblade', 'Google', 'Google Cloud CDN', 'Google Cloud DNS', 'Google Cloud Storage', 'Google Font API', 'Nuxt.js', 'UTF-8']"
keiraoseroff.com,Keira Oseroff Lambert- Home,,USA,77,20720,2026-09-12T18:13:26.089016718Z,"['Alternate Protocol', 'Authorize.net', 'CDN JS', 'CDN77 Hosted', 'Cloudflare', 'Cloudflare CDN', 'Cloudflare Web Analytics', 'Content Delivery Network', 'Fireblade', 'Google', 'Google Cloud CDN', 'Google Cloud DNS', 'Google Cloud Storage', 'Google Font API', 'Instagram Follow Button', 'Nuxt.js', 'UTF-8', 'WordPress']"
concreterepairaroundmpls.com,Concrete Repair and Finishing Professional,,USA,82,20024,2026-09-12T18:13:26.088048178Z,"['Alternate Protocol', 'Authorize.net', 'Call to Visit', 'Cloudflare', 'Cloudflare Web Analytics', 'Content Delivery Network', 'Fireblade', 'Google', 'Google Cloud CDN', 'Google Cloud DNS', 'Google Cloud Storage', 'Google Font API', 'Nuxt.js', 'Subversion', 'UTF-8', 'Unsplash']"
purplepamperproducts.com,Home,,USA,75,18740,2026-09-12T18:13:26.085134328Z,"['Alternate Protocol', 'Authorize.net', 'Bunny Fonts', 'Cloudflare', 'Cloudflare Web Analytics', 'Content Delivery Network', 'DAV', 'Facebook Conversion Tracking', 'Facebook Pixel', 'Facebook Reseller', 'Facebook Tag API', 'Financial Services Guide', 'Fireblade', 'Google', 'Google Cloud CDN', 'Google Cloud DNS', 'Google Cloud Storage', 'Instagram Follow Button', 'Nuxt.js', 'QUIC', 'Share Link', 'UTF-8', 'YouTube']"
www-balmorex.com,Balmorex Pro® Cream [OFFICIAL] $49 | US Website,,GBR,77,27540,2026-09-12T18:13:26.081118759Z,"['Alternate Protocol', 'Authorize.net', 'Cloudflare', 'Cloudflare Web Analytics', 'Content Delivery Network', 'Ethy', 'Fireblade', 'Google', 'Google Analytics', 'Google Cloud CDN', 'Google Cloud DNS', 'Google Cloud Storage', 'Google Font API', 'Google Tag Manager', 'Nuxt.js', 'QUIC', 'RM Education', 'Thrive Direct', 'UTF-8']"
megaharvest.org,Home,,USA,65,8740,2026-09-12T18:03:14.086064768Z,"['Alternate Protocol', 'Authorize.net', 'Content Delivery Network', 'Financial Services Guide', 'GZIP Module', 'Google', 'Google Cloud CDN', 'Google Cloud DNS', 'Google Cloud Storage', 'Google Font API', 'Instagram Follow Button', 'Nuxt.js', 'PushPay', 'UTF-8', 'YouTube', 'shadcn ui']"
rocketyoursales.com,Business Money System Automated Business,,,67,70320,2026-09-12T18:03:14.081483166Z,"['AWS WAF Challenge', 'Alternate Protocol', 'Amazon WAF Blocked', 'Authorize.net', 'Bunny Fonts', 'Cloudflare', 'Cloudflare CDN', 'Cloudflare Web Analytics', 'Content Delivery Network', 'Google', 'Google Cloud CDN', 'Google Cloud DNS', 'Google Cloud Storage', 'Google Font API', 'Hotjar', 'Nuxt.js', 'QUIC', 'SMC', 'Tailwind CSS', 'UTF-8', 'Vimeo', 'Vimeo CDN']"
davidtuchinsky.com,Call With David,,,45,623,2026-09-12T18:03:14.078302454Z,"['Alternate Protocol', 'Authorize.net', 'Cloudflare', 'Cloudflare Web Analytics', 'Content Delivery Network', 'DAV', 'Google', 'Google Cloud CDN', 'Google Cloud DNS', 'Google Cloud Storage', 'Google Font API', 'Nuxt.js', 'Thank You', 'UTF-8', 'Zoom Video Conferencing']"
growbeyondgrief.com,Grow Beyond Grief Homepage,,FRA,72,33779,2026-09-12T18:03:14.054899575Z,"['AWS WAF Challenge', 'Alternate Protocol', 'Amazon WAF Blocked', 'Authorize.net', 'Cloudflare', 'Cloudflare CDN', 'Cloudflare Web Analytics', 'Coming Soon Page', 'Content Delivery Network', 'Fireblade', 'Google', 'Google Cloud CDN', 'Google Cloud DNS', 'Google Cloud Storage', 'Google Font API', 'Google My Business', 'Instagram Follow Button', 'Nuxt.js', 'Tailwind CSS', 'UTF-8', 'YouTube', 'shadcn ui']"
enidstreettavern.com,Enid Street Tavern Bermondsey | 10 Roating Craft Beer Taps,,,77,18740,2026-09-12T18:03:14.038902594Z,"['AWS WAF Challenge', 'Alternate Protocol', 'Amazon WAF Blocked', 'Authorize.net', 'CDN JS', 'Cloudflare', 'Cloudflare CDN', 'Cloudflare Web Analytics', 'Content Delivery Network', 'Google', 'Google Cloud CDN', 'Google Cloud DNS', 'Google Cloud Storage', 'Google Font API', 'Google My Business', 'Instagram Follow Button', 'Nuxt.js', 'Tailwind CSS', 'UTF-8']"
manhoodreset.com,The Manhood Reset,,,62,83740,2026-09-12T17:47:30.398821998Z,"['AWS WAF Challenge', 'Alternate Protocol', 'Authorize.net', 'Cloudflare', 'Cloudflare Web Analytics', 'Content Delivery Network', 'Fireblade', 'Google', 'Google Cloud CDN', 'Google Cloud DNS', 'Google Cloud Storage', 'Google Font API', 'Nuxt.js', 'QUIC', 'SMC', 'Say what', 'Thank You', 'UTF-8', 'shadcn ui']"
liljasbygg.se,Liljas Byggnads AB,,,57,8163,2026-09-12T17:47:30.39709819Z,"['AWS WAF Challenge', 'Alternate Protocol', 'Amazon WAF Blocked', 'Authorize.net', 'Cloudflare', 'Cloudflare CDN', 'Cloudflare Web Analytics', 'Content Delivery Network', 'Fireblade', 'Google', 'Google Cloud CDN', 'Google Cloud DNS', 'Google Cloud Storage', 'Google Font API', 'Instagram Follow Button', 'Nuxt.js', 'Subversion', 'Tailwind CSS', 'UTF-8']"
tooyoungtocreak.com,7-Day Natural Pain Relief Retreat Cooking and Yoga,,GBR,82,83740,2026-09-12T17:47:30.393256581Z,"['AWS WAF Challenge', 'Adult Content', 'Alternate Protocol', 'Amazon WAF Blocked', 'Authorize.net', 'Clockwork', 'Cloudflare', 'Cloudflare Web Analytics', 'Content Delivery Network', 'Fireblade', 'Google', 'Google Cloud CDN', 'Google Cloud DNS', 'Google Cloud Storage', 'Google Font API', 'Nuxt.js', 'QUIC', 'SMC', 'UTF-8', 'University or College', 'eLand', 'shadcn ui']"
businessenginex.com,It's Time To Take Your Business To The Next Level. Save Time And Money... Automate Your Business,,THA,87,77483,2026-09-12T17:47:30.393016188Z,"['Alternate Protocol', 'Apture Linking Platform', 'Authorize.net', 'Cloudflare', 'Cloudflare Web Analytics', 'Content Delivery Network', 'Fireblade', 'Gambling Content', 'Google', 'Google Cloud CDN', 'Google Cloud DNS', 'Google Cloud Storage', 'Google Font API', 'Marketing Pro', 'Ntent', 'Nuxt.js', 'OnlineWebFonts', 'QUIC', 'SMC', 'Sitejabber', 'SoTellUs', 'Tailwind CSS', 'Thank You', 'UTF-8', 'Vimeo', 'YouTube', 'shadcn ui']"
plumbedperfect.co,"Expert Plumbing Services | Plumbed Perfect - Rineyville, KY",,ZAF,87,83799,2026-09-12T17:47:30.383094756Z,"['AWS WAF Challenge', 'Alternate Protocol', 'Amazon WAF Blocked', 'Authorize.net', 'CDN JS', 'Cloudflare', 'Cloudflare CDN', 'Cloudflare Web Analytics', 'Content Delivery Network', 'Cornerstone', 'Fireblade', 'Google', 'Google Cloud CDN', 'Google Cloud DNS', 'Google Cloud Storage', 'Google Font API', 'Google My Business', 'Nuxt.js', 'QUIC', 'SMC', 'Tailwind CSS', 'UTF-8']"
korting-immobilien.ch,Korting Immobilien - Ihr Immobilienpartner,,,67,33824,2026-09-12T17:47:30.376510504Z,"['Alternate Protocol', 'Authorize.net', 'Bunny Fonts', 'Cloudflare', 'Cloudflare Web Analytics', 'Content Delivery Network', 'Fireblade', 'Google', 'Google Cloud CDN', 'Google Cloud DNS', 'Google Cloud Storage', 'Google Font API', 'Google My Business', 'Google Retail Product Discovery', 'Instagram Follow Button', 'Nuxt.js', 'UTF-8', 'Unsplash']"
craftsygalore.com,Craftsy Galore,,USA,72,33868,2026-09-12T17:47:30.373893622Z,"['AWS WAF Challenge', 'Alternate Protocol', 'Amazon WAF Blocked', 'Authorize.net', 'Cloudflare', 'Cloudflare CDN', 'Cloudflare Web Analytics', 'Coming Soon Page', 'Content Delivery Network', 'Craftsy', 'Express', 'Fireblade', 'Google', 'Google Cloud CDN', 'Google Cloud DNS', 'Google Cloud Storage', 'Google Font API', 'Instagram Follow Button', 'Nuxt.js', 'Tailwind CSS', 'UTF-8', 'YouTube']"
lmp-tech.com,LMP Technologies | Home Services Digital Marketing based in Arizona,,,77,39272,2026-09-12T17:47:30.369283134Z,"['AWS WAF Challenge', 'Alternate Protocol', 'Amazon WAF Blocked', 'Apture Linking Platform', 'Authorize.net', 'Cloudflare', 'Cloudflare CDN', 'Cloudflare Web Analytics', 'Content Delivery Network', 'Express', 'Fireblade', 'Freepik', 'Google', 'Google Cloud CDN', 'Google Cloud DNS', 'Google Cloud Storage', 'Google Font API', 'Google My Business', 'No-Q', 'Nuxt.js', 'Tailwind CSS', 'UTF-8', 'Unsplash', 'Vector Internet Services']"
frasermercantile.com,Fraser Mercantile | Data Analytics & Interactive Reporting Experts,,,77,36800,2026-09-12T17:47:30.368181704Z,"['AWS WAF Challenge', 'Alternate Protocol', 'Amazon', 'Amazon CloudFront', 'Amazon WAF Blocked', 'Authorize.net', 'CloudFront', 'Cloudflare', 'Cloudflare CDN', 'Cloudflare Web Analytics', 'Content Delivery Network', 'Fireblade', 'Google', 'Google Analytics', 'Google Cloud CDN', 'Google Cloud DNS', 'Google Cloud Storage', 'Google Font API', 'Google Tag Manager', 'Nuxt.js', 'Power BI', 'Tableau', 'Tailwind CSS', 'UTF-8']"
thelashingatlanta.com,The Lashing Atl,,,55,8502,2026-09-12T17:37:22.307788455Z,"['AWS WAF Challenge', 'Alternate Protocol', 'Amazon WAF Blocked', 'Angular', 'Authorize.net', 'CDN JS', 'Cloudflare', 'Cloudflare CDN', 'Cloudflare Web Analytics', 'Content Delivery Network', 'DAV', 'Fireblade', 'Font Awesome', 'Google', 'Google Analytics', 'Google Cloud CDN', 'Google Cloud DNS', 'Google Cloud Storage', 'Google Font API', 'Google My Business', 'Google Tag Manager', 'Nuxt.js', 'StackPath', 'Tailwind CSS', 'UTF-8', 'University or College', 'jsDelivr']"
linksalespro.com,Link Sales System Real Estate Sales Training,,USA,77,18740,2026-09-12T17:37:22.306861777Z,"['Alternate Protocol', 'Authorize.net', 'Cloudflare', 'Cloudflare Web Analytics', 'Content Delivery Network', 'Financial Industry Regulatory Authority', 'Fireblade', 'Google', 'Google Cloud CDN', 'Google Cloud DNS', 'Google Cloud Storage', 'Google Font API', 'Medium', 'Nuxt.js', 'QUIC', 'UTF-8', 'YouTube']"
globalsuccesscoaching.com,Home,,JPN,65,33740,2026-09-12T17:27:28.409370374Z,"['AWS WAF Challenge', 'Alternate Protocol', 'Amazon WAF Blocked', 'Authorize.net', 'Bunny Fonts', 'Cloudflare', 'Cloudflare CDN', 'Cloudflare Web Analytics', 'Content Delivery Network', 'Fireblade', 'Google', 'Google Cloud CDN', 'Google Cloud DNS', 'Google Cloud Storage', 'Google My Business', 'Instagram Follow Button', 'Nuxt.js', 'Subversion', 'Tailwind CSS', 'Thank You', 'UTF-8', 'University or College']"
bradsplumbingmontereycounty.com,Expert Plumbing Services in Monterey County | Brad's Plumbing,,AUS,92,33740,2026-09-12T17:27:28.404820601Z,"['AWS WAF Challenge', 'Alternate Protocol', 'Amazon WAF Blocked', 'Apture Linking Platform', 'Authorize.net', 'Cloudflare', 'Cloudflare CDN', 'Cloudflare Web Analytics', 'Content Delivery Network', 'Fireblade', 'Google', 'Google Cloud CDN', 'Google Cloud DNS', 'Google Cloud Storage', 'Google Font API', 'Google My Business', 'Microdata for Google Shopping', 'Nuxt.js', 'QUIC', 'Tailwind CSS', 'UTF-8']"
demrick.com,Demrick | Useful Links,,USA,77,33740,2026-09-12T17:27:28.363739406Z,"['AWS WAF Challenge', 'Alternate Protocol', 'Amazon WAF Blocked', 'Amazon Widgets', 'Apture Linking Platform', 'Authorize.net', 'CDN JS', 'Cloudflare', 'Cloudflare CDN', 'Cloudflare Web Analytics', 'Content Delivery Network', 'Fireblade', 'Google', 'Google Cloud CDN', 'Google Cloud DNS', 'Google Cloud Storage', 'Google Font API', 'Instagram Follow Button', 'Nuxt.js', 'Tailwind CSS', 'Thank You', 'Twitter Ads', 'UTF-8', 'YouTube']"
titanautomation.agency,TItan automation home page,,,70,83740,2026-09-12T17:27:28.355094075Z,"['AWS WAF Challenge', 'Alternate Protocol', 'Amazon WAF Blocked', 'Apture Linking Platform', 'Authorize.net', 'Better Lead Generation Services', 'Bunny Fonts', 'Cloudflare', 'Cloudflare CDN', 'Cloudflare Web Analytics', 'Content Delivery Network', 'DAV', 'Fireblade', 'Google', 'Google Cloud CDN', 'Google Cloud DNS', 'Google Cloud Storage', 'Google Font API', 'Ntent', 'Nuxt.js', 'SMC', 'Tailwind CSS', 'UTF-8']"
pelvicfloorexercise.org,Regain Pelvic Strength & Confidence in 12 Weeks,,GBR,87,33740,2026-09-12T17:27:28.35040969Z,"['AWS WAF Challenge', 'Alternate Protocol', 'Amazon WAF Blocked', 'Authorize.net', 'Cloudflare', 'Cloudflare CDN', 'Cloudflare Web Analytics', 'Content Delivery Network', 'Fireblade', 'Google', 'Google Analytics', 'Google Cloud CDN', 'Google Cloud DNS', 'Google Cloud Storage', 'Google Font API', 'Google Tag Manager', 'Instagram Follow Button', 'Nuxt.js', 'Perl', 'QUIC', 'Tailwind CSS', 'Thank You', 'UTF-8', 'YouTube', 'shadcn ui']"
leadestate.io,All in One Software System,,,67,18960,2026-09-12T17:27:28.350852486Z,"['Alternate Protocol', 'Authorize.net', 'Cloudflare', 'Cloudflare Web Analytics', 'Content Delivery Network', 'Fireblade', 'Google', 'Google Calendar', 'Google Cloud CDN', 'Google Cloud DNS', 'Google Cloud Storage', 'Google Font API', 'Google My Business', 'Ntent', 'Nuxt.js', 'QUIC', 'Thank You', 'UTF-8', 'Zoom Video Conferencing']"
restocliqpro.com,"RestoCliq - AI Ads, Reviews, Messaging & Payments For Local Business",,,77,68740,2026-09-12T17:27:28.347497083Z,"['Alternate Protocol', 'Apture Linking Platform', 'Authorize.net', 'Better Lead Generation Services', 'Cloudflare', 'Cloudflare Web Analytics', 'Content Delivery Network', 'Fireblade', 'Google', 'Google Cloud CDN', 'Google Cloud DNS', 'Google Cloud Storage', 'Google Font API', 'Ntent', 'Nuxt.js', 'QUIC', 'SMC', 'Thank You', 'UTF-8']"
bestratesgta.ca,Trillium Mortgage | Ontario's Choice For Private Mortgages Since 1989,Trillium Mortgage,USA,92,33923,2026-09-12T17:14:13.455652197Z,"['AWS WAF Challenge', 'Alternate Protocol', 'Authorize.net', 'Cloudflare', 'Cloudflare Web Analytics', 'Content Delivery Network', 'DAV', 'Fireblade', 'Font Awesome', 'Google', 'Google Cloud CDN', 'Google Cloud DNS', 'Google Cloud Storage', 'Google Font API', 'InitiativeS', 'Instagram Follow Button', 'Microdata for Google Shopping', 'Nuxt.js', 'QUIC', 'UTF-8', 'Unsplash', 'WordPress', 'YouTube']"
laikoauto.com,LAIKO,,USA,82,33740,2026-09-12T17:06:07.532876848Z,"['AWS WAF Challenge', 'Alternate Protocol', 'Amazon WAF Blocked', 'Authorize.net', 'Cloudflare', 'Cloudflare CDN', 'Cloudflare Web Analytics', 'Content Delivery Network', 'Fireblade', 'Google', 'Google Cloud CDN', 'Google Cloud DNS', 'Google Cloud Storage', 'Google Font API', 'Nuxt.js', 'Tailwind CSS', 'UTF-8', 'shadcn ui']"
moclocallift.com,Local Lift Med Spa,,,62,4364,2026-09-12T17:06:07.53156206Z,"['Alternate Protocol', 'Authorize.net', 'Cloudflare', 'Cloudflare Web Analytics', 'Content Delivery Network', 'Google', 'Google Cloud CDN', 'Google Cloud DNS', 'Google Cloud Storage', 'Google Font API', 'Nuxt.js', 'QUIC', 'Thank You', 'UTF-8', 'Unsplash', 'Vimeo', 'Vimeo CDN']"
oracle-funding.com,Oracle Capital,,,62,36224,2026-09-12T16:51:31.17429966Z,"['AWS WAF Challenge', 'Alternate Protocol', 'Authorize.net', 'Better Lead Generation Services', 'Cloudflare', 'Cloudflare Web Analytics', 'Content Delivery Network', 'Fireblade', 'Google', 'Google Cloud CDN', 'Google Cloud DNS', 'Google Cloud Storage', 'Google Font API', 'Nuxt.js', 'Oracle Cloud', 'UTF-8', 'Unsplash']"
zchampionkarateschool.com.ng,Z Champion Karate School,,NGA,87,37324,2026-09-12T16:51:31.17308531Z,"['AWS WAF Challenge', 'Alternate Protocol', 'Amazon WAF Blocked', 'Authorize.net', 'Cloudflare', 'Cloudflare CDN', 'Cloudflare Web Analytics', 'Content Delivery Network', 'DAV', 'Facebook Conversion Tracking', 'Facebook Pixel', 'Facebook Reseller', 'Facebook Tag API', 'Fireblade', 'Google', 'Google Analytics', 'Google Cloud CDN', 'Google Cloud DNS', 'Google Cloud Storage', 'Google Font API', 'Google My Business', 'Google Tag Manager', 'HighLevel', 'Nuxt.js', 'Postimage.org', 'QUIC', 'Tailwind CSS', 'UTF-8']"
weightlosslakeland.com,FREE Weight Loss and Contouring Consultation New Patient Offer,,,77,3740,2026-09-12T16:51:31.172947112Z,"['Alternate Protocol', 'Authorize.net', 'Cloudflare', 'Cloudflare Web Analytics', 'Content Delivery Network', 'Google', 'Google Cloud CDN', 'Google Cloud DNS', 'Google Cloud Storage', 'Google Font API', 'Nuxt.js', 'QUIC', 'UTF-8', 'eLand']"
blbautopilot.com,BLB Autopilot,,,72,69720,2026-09-12T16:51:31.168659871Z,"['Alternate Protocol', 'Aruba', 'Authorize.net', 'Better Lead Generation Services', 'Cloudflare', 'Cloudflare Web Analytics', 'Content Delivery Network', 'DAV', 'Fireblade', 'Google', 'Google Cloud CDN', 'Google Cloud DNS', 'Google Cloud Storage', 'Google Font API', 'Nuxt.js', 'Perl', 'QUIC', 'SMC', 'Tailwind CSS', 'UTF-8', 'Vercel', 'Vimeo', 'Vimeo CDN', 'eLand']"
linkvivid.com,linkvivid,,DEU,72,39270,2026-09-12T16:41:44.468577823Z,"['Alternate Protocol', 'Authorize.net', 'Cloudflare', 'Cloudflare Web Analytics', 'Content Delivery Network', 'Fireblade', 'GTranslate', 'Google', 'Google Cloud CDN', 'Google Cloud DNS', 'Google Cloud Storage', 'Google Font API', 'KVH', 'No-Q', 'Ntent', 'Nuxt.js', 'QUIC', 'UTF-8', 'shadcn ui']"
hometaxcare.org,Home Tax Care - Welcome,,,55,8271,2026-09-12T16:41:44.465508998Z,"['AWS WAF Challenge', 'Alternate Protocol', 'Amazon WAF Blocked', 'Authorize.net', 'Cloudflare', 'Cloudflare CDN', 'Cloudflare Web Analytics', 'Content Delivery Network', 'Fireblade', 'Google', 'Google Cloud CDN', 'Google Cloud DNS', 'Google Cloud Storage', 'Google Font API', 'Investor Relations', 'Nuxt.js', 'Tailwind CSS', 'UTF-8', 'Vimeo', 'Vimeo CDN']"
hughiesjewelry.com,Hughie's Jewelry & Coins,,USA,77,18740,2026-09-12T16:41:44.463165887Z,"['Alternate Protocol', 'Authorize.net', 'Cloudflare', 'Cloudflare Web Analytics', 'Content Delivery Network', 'Express', 'Fireblade', 'Google', 'Google Cloud CDN', 'Google Cloud DNS', 'Google Cloud Storage', 'Google Font API', 'Google My Business', 'Instagram Follow Button', 'Nuxt.js', 'QUIC', 'UTF-8']"
elplan.events,EL PLAN EVENTS.,,,52,47464,2026-09-12T16:41:44.451640456Z,"['Affirm', 'Afterpay', 'Alternate Protocol', 'Amazon', 'Amazon CloudFront', 'Amazon Route 53', 'Amazon WAF Blocked', 'Amazon Widgets', 'Apture Linking Platform', 'Aruba', 'Authorize.net', 'Bing Cashback', 'BunnyCDN General', 'ByteDance', 'CDN JS', 'CloudFront', 'Cloudflare', 'Cloudflare CDN', 'Cloudflare Web Analytics', 'DoubleClick Bid Manager', 'Facebook CDN', 'Facebook Reseller', 'Google', 'Google Analytics', 'Google Cloud DNS', 'Google My Business', 'Google Reseller', 'Google Tag Manager', 'Klarna On Site Messaging', 'MasterPass', 'Microsoft Clarity', 'OptiMonk', 'Optimizely Recommendations', 'PayPal Adaptive Payments', 'QUIC', 'RM Education', 'Report URI', 'SMC', 'Subversion', 'Twitter Ads', 'Twitter Analytics', 'UTF-8', 'Vimeo CDN', 'Visa Checkout', 'Way', 'YouTube', 'eLand']"
supraestetico.com,Supra-Estetico - Diseño Gráfico,,HND,77,18740,2026-09-12T16:41:44.444249366Z,"['Alternate Protocol', 'Authorize.net', 'Cloudflare', 'Cloudflare Web Analytics', 'Content Delivery Network', 'Fireblade', 'Google', 'Google Cloud CDN', 'Google Cloud DNS', 'Google Cloud Storage', 'Google Font API', 'Hexo', 'Instagram Follow Button', 'Ntent', 'Nuxt.js', 'UTF-8']"
somuchass.com,Automation as a Software Service,,,52,6627,2026-09-12T16:41:44.443379105Z,"['Alternate Protocol', 'Authorize.net', 'Content Delivery Network', 'Financial Services Guide', 'GZIP Module', 'Google', 'Google Cloud CDN', 'Google Cloud DNS', 'Google Cloud Storage', 'Google Font API', 'HighLevel', 'KVH', 'Ntent', 'Nuxt.js', 'UTF-8']"
soytrininavarro.com,Soytrininavarro - Mapa Emprendedor,,,67,68740,2026-09-12T16:41:44.442519639Z,"['Alternate Protocol', 'Authorize.net', 'Cloudflare', 'Cloudflare Web Analytics', 'Content Delivery Network', 'DAV', 'Facebook Conversion Tracking', 'Facebook Pixel', 'Facebook Reseller', 'Facebook Tag API', 'Fireblade', 'Google', 'Google Cloud CDN', 'Google Cloud DNS', 'Google Cloud Storage', 'Google Font API', 'Nuxt.js', 'SMC', 'UTF-8', 'WhatsApp Sharing', 'shadcn ui']"
southeasternpressurecleaning.com,Pressure Washing & Soft Washing | Southeastern Pressure Cleaning SC,,USA,87,18740,2026-09-12T16:31:03.87054233Z,"['Alternate Protocol', 'Authorize.net', 'Cloudflare', 'Cloudflare Web Analytics', 'Content Delivery Network', 'Fireblade', 'Google', 'Google Cloud CDN', 'Google Cloud DNS', 'Google Cloud Storage', 'Google Font API', 'Neighborhoods', 'Nuxt.js', 'UTF-8']"
kempseyskipbins.com.au,"Skip Bin Hire Kempsey | Fast Delivery, All Sizes | Kempsey Skip Bins",,,62,20048,2026-09-12T16:31:03.828626609Z,"['Alternate Protocol', 'Authorize.net', 'Better Lead Generation Services', 'Cloudflare', 'Cloudflare Web Analytics', 'Content Delivery Network', 'Fireblade', 'Google', 'Google Analytics', 'Google Cloud CDN', 'Google Cloud DNS', 'Google Cloud Storage', 'Google Font API', 'Google My Business', 'Google Related Website Sites', 'Google Tag Manager', 'Nuxt.js', 'QUIC', 'TrustIndex', 'UTF-8', 'YouTube']"
pioneeringclean.com,Start & Grow a Profitable Cleaning Business | Pioneering Clean,,,77,48740,2026-09-12T16:31:03.808024536Z,"['AWS WAF Challenge', 'Alternate Protocol', 'Amazon WAF Blocked', 'Authorize.net', 'Bunny Fonts', 'CDN JS', 'Cloudflare', 'Cloudflare CDN', 'Cloudflare Web Analytics', 'Content Delivery Network', 'Fireblade', 'Google', 'Google Analytics', 'Google Cloud CDN', 'Google Cloud DNS', 'Google Cloud Storage', 'Google Font API', 'Google My Business', 'Google Recommendations AI', 'Google Tag Manager', 'Instagram Follow Button', 'Nuxt.js', 'QUIC', 'Tailwind CSS', 'UTF-8', 'YouTube', 'jsDelivr', 'shadcn ui']"
perfectfit.fitness,Perfect Fit Fitness,,,55,13403,2026-09-12T16:17:13.102863344Z,"['AWS WAF Challenge', 'Alternate Protocol', 'Amazon WAF Blocked', 'Authorize.net', 'Cloudflare', 'Cloudflare CDN', 'Cloudflare Web Analytics', 'Content Delivery Network', 'Financial Services Guide', 'Fireblade', 'Google', 'Google Cloud CDN', 'Google Cloud DNS', 'Google Cloud Storage', 'Google Font API', 'Google My Business', 'Instagram Follow Button', 'K2F', 'Nuxt.js', 'Storyblocks', 'Tailwind CSS', 'UTF-8']"
mindbodyrehab.com,Mind Body Rehab,,USA,72,36263,2026-09-12T16:17:13.068008815Z,"['AWS WAF Challenge', 'Alternate Protocol', 'Amazon', 'Amazon WAF Blocked', 'Authorize.net', 'Cloudflare', 'Cloudflare CDN', 'Cloudflare Web Analytics', 'Coming Soon Page', 'Content Delivery Network', 'Fireblade', 'Google', 'Google Cloud CDN', 'Google Cloud DNS', 'Google Cloud Storage', 'Google Font API', 'Nuxt.js', 'Tailwind CSS', 'UTF-8', 'Unsplash', 'WordPress']"
innerselfcare.com,Gina Barbara - Life Coach,,,67,18740,2026-09-12T16:07:00.256505227Z,"['Alternate Protocol', 'Authorize.net', 'Cloudflare', 'Cloudflare Web Analytics', 'Content Delivery Network', 'Fireblade', 'Google', 'Google Cloud CDN', 'Google Cloud DNS', 'Google Cloud Storage', 'Google Font API', 'Nuxt.js', 'UTF-8']"
savvybusinessmanagement.com,SAvvy Business Management,,,60,6827,2026-09-12T16:07:00.228462935Z,"['AWS WAF Challenge', 'Alternate Protocol', 'Authorize.net', 'Calendly', 'Cloudflare', 'Cloudflare Web Analytics', 'Content Delivery Network', 'Google', 'Google Cloud CDN', 'Google Cloud DNS', 'Google Cloud Storage', 'Google Font API', 'HighLevel', 'Instagram Follow Button', 'Landis Holdings', 'Nuxt.js', 'UTF-8', 'shadcn ui']"
rockstaraibootcamp.com,RockStar AI BootCamp,,USA,72,100300,2026-09-12T16:07:00.201165477Z,"['Alternate Protocol', 'Authorize.net', 'Camp', 'Cart.com', 'Cisco/Arrowpoint Content Service Switch', 'Cloudflare', 'Cloudflare Web Analytics', 'Content Delivery Network', 'DAV', 'Elfsight', 'Fireblade', 'Google', 'Google Cloud CDN', 'Google Cloud DNS', 'Google Cloud Storage', 'Google Font API', 'Nuxt.js', 'UTF-8']"
atroposbooks.co.uk,Atropos Books,,GBR,77,469788,2026-09-12T15:53:52.776091318Z,"['3 Products', 'AWS WAF Challenge', 'Adobe Analytics', 'Adobe Marketing Cloud', 'AiNET', 'Amazon', 'Apache', 'Authorize.net', 'Braintree', 'Cloudflare', 'Cloudflare CDN', 'DemDex', 'Disqus Comment System for WordPress', 'Express', 'GZIP Module', 'Google', 'Google Analytics', 'Google Cloud CDN', 'Google Cloud DNS', 'Google Font API', 'Google Maps', 'Google My Business', 'Google Tag Manager', 'Klarna', 'Magento', 'Magento Enterprise', 'MailChimp', 'PayPal Adaptive Payments', 'QUIC', 'SMC', 'Storyblocks', 'Tailwind CSS', 'UTF-8', 'Vimeo', 'Vimeo CDN', 'Way', 'Wirecard', 'YouTube', 'eLand', 'reCAPTCHA']"
pennfidelity.com,Penn Fidelity - Financial Services,,FLK,77,3740,2026-09-12T15:44:50.363834029Z,"['Alternate Protocol', 'Authorize.net', 'Content Delivery Network', 'GZIP Module', 'Google', 'Google Cloud CDN', 'Google Cloud DNS', 'Google Cloud Storage', 'Google Font API', 'Google My Business', 'Ntent', 'Nuxt.js', 'UTF-8']"
epicwerksmedia.com,Epic Werks Media - Web Design Photography,,,77,41304,2026-09-12T15:44:50.338746354Z,"['AWS WAF Challenge', 'AdRoll', 'Adult Content', 'Alternate Protocol', 'Amazon S3 CDN', 'Amazon WAF Blocked', 'Apture Linking Platform', 'Authorize.net', 'Call to Visit', 'Cloudflare', 'Cloudflare CDN', 'Cloudflare Web Analytics', 'Cloudinary', 'Content Delivery Network', 'Facebook Conversion Tracking', 'Facebook Pixel', 'Facebook Reseller', 'Facebook Tag API', 'Fireblade', 'Google', 'Google Analytics', 'Google Cloud CDN', 'Google Cloud DNS', 'Google Cloud Storage', 'Google Font API', 'Google Related Website Sites', 'Google Tag Manager', 'Microsoft Clarity', 'Nuxt.js', 'QUIC', 'Rush', 'Storyblocks', 'Tailwind CSS', 'UTF-8', 'Unsplash', 'YouTube', 'shadcn ui']"
thehollimans.com,The Hollimans - Home,,PHL,82,19524,2026-09-12T15:44:50.323583822Z,"['Alternate Protocol', 'Authorize.net', 'Cloudflare', 'Cloudflare Web Analytics', 'Content Delivery Network', 'Donorbox', 'Fireblade', 'GTranslate', 'Google', 'Google Cloud CDN', 'Google Cloud DNS', 'Google Cloud Storage', 'Google Font API', 'Instagram Follow Button', 'Nuxt.js', 'QUIC', 'UTF-8', 'Unsplash', 'YouTube']"
livinginhoustontoday.com,Houston Real Estate Agent | Buy & Sell Homes in Houston TX,,USA,77,18740,2026-09-12T15:44:50.320114496Z,"['Alternate Protocol', 'Authorize.net', 'Cloudflare', 'Cloudflare Web Analytics', 'Content Delivery Network', 'Facebook Conversion Tracking', 'Facebook Pixel', 'Facebook Reseller', 'Facebook Tag API', 'Fireblade', 'Google', 'Google Cloud CDN', 'Google Cloud DNS', 'Google Cloud Storage', 'Google Font API', 'Google My Business', 'Instagram Follow Button', 'Neighborhoods', 'Nuxt.js', 'QUIC', 'UTF-8', 'YouTube']"
bluegriffinphotography.co,YOU'RE INVITED TO THE 40 OVER 40 PORTRAIT EXPERIENCE,,USA,87,53740,2026-09-12T15:30:26.320946734Z,"['AWS WAF Challenge', 'Alternate Protocol', 'Amazon WAF Blocked', 'Apture Linking Platform', 'Authorize.net', 'Cloudflare', 'Cloudflare CDN', 'Cloudflare Web Analytics', 'Content Delivery Network', 'Facebook Conversion Tracking', 'Facebook Pixel', 'Facebook Reseller', 'Facebook Tag API', 'Fireblade', 'Google', 'Google Cloud CDN', 'Google Cloud DNS', 'Google Cloud Storage', 'Google Font API', 'Google My Business', 'KVH', 'Nuxt.js', 'QUIC', 'Tailwind CSS', 'UTF-8']"
carawayacres.com,Caraway Acres,,,62,18824,2026-09-12T15:30:26.315728094Z,"['Alternate Protocol', 'Authorize.net', 'Cloudflare', 'Cloudflare Web Analytics', 'Content Delivery Network', 'Fireblade', 'Google', 'Google Cloud CDN', 'Google Cloud DNS', 'Google Cloud Storage', 'Google Font API', 'Instagram Follow Button', 'Nuxt.js', 'UTF-8', 'Unsplash', 'YouTube']"
connectpetexpo.com,Connect Pet Trade Expo - Uniting the Pet Industry for Innovation,,,62,58779,2026-09-12T15:30:26.315484907Z,"['Alternate Protocol', 'Authorize.net', 'Cloudflare', 'Cloudflare Web Analytics', 'Coming Soon Page', 'Content Delivery Network', 'DC74', 'Google', 'Google Cloud CDN', 'Google Cloud DNS', 'Google Cloud Storage', 'Google Font API', 'Nuxt.js', 'SMC', 'UTF-8']"
budokantx.com,Budokan Tuition Estimator (New Plans),,USA,80,37304,2026-09-12T15:30:26.310007347Z,"['AWS WAF Challenge', 'Alternate Protocol', 'Authorize.net', 'Cloudflare', 'Cloudflare Web Analytics', 'Content Delivery Network', 'Fireblade', 'Google', 'Google Analytics', 'Google Cloud CDN', 'Google Cloud DNS', 'Google Cloud Storage', 'Google Font API', 'Google Tag Manager', 'HighLevel', 'Instagram Follow Button', 'Nuxt.js', 'UTF-8', 'shadcn ui']"
tristatehotshotaustin.com,"Refrigerated Courier and Hot Shot Delivery: Austin, Houston, DFW, plus",,USA,87,38740,2026-09-12T15:20:56.483926484Z,"['Alternate Protocol', 'Authorize.net', 'Better Lead Generation Services', 'Cloudflare', 'Cloudflare Web Analytics', 'Content Delivery Network', 'Fireblade', 'Google', 'Google Cloud CDN', 'Google Cloud DNS', 'Google Cloud Storage', 'Google Font API', 'Google My Business', 'KVH', 'Nuxt.js', 'QUIC', 'UTF-8']"
samuelsamake.com,Social Media Icons,,,65,34169,2026-09-12T15:20:56.481344666Z,"['AWS WAF Challenge', 'Alternate Protocol', 'Amazon WAF Blocked', 'Authorize.net', 'CDN JS', 'Cloudflare', 'Cloudflare CDN', 'Cloudflare Web Analytics', 'Content Delivery Network', 'Fireblade', 'Font Awesome', 'Google', 'Google Cloud CDN', 'Google Cloud DNS', 'Google Cloud Storage', 'Google Font API', 'Instagram Follow Button', 'No-Q', 'Nuxt.js', 'Tailwind CSS', 'Thank You', 'UTF-8', 'YouTube']"
wealthprop.com.au,Book Your Call,,AUS,55,463,2026-09-12T15:20:56.453522063Z,"['Alternate Protocol', 'Authorize.net', 'Cloudflare', 'Cloudflare Web Analytics', 'Content Delivery Network', 'Google', 'Google Cloud CDN', 'Google Cloud DNS', 'Google Cloud Storage', 'Google Font API', 'Nuxt.js', 'Thank You', 'UTF-8']"
dealeyadvisorycouncils.com,Home | NikiDealey.com,,USA,87,18932,2026-09-12T15:20:56.446981255Z,"['Alternate Protocol', 'Authorize.net', 'Better Lead Generation Services', 'Calendly', 'Cloudflare', 'Cloudflare Web Analytics', 'Content Delivery Network', 'Fireblade', 'Google', 'Google Cloud CDN', 'Google Cloud DNS', 'Google Cloud Storage', 'Google Font API', 'Google My Business', 'Instagram Follow Button', 'Nuxt.js', 'Twitter Ads', 'UTF-8']"
fitness-academie.fr,Accueil - Fitness Académie,,FRA,72,7180,2026-09-12T15:11:08.484607807Z,"['Alternate Protocol', 'Authorize.net', 'Cloudflare', 'Cloudflare Web Analytics', 'Content Delivery Network', 'Facebook Conversion Tracking', 'Facebook Pixel', 'Facebook Reseller', 'Facebook Tag API', 'Google', 'Google Analytics', 'Google Cloud CDN', 'Google Cloud DNS', 'Google Cloud Storage', 'Google Conversion Tracking', 'Google Font API', 'Google Tag Manager', 'Hotjar', 'Instagram Follow Button', 'Nuxt.js', 'OpenAI', 'UTF-8', 'YouTube']"
gomissionarynetwork.org,Go Missionary Network Home Page,,,52,1711,2026-09-12T15:11:08.481772856Z,"['Alternate Protocol', 'Authorize.net', 'Cloudflare', 'Cloudflare Web Analytics', 'Content Delivery Network', 'Google', 'Google Cloud CDN', 'Google Cloud DNS', 'Google Cloud Storage', 'Google Font API', 'HighLevel', 'Instagram Follow Button', 'Nuxt.js', 'UTF-8', 'Unsplash', 'YouTube']"
artesianstrategicholdings.com,Artesian Strategic Holdings | Home,,,70,25740,2026-09-12T15:11:08.465982757Z,"['Alternate Protocol', 'Authorize.net', 'Cloudflare', 'Cloudflare Web Analytics', 'Content Delivery Network', 'Fireblade', 'Google', 'Google Cloud CDN', 'Google Cloud DNS', 'Google Cloud Storage', 'Google Font API', 'Nuxt.js', 'Prospective', 'UTF-8']"
cdmpictures.com,CDM Pictures,,PHL,82,68740,2026-09-12T14:58:48.679445885Z,"['AWS WAF Challenge', 'Alternate Protocol', 'Amazon WAF Blocked', 'Apture Linking Platform', 'Authorize.net', 'Cloudflare', 'Cloudflare CDN', 'Cloudflare Web Analytics', 'Content Delivery Network', 'DAV', 'Google', 'Google Cloud CDN', 'Google Cloud DNS', 'Google Cloud Storage', 'Google Font API', 'Nuxt.js', 'SMC', 'Tailwind CSS', 'UTF-8', 'YouTube']"
chantellevandermerwe.co.za,Chantelle van der Merwe | attooh! Your Wealth Solution,,,77,20054,2026-09-12T14:50:21.829770049Z,"['Alternate Protocol', 'Amazon S3 CDN', 'Authorize.net', 'Bunny Fonts', 'Content Delivery Network', 'Financial Services Guide', 'Fireblade', 'GZIP Module', 'Google', 'Google Cloud CDN', 'Google Cloud DNS', 'Google Cloud Storage', 'Google Font API', 'No-Q', 'Nuxt.js', 'QUIC', 'Storyblocks', 'UTF-8', 'Unsplash', 'Vimeo', 'Vimeo CDN']"
summitpros.co.za,Food Processing Integration | Summit Process Solutions,,,62,18740,2026-09-12T14:50:21.820363486Z,"['Alternate Protocol', 'Authorize.net', 'Cloudflare', 'Cloudflare Web Analytics', 'Content Delivery Network', 'Express', 'Fireblade', 'Google', 'Google Cloud CDN', 'Google Cloud DNS', 'Google Cloud Storage', 'Google Font API', 'Google My Business', 'Nuxt.js', 'UTF-8']"
kingofevictions.com,Michael Rubi | King Of Evictions,,USA,70,20240,2026-09-12T14:50:21.816470356Z,"['Adult Content', 'Alternate Protocol', 'Authorize.net', 'Cloudflare', 'Cloudflare Web Analytics', 'Content Delivery Network', 'DAV', 'Fireblade', 'Google', 'Google Cloud CDN', 'Google Cloud DNS', 'Google Cloud Storage', 'Google Font API', 'Google My Business', 'Instagram Follow Button', 'NFOrce Internet', 'Nuxt.js', 'UTF-8']"
theadvisorgrowthsystem.com,The Advisor Growth System,,,72,18860,2026-09-12T14:50:21.795511818Z,"['Adult Content', 'Alternate Protocol', 'Authorize.net', 'Cloudflare', 'Cloudflare Web Analytics', 'Content Delivery Network', 'Fireblade', 'Google', 'Google Cloud CDN', 'Google Cloud DNS', 'Google Cloud Storage', 'Google Font API', 'Nuxt.js', 'ScheduleOnce', 'UTF-8']"
vbottombs.com,Small Business Solutions Consultants,,,77,33740,2026-09-12T14:35:28.609990082Z,"['AWS WAF Challenge', 'Alternate Protocol', 'Authorize.net', 'Cloudflare', 'Cloudflare Web Analytics', 'Content Delivery Network', 'Fireblade', 'Google', 'Google Analytics', 'Google Cloud CDN', 'Google Cloud DNS', 'Google Cloud Storage', 'Google Font API', 'Google My Business', 'Google Tag Manager', 'Nuxt.js', 'QUIC', 'UTF-8']"
reliant-marketing.com,Reliant Marketing,,,62,18779,2026-09-12T14:25:22.578462522Z,"['Alternate Protocol', 'Authorize.net', 'Cloudflare', 'Cloudflare Web Analytics', 'Coming Soon Page', 'Content Delivery Network', 'Fireblade', 'Google', 'Google Cloud CDN', 'Google Cloud DNS', 'Google Cloud Storage', 'Google Font API', 'Nuxt.js', 'UTF-8']"
ninetyeightelements.com.au,CommuniSync by Ninety Eight Elements,,,67,18799,2026-09-12T14:25:22.562397059Z,"['Alternate Protocol', 'Authorize.net', 'Better Lead Generation Services', 'Cloudflare', 'Cloudflare Web Analytics', 'Content Delivery Network', 'Cornerstone', 'Facebook Conversion Tracking', 'Facebook Pixel', 'Facebook Reseller', 'Facebook Tag API', 'Fireblade', 'Google', 'Google Cloud CDN', 'Google Cloud DNS', 'Google Cloud Storage', 'Google Font API', 'Nuxt.js', 'QUIC', 'Thank You', 'UTF-8', 'shadcn ui']"
ccbwsharpening.com,Cory Christopher Blade Works,,,50,663,2026-09-12T14:25:22.552843899Z,"['AWS WAF Challenge', 'Alternate Protocol', 'Amazon WAF Blocked', 'Authorize.net', 'Bunny Fonts', 'Cloudflare', 'Cloudflare CDN', 'Cloudflare Web Analytics', 'Content Delivery Network', 'Facebook Conversion Tracking', 'Facebook Pixel', 'Facebook Reseller', 'Facebook Tag API', 'Google', 'Google Cloud CDN', 'Google Cloud DNS', 'Google Cloud Storage', 'Google Font API', 'Nuxt.js', 'Tailwind CSS', 'UTF-8']"
powherfit.com,Sign Up with PowHer.fit,,,62,18740,2026-09-12T14:25:22.546133925Z,"['AWS WAF Challenge', 'Alternate Protocol', 'Amazon WAF Blocked', 'Authorize.net', 'Cloudflare', 'Cloudflare CDN', 'Cloudflare Web Analytics', 'Content Delivery Network', 'Google', 'Google Cloud CDN', 'Google Cloud DNS', 'Google Cloud Storage', 'Google Font API', 'Nuxt.js', 'Tailwind CSS', 'UTF-8']"
fusionflowsoftware.com,"Fusion Flow Software | D365, AI & Azure Experts for Enterprises",,USA,87,33932,2026-09-12T14:14:42.145706136Z,"['AWS WAF Challenge', 'Alternate Protocol', 'Authorize.net', 'CDN JS', 'Calendly', 'Cloudflare', 'Cloudflare CDN', 'Cloudflare Web Analytics', 'Content Delivery Network', 'ElementUI', 'Fireblade', 'Google', 'Google Cloud CDN', 'Google Cloud DNS', 'Google Cloud Storage', 'Google Font API', 'Instagram Follow Button', 'Nuxt.js', 'UTF-8', 'jsDelivr', 'shadcn ui']"
coachingskalieren.de,Terminbestätigung,,,50,8286,2026-09-12T14:02:59.783734124Z,"['Alternate Protocol', 'Authorize.net', 'Bunny Fonts', 'Cloudflare', 'Cloudflare Web Analytics', 'Content Delivery Network', 'Fireblade', 'Google', 'Google Cloud CDN', 'Google Cloud DNS', 'Google Cloud Storage', 'Instagram Follow Button', 'Nuxt.js', 'Proven Expert', 'UTF-8', 'YouTube', 'shadcn ui']"
divorceisnotadestination.com,Divorce Is Not A Destination,,,67,40280,2026-09-12T14:02:59.756990253Z,"['AWS WAF Challenge', 'Alternate Protocol', 'Amazon Widgets', 'Authorize.net', 'ChamberMaster', 'Cloudflare', 'Cloudflare Web Analytics', 'Content Delivery Network', 'Ember.js', 'Fireblade', 'Google', 'Google Cloud CDN', 'Google Cloud DNS', 'Google Cloud Storage', 'Google Font API', 'Nuxt.js', 'UTF-8', 'Vimeo', 'Vimeo CDN', 'YouTube', 'shadcn ui']"
madisonbennet.com,21 Psychological Triggers to Make Her Beg You for a Second Chance,,,67,18740,2026-09-12T13:53:25.706709705Z,"['Alternate Protocol', 'Amazon WAF Blocked', 'Authorize.net', 'Cloudflare', 'Cloudflare Web Analytics', 'Content Delivery Network', 'Fireblade', 'Google', 'Google Cloud CDN', 'Google Cloud DNS', 'Google Cloud Storage', 'Google Font API', 'Nuxt.js', 'UTF-8']"
audrawhitenotary.com,Audra White,,USA,72,18740,2026-09-12T13:39:42.395286157Z,"['Alternate Protocol', 'Authorize.net', 'Cloudflare', 'Cloudflare Web Analytics', 'Content Delivery Network', 'Fireblade', 'Google', 'Google Cloud CDN', 'Google Cloud DNS', 'Google Cloud Storage', 'Google Font API', 'Instagram Follow Button', 'Nuxt.js', 'UTF-8']"
petroriente.com,Ciudad Comercial Petroriente | Oficinas y Eventos en Maturín,Ciudad Comercial Petroriente,VEN,92,20240,2026-09-12T13:30:47.173562768Z,"['Alternate Protocol', 'Authorize.net', 'Better Lead Generation Services', 'Cloudflare', 'Cloudflare Web Analytics', 'Content Delivery Network', 'Facebook Conversion Tracking', 'Facebook Pixel', 'Facebook Reseller', 'Facebook Tag API', 'Fireblade', 'Google', 'Google Analytics', 'Google Cloud CDN', 'Google Cloud DNS', 'Google Cloud Storage', 'Google Font API', 'Google Maps', 'Google My Business', 'Google Tag Manager', 'Instagram Follow Button', 'Microdata for Google Shopping', 'NFOrce Internet', 'Nuxt.js', 'Perl', 'UTF-8']"
lightmorelight.net,Residential Solar in Richmond & Virginia Beach - Light More Light,Light More Light! Solar,,72,53740,2026-09-12T13:30:47.169688521Z,"['AWS WAF Challenge', 'Alternate Protocol', 'Amazon WAF Blocked', 'Authorize.net', 'Cloudflare', 'Cloudflare CDN', 'Cloudflare Web Analytics', 'Content Delivery Network', 'Fireblade', 'Google', 'Google Cloud CDN', 'Google Cloud DNS', 'Google Cloud Storage', 'Google Font API', 'Google My Business', 'KVH', 'Microdata for Google Shopping', 'Nuxt.js', 'QUIC', 'Subversion', 'Tailwind CSS', 'UTF-8', 'shadcn ui']"
voyito.com,Voyito - Your Businesses Missing Link,,,62,18740,2026-09-12T13:30:47.157846421Z,"['Alternate Protocol', 'Authorize.net', 'Cloudflare', 'Cloudflare Web Analytics', 'Content Delivery Network', 'Fireblade', 'Google', 'Google Cloud CDN', 'Google Cloud DNS', 'Google Cloud Storage', 'Google Font API', 'Nuxt.js', 'QUIC', 'UTF-8']"
technostacks.com,"Technology Consulting Company for AI, ERP & Digital Transformation",Technostacks,IND,82,29720,2026-09-12T13:30:47.148585198Z,"['AWS WAF Challenge', 'Alternate Protocol', 'Appium', 'Apture Linking Platform', 'Authorize.net', 'CakePHP', 'Cloudflare', 'Clutch', 'CodeIgniter', 'Contact Form Plugin', 'Content Delivery Network', 'Drag and Drop Multiple File Upload', 'EmbedPress', 'Enlighter', 'Facebook Conversion Tracking', 'Facebook Login', 'Facebook Messenger Platform', 'Facebook Pixel', 'Facebook Reseller', 'Facebook Tag API', 'Google Analytics', 'Google My Business', 'Google Tag Manager', 'InitiativeS', 'Instagram Follow Button', 'LinkedIn Insights', 'LinkedIn Pixel', 'Microdata for Google Shopping', 'Microsoft Clarity', 'PHP', 'Parcel', 'Python', 'QUIC', 'Subversion', 'Theme In WP', 'UTF-8', 'UberMenu', 'WP Engine', 'WordPress', 'WordPress Multisite', 'YouTube', 'eLand', 'jQuery', 'reCAPTCHA', 'symfony PHP Framework']"
peterson-electricllc.com,"Electrician in Jamestown, NY | Peterson Electric, LLC","Peterson Electric, LLC",SHN,82,36584,2026-09-12T13:30:47.139136804Z,"['AWS WAF Challenge', 'Alternate Protocol', 'Amazon', 'Amazon CloudFront', 'Authorize.net', 'Better Lead Generation Services', 'CDN JS', 'CloudFront', 'Cloudflare', 'Cloudflare CDN', 'Cloudflare Web Analytics', 'Content Delivery Network', 'Elfsight', 'Fireblade', 'Google', 'Google Cloud CDN', 'Google Cloud DNS', 'Google Cloud Storage', 'Google Font API', 'Google My Business', 'Microdata for Google Shopping', 'Nuxt.js', 'Perl', 'QUIC', 'UTF-8', 'Unsplash']"
bowenmicro.farm,Delicious Microgreens,,USA,77,43740,2026-09-12T13:30:47.135241927Z,"['Alternate Protocol', 'Authorize.net', 'Cloudflare', 'Cloudflare Web Analytics', 'Content Delivery Network', 'Financial Services Guide', 'Fireblade', 'Google', 'Google Cloud CDN', 'Google Cloud DNS', 'Google Cloud Storage', 'Google Font API', 'K2F', 'Nuxt.js', 'QUIC', 'UTF-8']"
the19project.com,The 19 Project | Helping You Grow As A Leader,,GBR,87,33740,2026-09-12T13:18:01.515008135Z,"['AWS WAF Challenge', 'Alternate Protocol', 'Amazon WAF Blocked', 'Authorize.net', 'Bunny Fonts', 'Cloudflare', 'Cloudflare CDN', 'Cloudflare Web Analytics', 'Content Delivery Network', 'Fireblade', 'Google', 'Google Analytics', 'Google Cloud CDN', 'Google Cloud DNS', 'Google Cloud Storage', 'Google Font API', 'Google Tag Manager', 'Instagram Follow Button', 'Nuxt.js', 'Tailwind CSS', 'UTF-8', 'shadcn ui']"
cullmantrucksales.com,"Cullman Truck Sales | Used Semi Trucks, Box Trucks & Day Cabs",,USA,77,21240,2026-09-12T13:18:01.513606673Z,"['Alternate Protocol', 'Authorize.net', 'Cloudflare', 'Cloudflare Web Analytics', 'Content Delivery Network', 'Fireblade', 'Google', 'Google Cloud CDN', 'Google Cloud DNS', 'Google Cloud Storage', 'Google Font API', 'Google My Business', 'Idaq', 'Instagram Follow Button', 'Ntent', 'Nuxt.js', 'UTF-8', 'YouTube']"
oliomusic.com,Home | OLIO,,USA,72,19688,2026-09-12T13:18:01.507126942Z,"['AWS WAF Challenge', 'Alternate Protocol', 'Amazon WAF Blocked', 'Authorize.net', 'Bunny Fonts', 'Cloudflare', 'Cloudflare CDN', 'Cloudflare Web Analytics', 'Content Delivery Network', 'Google', 'Google Cloud CDN', 'Google Cloud DNS', 'Google Cloud Storage', 'Google Font API', 'Instagram Follow Button', 'Nuxt.js', 'Shopify', 'Tailwind CSS', 'UTF-8', 'YouTube']"
theultimatesaassummit.com,The Ultimate Saas Summit,,USA,87,18740,2026-09-12T13:18:01.491891641Z,"['Alternate Protocol', 'Authorize.net', 'Cloudflare', 'Cloudflare Web Analytics', 'Content Delivery Network', 'Fireblade', 'Google', 'Google Cloud CDN', 'Google Cloud DNS', 'Google Cloud Storage', 'Google Font API', 'Nuxt.js', 'UTF-8', 'shadcn ui']"
communitylifesupportinc.com,Community Life Support | STD Clinic,,USA,87,37304,2026-09-12T13:05:09.352496969Z,"['501c3 Status Nonprofit', 'AWS WAF Challenge', 'Alternate Protocol', 'Authorize.net', 'Cloudflare', 'Cloudflare Web Analytics', 'Content Delivery Network', 'Fireblade', 'Google', 'Google Analytics', 'Google Cloud CDN', 'Google Cloud DNS', 'Google Cloud Storage', 'Google Font API', 'Google My Business', 'Google Tag Manager', 'HighLevel', 'Nuxt.js', 'UTF-8']"
day3realty.com,Day 3 Realty | The Better Way to Sell Real Estate,,USA,87,19184,2026-09-12T13:05:09.333962753Z,"['Alternate Protocol', 'Amazon S3 CDN', 'Authorize.net', 'Cloudflare', 'Cloudflare Web Analytics', 'Content Delivery Network', 'Fireblade', 'Google', 'Google Analytics', 'Google Cloud CDN', 'Google Cloud DNS', 'Google Cloud Storage', 'Google Font API', 'Google Maps', 'Google Tag Manager', 'Investor Relations', 'Nuxt.js', 'QUIC', 'Storyblocks', 'UTF-8', 'Unsplash']"
haciendaoutdoors.com,"Custom Pools, Pool Renovation, Backyard Remodeling in Phoenix",,BRA,92,18740,2026-09-12T13:05:09.330130692Z,"['Alternate Protocol', 'Authorize.net', 'Cloudflare', 'Cloudflare Web Analytics', 'Content Delivery Network', 'DAV', 'Fireblade', 'Google', 'Google Analytics', 'Google Cloud CDN', 'Google Cloud DNS', 'Google Cloud Storage', 'Google Font API', 'Google My Business', 'Google Tag Manager', 'Instagram Follow Button', 'Microdata for Google Shopping', 'Nuxt.js', 'QUIC', 'UTF-8', 'shadcn ui']"
cultureforces.com,CultureForce Consulting,,USA,77,35744,2026-09-12T13:05:09.324945622Z,"['AWS WAF Challenge', 'Alternate Protocol', 'Apture Linking Platform', 'Authorize.net', 'Calendly', 'Cloudflare', 'Cloudflare Web Analytics', 'Content Delivery Network', 'DAV', 'Fireblade', 'Google', 'Google Cloud CDN', 'Google Cloud DNS', 'Google Cloud Storage', 'Google Font API', 'Instagram Follow Button', 'NFOrce Internet', 'Nuxt.js', 'Squarespace', 'UTF-8', 'Underscores', 'University or College', 'shadcn ui']"
iexdg.com,The Training Worked. The Culture Did Not Change. | IEXDG,Integral Exploration Development Group,,82,33740,2026-09-12T12:55:58.33949885Z,"['AWS WAF Challenge', 'Alternate Protocol', 'Apture Linking Platform', 'Authorize.net', 'Cloudflare', 'Cloudflare Web Analytics', 'Content Delivery Network', 'Fireblade', 'Google', 'Google Analytics', 'Google Cloud CDN', 'Google Cloud DNS', 'Google Cloud Storage', 'Google Font API', 'Google Tag Manager', 'Instagram Follow Button', 'Microdata for Google Shopping', 'Microsoft Clarity', 'Nuxt.js', 'Subversion', 'UTF-8', 'YouTube', 'shadcn ui']"
unleashyourbizlive.com,Unleash Your Business Live,,USA,80,71820,2026-09-12T12:55:58.333102082Z,"['Alternate Protocol', 'Amazon', 'Aruba', 'Authorize.net', 'Cloudflare', 'Cloudflare Web Analytics', 'Content Delivery Network', 'DAV', 'Facebook Conversion Tracking', 'Facebook Pixel', 'Facebook Reseller', 'Facebook Tag API', 'Fireblade', 'Google', 'Google Cloud CDN', 'Google Cloud DNS', 'Google Cloud Storage', 'Google Font API', 'Nuxt.js', 'Perl', 'QUIC', 'SMC', 'UTF-8', 'Vercel', 'Vimeo', 'eLand', 'shadcn ui']"
swanweby.com,AI Marketing for Local Businesses. Automate Customer Engagement & Free Up Time,,USA,77,38740,2026-09-12T12:42:23.344053318Z,"['Alternate Protocol', 'Apture Linking Platform', 'Authorize.net', 'Cloudflare', 'Cloudflare Web Analytics', 'Content Delivery Network', 'Fireblade', 'Google', 'Google Cloud CDN', 'Google Cloud DNS', 'Google Cloud Storage', 'Google Font API', 'Instagram Follow Button', 'M247', 'Nuxt.js', 'Perl', 'QUIC', 'Thank You', 'UTF-8', 'YouTube', 'shadcn ui']"
funfoxfinds.com,Fun Fox Finds by Rachelle Fox Moi,,,62,18740,2026-09-12T12:29:43.916789423Z,"['Alternate Protocol', 'Authorize.net', 'Cloudflare', 'Cloudflare Web Analytics', 'Content Delivery Network', 'Fireblade', 'Google', 'Google Cloud CDN', 'Google Cloud DNS', 'Google Cloud Storage', 'Google Font API', 'Instagram Follow Button', 'Nuxt.js', 'UTF-8']"
themarketing1.com,"Digital Marketing and Advertising Agency Elk Grove Village IL – SMO, SEO, PPC Services Company for Small Business in Arlington Heights & Elgin IL",Shane Worley The Marketing 1 LLC,USA,82,35240,2026-09-12T12:29:43.904674854Z,"['AWS WAF Challenge', 'Alternate Protocol', 'Authorize.net', 'Calendly', 'Cloudflare', 'Cloudflare Web Analytics', 'Content Delivery Network', 'CrazyEgg', 'Facebook Conversion Tracking', 'Facebook Pixel', 'Facebook Reseller', 'Facebook Tag API', 'Fireblade', 'Google', 'Google Analytics', 'Google Cloud CDN', 'Google Cloud DNS', 'Google Cloud Storage', 'Google Font API', 'Google My Business', 'Google Related Website Sites', 'Google Tag Manager', 'ID Services', 'Instagram Follow Button', 'Microdata for Google Shopping', 'Nuxt.js', 'Sitelinks Search Box', 'Subversion', 'Twitter Ads', 'UTF-8', 'YouTube']"
fizioactive.lv,Online vingrošanas platforma fizioterapeitu vadībā,,,77,18740,2026-09-12T12:29:43.884631602Z,"['Alternate Protocol', 'Authorize.net', 'Cloudflare', 'Cloudflare Web Analytics', 'Content Delivery Network', 'Facebook Conversion Tracking', 'Facebook Pixel', 'Facebook Reseller', 'Facebook Tag API', 'Fireblade', 'Google', 'Google Cloud CDN', 'Google Cloud DNS', 'Google Cloud Storage', 'Google Font API', 'Instagram Follow Button', 'Nuxt.js', 'QUIC', 'Twitter Ads', 'UTF-8', 'YouTube', 'shadcn ui']"
thewisdomofspiritdog.com,Wisdom of Spirit Dog,,GBR,67,38804,2026-09-12T12:19:47.777266151Z,"['AWS WAF Challenge', 'Alternate Protocol', 'Amazon WAF Blocked', 'Amazon Widgets', 'Authorize.net', 'Cloudflare', 'Cloudflare CDN', 'Cloudflare Web Analytics', 'Content Delivery Network', 'Express', 'Fireblade', 'Google', 'Google Cloud CDN', 'Google Cloud DNS', 'Google Cloud Storage', 'Google Font API', 'Google My Business', 'HighLevel', 'Instagram Follow Button', 'NFOrce Internet', 'Nuxt.js', 'Tailwind CSS', 'UTF-8', 'YouTube', 'shadcn ui']"
leaddec.com,WhatsApp for LeadDec,,GBR,67,18740,2026-09-12T12:19:47.762130417Z,"['Alternate Protocol', 'Authorize.net', 'Cloudflare', 'Cloudflare Web Analytics', 'Content Delivery Network', 'Fireblade', 'Google', 'Google Cloud CDN', 'Google Cloud DNS', 'Google Cloud Storage', 'Google Font API', 'Nuxt.js', 'UTF-8']"
nolimitsvibe.com,Live a No Limits Life with Karen Luniw,,,67,22304,2026-09-12T12:19:47.756251489Z,"['AWS WAF Challenge', 'Alternate Protocol', 'Amazon Widgets', 'Authorize.net', 'Cloudflare', 'Cloudflare Web Analytics', 'Content Delivery Network', 'Google', 'Google Cloud CDN', 'Google Cloud DNS', 'Google Cloud Storage', 'Google Font API', 'HighLevel', 'Instagram Follow Button', 'Nuxt.js', 'QUIC', 'Telegram', 'UTF-8', 'YouTube']"
graycopaint.com,Home Page - GrayCO Paint,,SWE,77,18824,2026-09-12T12:19:47.747677401Z,"['Alternate Protocol', 'Authorize.net', 'Cloudflare', 'Cloudflare Web Analytics', 'Content Delivery Network', 'DAV', 'Fireblade', 'Google', 'Google Cloud CDN', 'Google Cloud DNS', 'Google Cloud Storage', 'Google Font API', 'Nuxt.js', 'UTF-8', 'Unsplash']"
overflowassetsgroup.com,SC OVERFLOW,,NZL,72,33740,2026-09-12T12:19:47.708831704Z,"['AWS WAF Challenge', 'Alternate Protocol', 'Amazon WAF Blocked', 'Authorize.net', 'Cloudflare', 'Cloudflare CDN', 'Cloudflare Web Analytics', 'Content Delivery Network', 'Fireblade', 'Google', 'Google Cloud CDN', 'Google Cloud DNS', 'Google Cloud Storage', 'Google Font API', 'Nuxt.js', 'Tailwind CSS', 'UTF-8']"
dreamxinnovation.com,Landing Page,,,62,53960,2026-09-12T12:19:47.705902301Z,"['Alternate Protocol', 'Apture Linking Platform', 'Authorize.net', 'Cloudflare', 'Cloudflare Web Analytics', 'Content Delivery Network', 'Google', 'Google Cloud CDN', 'Google Cloud DNS', 'Google Cloud Storage', 'Google Font API', 'Nuxt.js', 'SMC', 'Thank You', 'UTF-8', 'Zoom Video Conferencing', 'shadcn ui']"
lakenormanleadsystems.com,Lead Capture & Call Automation for Local Businesses | Lake Norman,,,77,53740,2026-09-12T12:06:46.78684686Z,"['AWS WAF Challenge', 'Alternate Protocol', 'Amazon WAF Blocked', 'Apture Linking Platform', 'Authorize.net', 'Better Lead Generation Services', 'Cloudflare', 'Cloudflare CDN', 'Cloudflare Web Analytics', 'Content Delivery Network', 'Fireblade', 'Google', 'Google Cloud CDN', 'Google Cloud DNS', 'Google Cloud Storage', 'Google Font API', 'Instagram Follow Button', 'KVH', 'Nuxt.js', 'Tailwind CSS', 'UTF-8', 'shadcn ui']"
unfinishedathletics.com,Unfinished Athletics,,USA,82,33824,2026-09-12T11:55:56.87190215Z,"['AWS WAF Challenge', 'Alternate Protocol', 'Apture Linking Platform', 'Authorize.net', 'Cloudflare', 'Cloudflare Web Analytics', 'Content Delivery Network', 'DAV', 'Facebook Conversion Tracking', 'Facebook Pixel', 'Facebook Reseller', 'Facebook Tag API', 'Fireblade', 'Google', 'Google Analytics', 'Google Cloud CDN', 'Google Cloud DNS', 'Google Cloud Storage', 'Google Font API', 'Google Tag Manager', 'Instagram Follow Button', 'LinkedIn Insights', 'LinkedIn Pixel', 'Nuxt.js', 'UTF-8', 'Unsplash', 'WordPress', 'YouTube', 'jsDelivr', 'shadcn ui']"
nanceortho.com,"Nance Orthodontics - Dr. Brady Nance - Eagle Mountain, Utah",,,62,18840,2026-09-12T11:55:56.863295831Z,"['Alternate Protocol', 'Authorize.net', 'Bunny Fonts', 'Cloudflare', 'Cloudflare Web Analytics', 'Content Delivery Network', 'Express', 'Facebook Conversion Tracking', 'Facebook Pixel', 'Facebook Reseller', 'Facebook Tag API', 'Fireblade', 'Google', 'Google Analytics', 'Google Cloud CDN', 'Google Cloud DNS', 'Google Cloud Storage', 'Google Conversion Tracking', 'Google My Business', 'Google Tag Manager', 'Instagram Follow Button', 'Nuxt.js', 'Pony Express', 'UTF-8']"
legacy360spin.com,Book Your Photo 360 Booth Today!,,USA,72,26340,2026-09-12T11:47:59.25582987Z,"['Alternate Protocol', 'Apture Linking Platform', 'Authorize.net', 'Cloudflare', 'Cloudflare Web Analytics', 'Content Delivery Network', 'Fireblade', 'Google', 'Google Cloud CDN', 'Google Cloud DNS', 'Google Cloud Storage', 'Google Font API', 'Nuxt.js', 'RM Education', 'UTF-8', 'shadcn ui']"
kulayful.com,Homepage - Kulayful,,,55,1050,2026-09-12T11:34:16.663141051Z,"['Alternate Protocol', 'Authorize.net', 'Better Lead Generation Services', 'Contact Form Plugin', 'Content Delivery Network', 'EmbedPress', 'Fastly', 'GZIP Module', 'GeoTrust Seal', 'Google', 'Google Analytics', 'Google Cloud DNS', 'Google Font API', 'Google Tag Manager', 'Microdata for Google Shopping', 'Nginx', 'PHP', 'Pico CSS', 'QUIC', 'Theme In WP', 'Twitter Ads', 'UTF-8', 'Woo Themes', 'WooCommerce', 'WooCommerce Checkout', 'WordPress', 'WordPress Multisite', 'hCaptcha', 'hCaptcha for WordPress', 'jQuery', 'reCAPTCHA']"
avictoriouswomanministers.com,Storefront,,SYC,65,18860,2026-09-12T11:34:16.636426464Z,"['AWS WAF Challenge', 'Alternate Protocol', 'Amazon WAF Blocked', 'Authorize.net', 'Canva Websites', 'Cloudflare', 'Cloudflare CDN', 'Cloudflare Web Analytics', 'Content Delivery Network', 'Google', 'Google Cloud CDN', 'Google Cloud DNS', 'Google Cloud Storage', 'Google Font API', 'Instagram Follow Button', 'Nuxt.js', 'Tailwind CSS', 'UTF-8']"
stuntinsolutions.com,Stuntin Solutions,,,62,33740,2026-09-12T11:34:16.61044428Z,"['AWS WAF Challenge', 'Alternate Protocol', 'Amazon WAF Blocked', 'Apture Linking Platform', 'Authorize.net', 'Cloudflare', 'Cloudflare CDN', 'Cloudflare Web Analytics', 'Content Delivery Network', 'Fireblade', 'Free Call', 'Google', 'Google Cloud CDN', 'Google Cloud DNS', 'Google Cloud Storage', 'Google Font API', 'ID Services', 'Instagram Follow Button', 'Nuxt.js', 'QUIC', 'Tailwind CSS', 'Thank You', 'UTF-8', 'shadcn ui']"
writercasestudy.com,Upgrade your author career by writing and selling info-products,,,67,6787,2026-09-12T11:23:21.351366806Z,"['Alternate Protocol', 'AnyChat', 'Authorize.net', 'Bunny Fonts', 'Cloudflare', 'Cloudflare Web Analytics', 'Content Delivery Network', 'Cornerstone', 'Facebook Conversion Tracking', 'Facebook Pixel', 'Facebook Reseller', 'Facebook Tag API', 'Google', 'Google Cloud CDN', 'Google Cloud DNS', 'Google Cloud Storage', 'Hootsuite Badge', 'Nuxt.js', 'Thank You', 'UTF-8', 'shadcn ui']"
summitchiropracticcs.com,"Summit Chiropractic - Dr. Michael DiGregorio, D.C., Colorado Springs Chiropractor",,ZAF,77,19514,2026-09-12T11:23:21.339394404Z,"['Alternate Protocol', 'Authorize.net', 'Cloudflare', 'Cloudflare Web Analytics', 'Content Delivery Network', 'Fireblade', 'GTranslate', 'Google', 'Google Analytics', 'Google Cloud CDN', 'Google Cloud DNS', 'Google Cloud Storage', 'Google Font API', 'Google My Business', 'Google Tag Manager', 'Instagram Follow Button', 'Nuxt.js', 'UTF-8', 'Unsplash', 'UserWay', 'YouTube']"
faithful-clean.com,"Faithful & Clean | Professional Cleaning Services in Ludington, MI",,USA,87,34070,2026-09-12T11:23:21.330011065Z,"['AWS WAF Challenge', 'Alternate Protocol', 'Amazon WAF Blocked', 'Authorize.net', 'Cloudflare', 'Cloudflare CDN', 'Cloudflare Web Analytics', 'Content Delivery Network', 'DAV', 'Fireblade', 'Google', 'Google Cloud CDN', 'Google Cloud DNS', 'Google Cloud Storage', 'Google Font API', 'Google My Business', 'Instagram Follow Button', 'No-Q', 'Nuxt.js', 'QUIC', 'Tailwind CSS', 'UTF-8', 'YouTube', 'shadcn ui']"
portuguesezen.lu,Portuguese Zen Architecture,,USA,77,22363,2026-09-12T11:13:09.133541487Z,"['Alternate Protocol', 'Authorize.net', 'Cloudflare', 'Cloudflare Web Analytics', 'Content Delivery Network', 'Cornerstone', 'Fireblade', 'Google', 'Google Cloud CDN', 'Google Cloud DNS', 'Google Cloud Storage', 'Google Font API', 'HighLevel', 'Instagram Follow Button', 'Nuxt.js', 'QUIC', 'UTF-8']"
gmail-jail.com,Gmail Jail - Get Compliant,,,77,33740,2026-09-12T11:02:06.096112309Z,"['AWS WAF Challenge', 'Alternate Protocol', 'Authorize.net', 'Cloudflare', 'Cloudflare Web Analytics', 'Content Delivery Network', 'Fireblade', 'Google', 'Google Cloud CDN', 'Google Cloud DNS', 'Google Cloud Storage', 'Google Font API', 'Instagram Follow Button', 'Nuxt.js', 'QUIC', 'UTF-8', 'YouTube']"
onedaysolutions.co,One Day Solutions,,,52,12963,2026-09-12T11:02:06.08345883Z,"['Alternate Protocol', 'Authorize.net', 'Cloudflare', 'Cloudflare Web Analytics', 'Content Delivery Network', 'Fireblade', 'Google', 'Google Cloud CDN', 'Google Cloud DNS', 'Google Cloud Storage', 'Google Font API', 'M247', 'Nuxt.js', 'Thank You', 'UTF-8']"
abetterplaceservices.com,Senior Living Placement in Austin — A Better Place Services,A Better Place Services,ZAF,77,3740,2026-09-12T11:02:06.064361408Z,"['Alternate Protocol', 'Authorize.net', 'Content Delivery Network', 'Express', 'GZIP Module', 'Google', 'Google Cloud CDN', 'Google Cloud DNS', 'Google Cloud Storage', 'Google Font API', 'Google Maps', 'Google My Business', 'Microdata for Google Shopping', 'Nuxt.js', 'QUIC', 'Thank You', 'UTF-8', 'University or College', 'YouTube']"
amplifymarketer.com,Affordable Marketing Excellence: Your Partner in Growth | Amplify,,,62,18740,2026-09-12T11:02:06.062945645Z,"['Alternate Protocol', 'Authorize.net', 'Cloudflare', 'Cloudflare Web Analytics', 'Content Delivery Network', 'Facebook Conversion Tracking', 'Facebook Pixel', 'Facebook Reseller', 'Facebook Tag API', 'Fireblade', 'Google', 'Google Analytics', 'Google Cloud CDN', 'Google Cloud DNS', 'Google Cloud Storage', 'Google Font API', 'Google Tag Manager', 'Microsoft Clarity', 'Nuxt.js', 'UTF-8']"
digitalproofmarketing.com,Digital Proof Marketing LLC | Home,,,60,10163,2026-09-12T11:02:06.04422467Z,"['Alternate Protocol', 'Authorize.net', 'Bunny Fonts', 'Canva Websites', 'Cloudflare', 'Cloudflare Web Analytics', 'Content Delivery Network', 'DAV', 'Financial Services Guide', 'Fireblade', 'Google', 'Google Cloud CDN', 'Google Cloud DNS', 'Google Cloud Storage', 'Nuxt.js', 'RM Education', 'Typeform', 'UTF-8']"
summit-life-partners.com,Predictable APV,,,52,7963,2026-09-12T10:50:44.033697729Z,"['Alternate Protocol', 'Authorize.net', 'Cloudflare', 'Cloudflare Web Analytics', 'Content Delivery Network', 'Fireblade', 'Google', 'Google Cloud CDN', 'Google Cloud DNS', 'Google Cloud Storage', 'Google Font API', 'Instagram Follow Button', 'Nuxt.js', 'UTF-8', 'YouTube']"
salemarchurch.com,"Salem Praise and Worship Fellowship | Church in Salem, Arkansas",,,77,38799,2026-09-12T10:50:44.019966357Z,"['Alternate Protocol', 'Authorize.net', 'Cloudflare', 'Cloudflare Web Analytics', 'Content Delivery Network', 'Cornerstone', 'Fireblade', 'Google', 'Google Cloud CDN', 'Google Cloud DNS', 'Google Cloud Storage', 'Google Font API', 'Google My Business', 'InitiativeS', 'KVH', 'Nuxt.js', 'UTF-8', 'YouTube']"
teamsbydesign.com,Property Management Virtual Assistants | Teams by Design,,GBR,77,22892,2026-09-12T10:43:09.533640511Z,"['AWS WAF Challenge', 'Alternate Protocol', 'Amazon WAF Blocked', 'Authorize.net', 'Cloudflare', 'Cloudflare CDN', 'Cloudflare Web Analytics', 'Content Delivery Network', 'EmbedSocial', 'Facebook Conversion Tracking', 'Facebook Pixel', 'Facebook Reseller', 'Facebook Tag API', 'Google', 'Google Analytics', 'Google Cloud CDN', 'Google Cloud DNS', 'Google Cloud Storage', 'Google Customer Reviews', 'Google Font API', 'Google Tag Manager', 'HighLevel', 'Instagram Follow Button', 'Microsoft Clarity', 'Nuxt.js', 'QUIC', 'Tailwind CSS', 'UTF-8', 'YouTube', 'shadcn ui']"
poolsbytrinrez.com,Trinrez Pools,,,55,7963,2026-09-12T10:43:09.528520236Z,"['Alternate Protocol', 'Authorize.net', 'Cloudflare', 'Cloudflare Web Analytics', 'Content Delivery Network', 'Fireblade', 'Google', 'Google Cloud CDN', 'Google Cloud DNS', 'Google Cloud Storage', 'Google Font API', 'Nuxt.js', 'UTF-8']"
anotherchancesoberliving.com,Home,,,55,8163,2026-09-12T10:43:09.526731231Z,"['AWS WAF Challenge', 'Alternate Protocol', 'Amazon WAF Blocked', 'Authorize.net', 'Cloudflare', 'Cloudflare CDN', 'Cloudflare Web Analytics', 'Content Delivery Network', 'Fireblade', 'Google', 'Google Cloud CDN', 'Google Cloud DNS', 'Google Cloud Storage', 'Google Font API', 'Nuxt.js', 'Tailwind CSS', 'Thank You', 'UTF-8']"
ignite30.co,Ignite 30 by Rising Father,,IND,77,35240,2026-09-12T10:43:09.526450548Z,"['AWS WAF Challenge', 'Alternate Protocol', 'Apture Linking Platform', 'Authorize.net', 'Cloudflare', 'Cloudflare Web Analytics', 'Content Delivery Network', 'Facebook Conversion Tracking', 'Facebook Pixel', 'Facebook Reseller', 'Facebook Tag API', 'Financial Services Guide', 'Fireblade', 'Google', 'Google Cloud CDN', 'Google Cloud DNS', 'Google Cloud Storage', 'Google Font API', 'NFOrce Internet', 'Nuxt.js', 'UTF-8']"
casitaelitelending.com,Home | AGJ Casitas LLC,,,62,18824,2026-09-12T10:43:09.495254928Z,"['Alternate Protocol', 'Authorize.net', 'Cloudflare', 'Cloudflare Web Analytics', 'Content Delivery Network', 'Fireblade', 'Google', 'Google Cloud CDN', 'Google Cloud DNS', 'Google Cloud Storage', 'Google Font API', 'Nuxt.js', 'QUIC', 'UTF-8', 'Unsplash']"
iowaabifoundation.org,About ABI Foundation | Iowa Association of Business and Industry,,USA,72,15340,2026-09-12T10:43:09.491613552Z,"['501c3 Status Nonprofit', 'AWS WAF Challenge', 'Apache', 'Apture Linking Platform', 'Authorize.net', 'GZIP Module', 'Google Analytics', 'Google Cloud DNS', 'Google Font API', 'Google Tag Manager', 'InitiativeS', 'Twitter Ads', 'UTF-8', 'University or College', 'YouTube']"
bmfcoaching.com,Brandon Mancine Fitness,,,67,33740,2026-09-12T10:28:31.043516247Z,"['AWS WAF Challenge', 'Alternate Protocol', 'Authorize.net', 'Cloudflare', 'Cloudflare Web Analytics', 'Content Delivery Network', 'Fireblade', 'Google', 'Google Cloud CDN', 'Google Cloud DNS', 'Google Cloud Storage', 'Google Font API', 'Google Forms', 'Google My Business', 'Instagram Follow Button', 'Nuxt.js', 'Thank You', 'UTF-8']"
plurfectsmarthomeinnovations.com,"Home Automation Austin,TX | Smart Homes | PLURfect Innovations",,USA,87,18740,2026-09-12T10:18:06.431917024Z,"['Alternate Protocol', 'Authorize.net', 'CDN JS', 'Cloudflare', 'Cloudflare CDN', 'Cloudflare Web Analytics', 'Content Delivery Network', 'Fireblade', 'Google', 'Google Cloud CDN', 'Google Cloud DNS', 'Google Cloud Storage', 'Google Font API', 'Google My Business', 'Instagram Follow Button', 'Investor Relations', 'Nuxt.js', 'UTF-8']"
equityshieldgroup.com,"EquityShield Group: Protecting Real Estate Interests in San Antonio, Texas",,,67,86263,2026-09-12T10:18:06.423769269Z,"['AWS WAF Challenge', 'Alternate Protocol', 'Amazon', 'Amazon WAF Blocked', 'Authorize.net', 'CDN JS', 'Cloudflare', 'Cloudflare CDN', 'Cloudflare Web Analytics', 'Coming Soon Page', 'Content Delivery Network', 'DAV', 'Fireblade', 'Google', 'Google Cloud CDN', 'Google Cloud DNS', 'Google Cloud Storage', 'Google Font API', 'Instagram Follow Button', 'Neighborhoods', 'Nuxt.js', 'Perl', 'QUIC', 'SMC', 'Tailwind CSS', 'UTF-8', 'Unsplash', 'YouTube']"
aviyahenterprise.co,Aviyah Enterprise: Expert Credit Consulting for Financial Freedom,,,67,33740,2026-09-12T10:18:06.408412847Z,"['AWS WAF Challenge', 'Alternate Protocol', 'Authorize.net', 'Cloudflare', 'Cloudflare Web Analytics', 'Content Delivery Network', 'DAV', 'Fireblade', 'Google', 'Google Cloud CDN', 'Google Cloud DNS', 'Google Cloud Storage', 'Google Font API', 'Instagram Follow Button', 'Nuxt.js', 'QUIC', 'Share Link', 'Thank You', 'UTF-8', 'YouTube']"
goodwillevangelicalmission.org,Goodwill Evangelical Mission USA,,USA,77,33740,2026-09-12T10:09:32.953039922Z,"['AWS WAF Challenge', 'Alternate Protocol', 'Authorize.net', 'Cloudflare', 'Cloudflare Web Analytics', 'Content Delivery Network', 'Fireblade', 'Google', 'Google Cloud CDN', 'Google Cloud DNS', 'Google Cloud Storage', 'Google Font API', 'InitiativeS', 'Nuxt.js', 'QUIC', 'UTF-8', 'University or College']"
businessgrowthangels.com,Scale Your Business to 7 Figures,,,77,33740,2026-09-12T10:09:32.95121248Z,"['AWS WAF Challenge', 'Alternate Protocol', 'Apture Linking Platform', 'Authorize.net', 'Cloudflare', 'Cloudflare Web Analytics', 'Content Delivery Network', 'DAV', 'Facebook Conversion Tracking', 'Facebook Pixel', 'Facebook Reseller', 'Facebook Tag API', 'Fireblade', 'Google', 'Google Analytics', 'Google Cloud CDN', 'Google Cloud DNS', 'Google Cloud Storage', 'Google Font API', 'Google Tag Manager', 'Nuxt.js', 'Perl', 'QUIC', 'UTF-8', 'shadcn ui']"
tfxfitnessconcord.com,"Transform FX Fitness Concord, CA",,,67,58824,2026-09-12T10:09:32.934034164Z,"['AWS WAF Challenge', 'Alternate Protocol', 'Authorize.net', 'Cloudflare', 'Cloudflare Web Analytics', 'Content Delivery Network', 'Facebook Conversion Tracking', 'Facebook Pixel', 'Facebook Reseller', 'Facebook Tag API', 'Financial Services Guide', 'Fireblade', 'Google', 'Google Cloud CDN', 'Google Cloud DNS', 'Google Cloud Storage', 'Google Font API', 'HERO', 'Instagram Follow Button', 'Nuxt.js', 'UTF-8', 'Unsplash', 'Yelp Badge']"
primebydesign.co,"Prime By Design | Elite Basketball Training in Chandler , AZ",,,67,33740,2026-09-12T10:09:32.929720517Z,"['AWS WAF Challenge', 'Alternate Protocol', 'Authorize.net', 'Cloudflare', 'Cloudflare Web Analytics', 'Content Delivery Network', 'Facebook Conversion Tracking', 'Facebook Pixel', 'Facebook Reseller', 'Facebook Tag API', 'Fireblade', 'Google', 'Google Cloud CDN', 'Google Cloud DNS', 'Google Cloud Storage', 'Google Font API', 'Instagram Follow Button', 'Nuxt.js', 'UTF-8', 'University or College', 'shadcn ui']"
veselkainsurance.com,Waco Insurance Agent | Veselka Insurance Agency,,USA,92,19460,2026-09-12T10:09:32.919138327Z,"['Alternate Protocol', 'Authorize.net', 'Cloudflare', 'Cloudflare Web Analytics', 'Content Delivery Network', 'Fireblade', 'Google', 'Google Analytics', 'Google Cloud CDN', 'Google Cloud DNS', 'Google Cloud Storage', 'Google My Business', 'Google Related Website Sites', 'Google Tag Manager', 'Microdata for Google Shopping', 'Nuxt.js', 'QUIC', 'Thank You', 'UTF-8']"
warnerrobinstrunkortreat.com,Trunk or Treat,,,62,33740,2026-09-12T09:59:02.307668039Z,"['AWS WAF Challenge', 'Alternate Protocol', 'Amazon WAF Blocked', 'Authorize.net', 'Cloudflare', 'Cloudflare CDN', 'Cloudflare Web Analytics', 'Content Delivery Network', 'Fireblade', 'Google', 'Google Cloud CDN', 'Google Cloud DNS', 'Google Cloud Storage', 'Google Font API', 'Google My Business', 'Instagram Follow Button', 'Nuxt.js', 'Tailwind CSS', 'UTF-8', 'YouTube']"
sidrabeautyzone.com,Elevate Your Beauty with Expert Care | Sidra Beauty Zone,,,67,28128,2026-09-12T09:59:02.262081437Z,"['Alternate Protocol', 'Authorize.net', 'CDN JS', 'Cloudflare', 'Cloudflare CDN', 'Cloudflare Web Analytics', 'Content Delivery Network', 'Fireblade', 'GoCRM', 'Google', 'Google Cloud CDN', 'Google Cloud DNS', 'Google Cloud Storage', 'Google Font API', 'Google My Business', 'Instagram Follow Button', 'Nuxt.js', 'RM Education', 'UTF-8']"
stsurvey.com,Texas Land Surveyor | Land Surveyor Near You,,USA,77,33740,2026-09-12T09:59:02.255909389Z,"['AWS WAF Challenge', 'Alternate Protocol', 'Amazon WAF Blocked', 'Apture Linking Platform', 'Authorize.net', 'Bunny Fonts', 'Cloudflare', 'Cloudflare CDN', 'Cloudflare Web Analytics', 'Content Delivery Network', 'Fireblade', 'Google', 'Google Analytics', 'Google Cloud CDN', 'Google Cloud DNS', 'Google Cloud Storage', 'Google My Business', 'Google Tag Manager', 'Nuxt.js', 'QUIC', 'Tailwind CSS', 'UTF-8']"
teamhaircut.com,Join Teamhaircut - Exciting Stylist Opportunities Await!,,,67,3740,2026-09-12T09:46:55.258618091Z,"['Alternate Protocol', 'Authorize.net', 'Cloudflare', 'Cloudflare Web Analytics', 'Content Delivery Network', 'Facebook Conversion Tracking', 'Facebook Pixel', 'Facebook Reseller', 'Facebook Tag API', 'Google', 'Google Analytics', 'Google Cloud CDN', 'Google Cloud DNS', 'Google Cloud Storage', 'Google Font API', 'Google Tag Manager', 'Nuxt.js', 'QUIC', 'UTF-8']"
nobspropertymgmt.com,Home,,,45,1926,2026-09-12T09:46:55.246315173Z,"['Amazon', 'Amazon Associates Affiliate Shop', 'Amazon WAF Blocked', 'Apture Linking Platform', 'Authorize.net', 'CDN JS', 'CartStack', 'Cloudflare', 'Cloudflare CDN', 'DoubleClick Bid Manager', 'ElementUI', 'Facebook Reseller', 'Font Awesome', 'GZIP Module', 'Gambling Content', 'GetResponse', 'GitHub Hosting', 'Google', 'Google Analytics', 'Google Cloud DNS', 'Google Font API', 'Google Maps', 'Google Matched Content', 'Google My Business', 'Google Reseller', 'Google Tag Manager', 'Hubspot', 'Microdata for Google Shopping', 'New Relic', 'Next.js', 'Nginx', 'Ntent', 'Oddle', 'Pleroma', 'Social Intents', 'Stripe', 'Styled Components', 'UTF-8', 'Way']"
heal-love.com,Health Revolution Chiropractic | Top Rated Chiropractors in Douglas County,,IMN,77,18740,2026-09-12T09:46:55.244836766Z,"['Alternate Protocol', 'Authorize.net', 'Bunny Fonts', 'Cloudflare', 'Cloudflare Web Analytics', 'Content Delivery Network', 'Facebook Conversion Tracking', 'Facebook Pixel', 'Facebook Reseller', 'Facebook Tag API', 'Fireblade', 'Google', 'Google Cloud CDN', 'Google Cloud DNS', 'Google Cloud Storage', 'Nuxt.js', 'QUIC', 'UTF-8', 'shadcn ui']"
jonewman.com.au,Jo Newman - Home,,AUS,72,33740,2026-09-12T09:38:28.077074001Z,"['AWS WAF Challenge', 'Alternate Protocol', 'Amazon WAF Blocked', 'Authorize.net', 'Cloudflare', 'Cloudflare CDN', 'Cloudflare Web Analytics', 'Content Delivery Network', 'Fireblade', 'Google', 'Google Cloud CDN', 'Google Cloud DNS', 'Google Cloud Storage', 'Google Font API', 'Nuxt.js', 'Pixabay', 'Tailwind CSS', 'UTF-8']"
growbizai.com,Grow Biz Ai,,,72,22304,2026-09-12T09:38:28.076316591Z,"['AWS WAF Challenge', 'Alternate Protocol', 'Amazon WAF Blocked', 'Authorize.net', 'Cloudflare', 'Cloudflare CDN', 'Cloudflare Web Analytics', 'Content Delivery Network', 'Express', 'Google', 'Google Cloud CDN', 'Google Cloud DNS', 'Google Cloud Storage', 'Google Font API', 'HighLevel', 'Nuxt.js', 'Tailwind CSS', 'UTF-8']"
upliftmindandbody.com,Uplift Your Mind & Body with by prioritizing your well-being,,,77,40843,2026-09-12T09:38:28.076829031Z,"['AJAX Libraries API', 'AWS WAF Challenge', 'Alternate Protocol', 'Authorize.net', 'CDN JS', 'Cloudflare', 'Cloudflare CDN', 'Cloudflare Web Analytics', 'Content Delivery Network', 'Cornerstone', 'Fireblade', 'Glofox', 'Google', 'Google Cloud CDN', 'Google Cloud DNS', 'Google Cloud Storage', 'Google Font API', 'HighLevel', 'NFOrce Internet', 'Nuxt.js', 'UTF-8', 'jQuery']"
northtexas360.com,Professional Real Estate Photography and 360 Virtual Walk Throughs,,,67,20136,2026-09-12T09:38:28.067004589Z,"['Alternate Protocol', 'Apture Linking Platform', 'Authorize.net', 'CloudPano', 'Cloudflare', 'Cloudflare Web Analytics', 'Content Delivery Network', 'Dealer.com', 'Fireblade', 'Google', 'Google Cloud CDN', 'Google Cloud DNS', 'Google Cloud Storage', 'Google Font API', 'Google My Business', 'Nuxt.js', 'QUIC', 'UTF-8']"
energyhealinghealth.com,Home,,USA,67,68740,2026-09-12T09:26:18.532756542Z,"['Alternate Protocol', 'Authorize.net', 'Cloudflare', 'Cloudflare Web Analytics', 'Content Delivery Network', 'Fireblade', 'Google', 'Google Cloud CDN', 'Google Cloud DNS', 'Google Cloud Storage', 'Google Font API', 'Google My Business', 'Nuxt.js', 'SMC', 'UTF-8']"
