domain,title,business_name,country,seo_score,tech_spend,crawled_at,technologies
greenpacketglobal.com,HOME | Green Packet Global,,SGP,77,134421,2026-09-13T14:12:34.492586636Z,"['Amazon WAF Blocked', 'Apture Linking Platform', 'Content Delivery Network', 'DAV', 'Express', 'Fastly', 'Fastly CDN', 'GZIP Module', 'K2F', 'KVH', 'Microdata for Google Shopping', 'NFOrce Internet', 'PWA', 'Perl', 'QUIC', 'SMC', 'Seflow Italy', 'Sentry', 'SiteW', 'Subversion', 'UTF-8', 'Vector Internet Services', 'WP Booking Calendar', 'Wix', 'Wix Media', 'mlcom']"
shaniblumenfeld.com,shani blumenfeld | art,,,57,36896,2026-09-13T14:12:34.491149942Z,"['Agoda', 'Alternate Protocol', 'Amazon WAF Blocked', 'Apture Linking Platform', 'Content Delivery Network', 'Express', 'Fastly', 'Fastly CDN', 'GZIP Module', 'Google Related Website Sites', 'K2F', 'KVH', 'Microdata for Google Shopping', 'NFOrce Internet', 'PWA', 'QUIC', 'SMC', 'Seflow Italy', 'Sentry', 'SiteW', 'Subversion', 'Thank You', 'UTF-8', 'Vector Internet Services', 'Wix', 'Wix Media', 'mlcom']"
primrose-lodge.com,Lodge Rental | Primrose Lodge For Hire | England,www.jjslodge.com,GBR,72,90141,2026-09-13T14:12:34.489677634Z,"['Amazon WAF Blocked', 'Apture Linking Platform', 'Content Delivery Network', 'DAV', 'Express', 'Fastly', 'Fastly CDN', 'GZIP Module', 'Google Related Website Sites', 'Instagram Follow Button', 'Microdata for Google Shopping', 'NFOrce Internet', 'PWA', 'Perl', 'QUIC', 'SMC', 'Seflow Italy', 'Sentry', 'SiteW', 'UTF-8', 'Vector Internet Services', 'WP Booking Calendar', 'Wix', 'Wix Media', 'mlcom']"
anna-czene.com,Home | Anna Czene,Anna Czene,,65,89108,2026-09-13T14:12:34.487978173Z,"['Alternate Protocol', 'Amazon WAF Blocked', 'Apture Linking Platform', 'Content Delivery Network', 'Express', 'Fastly', 'Fastly CDN', 'GZIP Module', 'Microdata for Google Shopping', 'NFOrce Internet', 'PWA', 'QUIC', 'SMC', 'Seflow Italy', 'Sentry', 'SiteW', 'Subversion', 'UTF-8', 'Vector Internet Services', 'Wix', 'Wix Media', 'eLand', 'mlcom']"
tiqbal.com,Tariq Iqbal,,USA,60,600,2026-09-13T14:12:34.487682989Z,"['Alternate Protocol', 'CDN JS', 'Cloudflare', 'Cloudflare CDN', 'Content Delivery Network', 'Fastly', 'GZIP Module', 'GitHub Hosting', 'Google Analytics', 'Google My Business', 'Google Tag Manager', 'Jekyll', 'Microdata for Google Shopping', 'PWA', 'Schema Plugin', 'UTF-8', 'University or College']"
cheffarnaz.com,Chef | Www.cheffarnaz.com,,USA,82,89421,2026-09-13T14:12:34.483478764Z,"['Alternate Protocol', 'Amazon WAF Blocked', 'Apture Linking Platform', 'Content Delivery Network', 'DAV', 'Express', 'Fastly', 'Fastly CDN', 'GZIP Module', 'Instagram Follow Button', 'Microdata for Google Shopping', 'NFOrce Internet', 'PWA', 'Perl', 'QUIC', 'SMC', 'Seflow Italy', 'Sentry', 'SiteW', 'Thank You', 'Twitter Ads', 'UTF-8', 'Vector Internet Services', 'WP Booking Calendar', 'Wix', 'Wix Media', 'Yelp Badge', 'eLand', 'mlcom']"
steamworksaz.com,Tucson Restaurant Detailing | Power Washing | Steam Works,,,77,87108,2026-09-13T14:12:34.483367145Z,"['Alternate Protocol', 'Amazon WAF Blocked', 'Apture Linking Platform', 'Content Delivery Network', 'Fastly', 'Fastly CDN', 'GZIP Module', 'Google My Business', 'Microdata for Google Shopping', 'NFOrce Internet', 'PWA', 'QUIC', 'SMC', 'Sentry', 'SiteW', 'UTF-8', 'Vector Internet Services', 'Wix', 'Wix Media', 'eLand', 'mlcom']"
newpathhw.com,Holistic Health Practitioner | New Path Health And Wellness | Pleasant View,New Path Health and Wellness,GBR,87,106503,2026-09-13T14:12:34.48199573Z,"['AWS WAF Challenge', 'Alternate Protocol', 'Amazon WAF Blocked', 'Apture Linking Platform', 'Content Delivery Network', 'DAV', 'Ethy', 'Express', 'Fastly', 'Fastly CDN', 'GZIP Module', 'Google Customer Reviews', 'Google Related Website Sites', 'Instagram Follow Button', 'Microdata for Google Shopping', 'NFOrce Internet', 'POWr', 'PWA', 'Perl', 'QUIC', 'SMC', 'Seflow Italy', 'Sentry', 'SiteW', 'Sitelinks Search Box', 'Tailwind CSS', 'Thank You', 'UTF-8', 'Vector Internet Services', 'WP Booking Calendar', 'Wix', 'Wix Media', 'eLand', 'mlcom']"
inspired-learning-journey.com,Inspired Learning Journey | Home,Inspired Learning Journey,,82,104421,2026-09-13T14:12:34.480782391Z,"['AWS WAF Challenge', 'Alternate Protocol', 'Amazon WAF Blocked', 'Apture Linking Platform', 'Content Delivery Network', 'DAV', 'Express', 'Fastly', 'Fastly CDN', 'GZIP Module', 'Instagram Follow Button', 'Microdata for Google Shopping', 'NFOrce Internet', 'PWA', 'Perl', 'QUIC', 'SMC', 'Seflow Italy', 'Sentry', 'SiteW', 'Thank You', 'Twitter Ads', 'UTF-8', 'University or College', 'Vector Internet Services', 'WP Booking Calendar', 'Wix', 'Wix Media', 'YouTube', 'eLand', 'mlcom']"
driverpos.io,DriverPOS IO - Golf Management Software,,USA,87,19949,2026-09-13T14:12:34.479619069Z,"['AWS WAF Challenge', 'Amazon', 'Amazon CloudFront', 'Amazon Route 53', 'Ant Design Vue', 'CloudFront', 'Content Delivery Network', 'DAV', 'Fastly', 'Font Awesome', 'GZIP Module', 'Google My Business', 'Next.js', 'Pleroma', 'QUIC', 'Radix UI', 'Subversion', 'Tailwind CSS', 'UTF-8', 'University or College']"
dbbai.co.uk,Dragon Black Belt Academy | Tang Soo Do | Karate,Dragon Black Belt Academy International DBBAI,CAN,77,106141,2026-09-13T14:12:34.479539659Z,"['Amazon WAF Blocked', 'Apture Linking Platform', 'Content Delivery Network', 'DAV', 'Express', 'Fastly', 'Fastly CDN', 'GZIP Module', 'Google Related Website Sites', 'Microdata for Google Shopping', 'NFOrce Internet', 'On The Map', 'PWA', 'Perl', 'QUIC', 'SMC', 'Sentry', 'SiteW', 'UTF-8', 'Vector Internet Services', 'WP Booking Calendar', 'Wix', 'Wix Media', 'mlcom']"
knowledgekites.com,Knowledge Kites - Fly High,,IND,65,2440,2026-09-13T14:12:34.479045525Z,"['Content Delivery Network', 'DAV', 'Fastly', 'GZIP Module', 'GitHub Hosting', 'Google Cloud DNS', 'Google Font API', 'Instagram Follow Button', 'Python', 'UTF-8', 'University or College']"
stormaesthetics.co.uk,Semi-Permanent Makeup & Aesthetic Solutions in Hitchin,Storm Aesthetics,GBR,87,135237,2026-09-13T14:12:34.479114037Z,"['Alternate Protocol', 'Amazon WAF Blocked', 'Apture Linking Platform', 'Content Delivery Network', 'Contento', 'DAV', 'DC74', 'Express', 'Fastly', 'Fastly CDN', 'Fireblade', 'FormSubmit', 'Fresha', 'GZIP Module', 'Google Related Website Sites', 'Instagram Follow Button', 'Microdata for Google Shopping', 'NFOrce Internet', 'PWA', 'Perl', 'Pico CSS', 'QUIC', 'SMC', 'Seflow Italy', 'Sentry', 'SiteW', 'Thank You', 'UTF-8', 'Vector Internet Services', 'WP Booking Calendar', 'Wix', 'Wix Media', 'eLand', 'mlcom']"
joyousstays.co.uk,HOME | Joyous Stays,,GBR,75,89421,2026-09-13T14:12:34.477658054Z,"['Amazon WAF Blocked', 'Apture Linking Platform', 'Content Delivery Network', 'DAV', 'Express', 'Fastly', 'Fastly CDN', 'GZIP Module', 'Instagram Follow Button', 'Microdata for Google Shopping', 'NFOrce Internet', 'PWA', 'Perl', 'QUIC', 'SMC', 'Seflow Italy', 'Sentry', 'SiteW', 'Thank You', 'UTF-8', 'Vector Internet Services', 'WP Booking Calendar', 'Wix', 'Wix Media', 'eLand', 'mlcom']"
noellesalmi.com,Noelle Salmi,,VEN,72,93141,2026-09-13T14:12:34.476268159Z,"['Alternate Protocol', 'Amazon WAF Blocked', 'Amazon Widgets', 'Apture Linking Platform', 'Cisco/Arrowpoint Content Service Switch', 'Content Delivery Network', 'DAV', 'Fastly', 'Fastly CDN', 'GZIP Module', 'Google Related Website Sites', 'Instagram Follow Button', 'Microdata for Google Shopping', 'NFOrce Internet', 'PWA', 'Perl', 'QUIC', 'SMC', 'Sentry', 'SiteW', 'UTF-8', 'University or College', 'Vector Internet Services', 'WP Booking Calendar', 'Wix', 'Wix Media', 'eLand', 'mlcom']"
magnoliaavenuesalon.com,Best Salon In Fort Worth | Magnolia Avenue Salon | United States,Magnolia Avenue Salon,USA,87,260990,2026-09-13T14:12:34.47671305Z,"['Alternate Protocol', 'Amazon WAF Blocked', 'Amazon Widgets', 'Apture Linking Platform', 'Content Delivery Network', 'Demandforce', 'Express', 'Fastly', 'Fastly CDN', 'GZIP Module', 'Google My Business', 'Google Related Website Sites', 'Instagram Follow Button', 'K2F', 'KVH', 'Microdata for Google Shopping', 'NFOrce Internet', 'POWr', 'PWA', 'QUIC', 'SMC', 'Salesforce Experience Cloud', 'Seflow Italy', 'Sentry', 'SiteW', 'Subversion', 'Twitter Ads', 'UTF-8', 'Vector Internet Services', 'Wix', 'Wix Media', 'Yelp Badge', 'YouTube', 'eLand', 'mlcom']"
massagen8.co.uk,"Massage N8 | Massage Therapist | Coolhurst Tennis & Squash Club, Coolhurst Road, London, UK",Massage N8,GBR,87,140141,2026-09-13T14:12:34.47683293Z,"['Alternate Protocol', 'Amazon WAF Blocked', 'Apture Linking Platform', 'Content Delivery Network', 'DAV', 'DC74', 'Express', 'Fastly', 'Fastly CDN', 'GZIP Module', 'Google Related Website Sites', 'K2F', 'KVH', 'Microdata for Google Shopping', 'NFOrce Internet', 'PWA', 'Perl', 'QUIC', 'SMC', 'Seflow Italy', 'Sentry', 'SiteW', 'Subversion', 'Thank You', 'UTF-8', 'Vector Internet Services', 'WP Booking Calendar', 'Wix', 'Wix Media', 'eLand', 'mlcom']"
skeshstudio.com,SkeshStudio | Character Design Artist,,,67,104583,2026-09-13T14:12:34.475696689Z,"['501c3 Status Nonprofit', 'AWS WAF Challenge', 'Alternate Protocol', 'Amazon WAF Blocked', 'Apture Linking Platform', 'Content Delivery Network', 'DAV', 'Express', 'Fastly', 'Fastly CDN', 'GZIP Module', 'Instagram Follow Button', 'Microdata for Google Shopping', 'NFOrce Internet', 'POWr', 'PWA', 'Perl', 'QUIC', 'SMC', 'Seflow Italy', 'Sentry', 'SiteW', 'Sitelinks Search Box', 'Thank You', 'UTF-8', 'Vector Internet Services', 'WP Booking Calendar', 'Wix', 'Wix Media', 'eLand', 'mlcom']"
uniquerenovation.llc,Rebuild Your Home | Unique Renovation | Salem & Surrounding Areas,Unique Renovation LLC,USA,67,89421,2026-09-13T14:12:34.474246493Z,"['Alternate Protocol', 'Amazon WAF Blocked', 'Apture Linking Platform', 'Content Delivery Network', 'DAV', 'Express', 'Fastly', 'Fastly CDN', 'GZIP Module', 'Microdata for Google Shopping', 'NFOrce Internet', 'PWA', 'Perl', 'QUIC', 'SMC', 'Seflow Italy', 'Sentry', 'SiteW', 'Sitelinks Search Box', 'Thank You', 'UTF-8', 'Vector Internet Services', 'WP Booking Calendar', 'Wix', 'Wix Media', 'eLand', 'mlcom']"
down2bikeproject.com,Enter Site | Down 2 Bike Project,Down 2 Bike Project,,60,27324,2026-09-13T14:12:34.473936707Z,"['AWS WAF Challenge', 'Amazon WAF Blocked', 'Apture Linking Platform', 'Content Delivery Network', 'Express', 'Fastly', 'Fastly CDN', 'GZIP Module', 'Microdata for Google Shopping', 'NFOrce Internet', 'PWA', 'QUIC', 'SMC', 'Schedulista', 'Seflow Italy', 'Sentry', 'SiteW', 'UTF-8', 'Vector Internet Services', 'Wix', 'Wix Media', 'eLand', 'mlcom']"
niwatts.info,Home | Inhale,,,65,104421,2026-09-13T14:12:34.472934437Z,"['AWS WAF Challenge', 'Alternate Protocol', 'Amazon WAF Blocked', 'Apture Linking Platform', 'Content Delivery Network', 'DAV', 'Express', 'Fastly', 'Fastly CDN', 'GZIP Module', 'Microdata for Google Shopping', 'NFOrce Internet', 'PWA', 'Perl', 'QUIC', 'SMC', 'Seflow Italy', 'Sentry', 'SiteW', 'Thank You', 'UTF-8', 'Vector Internet Services', 'WP Booking Calendar', 'Wix', 'Wix Media', 'eLand', 'mlcom']"
charlestonharborfishhouse.com,Charleston Harbor Fish House | Fresh Local Seafood,,USA,70,57244,2026-09-13T14:12:34.470474219Z,"['Alternate Protocol', 'Automattic', 'BatCache', 'Content Delivery Network', 'Digital Ocean Spaces', 'Divi', 'Elegant Themes', 'EmbedPress', 'Fastly', 'Fireblade', 'Google', 'Google Cloud CDN', 'Google Cloud DNS', 'Google Customer Reviews', 'Google Font API', 'Google My Business', 'Harbor', 'Instagram Follow Button', 'Jetpack', 'Kinsta', 'Nginx', 'OpenTable', 'PHP', 'QUIC', 'The Fresh', 'Theme In WP', 'Twitter Ads', 'UTF-8', 'UserWay', 'Woo Themes', 'WordPress', 'WordPress Multisite', 'WordPress Stats', 'eLand', 'jQuery', 'reCAPTCHA']"
projectwhyus.org,Project Why US | Non-Profit,,GBR,87,104608,2026-09-13T14:12:34.468640075Z,"['AWS WAF Challenge', 'Alternate Protocol', 'Amazon WAF Blocked', 'Apture Linking Platform', 'Content Delivery Network', 'Express', 'Fastly', 'Fastly CDN', 'GZIP Module', 'Heroku', 'InitiativeS', 'Instagram Follow Button', 'Microdata for Google Shopping', 'NFOrce Internet', 'PWA', 'QUIC', 'SMC', 'Seflow Italy', 'Sentry', 'SiteW', 'Tailwind CSS', 'UTF-8', 'University or College', 'Vector Internet Services', 'Wix', 'Wix Media', 'eLand', 'mlcom']"
blackwoodshealthcarelc.ca,"Home | Blackwood's Healthcare Learning Center Inc. NCLEX Prep, REx-PN, BLS",Blackwood's Healthcare Learning Center,USA,87,150180,2026-09-13T14:12:34.465403239Z,"['AWS WAF Challenge', 'Alternate Protocol', 'Amazon WAF Blocked', 'Apture Linking Platform', 'Coming Soon Page', 'Content Delivery Network', 'DAV', 'Express', 'Fastly', 'Fastly CDN', 'Financial Services Guide', 'GZIP Module', 'Google Related Website Sites', 'K2F', 'KVH', 'Microdata for Google Shopping', 'NFOrce Internet', 'PWA', 'Perl', 'QUIC', 'SMC', 'Seflow Italy', 'Sentry', 'SiteW', 'Sitelinks Search Box', 'Subversion', 'Thank You', 'UTF-8', 'Vector Internet Services', 'WP Booking Calendar', 'Wix', 'Wix Media', 'YouTube', 'eLand', 'mlcom']"
morningviewkbc.com,"HOME | Kenton Baptist Church 14071 Decoursey Pike, Morning View, KY 41063",,,67,110141,2026-09-13T14:12:34.464239104Z,"['Alternate Protocol', 'Amazon WAF Blocked', 'Apture Linking Platform', 'Content Delivery Network', 'DAV', 'Express', 'Fastly', 'Fastly CDN', 'Financial Services Guide', 'GZIP Module', 'Google Related Website Sites', 'KVH', 'Microdata for Google Shopping', 'NFOrce Internet', 'PWA', 'Perl', 'QUIC', 'SMC', 'Seflow Italy', 'Sentry', 'SiteW', 'Sitelinks Search Box', 'Thank You', 'UTF-8', 'Vector Internet Services', 'WP Booking Calendar', 'Wix', 'Wix Media', 'mlcom']"
silverstreamclydesdales.com,Home | Silverstream Clydesdales,www.silverstreamclydesdales.com,,80,149583,2026-09-13T14:12:34.464583313Z,"['AWS WAF Challenge', 'Alternate Protocol', 'Amazon WAF Blocked', 'Apture Linking Platform', 'Content Delivery Network', 'DAV', 'Express', 'Fastly', 'Fastly CDN', 'GZIP Module', 'Instagram Follow Button', 'K2F', 'KVH', 'Microdata for Google Shopping', 'NFOrce Internet', 'POWr', 'PWA', 'Perl', 'QUIC', 'SMC', 'Seflow Italy', 'Sentry', 'SiteW', 'Subversion', 'Thank You', 'Twitter Ads', 'UTF-8', 'Vector Internet Services', 'WP Booking Calendar', 'Wix', 'Wix Media', 'YouTube', 'eLand', 'mlcom']"
canastafit.com,Canasta Fit - Productos,,,50,8100,2026-09-13T14:12:34.462180853Z,"['Content Delivery Network', 'Drata', 'Fastly', 'GZIP Module', 'GitHub Hosting', 'Tailwind CSS', 'UTF-8']"
orangecultures.com,Take a step from local to global success - Orange Cultures,Orange Cultures,AUS,72,2499,2026-09-13T14:12:34.461958068Z,"['Alternate Protocol', 'Content Delivery Network', 'Fastly', 'Font Awesome', 'GZIP Module', 'GitHub Hosting', 'Jekyll', 'Microdata for Google Shopping', 'Twitter Ads', 'UTF-8']"
swinginmusic.no,Recording Studio | Swingin' Music | Oslo,,NOR,72,90141,2026-09-13T14:12:34.460230384Z,"['Alternate Protocol', 'Amazon WAF Blocked', 'Apture Linking Platform', 'Content Delivery Network', 'DAV', 'Express', 'Fastly', 'Fastly CDN', 'GZIP Module', 'Google Related Website Sites', 'Instagram Follow Button', 'Microdata for Google Shopping', 'NFOrce Internet', 'PWA', 'Perl', 'QUIC', 'SMC', 'Seflow Italy', 'Sentry', 'SiteW', 'UTF-8', 'Vector Internet Services', 'WP Booking Calendar', 'Wix', 'Wix Media', 'mlcom']"
luxelinenpartyessentials.com,Home | Luxe Linen,,,55,26985,2026-09-13T14:12:34.460126638Z,"['Alternate Protocol', 'Amazon WAF Blocked', 'Apture Linking Platform', 'Content Delivery Network', 'DAV', 'Express', 'Fastly', 'Fastly CDN', 'GZIP Module', 'Microdata for Google Shopping', 'NFOrce Internet', 'PWA', 'Perl', 'QUIC', 'SMC', 'Seflow Italy', 'Sentry', 'SiteW', 'UTF-8', 'Vector Internet Services', 'WP Booking Calendar', 'Wix', 'Wix Media', 'eLand', 'mlcom']"
efficient-partner.com,HOME | My Site 2,,,60,54560,2026-09-13T14:12:34.458769814Z,"['Amazon WAF Blocked', 'Apture Linking Platform', 'Aruba', 'Content Delivery Network', 'Contento', 'DAV', 'Express', 'Fastly', 'Fastly CDN', 'Fireblade', 'FormSubmit', 'GZIP Module', 'K2F', 'KVH', 'NFOrce Internet', 'PWA', 'Perl', 'Pico CSS', 'QUIC', 'SMC', 'Seflow Italy', 'Sentry', 'SiteW', 'Subversion', 'Thank You', 'UTF-8', 'Vector Internet Services', 'WP Booking Calendar', 'Wix', 'Wix Media', 'eLand', 'mlcom']"
freedomlogistic.com,INICIO | Freedom Logistics,,MEX,60,36985,2026-09-13T14:12:34.457845881Z,"['Amazon WAF Blocked', 'Apture Linking Platform', 'Content Delivery Network', 'DAV', 'Express', 'Fastly', 'Fastly CDN', 'GZIP Module', 'K2F', 'KVH', 'Microdata for Google Shopping', 'NFOrce Internet', 'PWA', 'Perl', 'QUIC', 'SMC', 'Seflow Italy', 'Sentry', 'SiteW', 'Subversion', 'Tailwind CSS', 'UTF-8', 'Vector Internet Services', 'WP Booking Calendar', 'Wix', 'Wix Media', 'mlcom']"
teamlinkbjjglastonbury.com,Brazilian Jiu Jitsu | Team Link Glastonbury | United States,,USA,72,107541,2026-09-13T14:12:34.454263995Z,"['AWS WAF Challenge', 'Amazon', 'Amazon WAF Blocked', 'Apture Linking Platform', 'Content Delivery Network', 'DAV', 'Express', 'Fastly', 'Fastly CDN', 'GZIP Module', 'Google Related Website Sites', 'Instagram Follow Button', 'NFOrce Internet', 'PWA', 'Perl', 'QUIC', 'SMC', 'Seflow Italy', 'Sentry', 'SiteW', 'UTF-8', 'Vector Internet Services', 'WP Booking Calendar', 'Wix', 'Wix Media', 'mlcom']"
welcometotheshadows.com,Home | Welcome To The Shado,Welcome to the Shadows,,65,87108,2026-09-13T14:12:34.452150309Z,"['Alternate Protocol', 'Amazon WAF Blocked', 'Amazon Widgets', 'Apture Linking Platform', 'Content Delivery Network', 'Fastly', 'Fastly CDN', 'GZIP Module', 'Microdata for Google Shopping', 'NFOrce Internet', 'PWA', 'QUIC', 'SMC', 'Sentry', 'SiteW', 'Sitelinks Search Box', 'UTF-8', 'Vector Internet Services', 'Wix', 'Wix Media', 'mlcom']"
keeperssushi.com,Authentic Japanese in Sugar Land | Keeper's,,USA,77,14577,2026-09-13T14:12:34.452643704Z,"['ElementUI', 'Fastly', 'GZIP Module', 'Google Analytics', 'Google My Business', 'Google Tag Manager', 'GrubHub', 'IcoMoon', 'Microsoft Authentication Library for JavaScript', 'OpenTable', 'Resy', 'SushiSwap', 'Tailwind CSS', 'Toast POS', 'UTF-8', 'WP Job Manager', 'Yelp Badge', 'jQuery']"
daelmanconsulting.com,MEETING ORGANISERS | Daelman Consulting,Daelman Consulting Sarl,,82,106328,2026-09-13T14:04:43.903017579Z,"['Amazon WAF Blocked', 'Apture Linking Platform', 'Content Delivery Network', 'Fastly', 'Fastly CDN', 'GZIP Module', 'Google Related Website Sites', 'Heroku', 'Microdata for Google Shopping', 'NFOrce Internet', 'On The Map', 'PWA', 'QUIC', 'SMC', 'Sentry', 'SiteW', 'UTF-8', 'Vector Internet Services', 'Wix', 'Wix Media', 'eLand', 'mlcom']"
naichengliu.com,Naicheng Liu | Character Design,,,40,26896,2026-09-13T14:04:43.902841123Z,"['Amazon WAF Blocked', 'Apture Linking Platform', 'Content Delivery Network', 'Express', 'Fastly', 'Fastly CDN', 'GZIP Module', 'Instagram Follow Button', 'Microdata for Google Shopping', 'NFOrce Internet', 'PWA', 'QUIC', 'SMC', 'Seflow Italy', 'Sentry', 'SiteW', 'UTF-8', 'University or College', 'Vector Internet Services', 'Wix', 'Wix Media', 'mlcom']"
bowerbirdphotography.com,Bowerbird Photography,Bowerbird Photography,,62,9381,2026-09-13T14:04:43.899430151Z,"['Adobe Creative Cloud WebFonts', 'Aruba', 'Cisco/Arrowpoint Content Service Switch', 'Express', 'Fastly', 'GZIP Module', 'Google Analytics', 'Google Tag Manager', 'IcoMoon', 'Instagram Follow Button', 'Line2', 'Microdata for Google Shopping', 'QUIC', 'Squarespace', 'UTF-8', 'Vimeo CDN', 'WordPress SEO Structured Data Schema Plugin', 'YouTube', 'eLand']"
carpooltributeband.com,Home - Carpool Tribute Band,Carpool Tribute Band,USA,72,3986,2026-09-13T14:04:43.897116145Z,"['Adult Content', 'Alternate Protocol', 'Apache', 'Apture Linking Platform', 'Bandsintown', 'Contact Form Plugin', 'EmbedPress', 'Endurance Page Cache', 'Facebook Login', 'Facebook Messenger Platform', 'Facebook Reseller', 'Fastly', 'Font Awesome', 'FreeCSSTemplates', 'GZIP Module', 'Google Cloud DNS', 'Google Font API', 'Google My Business', 'Instagram Follow Button', 'Meta Slider for WordPress', 'Microdata for Google Shopping', 'PHP', 'Simple Lightbox', 'Theme In WP', 'UTF-8', 'WoWonder', 'WordPress', 'WordPress Multisite', 'YouTube', 'jQuery', 'reCAPTCHA']"
rawnews1st.net,RawNews1st - Reliability since2020,,USA,82,4915,2026-09-13T14:04:43.889626767Z,"['Adult Content', 'Alternate Protocol', 'Apache', 'CoverNews', 'EmbedPress', 'Endurance Page Cache', 'Fastly', 'Format', 'GZIP Module', 'Google Analytics', 'Google My Business', 'Google Tag Manager', 'Jetpack', 'Microdata for Google Shopping', 'MonsterInsights', 'OneSignal', 'PHP', 'PayPal Adaptive Payments', 'PayPal Button', 'PayPal Form', 'Sassy Social Share', 'Tailwind CSS', 'Theme In WP', 'UTF-8', 'Video Embed and Thumbnail Generator', 'Woo Themes', 'WordPress', 'WordPress Multisite', 'eLand', 'jQuery']"
xcelerateit.ai,XcelerateIT | Automation,XcelerateIT,IND,87,90141,2026-09-13T14:04:43.887431678Z,"['Alternate Protocol', 'Amazon WAF Blocked', 'Apture Linking Platform', 'Content Delivery Network', 'DAV', 'Express', 'Fastly', 'Fastly CDN', 'GZIP Module', 'Google Related Website Sites', 'Instagram Follow Button', 'Microdata for Google Shopping', 'NFOrce Internet', 'PWA', 'Perl', 'Python', 'QUIC', 'SMC', 'Seflow Italy', 'Sentry', 'SiteW', 'Thank You', 'Twitter Ads', 'UTF-8', 'Vector Internet Services', 'WP Booking Calendar', 'Wix', 'Wix Media', 'eLand', 'mlcom']"
noeticproductions.com,Noetic Wedding Films,,USA,67,9960,2026-09-13T14:04:43.884982306Z,"['Adobe Creative Cloud WebFonts', 'Content Delivery Network', 'Fastly', 'Fastly CDN', 'GZIP Module', 'Instagram Follow Button', 'UTF-8', 'YouTube']"
thomaslarson.art,Thomas Larson,,ZAF,42,1320,2026-09-13T14:04:43.880184906Z,"['Adobe Creative Cloud WebFonts', 'Content Delivery Network', 'Fastly', 'Fastly CDN', 'GZIP Module', 'Instagram Follow Button', 'UTF-8', 'YouTube']"
penumbraone.com,Max Vanden Eynden | PENUMBRA ONE PRODUCTIONS,,,57,1320,2026-09-13T14:04:43.880700484Z,"['Adobe Creative Cloud WebFonts', 'Content Delivery Network', 'Fastly', 'Fastly CDN', 'GZIP Module', 'Instagram Follow Button', 'UTF-8', 'YouTube']"
lookmal.com,lookmal.com photography portfolio,,,57,1320,2026-09-13T14:04:43.876179579Z,"['Adobe Creative Cloud WebFonts', 'Content Delivery Network', 'Fastly', 'Fastly CDN', 'GZIP Module', 'Twitter Ads', 'UTF-8']"
arcadiapress.co,"Arcadia Press | An agency for ideas worth crafting, and sharing with the world.",,,62,2439,2026-09-13T14:04:43.874835043Z,"['Alternate Protocol', 'Coming Soon Page', 'Content Delivery Network', 'Fastly', 'GZIP Module', 'GitHub Hosting', 'Jekyll', 'Microdata for Google Shopping', 'Tailwind CSS', 'UTF-8']"
romansandoz.ch,Roman Sandoz,,CHE,52,1320,2026-09-13T14:04:43.86946589Z,"['Adobe Creative Cloud WebFonts', 'Content Delivery Network', 'Fastly', 'Fastly CDN', 'GZIP Module', 'Instagram Follow Button', 'UTF-8']"
objectshipping.com,HOME | Object Shipping 1,,,50,26985,2026-09-13T14:04:43.864788792Z,"['Amazon WAF Blocked', 'Apture Linking Platform', 'Coming Soon Page', 'Content Delivery Network', 'DAV', 'Express', 'Fastly', 'Fastly CDN', 'GZIP Module', 'Microdata for Google Shopping', 'NFOrce Internet', 'PWA', 'Perl', 'QUIC', 'SMC', 'Seflow Italy', 'Sentry', 'SiteW', 'Thank You', 'UTF-8', 'Vector Internet Services', 'WP Booking Calendar', 'Wix', 'Wix Media', 'eLand', 'mlcom']"
trafficplansnz.com,Home | TRAFFIC PLANS NZ,TRAFFIC PLANS NZ,GBR,87,102828,2026-09-13T14:04:43.864479826Z,"['AWS WAF Challenge', 'Amazon WAF Blocked', 'Apture Linking Platform', 'Content Delivery Network', 'Fastly', 'Fastly CDN', 'GZIP Module', 'Google Related Website Sites', 'Microdata for Google Shopping', 'NFOrce Internet', 'PWA', 'QUIC', 'SMC', 'Sentry', 'SiteW', 'UTF-8', 'Vector Internet Services', 'Wix', 'Wix Media', 'eLand', 'mlcom']"
mbscsurgery.org,Michigan Bariatric Surgery Collaborative (MBSC),Michigan Bariatric Surgery Collaborative,USA,77,89828,2026-09-13T14:04:43.864215197Z,"['Alternate Protocol', 'Amazon WAF Blocked', 'App Store', 'Apture Linking Platform', 'Content Delivery Network', 'DAV', 'Express', 'Fastly', 'Fastly CDN', 'Financial Services Guide', 'GZIP Module', 'Google Related Website Sites', 'InitiativeS', 'Microdata for Google Shopping', 'NFOrce Internet', 'PWA', 'QUIC', 'SMC', 'Seflow Italy', 'Sentry', 'SiteW', 'Sitelinks Search Box', 'Subversion', 'Twitter Ads', 'UTF-8', 'University or College', 'Vector Internet Services', 'Wix', 'Wix Media', 'YouTube', 'mlcom']"
heartlandworshipmtc.org,Church | Heartland Worship Center | United States,,,67,134828,2026-09-13T14:04:43.862566433Z,"['Alternate Protocol', 'Amazon WAF Blocked', 'Apture Linking Platform', 'Content Delivery Network', 'Express', 'Fastly', 'Fastly CDN', 'GZIP Module', 'Google Related Website Sites', 'K2F', 'KVH', 'Microdata for Google Shopping', 'NFOrce Internet', 'PWA', 'QUIC', 'SMC', 'Seflow Italy', 'Sentry', 'SiteW', 'Subversion', 'UTF-8', 'Vector Internet Services', 'Wix', 'Wix Media', 'eLand', 'mlcom']"
flgal.org,Florida Guardian ad Litem Foundation | For Children,,USA,75,3298,2026-09-13T14:04:43.861820378Z,"['Alternate Protocol', 'Autoptimize', 'Content Delivery Network', 'Custom Facebook Feed', 'Divi', 'Elegant Themes', 'EmbedPress', 'Fastly', 'Font Awesome', 'GZIP Module', 'Google Analytics', 'Google Cloud DNS', 'Google Font API', 'Google Maps', 'Google My Business', 'Google Tag Manager', 'Jetpack', 'MonsterInsights', 'PHP', 'Theme In WP', 'UTF-8', 'Woo Themes', 'WordPress', 'WordPress Multisite']"
thefastwayout.com,The Fast Way Out,,,57,26896,2026-09-13T14:04:43.858378441Z,"['Alternate Protocol', 'Amazon WAF Blocked', 'Apture Linking Platform', 'Content Delivery Network', 'Express', 'Fastly', 'Fastly CDN', 'GZIP Module', 'Google Related Website Sites', 'Instagram Follow Button', 'Microdata for Google Shopping', 'NFOrce Internet', 'PWA', 'QUIC', 'SMC', 'Seflow Italy', 'Sentry', 'SiteW', 'Thank You', 'UTF-8', 'Vector Internet Services', 'Wix', 'Wix Media', 'mlcom']"
thedoshierteam.com,Outer Banks Real Estate | OBX Realtors | Outer Banks Realty,The Doshier Team,USA,87,20006,2026-09-13T14:04:43.857623172Z,"['Alternate Protocol', 'CDN JS', 'Cloudflare', 'Cloudflare CDN', 'Content Delivery Network', 'EmbedPress', 'Fastly', 'Fireblade', 'GenerateBlocks', 'Google My Business', 'Microdata for Google Shopping', 'Microsoft Clarity', 'PHP', 'QUIC', 'Sitelinks Search Box', 'StackPath', 'Theme In WP', 'UTF-8', 'Ultimate Addons for Gutenberg', 'Widget Options', 'WordPress', 'WordPress Multisite', 'jQuery']"
aryaweddington.com,Home | ARYA • Weddington,,USA,70,134421,2026-09-13T14:04:43.856630566Z,"['Alternate Protocol', 'Amazon WAF Blocked', 'Apture Linking Platform', 'Content Delivery Network', 'DAV', 'Express', 'Fastly', 'Fastly CDN', 'GZIP Module', 'Instagram Follow Button', 'K2F', 'KVH', 'Microdata for Google Shopping', 'NFOrce Internet', 'PWA', 'Perl', 'Pico CSS', 'QUIC', 'SMC', 'Seflow Italy', 'Sentry', 'SiteW', 'Subversion', 'Thank You', 'UTF-8', 'Vector Internet Services', 'WP Booking Calendar', 'Wix', 'Wix Media', 'mlcom']"
upforbreakfastvt.com,Home | Up For Breakfast,,GBR,72,89990,2026-09-13T14:04:43.853745557Z,"['Amazon WAF Blocked', 'Apture Linking Platform', 'Content Delivery Network', 'Express', 'Fastly', 'Fastly CDN', 'GZIP Module', 'Google Related Website Sites', 'Microdata for Google Shopping', 'NFOrce Internet', 'POWr', 'PWA', 'QUIC', 'SMC', 'Seflow Italy', 'Sentry', 'SiteW', 'UTF-8', 'Vector Internet Services', 'Wix', 'Wix Media', 'mlcom']"
shaggyheadmusic.com,Home | Shaggy Head Music,,USA,75,119421,2026-09-13T14:04:43.853829033Z,"['Amazon WAF Blocked', 'Apture Linking Platform', 'Content Delivery Network', 'DAV', 'Express', 'Fastly', 'Fastly CDN', 'Financial Services Guide', 'GZIP Module', 'Instagram Follow Button', 'Microdata for Google Shopping', 'NFOrce Internet', 'PWA', 'Perl', 'QUIC', 'SMC', 'Seflow Italy', 'Sentry', 'SiteW', 'Subversion', 'Tailwind CSS', 'The Fresh', 'UTF-8', 'Vector Internet Services', 'WP Booking Calendar', 'Wix', 'Wix Media', 'YouTube', 'eLand', 'mlcom']"
laurapatonphotography.com,Laura Paton Photography,Laura Paton Photography,,72,114421,2026-09-13T14:04:43.851629709Z,"['Alternate Protocol', 'Amazon WAF Blocked', 'Apture Linking Platform', 'Content Delivery Network', 'DAV', 'Express', 'Facebook Embedded Posts', 'Fastly', 'Fastly CDN', 'GZIP Module', 'K2F', 'Microdata for Google Shopping', 'NFOrce Internet', 'PWA', 'Perl', 'QUIC', 'SMC', 'Seflow Italy', 'Sentry', 'SiteW', 'Subversion', 'Thank You', 'Twitter Ads', 'UTF-8', 'Vector Internet Services', 'WP Booking Calendar', 'Wix', 'Wix Media', 'mlcom']"
thinkstylist.co.uk,"Think Stylist | Insights agency | London, UK",Think Stylist,,82,95141,2026-09-13T14:04:43.850510853Z,"['Alternate Protocol', 'Amazon WAF Blocked', 'Apture Linking Platform', 'Content Delivery Network', 'DAV', 'DC74', 'Express', 'Fastly', 'Fastly CDN', 'GZIP Module', 'Google Related Website Sites', 'Microdata for Google Shopping', 'NFOrce Internet', 'PWA', 'Perl', 'QUIC', 'SMC', 'Seflow Italy', 'Sentry', 'SiteW', 'Sitelinks Search Box', 'UTF-8', 'Vector Internet Services', 'WP Booking Calendar', 'Wix', 'Wix Media', 'eLand', 'mlcom']"
favoursandfrosting.co.uk,"Favours & Frosting | Handcrafted Cupcakes, Cupcake Bouquets, Cakes, Favours, Tablet & Sweet Gifts in Scotland",Favours and Frosting,GBR,87,89828,2026-09-13T14:04:43.839390842Z,"['501c3 Status Nonprofit', 'Amazon WAF Blocked', 'Apture Linking Platform', 'Content Delivery Network', 'Express', 'Fastly', 'Fastly CDN', 'GZIP Module', 'Google Related Website Sites', 'Instagram Follow Button', 'Microdata for Google Shopping', 'NFOrce Internet', 'PWA', 'QUIC', 'SMC', 'Seflow Italy', 'Sentry', 'SiteW', 'Thank You', 'UTF-8', 'Vector Internet Services', 'Wix', 'Wix Media', 'eLand', 'mlcom']"
ftbev.com,"Fischer-Thompson Beverages, Inc. | Morris County NJ Beverage Distributor | 25 Ironia Rd, Flanders, NJ, USA","Fischer-Thompson Beverages, Inc. ",USA,67,150254,2026-09-13T14:04:43.839040124Z,"['Alternate Protocol', 'Amazon WAF Blocked', 'Apture Linking Platform', 'Content Delivery Network', 'Express', 'Fastly', 'Fastly CDN', 'Fireblade', 'FormSubmit', 'GZIP Module', 'Google Related Website Sites', 'K2F', 'KVH', 'Microdata for Google Shopping', 'NFOrce Internet', 'No-Q', 'PHP', 'PWA', 'Perl', 'Pico CSS', 'QUIC', 'SMC', 'Seflow Italy', 'Sentry', 'SiteW', 'Sitelinks Search Box', 'Subversion', 'UTF-8', 'Vector Internet Services', 'Wix', 'Wix Media', 'mlcom']"
pompickleball.com,Best pickleball paddles factory expert near me -Good price,Pickleball paddles factory pickleball balls manufacturer pickleball sets carbon fiber paddles factory Glass fibre paddles supplier what is pickleball,CHN,87,3506,2026-09-13T14:04:43.839498755Z,"['Agoda', 'Alternate Protocol', 'Content Delivery Network', 'Elementor', 'ElementsKit Elementor', 'EmbedPress', 'Fastly', 'Google Analytics', 'Google Tag Manager', 'Hello Elementor', 'Line2', 'LiteSpeed', 'Microdata for Google Shopping', 'PHP', 'QUIC', 'QUIC.cloud', 'UTF-8', 'Woo Themes', 'WordPress', 'WordPress Multisite', 'YouTube']"
qwerks.repair,Q.Werks Complete Automotive Restoration | Union Grove | Home,"Q.Werks Complete Automotive Restoration, LLC",CAN,72,134828,2026-09-13T14:04:43.839151722Z,"['Alternate Protocol', 'Amazon WAF Blocked', 'Apture Linking Platform', 'Content Delivery Network', 'Express', 'Facebook Customer Chat SDK', 'Facebook Embedded Posts', 'Facebook Login', 'Facebook Messenger Platform', 'Facebook Reseller', 'Fastly', 'Fastly CDN', 'GZIP Module', 'Google My Business', 'Google Related Website Sites', 'Instagram Follow Button', 'K2F', 'KVH', 'Microdata for Google Shopping', 'NFOrce Internet', 'PWA', 'QUIC', 'SMC', 'Seflow Italy', 'Sentry', 'SiteW', 'Subversion', 'UTF-8', 'University or College', 'Vector Internet Services', 'Wix', 'Wix Media', 'YouTube', 'mlcom']"
abode-cbs.com.au,ACB&S - Abode Curtains Blinds & Shutters | Melbourne,ACB&amp;S - Abode Curtains Blinds and Shutters,AUS,77,105843,2026-09-13T14:04:43.838209643Z,"['123FormBuilder', 'Alternate Protocol', 'Amazon WAF Blocked', 'Apture Linking Platform', 'Content Delivery Network', 'DAV', 'Express', 'Fastly', 'Fastly CDN', 'Fireblade', 'GZIP Module', 'Google Analytics', 'Google Conversion Tracking', 'Google Related Website Sites', 'Google Tag Manager', 'Investor Relations', 'Microdata for Google Shopping', 'NFOrce Internet', 'POWr', 'PWA', 'Perl', 'QUIC', 'SMC', 'Seflow Italy', 'Sentry', 'SiteW', 'Thank You', 'UTF-8', 'Vector Internet Services', 'WP Booking Calendar', 'Wix', 'Wix Media', 'mlcom']"
belcanfran.com,BelCanFran | Exchange Program,,,67,88328,2026-09-13T14:04:43.838377896Z,"['Alternate Protocol', 'Amazon WAF Blocked', 'Apture Linking Platform', 'Content Delivery Network', 'Fastly', 'Fastly CDN', 'GZIP Module', 'Google Related Website Sites', 'Heroku', 'Microdata for Google Shopping', 'NFOrce Internet', 'PWA', 'QUIC', 'SMC', 'Sentry', 'Share Link', 'SiteW', 'UTF-8', 'Vector Internet Services', 'Wix', 'Wix Media', 'mlcom']"
musicianlove.com,Musician Love – Love| Respect| Admiration| Resources|. . . for the musician community|,,,67,26047,2026-09-13T14:04:43.836314286Z,"['AWS WAF Challenge', 'Alternate Protocol', 'Automattic', 'Automattic Direct', 'BatCache', 'Content Delivery Network', 'EmbedPress', 'Express', 'Fastly', 'Global Privacy Control', 'Google Analytics', 'Instagram Follow Button', 'Jetpack', 'Jetpack Site Accelerator', 'Microdata for Google Shopping', 'Negate', 'Nginx', 'PHP', 'Perl', 'Schema Plugin', 'Share Link', 'Tailwind CSS', 'Theme In WP', 'Twenty Sixteen', 'Twitter Ads', 'US Privacy User Signal Mechanism', 'UTF-8', 'WordPress', 'WordPress Multisite', 'WordPress Stats']"
pencil2d.org,Pencil2D Animation | Open Source animation software,,,62,18340,2026-09-13T14:04:43.835920973Z,"['Atlassian Bitbucket', 'BLR', 'Content Delivery Network', 'Fastly', 'FreeBSD', 'GZIP Module', 'GitHub Hosting', 'Google Analytics', 'Google Cloud DNS', 'Google Font API', 'Google Tag Manager', 'Jekyll', 'Microdata for Google Shopping', 'Schema Plugin', 'Tumblr', 'Twitter Ads', 'UTF-8', 'Vector Internet Services', 'YouTube']"
physio-doering.ch,Physio Döring am Zürisee,,,60,603,2026-09-13T14:04:43.835809485Z,"['Content Delivery Network', 'ElementUI', 'Fastly', 'GZIP Module', 'GitHub Hosting', 'Google Cloud DNS', 'Google Font API', 'TIMIFY', 'Tailwind CSS', 'UTF-8', 'jQuery']"
robinclaytoncounselling.com,"Robin Clayton Counselling | Counselling | Guildford, UK",,CAN,87,105141,2026-09-13T14:04:43.834363856Z,"['Amazon WAF Blocked', 'Apture Linking Platform', 'Content Delivery Network', 'DAV', 'Express', 'Fastly', 'Fastly CDN', 'Fireblade', 'GZIP Module', 'Gambling Content', 'Google Related Website Sites', 'Microdata for Google Shopping', 'NFOrce Internet', 'PWA', 'Perl', 'QUIC', 'SMC', 'Seflow Italy', 'Sentry', 'SiteW', 'Thank You', 'UTF-8', 'Vector Internet Services', 'WP Booking Calendar', 'Wix', 'Wix Media', 'eLand', 'mlcom']"
webusint.com,WeBUS | dads group,WeBUS,MYS,77,105303,2026-09-13T14:04:43.834032797Z,"['AWS WAF Challenge', 'Alternate Protocol', 'Amazon WAF Blocked', 'Apture Linking Platform', 'Content Delivery Network', 'DAV', 'Express', 'Fastly', 'Fastly CDN', 'GZIP Module', 'Google Related Website Sites', 'Instagram Follow Button', 'Microdata for Google Shopping', 'NFOrce Internet', 'POWr', 'PWA', 'PayPal Adaptive Payments', 'Perl', 'QUIC', 'SMC', 'Seflow Italy', 'Sentry', 'SiteW', 'Sitelinks Search Box', 'Subversion', 'Thank You', 'UTF-8', 'Vector Internet Services', 'WP Booking Calendar', 'Wix', 'Wix Media', 'YouTube', 'eLand', 'mlcom']"
chmielowiec.dev,Philip Chmielowiec | Philip Chmielowiec,,PHL,87,17499,2026-09-13T14:04:43.833960519Z,"['AWS WAF Challenge', 'Alternate Protocol', 'Content Delivery Network', 'Fastly', 'Font Awesome', 'GZIP Module', 'GitHub Hosting', 'Jekyll', 'Microdata for Google Shopping', 'PWA', 'Python', 'Schema Plugin', 'UTF-8']"
scarlettforsolicitor.com,HOME | Scarlett Wilson For Solicitor,,USA,50,38162,2026-09-13T14:04:43.833404241Z,"['AdRoll', 'Amazon WAF Blocked', 'Anedot', 'Apture Linking Platform', 'Content Delivery Network', 'DC74', 'Express', 'Fastly', 'Fastly CDN', 'GZIP Module', 'K2F', 'KVH', 'Microdata for Google Shopping', 'NFOrce Internet', 'POWr', 'PWA', 'Perfect Audience', 'QUIC', 'SMC', 'Seflow Italy', 'Sentry', 'SiteW', 'Subversion', 'Twitter Ads', 'UTF-8', 'Vector Internet Services', 'Wix', 'Wix Media', 'mlcom']"
manhassetpetboutique.com,"Manhasset Pet Boutique | Pet nutritionist | 8 Park Ave, Manhasset, NY, USA",,,72,90141,2026-09-13T14:04:43.832174587Z,"['Alternate Protocol', 'Amazon WAF Blocked', 'Apture Linking Platform', 'Content Delivery Network', 'DAV', 'Express', 'Fastly', 'Fastly CDN', 'GZIP Module', 'Google My Business', 'Google Related Website Sites', 'Instagram Follow Button', 'NFOrce Internet', 'PWA', 'Perl', 'QUIC', 'SMC', 'Seflow Italy', 'Sentry', 'SiteW', 'Thank You', 'UTF-8', 'Vector Internet Services', 'WP Booking Calendar', 'Wix', 'Wix Media', 'eLand', 'mlcom']"
opfcu.net,Omaha Police Federal Credit Union | Loans & Credit | Savings | Checking | Debit Accounts | Mortgages | Auto Loans| HELOC | Law Enforcement Credit Union | Join Now,,USA,87,156480,2026-09-13T14:04:43.83118767Z,"['501c3 Status Nonprofit', 'Alternate Protocol', 'Amazon WAF Blocked', 'Apture Linking Platform', 'Content Delivery Network', 'DAV', 'DC74', 'Express', 'Fastly', 'Fastly CDN', 'Fireblade', 'GZIP Module', 'Google Related Website Sites', 'K2F', 'KVH', 'Microdata for Google Shopping', 'NFOrce Internet', 'Nationwide Mortgage Licensing System and Registry', 'POWr', 'PWA', 'QUIC', 'SMC', 'Seflow Italy', 'Sentry', 'SiteW', 'Sitelinks Search Box', 'Subversion', 'UTF-8', 'Vector Internet Services', 'Wix', 'Wix Media', 'accessiBe', 'eLand', 'mlcom']"
thealosrestaurant.com,HOME | THEALOS,,GRC,55,26896,2026-09-13T14:04:43.828745048Z,"['Alternate Protocol', 'Amazon WAF Blocked', 'Apture Linking Platform', 'Content Delivery Network', 'Express', 'Fastly', 'Fastly CDN', 'GZIP Module', 'Instagram Follow Button', 'Microdata for Google Shopping', 'NFOrce Internet', 'PWA', 'QUIC', 'SMC', 'Seflow Italy', 'Sentry', 'SiteW', 'UTF-8', 'Vector Internet Services', 'Wix', 'Wix Media', 'mlcom']"
balianaccountancy.com,Balian Accountancy Inc. – Sales Tax Professionals,,USA,70,17648,2026-09-13T14:04:43.827463666Z,"['501c3 Status Nonprofit', 'AWS WAF Challenge', 'Apture Linking Platform', 'CDN JS', 'Cloudflare', 'Cloudflare CDN', 'Content Delivery Network', 'EmbedPress', 'Fastly', 'Formidable Pro Form', 'GZIP Module', 'Nginx', 'PHP', 'Tailwind CSS', 'Theme In WP', 'UTF-8', 'WordPress', 'WordPress Multisite', 'jQuery']"
k5thehometeam.com,K5,,PHL,87,207100,2026-09-13T14:04:43.826453344Z,"['Adult Content', 'Amazon', 'Amazon Associates Affiliate Shop', 'Amazon CloudFront', 'Amazon WAF Blocked', 'CDN JS', 'Chartbeat', 'CloudFront', 'Cloudflare', 'Cloudflare CDN', 'Contento', 'Fastly CDN', 'FreeCSSTemplates', 'GZIP Module', 'Google Analytics', 'Google Tag Manager', 'Microdata for Google Shopping', 'OpenResty', 'Perl', 'Piano', 'PubMatic Direct', 'Pubmatic', 'Queryly', 'Smart App Banner', 'Taboola Direct', 'Taboola Reseller', 'Tailwind CSS', 'UTF-8', 'University or College', 'shadcn ui']"
deveesh.com,Best Digital Marketing | Consultant | Coimbatore,,IND,72,105828,2026-09-13T13:50:29.738927401Z,"['Alternate Protocol', 'Amazon WAF Blocked', 'Apture Linking Platform', 'Content Delivery Network', 'Fastly', 'Fastly CDN', 'GZIP Module', 'Google Related Website Sites', 'Instagram Follow Button', 'Microdata for Google Shopping', 'NFOrce Internet', 'On The Map', 'PWA', 'QUIC', 'SMC', 'Sentry', 'SiteW', 'UTF-8', 'Vector Internet Services', 'Wix', 'Wix Media', 'mlcom']"
retouchbykishan.com,"Retouch by Kishan K. | Architectural, Interior & Hospitality Image Retouching",,IND,77,90141,2026-09-13T13:50:29.738019082Z,"['Alternate Protocol', 'Amazon WAF Blocked', 'Apture Linking Platform', 'Content Delivery Network', 'DAV', 'Express', 'Fastly', 'Fastly CDN', 'GZIP Module', 'Google Related Website Sites', 'Instagram Follow Button', 'Microdata for Google Shopping', 'NFOrce Internet', 'PWA', 'Perl', 'QUIC', 'SMC', 'Seflow Italy', 'Sentry', 'SiteW', 'UTF-8', 'Vector Internet Services', 'WP Booking Calendar', 'Wix', 'Wix Media', 'mlcom']"
horsegirlpottery.com,Home | Horsegirl Pottery,HorseGirl Pottery,USA,67,89828,2026-09-13T13:50:29.73625774Z,"['Alternate Protocol', 'Amazon WAF Blocked', 'Apture Linking Platform', 'Content Delivery Network', 'Express', 'Fastly', 'Fastly CDN', 'GZIP Module', 'Google Related Website Sites', 'Instagram Follow Button', 'Microdata for Google Shopping', 'NFOrce Internet', 'PWA', 'QUIC', 'SMC', 'Seflow Italy', 'Sentry', 'SiteW', 'Thank You', 'UTF-8', 'Vector Internet Services', 'Wix', 'Wix Media', 'eLand', 'mlcom']"
istraproductions.com,ISTRA | Full service Photo & Video agency for your next campaign,,USA,72,95656,2026-09-13T13:50:29.736803742Z,"['Amazon WAF Blocked', 'Apollo IO', 'Apture Linking Platform', 'Cisco/Arrowpoint Content Service Switch', 'Content Delivery Network', 'Express', 'Fastly', 'Fastly CDN', 'GZIP Module', 'Google Analytics', 'Google Related Website Sites', 'Google Tag Manager', 'Instagram Follow Button', 'NFOrce Internet', 'PWA', 'QUIC', 'SMC', 'Seflow Italy', 'Sentry', 'SiteW', 'UTF-8', 'Vector Internet Services', 'Wix', 'Wix Media', 'eLand', 'mlcom']"
mfe-europe.com,MFE Magnesium For Europe | Magnesium,MFE Magnesium For Europe,DEU,87,87108,2026-09-13T13:50:29.735007167Z,"['Alternate Protocol', 'Amazon WAF Blocked', 'Apture Linking Platform', 'Content Delivery Network', 'Fastly', 'Fastly CDN', 'GZIP Module', 'Microdata for Google Shopping', 'NFOrce Internet', 'PWA', 'QUIC', 'SMC', 'Sentry', 'SiteW', 'UTF-8', 'Vector Internet Services', 'Wix', 'Wix Media', 'eLand', 'mlcom']"
e2mip.org,Introduction - E2MIP,,,55,800,2026-09-13T13:50:29.73376801Z,"['AWS WAF Challenge', 'Content Delivery Network', 'Fastly', 'GZIP Module', 'GitHub Hosting', 'Hugo', 'Mermaid', 'UPS', 'UTF-8', 'jQuery']"
abyssiniabusinessnetwork.com,Abyssinia Business Network - Abyssinia Business Network,,ETH,70,41910,2026-09-13T13:50:29.733431653Z,"['Cloudflare', 'Cloudflare CDN', 'EmbedPress', 'Fastly', 'Fireblade', 'Google', 'Google Adsense', 'Google Cloud CDN', 'Google Cloud DNS', 'Google Font API', 'Google Funding Choices', 'Google Matched Content', 'Google Reseller', 'HMDG', 'InitiativeS', 'LiteSpeed', 'Microdata for Google Shopping', 'NFOrce Internet', 'PHP', 'QUIC', 'QUIC.cloud', 'Schema Plugin', 'Tailwind CSS', 'Twitter Ads', 'UTF-8', 'WPBakery', 'WordPress', 'WordPress Multisite', 'WordPress Related Posts', 'YouTube']"
kapuakavabar.com,"Kapua Kava Bar in Fort Myers, FL | Southwest FL",Kapua Kava Bar,ZAF,77,109828,2026-09-13T13:50:29.732461252Z,"['Alternate Protocol', 'Amazon WAF Blocked', 'Apture Linking Platform', 'Content Delivery Network', 'Express', 'Facebook Customer Chat SDK', 'Facebook Login', 'Facebook Messenger Platform', 'Facebook Reseller', 'Fastly', 'Fastly CDN', 'GZIP Module', 'Google Analytics', 'Google My Business', 'Google Related Website Sites', 'Google Tag Manager', 'Instagram Follow Button', 'M247', 'Microdata for Google Shopping', 'NFOrce Internet', 'PWA', 'Perl', 'QUIC', 'SMC', 'Seflow Italy', 'Sentry', 'SiteW', 'Sitelinks Search Box', 'Twitter Ads', 'UTF-8', 'Vector Internet Services', 'Wix', 'Wix Media', 'Yelp Badge', 'mlcom']"
forma.is,Guðrún le Sage | Art | Forma,,,67,89990,2026-09-13T13:50:29.732888955Z,"['Alternate Protocol', 'Amazon WAF Blocked', 'Apture Linking Platform', 'Content Delivery Network', 'Express', 'Fastly', 'Fastly CDN', 'GZIP Module', 'Google Related Website Sites', 'Instagram Follow Button', 'Microdata for Google Shopping', 'NFOrce Internet', 'POWr', 'PWA', 'QUIC', 'SMC', 'Seflow Italy', 'Sentry', 'SiteW', 'UTF-8', 'Vector Internet Services', 'Wix', 'Wix Media', 'eLand', 'mlcom']"
thesigmaco.net,"SigmaCo | sarawak telco | Kuching, Sarawak, Malaysia",SigmaCo ,,72,102828,2026-09-13T13:50:29.732258857Z,"['AWS WAF Challenge', 'Alternate Protocol', 'Amazon WAF Blocked', 'Apture Linking Platform', 'Content Delivery Network', 'Fastly', 'Fastly CDN', 'GZIP Module', 'Google Related Website Sites', 'Microdata for Google Shopping', 'NFOrce Internet', 'PWA', 'QUIC', 'SMC', 'Sentry', 'SiteW', 'UTF-8', 'Vector Internet Services', 'Wix', 'Wix Media', 'eLand', 'mlcom']"
sharecuterieottawa.ca,Charcuterie & Grazing Boards Ottawa | Sharecuterie 2 Go,,USA,77,321836,2026-09-13T13:50:29.731163427Z,"['34SP.com', 'AAPT', 'Adult Content', 'Alternate Protocol', 'Amazon WAF Blocked', 'Apache', 'Apture Linking Platform', 'Apyl', 'CCSI', 'CDN JS', 'Cloudflare', 'Cloudflare CDN', 'Coming Soon Page', 'DAV', 'Endis', 'Ethy', 'Fastly', 'Federal Deposit Insurance Corporation', 'Financial Services Guide', 'GZIP Module', 'Google', 'Google Analytics', 'Google Cloud DNS', 'Google Font API', 'Google My Business', 'Google Tag Manager', 'HHVM', 'HMDG', 'Hexo', 'IPFS', 'Idaq', 'Instagram Follow Button', 'K2F', 'KVH', 'Krypt Technologies', 'M247', 'Microdata for Google Shopping', 'NFOrce Internet', 'Nationwide Mortgage Licensing System and Registry', 'No-Q', 'O2MC Dimml', 'ON24', 'Onyx Internet', 'PWA', 'Perl', 'Phew', 'QUIC', 'SMC', 'Shopify', 'Silicon Valley Web Hosting', 'Subversion', 'Thank You', 'The Fresh', 'UTF-8', 'University or College', 'Unix', 'Vimeo', 'W3 Total Cache', 'YouTube', 'Zope', 'eLand', 'jsDelivr']"
privathypothek.ch,Home Page,,CHE,40,11600,2026-09-13T13:50:29.7310727Z,"['Cisco/Arrowpoint Content Service Switch', 'Content Delivery Network', 'Contento', 'Fastly', 'GZIP Module', 'Google My Business', 'OpenResty', 'Subversion', 'Twitter Ads', 'UTF-8', 'YouTube', 'jQuery']"
wildfireyouthproject.com,Youth Work | Wildfire Youth Project | Winchester,,,67,87990,2026-09-13T13:50:29.730373738Z,"['Alternate Protocol', 'Amazon WAF Blocked', 'Apture Linking Platform', 'Content Delivery Network', 'Express', 'Fastly', 'Fastly CDN', 'GZIP Module', 'Google Related Website Sites', 'InitiativeS', 'Instagram Follow Button', 'Microdata for Google Shopping', 'NFOrce Internet', 'POWr', 'PWA', 'QUIC', 'SMC', 'Sentry', 'SiteW', 'UTF-8', 'Vector Internet Services', 'Wix', 'Wix Media', 'eLand', 'mlcom']"
alexandergates.net,Alexander Gates,,GBR,77,5167,2026-09-13T13:50:29.729936589Z,"['Alternate Protocol', 'Apture Linking Platform', 'Bulma', 'CDN JS', 'Cloudflare', 'Cloudflare CDN', 'Content Delivery Network', 'Fastly', 'Font Awesome', 'GZIP Module', 'GitHub Hosting', 'Google', 'Google Cloud DNS', 'Google Font API', 'Google My Business', 'Microdata for Google Shopping', 'Netlify', 'Python', 'Twitter Ads', 'UTF-8', 'University or College', 'jQuery']"
leta-lux.com,Leta-lux lingerie | cervix examination smear test | United Kingdom,,,77,90141,2026-09-13T13:50:29.727728034Z,"['Alternate Protocol', 'Amazon WAF Blocked', 'Apture Linking Platform', 'Content Delivery Network', 'DAV', 'Express', 'Fastly', 'Fastly CDN', 'GZIP Module', 'Google Related Website Sites', 'Microdata for Google Shopping', 'NFOrce Internet', 'PWA', 'Parcel', 'Perl', 'QUIC', 'SMC', 'Seflow Italy', 'Sentry', 'SiteW', 'Thank You', 'UTF-8', 'University or College', 'Vector Internet Services', 'WP Booking Calendar', 'Wix', 'Wix Media', 'mlcom']"
melolaze.co.uk,Home | Melolaze 2,MeloLaze,GBR,65,90141,2026-09-13T13:50:29.727507451Z,"['Amazon WAF Blocked', 'Apture Linking Platform', 'Content Delivery Network', 'DAV', 'Express', 'Fastly', 'Fastly CDN', 'GZIP Module', 'Google Related Website Sites', 'Instagram Follow Button', 'Microdata for Google Shopping', 'NFOrce Internet', 'PWA', 'Perl', 'QUIC', 'SMC', 'Seflow Italy', 'Sentry', 'SiteW', 'Subversion', 'Thank You', 'UTF-8', 'Vector Internet Services', 'WP Booking Calendar', 'Wix', 'Wix Media', 'eLand', 'mlcom']"
koolkombis.com.au,Kool Kombis | Perth Stretch Limo Hire,,AUS,77,89421,2026-09-13T13:50:29.727184335Z,"['Alternate Protocol', 'Amazon WAF Blocked', 'Apture Linking Platform', 'Content Delivery Network', 'DAV', 'Express', 'Fastly', 'Fastly CDN', 'GZIP Module', 'Microdata for Google Shopping', 'NFOrce Internet', 'PWA', 'Perl', 'QUIC', 'SMC', 'Seflow Italy', 'Sentry', 'SiteW', 'UTF-8', 'Vector Internet Services', 'WP Booking Calendar', 'Wix', 'Wix Media', 'eLand', 'mlcom']"
nolanyee.com,Nolan Yee Photography and Video,,USA,57,31896,2026-09-13T13:50:29.726208915Z,"['Amazon WAF Blocked', 'Apture Linking Platform', 'Content Delivery Network', 'Express', 'Fastly', 'Fastly CDN', 'Financial Services Guide', 'GZIP Module', 'K2F', 'Microdata for Google Shopping', 'NFOrce Internet', 'PWA', 'Perl', 'QUIC', 'SMC', 'Seflow Italy', 'Sentry', 'SiteW', 'Subversion', 'UTF-8', 'Vector Internet Services', 'Wix', 'Wix Media', 'mlcom']"
stephaniekinlochlmft.com,Stephanie Kinloch LMFT | EMDR Therapist in West LA,Stephanie Kinloch LMFT,USA,87,149717,2026-09-13T13:50:29.726465211Z,"['Amazon WAF Blocked', 'Apture Linking Platform', 'Aruba', 'Content Delivery Network', 'DAV', 'Express', 'Fastly', 'Fastly CDN', 'Fireblade', 'FormSubmit', 'GZIP Module', 'K2F', 'KVH', 'Microdata for Google Shopping', 'NFOrce Internet', 'PWA', 'Perl', 'Pico CSS', 'QUIC', 'SMC', 'Seflow Italy', 'Sentry', 'SiteW', 'Subversion', 'Thank You', 'UTF-8', 'Vector Internet Services', 'WP Booking Calendar', 'Wix', 'Wix Media', 'eLand', 'mlcom']"
melissaxiong.com,Home | Mortgages by Melissa,,,77,90141,2026-09-13T13:50:29.726134693Z,"['Alternate Protocol', 'Amazon WAF Blocked', 'Apture Linking Platform', 'Content Delivery Network', 'DAV', 'Express', 'Fastly', 'Fastly CDN', 'GZIP Module', 'Google Related Website Sites', 'Microdata for Google Shopping', 'NFOrce Internet', 'Nationwide Mortgage Licensing System and Registry', 'PWA', 'Perl', 'QUIC', 'SMC', 'Seflow Italy', 'Sentry', 'SiteW', 'Thank You', 'UTF-8', 'Vector Internet Services', 'WP Booking Calendar', 'Wix', 'Wix Media', 'eLand', 'mlcom']"
sergiabadal.com,Sergi Abadal,,GBR,72,3727,2026-09-13T13:50:29.725166094Z,"['Alternate Protocol', 'Bulma', 'Content Delivery Network', 'Fastly', 'Font Awesome', 'GZIP Module', 'GitHub Hosting', 'Google Analytics', 'Google Cloud DNS', 'Google Font API', 'Google My Business', 'Google Related Website Sites', 'IcoMoon', 'Jekyll', 'Twitter Ads', 'UTF-8', 'University or College']"
phaneendrayerra.com,Phaneendra Vayu Kumar Yerra | Global Markets Technology,,,55,663,2026-09-13T13:50:29.72508975Z,"['Content Delivery Network', 'Fastly', 'GZIP Module', 'GitHub Hosting', 'Google', 'Google Cloud DNS', 'Google Font API', 'Google My Business', 'UTF-8', 'YouTube']"
alvechurchbaptist.org.uk,Home,,USA,55,34450,2026-09-13T13:50:29.724634724Z,"['Alternate Protocol', 'Amazon WAF Blocked', 'Apture Linking Platform', 'Content Delivery Network', 'Fastly', 'Fastly CDN', 'Fireblade', 'GZIP Module', 'Instagram Follow Button', 'Microdata for Google Shopping', 'NFOrce Internet', 'Oddle', 'POWr', 'PWA', 'QUIC', 'SMC', 'Sentry', 'SiteW', 'Sitelinks Search Box', 'UTF-8', 'Vector Internet Services', 'Wix', 'Wix Media', 'YouTube', 'mlcom']"
roottofruitchef.com,"Root To Fruit Chef | Organic Vegan Cheesecake | Ashland, OR, USA",Root to Fruit Chef,,87,90303,2026-09-13T13:50:29.72387485Z,"['Alternate Protocol', 'Amazon WAF Blocked', 'Apture Linking Platform', 'Content Delivery Network', 'DAV', 'Express', 'Fastly', 'Fastly CDN', 'GZIP Module', 'Google Calendar', 'Google My Business', 'Google Related Website Sites', 'Instagram Follow Button', 'Microdata for Google Shopping', 'NFOrce Internet', 'POWr', 'PWA', 'Perl', 'QUIC', 'SMC', 'Seflow Italy', 'Sentry', 'SiteW', 'Sitelinks Search Box', 'Thank You', 'UTF-8', 'Vector Internet Services', 'WP Booking Calendar', 'Wix', 'Wix Media', 'eLand', 'mlcom']"
nueva-nicaragua-wiesbaden.org,"Städtepartnerschaft Wiesbaden Ocotal Verein nueva-nicaragua-wiesbaden,",,DEU,87,139990,2026-09-13T13:50:29.723257009Z,"['Amazon WAF Blocked', 'Apture Linking Platform', 'Content Delivery Network', 'DAV', 'DC74', 'Express', 'Fastly', 'Fastly CDN', 'GZIP Module', 'Google Related Website Sites', 'K2F', 'KVH', 'Microdata for Google Shopping', 'NFOrce Internet', 'POWr', 'PWA', 'Perl', 'QUIC', 'SMC', 'Seflow Italy', 'Sentry', 'SiteW', 'Sitelinks Search Box', 'Subversion', 'UTF-8', 'Vector Internet Services', 'Wix', 'Wix Media', 'eLand', 'mlcom']"
careforhearts.org,Home | Care For Hearts,,,50,26296,2026-09-13T13:50:29.719860753Z,"['501c3 Status Nonprofit', 'Amazon WAF Blocked', 'Apture Linking Platform', 'Content Delivery Network', 'Express', 'Fastly', 'Fastly CDN', 'GZIP Module', 'GoFundMe', 'Instagram Follow Button', 'Microdata for Google Shopping', 'NFOrce Internet', 'PWA', 'QUIC', 'SMC', 'Sentry', 'SiteW', 'UTF-8', 'Vector Internet Services', 'Wix', 'Wix Media', 'mlcom']"
msjsurveying.com,Land Surveyor Pittsboro - Chapel Hill - Durham,Matthew S. Jarrell,USA,77,107708,2026-09-13T13:50:29.719993333Z,"['Amazon WAF Blocked', 'Apture Linking Platform', 'Content Delivery Network', 'Express', 'Fastly', 'Fastly CDN', 'Google My Business', 'Google Related Website Sites', 'Microdata for Google Shopping', 'NFOrce Internet', 'On The Map', 'PWA', 'QUIC', 'SMC', 'Seflow Italy', 'Sentry', 'UTF-8', 'Vector Internet Services', 'Wix', 'Wix Media', 'eLand', 'mlcom']"
mousepotatostudio.com,HOME | Mouse Potato Studio,,,50,26296,2026-09-13T13:50:29.717094327Z,"['Amazon WAF Blocked', 'Apture Linking Platform', 'Content Delivery Network', 'Fastly', 'Fastly CDN', 'GZIP Module', 'Instagram Follow Button', 'Microdata for Google Shopping', 'NFOrce Internet', 'PWA', 'QUIC', 'SMC', 'Sentry', 'SiteW', 'UTF-8', 'Vector Internet Services', 'Wix', 'Wix Media', 'mlcom']"
leacademy.asia,Le Academy - Hệ thông đào tạo Lập trình viên & Kiểm thử phần mềm chuyên nghiệp,,THA,82,7240,2026-09-13T13:50:29.716002974Z,"['CDN JS', 'Cloudflare', 'Cloudflare CDN', 'Content Delivery Network', 'Facebook Conversion Tracking', 'Facebook Customer Chat SDK', 'Facebook Login', 'Facebook Messenger Platform', 'Facebook Pixel', 'Facebook Reseller', 'Facebook Tag API', 'Fastly', 'GZIP Module', 'GitHub Hosting', 'Google', 'Google Analytics', 'Google Cloud DNS', 'Google Font API', 'Google Tag Manager', 'Jekyll', 'Microdata for Google Shopping', 'QUIC', 'StackPath', 'Tailwind CSS', 'UTF-8', 'YouTube']"
davidhalaby.com,INICIO | David Halaby,,COL,50,26985,2026-09-13T13:50:29.715673778Z,"['Amazon WAF Blocked', 'Apture Linking Platform', 'Content Delivery Network', 'DAV', 'Express', 'Fastly', 'Fastly CDN', 'GZIP Module', 'Microdata for Google Shopping', 'NFOrce Internet', 'PWA', 'Perl', 'QUIC', 'SMC', 'Seflow Italy', 'Sentry', 'SiteW', 'UTF-8', 'Vector Internet Services', 'WP Booking Calendar', 'Wix', 'Wix Media', 'eLand', 'mlcom']"
flinflonartscouncil.ca,Home | FlinFlonArtsCouncil,,,65,134270,2026-09-13T13:50:29.71573536Z,"['Alternate Protocol', 'Amazon WAF Blocked', 'Apture Linking Platform', 'Content Delivery Network', 'Express', 'Fastly', 'Fastly CDN', 'GZIP Module', 'Instagram Follow Button', 'K2F', 'KVH', 'Microdata for Google Shopping', 'NFOrce Internet', 'POWr', 'PWA', 'Perl', 'QUIC', 'SMC', 'Seflow Italy', 'Sentry', 'SiteW', 'Subversion', 'Thank You', 'UTF-8', 'Vector Internet Services', 'Wix', 'Wix Media', 'YouTube', 'eLand', 'mlcom']"
emiliadiamant.com,Emilia Diamant | educational facilitator and consultant,Emilia Diamant,,67,104828,2026-09-13T13:50:29.714375261Z,"['AWS WAF Challenge', 'Amazon WAF Blocked', 'Apture Linking Platform', 'Content Delivery Network', 'Express', 'Fastly', 'Fastly CDN', 'GZIP Module', 'Google Related Website Sites', 'Microdata for Google Shopping', 'NFOrce Internet', 'PWA', 'QUIC', 'SMC', 'Seflow Italy', 'Sentry', 'SiteW', 'Twitter Ads', 'UTF-8', 'Vector Internet Services', 'Wix', 'Wix Media', 'mlcom']"
daveswooddesign.com,Daves Wood Designs | Handcrafted Wooden Gifts,,,62,90493,2026-09-13T13:50:29.714617876Z,"['Alternate Protocol', 'Amazon WAF Blocked', 'Apture Linking Platform', 'Cloudflare', 'Content Delivery Network', 'DAV', 'Ecwid Ecommerce Shopping Cart', 'Express', 'Fastly', 'Fastly CDN', 'GZIP Module', 'Google Related Website Sites', 'Microdata for Google Shopping', 'NFOrce Internet', 'POWr', 'PWA', 'QUIC', 'SMC', 'Seflow Italy', 'Sentry', 'SiteW', 'Sitelinks Search Box', 'Thank You', 'UTF-8', 'Vector Internet Services', 'Wix', 'Wix Media', 'mlcom']"
2kklean4me.com,"Cleaning Services in Baltimore, Maryland | 2kklean4ME Cleaning Service",,USA,77,6120,2026-09-13T13:50:29.714439188Z,"['Amazon CloudFront', 'Amazon S3 CDN', 'Better Lead Generation Services', 'CloudFront', 'Content Delivery Network', 'ElementUI', 'Fastly', 'GZIP Module', 'GitHub Hosting', 'Google Cloud DNS', 'Google Maps', 'Google My Business', 'Heroku', 'Investor Relations', 'QUIC', 'Segment', 'Segment Consent Manager', 'Site.pro', 'Storyblocks', 'Tailwind CSS', 'UTF-8', 'jsDelivr', 'reCAPTCHA', 'shadcn ui']"
balanceathletic.org,Welcome | Balance Athletic C 1,,,70,144739,2026-09-13T13:50:29.71003203Z,"['501c3 Status Nonprofit', 'AWS WAF Challenge', 'Alternate Protocol', 'Amazon WAF Blocked', 'Apture Linking Platform', 'Content Delivery Network', 'Contento', 'DAV', 'Express', 'Fastly', 'Fastly CDN', 'Fireblade', 'FormSubmit', 'GZIP Module', 'Google Customer Reviews', 'Instagram Follow Button', 'Microdata for Google Shopping', 'NFOrce Internet', 'PWA', 'Perl', 'Pico CSS', 'QUIC', 'SMC', 'Seflow Italy', 'Sentry', 'SiteW', 'Thank You', 'UTF-8', 'University or College', 'Vector Internet Services', 'VocalReferences', 'WP Booking Calendar', 'Wix', 'Wix Media', 'eLand', 'mlcom']"
cleophusexpress.com,"Cleophus Express Inc. | Southeastern Freight Logistics | 1317 Edgewater Drive STE #2636, Orlando, FL 32804",Cleophus Express Inc.,USA,82,104828,2026-09-13T13:50:29.710654397Z,"['AWS WAF Challenge', 'Alternate Protocol', 'Amazon WAF Blocked', 'Apture Linking Platform', 'Content Delivery Network', 'Express', 'Fastly', 'Fastly CDN', 'GZIP Module', 'Google Related Website Sites', 'Microdata for Google Shopping', 'NFOrce Internet', 'PWA', 'QUIC', 'SMC', 'Seflow Italy', 'Sentry', 'SiteW', 'Thank You', 'Twitter Ads', 'UTF-8', 'Vector Internet Services', 'Wix', 'Wix Media', 'eLand', 'mlcom']"
elevatestudiova.com,HOME | Mysite,,,30,29579,2026-09-13T13:50:29.710259943Z,"['AWS WAF Challenge', 'Alternate Protocol', 'Amazon WAF Blocked', 'Apture Linking Platform', 'Content Delivery Network', 'CoolText', 'DAV', 'Ecwid Ecommerce Shopping Cart', 'Express', 'Fastly', 'Fastly CDN', 'GZIP Module', 'Google Customer Reviews', 'Mangomint', 'NFOrce Internet', 'POWr', 'PWA', 'Perl', 'QUIC', 'Rosy Salon Software', 'SMC', 'Seflow Italy', 'Sentry', 'SiteW', 'Thank You', 'UTF-8', 'Vector Internet Services', 'WP Booking Calendar', 'Wix', 'Wix Media', 'mlcom']"
mgkkitchens.co.nz,Kitchen design & Interiors | MGK Kitchens | Hamilton,MGK Kitchens,CAN,77,87828,2026-09-13T13:50:29.709019945Z,"['Amazon WAF Blocked', 'Apture Linking Platform', 'Content Delivery Network', 'Fastly', 'Fastly CDN', 'GZIP Module', 'GitHub Hosting', 'Google Related Website Sites', 'Microdata for Google Shopping', 'NFOrce Internet', 'PWA', 'QUIC', 'SMC', 'Sentry', 'SiteW', 'UTF-8', 'Vector Internet Services', 'Wix', 'Wix Media', 'mlcom']"
soteskanje-zveza.si,HOME | SOZS,Soteskarska zveza Slovenija,GBR,65,123368,2026-09-13T13:50:29.70821958Z,"['123FormBuilder', 'AWS WAF Challenge', 'Alternate Protocol', 'Amazon WAF Blocked', 'Apture Linking Platform', 'Content Delivery Network', 'DC74', 'Express', 'Fastly', 'Fastly CDN', 'Fireblade', 'GZIP Module', 'Google Related Website Sites', 'Microdata for Google Shopping', 'NFOrce Internet', 'PWA', 'QUIC', 'SMC', 'Sentry', 'SiteW', 'Subversion', 'UTF-8', 'Vector Internet Services', 'Wix', 'Wix Media', 'WordPress Related Posts', 'mlcom']"
habitatinvestors.com,Habitat Real Estate Investments - We Buy Houses in Miami,,USA,70,3256,2026-09-13T13:50:29.708873444Z,"['AJAX Libraries API', 'CDN JS', 'Cloudflare', 'Cloudflare CDN', 'Content Delivery Network', 'Fastly', 'Font Awesome', 'Formspree', 'GZIP Module', 'GitHub Hosting', 'Google Cloud DNS', 'IcoMoon', 'QUIC', 'Thank You', 'UTF-8', 'jQuery']"
orlandotowpro.com,Orlando Towing Company - 24 Hour Tow Truck Services in FL,L.i Roadside Care &amp; Towing,USA,87,125303,2026-09-13T13:50:29.708299621Z,"['AWS WAF Challenge', 'Alternate Protocol', 'Amazon WAF Blocked', 'Apture Linking Platform', 'Content Delivery Network', 'DAV', 'DC74', 'Express', 'Fastly', 'Fastly CDN', 'Fireblade', 'GZIP Module', 'Google Customer Reviews', 'Google Related Website Sites', 'Instagram Follow Button', 'Microdata for Google Shopping', 'NFOrce Internet', 'POWr', 'PWA', 'Perl', 'QUIC', 'SMC', 'Seflow Italy', 'Sentry', 'SiteW', 'UTF-8', 'Vector Internet Services', 'WP Booking Calendar', 'Wix', 'Wix Media', 'eLand', 'mlcom']"
thebalancebase.co.uk,Home | thebalancebase,The Balance Base,,80,134421,2026-09-13T13:50:29.707058761Z,"['Alternate Protocol', 'Amazon WAF Blocked', 'Apture Linking Platform', 'Content Delivery Network', 'DAV', 'Express', 'Fastly', 'Fastly CDN', 'GZIP Module', 'Instagram Follow Button', 'K2F', 'KVH', 'Microdata for Google Shopping', 'NFOrce Internet', 'PWA', 'Perl', 'QUIC', 'SMC', 'Seflow Italy', 'Sentry', 'SiteW', 'Subversion', 'Thank You', 'UTF-8', 'Vector Internet Services', 'WP Booking Calendar', 'Wix', 'Wix Media', 'mlcom']"
thealamostudio.com,Film | The Alamo Studio | United States,The Alamo Studio,COM,77,89828,2026-09-13T13:50:29.70630794Z,"['Alternate Protocol', 'Amazon WAF Blocked', 'Apture Linking Platform', 'Content Delivery Network', 'Express', 'Fastly', 'Fastly CDN', 'GZIP Module', 'Google Related Website Sites', 'Instagram Follow Button', 'Microdata for Google Shopping', 'NFOrce Internet', 'PWA', 'QUIC', 'SMC', 'Seflow Italy', 'Sentry', 'SiteW', 'Thank You', 'UTF-8', 'Vector Internet Services', 'Wix', 'Wix Media', 'YouTube', 'eLand', 'mlcom']"
gregpringle.co.uk,Greg Pringle | London | Drummer,,,47,27496,2026-09-13T13:50:29.706246788Z,"['Alternate Protocol', 'Amazon WAF Blocked', 'Apture Linking Platform', 'Band Camp', 'Camp', 'Content Delivery Network', 'Express', 'Fastly', 'Fastly CDN', 'GZIP Module', 'Google Related Website Sites', 'Instagram Follow Button', 'Microdata for Google Shopping', 'NFOrce Internet', 'PWA', 'QUIC', 'SMC', 'Seflow Italy', 'Sentry', 'SiteW', 'UTF-8', 'Vector Internet Services', 'Wix', 'Wix Media', 'mlcom']"
meridianpalscholarship.org,Home | Meridian Police,Meridian Police Activities League,USA,75,89108,2026-09-13T13:50:29.706070263Z,"['Alternate Protocol', 'Amazon WAF Blocked', 'Apture Linking Platform', 'Content Delivery Network', 'Express', 'Fastly', 'Fastly CDN', 'GZIP Module', 'Instagram Follow Button', 'Microdata for Google Shopping', 'NFOrce Internet', 'PWA', 'QUIC', 'SMC', 'Seflow Italy', 'Sentry', 'SiteW', 'Sitelinks Search Box', 'UTF-8', 'University or College', 'Vector Internet Services', 'Wix', 'Wix Media', 'WordPress Related Posts', 'eLand', 'mlcom']"
goodspacecollective.org,GoodSpace Collective | Reimagining Tech for Everyone,,USA,70,2400,2026-09-13T13:50:29.705978164Z,"['Content Delivery Network', 'Express', 'Fastly', 'InitiativeS', 'Instagram Follow Button', 'Twitter Ads', 'UTF-8']"
megr.com,Mainstay Engineering Group | Civil Engineering & Structural Engineering Solutions across all 50 States,"Mainstay Engineering Group, Inc.",,77,121899,2026-09-13T13:50:29.70262895Z,"['AWS WAF Challenge', 'Alibaba Cloud CDN', 'Alternate Protocol', 'Amazon WAF Blocked', 'Apture Linking Platform', 'Content Delivery Network', 'Cornerstone', 'DC74', 'Express', 'Fastly', 'Fastly CDN', 'GZIP Module', 'Google Analytics', 'Google Related Website Sites', 'Google Tag Manager', 'HubSpot Conversations', 'Hubspot', 'Instagram Follow Button', 'Microdata for Google Shopping', 'NFOrce Internet', 'Ntent', 'POWr', 'PWA', 'Perl', 'QUIC', 'SMC', 'Seflow Italy', 'Sentry', 'SiteW', 'UTF-8', 'University or College', 'UpContent', 'Vector Internet Services', 'Wix', 'Wix Media', 'WordPress Related Posts', 'accessiBe', 'mlcom']"
vrailuxefashion.com,Vrai Luxe | women's clothing stores,Vrai Luxe,USA,82,94828,2026-09-13T13:50:29.701184614Z,"['Adult Content', 'Alternate Protocol', 'Amazon WAF Blocked', 'Apture Linking Platform', 'Content Delivery Network', 'DC74', 'Express', 'Fastly', 'Fastly CDN', 'GZIP Module', 'Google Related Website Sites', 'Microdata for Google Shopping', 'NFOrce Internet', 'PWA', 'QUIC', 'SMC', 'Seflow Italy', 'Sentry', 'SiteW', 'Sitelinks Search Box', 'Thank You', 'UTF-8', 'Vector Internet Services', 'Wix', 'Wix Media', 'eLand', 'mlcom']"
chefchristopherhensel.com,Chef Christopher Hensel | Private Chef Hamptons NY,Chef Christopher Hensel,GBR,77,105124,2026-09-13T13:50:29.700384429Z,"['Amazon WAF Blocked', 'Apture Linking Platform', 'Aruba', 'Content Delivery Network', 'Express', 'Fastly', 'Fastly CDN', 'Fireblade', 'FormSubmit', 'GZIP Module', 'Google Analytics', 'Google Related Website Sites', 'Google Tag Manager', 'Harbor', 'Instagram Follow Button', 'Microdata for Google Shopping', 'NFOrce Internet', 'PWA', 'Pico CSS', 'QUIC', 'SMC', 'Seflow Italy', 'Sentry', 'SiteW', 'Subversion', 'UTF-8', 'Vector Internet Services', 'Wix', 'Wix Media', 'Yelp Badge', 'eLand', 'mlcom']"
ikookiyagroup.com,Home | Ikookiya Mining Grou,,USA,70,96421,2026-09-13T13:50:29.698837529Z,"['Alternate Protocol', 'Amazon WAF Blocked', 'Apture Linking Platform', 'Content Delivery Network', 'DAV', 'Express', 'Fastly', 'Fastly CDN', 'GZIP Module', 'InitiativeS', 'Microdata for Google Shopping', 'NFOrce Internet', 'PWA', 'Perl', 'Prospective', 'QUIC', 'SMC', 'Seflow Italy', 'Sentry', 'SiteW', 'Thank You', 'UTF-8', 'Vector Internet Services', 'WP Booking Calendar', 'Wix', 'Wix Media', 'eLand', 'mlcom']"
basedrop.com,basedrop | who's that app,basedrop,,72,90303,2026-09-13T13:50:29.698632309Z,"['Amazon WAF Blocked', 'Apture Linking Platform', 'Content Delivery Network', 'DAV', 'Express', 'Fastly', 'Fastly CDN', 'GZIP Module', 'Google Related Website Sites', 'Microdata for Google Shopping', 'NFOrce Internet', 'POWr', 'PWA', 'Perl', 'QUIC', 'SMC', 'Seflow Italy', 'Sentry', 'SiteW', 'UTF-8', 'Vector Internet Services', 'WP Booking Calendar', 'Wix', 'Wix Media', 'mlcom']"
coloradocrokinoleboards.com,Colorado Crokinole Boards: About | Online Store,Colorado Crokinole Boards,GBR,77,153303,2026-09-13T13:50:29.698702486Z,"['Alternate Protocol', 'Amazon WAF Blocked', 'Apture Linking Platform', 'Content Delivery Network', 'DAV', 'Express', 'Fastly', 'Fastly CDN', 'Financial Services Guide', 'GZIP Module', 'Google Related Website Sites', 'Instagram Follow Button', 'K2F', 'KVH', 'Microdata for Google Shopping', 'NFOrce Internet', 'On The Map', 'POWr', 'PWA', 'Perl', 'QUIC', 'SMC', 'Seflow Italy', 'Sentry', 'SiteW', 'Subversion', 'Thank You', 'Twitter Ads', 'UTF-8', 'Vector Internet Services', 'WP Booking Calendar', 'Wix', 'Wix Media', 'YouTube', 'mlcom']"
apexstoneuk.com,Home | ApexStoneUK.com | Stonemasonry | England,,CAN,77,95141,2026-09-13T13:50:29.697934559Z,"['Alternate Protocol', 'Amazon WAF Blocked', 'Apture Linking Platform', 'Content Delivery Network', 'DAV', 'DC74', 'Express', 'Fastly', 'Fastly CDN', 'GZIP Module', 'Google Related Website Sites', 'NFOrce Internet', 'PWA', 'Perl', 'QUIC', 'SMC', 'Seflow Italy', 'Sentry', 'SiteW', 'UTF-8', 'Vector Internet Services', 'WP Booking Calendar', 'Wix', 'Wix Media', 'eLand', 'mlcom']"
mimstech.com,Engineering Re-imagined | MIMS Tech,,SGP,67,13200,2026-09-13T13:50:29.694510912Z,"['Cloudflare', 'Content Delivery Network', 'Fastly', 'Google Analytics', 'Google Tag Manager', 'Hubspot Knowledge Base', 'UTF-8']"
achervonnaya.art,Welcome | Anastasiya Chervonnaya,,,42,603,2026-09-13T13:39:36.110615954Z,"['Fastly', 'Gatsby JS', 'GitHub Hosting', 'Google Cloud DNS', 'Google Font API', 'Instagram Follow Button', 'Nginx', 'Telegram']"
jasonrchase.com,Jason Chase,,,42,1320,2026-09-13T13:39:36.109879325Z,"['Adobe Creative Cloud WebFonts', 'Content Delivery Network', 'Fastly', 'Fastly CDN', 'GZIP Module', 'Instagram Follow Button', 'UTF-8']"
smithfarmsgibsonville.com,Smith Farms,Smith Farms,USA,77,3906,2026-09-13T13:39:36.109062004Z,"['Alternate Protocol', 'Apache', 'EmbedPress', 'Endurance Page Cache', 'Fastly', 'FooBox', 'GZIP Module', 'Google Analytics', 'Google My Business', 'Google Tag Manager', 'Instagram Feed for WordPress', 'Instagram Follow Button', 'Microdata for Google Shopping', 'Ninja Forms', 'PHP', 'Perl', 'Thank You', 'Theme In WP', 'WordPress', 'WordPress Multisite', 'jQuery', 'reCAPTCHA']"
newleafstudios.co,New Leaf Studios,,,45,1320,2026-09-13T13:39:36.109946215Z,"['Adobe Creative Cloud WebFonts', 'Content Delivery Network', 'Fastly', 'Fastly CDN', 'GZIP Module', 'UTF-8']"
yasminehairech.com,Yasmine Hairech,,,42,1320,2026-09-13T13:39:36.109809609Z,"['Adobe Creative Cloud WebFonts', 'Content Delivery Network', 'Fastly', 'Fastly CDN', 'GZIP Module', 'UTF-8']"
kings-co.com,Home - Kings & Co,Kings &amp; Co,,72,24746,2026-09-13T13:39:36.106632316Z,"['Alternate Protocol', 'Automattic', 'BatCache', 'Content Delivery Network', 'Elementor', 'EmbedPress', 'Fastly', 'Gutenberg', 'Hello Elementor', 'Jetpack', 'Jetpack Site Accelerator', 'M247', 'Microdata for Google Shopping', 'NFOrce Internet', 'Nginx', 'QUIC', 'Sitelinks Search Box', 'UTF-8', 'WordPress', 'WordPress Multisite', 'WordPress Stats', 'jQuery']"
clonmorens.ie,Home Page,,,57,1860,2026-09-13T13:39:36.104285221Z,"['Adult Content', 'Amazon', 'Amazon CloudFront', 'CloudFront', 'Content Delivery Network', 'DAV', 'Fastly', 'GZIP Module', 'Google Analytics', 'OpenResty', 'UTF-8', 'University or College', 'Vector Internet Services', 'eLand']"
pixelwebb.com,pixelwebb,,,35,1320,2026-09-13T13:39:36.099975863Z,"['Adobe Creative Cloud WebFonts', 'Content Delivery Network', 'DAV', 'Express', 'Fastly', 'Fastly CDN', 'GZIP Module', 'Instagram Follow Button', 'UTF-8']"
theembsayeastbypost.com,"The Embsay & Eastby Post – information, news & village history",,GBR,87,20639,2026-09-13T13:39:36.095438671Z,"['AWS WAF Challenge', 'Alternate Protocol', 'Automattic', 'Automattic Direct', 'BatCache', 'Cloudflare', 'Cloudflare CDN', 'EmbedPress', 'Fastly', 'Google', 'Google My Business', 'Gutenberg', 'Jetpack', 'Jetpack Site Accelerator', 'Nginx', 'PHP', 'Perl', 'UTF-8', 'WP Ulike', 'WordPress', 'WordPress Multisite', 'WordPress Stats', 'jQuery']"
likeadreamevents.com,"Like a Dream Events | Wedding Planner milano | Milan, Metropolitan City of Milan, Italy",,ITA,67,91503,2026-09-13T13:39:36.093008572Z,"['Amazon WAF Blocked', 'Apture Linking Platform', 'Azion', 'Content Delivery Network', 'DAV', 'Express', 'Fastly', 'Fastly CDN', 'GZIP Module', 'Google Related Website Sites', 'Instagram Follow Button', 'Microdata for Google Shopping', 'NFOrce Internet', 'POWr', 'PWA', 'Perl', 'QUIC', 'SMC', 'Seflow Italy', 'Sentry', 'SiteW', 'UTF-8', 'Vector Internet Services', 'WP Booking Calendar', 'Wix', 'Wix Media', 'eLand', 'mlcom']"
kuharistimaki.fi,Asianajotoimisto Kuha & Ristimäki | Tampere | asianajaja | Pirkanmaa | oikeudenkäynti | sovintomenettely,Asianajotoimisto Kuha &amp; Kukkonen,FIN,72,139108,2026-09-13T13:39:36.093852093Z,"['Amazon WAF Blocked', 'Apture Linking Platform', 'Content Delivery Network', 'DC74', 'Express', 'Fastly', 'Fastly CDN', 'GZIP Module', 'K2F', 'KVH', 'Microdata for Google Shopping', 'NFOrce Internet', 'PWA', 'QUIC', 'SMC', 'Seflow Italy', 'Sentry', 'SiteW', 'Subversion', 'UTF-8', 'Vector Internet Services', 'Wix', 'Wix Media', 'eLand', 'mlcom']"
asteadi.com,Landing Page | Asteadi,Asteadi Business Solutions,SWE,60,28183,2026-09-13T13:39:36.091275343Z,"['Alternate Protocol', 'Amazon WAF Blocked', 'Apture Linking Platform', 'Cisco/Arrowpoint Content Service Switch', 'Coming Soon Page', 'Content Delivery Network', 'DAV', 'Express', 'Fastly', 'Fastly CDN', 'GZIP Module', 'Instagram Follow Button', 'Microdata for Google Shopping', 'NFOrce Internet', 'No-Q', 'PWA', 'Perl', 'QUIC', 'SMC', 'Seflow Italy', 'Sentry', 'SiteW', 'UTF-8', 'Vector Internet Services', 'WP Booking Calendar', 'Wix', 'Wix Media', 'eLand', 'mlcom']"
masnoutireno.ca,Home Renovations Company | Masnouti Reno,Masnouti Reno,USA,77,89828,2026-09-13T13:39:36.090903904Z,"['Alternate Protocol', 'Amazon WAF Blocked', 'Apture Linking Platform', 'Content Delivery Network', 'DAV', 'Express', 'Fastly', 'Fastly CDN', 'Financial Services Guide', 'GZIP Module', 'Google Related Website Sites', 'Instagram Follow Button', 'Microdata for Google Shopping', 'NFOrce Internet', 'PWA', 'QUIC', 'SMC', 'Seflow Italy', 'Sentry', 'SiteW', 'Subversion', 'UTF-8', 'Vector Internet Services', 'Wix', 'Wix Media', 'YouTube', 'mlcom']"
sacredicons.net,HOME | sacredicons,Sacred Icons,,65,89270,2026-09-13T13:39:36.089436744Z,"['Amazon WAF Blocked', 'Apture Linking Platform', 'Content Delivery Network', 'Express', 'Fastly', 'Fastly CDN', 'GZIP Module', 'Microdata for Google Shopping', 'NFOrce Internet', 'POWr', 'PWA', 'QUIC', 'SMC', 'Seflow Italy', 'Sentry', 'SiteW', 'UTF-8', 'Vector Internet Services', 'Wix', 'Wix Media', 'eLand', 'mlcom']"
myillianospizza.com,illianos Pizza – Family Italian Restaurant,,USA,70,2944,2026-09-13T13:39:36.085863895Z,"['Alternate Protocol', 'Content Delivery Network', 'Easy Social Icons for WordPress', 'Elementor', 'EmbedPress', 'Fastly', 'Font Awesome', 'Google Cloud DNS', 'Google Font API', 'Harbor', 'LiteSpeed', 'Max Mega Menu', 'Max Mega Menu Pro', 'PHP', 'QUIC', 'Theme In WP', 'UTF-8', 'Woo Themes', 'WooCommerce', 'WooCommerce Checkout', 'WordPress', 'WordPress Multisite', 'jQuery']"
hreikin.co.uk,hreikin,,,62,2440,2026-09-13T13:39:36.084449495Z,"['Alternate Protocol', 'CDN JS', 'Cloudflare', 'Cloudflare CDN', 'Content Delivery Network', 'Fastly', 'GZIP Module', 'GitHub Hosting', 'Google Cloud DNS', 'Google Font API', 'Python', 'UTF-8']"
artily.com.au,Home | Artily,,AUS,55,27051,2026-09-13T13:39:36.083831555Z,"['Alternate Protocol', 'Amazon WAF Blocked', 'Apture Linking Platform', 'Coming Soon Page', 'Content Delivery Network', 'DAV', 'Express', 'Fastly', 'Fastly CDN', 'GZIP Module', 'Microdata for Google Shopping', 'NFOrce Internet', 'POWr', 'PWA', 'Perl', 'QUIC', 'SMC', 'Seflow Italy', 'Sentry', 'SiteW', 'Thank You', 'UTF-8', 'Vector Internet Services', 'WP Booking Calendar', 'Wix', 'Wix Media', 'eLand', 'mlcom']"
pebelle.co.uk,Home | Ace Personal Training Plymouth,PeBelle Pilates and Personal Training,GBR,82,90303,2026-09-13T13:39:36.080908163Z,"['Alternate Protocol', 'Amazon WAF Blocked', 'Apture Linking Platform', 'Content Delivery Network', 'DAV', 'Express', 'Fastly', 'Fastly CDN', 'GZIP Module', 'Google Related Website Sites', 'Instagram Follow Button', 'Microdata for Google Shopping', 'NFOrce Internet', 'POWr', 'PWA', 'Perl', 'QUIC', 'SMC', 'Seflow Italy', 'Sentry', 'SiteW', 'Thank You', 'UTF-8', 'Vector Internet Services', 'WP Booking Calendar', 'Wix', 'Wix Media', 'eLand', 'mlcom']"
mykotecture.com,mykos: Don't burn. Build!,,,67,87828,2026-09-13T13:39:36.080595442Z,"['Alternate Protocol', 'Amazon WAF Blocked', 'Apture Linking Platform', 'Content Delivery Network', 'DAV', 'Fastly', 'Fastly CDN', 'GZIP Module', 'GitHub Hosting', 'Google Related Website Sites', 'Instagram Follow Button', 'Microdata for Google Shopping', 'NFOrce Internet', 'PWA', 'QUIC', 'SMC', 'Sentry', 'SiteW', 'UTF-8', 'University or College', 'Vector Internet Services', 'Wix', 'Wix Media', 'mlcom']"
londoninternationalbiblecollege.org,Home | London Bible College,,GBR,77,89438,2026-09-13T13:39:36.080320788Z,"['Alternate Protocol', 'Amazon WAF Blocked', 'Apture Linking Platform', 'Content Delivery Network', 'Express', 'Fastly', 'Fastly CDN', 'GZIP Module', 'Instagram Follow Button', 'Microdata for Google Shopping', 'NFOrce Internet', 'No-Q', 'PWA', 'QUIC', 'SMC', 'Seflow Italy', 'Sentry', 'SiteW', 'Twitter Ads', 'UTF-8', 'University or College', 'Vector Internet Services', 'Wix', 'Wix Media', 'YouTube', 'mlcom']"
got2bradio.com,GOT 2 B | got2bradio,,,45,26896,2026-09-13T13:39:36.080265525Z,"['Amazon WAF Blocked', 'Apture Linking Platform', 'Cloudflare', 'Content Delivery Network', 'Express', 'Fastly', 'Fastly CDN', 'Microdata for Google Shopping', 'NFOrce Internet', 'PWA', 'QUIC', 'SMC', 'Seflow Italy', 'Sentry', 'UTF-8', 'Vector Internet Services', 'Wix', 'Wix Media', 'eLand', 'mlcom']"
leventsmanagement.com,Home | leventsmanagement,,,67,90141,2026-09-13T13:39:36.07805656Z,"['Amazon WAF Blocked', 'Apture Linking Platform', 'Content Delivery Network', 'DAV', 'Express', 'Fastly', 'Fastly CDN', 'GZIP Module', 'Google Related Website Sites', 'Instagram Follow Button', 'Microdata for Google Shopping', 'NFOrce Internet', 'PWA', 'Perl', 'QUIC', 'SMC', 'Seflow Italy', 'Sentry', 'SiteW', 'Thank You', 'Twitter Ads', 'UTF-8', 'Vector Internet Services', 'WP Booking Calendar', 'Wix', 'Wix Media', 'eLand', 'mlcom']"
assessmentnerd.ca,Shelly Cloke Classroom Assessment Consulting and Contract Presenting,,GBR,77,104990,2026-09-13T13:39:36.078921622Z,"['AWS WAF Challenge', 'Amazon WAF Blocked', 'Apture Linking Platform', 'Content Delivery Network', 'Express', 'Fastly', 'Fastly CDN', 'GZIP Module', 'Google My Business', 'Google Related Website Sites', 'Microdata for Google Shopping', 'NFOrce Internet', 'POWr', 'PWA', 'QUIC', 'SMC', 'Seflow Italy', 'Sentry', 'SiteW', 'UTF-8', 'Vector Internet Services', 'Wix', 'Wix Media', 'mlcom']"
thompsonsoktire.com,Thompson's OK Tire Brand-Name RV Tires & Services,,ARG,72,12327,2026-09-13T13:39:36.078575391Z,"['Amazon', 'Apache', 'Apture Linking Platform', 'ElementUI', 'Fastly', 'Font Awesome', 'GZIP Module', 'Google Analytics', 'Google Cloud DNS', 'Google Font API', 'Google Maps', 'Google My Business', 'Google Related Website Sites', 'Google Tag Manager', 'IcoMoon', 'License Buttons', 'Perl', 'Twitter Ads', 'UTF-8', 'Vector Internet Services', 'reCAPTCHA']"
superiorgatewaylodge.com,Luxury | Superior Gateway Lodge Vacation Rental | United States,Superior Gateway Lodge,NZL,82,148530,2026-09-13T13:39:36.077772762Z,"['123FormBuilder', 'Amazon WAF Blocked', 'Apture Linking Platform', 'Content Delivery Network', 'Express', 'Fastly', 'Fastly CDN', 'Fireblade', 'GZIP Module', 'Google Related Website Sites', 'Harbor', 'K2F', 'Microdata for Google Shopping', 'NFOrce Internet', 'On The Map', 'POWr', 'PWA', 'QUIC', 'SMC', 'Seflow Italy', 'Sentry', 'SiteW', 'UTF-8', 'Vector Internet Services', 'Wix', 'Wix Media', 'eLand', 'mlcom']"
dosa-bandi.com,"Dosa Bandi (aka Dosa Cart) | indian food | 10210 East Crystal Falls Parkway, Leander, TX, USA",,IND,77,89828,2026-09-13T13:39:36.076351563Z,"['Amazon WAF Blocked', 'Apture Linking Platform', 'Content Delivery Network', 'Express', 'Fastly', 'Fastly CDN', 'GZIP Module', 'Google Related Website Sites', 'GrubHub', 'Microdata for Google Shopping', 'NFOrce Internet', 'PWA', 'QUIC', 'SMC', 'Seflow Italy', 'Sentry', 'SiteW', 'Twitter Ads', 'UTF-8', 'Vector Internet Services', 'Wix', 'Wix Media', 'mlcom']"
happyvalleyplumbingllc.com,Happy Valley PG - Plumbing Maricopa County,Happy Valley Plumbing LLC,USA,72,134118,2026-09-13T13:39:36.072080622Z,"['Alternate Protocol', 'Amazon WAF Blocked', 'Apture Linking Platform', 'Content Delivery Network', 'Fastly', 'Fastly CDN', 'GZIP Module', 'Google Customer Reviews', 'Google Related Website Sites', 'K2F', 'KVH', 'Kudobuzz', 'Microdata for Google Shopping', 'NFOrce Internet', 'PWA', 'QUIC', 'SMC', 'Sentry', 'SiteW', 'Subversion', 'UTF-8', 'Vector Internet Services', 'VocalReferences', 'Wix', 'Wix Media', 'Yelp Badge', 'mlcom']"
tinarobinsondance.com,Dance School | Chobham | Tiptoes Dance,Tiptoes Dance,GBR,82,90729,2026-09-13T13:39:36.072382507Z,"['Alternate Protocol', 'Amazon WAF Blocked', 'Apture Linking Platform', 'Content Delivery Network', 'DAV', 'Express', 'Fastly', 'Fastly CDN', 'GZIP Module', 'Google Related Website Sites', 'Microdata for Google Shopping', 'NFOrce Internet', 'PWA', 'Perl', 'QUIC', 'SMC', 'Seflow Italy', 'Sentry', 'SiteW', 'UTF-8', 'Vector Internet Services', 'WP Booking Calendar', 'Wix', 'Wix Media', 'eLand', 'iPlayerHD', 'mlcom']"
jenwilliamsconsulting.com,Jen Williams Consulting | Youth Empowerment,Jen Williams Consulting,,72,150141,2026-09-13T13:39:36.072284668Z,"['AWS WAF Challenge', 'Alternate Protocol', 'Amazon WAF Blocked', 'Apture Linking Platform', 'Content Delivery Network', 'DAV', 'Express', 'Fastly', 'Fastly CDN', 'GZIP Module', 'Google Related Website Sites', 'K2F', 'KVH', 'Microdata for Google Shopping', 'NFOrce Internet', 'PWA', 'Perl', 'QUIC', 'SMC', 'Seflow Italy', 'Sentry', 'SiteW', 'Sitelinks Search Box', 'Subversion', 'Thank You', 'UTF-8', 'University or College', 'Vector Internet Services', 'WP Booking Calendar', 'Wix', 'Wix Media', 'YouTube', 'mlcom']"
woodstockhotel.co.nz,"The Woodstock Hotel & Brewing Co. 250 Woodstock Rimu Road, Woodstock, Ruatapu, Hokitika 7883",,,57,36985,2026-09-13T13:39:36.072529809Z,"['Alternate Protocol', 'Amazon WAF Blocked', 'Apture Linking Platform', 'Content Delivery Network', 'DAV', 'Express', 'Fastly', 'Fastly CDN', 'GZIP Module', 'Google Related Website Sites', 'Instagram Follow Button', 'K2F', 'KVH', 'Microdata for Google Shopping', 'NFOrce Internet', 'PWA', 'Perl', 'Pico CSS', 'QUIC', 'SMC', 'Seflow Italy', 'Sentry', 'SiteW', 'Subversion', 'Thank You', 'UTF-8', 'Vector Internet Services', 'WP Booking Calendar', 'Wix', 'Wix Media', 'mlcom']"
hothintel.com,Home | Hoth Intelligence,,,62,90180,2026-09-13T13:39:36.072459182Z,"['Amazon WAF Blocked', 'Apture Linking Platform', 'Coming Soon Page', 'Content Delivery Network', 'DAV', 'Express', 'Fastly', 'Fastly CDN', 'GZIP Module', 'Google Related Website Sites', 'Microdata for Google Shopping', 'NFOrce Internet', 'PWA', 'Perl', 'QUIC', 'SMC', 'Seflow Italy', 'Sentry', 'SiteW', 'UTF-8', 'Vector Internet Services', 'WP Booking Calendar', 'Wix', 'Wix Media', 'mlcom']"
visitmagnoliapark.com,Shop In Burbank | Visit Magnolia Park,,USA,82,89108,2026-09-13T13:30:34.736016861Z,"['Alternate Protocol', 'Amazon WAF Blocked', 'Apture Linking Platform', 'Content Delivery Network', 'Express', 'Fastly', 'Fastly CDN', 'GZIP Module', 'GoFundMe', 'Instagram Follow Button', 'Microdata for Google Shopping', 'NFOrce Internet', 'PWA', 'QUIC', 'SMC', 'Seflow Italy', 'Sentry', 'SiteW', 'UTF-8', 'Vector Internet Services', 'Wix', 'Wix Media', 'eLand', 'mlcom']"
borosoccerschools.co.uk,"Boro Soccer Schools | Childrens football in Middlesbrough | Middlesbrough, UK",,GBR,87,114828,2026-09-13T13:30:34.735599422Z,"['Amazon WAF Blocked', 'Apture Linking Platform', 'Content Delivery Network', 'Express', 'Fastly', 'Fastly CDN', 'GZIP Module', 'Google Related Website Sites', 'Instagram Follow Button', 'K2F', 'Microdata for Google Shopping', 'NFOrce Internet', 'PWA', 'QUIC', 'SMC', 'Seflow Italy', 'Sentry', 'SiteW', 'Subversion', 'UTF-8', 'Vector Internet Services', 'Wix', 'Wix Media', 'eLand', 'mlcom']"
internationalmassageeducation.com,Massage Courses London | CPD & Sports Massage Training | IME,International Massage Education,GBR,82,90644,2026-09-13T13:30:34.735077616Z,"['Alternate Protocol', 'Amazon WAF Blocked', 'Apture Linking Platform', 'Content Delivery Network', 'DAV', 'Ecwid Ecommerce Shopping Cart', 'Express', 'Fastly', 'Fastly CDN', 'GZIP Module', 'Google Customer Reviews', 'Google Related Website Sites', 'Instagram Follow Button', 'Microdata for Google Shopping', 'NFOrce Internet', 'PWA', 'Perl', 'QUIC', 'SMC', 'Seflow Italy', 'Sentry', 'SiteW', 'Tailwind CSS', 'Thank You', 'UTF-8', 'Vector Internet Services', 'WP Booking Calendar', 'Wix', 'Wix Media', 'mlcom']"
markhackel.com,Macomb County Executive | Mark Hackel,Mark Hackel for County Executive,USA,67,152930,2026-09-13T13:30:34.734344041Z,"['123FormBuilder', 'Amazon WAF Blocked', 'Anedot', 'Apture Linking Platform', 'Content Delivery Network', 'Express', 'Fastly', 'Fastly CDN', 'Fireblade', 'GZIP Module', 'Google Related Website Sites', 'Instagram Follow Button', 'K2F', 'KVH', 'Microdata for Google Shopping', 'Microsoft Azure', 'NFOrce Internet', 'POWr', 'PWA', 'QUIC', 'SMC', 'Seflow Italy', 'Sentry', 'SiteW', 'Subversion', 'Twitter Ads', 'UTF-8', 'Vector Internet Services', 'Wix', 'Wix Media', 'YouTube', 'mlcom']"
workoutwithjuan.com,HOME | juanimal,,,65,137108,2026-09-13T13:30:34.734994139Z,"['Amazon WAF Blocked', 'Apture Linking Platform', 'Cisco/Arrowpoint Content Service Switch', 'Content Delivery Network', 'Fastly', 'Fastly CDN', 'GZIP Module', 'Instagram Follow Button', 'K2F', 'KVH', 'Microdata for Google Shopping', 'NFOrce Internet', 'PWA', 'QUIC', 'SMC', 'Sentry', 'SiteW', 'Subversion', 'UTF-8', 'Vector Internet Services', 'Wix', 'Wix Media', 'Yelp Badge', 'YouTube', 'eLand', 'mlcom']"
taosfoodcoop.com,Taos Food Coop - Who Owns Your Grocery Store?,,,65,18138,2026-09-13T13:30:34.731599867Z,"['Alternate Protocol', 'Cloudflare', 'Content Delivery Network', 'EmbedPress', 'Fastly', 'GoDaddy', 'Google Analytics', 'Google Cloud DNS', 'Google Font API', 'Google My Business', 'Google Tag Manager', 'Oxygen', 'Oxygen Builder', 'Twenty Twenty-Four', 'UTF-8', 'Wangsu', 'WordPress', 'WordPress Multisite', 'jQuery']"
pansionmsu.online,Отделение заочного и очно-заочного обучения Классического пансиона МГУ имени М.В. Ломоносова,,RUS,55,11160,2026-09-13T13:30:34.72663649Z,"['ADFOX', 'Fastly', 'GZIP Module', 'NFOrce Internet', 'Nginx', 'PHP', 'Totara', 'UTF-8', 'Yandex Hosting', 'Yandex Metrika', 'jsDelivr']"
neeharneuro.com,neeharneuro.com – neehar neuro website,,IND,65,2510,2026-09-13T13:30:34.725253587Z,"['Alternate Protocol', 'Angular', 'Contact Form Plugin', 'EmbedPress', 'Fastly', 'GZIP Module', 'Google Cloud DNS', 'Google Font API', 'Google Maps', 'Google My Business', 'LiteSpeed', 'PHP', 'Theme In WP', 'UTF-8', 'University or College', 'WPBakery', 'WordPress', 'WordPress Multisite', 'jQuery']"
thewildsurvival.com,The Wild Survival Academy | wilderness survival,,IND,87,150303,2026-09-13T13:30:34.725783496Z,"['AWS WAF Challenge', 'Alternate Protocol', 'Amazon WAF Blocked', 'Apture Linking Platform', 'Content Delivery Network', 'DAV', 'Express', 'Fastly', 'Fastly CDN', 'GZIP Module', 'Google Related Website Sites', 'Instagram Follow Button', 'K2F', 'KVH', 'Microdata for Google Shopping', 'NFOrce Internet', 'POWr', 'PWA', 'Perl', 'QUIC', 'SMC', 'Seflow Italy', 'Sentry', 'SiteW', 'Subversion', 'Tailwind CSS', 'Thank You', 'UTF-8', 'Vector Internet Services', 'WP Booking Calendar', 'Wix', 'Wix Media', 'eLand', 'mlcom']"
andreapozza.dev,Andrea Pozza Portfolio,,ESP,65,2400,2026-09-13T13:30:34.724525961Z,"['App Store', 'CDN JS', 'Cloudflare', 'Cloudflare CDN', 'Content Delivery Network', 'ElementUI', 'Fastly', 'GZIP Module', 'GitHub Hosting', 'Google My Business', 'Google Play', 'PHP', 'QUIC', 'UTF-8']"
mycocinagrill.com,Mexican Restaurant | My Cocina Grill | Streamwood,My Cocina Grill,PHL,72,155340,2026-09-13T13:30:34.723160254Z,"['Alternate Protocol', 'Amazon WAF Blocked', 'Apture Linking Platform', 'Content Delivery Network', 'Express', 'Fastly', 'Fastly CDN', 'Fireblade', 'GZIP Module', 'Google Related Website Sites', 'K2F', 'KVH', 'Microdata for Google Shopping', 'NFOrce Internet', 'OpenTable', 'POWr', 'PWA', 'Perl', 'QUIC', 'SMC', 'Seflow Italy', 'Sentry', 'Share Link', 'SiteW', 'Subversion', 'Toast POS', 'UTF-8', 'Vector Internet Services', 'Wix', 'Wix Media', 'mlcom']"
aavashbishwas.com.np,Aavash Bishwas | MERN Developer,,,60,603,2026-09-13T13:30:34.723105041Z,"['Alternate Protocol', 'Content Delivery Network', 'Express', 'Fastly', 'GZIP Module', 'GitHub Hosting', 'Google Cloud DNS', 'Google Font API', 'UTF-8', 'University or College']"
blessinglivespersonalcare.com,"Blessing Lives Personal Care LLC | Blessinglivespersonalcare | 645 West 29th Street, Indianapolis, IN, USA",Blessing Lives Personal Care LLC,USA,72,135141,2026-09-13T13:30:34.722951559Z,"['Alternate Protocol', 'Amazon WAF Blocked', 'Apture Linking Platform', 'Content Delivery Network', 'DAV', 'Express', 'Fastly', 'Fastly CDN', 'GZIP Module', 'Google Related Website Sites', 'K2F', 'KVH', 'Microdata for Google Shopping', 'NFOrce Internet', 'PWA', 'Perl', 'QUIC', 'SMC', 'Seflow Italy', 'Sentry', 'SiteW', 'Subversion', 'Thank You', 'UTF-8', 'Vector Internet Services', 'WP Booking Calendar', 'Wix', 'Wix Media', 'mlcom']"
gennakhein.com,Bridal & Event Hair and Makeup Artist | Orange County CA,,,72,86988,2026-09-13T13:30:34.72192291Z,"['Amazon WAF Blocked', 'Apture Linking Platform', 'Content Delivery Network', 'Fastly', 'Fastly CDN', 'Instagram Follow Button', 'Microdata for Google Shopping', 'NFOrce Internet', 'PWA', 'QUIC', 'SMC', 'Sentry', 'UTF-8', 'Vector Internet Services', 'Wix', 'Wix Media', 'Yelp Badge', 'eLand', 'mlcom']"
crtwc.org,Center for Reaching & Teaching the Whole Child – Fiscally Sponsored by Community Initiatives,,USA,70,7534,2026-09-13T13:30:34.71939339Z,"['Alternate Protocol', 'Amazon', 'Amazon S3 CDN', 'Content Delivery Network', 'DAV', 'Elementor', 'EmbedPress', 'Fastly', 'GZIP Module', 'Google Analytics', 'Google Cloud DNS', 'Google Font API', 'Google Tag Manager', 'IcoMoon', 'InitiativeS', 'NFOrce Internet', 'Nginx', 'PHP', 'Recent Posts Widget With Thumbnails', 'Royal Elementor Addons', 'Storyblocks', 'Theme In WP', 'UTF-8', 'University or College', 'Woo Themes', 'WooCommerce Checkout', 'WordPress', 'WordPress Multisite', 'jQuery']"
legacyclub.boston,Legacy Club Boston | Private Social & Business Club,Legacy Club of Boston,USA,87,89828,2026-09-13T13:30:34.717332275Z,"['Amazon WAF Blocked', 'Apture Linking Platform', 'Content Delivery Network', 'Express', 'Facebook Conversion Tracking', 'Facebook Login', 'Facebook Messenger Platform', 'Facebook Pixel', 'Facebook Reseller', 'Facebook Tag API', 'Fastly', 'Fastly CDN', 'GZIP Module', 'GitHub Hosting', 'Google Calendar', 'Google My Business', 'Google Related Website Sites', 'Instagram Follow Button', 'Microdata for Google Shopping', 'NFOrce Internet', 'PWA', 'QUIC', 'SMC', 'Seflow Italy', 'Sentry', 'SiteW', 'Subversion', 'Thank You', 'Twitter Ads', 'UTF-8', 'Vector Internet Services', 'Wix', 'Wix Media', 'eLand', 'mlcom']"
hairbyalanda.ca,"Alanda Page, Stylist",,,42,1320,2026-09-13T13:30:34.714689013Z,"['Adobe Creative Cloud WebFonts', 'Content Delivery Network', 'Fastly', 'Fastly CDN', 'GZIP Module', 'Instagram Follow Button', 'UTF-8']"
emberrozelle.com,Ember Rozelle,,,52,2520,2026-09-13T13:30:34.713627714Z,"['Adobe Creative Cloud WebFonts', 'Content Delivery Network', 'DC74', 'Fastly', 'Fastly CDN', 'GZIP Module', 'Instagram Follow Button', 'Twitter Ads', 'UTF-8']"
geraldtonsurgical.com.au,Home - Dr Jacques Perry,,,55,11051,2026-09-13T13:30:34.695472837Z,"['Alternate Protocol', 'Amazon WAF Blocked', 'Apache', 'Contento', 'EmbedPress', 'Fastly', 'GZIP Module', 'Google Analytics', 'Google Cloud DNS', 'Google Font API', 'Google My Business', 'Google Tag Manager', 'Gravity', 'Gravity Forms', 'Matomo Tag Manager', 'Microdata for Google Shopping', 'PHP', 'Slider Revolution', 'Theme In WP', 'UTF-8', 'Visual Composer Ultimate Addons', 'WP Fastest Cache', 'WPBakery', 'Woo Themes', 'WordPress', 'WordPress Multisite', 'Zephyr', 'jQuery']"
jw-graphics.com,Graphics by Jacqui Wölfel,,DEU,72,9960,2026-09-13T13:30:34.693352953Z,"['Adobe Creative Cloud WebFonts', 'Content Delivery Network', 'Fastly', 'Fastly CDN', 'GZIP Module', 'Instagram Follow Button', 'UTF-8']"
cartersadultdaycenter.com,Home | Carters Adult Day Ce,carters adult day center,USA,80,89421,2026-09-13T13:30:34.691230707Z,"['Alternate Protocol', 'Amazon WAF Blocked', 'Apture Linking Platform', 'Content Delivery Network', 'DAV', 'Express', 'Fastly', 'Fastly CDN', 'GZIP Module', 'Instagram Follow Button', 'Microdata for Google Shopping', 'NFOrce Internet', 'Ntent', 'PWA', 'Perl', 'QUIC', 'SMC', 'Seflow Italy', 'Sentry', 'SiteW', 'Subversion', 'Thank You', 'UTF-8', 'Vector Internet Services', 'WP Booking Calendar', 'Wix', 'Wix Media', 'WordPress Related Posts', 'eLand', 'mlcom']"
prasadmills.com,Home | Prasad Mills,,IND,55,26985,2026-09-13T13:30:34.691512702Z,"['Amazon WAF Blocked', 'Apture Linking Platform', 'Content Delivery Network', 'DAV', 'Express', 'Fastly', 'Fastly CDN', 'GZIP Module', 'Google My Business', 'Investor Relations', 'Microdata for Google Shopping', 'NFOrce Internet', 'PWA', 'Perl', 'QUIC', 'SMC', 'Seflow Italy', 'Sentry', 'SiteW', 'UTF-8', 'Vector Internet Services', 'WP Booking Calendar', 'Wix', 'Wix Media', 'mlcom']"
milani-creations.com,Experiential Production | Milani Creations | London,,,72,134990,2026-09-13T13:30:34.691849599Z,"['Alternate Protocol', 'Amazon WAF Blocked', 'Apture Linking Platform', 'Content Delivery Network', 'Express', 'Fastly', 'Fastly CDN', 'GZIP Module', 'Google Related Website Sites', 'Instagram Follow Button', 'K2F', 'KVH', 'Microdata for Google Shopping', 'NFOrce Internet', 'POWr', 'PWA', 'QUIC', 'SMC', 'Seflow Italy', 'Sentry', 'SiteW', 'Subversion', 'UTF-8', 'Vector Internet Services', 'Wix', 'Wix Media', 'eLand', 'mlcom']"
heniifer.com,Buy Heniifer products online at best prices on https://heniifer.com,,IND,67,5130,2026-09-13T13:30:34.688423408Z,"['AJAX Libraries API', 'Amazon', 'Amazon CloudFront', 'Amazon Route 53', 'Apture Linking Platform', 'CDN JS', 'CloudFront', 'Cloudflare', 'Cloudflare CDN', 'Content Delivery Network', 'Express', 'Facebook Login', 'Facebook Messenger Platform', 'Facebook Pixel', 'Facebook Reseller', 'Fastly', 'Financial Services Guide', 'GZIP Module', 'Google Analytics', 'Google Cloud DNS', 'Google Tag Manager', 'Instagram Follow Button', 'Microsoft Clarity', 'Nginx', 'Sentry', 'UTF-8']"
woofsonwalks.co.uk,"Woofs On Walks - Dog Walking & Pet Sitting | Dog | Molesey, UK",Woofs On Walks,CAN,82,90141,2026-09-13T13:19:55.045084057Z,"['Amazon WAF Blocked', 'Apture Linking Platform', 'Content Delivery Network', 'DAV', 'Express', 'Fastly', 'Fastly CDN', 'GZIP Module', 'Google Related Website Sites', 'Microdata for Google Shopping', 'NFOrce Internet', 'PWA', 'Perl', 'QUIC', 'SMC', 'Seflow Italy', 'Sentry', 'SiteW', 'UTF-8', 'Vector Internet Services', 'WP Booking Calendar', 'Wix', 'Wix Media', 'eLand', 'mlcom']"
freedomofspeechtherapycenter.com,"Freedom of Speech Therapy Center, Speech pathology practice Margate",,GBR,62,87828,2026-09-13T13:19:55.043087849Z,"['Alternate Protocol', 'Amazon WAF Blocked', 'Apture Linking Platform', 'Content Delivery Network', 'Express', 'Fastly', 'Fastly CDN', 'GZIP Module', 'Google Related Website Sites', 'Microdata for Google Shopping', 'NFOrce Internet', 'PWA', 'QUIC', 'SMC', 'Sentry', 'SiteW', 'Twitter Ads', 'UTF-8', 'Vector Internet Services', 'Wix', 'Wix Media', 'mlcom']"
lakstein-david-law.com,"עו""ד שולמית לקשטיין דוד-נדלן, מיסוי מקרקעין, ירושות, הסכמי ממון ונוטריון",שולמית לקשטיין דוד עו&quot;ד,,72,175437,2026-09-13T13:19:55.043617318Z,"['Alternate Protocol', 'Amazon WAF Blocked', 'Apture Linking Platform', 'Aruba', 'Content Delivery Network', 'Contento', 'DAV', 'Express', 'Fastly', 'Fastly CDN', 'Fireblade', 'FormSubmit', 'GZIP Module', 'Google Related Website Sites', 'Instagram Follow Button', 'K2F', 'KVH', 'Microdata for Google Shopping', 'NFOrce Internet', 'PWA', 'Perl', 'Pico CSS', 'QUIC', 'SMC', 'Seflow Italy', 'Sentry', 'SiteW', 'Subversion', 'Thank You', 'UTF-8', 'Vector Internet Services', 'WP Booking Calendar', 'Wix', 'Wix Media', 'eLand', 'mlcom']"
mundanepros.com,"Dedicated Virtual Assistant Partner, AI-Powered | MundanePros",,PHL,82,20437,2026-09-13T13:19:55.043434432Z,"['AWS WAF Challenge', 'Alternate Protocol', 'Cloudflare', 'Cloudflare CDN', 'EmbedPress', 'Fastly', 'Google', 'Google Cloud DNS', 'Google Font API', 'Google My Business', 'InitiativeS', 'Instagram Follow Button', 'LiteSpeed', 'Microdata for Google Shopping', 'Oxygen', 'Oxygen Builder', 'PHP', 'QUIC', 'UTF-8', 'WPForms', 'WordPress', 'WordPress Multisite', 'jQuery']"
zipextractor.jp,ZIP Extractor - Free App for Opening and Creating ZIP Files,Visware,GBR,77,37700,2026-09-13T13:19:55.041573268Z,"['Accelerated Mobile Pages', 'Alternate Protocol', 'Content Delivery Network', 'DoubleClick Bid Manager', 'Fastly', 'Fireblade', 'Funding Choices', 'GZIP Module', 'Google', 'Google Adsense', 'Google Analytics', 'Google Cloud DNS', 'Google Font API', 'Google Funding Choices', 'Google Matched Content', 'Google My Business', 'Google Recommendations AI', 'Google Reseller', 'Google Tag Manager', 'Google Workspace', 'NFOrce Internet', 'Ntent', 'Perl', 'Report URI', 'UTF-8', 'University or College', 'Unix']"
bmususa.com,Building Maintenance Units | Integrity Scaffold Service Group,Integrity Scaffold Service Group,,67,94828,2026-09-13T13:19:55.041955684Z,"['Amazon WAF Blocked', 'Apture Linking Platform', 'Content Delivery Network', 'DC74', 'Express', 'Fastly', 'Fastly CDN', 'GZIP Module', 'Google Related Website Sites', 'Instagram Follow Button', 'Microdata for Google Shopping', 'NFOrce Internet', 'PWA', 'QUIC', 'SMC', 'Seflow Italy', 'Sentry', 'SiteW', 'UTF-8', 'Vector Internet Services', 'Wix', 'Wix Media', 'mlcom']"
moonsuevintage.com,MoonSue Vintage | Discover Unique Antiques and Timeless Treasures,MoonSue Vintage,,87,97541,2026-09-13T13:19:55.040370286Z,"['Alternate Protocol', 'Amazon WAF Blocked', 'Apture Linking Platform', 'Content Delivery Network', 'DAV', 'DC74', 'Express', 'Fastly', 'Fastly CDN', 'GZIP Module', 'Google Related Website Sites', 'Instagram Follow Button', 'Microdata for Google Shopping', 'Microsoft Azure', 'NFOrce Internet', 'PWA', 'Perl', 'QUIC', 'SMC', 'Seflow Italy', 'Sentry', 'SiteW', 'Sitelinks Search Box', 'Thank You', 'UTF-8', 'Vector Internet Services', 'WP Booking Calendar', 'Wix', 'Wix Media', 'XiSearch', 'eLand', 'mlcom']"
prajnafire.com,Prajna Fire | Tibetan Buddhism | Integrative Practice,Prajna Fire,,77,110086,2026-09-13T13:19:55.03929792Z,"['501c3 Status Nonprofit', 'AWS WAF Challenge', 'Alternate Protocol', 'Amazon WAF Blocked', 'Apture Linking Platform', 'Content Delivery Network', 'DAV', 'DC74', 'Ecwid Ecommerce Shopping Cart', 'Express', 'Fastly', 'Fastly CDN', 'GZIP Module', 'Google Calendar', 'Google My Business', 'Instagram Follow Button', 'Microdata for Google Shopping', 'NFOrce Internet', 'POWr', 'PWA', 'Perl', 'QUIC', 'SMC', 'Seflow Italy', 'Sentry', 'SiteW', 'Thank You', 'UTF-8', 'Vector Internet Services', 'WP Booking Calendar', 'Wix', 'Wix Media', 'WordPress Related Posts', 'YouTube', 'Zeffy', 'eLand', 'mlcom']"
ntiger.me,Xiao Wang | Analytics & Engineering,,USA,77,4840,2026-09-13T13:19:55.039477431Z,"['Astro', 'Content Delivery Network', 'Fastly', 'GZIP Module', 'GitHub Hosting', 'Google', 'Google Cloud DNS', 'Google Font API', 'Instagram Follow Button', 'Tailwind CSS', 'Twitter Ads', 'UTF-8']"
mustardfinancial.co.uk,Mustard Financial - Mustard Financial,Mustard Financial,,65,20542,2026-09-13T13:19:55.039827608Z,"['Alternate Protocol', 'Apache', 'Content Delivery Network', 'EmbedPress', 'Fastly', 'Fireblade', 'GZIP Module', 'Google Analytics', 'Google Cloud DNS', 'Google Font API', 'Google Tag Manager', 'Microdata for Google Shopping', 'Oxygen', 'Oxygen Builder', 'PHP', 'Pico CSS', 'Trustpilot Reviews for WordPress', 'Twenty Twenty-Three', 'UK Cookie Consent', 'UTF-8', 'WordPress', 'WordPress Multisite', 'jQuery']"
cumbriacurtaincall.co.uk,Home | Cumbria Curtain Call | Musical Theatre & Drama | England,Cumbria Curtain Call,,67,90806,2026-09-13T13:19:55.038385916Z,"['Alternate Protocol', 'Amazon WAF Blocked', 'Apture Linking Platform', 'Content Delivery Network', 'DAV', 'Ecwid Ecommerce Shopping Cart', 'Express', 'Fastly', 'Fastly CDN', 'GZIP Module', 'Google Related Website Sites', 'Instagram Follow Button', 'Microdata for Google Shopping', 'NFOrce Internet', 'POWr', 'PWA', 'Perl', 'QUIC', 'SMC', 'Seflow Italy', 'Sentry', 'SiteW', 'Thank You', 'Twitter Ads', 'UTF-8', 'Vector Internet Services', 'WP Booking Calendar', 'Wix', 'Wix Media', 'mlcom']"
leavethebooks.ca,"Home | Leave the Books to Me | Westport, Ontario",,USA,82,104828,2026-09-13T13:19:55.035934764Z,"['AWS WAF Challenge', 'Amazon WAF Blocked', 'Apture Linking Platform', 'Content Delivery Network', 'Express', 'Fastly', 'Fastly CDN', 'GZIP Module', 'Google Related Website Sites', 'Instagram Follow Button', 'Microdata for Google Shopping', 'NFOrce Internet', 'PWA', 'QUIC', 'SMC', 'Seflow Italy', 'Sentry', 'SiteW', 'UTF-8', 'Vector Internet Services', 'Wix', 'Wix Media', 'eLand', 'mlcom']"
relationalitybook.com,Relationality,,USA,72,3007,2026-09-13T13:19:55.034675366Z,"['Amazon Associates', 'Amazon Widgets', 'Content Delivery Network', 'DAV', 'Fastly', 'Font Awesome', 'GZIP Module', 'GitHub Hosting', 'Google Cloud DNS', 'Google Font API', 'Google My Business', 'Google Play', 'IcoMoon', 'Tailwind CSS', 'UTF-8', 'jQuery']"
restorationprimarycare.com,"Restoration Primary Care PLLC | Board Certified Family Medicine Physicians & Board-Certified Physician Assistants located in Winchester, TN",,,77,83738,2026-09-13T13:19:55.030315837Z,"['Amazon', 'Amazon CloudFront', 'Amazon Route 53', 'AudioEye', 'CloudFront', 'Content Delivery Network', 'Fastly', 'GZIP Module', 'Google', 'Google Analytics', 'Google Cloud CDN', 'Google Cloud DNS', 'Google Font API', 'Google Maps', 'Google My Business', 'Google Related Website Sites', 'Google Tag Manager', 'Kareo', 'Microdata for Google Shopping', 'Netlify', 'Parcel', 'PatientPop', 'SMC', 'Tebra', 'University or College']"
fibreopticdirect.net,Fibre Optic Direct | telecommunication technician,Fibre Optic Direct pty ltd,AUS,77,90141,2026-09-13T13:19:55.030564813Z,"['Alternate Protocol', 'Amazon WAF Blocked', 'Apture Linking Platform', 'Content Delivery Network', 'DAV', 'Express', 'Fastly', 'Fastly CDN', 'GZIP Module', 'Google Related Website Sites', 'Microdata for Google Shopping', 'NFOrce Internet', 'PWA', 'Perl', 'QUIC', 'SMC', 'Seflow Italy', 'Sentry', 'SiteW', 'UTF-8', 'Vector Internet Services', 'WP Booking Calendar', 'Wix', 'Wix Media', 'mlcom']"
jaimanconstruction.com,Construction | Jaiman Construction | Richmond,,,72,88141,2026-09-13T13:19:55.029110763Z,"['Alternate Protocol', 'Amazon WAF Blocked', 'Apture Linking Platform', 'Content Delivery Network', 'DAV', 'Fastly', 'Fastly CDN', 'GZIP Module', 'Google Related Website Sites', 'Instagram Follow Button', 'Investor Relations', 'Microdata for Google Shopping', 'NFOrce Internet', 'PWA', 'Perl', 'QUIC', 'SMC', 'Sentry', 'SiteW', 'UTF-8', 'Vector Internet Services', 'WP Booking Calendar', 'Wix', 'Wix Media', 'eLand', 'mlcom']"
allseasonsroofing.biz,"Roofing Contractor in Columbus, OH | All Seasons Roofing",All Seasons Roofing &amp; Construction,USA,87,175850,2026-09-13T13:19:55.028991011Z,"['Alternate Protocol', 'Amazon WAF Blocked', 'Apture Linking Platform', 'Aruba', 'Content Delivery Network', 'Contento', 'Cornerstone', 'DAV', 'Express', 'Fastly', 'Fastly CDN', 'Fireblade', 'FormSubmit', 'GZIP Module', 'GitHub Hosting', 'Google Analytics', 'Google Customer Reviews', 'Google Related Website Sites', 'Google Tag Manager', 'Investor Relations', 'K2F', 'KVH', 'Line2', 'Microdata for Google Shopping', 'NFOrce Internet', 'POWr', 'PWA', 'Perl', 'Pico CSS', 'QUIC', 'SMC', 'Seflow Italy', 'Sentry', 'SiteW', 'Subversion', 'Thank You', 'UTF-8', 'Vector Internet Services', 'WP Booking Calendar', 'Wix', 'Wix Media', 'Yelp Badge', 'eLand', 'mlcom']"
jasherhomes.com,Custom Home Builder | Jasher Homes | Coaldale,Jasher Homes,,77,98741,2026-09-13T13:19:55.028119149Z,"['Alternate Protocol', 'Amazon WAF Blocked', 'Apture Linking Platform', 'Content Delivery Network', 'DAV', 'DC74', 'Express', 'Fastly', 'Fastly CDN', 'GZIP Module', 'Google Related Website Sites', 'Homes.com CMS', 'Instagram Follow Button', 'Microdata for Google Shopping', 'NFOrce Internet', 'PWA', 'Perl', 'QUIC', 'SMC', 'Seflow Italy', 'Sentry', 'SiteW', 'UTF-8', 'Vector Internet Services', 'WP Booking Calendar', 'Wix', 'Wix Media', 'mlcom']"
wanakapristinesteaming.com,"Wanaka Bridal Gown Steaming / Wanaka Pristine Steaming/Central Otago,New Zealand",Wanaka Pristine Steaming,USA,87,89828,2026-09-13T13:19:55.026990798Z,"['Alternate Protocol', 'Amazon WAF Blocked', 'Apture Linking Platform', 'Content Delivery Network', 'Express', 'Fastly', 'Fastly CDN', 'GZIP Module', 'Google Related Website Sites', 'Instagram Follow Button', 'Microdata for Google Shopping', 'NFOrce Internet', 'PWA', 'Perl', 'QUIC', 'SMC', 'Seflow Italy', 'Sentry', 'SiteW', 'UTF-8', 'Vector Internet Services', 'Wix', 'Wix Media', 'eLand', 'mlcom']"
advanceautocare.uk,Advance Autocare,Advance Autocare,GBR,87,6445,2026-09-13T13:19:55.025753404Z,"['Alternate Protocol', 'Apache', 'Content Delivery Network', 'DAV', 'Divi', 'Elegant Themes', 'EmbedPress', 'Fastly', 'Font Awesome', 'GZIP Module', 'Google', 'Google Cloud CDN', 'Google Cloud DNS', 'Google Font API', 'Google Maps', 'Google My Business', 'Microdata for Google Shopping', 'PHP', 'QUIC', 'Sitelinks Search Box', 'Theme In WP', 'UTF-8', 'Woo Themes', 'WordPress', 'WordPress Multisite', 'jQuery', 'reCAPTCHA']"
mirahalim.com,Mira Halim's Design Portfolio | Freelance Designer,,SGP,77,94828,2026-09-13T13:19:55.025864762Z,"['Alternate Protocol', 'Amazon WAF Blocked', 'Apture Linking Platform', 'Content Delivery Network', 'Corporate Governance and Regulatory Compliance', 'DC74', 'Express', 'Fastly', 'Fastly CDN', 'GZIP Module', 'Google Related Website Sites', 'Instagram Follow Button', 'Microdata for Google Shopping', 'NFOrce Internet', 'PWA', 'QUIC', 'SMC', 'Seflow Italy', 'Sentry', 'SiteW', 'Sitelinks Search Box', 'Thank You', 'UTF-8', 'Vector Internet Services', 'Wix', 'Wix Media', 'eLand', 'mlcom']"
warriorshope.com,Home | Warrior's Hope,,,60,26496,2026-09-13T13:19:55.022784581Z,"['AWS WAF Challenge', 'Amazon WAF Blocked', 'Apture Linking Platform', 'Content Delivery Network', 'Fastly', 'Fastly CDN', 'GZIP Module', 'Microdata for Google Shopping', 'NFOrce Internet', 'PWA', 'QUIC', 'SMC', 'Sentry', 'SiteW', 'UTF-8', 'Vector Internet Services', 'Wix', 'Wix Media', 'eLand', 'mlcom']"
arc-to.com,"African Resource Center | Africa cultural hub | 13129 15th Sideroad, Acton, ON, Canada",African resource Center,TUR,72,89421,2026-09-13T13:19:55.022434364Z,"['Alternate Protocol', 'Amazon WAF Blocked', 'Apture Linking Platform', 'Content Delivery Network', 'DAV', 'Express', 'Fastly', 'Fastly CDN', 'GZIP Module', 'Microdata for Google Shopping', 'NFOrce Internet', 'PWA', 'Perl', 'Pico CSS', 'QUIC', 'SMC', 'Seflow Italy', 'Sentry', 'SiteW', 'Thank You', 'UTF-8', 'Vector Internet Services', 'WP Booking Calendar', 'Wix', 'Wix Media', 'mlcom']"
iota-gammadc.org,Home | Iota Phi Lambda Sorority Gamma Chapter,,USA,70,89493,2026-09-13T13:19:55.021450451Z,"['Alternate Protocol', 'Amazon WAF Blocked', 'Apture Linking Platform', 'Content Delivery Network', 'DAV', 'Express', 'Fastly', 'Fastly CDN', 'GZIP Module', 'Instagram Follow Button', 'Linktree', 'Microdata for Google Shopping', 'NFOrce Internet', 'PWA', 'Perl', 'QUIC', 'SMC', 'Seflow Italy', 'Sentry', 'SiteW', 'Thank You', 'UTF-8', 'University or College', 'Vector Internet Services', 'WP Booking Calendar', 'Wix', 'Wix Media', 'mlcom']"
hawaiilandsolutions.com,Expert Land Management Services in Hawaii | Hawaii Land Solutions | Get a Free Quote,,USA,77,130437,2026-09-13T13:19:55.021617422Z,"['Amazon WAF Blocked', 'Apture Linking Platform', 'Aruba', 'Content Delivery Network', 'Contento', 'DAV', 'Express', 'Fastly', 'Fastly CDN', 'Fireblade', 'FormSubmit', 'GZIP Module', 'Google Related Website Sites', 'Instagram Follow Button', 'Microdata for Google Shopping', 'NFOrce Internet', 'PWA', 'Perl', 'Pico CSS', 'QUIC', 'SMC', 'Seflow Italy', 'Sentry', 'SiteW', 'Subversion', 'UTF-8', 'Vector Internet Services', 'WP Booking Calendar', 'Wix', 'Wix Media', 'eLand', 'mlcom']"
losremodeling.com,Home | Los Remodeling,,,72,90141,2026-09-13T13:19:55.021955121Z,"['Alternate Protocol', 'Amazon WAF Blocked', 'Apture Linking Platform', 'Content Delivery Network', 'DAV', 'Express', 'Fastly', 'Fastly CDN', 'GZIP Module', 'Google Related Website Sites', 'Instagram Follow Button', 'Microdata for Google Shopping', 'NFOrce Internet', 'PWA', 'Perl', 'QUIC', 'SMC', 'Seflow Italy', 'Sentry', 'SiteW', 'UTF-8', 'Vector Internet Services', 'WP Booking Calendar', 'Wix', 'Wix Media', 'eLand', 'mlcom']"
pakalschmuck.ch,www.pakalschmuck.ch Schweiz Winterthur Silberschmuck Makrameschmuck handgemacht,,CHE,82,94828,2026-09-13T13:19:55.020124585Z,"['Alternate Protocol', 'Amazon WAF Blocked', 'Apture Linking Platform', 'Content Delivery Network', 'DC74', 'Express', 'Fastly', 'Fastly CDN', 'GZIP Module', 'Google My Business', 'Google Related Website Sites', 'Instagram Follow Button', 'Microdata for Google Shopping', 'NFOrce Internet', 'PWA', 'Perl', 'QUIC', 'SMC', 'Seflow Italy', 'Sentry', 'SiteW', 'Thank You', 'UTF-8', 'Vector Internet Services', 'Wix', 'Wix Media', 'eLand', 'mlcom']"
coclectureship1945.org,Home | 2027 National Lectureship,,USA,77,89421,2026-09-13T13:19:55.018490992Z,"['Amazon WAF Blocked', 'Apture Linking Platform', 'Cloudflare', 'Content Delivery Network', 'DAV', 'Express', 'Fastly', 'Fastly CDN', 'GZIP Module', 'Google My Business', 'Microdata for Google Shopping', 'NFOrce Internet', 'PWA', 'Perl', 'QUIC', 'RegFox', 'SMC', 'Seflow Italy', 'Sentry', 'SiteW', 'Thank You', 'UTF-8', 'Vector Internet Services', 'WP Booking Calendar', 'Wix', 'Wix Media', 'mlcom']"
smilecafeglasgow.com,Italian Cafe | Smile Cafe Glasgow | Scotland,Smile Cafe Glasgow,GBR,77,90303,2026-09-13T13:19:55.017853212Z,"['Alternate Protocol', 'Amazon WAF Blocked', 'Apture Linking Platform', 'Content Delivery Network', 'DAV', 'Express', 'Fastly', 'Fastly CDN', 'GZIP Module', 'Google Related Website Sites', 'Instagram Follow Button', 'Microdata for Google Shopping', 'NFOrce Internet', 'POWr', 'PWA', 'Perl', 'QUIC', 'SMC', 'Seflow Italy', 'Sentry', 'SiteW', 'Thank You', 'Twitter Ads', 'UTF-8', 'Vector Internet Services', 'WP Booking Calendar', 'Wix', 'Wix Media', 'eLand', 'mlcom']"
adamjosephroofing.com,Home | Adam Joseph Roofing | Roofing Siding Windows | Pennsylvania,Adam Joseph Roofing,USA,82,93741,2026-09-13T13:19:55.017941575Z,"['Alternate Protocol', 'Amazon WAF Blocked', 'Apture Linking Platform', 'Content Delivery Network', 'DAV', 'Express', 'Fastly', 'Fastly CDN', 'GZIP Module', 'Google Analytics', 'Google Customer Reviews', 'Google My Business', 'Google Related Website Sites', 'Google Tag Manager', 'Homes.com CMS', 'Microdata for Google Shopping', 'NFOrce Internet', 'PWA', 'Perl', 'QUIC', 'SMC', 'Seflow Italy', 'Sentry', 'SiteW', 'Sitelinks Search Box', 'Thank You', 'UTF-8', 'Vector Internet Services', 'WP Booking Calendar', 'Wix', 'Wix Media', 'eLand', 'mlcom']"
asgardunderworldarcade.com,Asgard Underword Arcade Bar Unlimited play Arcade Downtown WIsconsin Dells,,,72,141656,2026-09-13T13:19:55.017762846Z,"['Amazon WAF Blocked', 'Apture Linking Platform', 'Content Delivery Network', 'DC74', 'Fastly', 'Fastly CDN', 'GZIP Module', 'Google Related Website Sites', 'K2F', 'KVH', 'Microdata for Google Shopping', 'NFOrce Internet', 'PWA', 'Peek', 'QUIC', 'SMC', 'Sentry', 'SiteW', 'Subversion', 'Toast POS', 'UTF-8', 'Vector Internet Services', 'Wix', 'Wix Media', 'eLand', 'mlcom']"
ouritalianroots.org,Italian Genealogical Society of America – Celebrating 25 Years!,,,62,3126,2026-09-13T13:19:55.015421629Z,"['Alternate Protocol', 'Automattic', 'BatCache', 'Content Delivery Network', 'EmbedPress', 'Fastly', 'Jetpack', 'Jetpack Site Accelerator', 'Nginx', 'Tailwind CSS', 'UTF-8', 'Woo Themes', 'WooCommerce Checkout', 'WordPress', 'WordPress Multisite', 'WordPress Stats']"
qlongstudio.cn,Qlong工作室 | QlongStudio,,,42,918,2026-09-13T13:19:55.015736333Z,"['Baidu Cloud', 'Bulma', 'CDN JS', 'Cloudflare', 'Cloudflare CDN', 'Content Delivery Network', 'FastClick', 'Fastly', 'Font Awesome', 'GZIP Module', 'GitHub Hosting', 'Google Cloud DNS', 'Google Font API', 'Google Related Website Sites', 'IcoMoon', 'Jekyll', 'PWA', 'UTF-8', 'jQuery']"
floodjanitorial.com,Home | Flood Janitorial,,,60,34896,2026-09-13T13:19:55.014816977Z,"['Amazon WAF Blocked', 'Apture Linking Platform', 'Better Lead Generation Services', 'Content Delivery Network', 'Express', 'Fastly', 'Fastly CDN', 'GZIP Module', 'HMDG', 'Microdata for Google Shopping', 'NFOrce Internet', 'PWA', 'QUIC', 'SMC', 'Seflow Italy', 'Sentry', 'SiteW', 'UTF-8', 'Vector Internet Services', 'Wix', 'Wix Media', 'mlcom']"
kimia.fi,Home of Kimmo Ahokas | kimia.fi,,,62,2400,2026-09-13T13:19:55.013110076Z,"['Alternate Protocol', 'Content Delivery Network', 'Fastly', 'GZIP Module', 'GitHub Hosting', 'Jekyll', 'Mastodon', 'Microdata for Google Shopping', 'Tailwind CSS', 'Telegram', 'Twitter Ads', 'UTF-8', 'University or College']"
littleleanersco.com,Home | Little Learners Daycare,,SYC,80,149211,2026-09-13T13:19:55.012571084Z,"['Alternate Protocol', 'Amazon WAF Blocked', 'Apture Linking Platform', 'Aruba', 'Cognito Forms', 'Content Delivery Network', 'Fastly', 'Fastly CDN', 'Fireblade', 'FormSubmit', 'GZIP Module', 'GitHub Hosting', 'Google Maps', 'Google My Business', 'Instagram Follow Button', 'K2F', 'KVH', 'Microdata for Google Shopping', 'NFOrce Internet', 'Oddle', 'PWA', 'Pico CSS', 'Point', 'QUIC', 'SMC', 'Sentry', 'SiteW', 'Sitelinks Search Box', 'Subversion', 'UTF-8', 'University or College', 'Vector Internet Services', 'Wix', 'Wix Media', 'WordPress Related Posts', 'eLand', 'mlcom']"
diegodelavegae.com,Diego De la Vega - Software Engineer,,DOM,67,2908,2026-09-13T13:19:55.005242271Z,"['Bulma', 'CDN JS', 'Cloudflare', 'Cloudflare CDN', 'Content Delivery Network', 'ElementUI', 'Fastly', 'GitHub Hosting', 'Google Cloud DNS', 'Google Font API', 'Google My Business', 'Google Play', 'IcoMoon', 'Tailwind CSS', 'UTF-8', 'jQuery']"
trysight.com,Home - TrySight,Trysight,CAN,55,997,2026-09-13T13:19:55.00532756Z,"['Alternate Protocol', 'Apache', 'Contact Form 7', 'Contact Form Plugin', 'EmbedPress', 'Endurance Page Cache', 'Facebook Conversion Tracking', 'Facebook Customer Chat SDK', 'Facebook Login', 'Facebook Messenger Platform', 'Facebook Pixel', 'Facebook Reseller', 'Facebook Tag API', 'Fastly', 'GZIP Module', 'Google Analytics', 'Google Cloud DNS', 'Google Font API', 'Google My Business', 'Google Related Website Sites', 'Google Tag Manager', 'IcoMoon', 'Microdata for Google Shopping', 'MonsterInsights', 'PHP', 'Popup Anything', 'Popup Maker for Wordpress', 'QUIC', 'Sitelinks Search Box', 'Slider Revolution', 'TI WooCommerce Wishlist', 'Theme In WP', 'UTF-8', 'WPBakery', 'Woo Themes', 'WooCommerce Checkout', 'WooCommerce Stripe Payment Gateway', 'WordPress', 'WordPress Multisite', 'YouTube', 'jQuery', 'reCAPTCHA']"
albero-berlin.de,Albero,,DEU,55,720,2026-09-13T13:19:55.004605092Z,"['Amazon', 'BootstrapMade', 'Content Delivery Network', 'Fastly', 'Firebase', 'Google', 'Google Cloud CDN', 'Google My Business', 'Instagram Follow Button', 'PHP', 'UTF-8', 'YouTube']"
essydopolitics.blog,Essydo Politics | Politics Through Wisdom.,,KGZ,87,26151,2026-09-13T13:10:30.467372381Z,"['AWS WAF Challenge', 'Alternate Protocol', 'Automattic', 'BJ Lazy Load for WordPress', 'BatCache', 'Brevo', 'CDN JS', 'Cloudflare', 'Cloudflare CDN', 'Content Delivery Network', 'Cornerstone', 'EmbedPress', 'Fastly', 'Gomag', 'Google Adsense', 'Google Analytics', 'Google Funding Choices', 'Google Matched Content', 'Google My Business', 'Google Related Website Sites', 'Google Reseller', 'Google Tag Manager', 'Gtranslate for Wordpress', 'IcoMoon', 'Instagram Feed for WordPress', 'Instagram Follow Button', 'Jetpack', 'Jetpack Site Accelerator', 'Microdata for Google Shopping', 'Newsletter for Wordpress', 'Nginx', 'PHP', 'QUIC', 'Sitelinks Search Box', 'Tailwind CSS', 'Theme In WP', 'Twitter Ads', 'UTF-8', 'Vector Internet Services', 'WonderPush', 'Woo Themes', 'WooCommerce', 'WooCommerce Checkout', 'WordPress', 'WordPress Multisite', 'WordPress Stats', 'YouTube', 'a3 Lazy Load', 'eLand', 'jQuery']"
waivium.io,"Waivium || Website Design & Digital Marketing Agency in Rock Falls, IL",,CAN,77,118841,2026-09-13T13:10:30.467565051Z,"['Alternate Protocol', 'Amazon WAF Blocked', 'Apture Linking Platform', 'Cloudflare', 'Clutch', 'Content Delivery Network', 'DAV', 'ElementUI', 'Express', 'Facebook Conversion Tracking', 'Facebook Login', 'Facebook Messenger Platform', 'Facebook Pixel', 'Facebook Reseller', 'Facebook Tag API', 'Fastly', 'Fastly CDN', 'Fireblade', 'GZIP Module', 'GitHub Hosting', 'Google Analytics', 'Google Related Website Sites', 'Google Tag Manager', 'Microdata for Google Shopping', 'NFOrce Internet', 'PWA', 'Perl', 'QUIC', 'Rush', 'SMC', 'Seflow Italy', 'Semrush', 'Sentry', 'SiteW', 'Thank You', 'UTF-8', 'Vector Internet Services', 'WP Booking Calendar', 'Wix', 'Wix Media', 'mlcom']"
giannimancinelli.com,Gianni Mancinelli,,,35,600,2026-09-13T13:10:30.465427451Z,"['Content Delivery Network', 'Fastly', 'GZIP Module', 'GitHub Hosting', 'UTF-8']"
glassinflight.com,Glass in Flight | stunning steel and stained glass sculpture exhibits,Glass In Flight ,,82,89828,2026-09-13T13:10:30.464508827Z,"['Amazon WAF Blocked', 'Apture Linking Platform', 'Content Delivery Network', 'Express', 'Fastly', 'Fastly CDN', 'GZIP Module', 'Google Related Website Sites', 'Instagram Follow Button', 'Microdata for Google Shopping', 'NFOrce Internet', 'PWA', 'Perl', 'QUIC', 'SMC', 'Seflow Italy', 'Sentry', 'SiteW', 'Tailwind CSS', 'UTF-8', 'Vector Internet Services', 'Wix', 'Wix Media', 'eLand', 'mlcom']"
spaincanadacc.org,Home - Spanish Chamber of Commerce in Canada,Spain Canada Chamber of Commerce,ESP,80,30651,2026-09-13T13:10:30.463931437Z,"['Alternate Protocol', 'DAV', 'DC74', 'Divi', 'Elegant Themes', 'Elementor', 'EmbedPress', 'Endurance Page Cache', 'Event Tickets for Wordpress', 'Fastly', 'GZIP Module', 'Google', 'Google Analytics', 'Google Cloud CDN', 'Google Cloud DNS', 'Google Font API', 'Google Maps', 'Google My Business', 'Google Tag Manager', 'Gtranslate for Wordpress', 'Interchange', 'Microdata for Google Shopping', 'NFOrce Internet', 'On The Map', 'PHP', 'Sitelinks Search Box', 'The Events Calendar', 'Theme In WP', 'Twitter Ads', 'University or College', 'WP Job Manager', 'Woo Themes', 'WooCommerce', 'WooCommerce Checkout', 'WordPress', 'WordPress Multisite', 'WordPress Related Posts', 'WordPress SEO Structured Data Schema Plugin', 'jQuery']"
homebuilder.net.za,Construction | Homebuilder | Centurion,Homebuilder,ZAF,77,135141,2026-09-13T13:10:30.463297182Z,"['Alternate Protocol', 'Amazon WAF Blocked', 'Apture Linking Platform', 'Content Delivery Network', 'DAV', 'Express', 'Fastly', 'Fastly CDN', 'GZIP Module', 'Google Related Website Sites', 'Instagram Follow Button', 'K2F', 'KVH', 'Microdata for Google Shopping', 'NFOrce Internet', 'PWA', 'Perl', 'QUIC', 'SMC', 'Seflow Italy', 'Sentry', 'SiteW', 'Subversion', 'UTF-8', 'Vector Internet Services', 'WP Booking Calendar', 'Wix', 'Wix Media', 'WordPress Related Posts', 'mlcom']"
newjerseypropertyinspections.com,"New Jersey Property Inspections | Home Inspections | 59 2nd Ave, Raritan, NJ, USA",New Jersey Property Inspections ,,82,134828,2026-09-13T13:10:30.463202589Z,"['Alternate Protocol', 'Amazon WAF Blocked', 'Apture Linking Platform', 'Content Delivery Network', 'Express', 'Fastly', 'Fastly CDN', 'GZIP Module', 'Google Related Website Sites', 'K2F', 'KVH', 'Microdata for Google Shopping', 'NFOrce Internet', 'PWA', 'QUIC', 'SMC', 'Seflow Italy', 'Sentry', 'SiteW', 'Subversion', 'UTF-8', 'Vector Internet Services', 'Wix', 'Wix Media', 'eLand', 'mlcom']"
betwood.fr,Construction de maison individuelle | Parpaing & Bois – Betwood,,FRA,82,2908,2026-09-13T13:10:30.462956629Z,"['DAV', 'Envoy', 'Fastly', 'GZIP Module', 'Google Analytics', 'Google Cloud DNS', 'Google Font API', 'Google Maps', 'Google My Business', 'Google Tag Manager', 'IcoMoon', 'Instagram Follow Button', 'Nginx', 'PHP', 'PWA', 'Tailwind CSS', 'Theme In WP', 'UTF-8', 'WordPress', 'YouTube', 'jQuery']"
apaxictowing.com,"Apaxic LLC Towing | Bonney Lake, WA",,USA,77,2400,2026-09-13T13:10:30.461954559Z,"['Content Delivery Network', 'Fastly', 'GZIP Module', 'GitHub Hosting', 'Google Analytics', 'Google Tag Manager', 'Instagram Follow Button', 'QUIC', 'UTF-8']"
involutionpublishing.com,Wolfe Wisdom | Involution Publishing,,BRA,87,151846,2026-09-13T13:10:30.461216036Z,"['123FormBuilder', 'Alternate Protocol', 'Amazon WAF Blocked', 'Amazon Widgets', 'Apture Linking Platform', 'Cloudflare', 'Content Delivery Network', 'DAV', 'Ecwid Ecommerce Shopping Cart', 'Express', 'Fastly', 'Fastly CDN', 'Fireblade', 'GZIP Module', 'Google Related Website Sites', 'Heroku', 'Instagram Follow Button', 'K2F', 'KVH', 'Microdata for Google Shopping', 'NFOrce Internet', 'POWr', 'PWA', 'Perl', 'QUIC', 'SMC', 'Seflow Italy', 'Sentry', 'Share Link', 'SiteW', 'Subversion', 'UTF-8', 'Vector Internet Services', 'WP Booking Calendar', 'Wix', 'Wix Media', 'YouTube', 'eLand', 'mlcom']"
courtneyraymond.com,"Courtney Raymond Fine Art | Charleston, SC",Courtney Raymond Fine Art,USA,67,89828,2026-09-13T13:10:30.460580438Z,"['Amazon WAF Blocked', 'Apture Linking Platform', 'Content Delivery Network', 'Express', 'Fastly', 'Fastly CDN', 'GZIP Module', 'Google Related Website Sites', 'Microdata for Google Shopping', 'NFOrce Internet', 'PWA', 'QUIC', 'SMC', 'Seflow Italy', 'Sentry', 'SiteW', 'Thank You', 'UTF-8', 'Vector Internet Services', 'Wix', 'Wix Media', 'eLand', 'mlcom']"
paztaxsolutions.com,"Paz Tax Solutions | preparación de impuestos | 5023 Preston Hwy, Louisville, KY 40213, USA",PAZ TAX SOLUTIONS LLC,GBR,72,134421,2026-09-13T13:10:30.45988454Z,"['Amazon WAF Blocked', 'Apture Linking Platform', 'Content Delivery Network', 'DAV', 'Express', 'Fastly', 'Fastly CDN', 'GZIP Module', 'Instagram Follow Button', 'K2F', 'KVH', 'Microdata for Google Shopping', 'NFOrce Internet', 'PWA', 'Perl', 'QUIC', 'SMC', 'Seflow Italy', 'Sentry', 'SiteW', 'Subversion', 'UTF-8', 'Vector Internet Services', 'WP Booking Calendar', 'Wix', 'Wix Media', 'mlcom']"
joncotton.net,About Me | Jonathan S. Cotton,,,45,27206,2026-09-13T13:10:30.459745871Z,"['Amazon WAF Blocked', 'Apture Linking Platform', 'Content Delivery Network', 'Express', 'Fastly', 'Fastly CDN', 'GZIP Module', 'NFOrce Internet', 'PWA', 'QUIC', 'SMC', 'Seflow Italy', 'Sentry', 'SiteW', 'UTF-8', 'Vector Internet Services', 'Wix', 'Wix Media', 'cstate', 'mlcom']"
nolhanpieroni.fr,Nolhan Pieroni,,FRA,35,660,2026-09-13T13:10:30.45969846Z,"['Amazon', 'Content Delivery Network', 'Fastly', 'GZIP Module', 'GitHub Hosting', 'Instagram Follow Button', 'UTF-8']"
unit7inc.com,"Unit 7 Consulting, Inc. | Sales & Consulting Firm",,USA,77,87108,2026-09-13T13:10:30.459819623Z,"['Alternate Protocol', 'Amazon WAF Blocked', 'Apture Linking Platform', 'Content Delivery Network', 'Fastly', 'Fastly CDN', 'GZIP Module', 'Instagram Follow Button', 'Microdata for Google Shopping', 'NFOrce Internet', 'PWA', 'QUIC', 'SMC', 'Sentry', 'SiteW', 'UTF-8', 'Vector Internet Services', 'Wix', 'Wix Media', 'eLand', 'mlcom']"
ntdjuniors.org,ABOUT US | Ntd Juniors,,,60,26985,2026-09-13T13:10:30.458792556Z,"['Alternate Protocol', 'Amazon WAF Blocked', 'Apture Linking Platform', 'Content Delivery Network', 'DAV', 'Express', 'Fastly', 'Fastly CDN', 'GZIP Module', 'Instagram Follow Button', 'Microdata for Google Shopping', 'NFOrce Internet', 'PWA', 'Perl', 'QUIC', 'SMC', 'Seflow Italy', 'Sentry', 'SiteW', 'Sitelinks Search Box', 'UTF-8', 'Vector Internet Services', 'WP Booking Calendar', 'Wix', 'Wix Media', 'eLand', 'mlcom']"
cyberagile.tech,CyberAgile | ISO 27001 Cyber Security Certification,,,62,119421,2026-09-13T13:10:30.457707921Z,"['AWS WAF Challenge', 'Alternate Protocol', 'Amazon WAF Blocked', 'Apture Linking Platform', 'Content Delivery Network', 'DAV', 'Express', 'Fastly', 'Fastly CDN', 'Fireblade', 'GZIP Module', 'Microdata for Google Shopping', 'NFOrce Internet', 'PWA', 'Perl', 'QUIC', 'SMC', 'Seflow Italy', 'Sentry', 'SiteW', 'Thank You', 'Twitter Ads', 'UTF-8', 'Vector Internet Services', 'WP Booking Calendar', 'Wix', 'Wix Media', 'mlcom']"
talentcityindex.com,HOME | Talent City Index,,SWE,87,105180,2026-09-13T13:10:30.455036285Z,"['AWS WAF Challenge', 'Alternate Protocol', 'Amazon WAF Blocked', 'Apture Linking Platform', 'Coming Soon Page', 'Content Delivery Network', 'DAV', 'Express', 'Fastly', 'Fastly CDN', 'GZIP Module', 'Google Related Website Sites', 'Microdata for Google Shopping', 'NFOrce Internet', 'PWA', 'Perl', 'QUIC', 'SMC', 'Seflow Italy', 'Sentry', 'SiteW', 'Thank You', 'UTF-8', 'Vector Internet Services', 'WP Booking Calendar', 'Wix', 'Wix Media', 'eLand', 'mlcom']"
molly-elizabeth.com,Shadow Work | Molly Elizabeth,,GBR,72,90303,2026-09-13T13:10:30.454118604Z,"['Alternate Protocol', 'Amazon WAF Blocked', 'Apture Linking Platform', 'Content Delivery Network', 'DAV', 'Express', 'Fastly', 'Fastly CDN', 'GZIP Module', 'Google Related Website Sites', 'Instagram Follow Button', 'Microdata for Google Shopping', 'NFOrce Internet', 'POWr', 'PWA', 'Perl', 'QUIC', 'SMC', 'Seflow Italy', 'Sentry', 'SiteW', 'UTF-8', 'Vector Internet Services', 'WP Booking Calendar', 'Wix', 'Wix Media', 'mlcom']"
libertypca.org,"Home - Liberty Church, PCA",Liberty Church PCA,USA,72,48008,2026-09-13T13:10:30.454604055Z,"['AWS WAF Challenge', 'Alternate Protocol', 'Apture Linking Platform', 'Church Center', 'Cloudflare', 'Cloudflare CDN', 'Content Delivery Network', 'Contento', 'EmbedPress', 'Fastly', 'Google', 'Google Analytics', 'Google Calendar', 'Google Cloud CDN', 'Google My Business', 'Google Tag Manager', 'Impreza', 'Lazy Load for WordPress', 'Microdata for Google Shopping', 'PHP', 'Sitelinks Search Box', 'Theme In WP', 'UTF-8', 'WP Engine', 'WPBakery', 'Woo Themes', 'WordPress', 'WordPress Multisite', 'YouTube', 'jQuery']"
shireetasbenjamin.com,HOME | Shireeta Benjamin LL,Shireeta Benjamin LLC,,75,89421,2026-09-13T13:10:30.454536132Z,"['Alternate Protocol', 'Amazon WAF Blocked', 'Apture Linking Platform', 'Content Delivery Network', 'DAV', 'Express', 'Fastly', 'Fastly CDN', 'GZIP Module', 'Instagram Follow Button', 'Microdata for Google Shopping', 'NFOrce Internet', 'PWA', 'Perl', 'QUIC', 'SMC', 'Seflow Italy', 'Sentry', 'SiteW', 'Thank You', 'Twitter Ads', 'UTF-8', 'Vector Internet Services', 'WP Booking Calendar', 'Wix', 'Wix Media', 'eLand', 'mlcom']"
cieraalexis.com,Ciera Alexis Photography | Richmond VA Photographer | Newborn | Branding | Boudoir,,,57,26896,2026-09-13T13:10:30.453249494Z,"['Alternate Protocol', 'Amazon WAF Blocked', 'Apture Linking Platform', 'Coming Soon Page', 'Content Delivery Network', 'Express', 'Fastly', 'Fastly CDN', 'GZIP Module', 'Instagram Follow Button', 'Microdata for Google Shopping', 'NFOrce Internet', 'PWA', 'QUIC', 'SMC', 'Seflow Italy', 'Sentry', 'SiteW', 'UTF-8', 'Vector Internet Services', 'Wix', 'Wix Media', 'eLand', 'mlcom']"
mp-baseball.com,Home | Michigan's Premier Baseball,Michigan's Premier Baseball,SYC,65,89270,2026-09-13T13:10:30.453171397Z,"['Alternate Protocol', 'Amazon WAF Blocked', 'Apture Linking Platform', 'Content Delivery Network', 'Express', 'Fastly', 'Fastly CDN', 'GZIP Module', 'Google Forms', 'Google My Business', 'Instagram Follow Button', 'Microdata for Google Shopping', 'NFOrce Internet', 'POWr', 'PWA', 'QUIC', 'SMC', 'Seflow Italy', 'Sentry', 'SiteW', 'Thank You', 'UTF-8', 'University or College', 'Vector Internet Services', 'Wix', 'Wix Media', 'eLand', 'mlcom']"
domeconsortium.org,DOME – Development of Online Medical records and E-health services,,SWE,82,3047,2026-09-13T13:10:30.452799046Z,"['Alternate Protocol', 'Automattic', 'BatCache', 'CoBlocks', 'EmbedPress', 'Fastly', 'GDPR Consent Management Platform', 'Jetpack', 'Jetpack Site Accelerator', 'Nginx', 'Tailwind CSS', 'UTF-8', 'University or College', 'WordPress', 'WordPress Multisite', 'WordPress Stats']"
boldmoveintl.com,Bold Move International | Leadership Coaching in Upstate SC,,PHL,82,35438,2026-09-13T13:10:30.452627127Z,"['AWS WAF Challenge', 'Adobe Creative Cloud WebFonts', 'Alternate Protocol', 'Amazon WAF Blocked', 'Anti-spam for WordPress', 'CleanTalk Spam Protect', 'Content Delivery Network', 'DAV', 'Elementor', 'EmbedPress', 'Fastly', 'Fireblade', 'GZIP Module', 'Google My Business', 'Instagram Follow Button', 'Microdata for Google Shopping', 'NFOrce Internet', 'Newsletter for Wordpress', 'Nginx', 'OceanWP', 'PHP', 'Sitelinks Search Box', 'Tailwind CSS', 'Theme In WP', 'Twitter Ads', 'UTF-8', 'WP Mobile Menu', 'WPForms', 'Woo Themes', 'WooCommerce Checkout', 'WordPress', 'WordPress Multisite', 'jQuery']"
rocketmotor.net,Rocket Motors Auto Service has Brand-Name Tires & Services,,,62,14127,2026-09-13T13:10:30.452873007Z,"['Apache', 'Apture Linking Platform', 'AutoOps', 'ElementUI', 'Facebook Conversion Tracking', 'Facebook Login', 'Facebook Messenger Platform', 'Facebook Pixel', 'Facebook Reseller', 'Facebook Tag API', 'Fastly', 'Font Awesome', 'GZIP Module', 'Google Analytics', 'Google Cloud DNS', 'Google Font API', 'Google Maps', 'Google My Business', 'Google Related Website Sites', 'Google Tag Manager', 'IcoMoon', 'Perl', 'QUIC', 'UTF-8', 'Vector Internet Services', 'reCAPTCHA']"
10k-training.com,10k Training – Specialized Youth Sports Performance by Chris Jones,,USA,72,55622,2026-09-13T13:10:30.451070471Z,"['Alternate Protocol', 'Automattic', 'BatCache', 'DAV', 'EmbedPress', 'Fastly', 'FormSubmit', 'Google Maps', 'Google My Business', 'Gutenberg', 'Instagram Follow Button', 'Jetpack', 'Jetpack Site Accelerator', 'Microdata for Google Shopping', 'Nginx', 'Oracle Cloud', 'PHP', 'Perl', 'SMC', 'Schema Plugin', 'Subversion', 'Thank You', 'Theme In WP', 'UTF-8', 'Woo Themes', 'WooCommerce', 'WooCommerce Checkout', 'WooCommerce Payments', 'WordPress', 'WordPress Multisite', 'WordPress Stats', 'YouTube', 'jQuery']"
palmeradvisory.com,Palmer Advisory Group | IT Managed Services,,,57,26985,2026-09-13T13:10:30.450077335Z,"['Advisory Board', 'Amazon WAF Blocked', 'Apture Linking Platform', 'Content Delivery Network', 'DAV', 'Express', 'Fastly', 'Fastly CDN', 'GZIP Module', 'Microdata for Google Shopping', 'NFOrce Internet', 'PWA', 'Perl', 'QUIC', 'SMC', 'Seflow Italy', 'Sentry', 'SiteW', 'Thank You', 'UTF-8', 'Vector Internet Services', 'WP Booking Calendar', 'Wix', 'Wix Media', 'mlcom']"
selectcolours.co.uk,Select Colours | Bespoke Colour & Additive Masterbatch Supplier,Select colours ltd,,72,29694,2026-09-13T13:10:30.449983654Z,"['Alternate Protocol', 'Contact Form Plugin', 'Content Delivery Network', 'Contento', 'DAV', 'EmbedPress', 'Fastly', 'Font Awesome', 'Google Analytics', 'Google Cloud DNS', 'Google Font API', 'Google Tag Manager', 'Impreza', 'LiteSpeed', 'LiveChat', 'LiveChat Monitoring', 'Microdata for Google Shopping', 'PHP', 'QUIC', 'Slider Revolution', 'Theme In WP', 'UTF-8', 'Visual Composer Ultimate Addons', 'WPBakery', 'WordPress', 'WordPress Multisite', 'jQuery']"
thomas-chambers.com,Thomas Chambers’ Personal Pages & Blog | Thomas Chambers,,,67,2499,2026-09-13T13:10:30.449679156Z,"['Alternate Protocol', 'Content Delivery Network', 'Express', 'Fastly', 'Font Awesome', 'GZIP Module', 'GitHub Hosting', 'Jekyll', 'Microdata for Google Shopping', 'UTF-8']"
synergylife.coach,Synergy Life Coaching,Synergy Life Coaching,USA,77,37251,2026-09-13T13:10:30.447100631Z,"['AWS WAF Challenge', 'CleanTalk Spam Protect', 'Cloudflare', 'Cloudflare CDN', 'Cloudflare Web Analytics', 'Content Delivery Network', 'DAV', 'Elementor', 'EmbedPress', 'Fastly', 'Fireblade', 'Google', 'Google Cloud CDN', 'Google Cloud DNS', 'Google Font API', 'Google Related Website Sites', 'Gravity Forms', 'Hello Elementor', 'Microdata for Google Shopping', 'Pantheon', 'Sitelinks Search Box', 'UTF-8', 'WordPress', 'WordPress Multisite', 'jQuery']"
noblecareconnect.com,Home | Noble Care Connect,Noble Care Connect LLC,,82,90141,2026-09-13T13:10:30.4479164Z,"['Alternate Protocol', 'Amazon WAF Blocked', 'Apture Linking Platform', 'Content Delivery Network', 'DAV', 'Express', 'Fastly', 'Fastly CDN', 'GZIP Module', 'Google Related Website Sites', 'Instagram Follow Button', 'Microdata for Google Shopping', 'NFOrce Internet', 'PWA', 'Perl', 'QUIC', 'SMC', 'Seflow Italy', 'Sentry', 'SiteW', 'Thank You', 'Twitter Ads', 'UTF-8', 'Vector Internet Services', 'WP Booking Calendar', 'Wix', 'Wix Media', 'eLand', 'mlcom']"
stsymeon.com,"Home | St. Symeon Orthodox Church, Birmingham",,USA,72,90303,2026-09-13T12:59:13.66426376Z,"['Alternate Protocol', 'Amazon WAF Blocked', 'Apture Linking Platform', 'Content Delivery Network', 'DAV', 'Express', 'Fastly', 'Fastly CDN', 'GZIP Module', 'Google Related Website Sites', 'Microdata for Google Shopping', 'NFOrce Internet', 'POWr', 'PWA', 'Perl', 'QUIC', 'SMC', 'Seflow Italy', 'Sentry', 'SiteW', 'Thank You', 'UTF-8', 'Vector Internet Services', 'WP Booking Calendar', 'Wix', 'Wix Media', 'Zeffy', 'mlcom']"
loxsy.ie,Loxsy | classroom phone management,,,77,89828,2026-09-13T12:59:13.664055336Z,"['Amazon WAF Blocked', 'Apture Linking Platform', 'Content Delivery Network', 'Express', 'Fastly', 'Fastly CDN', 'GZIP Module', 'Google Related Website Sites', 'Microdata for Google Shopping', 'NFOrce Internet', 'PWA', 'QUIC', 'SMC', 'Seflow Italy', 'Sentry', 'SiteW', 'UTF-8', 'Vector Internet Services', 'Wix', 'Wix Media', 'eLand', 'mlcom']"
norstarmolds.com,"Norstar Aluminum Molds, Inc. - Creative Solutions in Tooling","Norstar Aluminum Molds, Inc.",,77,6872,2026-09-13T12:59:13.662137296Z,"['Akismet', 'Alternate Protocol', 'Astra Theme', 'Beaver Builder Lite', 'Contact Form Plugin', 'Content Delivery Network', 'EmbedPress', 'Fastly', 'Font Awesome', 'GZIP Module', 'Google', 'Google Cloud CDN', 'Google Cloud DNS', 'Google Font API', 'Google My Business', 'Microdata for Google Shopping', 'PHP', 'Pagekit', 'QUIC', 'Schema Plugin', 'Sitelinks Search Box', 'Slider Revolution', 'Smush Image Optimization', 'The SEO Framework', 'Theme In WP', 'UTF-8', 'Woo Themes', 'WordPress', 'WordPress Multisite', 'WordPress Related Posts', 'YouTube', 'jQuery', 'reCAPTCHA']"
rkrservices.co.uk,Ashford’s leading Artificial Grass company | RKR Services Ltd,,,92,2771,2026-09-13T12:59:13.659229928Z,"['Alternate Protocol', 'Apache', 'Apture Linking Platform', 'Content Delivery Network', 'Cookie Accept', 'Cookie Notice', 'DAV', 'EWWW Image Optimizer', 'EmbedPress', 'Fastly', 'GZIP Module', 'Google Cloud DNS', 'Google Font API', 'Microdata for Google Shopping', 'Oxygen', 'Oxygen Builder', 'PHP', 'QUIC', 'Sitelinks Search Box', 'Smart Slider 3', 'Twenty Twenty-One', 'UTF-8', 'WordPress', 'WordPress Multisite', 'eLand', 'jQuery', 'jsDelivr']"
marcjmunizturfgrass.com,Home | Mysite,,,30,26896,2026-09-13T12:59:13.658437874Z,"['Amazon WAF Blocked', 'Apture Linking Platform', 'Content Delivery Network', 'Express', 'Fastly', 'Fastly CDN', 'GZIP Module', 'Instagram Follow Button', 'NFOrce Internet', 'PWA', 'QUIC', 'SMC', 'Seflow Italy', 'Sentry', 'SiteW', 'Twitter Ads', 'UTF-8', 'Vector Internet Services', 'Wix', 'Wix Media', 'mlcom']"
clairelin.me,Frontend Developer | Claire Lin,,CHN,75,2900,2026-09-13T12:59:13.657177526Z,"['Content Delivery Network', 'ElementUI', 'Fastly', 'GZIP Module', 'GitHub Hosting', 'Heroku', 'UTF-8', 'University or College', 'WhatsApp Sharing', 'jsDelivr']"
ambiancesolutions.co,Function First Organizing | Home Organization and Unpacking in Austin,Function First Organizing,ZAF,82,150141,2026-09-13T12:59:13.655419308Z,"['AWS WAF Challenge', 'Alternate Protocol', 'Amazon WAF Blocked', 'Apture Linking Platform', 'Content Delivery Network', 'DAV', 'Express', 'Fastly', 'Fastly CDN', 'GZIP Module', 'Google Customer Reviews', 'Google Related Website Sites', 'Instagram Follow Button', 'Investor Relations', 'K2F', 'KVH', 'Microdata for Google Shopping', 'NFOrce Internet', 'PWA', 'Perl', 'QUIC', 'SMC', 'Seflow Italy', 'Sentry', 'SiteW', 'Subversion', 'UTF-8', 'Vector Internet Services', 'WP Booking Calendar', 'Wix', 'Wix Media', 'YouTube', 'eLand', 'mlcom']"
johansenstreeservice.com,Johansen's Tree Service- Harbor Springs MI,,ZAF,72,132828,2026-09-13T12:59:13.652408782Z,"['Alternate Protocol', 'Amazon WAF Blocked', 'Apture Linking Platform', 'Better Lead Generation Services', 'Content Delivery Network', 'Fastly', 'Fastly CDN', 'GZIP Module', 'Google My Business', 'Google Related Website Sites', 'Harbor', 'K2F', 'KVH', 'Microdata for Google Shopping', 'NFOrce Internet', 'PWA', 'QUIC', 'SMC', 'Sentry', 'SiteW', 'Subversion', 'UTF-8', 'Vector Internet Services', 'Wix', 'Wix Media', 'mlcom']"
go-analytical.com,Go Analytical - Water Testing Laboratory Near Central Delhi,GO Analytical Solution,IND,87,138303,2026-09-13T12:59:13.651720917Z,"['Alternate Protocol', 'Amazon WAF Blocked', 'Apture Linking Platform', 'Better Lead Generation Services', 'Content Delivery Network', 'DAV', 'DC74', 'Fastly', 'Fastly CDN', 'GZIP Module', 'Google Analytics', 'Google Conversion Tracking', 'Google Related Website Sites', 'Google Tag Manager', 'K2F', 'KVH', 'Microdata for Google Shopping', 'Microsoft Clarity', 'NFOrce Internet', 'POWr', 'PWA', 'Perl', 'QUIC', 'SMC', 'Sentry', 'SiteW', 'Subversion', 'Thank You', 'UTF-8', 'Vector Internet Services', 'WP Booking Calendar', 'Wix', 'Wix Media', 'eLand', 'mlcom']"
dtcretail.com,Ecommerce Consulting | DTC Retail,,,67,90141,2026-09-13T12:59:13.651505131Z,"['Alternate Protocol', 'Amazon WAF Blocked', 'Apture Linking Platform', 'Content Delivery Network', 'DAV', 'Express', 'Fastly', 'Fastly CDN', 'GZIP Module', 'Google Related Website Sites', 'Microdata for Google Shopping', 'NFOrce Internet', 'PWA', 'Perl', 'QUIC', 'SMC', 'Seflow Italy', 'Sentry', 'SiteW', 'UTF-8', 'Vector Internet Services', 'WP Booking Calendar', 'Wix', 'Wix Media', 'eLand', 'mlcom']"
mscomiccon.com,"Mississippi Comic Con | June 26-28, 2026 | MS Trade Mart",Mississippi Comic Con,USA,82,89108,2026-09-13T12:59:13.64946598Z,"['Amazon WAF Blocked', 'Apture Linking Platform', 'Cloudflare', 'Content Delivery Network', 'Express', 'Fastly', 'Fastly CDN', 'GZIP Module', 'Instagram Follow Button', 'Microdata for Google Shopping', 'NFOrce Internet', 'PWA', 'QUIC', 'SMC', 'Seflow Italy', 'Sentry', 'SiteW', 'UTF-8', 'Vector Internet Services', 'Wix', 'Wix Media', 'eLand', 'mlcom']"
bsharpetoo.com,Blog | bsharpetoo,B Sharpe Too,,65,89108,2026-09-13T12:59:13.649037614Z,"['Alternate Protocol', 'Amazon WAF Blocked', 'Apture Linking Platform', 'Content Delivery Network', 'Express', 'Fastly', 'Fastly CDN', 'GZIP Module', 'Instagram Follow Button', 'Microdata for Google Shopping', 'NFOrce Internet', 'PWA', 'QUIC', 'SMC', 'Seflow Italy', 'Sentry', 'SiteW', 'Subversion', 'UTF-8', 'Vector Internet Services', 'Wix', 'Wix Media', 'WordPress Related Posts', 'eLand', 'mlcom']"
penneylanestudiosart.com,Art | Penney Lane Studios,PENNEY LANE STUDIOS,,87,105158,2026-09-13T12:59:13.64848963Z,"['AWS WAF Challenge', 'Alternate Protocol', 'Amazon WAF Blocked', 'Apture Linking Platform', 'Content Delivery Network', 'Express', 'Fastly', 'Fastly CDN', 'GZIP Module', 'Google Related Website Sites', 'Instagram Follow Button', 'Microdata for Google Shopping', 'NFOrce Internet', 'No-Q', 'PWA', 'Perl', 'QUIC', 'SMC', 'Seflow Italy', 'Sentry', 'SiteW', 'Thank You', 'UTF-8', 'Vector Internet Services', 'Wix', 'Wix Media', 'YouTube', 'eLand', 'mlcom']"
car-net.org,CARNet 2026 - Registrations OPEN | Carnet,CARNet,BRA,80,129979,2026-09-13T12:59:13.647898499Z,"['AFIB QR', 'AWS WAF Challenge', 'Alternate Protocol', 'Amazon WAF Blocked', 'Apture Linking Platform', 'Content Delivery Network', 'DAV', 'Express', 'Fastly', 'Fastly CDN', 'GZIP Module', 'Google Calendar', 'Google My Business', 'K2F', 'Microdata for Google Shopping', 'NFOrce Internet', 'POWr', 'PWA', 'Perl', 'QUIC', 'Research.net', 'SMC', 'Seflow Italy', 'Sentry', 'SiteW', 'UTF-8', 'University or College', 'Vector Internet Services', 'WP Booking Calendar', 'Wix', 'Wix Media', 'eLand', 'mlcom']"
sarahmilligan.com,Home | Sarah Milligan Nashville Realtor,,USA,77,89990,2026-09-13T12:59:13.646084967Z,"['Amazon WAF Blocked', 'Apture Linking Platform', 'Content Delivery Network', 'Express', 'Fastly', 'Fastly CDN', 'GZIP Module', 'Google Related Website Sites', 'Instagram Follow Button', 'Microdata for Google Shopping', 'NFOrce Internet', 'Neighborhoods', 'POWr', 'PWA', 'QUIC', 'SMC', 'Seflow Italy', 'Sentry', 'SiteW', 'Twitter Ads', 'UTF-8', 'Vector Internet Services', 'Wix', 'Wix Media', 'eLand', 'mlcom']"
whitresearchgroup.org,Home | WHIT Research Group,,,50,36896,2026-09-13T12:59:13.64618727Z,"['Alternate Protocol', 'Amazon WAF Blocked', 'Apture Linking Platform', 'Content Delivery Network', 'Express', 'Fastly', 'Fastly CDN', 'GZIP Module', 'Instagram Follow Button', 'K2F', 'KVH', 'Microdata for Google Shopping', 'NFOrce Internet', 'PWA', 'QUIC', 'SMC', 'Seflow Italy', 'Sentry', 'SiteW', 'Subversion', 'Twitter Ads', 'UTF-8', 'University or College', 'Vector Internet Services', 'Wix', 'Wix Media', 'mlcom']"
crefft.org,Home | Crefft Inc.,"Crefft, Inc. ",,50,26896,2026-09-13T12:59:13.645564813Z,"['Amazon WAF Blocked', 'Apture Linking Platform', 'Content Delivery Network', 'Express', 'Fastly', 'Fastly CDN', 'Microdata for Google Shopping', 'NFOrce Internet', 'PWA', 'QUIC', 'SMC', 'Seflow Italy', 'Sentry', 'UTF-8', 'Vector Internet Services', 'Wix', 'Wix Media', 'eLand', 'mlcom']"
biggarbluegrassandroots.com,Guildtown Bluegrass Music Festival | Bluegrass,,BRA,82,89828,2026-09-13T12:59:13.64529025Z,"['Amazon WAF Blocked', 'Apture Linking Platform', 'Content Delivery Network', 'Express', 'Fastly', 'Fastly CDN', 'GZIP Module', 'Google My Business', 'Google Related Website Sites', 'NFOrce Internet', 'PWA', 'QUIC', 'SMC', 'Seflow Italy', 'Sentry', 'SiteW', 'UTF-8', 'Vector Internet Services', 'Wix', 'Wix Media', 'YouTube', 'eLand', 'mlcom']"
lesvixensburlesque.com,HOME | Les Vixens | LGBTQ+ Womxn Burlesque Troupe,Les Vixens,USA,87,109108,2026-09-13T12:59:13.64575505Z,"['Alternate Protocol', 'Amazon WAF Blocked', 'Apture Linking Platform', 'Content Delivery Network', 'Express', 'Fastly', 'Fastly CDN', 'GZIP Module', 'Gambling Content', 'Google Calendar', 'Google My Business', 'HMDG', 'Instagram Follow Button', 'Microdata for Google Shopping', 'NFOrce Internet', 'PWA', 'Perl', 'QUIC', 'SMC', 'Seflow Italy', 'Sentry', 'SiteW', 'Thank You', 'Twitter Ads', 'UTF-8', 'Vector Internet Services', 'Wix', 'Wix Media', 'eLand', 'mlcom']"
weddknot.in,"Weddknot Productions | Wedding Photography | A-34, Sudershan Park, Delhi, India",Weddknot Productions,IND,87,135633,2026-09-13T12:59:13.643276186Z,"['Amazon WAF Blocked', 'Apture Linking Platform', 'Content Delivery Network', 'DAV', 'Express', 'Fastly', 'Fastly CDN', 'GZIP Module', 'Google Customer Reviews', 'Google Maps', 'Google My Business', 'Google Related Website Sites', 'Instagram Follow Button', 'Investor Relations', 'K2F', 'KVH', 'Microdata for Google Shopping', 'NFOrce Internet', 'No-Q', 'POWr', 'PWA', 'Perl', 'QUIC', 'SMC', 'Seflow Italy', 'Sentry', 'SiteW', 'Subversion', 'Thank You', 'UTF-8', 'University or College', 'Vector Internet Services', 'WP Booking Calendar', 'Wix', 'Wix Media', 'YouTube', 'Zope', 'eLand', 'mlcom']"
kirpal-kaur.com,HOME | Kirpal Kaur,,VEN,62,94867,2026-09-13T12:59:13.64270176Z,"['Amazon WAF Blocked', 'Apture Linking Platform', 'Cisco/Arrowpoint Content Service Switch', 'Coming Soon Page', 'Content Delivery Network', 'Express', 'Fastly', 'Fastly CDN', 'GZIP Module', 'GitHub Hosting', 'Google Related Website Sites', 'Instagram Follow Button', 'Microdata for Google Shopping', 'NFOrce Internet', 'PWA', 'QUIC', 'SMC', 'Seflow Italy', 'Sentry', 'SiteW', 'UTF-8', 'Vector Internet Services', 'Wix', 'Wix Media', 'mlcom']"
tupelo4rent.com,Houses for Rent in Tupelo | TupeloForRent | Modern Homes Available,,THA,82,117828,2026-09-13T12:59:13.642572997Z,"['Alternate Protocol', 'Amazon WAF Blocked', 'Apture Linking Platform', 'Cloudflare', 'Content Delivery Network', 'DC74', 'Fastly', 'Fastly CDN', 'GZIP Module', 'Google Related Website Sites', 'Instagram Follow Button', 'K2F', 'Microdata for Google Shopping', 'NFOrce Internet', 'PWA', 'Perl', 'QUIC', 'SMC', 'Sentry', 'SiteW', 'Subversion', 'UTF-8', 'Vector Internet Services', 'Wix', 'Wix Media', 'eLand', 'mlcom']"
farrellbuild.co.nz,Master Builders Christchurch | Farrell Build,,NZL,87,87828,2026-09-13T12:59:13.640734046Z,"['Alternate Protocol', 'Amazon WAF Blocked', 'Apture Linking Platform', 'Content Delivery Network', 'Fastly', 'Fastly CDN', 'GZIP Module', 'GitHub Hosting', 'Google Related Website Sites', 'Instagram Follow Button', 'Microdata for Google Shopping', 'NFOrce Internet', 'PWA', 'QUIC', 'SMC', 'Sentry', 'SiteW', 'Thank You', 'UTF-8', 'Vector Internet Services', 'Wix', 'Wix Media', 'eLand', 'mlcom']"
drains-unlimited.com,Premium Stainless Steel Linear Drain - Drains Unlimited,,,72,25409,2026-09-13T12:59:13.637918395Z,"['AWS WAF Challenge', 'Alternate Protocol', 'Bing Cashback', 'Cloudflare', 'Cloudflare CDN', 'Cloudflare Web Analytics', 'EmbedPress', 'Fastly', 'Flexy Breadcrumb', 'GetResponse', 'Google', 'Google Analytics', 'Google Cloud DNS', 'Google Font API', 'Google Maps', 'Google My Business', 'Google Related Website Sites', 'Google Tag Manager', 'Harbor', 'Instagram Follow Button', 'LiteSpeed', 'Microdata for Google Shopping', 'Mouseflow', 'PHP', 'Parcel', 'Seflow Italy', 'Sitelinks Search Box', 'Telegram', 'Thank You', 'Theme In WP', 'UTF-8', 'WordPress', 'WordPress Multisite', 'YouTube', 'jQuery', 'reCAPTCHA']"
georgefery.com,George Fery - Freelance Writer & Photographer of the New World and Mesoamerica | Freelance Writer & Photographer,,PHL,80,3228,2026-09-13T12:59:13.630302564Z,"['Adult Content', 'Alternate Protocol', 'Apture Linking Platform', 'CDN JS', 'Cloudflare', 'Cloudflare CDN', 'Content Delivery Network', 'EmbedPress', 'Fastly', 'GZIP Module', 'Google Cloud DNS', 'Google Font API', 'Instagram Follow Button', 'Newsmag', 'Newspaper', 'PHP', 'Shield Security for Wordpress', 'Tailwind CSS', 'Theme In WP', 'UTF-8', 'WPBakery', 'WPForms', 'Woo Themes', 'WooCommerce Checkout', 'WordPress', 'WordPress Multisite', 'jQuery']"
measureupcorp.com,Measure Up Corp | Building Measurement Services | Contact Us,,USA,82,25526,2026-09-13T12:59:13.624381294Z,"['Alternate Protocol', 'Contact Form Plugin', 'Content Delivery Network', 'Easy Twitter Feed Widget Plugin', 'EmbedPress', 'Essential Grid', 'Fastly', 'Fireblade', 'Font Awesome', 'GZIP Module', 'Google Analytics', 'Google Cloud DNS', 'Google Conversion Tracking', 'Google Font API', 'Google My Business', 'Google Related Website Sites', 'Google Tag Manager', 'Instagram Follow Button', 'Microdata for Google Shopping', 'PHP', 'Prospective', 'QUIC', 'Sitelinks Search Box', 'Slider Revolution', 'Tailwind CSS', 'Theme In WP', 'UTF-8', 'WPBakery', 'Woo Themes', 'WordPress', 'WordPress Multisite', 'jQuery']"
coworkfl.com,Home - Cowork LWR,Cowork LWR,,70,38016,2026-09-13T12:59:13.624229465Z,"['Alternate Protocol', 'Beaver Builder Lite', 'Content Delivery Network', 'Contento', 'DuracellTomi Google Tag Manager for WordPress', 'EmbedPress', 'Facebook Conversion Tracking', 'Facebook Login', 'Facebook Messenger Platform', 'Facebook Pixel', 'Facebook Reseller', 'Facebook Tag API', 'Fastly', 'FormSubmit', 'GZIP Module', 'Google', 'Google Analytics', 'Google Cloud DNS', 'Google Font API', 'Google Tag Manager', 'Microdata for Google Shopping', 'PHP', 'RM Education', 'Theme In WP', 'UTF-8', 'WP Live Chat Support', 'WordPress', 'WordPress Multisite', 'jQuery']"
tristanblackmore.com,Tristan Blackmore,,ESP,35,1788,2026-09-13T12:59:13.623825738Z,"['Cloudinary', 'Content Delivery Network', 'Fastly', 'GZIP Module', 'GitHub Hosting', 'Instagram Follow Button', 'UTF-8', 'University or College']"
launiusfurniturecompany.com,Launius Furniture - Warrior Alabama Furniture & Mattress Store,,CAN,92,11177,2026-09-13T12:59:13.623446286Z,"['Alternate Protocol', 'Amazon WAF Blocked', 'Aruba', 'Cloudflare', 'Content Delivery Network', 'Elementor', 'Elfsight', 'EmbedPress', 'Facebook Conversion Tracking', 'Facebook Login', 'Facebook Messenger Platform', 'Facebook Pixel', 'Facebook Reseller', 'Facebook Tag API', 'Fast Simon', 'Fastly', 'Financial Services Guide', 'Google Analytics', 'Google Cloud DNS', 'Google Font API', 'Google Tag Manager', 'Gravity', 'Gravity Forms', 'Kitco', 'Microdata for Google Shopping', 'Microsoft Clarity', 'NFOrce Internet', 'PHP', 'QUIC', 'Soliloquy for WordPress', 'Theme In WP', 'UTF-8', 'Woo Themes', 'WooCommerce', 'WooCommerce Checkout', 'WooFramework', 'WordPress', 'WordPress Multisite', 'XTemos Studio', 'eLand', 'jQuery']"
youaremagicla.com,YOU ARE MAGIC,,,67,13448,2026-09-13T12:59:13.620996034Z,"['Alternate Protocol', 'Aruba', 'BLR', 'Express', 'Fastly', 'FormSubmit', 'GZIP Module', 'Instagram Follow Button', 'Line2', 'Microdata for Google Shopping', 'Newsletter for Wordpress', 'Pico CSS', 'QUIC', 'Squarespace', 'Thank You', 'Tumblr', 'UTF-8', 'WordPress SEO Structured Data Schema Plugin', 'eLand']"
foosel.net,foosel.net,foosel.net,,40,600,2026-09-13T12:59:13.62018231Z,"['Alternate Protocol', 'Content Delivery Network', 'Fastly', 'GZIP Module', 'GitHub Hosting', 'Hugo', 'Nginx', 'Python', 'UTF-8']"
dcmobilestage.com,"Mobile Stage Rental - DC Mobile Stage - DC, MD & VA",D.C. Mobile Stage,USA,92,7142,2026-09-13T12:59:13.616800364Z,"['Alternate Protocol', 'Apture Linking Platform', 'Better Lead Generation Services', 'Content Delivery Network', 'Elementor', 'ElementsKit Elementor', 'EmbedPress', 'Fastly', 'GZIP Module', 'Google', 'Google Analytics', 'Google Cloud CDN', 'Google Cloud DNS', 'Google Font API', 'Google My Business', 'Google Tag Manager', 'Header, Footer and Blocks for Elementor', 'Hello Elementor', 'Lazy Load for WordPress', 'Microdata for Google Shopping', 'PHP', 'QUIC', 'Table Addons for Elementor', 'Tidio', 'UTF-8', 'WP Rocket', 'WordPress', 'WordPress Multisite', 'jQuery', 'reCAPTCHA']"
greenplanet-gardening.com,Unleash the Power of Earthworm Compost - Green Planet,,NAM,92,37369,2026-09-13T12:59:13.61283391Z,"['AWS WAF Challenge', 'Alternate Protocol', 'Amazon WAF Blocked', 'Anti-spam for WordPress', 'Automattic', 'BatCache', 'CleanTalk Spam Protect', 'Content Delivery Network', 'DAV', 'Divi', 'Elegant Themes', 'EmbedPress', 'Fastly', 'Fireblade', 'Google', 'Google Analytics', 'Google Cloud CDN', 'Google Cloud DNS', 'Google Font API', 'Google Maps', 'Google Tag Manager', 'Instagram Follow Button', 'Jetpack', 'Kinsta', 'Microdata for Google Shopping', 'Monarch Social Sharing Plugin For WordPress', 'Nginx', 'PHP', 'Theme In WP', 'UTF-8', 'Woo Themes', 'WordPress', 'WordPress Multisite', 'WordPress Stats', 'jQuery']"
truecompass.co,True Compass - Innovative Solutions for Purpose-Driven Brands,True Compass,USA,82,7788,2026-09-13T12:59:13.607356239Z,"['Alternate Protocol', 'Contact Form Plugin', 'Content Delivery Network', 'Elementor', 'EmbedPress', 'Fastly', 'GZIP Module', 'Google', 'Google Analytics', 'Google Cloud DNS', 'Google Font API', 'Google Maps', 'Google My Business', 'Google Tag Manager', 'Instagram Follow Button', 'Microdata for Google Shopping', 'NFOrce Internet', 'PHP', 'Site Kit', 'Theme In WP', 'UTF-8', 'WordPress', 'WordPress Multisite', 'jQuery', 'reCAPTCHA']"
stjohnsirmo.org,Home - St. John's Lutheran Church,,CAN,87,30121,2026-09-13T12:59:13.59320973Z,"['Alternate Protocol', 'Beaver Builder Lite', 'Content Delivery Network', 'Contento', 'EmbedPress', 'Fastly', 'GZIP Module', 'Google', 'Google Cloud DNS', 'Google Font API', 'Google Tag Manager', 'Gravity', 'Microdata for Google Shopping', 'PHP', 'Schema Plugin', 'Theme In WP', 'UTF-8', 'WordPress', 'WordPress Multisite', 'jQuery']"
petsmiledental.com,Home | Pet Smile,,USA,75,156921,2026-09-13T12:59:13.591422257Z,"['Alternate Protocol', 'Amazon WAF Blocked', 'Apture Linking Platform', 'Content Delivery Network', 'DAV', 'Express', 'Fastly', 'Fastly CDN', 'GZIP Module', 'Instagram Follow Button', 'K2F', 'KVH', 'LoopNet', 'M247', 'Microdata for Google Shopping', 'NFOrce Internet', 'PWA', 'Perl', 'QUIC', 'SMC', 'Seflow Italy', 'Sentry', 'SiteW', 'Subversion', 'Thank You', 'UTF-8', 'Vector Internet Services', 'WP Booking Calendar', 'Wix', 'Wix Media', 'eLand', 'mlcom']"
assembly6inc.com,Home | Assembly 6,,,55,36896,2026-09-13T12:59:13.589174692Z,"['Alternate Protocol', 'Amazon WAF Blocked', 'Apture Linking Platform', 'Content Delivery Network', 'DAV', 'Express', 'Fastly', 'Fastly CDN', 'Financial Services Guide', 'GZIP Module', 'Instagram Follow Button', 'K2F', 'KVH', 'Microdata for Google Shopping', 'NFOrce Internet', 'PWA', 'Perl', 'QUIC', 'SMC', 'Seflow Italy', 'Sentry', 'SiteW', 'Subversion', 'Thank You', 'UTF-8', 'Vector Internet Services', 'Wix', 'Wix Media', 'YouTube', 'eLand', 'mlcom']"
smbhb.ir,Personal Portfolio,,IRN,65,3060,2026-09-13T12:59:13.589413951Z,"['ArvanCloud', 'CDN JS', 'Cloudflare', 'Cloudflare CDN', 'Content Delivery Network', 'Fastly', 'GZIP Module', 'GitHub Hosting', 'Nginx', 'PrestaShop', 'Python', 'Svelte', 'UTF-8', 'University or College']"
colonsapparel.com,Home | Colons Apparel,Colons Apparel,USA,70,104421,2026-09-13T12:59:13.589276704Z,"['AWS WAF Challenge', 'Alternate Protocol', 'Amazon WAF Blocked', 'Apture Linking Platform', 'Content Delivery Network', 'DAV', 'Express', 'Fastly', 'Fastly CDN', 'GZIP Module', 'Microdata for Google Shopping', 'NFOrce Internet', 'PWA', 'Perl', 'QUIC', 'SMC', 'Seflow Italy', 'Sentry', 'SiteW', 'Thank You', 'Twitter Ads', 'UTF-8', 'Vector Internet Services', 'WP Booking Calendar', 'Wix', 'Wix Media', 'eLand', 'mlcom']"
brilliantwater.org,Brilliant Water Solutions | waste water treatment,Brilliant Water Solutions,,82,150303,2026-09-13T12:59:13.589847175Z,"['AWS WAF Challenge', 'Alternate Protocol', 'Amazon WAF Blocked', 'Apture Linking Platform', 'Content Delivery Network', 'DAV', 'Express', 'Fastly', 'Fastly CDN', 'GZIP Module', 'Google Related Website Sites', 'K2F', 'KVH', 'Microdata for Google Shopping', 'NFOrce Internet', 'POWr', 'PWA', 'Perl', 'QUIC', 'SMC', 'Seflow Italy', 'Sentry', 'SiteW', 'Subversion', 'UTF-8', 'Vector Internet Services', 'WP Booking Calendar', 'Wix', 'Wix Media', 'eLand', 'mlcom']"
menghuiandsons.com,Aluminium Box & Canopy Solutions @ Kaki Bukit | Meng Hui & Sons Co. | Singapore,Meng Hui &amp; Sons Co.,SGP,82,152828,2026-09-13T12:59:13.588142978Z,"['Alternate Protocol', 'Amazon WAF Blocked', 'Apture Linking Platform', 'Content Delivery Network', 'Express', 'Fastly', 'Fastly CDN', 'GZIP Module', 'Google Maps', 'Google My Business', 'Google Related Website Sites', 'K2F', 'KVH', 'Microdata for Google Shopping', 'NFOrce Internet', 'On The Map', 'PWA', 'QUIC', 'SMC', 'Seflow Italy', 'Sentry', 'SiteW', 'Subversion', 'UTF-8', 'Vector Internet Services', 'Wix', 'Wix Media', 'eLand', 'mlcom']"
thevisionsphere.com,VisionSphere - The North Star of Leadership | Technical Roots. Transformational Leadership.,,IND,77,4840,2026-09-13T12:59:13.588319073Z,"['Content Delivery Network', 'Fastly', 'GZIP Module', 'GitHub Hosting', 'Google', 'Google Cloud DNS', 'Google Font API', 'QUIC', 'UTF-8']"
colegiobuhsab.mx,Inicio | Colegio Buhsab,,CRI,65,89108,2026-09-13T12:45:57.587078685Z,"['Alternate Protocol', 'Amazon WAF Blocked', 'Apture Linking Platform', 'Content Delivery Network', 'Express', 'Fastly', 'Fastly CDN', 'GZIP Module', 'Instagram Follow Button', 'Microdata for Google Shopping', 'NFOrce Internet', 'PWA', 'QUIC', 'SMC', 'Seflow Italy', 'Sentry', 'SiteW', 'UTF-8', 'Vector Internet Services', 'Wix', 'Wix Media', 'YouTube', 'mlcom']"
dolcevitaparties.com,Surrey party planner | Dolce Vita Parties,Dolce Vita Parties,CAN,77,7355,2026-09-13T12:45:57.586869199Z,"['Alternate Protocol', 'Contact Form Plugin', 'Content Delivery Network', 'Divi', 'Elegant Themes', 'EmbedPress', 'Fastly', 'FooBox', 'GZIP Module', 'Google', 'Google Analytics', 'Google Cloud CDN', 'Google Cloud DNS', 'Google Font API', 'Google My Business', 'Google Tag Manager', 'Instagram Follow Button', 'MailChimp', 'Microdata for Google Shopping', 'Nginx', 'PHP', 'Photo Gallery by FooGallery', 'QUIC', 'Sitelinks Search Box', 'Theme In WP', 'TrustIndex', 'UTF-8', 'Woo Themes', 'WordPress', 'WordPress Multisite', 'jQuery', 'reCAPTCHA']"
eventsandweddingscharleston.com,Charleston Event & Wedding Planner | Events & Weddings Charleston,,USA,77,105141,2026-09-13T12:45:57.585667398Z,"['AWS WAF Challenge', 'Alternate Protocol', 'Amazon WAF Blocked', 'Apture Linking Platform', 'Content Delivery Network', 'DAV', 'Express', 'Fastly', 'Fastly CDN', 'GZIP Module', 'Google Related Website Sites', 'Microdata for Google Shopping', 'NFOrce Internet', 'PWA', 'Perl', 'QUIC', 'SMC', 'Seflow Italy', 'Sentry', 'SiteW', 'Thank You', 'Twitter Ads', 'UTF-8', 'Vector Internet Services', 'WP Booking Calendar', 'Wix', 'Wix Media', 'YouTube', 'mlcom']"
fbdl.bm,"Fresh Breath Dental | Family Dentist Bermuda | Braces, Dentures...",,CAN,82,261303,2026-09-13T12:45:57.585956855Z,"['Alternate Protocol', 'Amazon WAF Blocked', 'Apture Linking Platform', 'Content Delivery Network', 'DAV', 'Demandforce', 'Express', 'Fastly', 'Fastly CDN', 'GZIP Module', 'Google My Business', 'Google Related Website Sites', 'Instagram Follow Button', 'K2F', 'KVH', 'Microdata for Google Shopping', 'NFOrce Internet', 'POWr', 'PWA', 'Perl', 'QUIC', 'SMC', 'Salesforce Experience Cloud', 'Seflow Italy', 'Sentry', 'SiteW', 'Subversion', 'UTF-8', 'Vector Internet Services', 'WP Booking Calendar', 'Wix', 'Wix Media', 'YouTube', 'mlcom']"
woodstone-consulting.com,"Home | Woodstone Consulting, LLC","Woodstone Consulting, LLC",,70,87108,2026-09-13T12:45:57.583977593Z,"['Alternate Protocol', 'Amazon WAF Blocked', 'Apture Linking Platform', 'Content Delivery Network', 'Fastly', 'Fastly CDN', 'GZIP Module', 'Microdata for Google Shopping', 'NFOrce Internet', 'PWA', 'QUIC', 'SMC', 'Sentry', 'SiteW', 'UTF-8', 'Vector Internet Services', 'Wix', 'Wix Media', 'eLand', 'mlcom']"
blockpuzzlegamesinc.com,Block Puzzle Games,,,20,759,2026-09-13T12:45:57.58235692Z,"['Content Delivery Network', 'Fastly', 'GZIP Module', 'GitHub Hosting', 'Google Cloud DNS', 'Google Font API', 'IcoMoon', 'Tailwind CSS', 'UTF-8', 'jQuery']"
ashshifa.co.uk,Home | Ashshifa Islamic Store,Ashshifa,GBR,75,89147,2026-09-13T12:45:57.58005363Z,"['Alternate Protocol', 'Amazon WAF Blocked', 'Apture Linking Platform', 'Coming Soon Page', 'Content Delivery Network', 'Express', 'Fastly', 'Fastly CDN', 'GZIP Module', 'Microdata for Google Shopping', 'NFOrce Internet', 'PWA', 'Perl', 'QUIC', 'SMC', 'Seflow Italy', 'Sentry', 'SiteW', 'Sitelinks Search Box', 'Thank You', 'UTF-8', 'Vector Internet Services', 'Wix', 'Wix Media', 'eLand', 'mlcom']"
eaf-museum.com,EAF museum,,,60,34756,2026-09-13T12:45:57.580546913Z,"['123FormBuilder', 'ADFOX', 'Adult Content', 'Alternate Protocol', 'Amazon WAF Blocked', 'Apture Linking Platform', 'Content Delivery Network', 'Express', 'Fastly', 'Fastly CDN', 'Fireblade', 'GZIP Module', 'Google Related Website Sites', 'Microdata for Google Shopping', 'NFOrce Internet', 'PWA', 'QUIC', 'SMC', 'Seflow Italy', 'Sentry', 'SiteW', 'Thank You', 'UTF-8', 'Vector Internet Services', 'Wix', 'Wix Media', 'Yandex Hosting', 'eLand', 'mlcom']"
itsdifferentatthislevel.com,Diverse Body Sculpturing Inc,,USA,77,3015,2026-09-13T12:45:57.580622056Z,"['Content Delivery Network', 'Fastly', 'GZIP Module', 'GitHub Hosting', 'Google Cloud DNS', 'Google Font API', 'Google My Business', 'Instagram Follow Button', 'Massage Book', 'Tailwind CSS', 'UTF-8', 'YouTube']"
pediatricneuropsychologicalservices.com,Pediatric Neuropsychological Services - Child Neuropsychologist in North Texas conducting Pediatric Assessments | Autism Evaluations | Psychoeducational Evaluations | Neuropsychological Evaluations | Child Assessments | Psychological Evaluations,Pediatric Neuropsychological Services,USA,77,22454,2026-09-13T12:45:57.577539322Z,"['AWS WAF Challenge', 'Alternate Protocol', 'Automattic', 'BatCache', 'Content Delivery Network', 'EmbedPress', 'Express', 'Fastly', 'Google Analytics', 'Google Related Website Sites', 'Google Tag Manager', 'Gutenberg', 'Instagram Feed for WordPress', 'Instagram Follow Button', 'Jetpack', 'Jetpack Site Accelerator', 'Microdata for Google Shopping', 'Nginx', 'Oddle', 'Oracle Cloud', 'Perl', 'Site Kit', 'UTF-8', 'WordPress', 'WordPress Multisite', 'WordPress Stats', 'jQuery']"
elaine-beck-soar.com,Home | Elaine Beck-SOAR,SOAR-Elaine Beck Ministries ,USA,67,92228,2026-09-13T12:45:57.570268697Z,"['Amazon', 'Amazon WAF Blocked', 'Apture Linking Platform', 'Content Delivery Network', 'Express', 'Fastly', 'Fastly CDN', 'GZIP Module', 'Google Related Website Sites', 'Microdata for Google Shopping', 'NFOrce Internet', 'PWA', 'QUIC', 'SMC', 'Seflow Italy', 'Sentry', 'SiteW', 'UTF-8', 'Vector Internet Services', 'Wix', 'Wix Media', 'mlcom']"
premierconcretecut.com,"Premier Concrete Cutting And Coring| San Antonio, TX, USA",Premier Concrete Cutting &amp; Coring,USA,72,135141,2026-09-13T12:45:57.570181385Z,"['Alternate Protocol', 'Amazon WAF Blocked', 'Apture Linking Platform', 'Content Delivery Network', 'DAV', 'Express', 'Fastly', 'Fastly CDN', 'GZIP Module', 'Google Related Website Sites', 'K2F', 'KVH', 'Microdata for Google Shopping', 'NFOrce Internet', 'PWA', 'Perl', 'QUIC', 'SMC', 'Seflow Italy', 'Sentry', 'SiteW', 'Sitelinks Search Box', 'Subversion', 'UTF-8', 'Vector Internet Services', 'WP Booking Calendar', 'Wix', 'Wix Media', 'mlcom']"
lawrencejohnsimons.com,Lawrence John LJ Simons | programmer game video,,,67,89108,2026-09-13T12:45:57.568673604Z,"['Alternate Protocol', 'Amazon WAF Blocked', 'Apture Linking Platform', 'Content Delivery Network', 'Express', 'Fastly', 'Fastly CDN', 'GZIP Module', 'Microdata for Google Shopping', 'NFOrce Internet', 'PWA', 'QUIC', 'SMC', 'Seflow Italy', 'Sentry', 'SiteW', 'UTF-8', 'Vector Internet Services', 'Wix', 'Wix Media', 'eLand', 'mlcom']"
luxepurificationservices.com,"Luxe Purification Services, LLC | cleaning services | 999 Waterside Drive, Norfolk, VA, USA","Luxe Purification Services, LLC",USA,77,125141,2026-09-13T12:45:57.568073288Z,"['Alternate Protocol', 'Amazon WAF Blocked', 'Apture Linking Platform', 'Content Delivery Network', 'DAV', 'DC74', 'Express', 'Fastly', 'Fastly CDN', 'GZIP Module', 'Google Related Website Sites', 'Microdata for Google Shopping', 'NFOrce Internet', 'PWA', 'Perl', 'QUIC', 'SMC', 'Seflow Italy', 'Sentry', 'SiteW', 'Thank You', 'The Fresh', 'UTF-8', 'Vector Internet Services', 'WP Booking Calendar', 'Wix', 'Wix Media', 'eLand', 'mlcom']"
canvashairboutique.com,HOME | Canvashairboutique,canvashairboutique,,70,134108,2026-09-13T12:45:57.567400906Z,"['Amazon WAF Blocked', 'Amazon Widgets', 'Apture Linking Platform', 'Content Delivery Network', 'DAV', 'Express', 'Fastly', 'Fastly CDN', 'Financial Services Guide', 'GZIP Module', 'Instagram Follow Button', 'K2F', 'KVH', 'Microdata for Google Shopping', 'NFOrce Internet', 'PWA', 'QUIC', 'SMC', 'Seflow Italy', 'Sentry', 'SiteW', 'Subversion', 'UTF-8', 'Vector Internet Services', 'Wix', 'Wix Media', 'eLand', 'mlcom']"
visualstressdiagnostics.co.uk,Visual Stress Diagnostics | visual stress assessment,Visual stress diagnostics,,67,90141,2026-09-13T12:45:57.567331411Z,"['Amazon WAF Blocked', 'Apture Linking Platform', 'Content Delivery Network', 'DAV', 'Express', 'Fastly', 'Fastly CDN', 'GZIP Module', 'Google Related Website Sites', 'Instagram Follow Button', 'Microdata for Google Shopping', 'NFOrce Internet', 'PWA', 'Perl', 'QUIC', 'SMC', 'Seflow Italy', 'Sentry', 'SiteW', 'Thank You', 'UTF-8', 'Vector Internet Services', 'WP Booking Calendar', 'Wix', 'Wix Media', 'eLand', 'mlcom']"
thearcscc.org,The Arc of St. Clair County,,,67,104648,2026-09-13T12:45:57.564135896Z,"['123FormBuilder', 'Alternate Protocol', 'Amazon WAF Blocked', 'Apture Linking Platform', 'Content Delivery Network', 'Express', 'Fastly', 'Fastly CDN', 'Fireblade', 'GZIP Module', 'Microdata for Google Shopping', 'NFOrce Internet', 'PWA', 'QUIC', 'SMC', 'Seflow Italy', 'Sentry', 'SiteW', 'UTF-8', 'Vector Internet Services', 'Wix', 'Wix Media', 'eLand', 'mlcom']"
shirindehghan.com,H O M E | Mysite,,CAN,60,26985,2026-09-13T12:45:57.564493325Z,"['Alternate Protocol', 'Amazon WAF Blocked', 'Apture Linking Platform', 'Content Delivery Network', 'DAV', 'Express', 'Fastly', 'Fastly CDN', 'GZIP Module', 'NFOrce Internet', 'PWA', 'Perl', 'QUIC', 'SMC', 'Seflow Italy', 'Sentry', 'SiteW', 'Thank You', 'UTF-8', 'Vector Internet Services', 'WP Booking Calendar', 'Wix', 'Wix Media', 'mlcom']"
davoujdesign.com,DavoujDesign,,,65,5049,2026-09-13T12:45:57.564286133Z,"['Bulma', 'Content Delivery Network', 'DAV', 'Fastly', 'Formspree', 'GZIP Module', 'GitHub Hosting', 'StackPath', 'Subversion', 'Tailwind CSS', 'UTF-8', 'jsDelivr']"
lifebalanceportal.com,Life Balance Portal | manage fears and emotions,,,77,90141,2026-09-13T12:45:57.564343019Z,"['Alternate Protocol', 'Amazon WAF Blocked', 'Apture Linking Platform', 'Content Delivery Network', 'DAV', 'Express', 'Fastly', 'Fastly CDN', 'GZIP Module', 'Google Related Website Sites', 'Microdata for Google Shopping', 'NFOrce Internet', 'PWA', 'Perl', 'QUIC', 'SMC', 'Seflow Italy', 'Sentry', 'SiteW', 'Thank You', 'Twitter Ads', 'UTF-8', 'Vector Internet Services', 'WP Booking Calendar', 'Wix', 'Wix Media', 'eLand', 'mlcom']"
minasqarawany.com,Home | Minas Milad Qarawany,,,47,28162,2026-09-13T12:45:57.56281777Z,"['Amazon WAF Blocked', 'Apture Linking Platform', 'Content Delivery Network', 'DC74', 'Express', 'Fastly', 'Fastly CDN', 'GZIP Module', 'Google Related Website Sites', 'Microdata for Google Shopping', 'NFOrce Internet', 'POWr', 'PWA', 'QUIC', 'SMC', 'Seflow Italy', 'Sentry', 'SiteW', 'UTF-8', 'Vector Internet Services', 'Wix', 'Wix Media', 'mlcom']"
drmamajidadil.com,Dr M.A Majid adil – Diagnosis and Treatment of Urological Conditions –,,IND,80,27957,2026-09-13T12:45:57.56136395Z,"['Alternate Protocol', 'Bulma', 'Content Delivery Network', 'Elementor', 'Fastly', 'Fireblade', 'Font Awesome', 'GZIP Module', 'GitHub Hosting', 'Google Cloud DNS', 'Google Font API', 'Google My Business', 'HubSpot Conversations', 'Hubspot', 'PHP', 'UTF-8', 'WhatsApp Sharing', 'Woo Themes', 'WordPress', 'WordPress Multisite']"
leoplumbingandutilities.com,"Leo Plumbing and Utilities | Commercial Plumbing | 4871 Harvey Road, Jamestown, NC, USA",Leo Plumbing And Utilities,SHN,67,134828,2026-09-13T12:45:57.559436676Z,"['Alternate Protocol', 'Amazon WAF Blocked', 'Apture Linking Platform', 'Content Delivery Network', 'Express', 'Fastly', 'Fastly CDN', 'GZIP Module', 'Google Related Website Sites', 'Instagram Follow Button', 'K2F', 'KVH', 'Microdata for Google Shopping', 'NFOrce Internet', 'PWA', 'QUIC', 'SMC', 'Seflow Italy', 'Sentry', 'SiteW', 'Subversion', 'Thank You', 'UTF-8', 'Vector Internet Services', 'Wix', 'Wix Media', 'mlcom']"
tootips.com,Tootips - Sotware tips & Reviews!,,,67,4800,2026-09-13T12:45:57.557646729Z,"['Alternate Protocol', 'Amazon', 'Content Delivery Network', 'Fastly', 'GZIP Module', 'GitHub Hosting', 'Google Analytics', 'Google Tag Manager', 'Jekyll', 'Microdata for Google Shopping', 'Twitter Ads', 'UTF-8', 'jsDelivr']"
structronix.co.uk,Structural Engineer Design & Consultancy | Hampshire | Structronix,Structronix Ltd,,87,136833,2026-09-13T12:45:57.557026625Z,"['501c3 Status Nonprofit', 'Alternate Protocol', 'Amazon WAF Blocked', 'Apture Linking Platform', 'Content Delivery Network', 'DAV', 'Express', 'Fastly', 'Fastly CDN', 'GZIP Module', 'Google Related Website Sites', 'Hotjar', 'K2F', 'KVH', 'Microdata for Google Shopping', 'NFOrce Internet', 'POWr', 'PWA', 'Perl', 'QUIC', 'SMC', 'Seflow Italy', 'Sentry', 'SiteW', 'Subversion', 'Thank You', 'UTF-8', 'University or College', 'UserWay', 'Vector Internet Services', 'WP Booking Calendar', 'Wix', 'Wix Media', 'eLand', 'mlcom']"
statelineenvironmental.com,Home | stateline,,USA,70,147421,2026-09-13T12:45:57.557916717Z,"['Alternate Protocol', 'Amazon WAF Blocked', 'Apture Linking Platform', 'Content Delivery Network', 'DAV', 'Fastly', 'Fastly CDN', 'Fireblade', 'GZIP Module', 'K2F', 'KVH', 'Microdata for Google Shopping', 'NFOrce Internet', 'PWA', 'Perl', 'QUIC', 'SMC', 'Sentry', 'SiteW', 'Subversion', 'UTF-8', 'Vector Internet Services', 'WP Booking Calendar', 'Wix', 'Wix Media', 'eLand', 'mlcom']"
jvphotovideo.net,Home | Jerrad Vahsholtz Photo and Video Productions,,,72,135141,2026-09-13T12:45:57.556957351Z,"['Alternate Protocol', 'Amazon WAF Blocked', 'Apture Linking Platform', 'Content Delivery Network', 'DAV', 'Express', 'Fastly', 'Fastly CDN', 'Financial Services Guide', 'GZIP Module', 'Google Related Website Sites', 'Instagram Follow Button', 'K2F', 'KVH', 'Microdata for Google Shopping', 'NFOrce Internet', 'PWA', 'Perl', 'QUIC', 'SMC', 'Seflow Italy', 'Sentry', 'SiteW', 'Subversion', 'UTF-8', 'Vector Internet Services', 'WP Booking Calendar', 'Wix', 'Wix Media', 'eLand', 'mlcom']"
cidersanctuary.com,"Cider's Sanctuary | nonprofit dog shelter | Omaha, NE, USA",Cider’s Sanctuary,,77,110086,2026-09-13T12:45:57.555818575Z,"['AWS WAF Challenge', 'Alternate Protocol', 'Amazon WAF Blocked', 'Apture Linking Platform', 'Content Delivery Network', 'DAV', 'DC74', 'Ecwid Ecommerce Shopping Cart', 'Express', 'Fastly', 'Fastly CDN', 'GZIP Module', 'Instagram Follow Button', 'Microdata for Google Shopping', 'NFOrce Internet', 'POWr', 'PWA', 'Perl', 'QUIC', 'SMC', 'Seflow Italy', 'Sentry', 'SiteW', 'Thank You', 'Twitter Ads', 'UTF-8', 'Vector Internet Services', 'WP Booking Calendar', 'Wix', 'Wix Media', 'mlcom']"
daveoctavecelebrant.com,Dave Octave Celebrant | Crafting Unforgettable London Ceremonies,Dave Octave Celebrant,GBR,82,135141,2026-09-13T12:45:57.555714799Z,"['Alternate Protocol', 'Amazon WAF Blocked', 'Apture Linking Platform', 'Content Delivery Network', 'DAV', 'Express', 'Fastly', 'Fastly CDN', 'GZIP Module', 'Google Related Website Sites', 'Instagram Follow Button', 'K2F', 'KVH', 'Microdata for Google Shopping', 'NFOrce Internet', 'PWA', 'Perl', 'QUIC', 'SMC', 'Seflow Italy', 'Sentry', 'SiteW', 'Subversion', 'Thank You', 'UTF-8', 'Vector Internet Services', 'WP Booking Calendar', 'Wix', 'Wix Media', 'YouTube', 'eLand', 'mlcom']"
applieddecon.com,Biohazard Cleanup Tri-Cities WA | Applied Decon LLC,Applied Decon LLC,AUS,92,21752,2026-09-13T12:45:57.555112782Z,"['AWS WAF Challenge', 'Alternate Protocol', 'Automattic', 'BatCache', 'Cloudflare', 'Cloudflare CDN', 'EmbedPress', 'Fastly', 'Google', 'Google My Business', 'Google Related Website Sites', 'Gutenberg', 'Jetpack', 'Jetpack Site Accelerator', 'Microdata for Google Shopping', 'Nginx', 'PHP', 'Perl', 'QUIC', 'SiteOrigin', 'Sydney Theme', 'Theme In WP', 'UTF-8', 'WPForms', 'Woo Themes', 'WordPress', 'WordPress Multisite', 'WordPress Stats', 'jQuery']"
rudystires.com,Rudy's Tires | Quality Tire Sales and Auto Repair in Northeast CO.,,ZAF,72,4927,2026-09-13T12:45:57.554004472Z,"['Apache', 'ElementUI', 'Fastly', 'Font Awesome', 'GZIP Module', 'Google Analytics', 'Google Cloud DNS', 'Google Font API', 'Google Maps', 'Google My Business', 'Google Related Website Sites', 'Google Tag Manager', 'IcoMoon', 'QUIC', 'UTF-8', 'Yelp Badge', 'YouTube', 'reCAPTCHA']"
cobhamvets.co.uk,Veterinary Clinic | Cobham | Cobham Veterinary Centre,Cobham Veterinary Centre,,77,95428,2026-09-13T12:45:57.553806012Z,"['Amazon WAF Blocked', 'Apture Linking Platform', 'Content Delivery Network', 'DC74', 'Express', 'Fastly', 'Fastly CDN', 'GZIP Module', 'Google Related Website Sites', 'Microdata for Google Shopping', 'NFOrce Internet', 'PWA', 'QUIC', 'SMC', 'Seflow Italy', 'Sentry', 'SiteW', 'Thank You', 'Twitter Ads', 'UTF-8', 'University or College', 'Vector Internet Services', 'Wix', 'Wix Media', 'Yell Business', 'eLand', 'mlcom']"
exmoorrtrekking.com,"Brendon Manor: Horse Riding - Escorted Horse Trekking on Exmoor, Devon",Brendon Manor Stables,USA,82,94990,2026-09-13T12:45:57.553914586Z,"['Alternate Protocol', 'Amazon WAF Blocked', 'Apture Linking Platform', 'Cloudflare', 'Content Delivery Network', 'CoolText', 'DC74', 'Express', 'Fastly', 'Fastly CDN', 'GZIP Module', 'Google Related Website Sites', 'Instagram Follow Button', 'Microdata for Google Shopping', 'NFOrce Internet', 'POWr', 'PWA', 'QUIC', 'SMC', 'Seflow Italy', 'Sentry', 'SiteW', 'Thank You', 'UTF-8', 'Vector Internet Services', 'Wix', 'Wix Media', 'eLand', 'mlcom']"
mefs.org,Middle East Fertility Society,,LBN,62,3940,2026-09-13T12:45:57.550516596Z,"['Apache', 'Fastly', 'Google Analytics', 'Google Cloud DNS', 'Google Maps', 'NFOrce Internet', 'Thank You', 'UTF-8', 'University or College']"
nugandbug.com,Antiques and Collectibles | Nug & Bug | United States,Nug &amp; Bug,USA,72,89990,2026-09-13T12:45:57.550926264Z,"['Alternate Protocol', 'Amazon WAF Blocked', 'Apture Linking Platform', 'Content Delivery Network', 'Express', 'Fastly', 'Fastly CDN', 'GZIP Module', 'Google Related Website Sites', 'Instagram Follow Button', 'Microdata for Google Shopping', 'NFOrce Internet', 'POWr', 'PWA', 'QUIC', 'SMC', 'Seflow Italy', 'Sentry', 'SiteW', 'Sitelinks Search Box', 'Twitter Ads', 'UTF-8', 'Vector Internet Services', 'Wix', 'Wix Media', 'YouTube', 'mlcom']"
farrmai.com,FarrmAI,,,45,600,2026-09-13T12:45:57.548220737Z,"['Content Delivery Network', 'Fastly', 'GZIP Module', 'GitHub Hosting', 'QUIC', 'UTF-8']"
stuebben.com,Stübben,Stübben,VAT,77,32764,2026-09-13T12:35:36.416169477Z,"['Alternate Protocol', 'Amazon CloudFront', 'Amazon WAF Blocked', 'Animate It', 'Apture Linking Platform', 'Aruba', 'Baidu Cloud', 'CloudFront', 'Cloudflare', 'Cloudflare CDN', 'Express', 'Fastly', 'Fireblade', 'Google Related Website Sites', 'IcoMoon', 'Instagram Follow Button', 'Klaviyo', 'Microdata for Google Shopping', 'NFOrce Internet', 'Parcel', 'ParcelPanel Order Tracking', 'QUIC', 'Shopify', 'Shopify Collabs', 'Tailwind CSS', 'Thank You', 'To Top', 'UTF-8', 'UpPromote', 'Yandex Hosting', 'YouTube', 'eLand', 'hCaptcha', 'jsDelivr', 'reCAPTCHA']"
kptt-krsk.ru,Платформа дистанционного обучения Краснокаменского промышленно-технологического колледжа,,,67,39740,2026-09-13T12:35:36.41467884Z,"['ADFOX', 'Apache', 'App Store', 'Fastly', 'GZIP Module', 'Google', 'Google Cloud DNS', 'Google Font API', 'Google My Business', 'Google Play', 'NFOrce Internet', 'PHP', 'Totara', 'UTF-8', 'Ubuntu', 'Yandex Hosting', 'Yandex Metrika', 'jsDelivr']"
dentsinorout.com,Paintless Dent Removal - Brooklyn NY - Dents In Or Out LLC,Dents In Or Out LLC,USA,92,71604,2026-09-13T12:35:36.412139244Z,"['Alternate Protocol', 'Content Delivery Network', 'Divi', 'Elegant Themes', 'EmbedPress', 'Fastly', 'Fireblade', 'Font Awesome', 'GZIP Module', 'Google', 'Google Analytics', 'Google Cloud CDN', 'Google Cloud DNS', 'Google Customer Reviews', 'Google Font API', 'Google My Business', 'Google Tag Manager', 'Gravity', 'Gravity Forms', 'Instagram Follow Button', 'Microdata for Google Shopping', 'PHP', 'QUIC', 'SMC', 'Theme In WP', 'UTF-8', 'Woo Themes', 'WordPress', 'WordPress Multisite', 'jQuery', 'reCAPTCHA']"
tiatc.com,The iguana and the coconut – The iguana and the coconut,,CRI,75,5543,2026-09-13T12:35:36.409924767Z,"['Alternate Protocol', 'Astra Theme', 'Beaver Builder Lite', 'Content Delivery Network', 'EmbedPress', 'Fastly', 'GZIP Module', 'GitHub Hosting', 'Google Analytics', 'Google My Business', 'Google Tag Manager', 'Gravity', 'Instagram Follow Button', 'Max Mega Menu Pro', 'Microdata for Google Shopping', 'PHP', 'Schema Plugin', 'Theme In WP', 'UTF-8', 'Vimeo', 'Woo Themes', 'WordPress', 'WordPress Multisite', 'WordPress Related Posts', 'Yandex Hosting', 'YouTube', 'eLand', 'jQuery']"
doublefivemidcities.com,"Double Five Mid Cities – Martial Arts | Bedford, TX",,,67,4988,2026-09-13T12:35:36.409308799Z,"['Alternate Protocol', 'Apture Linking Platform', 'Content Delivery Network', 'EmbedPress', 'Fancybox for WordPress', 'Fastly', 'Font Awesome', 'GZIP Module', 'Google Analytics', 'Google Cloud DNS', 'Google Font API', 'Google Maps', 'Google My Business', 'Google Tag Manager', 'Instagram Follow Button', 'Microdata for Google Shopping', 'PHP', 'StackPath', 'Theme In WP', 'UTF-8', 'WordPress', 'WordPress Multisite', 'YouTube', 'jsDelivr']"
dspjobs.me,DSPJobs.ME – Apply for Direct Support Professional Jobs in Aroostook County!,,,60,903,2026-09-13T12:35:36.409995084Z,"['Alternate Protocol', 'Content Delivery Network', 'EmbedPress', 'Fastly', 'GZIP Module', 'Google', 'Google Cloud DNS', 'Google Font API', 'Google My Business', 'MaxCDN', 'PHP', 'Pagekit', 'Smush Image Optimization', 'Theme In WP', 'UTF-8', 'WordPress', 'WordPress Multisite', 'i-excel', 'jQuery', 'reCAPTCHA']"
rhwheelandbrake.com,RH Wheel & Brake | Trusted for Nearly 40 Years,RH Wheel &amp; Brake,CAN,77,7018,2026-09-13T12:35:36.407306412Z,"['Alternate Protocol', 'Content Delivery Network', 'Divi', 'Elegant Themes', 'EmbedPress', 'Fastly', 'GZIP Module', 'Google Analytics', 'Google Cloud DNS', 'Google Customer Reviews', 'Google Font API', 'Google My Business', 'Google Tag Manager', 'Microdata for Google Shopping', 'PHP', 'Shopmonkey', 'Sitelinks Search Box', 'The SEO Framework', 'Theme In WP', 'UTF-8', 'Woo Themes', 'WordPress', 'WordPress Multisite', 'eLand', 'jQuery']"
vkartwork.com,Home - Vivian Kallmann Art,Vivian Kallmann Art,,55,1100,2026-09-13T12:35:36.40769717Z,"['Alternate Protocol', 'Content Delivery Network', 'Elementor', 'EmbedPress', 'Fastly', 'GZIP Module', 'Google Analytics', 'Google Tag Manager', 'Hello Elementor', 'Microdata for Google Shopping', 'NFOrce Internet', 'PHP', 'Theme In WP', 'UTF-8', 'WordPress', 'WordPress Multisite', 'jQuery']"
heartdevelopmentservices.com,Heart Web Development,,,55,660,2026-09-13T12:35:36.406151602Z,"['Adult Content', 'Alternate Protocol', 'Automattic', 'BatCache', 'Content Delivery Network', 'EmbedPress', 'Fastly', 'Gutenberg', 'Jetpack', 'Jetpack Site Accelerator', 'Nginx', 'Oracle Cloud', 'Perl', 'UTF-8', 'Woo Themes', 'WordPress', 'WordPress Multisite', 'WordPress Stats']"
vrc-construction.com,"Roofing Company Orem | Provo, UT Roofers | Replacement Services",,ZAF,92,52596,2026-09-13T12:35:36.405772671Z,"['Animate It', 'Apture Linking Platform', 'CDN JS', 'Cloudflare', 'Cloudflare CDN', 'Contact Form Plugin', 'Content Delivery Network', 'Contento', 'DuracellTomi Google Tag Manager for WordPress', 'EmbedPress', 'Fastly', 'Fireblade', 'Font Awesome', 'GZIP Module', 'Google', 'Google Analytics', 'Google Cloud DNS', 'Google Font API', 'Google My Business', 'Google Related Website Sites', 'Google Tag Manager', 'IcoMoon', 'Instagram Follow Button', 'Lazy Load for WordPress', 'Microdata for Google Shopping', 'Nectar Slide Plugin', 'PHP', 'Perl', 'QUIC', 'Salient', 'Theme In WP', 'UTF-8', 'Vector Internet Services', 'WP Rocket', 'WPBakery', 'WordPress', 'WordPress Multisite', 'jQuery', 'reCAPTCHA']"
passionforhumanity.org,Passion for Humanity | Faith-Based Support for Women in Arizona,Passion for Humanity,USA,92,20682,2026-09-13T12:35:36.400126093Z,"['AWS WAF Challenge', 'Alternate Protocol', 'Cloudflare', 'Cloudflare CDN', 'Content Delivery Network', 'Divi', 'Donorbox', 'Elegant Themes', 'EmbedPress', 'Fastly', 'GZIP Module', 'Google', 'Google Analytics', 'Google Cloud DNS', 'Google Font API', 'Google My Business', 'Google Tag Manager', 'Microdata for Google Shopping', 'PHP', 'Pagekit', 'QUIC', 'Site Kit', 'Smush Image Optimization', 'Theme In WP', 'UTF-8', 'Woo Themes', 'WordPress', 'WordPress Multisite', 'eLand', 'jQuery']"
crimeex.co.za,Home Page,,ZAF,55,10843,2026-09-13T12:35:36.398446792Z,"['Amazon S3 CDN', 'Content Delivery Network', 'Contento', 'Fastly', 'GZIP Module', 'Google Cloud DNS', 'Google Font API', 'OpenResty', 'Storyblocks', 'UTF-8']"
stjohnnb.com,"St. John the Baptist Catholic Church | New Brighton, MN",St. John the Baptist Catholic Church,CAN,92,3468,2026-09-13T12:35:36.390330453Z,"['Alternate Protocol', 'Content Delivery Network', 'DuracellTomi Google Tag Manager for WordPress', 'EmbedPress', 'Facebook Login', 'Facebook Messenger Platform', 'Facebook Reseller', 'Fastly', 'GZIP Module', 'Google Analytics', 'Google My Business', 'Google Related Website Sites', 'Google Tag Manager', 'Microdata for Google Shopping', 'MonsterInsights', 'PHP', 'QUIC', 'The Events Calendar', 'Theme In WP', 'UTF-8', 'WordPress', 'WordPress Multisite', 'YouTube', 'jQuery']"
molecularpolaritonics.org,Molecular Polaritonics 2025,,DEU,67,2440,2026-09-13T12:35:36.387745479Z,"['Content Delivery Network', 'DAV', 'Fastly', 'GZIP Module', 'GitHub Hosting', 'Google Cloud DNS', 'Google Font API', 'UTF-8', 'University or College']"
novacircle.com,Nova Circle - No Bad Recommendations,,,52,1650,2026-09-13T12:35:36.381155057Z,"['Alternate Protocol', 'App Store', 'Content Delivery Network', 'Fastly', 'GZIP Module', 'Google My Business', 'Google Play', 'Idaq', 'Instagram Follow Button', 'Mediavine Publisher', 'Next.js', 'Pleroma', 'Sanity', 'Subversion', 'UTF-8', 'Vine Embed', 'YouTube']"
norajeanskoffeekoach.com,Home | Nora Jeans Koffee Koach,,USA,60,27664,2026-09-13T12:35:36.380978362Z,"['Alternate Protocol', 'Amazon', 'Amazon CloudFront', 'Amazon Route 53', 'Amazon S3 CDN', 'Apture Linking Platform', 'Aruba', 'CCSI', 'CDN JS', 'CloudFront', 'Cloudflare', 'Cloudflare CDN', 'Content Delivery Network', 'DAV', 'Express', 'Fastly', 'FreeBSD', 'GZIP Module', 'Gatsby Image CDN', 'Gatsby JS', 'GitHub Hosting', 'Google Analytics', 'Google Cloud DNS', 'Google Font API', 'Google My Business', 'Google Tag Manager', 'Idaq', 'Instagram Follow Button', 'KVH', 'KeyCDN', 'Nginx', 'Python', 'SMC', 'Storyblocks', 'Toast POS', 'UTF-8', 'University or College', 'Yandex Hosting', 'eLand']"
rodglasgow.com,Home | Rod Glasgow,,GBR,70,87108,2026-09-13T12:35:36.378716374Z,"['Alternate Protocol', 'Amazon WAF Blocked', 'Amazon Widgets', 'Apture Linking Platform', 'Content Delivery Network', 'Express', 'Fastly', 'Fastly CDN', 'GZIP Module', 'Gambling Content', 'Microdata for Google Shopping', 'NFOrce Internet', 'PWA', 'QUIC', 'SMC', 'Sentry', 'SiteW', 'UTF-8', 'Vector Internet Services', 'Wix', 'Wix Media', 'eLand', 'mlcom']"
timothyscharlottetown.com,"Timothy's Cafe Charlottetown - Coffee, K-Cups, Food & Magic",Timothy's World Coffee,,60,26896,2026-09-13T12:35:36.378806299Z,"['Alternate Protocol', 'Amazon WAF Blocked', 'Apture Linking Platform', 'Content Delivery Network', 'Express', 'Fastly', 'Fastly CDN', 'GZIP Module', 'Instagram Follow Button', 'Microdata for Google Shopping', 'NFOrce Internet', 'PWA', 'QUIC', 'SMC', 'Seflow Italy', 'Sentry', 'SiteW', 'Thank You', 'UTF-8', 'Vector Internet Services', 'Wix', 'Wix Media', 'mlcom']"
estilapidot.com,מרכז לפידות | לתזונה אונקולוגית,,,77,90141,2026-09-13T12:35:36.37784499Z,"['Alternate Protocol', 'Amazon WAF Blocked', 'Apture Linking Platform', 'Content Delivery Network', 'DAV', 'Express', 'Fastly', 'Fastly CDN', 'GZIP Module', 'Google Related Website Sites', 'Instagram Follow Button', 'Microdata for Google Shopping', 'NFOrce Internet', 'PWA', 'Perl', 'QUIC', 'SMC', 'Seflow Italy', 'Sentry', 'SiteW', 'UTF-8', 'Vector Internet Services', 'WP Booking Calendar', 'Wix', 'Wix Media', 'eLand', 'mlcom']"
shenandoahrun.com,Shenandoah Run - Folk Music with a Kick,,BRA,77,89270,2026-09-13T12:35:36.376946627Z,"['Amazon WAF Blocked', 'Apture Linking Platform', 'Content Delivery Network', 'Express', 'Fastly', 'Fastly CDN', 'GZIP Module', 'Microdata for Google Shopping', 'NFOrce Internet', 'POWr', 'PWA', 'QUIC', 'SMC', 'Seflow Italy', 'Sentry', 'SiteW', 'UTF-8', 'Vector Internet Services', 'Wix', 'Wix Media', 'YouTube', 'mlcom']"
skaerup.dk,Skærup Borgerforening,,DNK,75,73408,2026-09-13T12:35:36.376126171Z,"['Content Delivery Network', 'Contento', 'DC74', 'Dandomain Webshop', 'Fastly', 'GZIP Module', 'Google Cloud DNS', 'Google Font API', 'ON24', 'OpenResty', 'UTF-8']"
wonderpiano.co.uk,Piano Teacher | Rochdale | Wonderpiano,,PHL,82,128141,2026-09-13T12:35:36.376323308Z,"['AWS WAF Challenge', 'Alternate Protocol', 'Amazon WAF Blocked', 'Apture Linking Platform', 'Content Delivery Network', 'CoolText', 'DAV', 'DC74', 'Express', 'Fastly', 'Fastly CDN', 'GZIP Module', 'Google Related Website Sites', 'Microdata for Google Shopping', 'NFOrce Internet', 'On The Map', 'PWA', 'Perl', 'QUIC', 'SMC', 'Seflow Italy', 'Sentry', 'SiteW', 'UTF-8', 'Vector Internet Services', 'WP Booking Calendar', 'Wix', 'Wix Media', 'eLand', 'mlcom']"
cursosegel.com,Cursos para Examenes Ceneval,,,72,28940,2026-09-13T12:35:36.374638278Z,"['Fastly', 'Google Cloud DNS', 'Google Font API', 'NFOrce Internet', 'PHP', 'QUIC', 'Tailwind CSS', 'Totara', 'UTF-8', 'WhatsApp Sharing', 'jsDelivr']"
christophbach.at,Home | Christoph Bach,Christoph Bach Music,,82,89828,2026-09-13T12:35:36.373395777Z,"['Amazon WAF Blocked', 'Apture Linking Platform', 'Content Delivery Network', 'Express', 'Fastly', 'Fastly CDN', 'GZIP Module', 'Google My Business', 'Google Related Website Sites', 'Instagram Follow Button', 'Microdata for Google Shopping', 'NFOrce Internet', 'PWA', 'QUIC', 'SMC', 'Seflow Italy', 'Sentry', 'SiteW', 'UTF-8', 'Vector Internet Services', 'Wix', 'Wix Media', 'YouTube', 'eLand', 'mlcom']"
peplondon.org,HOME | peplondon,,FRA,55,36296,2026-09-13T12:35:36.372799418Z,"['Amazon WAF Blocked', 'Apture Linking Platform', 'Content Delivery Network', 'Fastly', 'Fastly CDN', 'K2F', 'KVH', 'Microdata for Google Shopping', 'NFOrce Internet', 'PWA', 'QUIC', 'SMC', 'Sentry', 'Subversion', 'UTF-8', 'Vector Internet Services', 'Wix', 'Wix Media', 'YouTube', 'eLand', 'mlcom']"
loveelisecelebrant.com,Weddings | Love Elise Celebrant,,AUS,67,90141,2026-09-13T12:35:36.371396144Z,"['Alternate Protocol', 'Amazon WAF Blocked', 'Apture Linking Platform', 'Content Delivery Network', 'DAV', 'Express', 'Fastly', 'Fastly CDN', 'GZIP Module', 'Google Related Website Sites', 'Instagram Follow Button', 'NFOrce Internet', 'PWA', 'Perl', 'QUIC', 'SMC', 'Seflow Italy', 'Sentry', 'SiteW', 'UTF-8', 'Vector Internet Services', 'WP Booking Calendar', 'Wix', 'Wix Media', 'mlcom']"
jenniferhoifeldt.com,Freelance | Jennifer Hoifeldt,,,57,26896,2026-09-13T12:35:36.369238242Z,"['Amazon WAF Blocked', 'Apture Linking Platform', 'Content Delivery Network', 'Express', 'Fastly', 'Fastly CDN', 'GZIP Module', 'Google Related Website Sites', 'Instagram Follow Button', 'Microdata for Google Shopping', 'NFOrce Internet', 'PWA', 'QUIC', 'SMC', 'Seflow Italy', 'Sentry', 'SiteW', 'UTF-8', 'Vector Internet Services', 'Wix', 'Wix Media', 'eLand', 'mlcom']"
swcarena.com,Best Horse Betting Sites,,,60,8866,2026-09-13T12:35:36.364864763Z,"['AWS WAF Challenge', 'Amazon', 'Amazon CloudFront', 'Amazon Route 53', 'Amazon S3 CDN', 'Amplitude', 'Apture Linking Platform', 'CloudFront', 'Content Delivery Network', 'Express', 'Fancybox for WordPress', 'Fastly', 'Fireblade', 'GZIP Module', 'Gambling Content', 'Google My Business', 'NFOrce Internet', 'PHP', 'Perl', 'QUIC']"
pedrocasavilca.net,Pedro Casavilca Silva | Phd,,,57,34396,2026-09-13T12:25:24.09602989Z,"['Alternate Protocol', 'Amazon WAF Blocked', 'Apture Linking Platform', 'Content Delivery Network', 'DAV', 'Express', 'Fastly', 'Fastly CDN', 'Fireblade', 'GZIP Module', 'NFOrce Internet', 'PWA', 'QUIC', 'SMC', 'Seflow Italy', 'Sentry', 'SiteW', 'UTF-8', 'University or College', 'Vector Internet Services', 'Wix', 'Wix Media', 'mlcom']"
caritacare.com,Ladies Parlour | Carita Beauty Care - Complete Beauty Parlour | Aluva,Carita Beauty Care - Complete Beauty Parlour,IND,87,135141,2026-09-13T12:25:24.096095519Z,"['Alternate Protocol', 'Amazon WAF Blocked', 'Apture Linking Platform', 'Content Delivery Network', 'DAV', 'Express', 'Fastly', 'Fastly CDN', 'GZIP Module', 'Google Related Website Sites', 'Instagram Follow Button', 'K2F', 'KVH', 'Microdata for Google Shopping', 'NFOrce Internet', 'PWA', 'Perl', 'QUIC', 'SMC', 'Seflow Italy', 'Sentry', 'SiteW', 'Subversion', 'Thank You', 'Twitter Ads', 'UTF-8', 'Vector Internet Services', 'WP Booking Calendar', 'Wix', 'Wix Media', 'eLand', 'mlcom']"
cotswoldponds.co.uk,Pond and water feature builders | Cotswold Ponds | England,,,77,90303,2026-09-13T12:25:24.095948537Z,"['Alternate Protocol', 'Amazon WAF Blocked', 'Apture Linking Platform', 'Content Delivery Network', 'DAV', 'Express', 'Fastly', 'Fastly CDN', 'GZIP Module', 'Google Related Website Sites', 'Instagram Follow Button', 'Microdata for Google Shopping', 'NFOrce Internet', 'POWr', 'PWA', 'Perl', 'QUIC', 'SMC', 'Seflow Italy', 'Sentry', 'SiteW', 'UTF-8', 'Vector Internet Services', 'WP Booking Calendar', 'Wix', 'Wix Media', 'eLand', 'mlcom']"
herconnecther.org,Her{connect}Her,,,55,1339,2026-09-13T12:25:24.087885517Z,"['Adobe Creative Cloud WebFonts', 'Alternate Protocol', 'Aruba', 'DAV', 'Express', 'Fastly', 'GZIP Module', 'Instagram Follow Button', 'Line2', 'Medium', 'Microdata for Google Shopping', 'No-Q', 'QUIC', 'Squarespace', 'Tailwind CSS', 'UTF-8', 'WordPress SEO Structured Data Schema Plugin', 'eLand']"
thymeandlimecatering.co.uk,Catering | Thyme & Lime Catering,Thyme &amp; Lime Catering,CAN,87,89108,2026-09-13T12:25:24.087337691Z,"['Alternate Protocol', 'Amazon WAF Blocked', 'Apture Linking Platform', 'Content Delivery Network', 'Express', 'Fastly', 'Fastly CDN', 'GZIP Module', 'Instagram Follow Button', 'Microdata for Google Shopping', 'NFOrce Internet', 'PWA', 'QUIC', 'SMC', 'Seflow Italy', 'Sentry', 'SiteW', 'UTF-8', 'Vector Internet Services', 'Wix', 'Wix Media', 'eLand', 'mlcom']"
bassettsbrighterwindows.com,"Professional Window Cleaning in Bend, Oregon",Bassett's Brighter Windows,,67,135141,2026-09-13T12:25:24.087085281Z,"['Alternate Protocol', 'Amazon WAF Blocked', 'Apture Linking Platform', 'Content Delivery Network', 'DAV', 'Express', 'Fastly', 'Fastly CDN', 'GZIP Module', 'Google Related Website Sites', 'K2F', 'KVH', 'Microdata for Google Shopping', 'NFOrce Internet', 'PWA', 'Perl', 'QUIC', 'SMC', 'Seflow Italy', 'Sentry', 'SiteW', 'Subversion', 'UTF-8', 'Vector Internet Services', 'WP Booking Calendar', 'Wix', 'Wix Media', 'eLand', 'mlcom']"
scottgullickson.com,"Business Coaching Glenwood MN, Pinnacle Business Coaching",Pinnacle Consulting Group,,87,110020,2026-09-13T12:25:24.077758196Z,"['Alternate Protocol', 'Amazon WAF Blocked', 'Apture Linking Platform', 'Calendly', 'Content Delivery Network', 'Express', 'Fastly', 'Fastly CDN', 'GZIP Module', 'Google Related Website Sites', 'M247', 'Microdata for Google Shopping', 'NFOrce Internet', 'PWA', 'QUIC', 'SMC', 'Seflow Italy', 'Sentry', 'SiteW', 'UTF-8', 'Vector Internet Services', 'Wix', 'Wix Media', 'eLand', 'mlcom']"
seekerswelcome.com,Home | Seekers Welcome,Seekers Welcome,,65,89108,2026-09-13T12:25:24.077461269Z,"['Alternate Protocol', 'Amazon WAF Blocked', 'Apture Linking Platform', 'Content Delivery Network', 'Express', 'Fastly', 'Fastly CDN', 'GZIP Module', 'Microdata for Google Shopping', 'NFOrce Internet', 'PWA', 'QUIC', 'SMC', 'Seflow Italy', 'Sentry', 'SiteW', 'Sitelinks Search Box', 'Thank You', 'UTF-8', 'Vector Internet Services', 'Wix', 'Wix Media', 'eLand', 'mlcom']"
treatzvt.com,"Treatz Artisan Cannabis Edibles | Burlington, Vermont",,CAN,77,107828,2026-09-13T12:25:24.075732122Z,"['Alternate Protocol', 'Amazon WAF Blocked', 'Apture Linking Platform', 'Content Delivery Network', 'Express', 'Fastly', 'Fastly CDN', 'GZIP Module', 'Google Related Website Sites', 'Microdata for Google Shopping', 'NFOrce Internet', 'On The Map', 'PWA', 'QUIC', 'SMC', 'Seflow Italy', 'Sentry', 'SiteW', 'UTF-8', 'Vector Internet Services', 'Wix', 'Wix Media', 'mlcom']"
crimsonbark.com,Home | mysite,,,40,26896,2026-09-13T12:25:24.075670269Z,"['Alternate Protocol', 'Amazon WAF Blocked', 'Apture Linking Platform', 'Content Delivery Network', 'Express', 'Fastly', 'Fastly CDN', 'GZIP Module', 'NFOrce Internet', 'PWA', 'QUIC', 'SMC', 'Seflow Italy', 'Sentry', 'SiteW', 'Subversion', 'UTF-8', 'Vector Internet Services', 'Wix', 'Wix Media', 'WordPress Related Posts', 'mlcom']"
valortrail.org,Medal of Honor Valor Trail,,IMN,72,27280,2026-09-13T12:25:24.074613626Z,"['AWS WAF Challenge', 'Adobe Creative Cloud WebFonts', 'Backdrop', 'Content Delivery Network', 'Drupal', 'ElementUI', 'Fastly', 'GZIP Module', 'Google Analytics', 'Google My Business', 'Google Related Website Sites', 'Google Tag Manager', 'Instagram Follow Button', 'Nginx', 'PHP', 'Pico CSS', 'QUIC', 'RM Education', 'UTF-8', 'jQuery', 'reCAPTCHA']"
divaegeseynur.com,HOME | Diva Ege Seynur,,,65,87108,2026-09-13T12:25:24.074716151Z,"['Alternate Protocol', 'Amazon WAF Blocked', 'Apture Linking Platform', 'Content Delivery Network', 'Fastly', 'Fastly CDN', 'GZIP Module', 'Instagram Follow Button', 'Microdata for Google Shopping', 'NFOrce Internet', 'PWA', 'QUIC', 'SMC', 'Sentry', 'SiteW', 'UTF-8', 'Vector Internet Services', 'Wix', 'Wix Media', 'YouTube', 'eLand', 'mlcom']"
napaneeblooms.com,Same-Day Flower Delivery in Napanee ON | Napanee Blooms,,CAN,92,42010,2026-09-13T12:25:24.073453448Z,"['AJAX Libraries API', 'Adult Content', 'Amazon', 'Amazon CloudFront', 'Amazon Route 53', 'Apache', 'Apture Linking Platform', 'AutoComplete', 'CloudFront', 'Cloudinary', 'Content Delivery Network', 'Daily Deals', 'Fastly', 'GZIP Module', 'Google', 'Google Cloud CDN', 'Google Cloud DNS', 'Google Font API', 'Google Maps', 'Google My Business', 'Google Related Website Sites', 'Instagram Follow Button', 'Microdata for Google Shopping', 'Neighborhoods', 'Thank You', 'The Fresh', 'UTF-8', 'jQuery']"
schoolofautomation.tech,Expert Training in Intelligent Automation | School of Automation | United Kingdom,School of Automation,GBR,82,90269,2026-09-13T12:25:24.070261238Z,"['Alternate Protocol', 'Amazon WAF Blocked', 'Apture Linking Platform', 'Coming Soon Page', 'Content Delivery Network', 'DAV', 'Express', 'Fastly', 'Fastly CDN', 'GZIP Module', 'Google Related Website Sites', 'Instagram Follow Button', 'Microdata for Google Shopping', 'NFOrce Internet', 'Ntent', 'PWA', 'Perl', 'QUIC', 'SMC', 'Seflow Italy', 'Sentry', 'SiteW', 'Subversion', 'Thank You', 'Twitter Ads', 'UTF-8', 'Under Construction for WordPress', 'Vector Internet Services', 'WP Booking Calendar', 'Wix', 'Wix Media', 'WordPress Related Posts', 'YouTube', 'eLand', 'mlcom']"
engageai360.com,Get Found by AI | AI Search Visibility & Video Citations for Real Estate,Engage AI360,,77,90729,2026-09-13T12:25:24.068034904Z,"['Alternate Protocol', 'Amazon WAF Blocked', 'Apture Linking Platform', 'Better Lead Generation Services', 'Content Delivery Network', 'DAV', 'Express', 'Fastly', 'Fastly CDN', 'GZIP Module', 'GitHub Hosting', 'Google Related Website Sites', 'Instagram Follow Button', 'Microdata for Google Shopping', 'NFOrce Internet', 'PWA', 'Perl', 'QUIC', 'SMC', 'Seflow Italy', 'Sentry', 'SiteW', 'Thank You', 'Twitter Ads', 'UTF-8', 'Vector Internet Services', 'WP Booking Calendar', 'Wix', 'Wix Media', 'YouTube', 'iPlayerHD', 'mlcom']"
freestylemarketing.org,"FreeStyle Marketing | Website design | Barton County, KS, USA",,,57,26496,2026-09-13T12:25:24.067948312Z,"['AWS WAF Challenge', 'Amazon WAF Blocked', 'Apture Linking Platform', 'Content Delivery Network', 'Fastly', 'Fastly CDN', 'GZIP Module', 'GitHub Hosting', 'NFOrce Internet', 'PWA', 'QUIC', 'SMC', 'Sentry', 'SiteW', 'UTF-8', 'Vector Internet Services', 'Wix', 'Wix Media', 'mlcom']"
professorstupidhead.com,Home | Tucker View Consulting,,,70,104108,2026-09-13T12:25:24.065801757Z,"['AWS WAF Challenge', 'Alternate Protocol', 'Amazon WAF Blocked', 'Apture Linking Platform', 'Cloudflare', 'Content Delivery Network', 'DAV', 'Express', 'Fastly', 'Fastly CDN', 'GZIP Module', 'GitHub Hosting', 'Microdata for Google Shopping', 'NFOrce Internet', 'PWA', 'QUIC', 'SMC', 'Seflow Italy', 'Sentry', 'SiteW', 'UTF-8', 'Vector Internet Services', 'Wix', 'Wix Media', 'eLand', 'mlcom']"
dewintonridingclub.com,DeWinton Riding Club,,CAN,72,89421,2026-09-13T12:25:24.065218609Z,"['Alternate Protocol', 'Amazon WAF Blocked', 'Apture Linking Platform', 'Content Delivery Network', 'DAV', 'Express', 'Fastly', 'Fastly CDN', 'GZIP Module', 'Microdata for Google Shopping', 'NFOrce Internet', 'PWA', 'Perl', 'QUIC', 'SMC', 'Seflow Italy', 'Sentry', 'SiteW', 'UTF-8', 'Vector Internet Services', 'WP Booking Calendar', 'Wix', 'Wix Media', 'mlcom']"
youngladiesatalltimes.com,A non-profit organization | Young Ladies at All Times | Illinois,,USA,77,104992,2026-09-13T12:25:24.065326732Z,"['AWS WAF Challenge', 'Alternate Protocol', 'Amazon WAF Blocked', 'Apture Linking Platform', 'Content Delivery Network', 'Express', 'Fastly', 'Fastly CDN', 'GZIP Module', 'Google Customer Reviews', 'Heroku', 'Instagram Follow Button', 'NFOrce Internet', 'POWr', 'PWA', 'Perl', 'QUIC', 'SMC', 'Seflow Italy', 'Sentry', 'SiteW', 'Twitter Ads', 'UTF-8', 'Vector Internet Services', 'VocalReferences', 'Wix', 'Wix Media', 'YouTube', 'eLand', 'mlcom']"
newlightfitness.com,Home | Newlight Fitness,,,57,35545,2026-09-13T12:25:24.064000754Z,"['Alternate Protocol', 'Amazon WAF Blocked', 'Apture Linking Platform', 'Cisco/Arrowpoint Content Service Switch', 'Content Delivery Network', 'DAV', 'Express', 'Fastly', 'Fastly CDN', 'Fireblade', 'FormSubmit', 'GZIP Module', 'Google Related Website Sites', 'Microdata for Google Shopping', 'NFOrce Internet', 'PWA', 'Perl', 'Pico CSS', 'QUIC', 'SMC', 'Seflow Italy', 'Sentry', 'SiteW', 'Subversion', 'Tailwind CSS', 'Thank You', 'UTF-8', 'Vector Internet Services', 'WP Booking Calendar', 'Wix', 'Wix Media', 'mlcom']"
twprint.ca,HOME | TW Print & Promo,,,50,26896,2026-09-13T12:25:24.063667902Z,"['Amazon WAF Blocked', 'Apture Linking Platform', 'Content Delivery Network', 'Express', 'Fastly', 'Fastly CDN', 'GZIP Module', 'Microdata for Google Shopping', 'NFOrce Internet', 'PWA', 'QUIC', 'SMC', 'Seflow Italy', 'Sentry', 'SiteW', 'UTF-8', 'Vector Internet Services', 'Wix', 'Wix Media', 'mlcom']"
amandaewilson.com,Amanda Erin Wilson | Computational Genomics | Columbia University,"Amanda Erin Wilson, PhD | Computational Biology | Columbia University",USA,67,92828,2026-09-13T12:25:24.063931088Z,"['Amazon WAF Blocked', 'Apture Linking Platform', 'Content Delivery Network', 'DC74', 'Fastly', 'Fastly CDN', 'GZIP Module', 'GitHub Hosting', 'Google My Business', 'Google Related Website Sites', 'Microdata for Google Shopping', 'NFOrce Internet', 'PWA', 'QUIC', 'SMC', 'Sentry', 'SiteW', 'UTF-8', 'University or College', 'Vector Internet Services', 'Wix', 'Wix Media', 'mlcom']"
thesolution2810.com,the solutions 2810 | odell holland fincher nyc new jersey,,USA,77,90141,2026-09-13T12:25:24.061820839Z,"['Alternate Protocol', 'Amazon WAF Blocked', 'Apture Linking Platform', 'Content Delivery Network', 'DAV', 'Express', 'Fastly', 'Fastly CDN', 'GZIP Module', 'Google Related Website Sites', 'InitiativeS', 'Instagram Follow Button', 'Microdata for Google Shopping', 'NFOrce Internet', 'PWA', 'Perl', 'QUIC', 'SMC', 'Seflow Italy', 'Sentry', 'SiteW', 'Thank You', 'UTF-8', 'University or College', 'Vector Internet Services', 'WP Booking Calendar', 'Wix', 'Wix Media', 'mlcom']"
roof-flow.com,Roof Flow,,USA,65,2688,2026-09-13T12:25:24.06008301Z,"['Calendly', 'Content Delivery Network', 'Fastly', 'Instagram Follow Button', 'Tailwind CSS', 'UTF-8', 'Web3Forms']"
brightonqueermuseum.co.uk,Queer Heritage South,,,55,702,2026-09-13T12:25:24.05172136Z,"['DAV', 'Fastly', 'Font Awesome', 'Google Analytics', 'Google Cloud DNS', 'Google Font API', 'Google Tag Manager', 'Instagram Follow Button', 'LiteSpeed', 'PHP', 'Tailwind CSS', 'UTF-8', 'jQuery']"
lopezpressurewash.com,East Texas Pressure Washing - Lopez Pressure Wash,Lopez Pressure Wash,,92,28352,2026-09-13T12:25:24.042070685Z,"['Alternate Protocol', 'Amazon WAF Blocked', 'Anti-spam for WordPress', 'Astra Theme', 'Better Lead Generation Services', 'CallRail', 'Cisco/Arrowpoint Content Service Switch', 'CleanTalk Spam Protect', 'Content Delivery Network', 'Elementor', 'Elfsight', 'EmbedPress', 'Essential Addons for Elementor', 'Fastly', 'Fireblade', 'GZIP Module', 'Google', 'Google Analytics', 'Google Cloud DNS', 'Google Font API', 'Google My Business', 'Google Tag Manager', 'Lazy Load for WordPress', 'Microdata for Google Shopping', 'NFOrce Internet', 'Sticky Header Effects for Elementor', 'Table Addons for Elementor', 'UTF-8', 'WP Rocket', 'Woo Themes', 'WordPress', 'WordPress Multisite', 'WordPress Related Posts', 'eLand']"
madeincarlow.shop,"Made in Carlow Art Gallery, local crafts & gifts",,IRL,72,30280,2026-09-13T12:25:24.035943492Z,"['Amazon', 'Amazon CloudFront', 'Apture Linking Platform', 'CloudFront', 'Content Delivery Network', 'Contento', 'DAV', 'Fastly', 'GZIP Module', 'Google Analytics', 'Google My Business', 'Instagram Follow Button', 'MailChimp', 'OpenResty', 'UTF-8', 'Vimeo', 'eLand']"
happygoat.biz,HAPPY GOAT GLUTEN-FREE BAKERY LANCASTER OHIO – GLUTEN-FREE BAKERY LANCASTER OHIO,,,87,3047,2026-09-13T12:25:24.035809992Z,"['Alternate Protocol', 'Automattic', 'BatCache', 'CoBlocks', 'EmbedPress', 'Fastly', 'GDPR Consent Management Platform', 'Jetpack', 'Jetpack Site Accelerator', 'Nginx', 'Perl', 'Square', 'Tailwind CSS', 'UTF-8', 'WordPress', 'WordPress Multisite', 'WordPress Related Posts', 'WordPress Stats']"
ainspan.com,Ainspan.com,,,42,1320,2026-09-13T12:25:24.027377924Z,"['Adobe Creative Cloud WebFonts', 'Content Delivery Network', 'Fastly', 'Fastly CDN', 'GZIP Module', 'Instagram Follow Button', 'UTF-8', 'YouTube']"
vital-nutrients-symposium.com,Vital Nutrients Symposium,,DEU,80,14600,2026-09-13T12:25:24.025294485Z,"['CDN JS', 'Cloudflare', 'Cloudflare CDN', 'Content Delivery Network', 'Fastly', 'Hubspot Knowledge Base', 'Perl', 'UTF-8', 'University or College', 'Weezevent', 'YouTube', 'jsDelivr']"
precision-tech-llc.com,Home - Precision-Tech LLC,,MYS,70,2871,2026-09-13T12:25:24.024827711Z,"['Alternate Protocol', 'EmbedPress', 'Fastly', 'GZIP Module', 'Google Cloud DNS', 'Google Font API', 'Google My Business', 'Instagram Follow Button', 'Jetpack', 'Microdata for Google Shopping', 'Nginx', 'Oxygen', 'Oxygen Builder', 'Perl', 'Twenty Twenty-Four', 'Twitter Ads', 'UTF-8', 'Woo Themes', 'WordPress', 'WordPress Multisite', 'YouTube', 'jQuery']"
valleyforum.org,VF26 | Valley Forum 2025,,,55,1003,2026-09-13T12:25:24.022877693Z,"['Apture Linking Platform', 'Backdrop', 'Call to Visit', 'Content Delivery Network', 'Fastly', 'GZIP Module', 'Google Cloud DNS', 'Google Font API', 'Google Maps', 'PHP', 'UTF-8', 'jQuery']"
vicwii.com,Victoria Kociman | Art Director | 3D Designer,,SYC,67,60908,2026-09-13T12:12:41.375408637Z,"['Adobe Creative Cloud WebFonts', 'Content Delivery Network', 'Fastly', 'Fastly CDN', 'GZIP Module', 'Google Related Website Sites', 'Instagram Follow Button', 'Netlify', 'SMC', 'UTF-8']"
evyluong.com,Evy Luong | Home Page,,,45,26385,2026-09-13T12:12:41.373265668Z,"['Amazon WAF Blocked', 'Apture Linking Platform', 'Content Delivery Network', 'DAV', 'Fastly', 'Fastly CDN', 'GZIP Module', 'NFOrce Internet', 'PWA', 'Perl', 'QUIC', 'SMC', 'Sentry', 'SiteW', 'UTF-8', 'Vector Internet Services', 'WP Booking Calendar', 'Wix', 'Wix Media', 'eLand', 'mlcom']"
trustwithincoaching.com,Home | Trust Within Coachin,,USA,65,89421,2026-09-13T12:12:41.372497642Z,"['Amazon WAF Blocked', 'Apture Linking Platform', 'Content Delivery Network', 'DAV', 'Express', 'Fastly', 'Fastly CDN', 'GZIP Module', 'Microdata for Google Shopping', 'NFOrce Internet', 'PWA', 'Perl', 'QUIC', 'SMC', 'Seflow Italy', 'Sentry', 'SiteW', 'UTF-8', 'Vector Internet Services', 'WP Booking Calendar', 'Wix', 'Wix Media', 'mlcom']"
thelizardgroup.com,The Lizard Group | Creative Services | Dallas,,USA,87,143368,2026-09-13T12:12:41.37160024Z,"['123FormBuilder', 'Alternate Protocol', 'Amazon WAF Blocked', 'Apture Linking Platform', 'Content Delivery Network', 'Express', 'Fastly', 'Fastly CDN', 'Fireblade', 'GZIP Module', 'Google Related Website Sites', 'KVH', 'Microdata for Google Shopping', 'NFOrce Internet', 'On The Map', 'PWA', 'QUIC', 'SMC', 'Seflow Italy', 'Sentry', 'SiteW', 'Thank You', 'UTF-8', 'University or College', 'Vector Internet Services', 'Wix', 'Wix Media', 'eLand', 'mlcom']"
binarymigration.io,"Cloud, Embedded & Mobile Software Development – Binary Migration",Binary Migration,EST,87,115141,2026-09-13T12:12:41.368999341Z,"['Alternate Protocol', 'Amazon WAF Blocked', 'Apture Linking Platform', 'Content Delivery Network', 'DAV', 'DC74', 'Express', 'Fastly', 'Fastly CDN', 'GZIP Module', 'Google Analytics', 'Google Related Website Sites', 'Google Tag Manager', 'M247', 'Microdata for Google Shopping', 'NFOrce Internet', 'PWA', 'Perl', 'QUIC', 'SMC', 'Seflow Italy', 'Sentry', 'SiteW', 'Thank You', 'UTF-8', 'Vector Internet Services', 'WP Booking Calendar', 'Wix', 'Wix Media', 'eLand', 'mlcom']"
professionalcarpetrepairs.com,Carpet Repair | Professional Carpet Repair Services,Professional Carpet Repair Services,CAN,87,96341,2026-09-13T12:12:41.364363167Z,"['Alternate Protocol', 'Amazon WAF Blocked', 'Apture Linking Platform', 'Call to Visit', 'Content Delivery Network', 'DAV', 'DC74', 'Express', 'Fastly', 'Fastly CDN', 'GZIP Module', 'Google Conversion Tracking', 'Google Customer Reviews', 'Google My Business', 'Google Related Website Sites', 'Instagram Follow Button', 'Microdata for Google Shopping', 'NFOrce Internet', 'PWA', 'Perl', 'QUIC', 'SMC', 'Seflow Italy', 'Sentry', 'SiteW', 'Sitelinks Search Box', 'UTF-8', 'Vector Internet Services', 'WP Booking Calendar', 'Wix', 'Wix Media', 'Yelp Badge', 'YouTube', 'eLand', 'mlcom']"
castlepaintingandhomeimprovements.com,"Best Painting Services | Castle Painting Savannah, GA",Castle Painting & Home Improvements,,82,7840,2026-09-13T12:12:41.363833218Z,"['501c3 Status Nonprofit', 'Amazon CloudFront', 'Amazon S3 CDN', 'Astro', 'Better Lead Generation Services', 'CloudFront', 'Content Delivery Network', 'Fastly', 'Financial Services Guide', 'GZIP Module', 'GitHub Hosting', 'Google', 'Google Analytics', 'Google Cloud DNS', 'Google Font API', 'Google Maps', 'Google My Business', 'Google Tag Manager', 'Microdata for Google Shopping', 'Pico CSS', 'QUIC', 'Segment', 'Segment Consent Manager', 'Storyblocks', 'UTF-8', 'reCAPTCHA']"
paulneale.org,PICTURES 1 | Paul Neale artist/photographer. Cambridge U.K,,,67,87828,2026-09-13T12:12:41.36253339Z,"['Amazon WAF Blocked', 'Apture Linking Platform', 'Content Delivery Network', 'Fastly', 'Fastly CDN', 'GZIP Module', 'Google Related Website Sites', 'Instagram Follow Button', 'NFOrce Internet', 'PWA', 'QUIC', 'SMC', 'Sentry', 'SiteW', 'UTF-8', 'Vector Internet Services', 'Wix', 'Wix Media', 'eLand', 'mlcom']"
youregonnacrushit.com,Crushed Velvet Caps | Youregonnacrushit | Detroit,,,67,104828,2026-09-13T12:12:41.362603696Z,"['Alternate Protocol', 'Amazon WAF Blocked', 'Apture Linking Platform', 'Content Delivery Network', 'Express', 'Fastly', 'Fastly CDN', 'Fireblade', 'GZIP Module', 'Google Related Website Sites', 'Instagram Follow Button', 'Microdata for Google Shopping', 'NFOrce Internet', 'PWA', 'Perl', 'QUIC', 'SMC', 'Seflow Italy', 'Sentry', 'SiteW', 'Thank You', 'Twitter Ads', 'UTF-8', 'Vector Internet Services', 'Wix', 'Wix Media', 'eLand', 'mlcom']"
chikeyliving.net,"Spiritual Healing, Coaching & Development | Chikey Living",,CAN,77,105141,2026-09-13T12:12:41.361088093Z,"['AWS WAF Challenge', 'Alternate Protocol', 'Amazon WAF Blocked', 'Apture Linking Platform', 'Content Delivery Network', 'DAV', 'Express', 'Fastly', 'Fastly CDN', 'GZIP Module', 'Google Related Website Sites', 'Instagram Follow Button', 'Microdata for Google Shopping', 'NFOrce Internet', 'PWA', 'Perl', 'QUIC', 'SMC', 'Seflow Italy', 'Sentry', 'SiteW', 'Thank You', 'UTF-8', 'Vector Internet Services', 'WP Booking Calendar', 'Wix', 'Wix Media', 'YouTube', 'mlcom']"
fennema.io,Fennema.io - Fractional CIO and CTO,Fennema.io,USA,77,120141,2026-09-13T12:12:41.360610442Z,"['AWS WAF Challenge', 'Alternate Protocol', 'Amazon WAF Blocked', 'Apture Linking Platform', 'Content Delivery Network', 'DAV', 'Express', 'Fastly', 'Fastly CDN', 'Financial Services Guide', 'Fireblade', 'GZIP Module', 'Google Related Website Sites', 'Microdata for Google Shopping', 'NFOrce Internet', 'PWA', 'Perl', 'QUIC', 'SMC', 'Seflow Italy', 'Sentry', 'SiteW', 'Thank You', 'UTF-8', 'Vector Internet Services', 'WP Booking Calendar', 'Wix', 'Wix Media', 'mlcom']"
enlightenedeyecarefargo.com,Enlightened Eyecare | Eyecare Services in Fargo,Enlightened Eyecare,USA,87,150675,2026-09-13T12:12:41.359106537Z,"['Alternate Protocol', 'Amazon WAF Blocked', 'Apture Linking Platform', 'Aruba', 'Coming Soon Page', 'Content Delivery Network', 'DAV', 'Express', 'Fastly', 'Fastly CDN', 'Fireblade', 'FormSubmit', 'GZIP Module', 'GitHub Hosting', 'Google Related Website Sites', 'Instagram Follow Button', 'K2F', 'KVH', 'Microdata for Google Shopping', 'NFOrce Internet', 'PWA', 'Perl', 'Pico CSS', 'Point', 'QUIC', 'SMC', 'Seflow Italy', 'Sentry', 'SiteW', 'Sitelinks Search Box', 'Subversion', 'UTF-8', 'University or College', 'Vector Internet Services', 'WP Booking Calendar', 'Wix', 'Wix Media', 'eLand', 'mlcom']"
liperlanails.com,Home | Li Perla Nails & Spa,Li Perla Nails &amp; Spa,NZL,60,36985,2026-09-13T12:12:41.358455426Z,"['Alternate Protocol', 'Amazon WAF Blocked', 'Apture Linking Platform', 'Content Delivery Network', 'DAV', 'Express', 'Fastly', 'Fastly CDN', 'GZIP Module', 'Instagram Follow Button', 'K2F', 'KVH', 'Microdata for Google Shopping', 'NFOrce Internet', 'PWA', 'Perl', 'QUIC', 'SMC', 'Seflow Italy', 'Sentry', 'SiteW', 'Subversion', 'Thank You', 'UTF-8', 'Vector Internet Services', 'WP Booking Calendar', 'Wix', 'Wix Media', 'mlcom']"
pesquisa.enf.br,"Dr.eduhonorato Official: Instagram, X | Linktree",,,72,10992,2026-09-13T12:12:41.356800814Z,"['Alternate Protocol', 'Amazon S3 CDN', 'Cloudflare', 'Content Delivery Network', 'DAV', 'Fastly', 'GZIP Module', 'Google', 'Google Cloud CDN', 'Google Cloud DNS', 'Google Font API', 'Google My Business', 'Hotmart', 'Instagram Follow Button', 'Kitco', 'Linktree', 'Microdata for Google Shopping', 'Next.js', 'Nginx', 'Ntent', 'PWA', 'Pleroma', 'QUIC', 'Rakuten Affiliate', 'SiteW', 'Storyblocks', 'Styled Components', 'Superfiliate', 'Tailwind CSS', 'UTF-8', 'University or College', 'YouTube', 'shadcn ui']"
americanguest.com,American Guest DMC,,USA,62,18620,2026-09-13T12:12:41.354035347Z,"['AddThis for Wordpress', 'Alternate Protocol', 'Amazon S3 CDN', 'Cisco/Arrowpoint Content Service Switch', 'Content Delivery Network', 'Facebook Login', 'Facebook Messenger Platform', 'Facebook Reseller', 'Fastly', 'GZIP Module', 'Google Analytics', 'Google Related Website Sites', 'Google Tag Manager', 'HubSpot Conversations', 'Hubspot', 'Instagram Follow Button', 'Storyblocks', 'Subversion', 'Tailwind CSS', 'Tawk', 'Twitter Ads', 'UTF-8']"
randrremodelingandflooring.com,Home | R&R Remodeling And Flooring,,,50,27985,2026-09-13T12:12:41.352673485Z,"['Amazon WAF Blocked', 'Apture Linking Platform', 'Cisco/Arrowpoint Content Service Switch', 'Content Delivery Network', 'DAV', 'Express', 'Fastly', 'Fastly CDN', 'GZIP Module', 'Instagram Follow Button', 'Microdata for Google Shopping', 'NFOrce Internet', 'PWA', 'Perl', 'QUIC', 'SMC', 'Seflow Italy', 'Sentry', 'SiteW', 'Subversion', 'Thank You', 'UTF-8', 'Vector Internet Services', 'WP Booking Calendar', 'Wix', 'Wix Media', 'eLand', 'mlcom']"
mahometdiamonddogs.com,Diamond Dogs | Illinois Travel Baseball Team,Diamond Dogs Baseball,,77,92270,2026-09-13T12:12:41.351942824Z,"['Alternate Protocol', 'Amazon WAF Blocked', 'Apture Linking Platform', 'Content Delivery Network', 'CoolText', 'Express', 'Fastly', 'Fastly CDN', 'GZIP Module', 'Microdata for Google Shopping', 'NFOrce Internet', 'POWr', 'PWA', 'QUIC', 'SMC', 'Seflow Italy', 'Sentry', 'SiteW', 'Sitelinks Search Box', 'SportNgin', 'UTF-8', 'University or College', 'Vector Internet Services', 'Wix', 'Wix Media', 'mlcom']"
icplss.com,HOME | ICPLSS 2026,,SGP,75,104421,2026-09-13T12:12:41.351587929Z,"['AWS WAF Challenge', 'Alternate Protocol', 'Amazon WAF Blocked', 'Apture Linking Platform', 'Content Delivery Network', 'DAV', 'Express', 'Fastly', 'Fastly CDN', 'GZIP Module', 'Microdata for Google Shopping', 'NFOrce Internet', 'PWA', 'Perl', 'QUIC', 'SMC', 'Seflow Italy', 'Sentry', 'SiteW', 'Thank You', 'UTF-8', 'Vector Internet Services', 'WP Booking Calendar', 'Wix', 'Wix Media', 'eLand', 'mlcom']"
hopehouseeasternco.org,"Home | Hope House | Hope House Serving Northeastern Colorado | Sterling, Colorad",HOPE HOUSE SERVING NE COLORADO,,82,89828,2026-09-13T12:12:41.351281889Z,"['Amazon WAF Blocked', 'Apture Linking Platform', 'Content Delivery Network', 'Express', 'Fastly', 'Fastly CDN', 'GZIP Module', 'Google Related Website Sites', 'Microdata for Google Shopping', 'NFOrce Internet', 'PWA', 'QUIC', 'SMC', 'Seflow Italy', 'Sentry', 'SiteW', 'Thank You', 'UTF-8', 'Vector Internet Services', 'Wix', 'Wix Media', 'eLand', 'mlcom']"
shopenwin.nl,Shop & Win,,,65,2760,2026-09-13T12:12:41.350091044Z,"['Adobe Creative Cloud WebFonts', 'CDN JS', 'Cloudflare', 'Cloudflare CDN', 'Content Delivery Network', 'ElementUI', 'Fastly', 'GZIP Module', 'GitHub Hosting', 'Microsoft Authentication Library for JavaScript', 'PWA', 'UTF-8', 'jsDelivr']"
seanmck.net,Sean McKenna | Home,,,27,600,2026-09-13T12:12:41.350862657Z,"['Content Delivery Network', 'Fastly', 'GZIP Module', 'GitHub Hosting', 'UTF-8', 'University or College', 'shadcn ui']"
ava-meyer.com,Home | Ava Meyer - Actor,,USA,67,89421,2026-09-13T12:12:41.349130507Z,"['Amazon WAF Blocked', 'Apture Linking Platform', 'Content Delivery Network', 'DAV', 'Express', 'Fastly', 'Fastly CDN', 'GZIP Module', 'Instagram Follow Button', 'Microdata for Google Shopping', 'NFOrce Internet', 'PWA', 'Perl', 'QUIC', 'SMC', 'Seflow Italy', 'Sentry', 'SiteW', 'Sitelinks Search Box', 'Thank You', 'UTF-8', 'University or College', 'Vector Internet Services', 'WP Booking Calendar', 'Wix', 'Wix Media', 'YouTube', 'mlcom']"
perfectcrack.com,Perfect Crack | Non-Explosive Demolition Powder,,IND,72,87828,2026-09-13T12:12:41.349058129Z,"['Amazon WAF Blocked', 'Apture Linking Platform', 'Better Lead Generation Services', 'Content Delivery Network', 'Fastly', 'Fastly CDN', 'GZIP Module', 'GitHub Hosting', 'Google Related Website Sites', 'Microdata for Google Shopping', 'NFOrce Internet', 'PWA', 'QUIC', 'SMC', 'Sentry', 'SiteW', 'UTF-8', 'Vector Internet Services', 'Wix', 'Wix Media', 'mlcom']"
covfitstudy.ca,The COVFIT study | covfit,,,55,600,2026-09-13T12:12:41.348011662Z,"['CDN JS', 'Cloudflare', 'Cloudflare CDN', 'Content Delivery Network', 'Fastly', 'GZIP Module', 'GitHub Hosting', 'Jekyll', 'Microdata for Google Shopping', 'UTF-8', 'University or College']"
cdpotterplumbing.com,Home | C&D Potter Plumbing,,USA,77,104404,2026-09-13T12:12:41.343416989Z,"['Amazon WAF Blocked', 'Apture Linking Platform', 'Aruba', 'Better Lead Generation Services', 'Bing Cashback', 'Content Delivery Network', 'Express', 'Fastly', 'Fastly CDN', 'Fireblade', 'FormSubmit', 'GZIP Module', 'GitHub Hosting', 'Google Customer Reviews', 'Microdata for Google Shopping', 'NFOrce Internet', 'PWA', 'Pico CSS', 'QUIC', 'SMC', 'Seflow Italy', 'Sentry', 'SiteW', 'Subversion', 'UTF-8', 'University or College', 'Vector Internet Services', 'Wix', 'Wix Media', 'eLand', 'mlcom']"
centerstateengineering.com,Center State Engineering,,,77,150368,2026-09-13T12:12:41.343746977Z,"['123FormBuilder', 'Adult Content', 'Alternate Protocol', 'Amazon WAF Blocked', 'Apture Linking Platform', 'Content Delivery Network', 'Express', 'Fastly', 'Fastly CDN', 'Fireblade', 'GZIP Module', 'Google Related Website Sites', 'K2F', 'KVH', 'Microdata for Google Shopping', 'NFOrce Internet', 'PWA', 'QUIC', 'SMC', 'Seflow Italy', 'Sentry', 'SiteW', 'Subversion', 'UTF-8', 'Vector Internet Services', 'Wix', 'Wix Media', 'YouTube', 'eLand', 'mlcom']"
tranquiliance.net,Home | Tranquiliance Journal,,,60,36896,2026-09-13T12:12:41.342439978Z,"['Alternate Protocol', 'Amazon WAF Blocked', 'Apture Linking Platform', 'Content Delivery Network', 'Express', 'Fastly', 'Fastly CDN', 'GZIP Module', 'K2F', 'KVH', 'Microdata for Google Shopping', 'NFOrce Internet', 'PWA', 'QUIC', 'SMC', 'Seflow Italy', 'Sentry', 'SiteW', 'Subversion', 'UTF-8', 'Vector Internet Services', 'Wix', 'Wix Media', 'eLand', 'mlcom']"
banian.studio,Banian,,USA,65,2440,2026-09-13T12:12:41.342504524Z,"['AJAX Libraries API', 'Content Delivery Network', 'Fastly', 'GZIP Module', 'GitHub Hosting', 'Google Cloud DNS', 'Tailwind CSS', 'Twitter Ads', 'UTF-8', 'jQuery']"
trishartspace.co.uk,"Trish Art Space | Art & Craft Supplies | 58 Falsgrave Road, Scarborough, UK",Trish Art Space,,67,89828,2026-09-13T12:12:41.340550511Z,"['Amazon WAF Blocked', 'Apture Linking Platform', 'Content Delivery Network', 'Express', 'Fastly', 'Fastly CDN', 'GZIP Module', 'Google Related Website Sites', 'Instagram Follow Button', 'Microdata for Google Shopping', 'NFOrce Internet', 'PWA', 'QUIC', 'SMC', 'Seflow Italy', 'Sentry', 'SiteW', 'UTF-8', 'Vector Internet Services', 'Wix', 'Wix Media', 'mlcom']"
traviscjames.com,Home | Travis James,,USA,65,87108,2026-09-13T12:12:41.339594701Z,"['Amazon WAF Blocked', 'Apture Linking Platform', 'Content Delivery Network', 'Express', 'Fastly', 'Fastly CDN', 'GZIP Module', 'Instagram Follow Button', 'Microdata for Google Shopping', 'NFOrce Internet', 'PWA', 'QUIC', 'SMC', 'Sentry', 'SiteW', 'UTF-8', 'Vector Internet Services', 'Wix', 'Wix Media', 'YouTube', 'eLand', 'mlcom']"
tetracity.net,Tetra [City] | tetracity.net,,USA,75,17400,2026-09-13T12:12:41.339651006Z,"['AWS WAF Challenge', 'Amazon WAF Blocked', 'CDN JS', 'Cloudflare', 'Cloudflare CDN', 'Content Delivery Network', 'Fastly', 'GZIP Module', 'GitHub Hosting', 'Jekyll', 'Microdata for Google Shopping', 'UTF-8']"
bojanaflow.com,BojanaFLOW | Yoga Retreat,,,77,110303,2026-09-13T12:12:41.338895067Z,"['AWS WAF Challenge', 'Alternate Protocol', 'Amazon WAF Blocked', 'Apture Linking Platform', 'Content Delivery Network', 'DAV', 'DC74', 'Express', 'Fastly', 'Fastly CDN', 'GZIP Module', 'Google Related Website Sites', 'Instagram Follow Button', 'Microdata for Google Shopping', 'NFOrce Internet', 'POWr', 'PWA', 'Perl', 'QUIC', 'SMC', 'Seflow Italy', 'Sentry', 'SiteW', 'Thank You', 'UTF-8', 'Vector Internet Services', 'WP Booking Calendar', 'Wix', 'Wix Media', 'eLand', 'mlcom']"
evolutionpestsolution.com,Home | evolutionpestsolution,evolutionpestsolution,,70,89421,2026-09-13T12:12:41.337276928Z,"['Amazon WAF Blocked', 'Apture Linking Platform', 'Content Delivery Network', 'DAV', 'Express', 'Facebook Embedded Posts', 'Fastly', 'Fastly CDN', 'GZIP Module', 'Instagram Follow Button', 'Microdata for Google Shopping', 'NFOrce Internet', 'PWA', 'Perl', 'QUIC', 'SMC', 'Seflow Italy', 'Sentry', 'SiteW', 'UTF-8', 'Vector Internet Services', 'WP Booking Calendar', 'Wix', 'Wix Media', 'mlcom']"
chili360tours.com,HOME | Chili360,Chili 360 Tours LLC,USA,70,134421,2026-09-13T12:12:41.337912236Z,"['Alternate Protocol', 'Amazon WAF Blocked', 'Apture Linking Platform', 'Content Delivery Network', 'DAV', 'Express', 'Fastly', 'Fastly CDN', 'GZIP Module', 'K2F', 'KVH', 'Microdata for Google Shopping', 'NFOrce Internet', 'PWA', 'Perl', 'QUIC', 'SMC', 'Seflow Italy', 'Sentry', 'SiteW', 'Subversion', 'Thank You', 'UTF-8', 'Vector Internet Services', 'WP Booking Calendar', 'Wix', 'Wix Media', 'eLand', 'mlcom']"
upgrade-entertainment.com.tr,Game Development | Upgrade Entertainment,,TUR,67,90140,2026-09-13T12:12:41.336372056Z,"['Alternate Protocol', 'Amazon WAF Blocked', 'Apture Linking Platform', 'Content Delivery Network', 'Express', 'Fastly', 'Fastly CDN', 'GZIP Module', 'Google Related Website Sites', 'Linktree', 'MailChimp', 'Microdata for Google Shopping', 'NFOrce Internet', 'PWA', 'QUIC', 'SMC', 'Seflow Italy', 'Sentry', 'SiteW', 'UTF-8', 'Vector Internet Services', 'Wix', 'Wix Media', 'eLand', 'mlcom']"
kathrynstahl.com,Artist Educator | Kathryn Stahl Artist Educator,,,72,87108,2026-09-13T12:12:41.335657019Z,"['Amazon WAF Blocked', 'Apture Linking Platform', 'Content Delivery Network', 'Fastly', 'Fastly CDN', 'GZIP Module', 'Microdata for Google Shopping', 'NFOrce Internet', 'PWA', 'QUIC', 'SMC', 'Sentry', 'SiteW', 'Twitter Ads', 'UTF-8', 'University or College', 'Vector Internet Services', 'Wix', 'Wix Media', 'eLand', 'mlcom']"
ec-cw.com,Home | Computer Wizards,,GBR,70,102204,2026-09-13T12:12:41.3344692Z,"['Amazon WAF Blocked', 'Apture Linking Platform', 'Content Delivery Network', 'Fastly', 'Fastly CDN', 'Financial Services Guide', 'Fireblade', 'FormSubmit', 'GZIP Module', 'Google Customer Reviews', 'Google My Business', 'Microdata for Google Shopping', 'NFOrce Internet', 'PWA', 'Pico CSS', 'QUIC', 'SMC', 'Sentry', 'SiteW', 'UTF-8', 'Vector Internet Services', 'Wix', 'Wix Media', 'mlcom']"
studiopichi.com,HOME | studiopichi,STUDIO PICHI,USA,62,89828,2026-09-13T12:03:18.628298674Z,"['Alternate Protocol', 'Amazon WAF Blocked', 'Apture Linking Platform', 'Content Delivery Network', 'Express', 'Fastly', 'Fastly CDN', 'GZIP Module', 'Google Related Website Sites', 'Instagram Follow Button', 'Microdata for Google Shopping', 'NFOrce Internet', 'PWA', 'QUIC', 'SMC', 'Seflow Italy', 'Sentry', 'SiteW', 'Thank You', 'UTF-8', 'Vector Internet Services', 'Wix', 'Wix Media', 'eLand', 'mlcom']"
unitedbyearth.org,United By Earth,,,62,124547,2026-09-13T12:03:18.626996562Z,"['AWS WAF Challenge', 'Alternate Protocol', 'Amazon', 'Amazon WAF Blocked', 'Apture Linking Platform', 'Coming Soon Page', 'Content Delivery Network', 'DAV', 'Express', 'Fastly', 'Fastly CDN', 'GZIP Module', 'Microdata for Google Shopping', 'NFOrce Internet', 'On The Map', 'PWA', 'QUIC', 'SMC', 'Seflow Italy', 'Sentry', 'SiteW', 'UTF-8', 'Vector Internet Services', 'Wix', 'Wix Media', 'mlcom']"
schelastic.com,"Schelastic Academy: Top Private School in Arlington, TX",Schelastic Academy,USA,92,22992,2026-09-13T12:03:18.626566715Z,"['AWS WAF Challenge', 'Alternate Protocol', 'Astra Theme', 'Automattic', 'BatCache', 'Calendly', 'Coming Soon Page', 'Elementor', 'EmbedPress', 'Fastly', 'Font Awesome', 'Google', 'Google Analytics', 'Google Cloud DNS', 'Google Font API', 'Google Tag Manager', 'Instagram Follow Button', 'Jetpack', 'Jetpack Site Accelerator', 'Microdata for Google Shopping', 'NFOrce Internet', 'Nginx', 'PHP', 'Popup Maker for Wordpress', 'Presto Player', 'Theme In WP', 'UTF-8', 'Woo Themes', 'WordPress', 'WordPress Multisite', 'WordPress Related Posts', 'WordPress Stats', 'YouTube', 'jQuery']"
principleconstruction.uk,"Principle Construction Ltd – Principle Construction Ltd offer all aspects of construction work, from groundworks to final finishing works, specialising in resilient bar ceilings, fire barrier works, GRP and roof works.",,,67,5866,2026-09-13T12:03:18.624838622Z,"['Alternate Protocol', 'Animate It', 'Automattic', 'BatCache', 'Content Delivery Network', 'DAV', 'EmbedPress', 'Fastly', 'Google Cloud DNS', 'Google Font API', 'Gutenberg', 'Jetpack', 'Jetpack Site Accelerator', 'Nginx', 'No-Q', 'Oracle Cloud', 'Perl', 'QUIC', 'SVG Support', 'Smart Slider 3', 'Twenty Twenty-Four', 'UTF-8', 'WordPress', 'WordPress Multisite', 'WordPress Stats', 'eLand', 'jQuery']"
mcdecode.com,mcdecode | nonverbal communication,MC Decode,GBR,87,104751,2026-09-13T12:03:18.623602399Z,"['Alternate Protocol', 'Amazon WAF Blocked', 'Apture Linking Platform', 'Content Delivery Network', 'DAV', 'Express', 'Fastly', 'Fastly CDN', 'Fireblade', 'GZIP Module', 'Microdata for Google Shopping', 'NFOrce Internet', 'No-Q', 'PWA', 'Perl', 'QUIC', 'SMC', 'Seflow Italy', 'Sentry', 'SiteW', 'Thank You', 'UTF-8', 'Vector Internet Services', 'WP Booking Calendar', 'Wix', 'Wix Media', 'eLand', 'mlcom']"
weighlesscookies.com,Healthy Snack | Www.weighlesscookies.com | Roselle Park,www.weighlesscookies.com,USA,87,134828,2026-09-13T12:03:18.622048579Z,"['Alternate Protocol', 'Amazon WAF Blocked', 'Apture Linking Platform', 'Content Delivery Network', 'Express', 'Fastly', 'Fastly CDN', 'GZIP Module', 'Google Related Website Sites', 'K2F', 'KVH', 'Microdata for Google Shopping', 'NFOrce Internet', 'PWA', 'Perl', 'QUIC', 'SMC', 'Seflow Italy', 'Sentry', 'SiteW', 'Subversion', 'Thank You', 'UTF-8', 'Vector Internet Services', 'Wix', 'Wix Media', 'eLand', 'mlcom']"
restassuredllc.com,Home,,ITA,57,26296,2026-09-13T12:03:18.622469553Z,"['Alternate Protocol', 'Amazon WAF Blocked', 'Apture Linking Platform', 'Content Delivery Network', 'Fastly', 'Fastly CDN', 'GZIP Module', 'NFOrce Internet', 'PWA', 'QUIC', 'SMC', 'Sentry', 'SiteW', 'UTF-8', 'Vector Internet Services', 'Wix', 'Wix Media', 'mlcom']"
mehome.biz,Home | Mehome,,,55,26896,2026-09-13T12:03:18.61927475Z,"['Alternate Protocol', 'Amazon WAF Blocked', 'Apture Linking Platform', 'Calendly', 'Content Delivery Network', 'Express', 'Fastly', 'Fastly CDN', 'GZIP Module', 'Instagram Follow Button', 'Microdata for Google Shopping', 'NFOrce Internet', 'PWA', 'QUIC', 'SMC', 'Seflow Italy', 'Sentry', 'SiteW', 'Thank You', 'UTF-8', 'Vector Internet Services', 'Wix', 'Wix Media', 'eLand', 'mlcom']"
malayamovementmethod.com,Malaya Method | Mina Calupitan | Personal Training Kitsilano,Malaya Movement Method,CAN,77,105141,2026-09-13T12:03:18.619097323Z,"['AWS WAF Challenge', 'Alternate Protocol', 'Amazon WAF Blocked', 'Apture Linking Platform', 'Content Delivery Network', 'DAV', 'Express', 'Fastly', 'Fastly CDN', 'GZIP Module', 'Google Related Website Sites', 'Instagram Follow Button', 'Microdata for Google Shopping', 'NFOrce Internet', 'PWA', 'Perl', 'QUIC', 'SMC', 'Seflow Italy', 'Sentry', 'SiteW', 'Tailwind CSS', 'Thank You', 'UTF-8', 'Vector Internet Services', 'WP Booking Calendar', 'Wix', 'Wix Media', 'mlcom']"
joneckert.com,Jon Eckert | Product Designer & Illustrator,,GBR,82,2640,2026-09-13T12:03:18.618025478Z,"['Content Delivery Network', 'Fastly', 'GZIP Module', 'GitHub Hosting', 'Google Analytics', 'Google Cloud DNS', 'Google Font API', 'Google Tag Manager', 'Instagram Follow Button', 'MyFonts', 'Tailwind CSS', 'Twitter Ads', 'UTF-8']"
fitnessxpress.net,"Personal Trainer | Fitness Xpress, LLC",Fitness Xpress,,82,156209,2026-09-13T12:03:18.618181753Z,"['AWS WAF Challenge', 'Alternate Protocol', 'Amazon WAF Blocked', 'Apture Linking Platform', 'Content Delivery Network', 'DAV', 'DC74', 'Express', 'Fastly', 'Fastly CDN', 'GZIP Module', 'Google Related Website Sites', 'Instagram Follow Button', 'K2F', 'KVH', 'Kudobuzz', 'Microdata for Google Shopping', 'NFOrce Internet', 'PWA', 'Perl', 'QUIC', 'SMC', 'Seflow Italy', 'Sentry', 'SiteW', 'Subversion', 'Thank You', 'UTF-8', 'Vector Internet Services', 'WP Booking Calendar', 'Wix', 'Wix Media', 'eLand', 'mlcom']"
nordec.com.au,"Nordec, Sydney, plantboxes, ABS edgeband, bio fireplaces",,AUS,87,90644,2026-09-13T12:03:18.617686467Z,"['Amazon WAF Blocked', 'Apture Linking Platform', 'Content Delivery Network', 'DAV', 'Ecwid Ecommerce Shopping Cart', 'Express', 'Facebook Embedded Posts', 'Fastly', 'Fastly CDN', 'GZIP Module', 'Google Related Website Sites', 'Microdata for Google Shopping', 'NFOrce Internet', 'PWA', 'Perl', 'QUIC', 'SMC', 'Seflow Italy', 'Sentry', 'SiteW', 'UTF-8', 'Vector Internet Services', 'WP Booking Calendar', 'Wix', 'Wix Media', 'eLand', 'mlcom']"
thestartuphussle.com,Production and Marketing Agency | The Startup Hussle,The Startup Hussle,,77,90533,2026-09-13T12:03:18.617768972Z,"['3 Products', 'Alternate Protocol', 'Amazon WAF Blocked', 'Apture Linking Platform', 'Calendly', 'Content Delivery Network', 'DAV', 'Express', 'Fastly', 'Fastly CDN', 'GZIP Module', 'Google Related Website Sites', 'Microdata for Google Shopping', 'NFOrce Internet', 'PWA', 'Perl', 'QUIC', 'SMC', 'Seflow Italy', 'Sentry', 'SiteW', 'Thank You', 'UTF-8', 'Vector Internet Services', 'WP Booking Calendar', 'Wix', 'Wix Media', 'eLand', 'mlcom']"
waizer.com,Oberoende rådgivning för pension och annat sparande | Waizer,Waizer,,72,4530,2026-09-13T12:03:18.616457365Z,"['Alternate Protocol', 'BatCache', 'Content Delivery Network', 'EWWW Image Optimizer', 'Elementor', 'EmbedPress', 'Fastly', 'Google Analytics', 'Google Tag Manager', 'Hello Elementor', 'Jetpack', 'Microdata for Google Shopping', 'NFOrce Internet', 'Nginx', 'PHP', 'Theme In WP', 'UTF-8', 'WordPress', 'WordPress Multisite', 'WordPress Stats', 'jQuery']"
caravanhiresomerset.com,Caravan Hire | Caravan Hire Somerset | England,,,57,27051,2026-09-13T12:03:18.616530496Z,"['Alternate Protocol', 'Amazon WAF Blocked', 'Apture Linking Platform', 'Content Delivery Network', 'DAV', 'Express', 'Fastly', 'Fastly CDN', 'GZIP Module', 'Google Related Website Sites', 'Instagram Follow Button', 'NFOrce Internet', 'POWr', 'PWA', 'Perl', 'QUIC', 'SMC', 'Seflow Italy', 'Sentry', 'SiteW', 'UTF-8', 'Vector Internet Services', 'WP Booking Calendar', 'Wix', 'Wix Media', 'mlcom']"
stgallenmun.com,Home | Sgmun,,CHE,67,104828,2026-09-13T12:03:18.616889035Z,"['AWS WAF Challenge', 'Alternate Protocol', 'Amazon WAF Blocked', 'Apture Linking Platform', 'Content Delivery Network', 'Express', 'Fastly', 'Fastly CDN', 'GZIP Module', 'Google Related Website Sites', 'Instagram Follow Button', 'Microdata for Google Shopping', 'NFOrce Internet', 'PWA', 'QUIC', 'SMC', 'Seflow Italy', 'Sentry', 'SiteW', 'Sitelinks Search Box', 'UTF-8', 'Vector Internet Services', 'Wix', 'Wix Media', 'mlcom']"
voterfriendlycampus.org,Voter Friendly Campus Program - Empowering Civic Engagement,Voter Friendly Campus,,72,16148,2026-09-13T12:03:18.587339571Z,"['Alternate Protocol', 'CDN JS', 'Cloudflare', 'Cloudflare CDN', 'Content Delivery Network', 'Elementor', 'EmbedPress', 'Express', 'Fastly', 'GZIP Module', 'Google Analytics', 'Google My Business', 'Google Tag Manager', 'Hello Elementor', 'Instagram Follow Button', 'Line2', 'LiteSpeed', 'Microdata for Google Shopping', 'NFOrce Internet', 'Neon One', 'Pico CSS', 'QUIC', 'QUIC.cloud', 'RM Education', 'UTF-8', 'University or College', 'WordPress', 'WordPress Multisite', 'reCAPTCHA']"
hellomelodee.com,Melodee Bemis,,,45,1320,2026-09-13T12:03:18.579682276Z,"['Adobe Creative Cloud WebFonts', 'Content Delivery Network', 'Fastly', 'Fastly CDN', 'GZIP Module', 'UTF-8']"
mineetpixel.ca,Mine & Pixel,,,52,1320,2026-09-13T12:03:18.57798575Z,"['Adobe Creative Cloud WebFonts', 'Content Delivery Network', 'Etsy', 'Fastly', 'Fastly CDN', 'GZIP Module', 'Instagram Follow Button', 'UTF-8']"
krystiansitarek.pl,Krystian Sitarek,,,50,663,2026-09-13T12:03:18.577117062Z,"['Content Delivery Network', 'Fastly', 'GZIP Module', 'GitHub Hosting', 'Google', 'Google Cloud DNS', 'Google Font API', 'Tailwind CSS', 'UTF-8']"
shotsbysalt.com,ShotsBySalt - Photography,,USA,60,1320,2026-09-13T12:03:18.570197938Z,"['Adobe Creative Cloud WebFonts', 'Content Delivery Network', 'DAV', 'Fastly', 'Fastly CDN', 'GZIP Module', 'Instagram Follow Button', 'UTF-8']"
rampropertymgt.com,"Ram Property Management - Residential Property Management in Hollister, CA and Surrounding Areas",,USA,82,12148,2026-09-13T12:03:18.56194088Z,"['Alternate Protocol', 'AppFolio', 'Content Delivery Network', 'Elementor', 'EmbedPress', 'Fastly', 'GZIP Module', 'Google Analytics', 'Google My Business', 'Google Tag Manager', 'Hello Elementor', 'NFOrce Internet', 'Table Addons for Elementor', 'UTF-8', 'WordPress', 'WordPress Multisite', 'jQuery']"
kubazagajewski.pl,Jakub Zagajewski,,,42,1320,2026-09-13T12:03:18.554710788Z,"['Adobe Creative Cloud WebFonts', 'Content Delivery Network', 'Fastly', 'Fastly CDN', 'GZIP Module', 'Instagram Follow Button', 'UTF-8']"
burgundybk.com,Bookkeeper | Burgundy Bookkeeping | Los Angeles,Burgundy Bookkeeping,,57,26985,2026-09-13T12:03:18.552496322Z,"['Amazon WAF Blocked', 'Apture Linking Platform', 'Content Delivery Network', 'DAV', 'Express', 'Fastly', 'Fastly CDN', 'GZIP Module', 'Google Related Website Sites', 'Microdata for Google Shopping', 'NFOrce Internet', 'PWA', 'Perl', 'QUIC', 'SMC', 'Seflow Italy', 'Sentry', 'SiteW', 'UTF-8', 'Vector Internet Services', 'WP Booking Calendar', 'Wix', 'Wix Media', 'mlcom']"
steinandsons.com,"Stein & Sons, cremation and burial service | cremation | 609 High Street, Auburn, CA, USA",Stein &amp; Sons Cremation and Burial Service,,77,145328,2026-09-13T12:03:18.552354949Z,"['Alternate Protocol', 'Amazon WAF Blocked', 'Apture Linking Platform', 'Content Delivery Network', 'Express', 'Fastly', 'Fastly CDN', 'GZIP Module', 'Google Related Website Sites', 'K2F', 'Microdata for Google Shopping', 'NFOrce Internet', 'On The Map', 'PWA', 'Perl', 'Phew', 'QUIC', 'SMC', 'Seflow Italy', 'Sentry', 'SiteW', 'Subversion', 'Thank You', 'UTF-8', 'Vector Internet Services', 'Wix', 'Wix Media', 'Yelp Badge', 'mlcom']"
myartsykids.blog,Artsy Kids | Exploring creativity through art,,USA,67,3047,2026-09-13T12:03:18.551549625Z,"['Alternate Protocol', 'Automattic', 'BatCache', 'Content Delivery Network', 'DAV', 'EmbedPress', 'Fastly', 'Google Maps', 'Google My Business', 'Instagram Follow Button', 'Jetpack', 'Jetpack Site Accelerator', 'Microdata for Google Shopping', 'Nginx', 'Schema Plugin', 'Tailwind CSS', 'UTF-8', 'WordPress', 'WordPress Multisite', 'WordPress Stats']"
hawksley.org,Joel Hawksley,,USA,87,7400,2026-09-13T12:03:18.550402949Z,"['Alternate Protocol', 'Cisco/Arrowpoint Content Service Switch', 'Content Delivery Network', 'DAV', 'Fastly', 'GZIP Module', 'GitHub Hosting', 'Instagram Follow Button', 'Microdata for Google Shopping', 'UTF-8', 'YouTube']"
medicalsupplysouth.com,Home | Medical Supply South,Medical Supply South LLC,USA,75,134421,2026-09-13T12:03:18.549624115Z,"['Alternate Protocol', 'Amazon WAF Blocked', 'Apture Linking Platform', 'Content Delivery Network', 'DAV', 'Express', 'Fastly', 'Fastly CDN', 'GZIP Module', 'K2F', 'KVH', 'Microdata for Google Shopping', 'NFOrce Internet', 'PWA', 'Perl', 'QUIC', 'SMC', 'Seflow Italy', 'Sentry', 'SiteW', 'Subversion', 'Thank You', 'UTF-8', 'Vector Internet Services', 'WP Booking Calendar', 'Wix', 'Wix Media', 'eLand', 'mlcom']"
showtime-events.co.uk,"Showtime Events | Event Planner in Sussex | Sussex, UK",Showtime Events,,70,89421,2026-09-13T12:03:18.549485246Z,"['Amazon WAF Blocked', 'Apture Linking Platform', 'Content Delivery Network', 'DAV', 'Express', 'Fastly', 'Fastly CDN', 'GZIP Module', 'Instagram Follow Button', 'Microdata for Google Shopping', 'NFOrce Internet', 'PWA', 'Perl', 'QUIC', 'SMC', 'Seflow Italy', 'Sentry', 'SiteW', 'Thank You', 'UTF-8', 'Vector Internet Services', 'WP Booking Calendar', 'Wix', 'Wix Media', 'mlcom']"
davilexgroup.com,DIY | Arts & Crafts | Laminating Pouches | Davilex Group Ltd,,GBR,67,89990,2026-09-13T12:03:18.548151787Z,"['Alternate Protocol', 'Amazon WAF Blocked', 'Apture Linking Platform', 'Content Delivery Network', 'DAV', 'Express', 'Fastly', 'Fastly CDN', 'GZIP Module', 'Google Related Website Sites', 'NFOrce Internet', 'POWr', 'PWA', 'QUIC', 'SMC', 'Seflow Italy', 'Sentry', 'SiteW', 'UTF-8', 'Vector Internet Services', 'Wix', 'Wix Media', 'mlcom']"
alcinfo.org,Home | My Site,,,65,89583,2026-09-13T12:03:18.545558972Z,"['Alternate Protocol', 'Amazon WAF Blocked', 'Apture Linking Platform', 'Content Delivery Network', 'DAV', 'Express', 'Fastly', 'Fastly CDN', 'GZIP Module', 'Instagram Follow Button', 'Microdata for Google Shopping', 'NFOrce Internet', 'POWr', 'PWA', 'Perl', 'QUIC', 'SMC', 'Seflow Italy', 'Sentry', 'SiteW', 'Thank You', 'UTF-8', 'Vector Internet Services', 'WP Booking Calendar', 'Wix', 'Wix Media', 'WordPress Related Posts', 'eLand', 'mlcom']"
valcapglobal.com,Home | Valcap Negotiation,,USA,80,111108,2026-09-13T12:03:18.544689722Z,"['AWS WAF Challenge', 'Alternate Protocol', 'Amazon WAF Blocked', 'Apture Linking Platform', 'Content Delivery Network', 'DAV', 'Express', 'Fastly', 'Fastly CDN', 'GZIP Module', 'Microdata for Google Shopping', 'NFOrce Internet', 'PWA', 'Prospective', 'QUIC', 'SMC', 'Seflow Italy', 'Sentry', 'SiteW', 'UTF-8', 'University or College', 'Vector Internet Services', 'Wix', 'Wix Media', 'eLand', 'mlcom']"
colemancleaning.com.au,See Us In Action | My Vxw Site Ebtc8q,,AUS,55,28096,2026-09-13T12:03:18.544586226Z,"['Alternate Protocol', 'Amazon WAF Blocked', 'Apture Linking Platform', 'Content Delivery Network', 'DC74', 'Express', 'Fastly', 'Fastly CDN', 'GZIP Module', 'Google Related Website Sites', 'NFOrce Internet', 'PWA', 'QUIC', 'SMC', 'Seflow Italy', 'Sentry', 'SiteW', 'UTF-8', 'Vector Internet Services', 'Wix', 'Wix Media', 'mlcom']"
sciotovalleycoffee.com,Scioto Valley Coffee,,,62,3626,2026-09-13T12:03:18.542434545Z,"['Alternate Protocol', 'Automattic', 'BatCache', 'CoBlocks', 'Content Delivery Network', 'EmbedPress', 'Fastly', 'GoDaddy', 'Google My Business', 'Gutenberg', 'InitiativeS', 'Instagram Follow Button', 'Jetpack', 'Jetpack Site Accelerator', 'Nginx', 'Perl', 'UTF-8', 'Varia', 'Woo Themes', 'WordPress', 'WordPress Multisite', 'WordPress Stats', 'jQuery']"
sportfishingx.com,SportfishingX | Best Fishing Locations Worldwide,,,67,104204,2026-09-13T12:03:18.535821422Z,"['Alternate Protocol', 'Amazon WAF Blocked', 'Apture Linking Platform', 'Content Delivery Network', 'Express', 'Fastly', 'Fastly CDN', 'Fireblade', 'FormSubmit', 'GZIP Module', 'Instagram Follow Button', 'Microdata for Google Shopping', 'NFOrce Internet', 'PWA', 'Pico CSS', 'QUIC', 'SMC', 'Seflow Italy', 'Sentry', 'SiteW', 'Sitelinks Search Box', 'Thank You', 'UTF-8', 'Vector Internet Services', 'Wix', 'Wix Media', 'YouTube', 'eLand', 'mlcom']"
prinfoods.com,"Prinfoods | Almuerzo en mayaguez | Kiosko # 41, Plaza del Mercado, 75 Calle Pablo Casals, Mayagüez, Puerto Rico",,,67,135141,2026-09-13T12:03:18.535172235Z,"['Alternate Protocol', 'Amazon WAF Blocked', 'Apture Linking Platform', 'Content Delivery Network', 'DAV', 'Express', 'Fastly', 'Fastly CDN', 'GZIP Module', 'Google Related Website Sites', 'K2F', 'KVH', 'Microdata for Google Shopping', 'NFOrce Internet', 'PWA', 'Perl', 'QUIC', 'SMC', 'Seflow Italy', 'Sentry', 'SiteW', 'Subversion', 'Thank You', 'UTF-8', 'Vector Internet Services', 'WP Booking Calendar', 'Wix', 'Wix Media', 'mlcom']"
shavonnekenyon.com,Home | Shavonne Kenyon,,,50,26956,2026-09-13T12:03:18.534459621Z,"['Alternate Protocol', 'Amazon', 'Amazon WAF Blocked', 'Apture Linking Platform', 'Coming Soon Page', 'Content Delivery Network', 'Express', 'Fastly', 'Fastly CDN', 'GZIP Module', 'Instagram Follow Button', 'Microdata for Google Shopping', 'NFOrce Internet', 'PWA', 'QUIC', 'SMC', 'Seflow Italy', 'Sentry', 'SiteW', 'Thank You', 'UTF-8', 'Vector Internet Services', 'Wix', 'Wix Media', 'eLand', 'mlcom']"
strabanecemetery.com,"Strabane, Brock Road and Carmel Cemeteries | Flamborough, Ontario",,FRA,72,92228,2026-09-13T12:03:18.53414066Z,"['Amazon', 'Amazon WAF Blocked', 'Apture Linking Platform', 'Content Delivery Network', 'Express', 'Fastly', 'Fastly CDN', 'GZIP Module', 'Google Related Website Sites', 'Microdata for Google Shopping', 'NFOrce Internet', 'PWA', 'QUIC', 'SMC', 'Seflow Italy', 'Sentry', 'SiteW', 'UTF-8', 'Vector Internet Services', 'Wix', 'Wix Media', 'WordPress', 'mlcom']"
ribbonfactory.co.uk,Corporate Logo Ribbon Printing | Ribbonfactory.co.uk | England,Ribbon Factory,JAM,77,120644,2026-09-13T12:03:18.533417361Z,"['Alternate Protocol', 'Amazon WAF Blocked', 'Apture Linking Platform', 'Content Delivery Network', 'DAV', 'DC74', 'Ecwid Ecommerce Shopping Cart', 'Express', 'Fastly', 'Fastly CDN', 'GZIP Module', 'Google Related Website Sites', 'Instagram Follow Button', 'K2F', 'Microdata for Google Shopping', 'NFOrce Internet', 'PWA', 'Perl', 'QUIC', 'SMC', 'Seflow Italy', 'Sentry', 'SiteW', 'Sitelinks Search Box', 'Subversion', 'UTF-8', 'Vector Internet Services', 'WP Booking Calendar', 'Wix', 'Wix Media', 'eLand', 'mlcom']"
marionebrooks.com,Executive Career and Personal Development | Coaching | Author | Leader -,,,72,19609,2026-09-13T12:03:18.533195827Z,"['AWS WAF Challenge', 'Alternate Protocol', 'Contact Form Plugin', 'Content Delivery Network', 'EmbedPress', 'Essential Grid', 'Fastly', 'Fontello', 'GZIP Module', 'Google Cloud DNS', 'Google Font API', 'Google My Business', 'IcoMoon', 'Instagram Follow Button', 'MailChimp for WordPress', 'Max Mega Menu', 'Microdata for Google Shopping', 'Ninja Forms', 'PHP', 'QUIC', 'Slider Revolution', 'Theme In WP', 'Twitter Ads', 'UTF-8', 'WPBakery', 'Woo Themes', 'WooCommerce Checkout', 'WordPress', 'WordPress Multisite', 'YouTube', 'eLand', 'jQuery', 'reCAPTCHA']"
jaclynwoodruff.com,Math Tutoring & Learning Courses | Tutoring with Ms. Woodruff,,USA,82,90180,2026-09-13T12:03:18.532011443Z,"['Alternate Protocol', 'Amazon WAF Blocked', 'Apture Linking Platform', 'Cloudflare', 'Coming Soon Page', 'Content Delivery Network', 'DAV', 'Express', 'Fastly', 'Fastly CDN', 'GZIP Module', 'Google Related Website Sites', 'NFOrce Internet', 'PWA', 'Perl', 'QUIC', 'SMC', 'Seflow Italy', 'Sentry', 'SiteW', 'Thank You', 'UTF-8', 'Vector Internet Services', 'WP Booking Calendar', 'Wix', 'Wix Media', 'eLand', 'mlcom']"
debellisranch.com,Home | DeBellis Ranch,,IDN,65,89770,2026-09-13T12:03:18.529147799Z,"['Amazon WAF Blocked', 'Apture Linking Platform', 'Content Delivery Network', 'Express', 'Fastly', 'Fastly CDN', 'GZIP Module', 'GitHub Hosting', 'Heroku', 'Instagram Follow Button', 'Microdata for Google Shopping', 'NFOrce Internet', 'POWr', 'PWA', 'QUIC', 'SMC', 'Seflow Italy', 'Sentry', 'Share Link', 'SiteW', 'UTF-8', 'Vector Internet Services', 'Wix', 'Wix Media', 'mlcom']"
onedegreefromkaraoke.com,Home | Onedegreefromkaraoke,,,40,43856,2026-09-13T12:03:18.529826412Z,"['Amazon WAF Blocked', 'Apture Linking Platform', 'Content Delivery Network', 'Contento', 'Fastly', 'Fastly CDN', 'Fireblade', 'FormSubmit', 'GZIP Module', 'Microdata for Google Shopping', 'NFOrce Internet', 'PWA', 'Pico CSS', 'QUIC', 'SMC', 'Sentry', 'SiteW', 'Tailwind CSS', 'UTF-8', 'Vector Internet Services', 'Wix', 'Wix Media', 'eLand', 'mlcom']"
threerivershideaway.com,ABOUT | Threerivershideaway2,Three Rivers Hideaway,,65,114108,2026-09-13T12:03:18.527196319Z,"['Amazon WAF Blocked', 'Apture Linking Platform', 'Content Delivery Network', 'Express', 'Fastly', 'Fastly CDN', 'GZIP Module', 'K2F', 'Microdata for Google Shopping', 'NFOrce Internet', 'PWA', 'Perl', 'QUIC', 'SMC', 'Seflow Italy', 'Sentry', 'SiteW', 'Subversion', 'UTF-8', 'Vector Internet Services', 'Way', 'Wix', 'Wix Media', 'mlcom']"
worsleyinstitute.uk,Worsley Institute - UK training school,,GBR,67,3348,2026-09-13T12:03:18.525192511Z,"['Content Delivery Network', 'Fastly', 'GZIP Module', 'GitHub Hosting', 'Shopify', 'Shopify Collabs', 'Tailwind CSS', 'UTF-8']"
districtwoodcraft.com,Home | District Woodcraft,District Woodcraft,USA,82,134108,2026-09-13T11:49:23.052179598Z,"['Alternate Protocol', 'Amazon WAF Blocked', 'Apture Linking Platform', 'Better Lead Generation Services', 'Content Delivery Network', 'Express', 'Fastly', 'Fastly CDN', 'GZIP Module', 'Instagram Follow Button', 'K2F', 'KVH', 'Microdata for Google Shopping', 'NFOrce Internet', 'PWA', 'QUIC', 'SMC', 'Seflow Italy', 'Sentry', 'SiteW', 'Subversion', 'Thank You', 'UTF-8', 'Vector Internet Services', 'Wix', 'Wix Media', 'eLand', 'mlcom']"
rockyard.co.nz,Rock Yard Vietnamese Restaurant Wellington – Taste of Vietnam,,NZL,87,134828,2026-09-13T11:49:23.052365939Z,"['Alternate Protocol', 'Amazon WAF Blocked', 'Apture Linking Platform', 'Content Delivery Network', 'Express', 'Fastly', 'Fastly CDN', 'GZIP Module', 'Google Related Website Sites', 'Instagram Follow Button', 'K2F', 'KVH', 'Microdata for Google Shopping', 'NFOrce Internet', 'PWA', 'QUIC', 'SMC', 'Seflow Italy', 'Sentry', 'SiteW', 'Subversion', 'Thank You', 'UTF-8', 'Vector Internet Services', 'Wix', 'Wix Media', 'eLand', 'mlcom']"
watermelon.us,Watermelon – Reliability made achievable,,USA,70,20179,2026-09-13T11:49:23.04909968Z,"['AWS WAF Challenge', 'CDN JS', 'Cloudflare', 'Cloudflare CDN', 'Content Delivery Network', 'ElementUI', 'Fastly', 'Font Awesome', 'Google', 'Google Cloud DNS', 'Google Font API', 'QUIC', 'Tailwind CSS', 'UTF-8', 'Vimeo', 'jQuery', 'jsDelivr', 'shadcn ui']"
assessment4learning.org,Home | Assessment 4 Learning,,,50,26296,2026-09-13T11:49:23.049811213Z,"['Alternate Protocol', 'Amazon WAF Blocked', 'Apture Linking Platform', 'Content Delivery Network', 'Fastly', 'Fastly CDN', 'GZIP Module', 'Microdata for Google Shopping', 'NFOrce Internet', 'PWA', 'QUIC', 'SMC', 'Sentry', 'SiteW', 'Sitelinks Search Box', 'Twitter Ads', 'UTF-8', 'Vector Internet Services', 'Wix', 'Wix Media', 'mlcom']"
1staps.com,1st American • 1st American Pension Services,1st American Pension Services,,72,44948,2026-09-13T11:49:23.048623114Z,"['AWS WAF Challenge', 'Alternate Protocol', 'Cloudflare', 'Cloudflare CDN', 'Column Shortcodes', 'Content Delivery Network', 'Contento', 'EmbedPress', 'Fastly', 'GZIP Module', 'Google', 'Google Analytics', 'Google Cloud DNS', 'Google Font API', 'Google My Business', 'Google Tag Manager', 'Kriesi.at', 'Microdata for Google Shopping', 'QUIC', 'UTF-8', 'WordPress']"
aevelaranch.com,Home | A&E Vela Ranch LLC,,USA,70,89421,2026-09-13T11:49:23.048918978Z,"['Amazon WAF Blocked', 'Apture Linking Platform', 'Content Delivery Network', 'DAV', 'Express', 'Fastly', 'Fastly CDN', 'GZIP Module', 'Instagram Follow Button', 'Microdata for Google Shopping', 'NFOrce Internet', 'PWA', 'Perl', 'QUIC', 'SMC', 'Seflow Italy', 'Sentry', 'SiteW', 'Thank You', 'UTF-8', 'Vector Internet Services', 'WP Booking Calendar', 'Wix', 'Wix Media', 'mlcom']"
kimhaaswriter.com,Home | Kim Haas Writer,,,55,34962,2026-09-13T11:49:23.047709758Z,"['Alternate Protocol', 'Amazon WAF Blocked', 'Apture Linking Platform', 'Coming Soon Page', 'Content Delivery Network', 'Express', 'Fancy', 'Fastly', 'Fastly CDN', 'GZIP Module', 'HMDG', 'Instagram Follow Button', 'Microdata for Google Shopping', 'NFOrce Internet', 'POWr', 'PWA', 'QUIC', 'SMC', 'Seflow Italy', 'Sentry', 'SiteW', 'Sitelinks Search Box', 'UTF-8', 'Vector Internet Services', 'Wix', 'Wix Media', 'WordPress Related Posts', 'mlcom']"
kathrynwhelanphotography.com,Kathryn Whelan Photography -,,USA,50,600,2026-09-13T11:49:23.047364228Z,"['Alternate Protocol', 'Content Delivery Network', 'Fastly', 'GZIP Module', 'GitHub Hosting', 'Hugo', 'Instagram Follow Button', 'UTF-8']"
cjstephenscreative.com,CJ Stephens | Audiobook Narration & Voiceover Artist – Oregon,,,72,130237,2026-09-13T11:49:23.044330801Z,"['Amazon WAF Blocked', 'Amazon Widgets', 'Apture Linking Platform', 'Content Delivery Network', 'Contento', 'DAV', 'Express', 'Fastly', 'Fastly CDN', 'Fireblade', 'FormSubmit', 'GZIP Module', 'Google Analytics', 'Google Related Website Sites', 'Google Tag Manager', 'Microdata for Google Shopping', 'NFOrce Internet', 'PWA', 'Perl', 'Pico CSS', 'QUIC', 'SMC', 'Seflow Italy', 'Sentry', 'SiteW', 'UTF-8', 'Vector Internet Services', 'WP Booking Calendar', 'Wix', 'Wix Media', 'eLand', 'mlcom']"
ignitesweeping.co.uk,Ignite Sweeping & Servicing | Chimney sweeping chippenham,,,77,119828,2026-09-13T11:49:23.044161636Z,"['Amazon WAF Blocked', 'Apture Linking Platform', 'Content Delivery Network', 'DC74', 'Express', 'Fastly', 'Fastly CDN', 'GZIP Module', 'Google My Business', 'Google Related Website Sites', 'Instagram Follow Button', 'K2F', 'Microdata for Google Shopping', 'NFOrce Internet', 'PWA', 'Perl', 'QUIC', 'SMC', 'Seflow Italy', 'Sentry', 'SiteW', 'UTF-8', 'Vector Internet Services', 'Wix', 'Wix Media', 'eLand', 'mlcom']"
harmonyofreins.com,Home,,GBR,47,603,2026-09-13T11:49:23.043103462Z,"['Content Delivery Network', 'Fastly', 'GZIP Module', 'Google Cloud DNS', 'Google Font API', 'OpenResty', 'UTF-8', 'YouTube']"
marlenebarardo.com,Spacious Living Life Coaching with Marlene | life coach for women,,,77,195437,2026-09-13T11:49:23.042424741Z,"['AWS WAF Challenge', 'Alternate Protocol', 'Amazon WAF Blocked', 'Apture Linking Platform', 'Aruba', 'Content Delivery Network', 'Contento', 'DAV', 'DC74', 'Express', 'Fastly', 'Fastly CDN', 'Fireblade', 'FormSubmit', 'GZIP Module', 'Google Related Website Sites', 'Instagram Follow Button', 'K2F', 'KVH', 'Microdata for Google Shopping', 'NFOrce Internet', 'PWA', 'Perl', 'Pico CSS', 'QUIC', 'SMC', 'Seflow Italy', 'Sentry', 'SiteW', 'Sitelinks Search Box', 'Subversion', 'Thank You', 'UTF-8', 'Vector Internet Services', 'WP Booking Calendar', 'Wix', 'Wix Media', 'eLand', 'mlcom']"
cassie.nyc,Cassie Moy,,,45,858,2026-09-13T11:49:23.041630616Z,"['AJAX Libraries API', 'Alternate Protocol', 'CDN JS', 'Cloudflare', 'Cloudflare CDN', 'Content Delivery Network', 'Fastly', 'Font Awesome', 'GZIP Module', 'GitHub Hosting', 'Google Analytics', 'Google Cloud DNS', 'Google Font API', 'Google My Business', 'Google Tag Manager', 'Hugo', 'IcoMoon', 'Twitter Ads', 'UTF-8', 'jQuery']"
jakeelrharris.com,Home | Jakeel R. Harris,,,77,89828,2026-09-13T11:49:23.041935595Z,"['501c3 Status Nonprofit', 'Alternate Protocol', 'Amazon WAF Blocked', 'Amazon Widgets', 'Apture Linking Platform', 'Content Delivery Network', 'Express', 'Fastly', 'Fastly CDN', 'GZIP Module', 'Google Related Website Sites', 'Instagram Follow Button', 'Microdata for Google Shopping', 'NFOrce Internet', 'PWA', 'QUIC', 'SMC', 'Seflow Italy', 'Sentry', 'SiteW', 'Sitelinks Search Box', 'UTF-8', 'University or College', 'Vector Internet Services', 'Wix', 'Wix Media', 'YouTube', 'eLand', 'mlcom']"
academiacontroladoresbcn.es,Tus clases de controlador,,,40,600,2026-09-13T11:49:23.04001298Z,"['Content Delivery Network', 'Fastly', 'GZIP Module', 'GitHub Hosting', 'UTF-8']"
workcareerhub.com,WorkCareerHub | Global recruitment platform,,DEU,87,90141,2026-09-13T11:49:23.04086991Z,"['Alternate Protocol', 'Amazon WAF Blocked', 'Apture Linking Platform', 'Content Delivery Network', 'DAV', 'Express', 'Fastly', 'Fastly CDN', 'GZIP Module', 'Google Related Website Sites', 'Microdata for Google Shopping', 'NFOrce Internet', 'PWA', 'Perl', 'QUIC', 'SMC', 'Seflow Italy', 'Sentry', 'SiteW', 'Tailwind CSS', 'UTF-8', 'Vector Internet Services', 'WP Booking Calendar', 'Wix', 'Wix Media', 'eLand', 'mlcom']"
dowlisusa.com,Home - Dowlis Inspired Branding Inc.,,USA,72,51669,2026-09-13T11:49:23.039024281Z,"['501c3 Status Nonprofit', 'AJAX Libraries API', 'Amazon WAF Blocked', 'Apture Linking Platform', 'Azure Edge', 'CDN JS', 'Cloudflare', 'Cloudflare CDN', 'CookieConsent', 'DAV', 'DoubleClick Bid Manager', 'Fastly', 'Fireblade', 'Font Awesome', 'GZIP Module', 'Google Analytics', 'Google Cloud DNS', 'Google Tag Manager', 'IcoMoon', 'K2F', 'Line2', 'Microsoft Azure', 'No-Q', 'QUIC', 'Tailwind CSS', 'Thank You', 'Twitter Ads', 'UTF-8', 'Umbler', 'Visual Studio']"
baderartmetal.com,Bader Art Metal | Premium Metal & Glass Interior Doors and Enclosures,Bader Art Metal,USA,87,92828,2026-09-13T11:49:23.037511964Z,"['Alternate Protocol', 'Amazon WAF Blocked', 'Apture Linking Platform', 'Content Delivery Network', 'DC74', 'Fastly', 'Fastly CDN', 'GZIP Module', 'GitHub Hosting', 'Google Analytics', 'Google Related Website Sites', 'Google Tag Manager', 'Instagram Follow Button', 'Microdata for Google Shopping', 'NFOrce Internet', 'PWA', 'QUIC', 'SMC', 'Sentry', 'SiteW', 'Thank You', 'UTF-8', 'Vector Internet Services', 'Wix', 'Wix Media', 'eLand', 'mlcom']"
katto.com,Kathy Dufour,,,62,3613,2026-09-13T11:49:23.037319805Z,"['Adobe Creative Cloud WebFonts', 'Aruba', 'Express', 'Fastly', 'GZIP Module', 'Instagram Follow Button', 'Line2', 'Microdata for Google Shopping', 'Perl', 'QUIC', 'Squarespace', 'Tailwind CSS', 'UTF-8', 'WordPress SEO Structured Data Schema Plugin', 'eLand']"
arelectricaz.com,HOME | AR Electric,AR Electric,USA,67,94828,2026-09-13T11:49:23.03503169Z,"['Amazon WAF Blocked', 'Apture Linking Platform', 'Content Delivery Network', 'DC74', 'Express', 'Fastly', 'Fastly CDN', 'GZIP Module', 'Google Related Website Sites', 'Microdata for Google Shopping', 'NFOrce Internet', 'PWA', 'QUIC', 'SMC', 'Seflow Italy', 'Sentry', 'SiteW', 'UTF-8', 'Vector Internet Services', 'Wix', 'Wix Media', 'mlcom']"
dinadvokat.nu,Forside - Advokatfirmaet Philip D. D. Møller,,DNK,85,5648,2026-09-13T11:49:23.031516167Z,"['Alternate Protocol', 'Content Delivery Network', 'DAV', 'EmbedPress', 'Fastly', 'GZIP Module', 'Google', 'Google Cloud CDN', 'Google Cloud DNS', 'Google Font API', 'Google Related Website Sites', 'Instagram Follow Button', 'Microdata for Google Shopping', 'Nginx', 'PHP', 'Sitelinks Search Box', 'Theme In WP', 'UTF-8', 'WP Statistics', 'WordPress', 'WordPress Multisite']"
sabramichelle.info,Sabra Michelle | Performer,,,42,26296,2026-09-13T11:49:23.027874974Z,"['Alternate Protocol', 'Amazon WAF Blocked', 'Apture Linking Platform', 'Coming Soon Page', 'Content Delivery Network', 'Fastly', 'Fastly CDN', 'GZIP Module', 'Google Related Website Sites', 'NFOrce Internet', 'PWA', 'QUIC', 'SMC', 'Sentry', 'SiteW', 'UTF-8', 'Vector Internet Services', 'Wix', 'Wix Media', 'YouTube', 'mlcom']"
ixp-logistics.com,IXP LOGISTICS,,USA,70,132108,2026-09-13T11:49:23.025607982Z,"['Amazon WAF Blocked', 'Apture Linking Platform', 'Content Delivery Network', 'Fastly', 'Fastly CDN', 'GZIP Module', 'K2F', 'KVH', 'Microdata for Google Shopping', 'NFOrce Internet', 'PWA', 'QUIC', 'SMC', 'Sentry', 'SiteW', 'Subversion', 'UTF-8', 'Vector Internet Services', 'Wix', 'Wix Media', 'eLand', 'mlcom']"
