domain,title,business_name,country,seo_score,tech_spend,crawled_at,technologies
wilschektreeservice.com,Wilschek – Tree Service,,,60,945,2026-09-13T20:21:24.656583186Z,"['Alternate Protocol', 'Apache', 'Better Lead Generation Services', 'DAV', 'Elementor', 'ElementsKit Elementor', 'EmbedPress', 'GZIP Module', 'Google Analytics', 'Google Cloud DNS', 'Google Font API', 'Google Maps', 'Google My Business', 'Google Tag Manager', 'Instagram Follow Button', 'MonsterInsights', 'NFOrce Internet', 'Ntent', 'OceanWP', 'PHP', 'Pagekit', 'Premium Addons for Elementor', 'QUIC', 'Smush Image Optimization', 'Theme In WP', 'TrustIndex', 'UTF-8', 'WPForms', 'Woo Themes', 'WooCommerce Checkout', 'WordPress', 'WordPress Multisite', 'jQuery']"
aishwaryaresidency.in,Home - Aishwarya Residency,Aishwarya Residency,IND,77,11759,2026-09-13T20:03:51.263781728Z,"['Alternate Protocol', 'AutoComplete', 'Contact Form Plugin', 'Elementor', 'EmbedPress', 'Essential Addons for Elementor', 'Google', 'Google Cloud DNS', 'Google Font API', 'IcoMoon', 'Jetpack', 'LiteSpeed', 'Menu Icons by ThemeIsle', 'Microdata for Google Shopping', 'Negate', 'Newsletter for Wordpress', 'PHP', 'Pagekit', 'Perl', 'QUIC', 'Smush Image Optimization', 'Tailwind CSS', 'Theme In WP', 'UTF-8', 'W3 Total Cache', 'WPBakery', 'WordPress', 'WordPress Multisite', 'WordPress Stats', 'jQuery']"
veylorcraft.com,veylorcraft - veylorcraft,Veylorcraft,,65,135284,2026-09-13T20:03:51.233589643Z,"['AWS WAF Challenge', 'Alternate Protocol', 'Apture Linking Platform', 'Autoptimize', 'CCSI', 'Cloudflare', 'Cloudflare CDN', 'Complianz', 'Creative Mail by Constant Contact', 'Custom Facebook Feed', 'Custom Twitter Feeds', 'Elementor', 'EmbedPress', 'Federal Deposit Insurance Corporation', 'GZIP Module', 'Google', 'Google Analytics', 'Google My Business', 'Google Related Website Sites', 'Google Tag Manager', 'Hello Elementor', 'IPFS', 'Instagram Feed for WordPress', 'Instagram Follow Button', 'Jetpack', 'KVH', 'M247', 'Microdata for Google Shopping', 'MonsterInsights', 'Nginx', 'Pagekit', 'PixelYourSite', 'SMC', 'Smush Image Optimization', 'Subversion', 'UTF-8', 'Vector Internet Services', 'Vercel', 'Woo Themes', 'WordPress', 'WordPress Multisite', 'YouTube', 'jQuery']"
waytotransfer.com,Rhodes Airport Transfer | Private Transfers & Tours in Rhodes,Way To Transfer,GRC,82,1025,2026-09-13T20:03:51.219708105Z,"['Alternate Protocol', 'Better Lead Generation Services', 'Contact Form Plugin', 'EmbedPress', 'GZIP Module', 'Google Analytics', 'Google Cloud DNS', 'Google Font API', 'Google Maps', 'Google My Business', 'Google Tag Manager', 'Harbor', 'Instagram Follow Button', 'LiteSpeed', 'Microdata for Google Shopping', 'Nginx', 'PHP', 'Pagekit', 'Parallels Plesk Panel', 'QUIC', 'QUIC.cloud', 'Smush Image Optimization', 'Thank You', 'Theme In WP', 'UTF-8', 'WPBakery', 'Woo Themes', 'WooCommerce', 'WooCommerce Checkout', 'WooCommerce Payments', 'WordPress', 'WordPress Multisite', 'jQuery']"
just-in.lt,Titulinis - Just-in,,LTU,70,4770,2026-09-13T19:49:23.305053153Z,"['Alternate Protocol', 'Apache', 'ArvanCloud', 'Contact Form Plugin', 'Cybot', 'DAV', 'EmbedPress', 'Fancybox for WordPress', 'Foundation', 'GZIP Module', 'Google', 'Google Analytics', 'Google Cloud DNS', 'Google Font API', 'Google Maps', 'Google My Business', 'Google Tag Manager', 'Instagram Follow Button', 'Microdata for Google Shopping', 'PHP', 'Pagekit', 'Smush Image Optimization', 'Tailwind CSS', 'Theme In WP', 'UTF-8', 'WordPress', 'WordPress Multisite', 'jQuery', 'jsDelivr', 'reCAPTCHA', 'shadcn ui']"
mrhardge.com,Home - Mr. Hardge The Edu-Tainer Life Is What You Make It,,,60,441,2026-09-13T19:49:23.290586615Z,"['Alternate Protocol', 'Content Delivery Network', 'Divi', 'Elegant Themes', 'EmbedPress', 'GZIP Module', 'Google', 'Google Cloud CDN', 'Google Cloud DNS', 'Google Font API', 'Google Related Website Sites', 'Instagram Follow Button', 'Microdata for Google Shopping', 'PHP', 'Pagekit', 'Smush Image Optimization', 'Sucuri Cloudproxy', 'Theme In WP', 'Twitter Ads', 'UTF-8', 'WP Fastest Cache', 'Woo Themes', 'WordPress', 'WordPress Multisite', 'YouTube', 'eLand', 'jQuery']"
gcreator.online,GCreator by Gaurav Panchal – Web3 Product Designer,,,55,5285,2026-09-13T19:38:15.214701514Z,"['Alternate Protocol', 'Animate It', 'Content Delivery Network', 'EmbedPress', 'Klaviyo', 'Line2', 'LiteSpeed', 'Nectar Slide Plugin', 'PHP', 'Pagekit', 'Post Grid', 'QUIC', 'Salient', 'Smush Image Optimization', 'Theme In WP', 'UTF-8', 'WPBakery', 'Waveform Technology', 'WordPress', 'WordPress Multisite', 'jQuery']"
xn--tudeconceptionstudy-9yb.ca,Welcome to CONCEPTION,CONCEPTION,CAN,77,3764,2026-09-13T19:30:20.597541227Z,"['Alternate Protocol', 'Apture Linking Platform', 'Cloudflare', 'Content Delivery Network', 'EmbedPress', 'GoDaddy', 'Google', 'Google Analytics', 'Google Cloud DNS', 'Google Font API', 'IcoMoon', 'Instagram Follow Button', 'Microdata for Google Shopping', 'PHP', 'Pagekit', 'Sitelinks Search Box', 'Smush Image Optimization', 'Theme In WP', 'TranslatePress', 'Twitter Ads', 'UTF-8', 'Ultra', 'WordPress', 'WordPress Multisite', 'YouTube', 'bbPress', 'jQuery']"
prestigerepro.com,Santa Rosa Property Management | Prestige Real Estate & Property Management,Prestige Real Estate & Property Management,USA,82,59548,2026-09-13T19:19:21.46748443Z,"['AWS WAF Challenge', 'Alternate Protocol', 'Amazon WAF Blocked', 'Anti-spam for WordPress', 'Aruba', 'CleanTalk Spam Protect', 'Cloudflare', 'Content Delivery Network', 'CookieYes', 'Divi', 'Elegant Themes', 'EmbedPress', 'Fireblade', 'Font Awesome', 'Fourandhalf', 'Google Analytics', 'Google Related Website Sites', 'Google Tag Manager', 'Gravity', 'Gravity Forms', 'Microdata for Google Shopping', 'NFOrce Internet', 'One Designs', 'PHP', 'Pagekit', 'Prospective', 'QUIC', 'Smush Image Optimization', 'Tailwind CSS', 'Theme In WP', 'UTF-8', 'WP Engine', 'Woo Themes', 'WordPress', 'WordPress Multisite', 'eLand', 'jQuery']"
bigskydogcentre.com,Big Sky Dog Centre – Dog training and dog sports centre,,USA,65,42717,2026-09-13T19:19:21.448188933Z,"['AWS WAF Challenge', 'Alternate Protocol', 'Beaver Builder Lite', 'Cloudflare', 'Cloudflare CDN', 'Content Delivery Network', 'Contento', 'EmbedPress', 'Facebook Like', 'Google', 'Google My Business', 'LiteSpeed', 'PHP', 'Pagekit', 'Smush Image Optimization', 'Theme In WP', 'UTF-8', 'WordPress', 'WordPress Multisite', 'jQuery']"
seaglassrecoveryarizona.com,Inpatient and Outpatient Rehab Services for Addiction in Prescott,Royal Life Centers at Seaglass Recovery,GBR,82,21368,2026-09-13T18:50:18.890911761Z,"['AWS WAF Challenge', 'Add to Any', 'Alternate Protocol', 'Amazon WAF Blocked', 'Cloudflare', 'Content Delivery Network', 'Elementor', 'ElementsKit Elementor', 'EmbedPress', 'Essential Addons for Elementor', 'Express', 'Google', 'Google Analytics', 'Google Cloud DNS', 'Google Font API', 'Google Maps', 'Google My Business', 'Google Tag Manager', 'Gravity', 'Gravity Forms', 'Hello Elementor', 'Instagram Follow Button', 'Microdata for Google Shopping', 'NFOrce Internet', 'PHP', 'Pagekit', 'Premium Addons for Elementor', 'Smush Image Optimization', 'Table Addons for Elementor', 'Theme In WP', 'Twitter Ads', 'UTF-8', 'University or College', 'UserWay', 'WP Engine', 'WP Rocket', 'WordPress', 'WordPress Multisite', 'YouTube', 'jQuery']"
rjglobalwellness.uk,Home - R&J Global Wellness - R&J global wellness,,,72,36892,2026-09-13T18:29:14.840139082Z,"['3 Products', 'AWS WAF Challenge', 'Alternate Protocol', 'Automattic', 'BatCache', 'Calendly', 'Content Delivery Network', 'Cookie Accept', 'Cookie Notice', 'Divi', 'Elegant Themes', 'EmbedPress', 'Fastly', 'Fireblade', 'Google', 'Google Cloud CDN', 'Google Cloud DNS', 'Google Font API', 'Google Related Website Sites', 'Jetpack', 'Jetpack Site Accelerator', 'Microdata for Google Shopping', 'Nginx', 'PHP', 'Pagekit', 'Smush Image Optimization', 'Theme In WP', 'UTF-8', 'Woo Themes', 'WordPress', 'WordPress Multisite', 'WordPress Stats', 'eLand', 'jQuery']"
gtscoreboard.com,Gametime Scoreboard – Portable Scoreboard & Audio Player,,USA,60,499,2026-09-13T18:29:14.818536608Z,"['Alternate Protocol', 'Cloudflare', 'Content Delivery Network', 'EmbedPress', 'Facebook Conversion Tracking', 'Facebook Login', 'Facebook Messenger Platform', 'Facebook Pixel', 'Facebook Reseller', 'Facebook Tag API', 'Font Awesome', 'Google Adsense', 'Google Analytics', 'Google Funding Choices', 'Google Matched Content', 'Google My Business', 'Google Reseller', 'Google Tag Manager', 'Instagram Follow Button', 'King Composer', 'MailChimp', 'Ninja Forms', 'PHP', 'Pagekit', 'QUIC', 'Slider Revolution', 'Smush Image Optimization', 'Theme In WP', 'Theme My Login', 'Twitter Ads', 'UTF-8', 'Woo Themes', 'WooCommerce', 'WooCommerce Checkout', 'WooCommerce Pixel Manager by woopt', 'WordPress', 'WordPress Multisite', 'YouTube', 'jQuery', 'myStickymenu']"
ashokshahassociates.com,Ashok Shah Associates – Engineering Consultant,,IND,65,363,2026-09-13T18:07:16.109505833Z,"['Alternate Protocol', 'Contact Form Plugin', 'DAV', 'EmbedPress', 'Fancybox for WordPress', 'GZIP Module', 'Google Cloud DNS', 'Google Font API', 'Newsletter for Wordpress', 'Nginx', 'PHP', 'Pagekit', 'Slider Revolution', 'Smush Image Optimization', 'Theme In WP', 'UTF-8', 'University or College', 'WPBakery', 'Woo Themes', 'WordPress', 'WordPress Multisite', 'jQuery']"
briski.me,Brianna Skiffington | Serial SaaS Co-Founder | Time-Value Advocate | Sanity Champion,,USA,77,19143,2026-09-13T17:46:29.59060796Z,"['Adobe Creative Cloud WebFonts', 'Alternate Protocol', 'Content Delivery Network', 'ConvertPlug', 'EmbedPress', 'GZIP Module', 'Giphy', 'Google', 'Google Analytics', 'Google Cloud DNS', 'Google Font API', 'Google My Business', 'Google Recommendations AI', 'Google Related Website Sites', 'Google Tag Manager', 'Instagram Follow Button', 'Microdata for Google Shopping', 'PHP', 'Pagekit', 'QUIC', 'Schema Plugin', 'Slider Revolution', 'Smush Image Optimization', 'Sucuri Cloudproxy', 'Tailwind CSS', 'Theme In WP', 'Twitter Ads', 'UTF-8', 'WPBakery', 'Woo Themes', 'WordPress', 'WordPress Multisite', 'YouTube', 'jQuery']"
areman.de,Home | Areman GmbH,Areman Gmbh,,55,13319,2026-09-13T17:46:29.544182061Z,"['AWS WAF Challenge', 'Alternate Protocol', 'Analytify', 'Cloudflare', 'Cloudflare CDN', 'Elementor', 'EmbedPress', 'Fireblade', 'Google Analytics', 'Google My Business', 'Google Related Website Sites', 'Google Tag Manager', 'Hello Elementor', 'Instagram Follow Button', 'Kitco', 'LiteSpeed', 'M247', 'Microdata for Google Shopping', 'Microsoft Clarity', 'NFOrce Internet', 'PHP', 'Pagekit', 'QUIC', 'Site Kit', 'Smush Image Optimization', 'Theme In WP', 'TranslatePress', 'UTF-8', 'Vello', 'WordPress', 'WordPress Multisite', 'Yandex Hosting', 'jQuery']"
shreejigroup.co.in,"Best Architect in Indore, Interior design company services",Shreeji Group,IND,82,32939,2026-09-13T17:34:46.883438232Z,"['Alternate Protocol', 'Automattic', 'CheryFramework', 'Contento', 'EmbedPress', 'Facebook Conversion Tracking', 'Facebook Login', 'Facebook Messenger Platform', 'Facebook Pixel', 'Facebook Reseller', 'Facebook Tag API', 'FormSubmit', 'GZIP Module', 'Google Analytics', 'Google Cloud DNS', 'Google Font API', 'Google Related Website Sites', 'Google Tag Manager', 'Instagram Follow Button', 'Microdata for Google Shopping', 'Nginx', 'PHP', 'Pagekit', 'Slider Revolution', 'Smush Image Optimization', 'Tawk', 'Theme In WP', 'UTF-8', 'Vector Internet Services', 'WP Super Cache', 'WPBakery', 'Woo Themes', 'WordPress', 'WordPress Multisite', 'Yellow Pages Canada', 'Zephyr', 'jQuery']"
benjamindimanche.com,Ben Dimanche – Video Game Producer & Communication,,DEU,77,2782,2026-09-13T17:25:09.334841257Z,"['Alternate Protocol', 'Apache', 'Cookie Accept', 'Cookie Notice', 'Divi', 'Elegant Themes', 'EmbedPress', 'GZIP Module', 'Google', 'Google Analytics', 'Google Cloud CDN', 'Google Cloud DNS', 'Google Font API', 'Google My Business', 'Google Tag Manager', 'LiteSpeed', 'Microdata for Google Shopping', 'PHP', 'Pagekit', 'Smush Image Optimization', 'Theme In WP', 'Twitter Ads', 'UTF-8', 'Woo Themes', 'WordPress', 'WordPress Multisite', 'jQuery']"
beaconcounselingatl.com,Beacon Counseling- Your destination for Therapy & Counseling,Beacon Counseling,USA,77,36073,2026-09-13T17:25:09.329409102Z,"['Alternate Protocol', 'EmbedPress', 'Fireblade', 'Free Call', 'Google', 'Google Analytics', 'Google Cloud DNS', 'Google Font API', 'Google Maps', 'Google My Business', 'Google Recommendations AI', 'Google Tag Manager', 'Harbor', 'LiteSpeed', 'Matomo', 'Matomo Tag Manager', 'Microdata for Google Shopping', 'PHP', 'Pagekit', 'Sitelinks Search Box', 'Slider Revolution', 'Smush Image Optimization', 'UTF-8', 'University or College', 'WPBakery', 'WordPress', 'WordPress Multisite', 'YouTube', 'reCAPTCHA']"
dineindeals.com,Find the Best Dine-In Deals in US with Dine in Deals - Dine in Deals,Dine in Deals,,72,13371,2026-09-13T17:14:25.512024435Z,"['Add to Any', 'Alternate Protocol', 'Amazon WAF Blocked', 'Apache', 'BLR', 'Complianz', 'Contact Form Plugin', 'Content ad', 'DAV', 'Elementor', 'EmbedPress', 'GZIP Module', 'Google', 'Google Analytics', 'Google Cloud CDN', 'Google Cloud DNS', 'Google Font API', 'Google Tag Manager', 'Hello Elementor', 'IcoMoon', 'Instagram Follow Button', 'Microdata for Google Shopping', 'PHP', 'Pagekit', 'Smush Image Optimization', 'Theme In WP', 'Tumblr', 'UTF-8', 'WordPress', 'WordPress Multisite', 'YouTube', 'jQuery']"
razasstudio.com,Raza's Studio – We can do this,,PAK,65,2021,2026-09-13T17:06:33.885857455Z,"['Alternate Protocol', 'Astra Theme', 'CleanTalk Spam Protect', 'Elementor', 'EmbedPress', 'Google Analytics', 'Google Cloud DNS', 'Google Font API', 'Google My Business', 'Google Tag Manager', 'Instagram Follow Button', 'NFOrce Internet', 'PHP', 'Pagekit', 'Smush Image Optimization', 'Tailwind CSS', 'Theme In WP', 'UTF-8', 'WhatsApp Sharing', 'Woo Themes', 'WordPress', 'WordPress Multisite', 'WordPress Related Posts', 'YouTube', 'jQuery']"
unibrow.studio,Unibrow Studio – Connect. Collaborate. Create.,,IND,77,4136,2026-09-13T17:06:33.868865828Z,"['Alternate Protocol', 'Apache', 'Better Lead Generation Services', 'Divi', 'Elegant Themes', 'EmbedPress', 'GZIP Module', 'Google', 'Google Adsense', 'Google Cloud DNS', 'Google Font API', 'Google Funding Choices', 'Google Matched Content', 'Google My Business', 'Google Reseller', 'Instagram Follow Button', 'Jetpack', 'Lazy Load for WordPress', 'PHP', 'Pagekit', 'Smush Image Optimization', 'Theme In WP', 'UTF-8', 'Woo Themes', 'WordPress', 'WordPress Multisite', 'YouTube', 'jQuery', 'reCAPTCHA']"
doortrimmer.com,"Door Trimming Services, North East | Door Trimmer – At Door Trimmer, we provide a professional and reliable service, enabling your new or existing doors to open with ease – book an appointment now.",,AUS,65,3717,2026-09-13T16:42:26.744733796Z,"['Alternate Protocol', 'Cloudflare', 'Content Delivery Network', 'CookieYes', 'Elementor', 'EmbedPress', 'GoDaddy', 'Google My Business', 'Hello Elementor', 'Instagram Follow Button', 'NFOrce Internet', 'PHP', 'Pagekit', 'QUIC', 'Smush Image Optimization', 'Table Addons for Elementor', 'Theme In WP', 'UTF-8', 'WordPress', 'WordPress Multisite', 'jQuery', 'reCAPTCHA']"
idahointernetmarketing.com,Idaho Internet Marketing - Your Idaho Internet Marketing Service - Idaho Internet Marketing,Idaho Internet Marketing,,72,6482,2026-09-13T16:42:26.736621775Z,"['Alternate Protocol', 'Apture Linking Platform', 'Contact Form Plugin', 'Creative Mail by Constant Contact', 'Divi', 'Elegant Themes', 'EmbedPress', 'GZIP Module', 'Google', 'Google Analytics', 'Google Cloud CDN', 'Google Cloud DNS', 'Google Font API', 'Google Related Website Sites', 'Google Tag Manager', 'Jetpack', 'Microdata for Google Shopping', 'Nginx', 'PHP', 'Pagekit', 'Smush Image Optimization', 'Theme In WP', 'UTF-8', 'WP Super Cache', 'Woo Themes', 'WordPress', 'WordPress Multisite', 'WordPress Stats', 'Yandex Hosting', 'eLand', 'jQuery']"
ralconsultancy.com,RAL Consultancy - Your Next-generation Financial Consulting Firm,RAL Consultancy,IND,77,2098,2026-09-13T16:33:05.71721605Z,"['Alternate Protocol', 'Click to Chat for WhatsApp', 'Elementor', 'ElementsKit Elementor', 'EmbedPress', 'Essential Addons for Elementor', 'Google Analytics', 'Google Tag Manager', 'Hello Elementor', 'Microdata for Google Shopping', 'NFOrce Internet', 'PHP', 'Pagekit', 'Premium Addons for Elementor', 'QUIC', 'Smush Image Optimization', 'Theme In WP', 'UTF-8', 'WP Rocket', 'WordPress', 'WordPress Multisite', 'jQuery']"
hotelinteriors.co.nz,Hotel Interiors | Leading Hotel Refurbishment & Furniture Supplier,,AUS,77,4644,2026-09-13T16:33:05.702038375Z,"['Alternate Protocol', 'Apture Linking Platform', 'Cloudflare', 'Contact Form Plugin', 'DuracellTomi Google Tag Manager for WordPress', 'Elementor', 'EmbedPress', 'Essential Addons for Elementor', 'GZIP Module', 'Google', 'Google Analytics', 'Google Cloud CDN', 'Google Cloud DNS', 'Google Font API', 'Google My Business', 'Google Tag Manager', 'Hello Elementor', 'Instagram Follow Button', 'LiteSpeed', 'Microdata for Google Shopping', 'PHP', 'Pagekit', 'Piotnet Addons', 'Popup Maker for Wordpress', 'QUIC', 'Smush Image Optimization', 'Sticky Header Effects for Elementor', 'Table Addons for Elementor', 'Theme In WP', 'UTF-8', 'WP Rocket', 'WPForms', 'WordPress', 'WordPress Multisite', 'jQuery', 'reCAPTCHA']"
clarityclearance.com,"Home - Clarity Clearance Services: Professional, reliable clearance services",Clarity Clearance,JAM,82,41715,2026-09-13T16:22:19.52023264Z,"['AWS WAF Challenge', 'Alternate Protocol', 'Amazon WAF Blocked', 'Apache', 'Apture Linking Platform', 'Astra Theme', 'Cloudflare', 'Cloudflare Web Analytics', 'Elementor', 'EmbedPress', 'Endorsal', 'Essential Addons for Elementor', 'Font Awesome', 'GDPR Cookie Compliance', 'GZIP Module', 'Google', 'Google Analytics', 'Google Cloud DNS', 'Google Font API', 'Google Related Website Sites', 'Google Tag Manager', 'Header, Footer and Blocks for Elementor', 'Instagram Follow Button', 'Jetpack', 'Lazy Load for WordPress', 'M247', 'Microdata for Google Shopping', 'NFOrce Internet', 'No-Q', 'PHP', 'Pagekit', 'Premium Addons for Elementor', 'Qi Addons For Elementor', 'Royal Elementor Addons', 'Smush Image Optimization', 'Table Addons for Elementor', 'Theme In WP', 'UTF-8', 'WP Rocket', 'Woo Themes', 'WordPress', 'WordPress Multisite', 'WordPress Related Posts', 'jQuery']"
monsterphonerepair.com,"Monster Mobile — Phone Repair, Buy & Sell Devices | Chambersburg PA",Monster Mobile,USA,82,16660,2026-09-13T16:22:19.513992562Z,"['Alternate Protocol', 'CDN JS', 'Cloudflare', 'Cloudflare CDN', 'EmbedPress', 'Fireblade', 'Flatsome', 'GZIP Module', 'Google Analytics', 'Google Cloud DNS', 'Google Customer Reviews', 'Google Font API', 'Google Related Website Sites', 'Google Tag Manager', 'IcoMoon', 'Instagram Follow Button', 'Microdata for Google Shopping', 'PHP', 'Pagekit', 'PixelYourSite', 'Sitelinks Search Box', 'Smush Image Optimization', 'Tailwind CSS', 'UTF-8', 'Woo Themes', 'WooCommerce', 'WooCommerce Checkout', 'WooCommerce Payments', 'WordPress', 'WordPress Multisite', 'jQuery']"
arcaneartiste.com,Home Page - Arcane Artiste,,EGY,77,2934,2026-09-13T16:22:19.513794133Z,"['Adobe Creative Cloud WebFonts', 'Adult Content', 'Alternate Protocol', 'Apache', 'EmbedPress', 'GZIP Module', 'Google', 'Google Cloud CDN', 'Microdata for Google Shopping', 'PHP', 'Pagekit', 'Sitelinks Search Box', 'Smush Image Optimization', 'Theme In WP', 'UTF-8', 'Ultra', 'WP Super Cache', 'WordPress', 'WordPress Multisite', 'jQuery']"
vectoredthrust.ca,Vectored Thrust | Learn From The World’s Best Fighter Pilots,,CAN,77,6582,2026-09-13T16:01:14.093905465Z,"['Adult Content', 'Alternate Protocol', 'Contact Form Plugin', 'Divi', 'Elegant Themes', 'EmbedPress', 'Google Analytics', 'Google Cloud DNS', 'Google Font API', 'Google My Business', 'Google Tag Manager', 'Microdata for Google Shopping', 'Nginx', 'PHP', 'Pagekit', 'QUIC', 'Smush Image Optimization', 'Theme In WP', 'UTF-8', 'Vector Internet Services', 'Woo Themes', 'WordPress', 'WordPress Multisite', 'jQuery', 'reCAPTCHA']"
tentourage.it,"Tentourage • Coperture, tensostrutture e tende beduine stretch",Tentourage Tensostrutture,FRA,77,26984,2026-09-13T16:01:14.042896729Z,"['AWS WAF Challenge', 'Alternate Protocol', 'Amazon WAF Blocked', 'Azion', 'Blocksy', 'Cloudflare', 'Cloudflare CDN', 'Complianz', 'Elementor', 'EmbedPress', 'Essential Addons for Elementor', 'Google', 'Google Analytics', 'Google My Business', 'Google Tag Manager', 'HT Mega', 'Instagram Follow Button', 'LiteSpeed', 'Microdata for Google Shopping', 'NFOrce Internet', 'PHP', 'Pagekit', 'Resy', 'Site Kit', 'Smush Image Optimization', 'Table Addons for Elementor', 'Theme In WP', 'UTF-8', 'WordPress', 'WordPress Multisite', 'YouTube', 'jQuery']"
crystallatticemedia.com,Crystal Lattice Media | Home,Crystal Lattice Media,NGA,82,4444,2026-09-13T15:47:48.551972534Z,"['Alternate Protocol', 'Apache', 'Apture Linking Platform', 'Elementor', 'EmbedPress', 'GZIP Module', 'Google', 'Google Cloud CDN', 'Google Cloud DNS', 'Google Font API', 'Header, Footer and Blocks for Elementor', 'Instagram Follow Button', 'LoftLoader', 'Microdata for Google Shopping', 'NFOrce Internet', 'OceanWP', 'PHP', 'Pagekit', 'Post Views Counter', 'Smush Image Optimization', 'Sticky Header Effects for Elementor', 'Table Addons for Elementor', 'Theme In WP', 'UTF-8', 'Woo Themes', 'WordPress', 'WordPress Multisite', 'WordPress Related Posts', 'YouTube', 'jQuery']"
alleluiaschool.org,Alleluia Community School | Alleluia Community School,,USA,60,62,2026-09-13T15:27:20.977773964Z,"['Alternate Protocol', 'Apache', 'CheryFramework', 'Cornerstone', 'EmbedPress', 'Google Cloud DNS', 'Google Font API', 'PHP', 'Pagekit', 'Smush Image Optimization', 'Theme In WP', 'UTF-8', 'WP Super Cache', 'Woo Themes', 'WordPress', 'WordPress Multisite', 'jQuery']"
truhlarstvi-bezdek.cz,Domů - Truhlářství Bezděk Olomouc,Truhlářství Bezděk Olomouc,CZE,80,3126,2026-09-13T14:58:41.325213852Z,"['Alternate Protocol', 'Amazon WAF Blocked', 'Astra Theme', 'Complianz', 'DuracellTomi Google Tag Manager for WordPress', 'Elementor', 'EmbedPress', 'Essential Addons for Elementor', 'GZIP Module', 'Google Analytics', 'Google Tag Manager', 'Gravity', 'Gravity Forms', 'HappyAddons', 'Microdata for Google Shopping', 'Microsoft Clarity', 'NFOrce Internet', 'Ntent', 'PHP', 'Pagekit', 'Pico CSS', 'Popup Maker for Wordpress', 'QUIC', 'Qi Addons For Elementor', 'Smush Image Optimization', 'Theme In WP', 'To Top', 'TrustIndex', 'UTF-8', 'WP Fastest Cache', 'Woo Themes', 'WordPress', 'WordPress Multisite', 'WordPress Related Posts', 'jQuery']"
fntouchgallery.com,FnTouch Gallery – FnTouch Gallery,,,65,2040,2026-09-13T14:58:41.278120289Z,"['Alibaba Cloud CDN', 'Alternate Protocol', 'Apture Linking Platform', 'Astra Theme', 'Content Delivery Network', 'DuracellTomi Google Tag Manager for WordPress', 'Elementor', 'EmbedPress', 'Google Analytics', 'Google Cloud DNS', 'Google Font API', 'Google My Business', 'Google Tag Manager', 'JetWooBuilder', 'LiteSpeed', 'NFOrce Internet', 'PHP', 'Pagekit', 'QUIC', 'Smush Image Optimization', 'Theme In WP', 'UTF-8', 'Woo Themes', 'WooCommerce', 'WooCommerce Checkout', 'WordPress', 'WordPress Multisite', 'WordPress Related Posts', 'jQuery']"
sriramedutrust.in,Home | Sri Ram Educational and Welfare Trust,,IND,82,3793,2026-09-13T14:36:10.599322607Z,"['Alternate Protocol', 'Astra Theme', 'Content Delivery Network', 'Dynamic Visibility for Elementor', 'Elementor', 'ElementsKit Elementor', 'EmbedPress', 'Essential Addons for Elementor', 'Facebook Embedded Posts', 'FooBox', 'Google Analytics', 'Google Cloud DNS', 'Google Font API', 'Google Maps', 'Google My Business', 'Google Related Website Sites', 'Google Tag Manager', 'Instagram Follow Button', 'Jetpack', 'LiteSpeed', 'Microdata for Google Shopping', 'NFOrce Internet', 'PHP', 'Pagekit', 'Photo Gallery by FooGallery', 'RankMath', 'Sitelinks Search Box', 'Smush Image Optimization', 'Theme In WP', 'UTF-8', 'University or College', 'Unlimited Elements For Elementor', 'Woo Themes', 'WordPress', 'WordPress Multisite', 'WordPress Related Posts', 'WordPress Stats', 'YouTube', 'jQuery']"
f5photos.com,"Photo’s By Miguel H. – F5 Enterprises, LLC – Photography By: ""That Guy"" Miguel H.",,,55,811,2026-09-13T14:36:10.562349428Z,"['Alternate Protocol', 'Apache', 'Calendly', 'EmbedPress', 'Fastly', 'GZIP Module', 'Google Adsense', 'Google Analytics', 'Google Cloud DNS', 'Google Font API', 'Google Funding Choices', 'Google Matched Content', 'Google My Business', 'Google Reseller', 'Google Tag Manager', 'IcoMoon', 'Instagram Follow Button', 'Kitco', 'Master Slider', 'PHP', 'Pagekit', 'Site Kit', 'Slider Revolution', 'Smush Image Optimization', 'Theme In WP', 'Twitter Ads', 'UTF-8', 'Woo Themes', 'WordPress', 'WordPress Download Manager', 'WordPress Multisite', 'YouTube', 'jQuery']"
maidsondutytn.com,"Efficient Commercial and Residential Cleaning in Nashville, TN",,USA,82,4402,2026-09-13T14:12:34.460771219Z,"['Alternate Protocol', 'Astra Theme', 'Content Delivery Network', 'Elementor', 'ElementsKit Elementor', 'EmbedPress', 'Gambling Content', 'Google Analytics', 'Google My Business', 'Google Related Website Sites', 'Google Tag Manager', 'LiteSpeed', 'Microdata for Google Shopping', 'NFOrce Internet', 'PHP', 'Pagekit', 'QUIC', 'Smush Image Optimization', 'Table Addons for Elementor', 'Theme In WP', 'UTF-8', 'WP Statistics', 'WPForms', 'Woo Themes', 'WordPress', 'WordPress Multisite', 'WordPress Related Posts', 'jQuery', 'reCAPTCHA', 'shadcn ui']"
liampools.com,Home - liampools.com,Liam Pools,CYP,75,4658,2026-09-13T13:30:34.726458172Z,"['Alternate Protocol', 'Content Delivery Network', 'Elementor', 'ElementsKit Elementor', 'EmbedPress', 'Essential Addons for Elementor', 'Google', 'Google Analytics', 'Google Cloud CDN', 'Google Cloud DNS', 'Google Font API', 'Google My Business', 'Google Tag Manager', 'Header, Footer and Blocks for Elementor', 'Kadence WP', 'LiteSpeed', 'Microdata for Google Shopping', 'NFOrce Internet', 'PHP', 'Pagekit', 'Premium Addons for Elementor', 'QUIC', 'Royal Elementor Addons', 'Sitelinks Search Box', 'Smush Image Optimization', 'Theme In WP', 'UTF-8', 'WordPress', 'WordPress Multisite', 'jQuery']"
ward.consulting,Home - Ward Consulting,Ward Consulting,DEU,77,31420,2026-09-13T13:30:34.713867715Z,"['AWS WAF Challenge', 'Adult Content', 'Alternate Protocol', 'Amazon WAF Blocked', 'Anti-spam for WordPress', 'CDN JS', 'CleanTalk Spam Protect', 'Cloudflare', 'Cloudflare CDN', 'Content Delivery Network', 'EmbedPress', 'Fireblade', 'Font Awesome', 'Google Analytics', 'Google Tag Manager', 'Instagram Follow Button', 'Microdata for Google Shopping', 'PHP', 'Pagekit', 'Smush Image Optimization', 'Tailwind CSS', 'Theme In WP', 'Twitter Ads', 'UTF-8', 'WP Engine', 'WP Fastest Cache', 'WordPress', 'WordPress Multisite', 'YouTube']"
viewshed.net,Viewshed - Home,,,60,560,2026-09-13T13:30:34.706759959Z,"['AWS WAF Challenge', 'Adobe Creative Cloud WebFonts', 'Alternate Protocol', 'Amazon S3 CDN', 'Bulma', 'Content Delivery Network', 'ElementUI', 'EmbedPress', 'GZIP Module', 'Google Analytics', 'Google Tag Manager', 'LiteSpeed', 'Microdata for Google Shopping', 'Ninja Forms', 'PHP', 'Pagekit', 'QUIC', 'Smush Image Optimization', 'Storyblocks', 'Tailwind CSS', 'Theme In WP', 'UTF-8', 'WordPress', 'WordPress Multisite', 'jQuery', 'shadcn ui']"
norstarmolds.com,"Norstar Aluminum Molds, Inc. - Creative Solutions in Tooling","Norstar Aluminum Molds, Inc.",,77,6872,2026-09-13T12:59:13.662137296Z,"['Akismet', 'Alternate Protocol', 'Astra Theme', 'Beaver Builder Lite', 'Contact Form Plugin', 'Content Delivery Network', 'EmbedPress', 'Fastly', 'Font Awesome', 'GZIP Module', 'Google', 'Google Cloud CDN', 'Google Cloud DNS', 'Google Font API', 'Google My Business', 'Microdata for Google Shopping', 'PHP', 'Pagekit', 'QUIC', 'Schema Plugin', 'Sitelinks Search Box', 'Slider Revolution', 'Smush Image Optimization', 'The SEO Framework', 'Theme In WP', 'UTF-8', 'Woo Themes', 'WordPress', 'WordPress Multisite', 'WordPress Related Posts', 'YouTube', 'jQuery', 'reCAPTCHA']"
uaeprintingwork.com,"Printing Services Dubai | Banners, Flex, UV, Canvas & Signage — UAE Printing Works",UAE Printing Works,,82,9384,2026-09-13T12:59:13.659069737Z,"['Alternate Protocol', 'Apture Linking Platform', 'Contact Form Plugin', 'Elementor', 'EmbedPress', 'Google Analytics', 'Google Maps', 'Google My Business', 'Google Tag Manager', 'Instagram Follow Button', 'Microdata for Google Shopping', 'NFOrce Internet', 'PHP', 'Pagekit', 'QUIC', 'RM Education', 'Smush Image Optimization', 'Theme In WP', 'UTF-8', 'WordPress', 'WordPress Multisite', 'jQuery']"
pembrokeshire-camping.co.uk,Pembrokeshire Camping - Dog Friendly - Rhosson Ganol,Rhosson Ganol Caravan & Camping Site,,67,1908,2026-09-13T12:45:57.566760451Z,"['Adult Content', 'Alternate Protocol', 'Contact Form Plugin', 'DAV', 'EmbedPress', 'Google Analytics', 'Google Cloud DNS', 'Google Font API', 'Google Maps', 'Google My Business', 'Google Tag Manager', 'Gravity', 'Gravity Forms', 'Lazy Load for WordPress', 'LiteSpeed', 'Microdata for Google Shopping', 'PHP', 'Pagekit', 'QUIC', 'Sapper', 'Simple Lightbox', 'SiteOrigin', 'SiteOrigin Panels', 'Smart Slider 3', 'Smush Image Optimization', 'Strong Testimonials', 'Theme In WP', 'UTF-8', 'Vantage', 'WoWonder', 'Woo Themes', 'WordPress', 'WordPress Multisite', 'YouTube', 'eLand', 'jQuery', 'reCAPTCHA']"
dspjobs.me,DSPJobs.ME – Apply for Direct Support Professional Jobs in Aroostook County!,,,60,903,2026-09-13T12:35:36.409995084Z,"['Alternate Protocol', 'Content Delivery Network', 'EmbedPress', 'Fastly', 'GZIP Module', 'Google', 'Google Cloud DNS', 'Google Font API', 'Google My Business', 'MaxCDN', 'PHP', 'Pagekit', 'Smush Image Optimization', 'Theme In WP', 'UTF-8', 'WordPress', 'WordPress Multisite', 'i-excel', 'jQuery', 'reCAPTCHA']"
passionforhumanity.org,Passion for Humanity | Faith-Based Support for Women in Arizona,Passion for Humanity,USA,92,20682,2026-09-13T12:35:36.400126093Z,"['AWS WAF Challenge', 'Alternate Protocol', 'Cloudflare', 'Cloudflare CDN', 'Content Delivery Network', 'Divi', 'Donorbox', 'Elegant Themes', 'EmbedPress', 'Fastly', 'GZIP Module', 'Google', 'Google Analytics', 'Google Cloud DNS', 'Google Font API', 'Google My Business', 'Google Tag Manager', 'Microdata for Google Shopping', 'PHP', 'Pagekit', 'QUIC', 'Site Kit', 'Smush Image Optimization', 'Theme In WP', 'UTF-8', 'Woo Themes', 'WordPress', 'WordPress Multisite', 'eLand', 'jQuery']"
saafmakers.com,Best Deep Home Cleaning Services in Pune | Saaf Makers,Saaf Makers,IND,82,70913,2026-09-13T12:35:36.366300475Z,"['AWS WAF Challenge', 'Alternate Protocol', 'Click to Chat for WhatsApp', 'Cloudflare', 'Cloudflare CDN', 'Contact Form Plugin', 'Content Delivery Network', 'Elementor', 'EmbedPress', 'Engitech Theme', 'Google', 'Google Analytics', 'Google Cloud CDN', 'Google Cloud DNS', 'Google Font API', 'Google My Business', 'Google Related Website Sites', 'Google Tag Manager', 'IcoMoon', 'Instagram Follow Button', 'Jetpack', 'LiteSpeed', 'MailChimp for WordPress', 'Microdata for Google Shopping', 'NFOrce Internet', 'PHP', 'Pagekit', 'SMC', 'Schema Plugin', 'Site Kit', 'Slider Revolution', 'Smush Image Optimization', 'Theme In WP', 'UTF-8', 'WordPress', 'WordPress Multisite', 'WordPress Stats', 'eLand', 'jQuery']"
adventurecazin.com,Home - Adventure Cazin: Exciting Enduro and Quad Tours in Bosnia,,,72,3103,2026-09-13T12:25:24.060987333Z,"['Alternate Protocol', 'Contact Form Plugin', 'Content Delivery Network', 'Elementor', 'EmbedPress', 'Google', 'Google Cloud DNS', 'Google Font API', 'Gtranslate for Wordpress', 'LiteSpeed', 'Microdata for Google Shopping', 'PHP', 'Pagekit', 'Smush Image Optimization', 'Theme In WP', 'UTF-8', 'Woo Themes', 'WooCommerce Checkout', 'WordPress', 'WordPress Multisite', 'jQuery']"
homecreations.co.in,"Home - Simpolo Home Creations Exclusive Tiles Showroom | Premium Tiles Collection, Sanitaryware, Interior Designing Solution, Hardware and Fittings | Best Tiles Showroom Patna",HomeCreations,IND,75,250950,2026-09-13T12:03:18.581896011Z,"['Alternate Protocol', 'Automattic', 'Baidu Cloud', 'CCSI', 'Cloudflare', 'DAV', 'Duoban', 'Elementor', 'EmbedPress', 'Everest Forms', 'Express', 'Financial Services Guide', 'Font Awesome', 'FreeBSD', 'GZIP Module', 'GitHub Hosting', 'Google', 'Google Analytics', 'Google Cloud DNS', 'Google Font API', 'Google My Business', 'Google Tag Manager', 'K2F', 'KVH', 'KeyCDN', 'MailChimp for WordPress', 'Microdata for Google Shopping', 'NFOrce Internet', 'Nginx', 'No-Q', 'Ntent', 'Onyx Internet', 'PHP', 'Pagekit', 'Python', 'QUIC', 'Salesforce Hosted', 'Shopware', 'Sign In With Google', 'Site Kit', 'Smush Image Optimization', 'Subversion', 'Table Addons for Elementor', 'ThemeGrill', 'UTF-8', 'Underscores', 'University or College', 'Vector Internet Services', 'Woo Themes', 'WordPress', 'WordPress Multisite', 'Yandex Hosting', 'ZAKRA', 'symfony PHP Framework']"
competitionclean.com,Mobile Car Detailing and Car Wash Vancouver - Competition Clean,Competition Clean,CAN,77,20451,2026-09-13T11:42:40.272868511Z,"['Adult Content', 'Alternate Protocol', 'Ametys', 'Contact Form Plugin', 'Content Delivery Network', 'EmbedPress', 'Express', 'Fastly', 'Fireblade', 'Font Awesome', 'Google Analytics', 'Google Cloud DNS', 'Google Maps', 'Google My Business', 'Google Related Website Sites', 'Google Tag Manager', 'Instagram Follow Button', 'Kadence WP', 'LiteSpeed', 'Microdata for Google Shopping', 'Ntent', 'PHP', 'Pagekit', 'QUIC', 'Site Kit', 'Sitelinks Search Box', 'Smush Image Optimization', 'Theme In WP', 'TrustIndex', 'UTF-8', 'WPBakery', 'Woo Themes', 'WooCommerce', 'WooCommerce Checkout', 'WordPress', 'WordPress Multisite', 'YouTube', 'jQuery', 'jsDelivr', 'reCAPTCHA']"
e3recruitment.com,Engineering & Manufacturing Recruitment Experts | E3 Recruitment,E3 Recuitment,GBR,77,16613,2026-09-13T11:31:39.87959953Z,"['AJAX Libraries API', 'Alternate Protocol', 'CDN JS', 'Cloudflare', 'Cloudflare CDN', 'CookieConsent', 'EmbedPress', 'Fireblade', 'GZIP Module', 'Google Analytics', 'Google Cloud DNS', 'Google Font API', 'Google Related Website Sites', 'Google Tag Manager', 'IcoMoon', 'Instagram Follow Button', 'Microdata for Google Shopping', 'Nginx', 'PHP', 'Pagekit', 'Parallels Plesk Panel', 'Simple Lightbox', 'Smush Image Optimization', 'Tailwind CSS', 'Theme In WP', 'Twitter Ads', 'UTF-8', 'WonderPush', 'WordPress', 'WordPress Multisite', 'jQuery', 'jsDelivr']"
ejandsonsmovingservice.com,ABC Greater MI Chapter | Home Builders Association Midland MI,,,62,3652,2026-09-13T11:22:15.541780201Z,"['Add to Any', 'Alternate Protocol', 'Ametys', 'Apache', 'Contact Form Plugin', 'Elementor', 'EmbedPress', 'Events Manager for WordPress', 'GZIP Module', 'Google Analytics', 'Google My Business', 'Google Tag Manager', 'IcoMoon', 'Instagram Follow Button', 'Max Mega Menu', 'Max Mega Menu Pro', 'NFOrce Internet', 'PDF Embedder for Wordpress', 'PHP', 'Pagekit', 'Smush Image Optimization', 'Theme In WP', 'Twitter Ads', 'UTF-8', 'WordPress', 'WordPress Multisite', 'YouTube', 'bbPress', 'jQuery', 'jsDelivr', 'reCAPTCHA']"
kitchensforless.co.uk,HOME - Kitchens For Less,,GBR,85,2664,2026-09-13T11:11:21.33689552Z,"['Alternate Protocol', 'Contact Form Plugin', 'Content Delivery Network', 'Cookie Accept', 'Cookie Notice', 'EmbedPress', 'Fastly', 'FreeCSSTemplates', 'Google Cloud DNS', 'Google Font API', 'Google My Business', 'LiteSpeed', 'Microdata for Google Shopping', 'PHP', 'Pagekit', 'QUIC', 'Slider Revolution', 'Smush Image Optimization', 'Store Locator WordPress', 'Tailwind CSS', 'Theme In WP', 'UTF-8', 'WPBakery', 'Woo Themes', 'WooCommerce', 'WooCommerce Checkout', 'WordPress', 'WordPress Multisite', 'jQuery']"
elitepromomarketing.com,"Custom Promotional Products in Alberta, CA",Elite Promotional Marketing,CAN,82,6620,2026-09-13T11:11:21.313230418Z,"['Alternate Protocol', 'Apture Linking Platform', 'CDN JS', 'Cloudflare', 'Cloudflare CDN', 'Coming Soon Page', 'Content Delivery Network', 'Elementor', 'EmbedPress', 'Favorites for WordPress', 'Google', 'Google Analytics', 'Google Cloud CDN', 'Google Cloud DNS', 'Google Customer Reviews', 'Google Font API', 'Google My Business', 'Google Tag Manager', 'Harbor', 'Hello Elementor', 'Hotjar', 'Insightly', 'Instagram Follow Button', 'LiteCart', 'LiteSpeed', 'Microdata for Google Shopping', 'No-Q', 'Ntent', 'PHP', 'Pagekit', 'Perl', 'Post Views Counter', 'QUIC', 'Sitelinks Search Box', 'Smush Image Optimization', 'Table Addons for Elementor', 'Theme In WP', 'TrustIndex', 'UTF-8', 'Umbler', 'University or College', 'Woo Themes', 'WooCommerce', 'WooCommerce Checkout', 'WordPress', 'WordPress Multisite', 'YouTube', 'jQuery', 'reCAPTCHA']"
superbawines.com,"UK importers & distributors of wine, beer and wholesale alcohol",Superba Wines,GBR,77,2950,2026-09-13T10:58:09.09909404Z,"['Adult Content', 'Alternate Protocol', 'Amazon WAF Blocked', 'Apture Linking Platform', 'Elementor', 'EmbedPress', 'Google Maps', 'Google My Business', 'IcoMoon', 'Instagram Follow Button', 'LiteSpeed', 'Microdata for Google Shopping', 'NFOrce Internet', 'PHP', 'Pagekit', 'QUIC', 'Shifter', 'Sitelinks Search Box', 'Smush Image Optimization', 'UTF-8', 'WP Rocket', 'Woo Themes', 'WooCommerce', 'WooCommerce Checkout', 'WooCommerce Payments', 'WooCommerce Stripe Payment Gateway', 'WordPress', 'WordPress Multisite']"
arearenovationct.com,"Stamford, CT Remodeling Contractors | Area Renovation Inc",Area Renovation,USA,92,38924,2026-09-13T10:49:49.932872869Z,"['AWS WAF Challenge', 'Alternate Protocol', 'Cloudflare', 'Cloudflare CDN', 'DAV', 'Elementor', 'EmbedPress', 'Financial Services Guide', 'Google', 'Google Analytics', 'Google Cloud CDN', 'Google Cloud DNS', 'Google Customer Reviews', 'Google Font API', 'Google Maps', 'Google My Business', 'Google Tag Manager', 'Hello Elementor', 'Instagram Follow Button', 'M247', 'Microdata for Google Shopping', 'Ntent', 'PHP', 'Pagekit', 'QUIC', 'Schema Plugin', 'Smush Image Optimization', 'Tailwind CSS', 'The Deck', 'Theme In WP', 'UTF-8', 'WP Fastest Cache', 'WordPress', 'WordPress Multisite', 'reCAPTCHA']"
shannonclover.lk,Shannon & Clover – Shannon & Clover,,FIN,65,1811,2026-09-13T10:18:44.194838817Z,"['Alternate Protocol', 'Apache', 'Contact Form Plugin', 'ContentBox', 'EmbedPress', 'GZIP Module', 'Google Cloud DNS', 'Google Font API', 'Google My Business', 'PHP', 'Pagekit', 'Point', 'QUIC', 'Slider Revolution', 'Smush Image Optimization', 'Tailwind CSS', 'Team Members', 'The Events Calendar', 'Theme In WP', 'UTF-8', 'University or College', 'WP Fastest Cache', 'WPBakery', 'Woo Themes', 'WordPress', 'WordPress Multisite', 'YouTube', 'jQuery', 'reCAPTCHA']"
divinesigns.co.uk,Signage & Vehicle Graphics | Divine Signs,Divine Signs Ltd,GBR,87,23335,2026-09-13T09:52:09.744647923Z,"['AWS WAF Challenge', 'Alternate Protocol', 'Automattic', 'BatCache', 'Cloudflare', 'Cloudflare CDN', 'CookieYes', 'Elementor', 'EmbedPress', 'Fastly', 'Google', 'Google Analytics', 'Google Maps', 'Google My Business', 'Google Related Website Sites', 'Google Tag Manager', 'Gutenberg', 'Hello Elementor', 'Instagram Follow Button', 'Jetpack', 'Jetpack Site Accelerator', 'Microdata for Google Shopping', 'MonsterInsights', 'NFOrce Internet', 'Nginx', 'Pagekit', 'QUIC', 'Smush Image Optimization', 'Table Addons for Elementor', 'UTF-8', 'University or College', 'WordPress', 'WordPress Multisite', 'WordPress Stats', 'jQuery']"
twinriversrv.org,Twin Rivers RV Park - A Peaceful Retreat in the Heart of Chama,,PHL,82,3663,2026-09-13T09:43:40.303896458Z,"['Alternate Protocol', 'Automattic', 'Complianz', 'Creative Mail by Constant Contact', 'EmbedPress', 'GZIP Module', 'Google Cloud DNS', 'Google Font API', 'Gutenberg', 'Jetpack', 'Jetpack Site Accelerator', 'Lazy Load for WordPress', 'Microdata for Google Shopping', 'Nginx', 'Oracle Cloud', 'Pagekit', 'Perl', 'Smush Image Optimization', 'Telegram', 'UTF-8', 'Woo Themes', 'WordPress', 'WordPress Multisite', 'WordPress Stats', 'jQuery']"
thecommonhumanity.com,Almost Ready – The Common Humanity,,,50,63,2026-09-13T09:43:40.294344227Z,"['Alternate Protocol', 'Amazon WAF Blocked', 'Apache', 'Apture Linking Platform', 'Astra Theme', 'Coming Soon Page', 'Elementor', 'EmbedPress', 'GZIP Module', 'Google', 'Google Cloud CDN', 'Google Cloud DNS', 'Google Font API', 'Instagram Follow Button', 'PHP', 'Pagekit', 'Smush Image Optimization', 'Sticky Header Effects for Elementor', 'Subversion', 'Table Addons for Elementor', 'UTF-8', 'WP Super Cache', 'Woo Themes', 'WooCommerce Checkout', 'WordPress', 'WordPress Multisite', 'WordPress Related Posts']"
bigwatersguideservice.com,Northern California Premier Fishing Guide - BigWater's Guide Service,,,67,3074,2026-09-13T09:20:59.459684116Z,"['Alternate Protocol', 'Cloudflare', 'Content Delivery Network', 'EmbedPress', 'GoDaddy', 'Google', 'Google Analytics', 'Google Cloud CDN', 'Google Tag Manager', 'Instagram Follow Button', 'Microdata for Google Shopping', 'PHP', 'Pagekit', 'Post Views Counter', 'Smush Image Optimization', 'Theme In WP', 'UTF-8', 'Ultra', 'WordPress', 'WordPress Multisite', 'jQuery']"
pinchazosmadrid.es,Reparar Pinchazo a Domicilio Comunidad de Madrid 2026,,ESP,77,2617,2026-09-13T09:00:17.115444525Z,"['Adult Content', 'Alternate Protocol', 'Collapse-O-Matic', 'EmbedPress', 'GeneratePress Company', 'Google', 'Google Analytics', 'Google Cloud DNS', 'Google Font API', 'Google Tag Manager', 'Microdata for Google Shopping', 'PHP', 'Pagekit', 'Smush Image Optimization', 'Theme In WP', 'UTF-8', 'WordPress', 'WordPress Multisite', 'jQuery']"
theupperwest.com,Neighborhood Dining | the Upper West,,USA,82,36751,2026-09-13T09:00:17.087637042Z,"['AWS WAF Challenge', 'Alternate Protocol', 'Cloudflare', 'Cloudflare CDN', 'Content Delivery Network', 'Divi', 'Elegant Themes', 'Elementor', 'EmbedPress', 'GZIP Module', 'GoDaddy', 'Google', 'Google Cloud CDN', 'Google Cloud DNS', 'Google Font API', 'Google My Business', 'Instagram Feed for WordPress', 'Instagram Follow Button', 'Microdata for Google Shopping', 'OpenTable', 'PHP', 'Pagekit', 'Smush Image Optimization', 'Sucuri Cloudproxy', 'Theme In WP', 'UTF-8', 'Wangsu', 'WordPress', 'WordPress Multisite', 'eLand', 'jQuery']"
myweddingplanner.hu,My Wedding Planner in Hungary,My Wedding Planner in Hungary,HUN,92,20806,2026-09-13T08:24:25.364939206Z,"['AWS WAF Challenge', 'Alternate Protocol', 'Elementor', 'EmbedPress', 'Express', 'GZIP Module', 'Google', 'Google Analytics', 'Google Cloud CDN', 'Google Tag Manager', 'Hello Elementor', 'Instagram Follow Button', 'Microdata for Google Shopping', 'Microsoft Azure', 'Microsoft IIS', 'Pagekit', 'Smush Image Optimization', 'TranslatePress', 'UTF-8', 'Visual Studio', 'WordPress', 'WordPress Multisite']"
stressfreestructural.com,Home » Stress-Free Structural | Redland Bay QLD Steel Detailing,Stress-Free Structural,AUS,77,2704,2026-09-13T08:24:25.337074002Z,"['Alternate Protocol', 'Elementor', 'EmbedPress', 'Google Analytics', 'Google Analytics Dashboard for WordPress', 'Google My Business', 'Google Related Website Sites', 'Google Tag Manager', 'LiteSpeed', 'Microdata for Google Shopping', 'NFOrce Internet', 'PHP', 'Pagekit', 'QUIC', 'Smush Image Optimization', 'Thank You', 'UTF-8', 'WordPress', 'WordPress Multisite', 'jQuery']"
villastay.com,"Vacation Rentals near Waco, TX - VillaStay™",VillaStay,,67,42359,2026-09-13T08:10:30.845918798Z,"['AJAX Libraries API', 'Advanced iFrame', 'Alternate Protocol', 'Amazon WAF Blocked', 'Anti-spam for WordPress', 'Beaver Builder Lite', 'CleanTalk Spam Protect', 'Contact Form Plugin', 'Content Delivery Network', 'Contento', 'EmbedPress', 'Fireblade', 'GZIP Module', 'Google Analytics', 'Google Cloud DNS', 'Google Related Website Sites', 'Google Tag Manager', 'Microdata for Google Shopping', 'Nginx', 'PHP', 'Pagekit', 'QUIC', 'Schema Plugin', 'Smush Image Optimization', 'Theme In WP', 'Twitter Ads', 'UTF-8', 'WP Engine', 'WP Statistics', 'WordPress', 'WordPress Multisite', 'YouTube', 'jQuery']"
danielfarb.com,Home - Daniel Farb,,CAN,77,37881,2026-09-13T07:48:14.145830119Z,"['AWS WAF Challenge', 'Alternate Protocol', 'Apache', 'Contact Form Plugin', 'Cornerstone', 'DoubleClick Bid Manager', 'EmbedPress', 'GZIP Module', 'Google', 'Google Analytics', 'Google Cloud DNS', 'Google Font API', 'Google My Business', 'Google Related Website Sites', 'Google Tag Manager', 'Instagram Follow Button', 'Jupiter', 'Microdata for Google Shopping', 'Ninja Forms', 'On The Map', 'PHP', 'Pagekit', 'Smush Image Optimization', 'Theme In WP', 'UTF-8', 'WP Rocket', 'WPBakery', 'Woo Themes', 'WooCommerce Checkout', 'WordPress', 'WordPress Multisite', 'YouTube', 'jQuery', 'reCAPTCHA']"
seasidebreeze.gr,Home - Seaside Breeze,My Blog,GRC,77,224,2026-09-13T06:45:55.708747716Z,"['Alternate Protocol', 'Contact Form Plugin', 'EmbedPress', 'Google Cloud DNS', 'Google Font API', 'Google My Business', 'Instagram Follow Button', 'Microdata for Google Shopping', 'Newsletter for Wordpress', 'Nginx', 'PHP', 'Pagekit', 'Sitelinks Search Box', 'Smush Image Optimization', 'UTF-8', 'WordPress', 'WordPress Multisite', 'jQuery']"
hgsolutions.ca,Home - Holly Gifford Small Business Solutions,,,67,9786,2026-09-13T06:45:55.680966048Z,"['Alternate Protocol', 'Apache', 'Brevo', 'CookieYes', 'EmbedPress', 'Fastly', 'GZIP Module', 'Google Analytics', 'Google Cloud DNS', 'Google Font API', 'Google Related Website Sites', 'Google Tag Manager', 'Gutenberg Blocks by Kadence Blocks', 'HostGator', 'Kadence WP', 'Kitco', 'Microdata for Google Shopping', 'PHP', 'Pagekit', 'Smush Image Optimization', 'Theme In WP', 'WordPress', 'WordPress Multisite', 'jQuery']"
ilavenil.org.au,இளவேனில்,,SYC,77,259,2026-09-13T06:35:28.221983965Z,"['Alternate Protocol', 'Apache', 'Bulma', 'CDN JS', 'Cloudflare', 'Cloudflare CDN', 'Contact Form Plugin', 'EmbedPress', 'Facebook Login', 'Facebook Messenger Platform', 'Facebook Reseller', 'Font Awesome', 'GZIP Module', 'Google Cloud DNS', 'Google Font API', 'Microdata for Google Shopping', 'PHP', 'Pagekit', 'Sassy Social Share', 'Smush Image Optimization', 'UTF-8', 'Ultimate Social Media', 'WordPress', 'WordPress Multisite', 'eLand', 'jQuery']"
lifebalance.life,Home - Life Balance With Heidi,,,75,1071,2026-09-13T06:35:28.209438774Z,"['Alternate Protocol', 'Content Delivery Network', 'Divi', 'Elegant Themes', 'EmbedPress', 'GZIP Module', 'Google Cloud DNS', 'Google Font API', 'MemberPress', 'Microdata for Google Shopping', 'PHP', 'Pagekit', 'Smush Image Optimization', 'Sucuri Cloudproxy', 'The Events Calendar', 'Theme In WP', 'UTF-8', 'Woo Themes', 'WooCommerce', 'WooCommerce Checkout', 'WooCommerce Payments', 'WordPress', 'WordPress Multisite', 'YouTube', 'jQuery']"
ab.clinic,Front Page - AB Clinic,AB Clinic,,75,19646,2026-09-13T06:35:28.201258054Z,"['AWS WAF Challenge', 'Alternate Protocol', 'Cloudflare', 'Cloudflare CDN', 'Colibri', 'Content Delivery Network', 'EmbedPress', 'Font Awesome', 'GoDaddy', 'Google', 'Google Analytics', 'Google Cloud DNS', 'Google Font API', 'Google Forms', 'Google My Business', 'Google Related Website Sites', 'Google Tag Manager', 'IcoMoon', 'Icons8', 'Instagram Follow Button', 'Microdata for Google Shopping', 'PHP', 'Pagekit', 'Pleroma', 'Smush Image Optimization', 'UTF-8', 'Woo Themes', 'WooCommerce', 'WooCommerce Checkout', 'WordPress', 'WordPress Multisite', 'YouTube', 'jQuery', 'shadcn ui']"
decorentals2go.com,Home - decorentals2go,decorentals2go,CAN,77,3903,2026-09-13T06:11:09.695327895Z,"['Akismet', 'Alternate Protocol', 'Automattic', 'BatCache', 'Contact Form Plugin', 'DAV', 'Elementor', 'EmbedPress', 'Fastly', 'Google Cloud DNS', 'Google Font API', 'Google Maps', 'Google My Business', 'Gutenberg Blocks by Kadence Blocks', 'Instagram Follow Button', 'Jetpack', 'Jetpack Site Accelerator', 'Kadence WP', 'Microdata for Google Shopping', 'Nginx', 'Pagekit', 'Photo Gallery for WordPress', 'Smart Slider 3', 'Smush Image Optimization', 'Table Addons for Elementor', 'UTF-8', 'Variation Swatches for WooCommerce', 'Woo Themes', 'WooCommerce', 'WooCommerce Checkout', 'WordPress', 'WordPress Multisite', 'eLand', 'jQuery']"
udaipurseoservices.in,SEO Company in Udaipur – SEO Services in Udaipur,,IND,75,27088,2026-09-13T06:11:09.689817568Z,"['Alternate Protocol', 'Contact Form Plugin', 'Content Delivery Network', 'Contento', 'EmbedPress', 'Facebook Conversion Tracking', 'Facebook Login', 'Facebook Messenger Platform', 'Facebook Pixel', 'Facebook Reseller', 'Facebook Tag API', 'Font Awesome', 'Google Cloud DNS', 'Google Font API', 'Google My Business', 'Google Related Website Sites', 'IcoMoon', 'LayerSlider Responsive', 'LiteSpeed', 'PHP', 'Pagekit', 'QUIC', 'Smush Image Optimization', 'StatCounter', 'Strong Testimonials', 'Subversion', 'Theme In WP', 'UTF-8', 'WhatsApp Sharing', 'Woo Themes', 'WordPress', 'WordPress Multisite', 'jQuery']"
shaniabrown.design,Shania Brown Design,,,45,1138,2026-09-13T06:01:12.725631015Z,"['AWS WAF Challenge', 'Adobe Creative Cloud WebFonts', 'Alternate Protocol', 'Cloudflare', 'Cloudflare CDN', 'Content Delivery Network', 'Elementor', 'EmbedPress', 'Google', 'Google Cloud DNS', 'Google Font API', 'Google My Business', 'IcoMoon', 'Instagram Follow Button', 'NFOrce Internet', 'Nginx', 'PHP', 'Pagekit', 'Smush Image Optimization', 'Theme In WP', 'UTF-8', 'WPForms', 'WordPress', 'WordPress Multisite', 'jQuery']"
shinerm.com,"Harker Heights Property Management Company Serving Bell County & Coryell County | Shine Residential Management, Inc.","Shine Residential Management, Inc.",KEN,67,83269,2026-09-13T06:01:12.722288219Z,"['AWS WAF Challenge', 'Alternate Protocol', 'Amazon WAF Blocked', 'Anti-spam for WordPress', 'AppFolio', 'CleanTalk Spam Protect', 'Cloudflare', 'Content Delivery Network', 'CookieYes', 'DAV', 'Divi', 'Elegant Themes', 'EmbedPress', 'Fireblade', 'Font Awesome', 'Fourandhalf', 'Google Analytics', 'Google Tag Manager', 'Microdata for Google Shopping', 'One Designs', 'PHP', 'Pagekit', 'PropertyMeld', 'Prospective', 'QUIC', 'RM Education', 'Smush Image Optimization', 'Tailwind CSS', 'Theme In WP', 'UTF-8', 'Vector Internet Services', 'WP Engine', 'Woo Themes', 'WordPress', 'WordPress Multisite', 'jQuery']"
colefordwelcomeswalkers.co.uk,Coleford Welcomes Walkers - Coleford Welcomes Walkers,Coleford Welcomes Walkers,,60,1981,2026-09-13T06:01:12.698482531Z,"['Alternate Protocol', 'Apache', 'Content Delivery Network', 'Divi', 'Elegant Themes', 'EmbedPress', 'GZIP Module', 'Google', 'Google Analytics', 'Google Cloud CDN', 'Google Cloud DNS', 'Google Font API', 'Google Tag Manager', 'Instagram Follow Button', 'Microdata for Google Shopping', 'PHP', 'Pagekit', 'Smush Image Optimization', 'Theme In WP', 'Town Web', 'UTF-8', 'Woo Themes', 'WordPress', 'WordPress Multisite', 'jQuery']"
naska.ai,AI in Construction | Reduce risk and uncertainty in your projects,Naska,ESP,92,44096,2026-09-13T05:37:38.778279498Z,"['ADFOX', 'Alternate Protocol', 'Amazon WAF Blocked', 'Apture Linking Platform', 'Contact Form Plugin', 'Content Delivery Network', 'DAV', 'EmbedPress', 'Fastly', 'Font Awesome', 'Fontello', 'GDPR Cookie Compliance', 'GZIP Module', 'GeneratePress Company', 'Google', 'Google Analytics', 'Google Cloud DNS', 'Google Font API', 'Google Related Website Sites', 'Google Tag Manager', 'Greenhouse', 'Gutenberg Blocks by Kadence Blocks', 'HubSpot WordPress Plugin', 'Instagram Follow Button', 'Microdata for Google Shopping', 'Nginx', 'PHP', 'Pagekit', 'QUIC', 'SVG Support', 'Smush Image Optimization', 'Strong Testimonials', 'Table of Contents Plus', 'Theme In WP', 'Twitter Ads', 'UTF-8', 'WP Logo Showcase', 'WordPress', 'WordPress Multisite', 'Yandex Hosting', 'Yandex Metrika', 'YouTube', 'jQuery', 'jsDelivr']"
ridgeway-online.com,Ridgeway - Ridgeway-Online,Ridgeway Belfast,GBR,92,41228,2026-09-13T05:24:43.412304484Z,"['AWS WAF Challenge', 'Alternate Protocol', 'Content Delivery Network', 'Elfsight', 'EmbedPress', 'Facebook Conversion Tracking', 'Facebook Login', 'Facebook Messenger Platform', 'Facebook Pixel', 'Facebook Reseller', 'Facebook Tag API', 'Fastly', 'Fireblade', 'Flatsome', 'FormSubmit', 'GZIP Module', 'Google Analytics', 'Google Custom Search', 'Google My Business', 'Google Related Website Sites', 'Google Tag Manager', 'IcoMoon', 'Instagram Follow Button', 'Kitco', 'Metricool', 'Microdata for Google Shopping', 'NFOrce Internet', 'PHP', 'Pagekit', 'QUIC', 'Site Kit', 'Smush Image Optimization', 'Tawk', 'Theme In WP', 'Twitter Ads', 'UTF-8', 'WordPress', 'WordPress Multisite', 'YouTube', 'YouTube Advanced by Embed Plus', 'eLand', 'jQuery']"
aliensem.com,Home - AlienSEM,,USA,77,3092,2026-09-13T05:24:43.411172929Z,"['Adult Content', 'Alternate Protocol', 'Amazon WAF Blocked', 'Calendly', 'Divi', 'Elegant Themes', 'EmbedPress', 'GZIP Module', 'Google Analytics', 'Google Cloud DNS', 'Google Font API', 'Google Related Website Sites', 'Google Tag Manager', 'Jetpack', 'Microdata for Google Shopping', 'NFOrce Internet', 'Nginx', 'PHP', 'Pagekit', 'Smush Image Optimization', 'UTF-8', 'WP Fastest Cache', 'Woo Themes', 'WordPress', 'WordPress Multisite', 'WordPress Stats']"
twobudsdispensary.nyc,Two Buds Cannabis Dispensary | New York Weed Delivery,,,72,3389,2026-09-13T05:24:43.394334909Z,"['Alternate Protocol', 'Cloudflare', 'Cloudflare CDN', 'Coming Soon Page', 'Content Delivery Network', 'Digital Ocean Spaces', 'Elementor', 'EmbedPress', 'GenerateBlocks', 'Google Analytics', 'Google Tag Manager', 'Instagram Follow Button', 'Microdata for Google Shopping', 'NFOrce Internet', 'Ntent', 'Pagekit', 'Sitelinks Search Box', 'Smush Image Optimization', 'The Plus Addons for Elementor', 'TrustIndex', 'UTF-8', 'UserWay', 'WordPress', 'WordPress Multisite', 'jQuery']"
spa-repairs.com.au,Spa Repairs Adelaide - Spa Repairs Adelaide,Pool And Spa Repairs Adelaide,AUS,82,20274,2026-09-13T05:24:43.383001369Z,"['AWS WAF Challenge', 'Alternate Protocol', 'Apache', 'CDN JS', 'Cloudflare', 'Cloudflare CDN', 'DAV', 'EmbedPress', 'GZIP Module', 'Google', 'Google Cloud DNS', 'Google Font API', 'Google My Business', 'Google Related Website Sites', 'IcoMoon', 'Instagram Follow Button', 'Microdata for Google Shopping', 'Ntent', 'PHP', 'Pagekit', 'QUIC', 'Simple Social Icons', 'Smart Slider 3', 'Smush Image Optimization', 'StudioPress', 'Theme In WP', 'TrustIndex', 'UTF-8', 'WPFront Scroll Top', 'WordPress', 'WordPress Multisite', 'eLand', 'jQuery']"
voxcleaningservices.com,Vox Cleaning Services - Vox Cleaning Services,,,82,5564,2026-09-13T05:13:04.628714989Z,"['Alternate Protocol', 'Apture Linking Platform', 'Elementor', 'ElementsKit Elementor', 'EmbedPress', 'Essential Addons for Elementor', 'GZIP Module', 'Google Analytics', 'Google Customer Reviews', 'Google My Business', 'Google Tag Manager', 'Gravity', 'Gravity Forms', 'HappyAddons', 'Header, Footer and Blocks for Elementor', 'Hello Elementor', 'Housecall Pro', 'Microdata for Google Shopping', 'NFOrce Internet', 'Nginx', 'PHP', 'Pagekit', 'Pico CSS', 'QUIC', 'Sitelinks Search Box', 'Smush Image Optimization', 'Sticky Header Effects for Elementor', 'Table Addons for Elementor', 'Theme In WP', 'To Top', 'UTF-8', 'WP Rocket', 'Web Studio', 'Woo Themes', 'WordPress', 'WordPress Multisite', 'eLand', 'reCAPTCHA']"
tnfit.com,Top Notch Fitness – Full Service Fitness,,USA,77,17507,2026-09-13T05:01:27.605987766Z,"['AWS WAF Challenge', 'Alternate Protocol', 'Cloudflare', 'Cloudflare CDN', 'EmbedPress', 'GZIP Module', 'Google', 'Google Analytics', 'Google My Business', 'Google Tag Manager', 'Instagram Follow Button', 'Nginx', 'PHP', 'Pagekit', 'Smush Image Optimization', 'ThemeFusion', 'UTF-8', 'WordPress', 'WordPress Multisite', 'jQuery']"
vickysartstudio.com,"Monart Ottawa | Creative Art Classes for Kids, Teens, & Adults",,CAN,82,1033,2026-09-13T05:01:27.572667404Z,"['Alternate Protocol', 'DAV', 'EmbedPress', 'Express', 'GZIP Module', 'Google Cloud DNS', 'Google Font API', 'Google My Business', 'IcoMoon', 'Instagram Follow Button', 'MailChimp', 'Microdata for Google Shopping', 'Nectar Slide Plugin', 'Nginx', 'PHP', 'Pagekit', 'QUIC', 'Salient', 'Smush Image Optimization', 'Theme In WP', 'UTF-8', 'University or College', 'W3 Total Cache', 'WPBakery', 'WordPress', 'WordPress Multisite', 'YouTube', 'jQuery']"
taramcgrath.com,"Tara McGrath, M.F.T. | Queer Therapist in San Diego, California",,USA,82,25086,2026-09-13T05:01:27.552394143Z,"['AWS WAF Challenge', 'AdRoll', 'Adult Content', 'Alternate Protocol', 'Cloudflare', 'Cloudflare CDN', 'Content Delivery Network', 'EmbedPress', 'EmbedSocial', 'Font Awesome', 'GDPR Consent Management Platform', 'Google', 'Google Analytics', 'Google Cloud CDN', 'Google Cloud DNS', 'Google Font API', 'Google My Business', 'Google Related Website Sites', 'Google Tag Manager', 'Instagram Follow Button', 'Klaviyo', 'Klaviyo for WordPress', 'Microdata for Google Shopping', 'NFOrce Internet', 'Otter Blocks', 'PHP', 'Pagekit', 'Quantcast Measurement', 'Slider Revolution', 'Smush Image Optimization', 'The7', 'Theme In WP', 'US Privacy User Signal Mechanism', 'UTF-8', 'Visual Composer Ultimate Addons', 'WP Engine', 'WPBakery', 'WordPress', 'WordPress Multisite', 'jQuery']"
fashionimpactspecialist.com,Home - Fashion Impact Specialist,Fashion Impact Specialist,CHN,70,18580,2026-09-13T04:49:51.230332463Z,"['AWS WAF Challenge', 'Alternate Protocol', 'Apache', 'Cloudflare', 'Cloudflare CDN', 'Coming Soon Page', 'Complianz', 'Creative Mail by Constant Contact', 'Divi', 'Elegant Themes', 'EmbedPress', 'GZIP Module', 'Google', 'Google Analytics', 'Google Cloud DNS', 'Google Font API', 'Google My Business', 'Google Tag Manager', 'Instagram Follow Button', 'Jetpack', 'Microdata for Google Shopping', 'PHP', 'Pagekit', 'Smush Image Optimization', 'Theme In WP', 'UTF-8', 'Woo Themes', 'WordPress', 'WordPress Multisite', 'WordPress Stats', 'jQuery']"
syntheticsimaging.net,Synthetics Imaging - Synthetics Imaging,Synthetics Imaging,USA,77,35603,2026-09-13T04:15:18.378333877Z,"['AWS WAF Challenge', 'Alternate Protocol', 'Amazon', 'Amazon S3 CDN', 'Apache', 'Apture Linking Platform', 'Cloudflare', 'Cloudflare CDN', 'EmbedPress', 'Fireblade', 'GZIP Module', 'Google', 'Google Analytics', 'Google Cloud CDN', 'Google Cloud DNS', 'Google Font API', 'Google My Business', 'Google Tag Manager', 'Microdata for Google Shopping', 'MonsterInsights', 'PHP', 'Pagekit', 'Slider Revolution', 'Smush Image Optimization', 'Storyblocks', 'The7', 'Theme In WP', 'UTF-8', 'Visual Composer Ultimate Addons', 'WPBakery', 'WordPress', 'WordPress Multisite', 'YouTube', 'eLand', 'jQuery']"
mweaveteranscbo.co.ke,Mwea Veterans CBO - Community Based Organization,Mwea Veterans CBO,KEN,92,169,2026-09-13T04:15:18.376801308Z,"['Alternate Protocol', 'Content Delivery Network', 'EmbedPress', 'Google Analytics', 'Google Tag Manager', 'InitiativeS', 'LiteSpeed', 'Microdata for Google Shopping', 'PHP', 'Pagekit', 'QUIC', 'Sitelinks Search Box', 'Smush Image Optimization', 'Tailwind CSS', 'The SEO Framework', 'Theme In WP', 'UTF-8', 'WordPress', 'WordPress Multisite', 'shadcn ui']"
gpnagepalli.in,मुख्यपृष्ठ - gpnagepalli.in,,IND,65,4929,2026-09-13T03:50:59.994673562Z,"['Alternate Protocol', 'Astra Theme', 'Content Delivery Network', 'Elementor', 'ElementsKit Elementor', 'EmbedPress', 'Google', 'Google Analytics', 'Google Cloud DNS', 'Google Font API', 'Google Maps', 'Google My Business', 'Google Tag Manager', 'Gtranslate for Wordpress', 'LiteSpeed', 'Metform Elemento', 'Microdata for Google Shopping', 'NFOrce Internet', 'PHP', 'Pagekit', 'Royal Elementor Addons', 'Smush Image Optimization', 'Theme In WP', 'UTF-8', 'Woo Themes', 'WordPress', 'WordPress Multisite', 'WordPress Related Posts', 'jQuery']"
artisanrealtors.com,Home - Artisan Realtors,Artisan Realtors,USA,70,383,2026-09-13T03:29:37.63618996Z,"['AJAX Libraries API', 'AddThis', 'AddThis for Wordpress', 'Alternate Protocol', 'Apache', 'EmbedPress', 'Font Awesome', 'GZIP Module', 'Google Analytics', 'Google Cloud DNS', 'Google Font API', 'Google Tag Manager', 'Gravity Forms', 'Microdata for Google Shopping', 'OpenSSL', 'PHP', 'Pagekit', 'Smush Image Optimization', 'Theme In WP', 'Twitter Ads', 'UTF-8', 'WP PageNavi', 'WordPress', 'WordPress Multisite', 'YouTube', 'jQuery']"
jetglobalaviation.com,JetGlobal Aviation,,CAN,60,,2026-09-13T03:16:15.191280238Z,"['Alternate Protocol', 'Apache', 'Astra Theme', 'EmbedPress', 'GZIP Module', 'Google Analytics', 'Google Maps', 'Google My Business', 'Google Tag Manager', 'Instagram Follow Button', 'PHP', 'Pagekit', 'QUIC', 'Smush Image Optimization', 'Theme In WP', 'UTF-8', 'Woo Themes', 'WordPress', 'WordPress Multisite', 'WordPress Related Posts']"
bluecainrosystem.com,Landing Page - Bluecain,,,60,181,2026-09-13T03:07:06.855823266Z,"['Alternate Protocol', 'Divi', 'Elegant Themes', 'EmbedPress', 'Google Cloud DNS', 'Google Font API', 'Microdata for Google Shopping', 'Nginx', 'PHP', 'Pagekit', 'Smush Image Optimization', 'Theme In WP', 'UTF-8', 'Woo Themes', 'WooCommerce', 'WooCommerce Checkout', 'WordPress', 'WordPress Multisite', 'jQuery']"
molecules-group.com,Molecules Group,,SEN,75,20585,2026-09-13T02:52:30.722311284Z,"['Alternate Protocol', 'Apture Linking Platform', 'Astra Theme', 'Content Delivery Network', 'Elementor', 'EmbedPress', 'Envoy', 'Fireblade', 'GZIP Module', 'Gambling Content', 'Google', 'Google Cloud DNS', 'Google Font API', 'NFOrce Internet', 'Oddle', 'PHP', 'Pagekit', 'Smush Image Optimization', 'Theme In WP', 'UTF-8', 'Woo Themes', 'WordPress', 'WordPress Multisite', 'WordPress Related Posts', 'YouTube']"
livingwordorland.org,Welcome - Living Word Lutheran Church,,,72,4886,2026-09-13T02:31:52.725493798Z,"['AJAX Libraries API', 'Alternate Protocol', 'BJ Lazy Load for WordPress', 'Beaver Builder Lite', 'CDN JS', 'Cloudflare', 'Cloudflare CDN', 'Contact Form Plugin', 'Content Delivery Network', 'Custom Facebook Feed', 'Easy Twitter Feed Widget Plugin', 'EmbedPress', 'Everest Forms', 'Font Awesome', 'Google', 'Google Analytics', 'Google Cloud CDN', 'Google Cloud DNS', 'Google Font API', 'Google My Business', 'IcoMoon', 'Instagram Follow Button', 'LiteSpeed', 'Microdata for Google Shopping', 'My Calendar', 'PHP', 'Pagekit', 'QUIC', 'Simple Share Buttons Adder', 'Smush Image Optimization', 'Theme In WP', 'UTF-8', 'WP Polls', 'WordPress', 'WordPress Multisite', 'WordPress Related Posts', 'YouTube', 'a3 Lazy Load', 'jQuery', 'jsDelivr', 'reCAPTCHA']"
healthequitymatters.ca,Home - Northwestern Health Unit: Health Equity Matters,Northwestern Health Unit,USA,77,26927,2026-09-13T01:59:23.064008842Z,"['AWS WAF Challenge', 'Adult Content', 'Alternate Protocol', 'Apache', 'BLR', 'Bulma', 'Elementor', 'EmbedPress', 'GZIP Module', 'Genesis Blocks', 'GitHub Hosting', 'Google Analytics', 'Google Cloud DNS', 'Google Font API', 'Google My Business', 'Google Tag Manager', 'Hestia', 'IcoMoon', 'Instagram Follow Button', 'Microdata for Google Shopping', 'Ninja Forms', 'PHP', 'Pagekit', 'Smush Image Optimization', 'Stackable Page Builder Gutenberg Blocks', 'Theme In WP', 'Tumblr', 'Twitter Ads', 'UTF-8', 'WPForms', 'Woo Themes', 'WooCommerce Checkout', 'WordPress', 'WordPress Multisite', 'WordPress Related Posts', 'YouTube', 'jQuery']"
pesco-onlinebill.pk,PESCO Online Bill Check 2026 – View & Download Duplicate Electricity Bill,PESCO Online Bill,PAK,87,34492,2026-09-13T01:43:08.367275875Z,"['AWS WAF Challenge', 'Alternate Protocol', 'Angular', 'CDN JS', 'Cloudflare', 'Cloudflare CDN', 'Cloudflare Web Analytics', 'Contact Form Plugin', 'Content Delivery Network', 'EmbedPress', 'Fireblade', 'Google', 'Google Adsense', 'Google Funding Choices', 'Google Matched Content', 'Google My Business', 'Google Reseller', 'Kadence WP', 'LiteSpeed', 'Microdata for Google Shopping', 'OneSignal', 'PHP', 'Pagekit', 'Perl', 'QUIC', 'Smush Image Optimization', 'Theme In WP', 'Twitter Ads', 'UTF-8', 'WordPress', 'WordPress Multisite', 'jQuery', 'jsDelivr']"
klcomputer.my,IT Service Provider & Managed IT Services | KL Computer,KL Computer,,67,5440,2026-09-13T01:32:04.43349008Z,"['Alternate Protocol', 'Astra Theme', 'Click to Chat for WhatsApp', 'Contact Form Plugin', 'CyberJay', 'DuracellTomi Google Tag Manager for WordPress', 'Elementor', 'EmbedPress', 'Essential Addons for Elementor', 'Font Awesome', 'Google Analytics', 'Google My Business', 'Google Tag Manager', 'Header, Footer and Blocks for Elementor', 'LiteSpeed', 'Microdata for Google Shopping', 'NFOrce Internet', 'Nginx', 'Ntent', 'PHP', 'Pagekit', 'Parallels Plesk Panel', 'QUIC', 'Royal Elementor Addons', 'Smush Image Optimization', 'Table Addons for Elementor', 'Theme In WP', 'TrustIndex', 'UTF-8', 'Unix', 'Woo Themes', 'WordPress', 'WordPress Multisite', 'WordPress Related Posts', 'hCaptcha', 'jQuery', 'reCAPTCHA']"
reviveestatesgroup.co.uk,Land Development Consultancy UK | Revive Estates Group,Revive Estates Group,USA,92,21160,2026-09-13T01:32:04.43145183Z,"['Alternate Protocol', 'Apache', 'Astra Theme', 'Autoptimize', 'Content Delivery Network', 'Elementor', 'EmbedPress', 'GZIP Module', 'Google Analytics', 'Google Related Website Sites', 'Google Tag Manager', 'KVH', 'Microdata for Google Shopping', 'PHP', 'Pagekit', 'Parcel', 'Site Kit', 'Smush Image Optimization', 'Theme In WP', 'WPFront Notification Bar', 'WordPress', 'WordPress Multisite', 'jQuery']"
meridiangrouprem.com,Welcome - Meridian Group Real Estate,Meridian Group Real Estate,,60,303,2026-09-13T01:16:44.565450377Z,"['Alternate Protocol', 'CDN JS', 'Cloudflare', 'Cloudflare CDN', 'ElementUI', 'EmbedPress', 'Formidable Pro Form', 'Google Cloud DNS', 'Google Font API', 'Google Maps', 'Instagram Follow Button', 'Microdata for Google Shopping', 'PHP', 'Pagekit', 'Smush Image Optimization', 'Theme In WP', 'TrustIndex', 'UTF-8', 'WordPress', 'WordPress Multisite', 'jQuery', 'jsDelivr']"
flexappealsd.com,San Diego Top Gym - Flex Appeal,Flex Appeal Fitness Center,PHL,72,16212,2026-09-13T00:30:19.182126411Z,"['Affirm', 'Alternate Protocol', 'CheryFramework', 'Contact Form Plugin', 'EmbedPress', 'GZIP Module', 'Google', 'Google Analytics', 'Google Cloud DNS', 'Google Font API', 'Google My Business', 'Google Related Website Sites', 'Google Tag Manager', 'Instagram Follow Button', 'Microdata for Google Shopping', 'Nginx', 'PHP', 'Pagekit', 'RM Education', 'Smush Image Optimization', 'SoTellUs', 'The Events Calendar', 'Theme In WP', 'UTF-8', 'University or College', 'WP Mobile Menu', 'WP Rocket', 'WPBakery', 'WPML Multilingual', 'Woo Themes', 'WooCommerce', 'WooCommerce Checkout', 'WordPress', 'WordPress Multisite', 'Yandex Hosting', 'YouTube', 'eLand', 'jQuery']"
pocketaces.studio,#1 Dental Marketing Agency - PocketAces Studios,PocketAces Studios,,82,18794,2026-09-13T00:30:19.162392874Z,"['AWS WAF Challenge', 'Alternate Protocol', 'Cloudflare', 'Cloudflare CDN', 'Content Delivery Network', 'EmbedPress', 'GenerateBlocks', 'GeneratePress Company', 'Google', 'Google Analytics', 'Google Cloud DNS', 'Google Font API', 'Google My Business', 'Google Tag Manager', 'Instagram Follow Button', 'LiteSpeed', 'Microdata for Google Shopping', 'PHP', 'Pagekit', 'QUIC', 'Sitelinks Search Box', 'Smush Image Optimization', 'Theme In WP', 'UTF-8', 'WP Engine', 'WordPress', 'WordPress Multisite', 'jQuery']"
loveberners.com,Mini Bernese Mountain Dog Puppies - Love Berners,Love Berners | Mini Bernese Mountain Dog Puppies,GBR,82,41642,2026-09-13T00:20:53.890289534Z,"['AWS WAF Challenge', 'Alternate Protocol', 'Apture Linking Platform', 'Azion', 'Cloudflare', 'Cloudflare CDN', 'Content Delivery Network', 'EmbedPress', 'Google', 'Google Analytics', 'Google My Business', 'Google Tag Manager', 'IcoMoon', 'Instagram Follow Button', 'KVH', 'LiteSpeed', 'Microdata for Google Shopping', 'NFOrce Internet', 'Ntent', 'PHP', 'Pagekit', 'Parallels Plesk Panel', 'Perl', 'QUIC', 'Site Kit', 'Sitelinks Search Box', 'Smush Image Optimization', 'Thank You', 'ThemeFusion', 'TrustIndex', 'UTF-8', 'WP Accessibility', 'Woo Themes', 'WooCommerce', 'WooCommerce Checkout', 'WordPress', 'WordPress Multisite', 'YouTube', 'eLand', 'jQuery']"
airtoolexperts.co.uk,Industrial Pumps and Air Compressors | Aroplus UK,Aroplus (UK) Ltd,GBR,87,10695,2026-09-13T00:20:53.872819179Z,"['Alternate Protocol', 'Astra Theme', 'Complianz', 'Content Delivery Network', 'Elementor', 'EmbedPress', 'Font Awesome', 'Google', 'Google Analytics', 'Google Cloud DNS', 'Google Font API', 'Google My Business', 'Google Related Website Sites', 'Google Tag Manager', 'Instagram Follow Button', 'Kitco', 'Microdata for Google Shopping', 'NFOrce Internet', 'Nginx', 'PHP', 'Pagekit', 'Parallels Plesk Panel', 'QUIC', 'Site Kit', 'Sitelinks Search Box', 'Smush Image Optimization', 'Theme In WP', 'UTF-8', 'Woo Themes', 'WooCommerce', 'WooCommerce Checkout', 'WordPress', 'WordPress Multisite', 'WordPress Related Posts', 'YouTube', 'jQuery']"
pristinemomentsovencleaning.co.uk,Oven Cleaning Coulsdon - Pristine Moments Oven Cleaning,https://pristinemomentsovencleaning.co.uk,CAN,82,19796,2026-09-13T00:05:49.775391748Z,"['AWS WAF Challenge', 'Alternate Protocol', 'Apache', 'Astra Theme', 'Cloudflare', 'Cloudflare CDN', 'Content Delivery Network', 'Elementor', 'EmbedPress', 'GZIP Module', 'Google', 'Google Cloud DNS', 'Google Font API', 'Google Maps', 'Google My Business', 'Header, Footer and Blocks for Elementor', 'Microdata for Google Shopping', 'NFOrce Internet', 'PHP', 'Pagekit', 'QUIC', 'Schema Plugin', 'Smush Image Optimization', 'Theme In WP', 'UTF-8', 'WPForms', 'Woo Themes', 'WordPress', 'WordPress Multisite', 'WordPress Related Posts', 'jQuery']"
nichapaflorist.com,ร้านดอกไม้ ณิชาภา - Nichapa Florist,ร้านดอกไม้ณิชาภา - Nichapa Florist,AUS,67,37707,2026-09-12T23:57:18.46705274Z,"['AWS WAF Challenge', 'Alternate Protocol', 'Cloudflare', 'Cloudflare CDN', 'Cloudflare Web Analytics', 'Contact Form Plugin', 'EmbedPress', 'Fireblade', 'GetButton.io', 'Google Analytics', 'Google Maps', 'Google My Business', 'Google Related Website Sites', 'Google Tag Manager', 'Instagram Follow Button', 'LiteSpeed', 'Microdata for Google Shopping', 'PHP', 'Pagekit', 'SVG Support', 'SiteOrigin', 'SiteOrigin Panels', 'Smush Image Optimization', 'Sydney Theme', 'Theme In WP', 'UTF-8', 'Vantage', 'Vector Internet Services', 'WPForms', 'Woo Themes', 'WordPress', 'WordPress Multisite', 'jQuery', 'reCAPTCHA']"
allinonedocument.com,All In One Document - Buy Real/fake Passports and ID cards Online,All In One Document,AUS,82,32955,2026-09-12T23:45:06.99421075Z,"['Alternate Protocol', 'Apture Linking Platform', 'Cloudflare', 'Cloudflare CDN', 'Cloudflare Web Analytics', 'Content Delivery Network', 'Elementor', 'EmbedPress', 'Fireblade', 'Font Awesome', 'FreeCSSTemplates', 'Google', 'Google Cloud DNS', 'Google Font API', 'Google Related Website Sites', 'HubSpot WordPress Plugin', 'JivoSite', 'LiteSpeed', 'Microdata for Google Shopping', 'NFOrce Internet', 'Ninja Forms', 'PHP', 'Pagekit', 'Post Views Counter', 'SiteOrigin', 'Sitelinks Search Box', 'Smush Image Optimization', 'Sydney Theme', 'TablePress', 'Telegram', 'Theme In WP', 'UTF-8', 'University or College', 'WPForms', 'Woo Themes', 'WordPress', 'WordPress Multisite', 'Yandex Hosting', 'jQuery']"
aliint.com,ALIINT - ALIINT,,JPN,72,2470,2026-09-12T23:45:06.977373207Z,"['Alternate Protocol', 'Elementor', 'EmbedPress', 'Font Awesome', 'Google Cloud DNS', 'Google Font API', 'IcoMoon', 'LiteSpeed', 'Microdata for Google Shopping', 'NFOrce Internet', 'PHP', 'Pagekit', 'QUIC', 'Smush Image Optimization', 'Theme In WP', 'Woo Themes', 'WooCommerce', 'WooCommerce Checkout', 'WordPress', 'WordPress Multisite', 'jQuery']"
pcc.ee,PCC Projekt AS – | Design of building structures,,EST,70,4383,2026-09-12T23:45:06.950851393Z,"['Alternate Protocol', 'Apache', 'Autoptimize', 'Contact Form Plugin', 'EmbedPress', 'GZIP Module', 'Google', 'Google Analytics', 'Google Analytics Dashboard for WordPress', 'Google Cloud DNS', 'Google Maps', 'Google My Business', 'Google Tag Manager', 'Instagram Follow Button', 'Microdata for Google Shopping', 'NFOrce Internet', 'PHP', 'Pagekit', 'Polylang', 'QUIC', 'Schema Plugin', 'Slider Revolution', 'Smush Image Optimization', 'Theme In WP', 'UTF-8', 'WordPress', 'WordPress Multisite', 'jQuery']"
nnymobilenotary.com,C&S Notary – Northern NY's Mobile Notary,,USA,70,45705,2026-09-12T23:33:46.528044464Z,"['Alternate Protocol', 'Cloudflare', 'Content Delivery Network', 'Contento', 'DAV', 'EmbedPress', 'GoDaddy', 'Google Cloud DNS', 'Google Font API', 'Impreza', 'KVH', 'PHP', 'Pagekit', 'QUIC', 'Smush Image Optimization', 'Theme In WP', 'UTF-8', 'WPBakery', 'WordPress', 'WordPress Multisite', 'jQuery']"
pocatello-propertymanagement.com,Pocatello Property Management | Expert Services for Property Owners,Jacob Grant Property Management,USA,82,62058,2026-09-12T23:33:46.520580123Z,"['AWS WAF Challenge', 'Alternate Protocol', 'Amazon WAF Blocked', 'Anti-spam for WordPress', 'AppFolio', 'Birdeye', 'CleanTalk Spam Protect', 'Cloudflare', 'Content Delivery Network', 'CookieYes', 'Divi', 'Elegant Themes', 'EmbedPress', 'Fireblade', 'Fourandhalf', 'Google Analytics', 'Google My Business', 'Google Tag Manager', 'Microdata for Google Shopping', 'One Designs', 'PHP', 'Page-list for WordPress', 'Pagekit', 'Smush Image Optimization', 'Tailwind CSS', 'Theme In WP', 'Twitter Ads', 'UTF-8', 'WP Engine', 'Woo Themes', 'WordPress', 'WordPress Multisite', 'YouTube', 'jQuery']"
enhancebeauty.co.za,"Enhance Beauty Clinic – Specialized Treatments, Skin Lesion Removal, Permanent Make-up, Tattoo Removal, Pigmentation, Laser Hair Removal, Beauty Treatments,",,,60,1248,2026-09-12T22:48:55.884894147Z,"['Alternate Protocol', 'Elementor', 'EmbedPress', 'Fastly', 'Font Awesome', 'Google Analytics', 'Google Tag Manager', 'Hello Elementor', 'Instagram Follow Button', 'LiteSpeed', 'NFOrce Internet', 'PHP', 'Pagekit', 'QUIC', 'QuadLayers', 'Site Kit', 'Smush Image Optimization', 'Theme In WP', 'WP Fastest Cache', 'Woo Themes', 'WooCommerce', 'WooCommerce Checkout', 'WordPress', 'WordPress Multisite', 'YouTube']"
skgplasticsurgery.gr,Πλαστικοί χειρουργοί Θεσσαλονίκη - skgplasticsurgery.gr,,GRC,92,28905,2026-09-12T22:36:18.524786663Z,"['Alternate Protocol', 'Asana', 'Contento', 'EmbedPress', 'Facebook Conversion Tracking', 'Facebook Login', 'Facebook Messenger Platform', 'Facebook Pixel', 'Facebook Reseller', 'Facebook Tag API', 'Google Analytics', 'Google Related Website Sites', 'Google Tag Manager', 'Instagram Follow Button', 'LiteSpeed', 'Microdata for Google Shopping', 'PHP', 'Pagekit', 'Sitelinks Search Box', 'Smush Image Optimization', 'Theme In WP', 'Twitter Ads', 'WP Fastest Cache', 'WPBakery', 'Woo Themes', 'WooCommerce Checkout', 'WordPress', 'WordPress Multisite', 'YouTube', 'jQuery']"
pusarankp.org,PUSARAN-KP FOUNDATION - INDONESIA,,,55,603,2026-09-12T22:21:50.704345744Z,"['All in One SEO Pack', 'Alternate Protocol', 'Cloudflare', 'Cloudflare CDN', 'Contact Form Plugin', 'ETranslate', 'EmbedPress', 'GTranslate', 'Google Analytics', 'Google Cloud DNS', 'Google Font API', 'Google My Business', 'Google Tag Manager', 'Gtranslate for Wordpress', 'PHP', 'Pagekit', 'Smush Image Optimization', 'Tailwind CSS', 'Theme In WP', 'UTF-8', 'Woo Themes', 'WordPress', 'WordPress Multisite', 'YouTube', 'jQuery']"
alumaluxedesign.com,Home - Certified Home Stager & Designer in,,USA,75,2282,2026-09-12T22:21:50.700536803Z,"['Alternate Protocol', 'Better Lead Generation Services', 'Content Delivery Network', 'ContentBox', 'EmbedPress', 'Google Cloud DNS', 'Google Font API', 'Instagram Follow Button', 'Investor Relations', 'LiteSpeed', 'Meta Slider for WordPress', 'Microdata for Google Shopping', 'No-Q', 'PHP', 'Pagekit', 'Pico CSS', 'Smush Image Optimization', 'Theme In WP', 'Thrive Themes', 'UTF-8', 'Woo Themes', 'WooCommerce', 'WooCommerce Checkout', 'WordPress', 'WordPress Multisite', 'jQuery', 'reCAPTCHA']"
manchestertreeservices.co.uk,Tree Surgeons Manchester | Manchester Tree Services Ltd,Manchester Tree Services Ltd,GBR,92,3865,2026-09-12T22:11:45.376952103Z,"['Alternate Protocol', 'CDN JS', 'Cloudflare', 'Cloudflare CDN', 'Contact Form Plugin', 'Content Delivery Network', 'EmbedPress', 'Facebook Login', 'Facebook Reseller', 'Flatsome', 'Font Awesome', 'GZIP Module', 'Google My Business', 'IcoMoon', 'Jetpack', 'Kinsta', 'Microdata for Google Shopping', 'Nginx', 'PHP', 'Pagekit', 'Parallels Plesk Panel', 'Perl', 'QUIC', 'Smush Image Optimization', 'Theme In WP', 'UTF-8', 'WordPress', 'WordPress Multisite', 'jQuery', 'reCAPTCHA']"
nhesswebermusic.com.au,"Nhess Weber Music | Voice Lessons, Gospel Choir & Vocal Coaching in Melbourne",,AUS,87,2634,2026-09-12T21:13:10.196495907Z,"['Alternate Protocol', 'Content Delivery Network', 'Custom Facebook Feed', 'Custom Twitter Feeds', 'Easy Accordio', 'Elementor', 'ElementsKit Elementor', 'EmbedPress', 'Express', 'Facebook Conversion Tracking', 'Facebook Login', 'Facebook Messenger Platform', 'Facebook Pixel', 'Facebook Reseller', 'Facebook Tag API', 'FormSubmit', 'Google Analytics', 'Google Tag Manager', 'Header, Footer and Blocks for Elementor', 'Instagram Feed for WordPress', 'Instagram Follow Button', 'Jeg Elementor Kit', 'LiteSpeed', 'Microdata for Google Shopping', 'NFOrce Internet', 'PHP', 'Pagekit', 'Perl', 'PixelYourSite', 'Premium Addons for Elementor', 'Qi Addons For Elementor', 'Site Kit', 'Smush Image Optimization', 'Stripe', 'Table Addons for Elementor', 'UTF-8', 'University or College', 'WPFront Scroll Top', 'WordPress', 'WordPress Multisite', 'YouTube', 'eLand', 'jQuery']"
afie.ca,Automotive Finance & Insurance Elite – A team of experts to work for you.,,USA,70,2764,2026-09-12T21:13:10.188189249Z,"['Alternate Protocol', 'AutoComplete', 'Cloudflare', 'Content Delivery Network', 'EmbedPress', 'Event Tickets for Wordpress', 'Fontello', 'Google', 'Google Cloud DNS', 'Google Font API', 'Google Maps', 'Google My Business', 'Microdata for Google Shopping', 'PHP', 'Pagekit', 'Schema Plugin', 'Smush Image Optimization', 'Theme In WP', 'UTF-8', 'WP Rocket', 'WPBakery', 'WordPress', 'WordPress Multisite', 'eLand', 'jQuery']"
atlantideresto.be,L'Atlantide Restaurant Hellenique Brussels,,BEL,67,481,2026-09-12T21:03:53.258887506Z,"['Alternate Protocol', 'Cookie Accept', 'Cookie Notice', 'DAV', 'Divi', 'Elegant Themes', 'EmbedPress', 'GZIP Module', 'Google Cloud DNS', 'Google Font API', 'Google My Business', 'Microdata for Google Shopping', 'Nginx', 'PHP', 'Page scroll to id', 'Pagekit', 'Smush Image Optimization', 'Theme In WP', 'UTF-8', 'W3 Total Cache', 'Woo Themes', 'WordPress', 'WordPress Multisite', 'jQuery']"
onthemarkdigital.com,Santa Rosa SEO & Web Design | On The Mark Digital,On The Mark Digital,CAN,87,51889,2026-09-12T20:51:04.272243788Z,"['AWS WAF Challenge', 'Alternate Protocol', 'Apture Linking Platform', 'Better Lead Generation Services', 'Cisco/Arrowpoint Content Service Switch', 'Cloudinary', 'Complianz', 'Contact Form Plugin', 'Content Delivery Network', 'EmbedPress', 'Express', 'Flatsome', 'Gambling Content', 'Google Analytics', 'Google My Business', 'Google Related Website Sites', 'Google Tag Manager', 'IcoMoon', 'Instagram Feed for WordPress', 'Instagram Follow Button', 'LiteSpeed', 'Microdata for Google Shopping', 'Neighborhoods', 'Ntent', 'On The Map', 'PHP', 'Pagekit', 'Perl', 'Pico CSS', 'Prospective', 'QUIC', 'Sitelinks Search Box', 'Smush Image Optimization', 'Tailwind CSS', 'Theme In WP', 'Twitter Ads', 'UTF-8', 'University or College', 'Woo Themes', 'WooCommerce', 'WooCommerce Checkout', 'WooCommerce Payments', 'WordPress', 'WordPress Multisite', 'Yelp Badge', 'YouTube', 'eLand', 'jQuery', 'reCAPTCHA']"
progressivegrower.com,Progressive Grower - Shop Grower Supplies Online,"Progressive Grower, Inc.",USA,92,33182,2026-09-12T20:27:59.97526415Z,"['Alternate Protocol', 'Apture Linking Platform', 'Cloudflare', 'Contact Form Plugin', 'Content Delivery Network', 'Elementor', 'EmbedPress', 'Fireblade', 'GoDaddy', 'Google Analytics', 'Google Cloud DNS', 'Google Font API', 'Google Related Website Sites', 'Google Tag Manager', 'Instagram Follow Button', 'Microdata for Google Shopping', 'NFOrce Internet', 'PHP', 'Pagekit', 'Perl', 'Porto Wordpress', 'QUIC', 'Smush Image Optimization', 'Theme In WP', 'UTF-8', 'Vue.js', 'Wangsu', 'Woo Themes', 'WooCommerce', 'WooCommerce Checkout', 'WordPress', 'WordPress Multisite', 'jQuery']"
bvsanitationca.com,Big Valley Sanitation,,USA,77,32504,2026-09-12T20:12:37.241757392Z,"['Alternate Protocol', 'Content Delivery Network', 'Contento', 'EmbedPress', 'Fastly', 'GZIP Module', 'GoDaddy', 'Google Analytics', 'Google Cloud DNS', 'Google Font API', 'Google My Business', 'Google Related Website Sites', 'Google Tag Manager', 'Impreza', 'Microdata for Google Shopping', 'Mixpanel', 'Nginx', 'PHP', 'Pagekit', 'QUIC', 'Sitelinks Search Box', 'Smush Image Optimization', 'Theme In WP', 'UTF-8', 'WPBakery', 'Woo Themes', 'WordPress', 'WordPress Multisite', 'iPromote', 'jQuery']"
ledconstructionca.com,Home - LED Construction,,USA,70,1493,2026-09-12T20:12:37.212223573Z,"['Adult Content', 'Alternate Protocol', 'Complianz', 'Divi', 'Elegant Themes', 'EmbedPress', 'Font Awesome', 'Google Cloud DNS', 'Google Font API', 'Google Maps', 'Google My Business', 'Google Related Website Sites', 'LiteSpeed', 'Microdata for Google Shopping', 'PHP', 'Pagekit', 'QUIC', 'Slider Revolution', 'Smush Image Optimization', 'Supreme Modules Lite', 'Theme In WP', 'UTF-8', 'Woo Themes', 'WordPress', 'WordPress Multisite', 'jQuery']"
zurkaroofing.com.au,"Zurka Roofing – Restoring, Repairing & Reviving Roofs with Care and Precision",,AUS,70,17499,2026-09-12T19:50:24.827233396Z,"['Alternate Protocol', 'Apture Linking Platform', 'Contact Form Plugin', 'Elementor', 'ElementsKit Elementor', 'EmbedPress', 'Fireblade', 'Google Analytics', 'Google Cloud DNS', 'Google Customer Reviews', 'Google Font API', 'Google Tag Manager', 'Hello Elementor', 'Instagram Follow Button', 'Investor Relations', 'NFOrce Internet', 'Ntent', 'PHP', 'Pagekit', 'QUIC', 'Smush Image Optimization', 'Table Addons for Elementor', 'Theme In WP', 'TrustIndex', 'UTF-8', 'WordPress', 'WordPress Multisite', 'jQuery']"
smilehighfilm.com,aerial photography drone filming 360 panorama,SMILE HIGH FILM,GBR,77,36466,2026-09-12T19:37:18.265022917Z,"['AWS WAF Challenge', 'Alternate Protocol', 'Automattic', 'Automattic Direct', 'Cloudflare', 'Cloudflare CDN', 'DAV', 'EmbedPress', 'Endis', 'Google', 'Google Analytics', 'Google Cloud DNS', 'Google Font API', 'Google My Business', 'Google Related Website Sites', 'Google Tag Manager', 'Gutenberg Blocks by Kadence Blocks', 'Instagram Follow Button', 'Jetpack', 'Kadence WP', 'Microdata for Google Shopping', 'MonsterInsights', 'NFOrce Internet', 'PHP', 'Pagekit', 'Presto Player', 'Smush Image Optimization', 'Theme In WP', 'Twitter Ads', 'UTF-8', 'Video Embed and Thumbnail Generator', 'Vimeo', 'Woo Themes', 'WordPress', 'WordPress Multisite', 'WordPress Stats', 'jQuery']"
celynfarm.co.uk,Celyn Farm | Bed and breakfast Abergavenny Monmouthshire,,,60,325,2026-09-12T19:37:18.239976557Z,"['Alternate Protocol', 'Content Delivery Network', 'Divi', 'Elegant Themes', 'EmbedPress', 'Express', 'GZIP Module', 'Google Cloud DNS', 'Google Font API', 'Google My Business', 'Instagram Follow Button', 'Nginx', 'PHP', 'Pagekit', 'Parallels Plesk Panel', 'Smush Image Optimization', 'Theme In WP', 'Twitter Ads', 'UTF-8', 'WP Fastest Cache', 'WordPress', 'WordPress Multisite', 'jQuery', 'reCAPTCHA']"
woodlandsacademybristol.com,Home - Woodlands Academy,,,82,22167,2026-09-12T19:26:41.753742752Z,"['AWS WAF Challenge', 'Alternate Protocol', 'Cloudflare', 'Content Delivery Network', 'CookieYes', 'ElementUI', 'EmbedPress', 'Fastly', 'GoDaddy', 'Google Analytics', 'Google My Business', 'Google Tag Manager', 'Microdata for Google Shopping', 'Microsoft 365', 'MonsterInsights', 'Oxygen', 'Oxygen Builder', 'Pagekit', 'QUIC', 'Smush Image Optimization', 'UTF-8', 'University or College', 'WordPress', 'WordPress Multisite', 'YouTube', 'jQuery']"
musurveying.ca,Miller & Urso Surveying Inc,,USA,70,1275,2026-09-12T19:11:44.092885082Z,"['Alternate Protocol', 'Elementor', 'EmbedPress', 'Google Cloud DNS', 'Google Font API', 'Google Maps', 'Google My Business', 'IcoMoon', 'OceanWP', 'PHP', 'Pagekit', 'Popup Maker for Wordpress', 'QUIC', 'Smush Image Optimization', 'Tailwind CSS', 'Theme In WP', 'UTF-8', 'WP Mobile Menu', 'Woo Themes', 'WordPress', 'WordPress Multisite', 'WordPress Related Posts', 'jQuery']"
trespassingaloud.com,Trespassing Aloud – A Podcast with John M. Schroeder,,USA,70,19541,2026-09-12T19:02:09.324632991Z,"['AWS WAF Challenge', 'Adobe Creative Cloud WebFonts', 'Alternate Protocol', 'Cloudflare', 'Contact Form Plugin', 'Content Delivery Network', 'Elementor', 'EmbedPress', 'Genesis Blocks', 'GiveWP', 'Google Analytics', 'Google Cloud DNS', 'Google Font API', 'Google Tag Manager', 'IcoMoon', 'Instagram Follow Button', 'NFOrce Internet', 'PHP', 'Pagekit', 'Smush Image Optimization', 'Table Addons for Elementor', 'Theme In WP', 'Twitter Ads', 'UTF-8', 'WP Engine', 'Woo Themes', 'WooCommerce', 'WooCommerce Checkout', 'WordPress', 'WordPress Multisite', 'YouTube', 'jQuery']"
bardawille.com.au,Bardawille | Commercial Furniture Sydney | Bardawille Pty Ltd,Bardawille Pty Ltd,AUS,77,4397,2026-09-12T18:50:08.568731237Z,"['Alternate Protocol', 'Astra Theme', 'Contact Form Plugin', 'Content Delivery Network', 'Elementor', 'EmbedPress', 'Gambling Content', 'Google', 'Google Cloud DNS', 'Google Font API', 'Instagram Follow Button', 'LiteSpeed', 'Microdata for Google Shopping', 'NFOrce Internet', 'PHP', 'Pagekit', 'QUIC', 'Sitelinks Search Box', 'Smush Image Optimization', 'Theme In WP', 'UTF-8', 'Woo Themes', 'WordPress', 'WordPress Multisite', 'WordPress Related Posts', 'jQuery']"
getbright.se,Bright Energy AB – Energy Management. Made Easy.,,SWE,65,503,2026-09-12T18:38:09.957379543Z,"['Alternate Protocol', 'Apache', 'CDN JS', 'Cloudflare', 'Cloudflare CDN', 'EmbedPress', 'GZIP Module', 'Google Analytics', 'Google My Business', 'Google Tag Manager', 'MonsterInsights', 'Newsletter for Wordpress', 'PHP', 'Pagekit', 'Polylang', 'QUIC', 'Share Link', 'Smush Image Optimization', 'Tailwind CSS', 'Theme In WP', 'UTF-8', 'Ubuntu', 'WP Fastest Cache', 'WordPress', 'WordPress Multisite', 'jQuery']"
metatechsales.com,Home 4 – Meta Technical,,USA,65,17498,2026-09-12T18:13:26.111703434Z,"['Alternate Protocol', 'Apache', 'Contact Form Plugin', 'Elementor', 'EmbedPress', 'Endurance Page Cache', 'Essential Addons for Elementor', 'Exclusive Addons for Elementor', 'Fastly', 'GZIP Module', 'Google Analytics', 'Google My Business', 'Google Tag Manager', 'Gravity', 'Gravity Forms', 'HappyAddons', 'Hello Elementor', 'Jetpack', 'Mailster WordPress Newsletter Plugin', 'NFOrce Internet', 'PHP', 'Pagekit', 'RM Education', 'Smush Image Optimization', 'Theme In WP', 'To Top', 'UTF-8', 'Vector Internet Services', 'Woo Themes', 'WordPress', 'WordPress Multisite', 'eLand', 'jQuery']"
heartofwellness.org,"Heart of Wellness: Family Medicine, Naturopathic Physicians","Heart of Wellness: Integrative Primary Care, Naturopathic Medicine, Functional Medicine, Nutrition, Acupuncture, Physical Therapy, Massage Therapy",USA,82,3319,2026-09-12T18:13:26.091071883Z,"['Alternate Protocol', 'Contact Form Plugin', 'Content Delivery Network', 'DAV', 'EmbedPress', 'Facebook Login', 'Facebook Messenger Platform', 'Facebook Pixel', 'Facebook Reseller', 'Facebook Tag API', 'Fastly', 'Flatsome', 'Formidable Pro Form', 'Fullscript', 'GZIP Module', 'Google Analytics', 'Google My Business', 'Google Tag Manager', 'IcoMoon', 'Instagram Follow Button', 'Microdata for Google Shopping', 'PHP', 'Pagekit', 'Pleroma', 'Simple Banner for Wordpress', 'Site Kit', 'Smush Image Optimization', 'Tailwind CSS', 'Theme In WP', 'Twitter Ads', 'UTF-8', 'Woo Themes', 'WordPress', 'WordPress Multisite', 'Yelp Badge', 'YouTube', 'jQuery', 'shadcn ui']"
progsweb.com,Progsweb IT Solutions: Your Partner in Digital Growth,Progsweb IT Solutions,IND,77,36393,2026-09-12T17:47:30.354158181Z,"['AWS WAF Challenge', 'Alternate Protocol', 'Automattic', 'Better Lead Generation Services', 'Easy Pie Chart', 'Elementor', 'ElementsKit Elementor', 'EmbedPress', 'Express', 'Fireblade', 'FormSubmit', 'GZIP Module', 'Google', 'Google Analytics', 'Google Cloud CDN', 'Google Cloud DNS', 'Google Font API', 'Google Related Website Sites', 'Google Tag Manager', 'Instagram Follow Button', 'Jetpack', 'Lazy Load for WordPress', 'Metform Elemento', 'Microdata for Google Shopping', 'NFOrce Internet', 'Nginx', 'PHP', 'Pagekit', 'Slider Revolution', 'Smush Image Optimization', 'Tailwind CSS', 'Tawk', 'Theme In WP', 'TrustIndex', 'UTF-8', 'Woo Themes', 'WordPress', 'WordPress Multisite', 'YouTube', 'eLand', 'jQuery']"
stemsfromlovefloraldesign.ie,Stems From Love Floral Design - Florist Bunclody Co.Wexford,,,77,34684,2026-09-12T17:37:22.34887609Z,"['Alternate Protocol', 'Apache', 'Contact Form Plugin', 'EmbedPress', 'Font Awesome', 'Google', 'Google Analytics', 'Google Cloud CDN', 'Google Cloud DNS', 'Google Font API', 'Google Maps', 'Google My Business', 'Google Related Website Sites', 'Google Tag Manager', 'Microdata for Google Shopping', 'OpenSSL', 'PHP', 'Pagekit', 'Perl', 'Slider Revolution', 'Smush Image Optimization', 'The Fresh', 'Theme In WP', 'ThemeFusion', 'UTF-8', 'WP Super Cache', 'Woo Themes', 'WooCommerce', 'WooCommerce Checkout', 'WordPress', 'WordPress Multisite', 'jQuery', 'reCAPTCHA']"
ozarkimplantsandperio.com,Ozark Dental Implants and Periodontics,,NOR,77,5182,2026-09-12T16:51:31.17668829Z,"['Alternate Protocol', 'Azion', 'Divi', 'Elegant Themes', 'EmbedPress', 'Google', 'Google Cloud CDN', 'Google Cloud DNS', 'Google Font API', 'Google My Business', 'LiteSpeed', 'Menu Icons by ThemeIsle', 'PHP', 'Pagekit', 'QUIC', 'Smush Image Optimization', 'Theme In WP', 'UTF-8', 'Woo Themes', 'WordPress', 'WordPress Multisite', 'jQuery', 'reCAPTCHA']"
thebuyingagents.com,Buying Agents London | UK Property Finders,The Buying Agents,GBR,77,17544,2026-09-12T16:51:31.163347836Z,"['AWS WAF Challenge', 'Apache', 'Apture Linking Platform', 'CDN JS', 'Cloudflare', 'Cloudflare CDN', 'Elementor', 'EmbedPress', 'GZIP Module', 'Google Analytics', 'Google Cloud DNS', 'Google Font API', 'Google Related Website Sites', 'Google Tag Manager', 'Hello Elementor', 'Instagram Follow Button', 'Microdata for Google Shopping', 'NFOrce Internet', 'OpenSSL', 'Pagekit', 'Smush Image Optimization', 'UTF-8', 'Unix', 'WordPress', 'WordPress Multisite', 'jQuery']"
spotless-carwash.nl,Home — Escrow365,Escrow 365,NLD,70,15584,2026-09-12T16:31:03.848461266Z,"['AJAX Libraries API', 'Adobe Creative Cloud WebFonts', 'Alternate Protocol', 'Apture Linking Platform', 'EmbedPress', 'Fireblade', 'Font Awesome', 'GZIP Module', 'Google Analytics', 'Google Cloud DNS', 'Google Tag Manager', 'Microdata for Google Shopping', 'Nginx', 'PHP', 'PWA', 'Pagekit', 'Smush Image Optimization', 'Theme In WP', 'UTF-8', 'WordPress', 'WordPress Multisite']"
celinacopierprinterrepairsolutions.com,Copier and Printer Repair Solutions - Celina Copier and Printer Repair Solutions in North Texas,,USA,77,2456,2026-09-12T16:17:13.094157801Z,"['Alternate Protocol', 'Contact Form Plugin', 'Divi', 'Elegant Themes', 'EmbedPress', 'GZIP Module', 'Google Analytics', 'Google Cloud DNS', 'Google Font API', 'Google My Business', 'Google Related Website Sites', 'Google Tag Manager', 'Jetpack', 'Lazy Load for WordPress', 'Nginx', 'PHP', 'Pagekit', 'QUIC', 'Smush Image Optimization', 'Theme In WP', 'UTF-8', 'Woo Themes', 'WordPress', 'WordPress Multisite', 'WordPress Related Posts', 'jQuery', 'reCAPTCHA']"
propertiesbuzz.in,Home Default - propertiesbuzz.in,propertiesbuzz.in,IND,77,4383,2026-09-12T16:17:13.093781314Z,"['Alternate Protocol', 'Cloudflare', 'Content Delivery Network', 'Elementor', 'EmbedPress', 'Google', 'Google Adsense', 'Google Analytics', 'Google Cloud CDN', 'Google Cloud DNS', 'Google Font API', 'Google Funding Choices', 'Google Matched Content', 'Google My Business', 'Google Related Website Sites', 'Google Reseller', 'Google Tag Manager', 'Header, Footer and Blocks for Elementor', 'Houzez', 'Instagram Follow Button', 'LiteSpeed', 'Microdata for Google Shopping', 'MonsterInsights', 'PHP', 'Pagekit', 'Site Kit', 'Smush Image Optimization', 'Thank You', 'Theme In WP', 'UTF-8', 'User Registration for Wordpress', 'WPForms', 'Woo Themes', 'WooCommerce', 'WooCommerce Checkout', 'WordPress', 'WordPress Multisite', 'YouTube', 'jQuery', 'shadcn ui']"
fplaw.co,Experienced Defense Law Firm - Florida Criminal Defense Attorney,Frank Prieto Law,CHL,77,74996,2026-09-12T16:07:00.210945835Z,"['AWS WAF Challenge', 'Alternate Protocol', 'Apache', 'Column Shortcodes', 'EmbedPress', 'Express', 'GZIP Module', 'Google Analytics', 'Google Cloud DNS', 'Google Font API', 'Google My Business', 'Google Tag Manager', 'HubSpot WordPress Plugin', 'Kriesi.at', 'Microdata for Google Shopping', 'PHP', 'Pagekit', 'SMC', 'Simple Banner for Wordpress', 'Sitelinks Search Box', 'Smush Image Optimization', 'The SEO Framework', 'Theme In WP', 'UTF-8', 'WPML Multilingual', 'WordPress', 'WordPress Multisite', 'eLand', 'jQuery']"
fitnfearlesspt.com,Home - Fit n Fearless,Fit N Fearless,AUS,87,21606,2026-09-12T15:44:50.363679305Z,"['AWS WAF Challenge', 'Alternate Protocol', 'Amazon', 'Amazon S3 CDN', 'Calendly', 'Cloudflare', 'Cloudflare CDN', 'Content Delivery Network', 'EmbedPress', 'Fancybox for WordPress', 'GenerateBlocks', 'GeneratePress Company', 'Google', 'Google Analytics', 'Google Cloud DNS', 'Google Font API', 'Google My Business', 'Google Tag Manager', 'Instagram Follow Button', 'LiteSpeed', 'Microdata for Google Shopping', 'PHP', 'Pagekit', 'QUIC', 'Shopify', 'Smush Image Optimization', 'Storyblocks', 'Theme In WP', 'UTF-8', 'WordPress', 'WordPress Carousel', 'WordPress Multisite', 'YouTube', 'jQuery']"
alliumcounseling.org,Best Counseling services | Mental Health Awareness And Guidance,,USA,92,26983,2026-09-12T15:44:50.321617079Z,"['AWS WAF Challenge', 'Adobe Creative Cloud WebFonts', 'Akismet', 'Alternate Protocol', 'Automattic', 'BatCache', 'Blog2Social', 'Contact Form Plugin', 'Content Delivery Network', 'CoreUI', 'Elementor', 'EmbedPress', 'Fastly', 'Fontello', 'Google Analytics', 'Google Maps', 'Google My Business', 'Google Related Website Sites', 'Google Tag Manager', 'IcoMoon', 'Instagram Follow Button', 'Jetpack', 'Jetpack Site Accelerator', 'Microdata for Google Shopping', 'NFOrce Internet', 'Nginx', 'PHP', 'Pagekit', 'Popup Builder', 'Sitelinks Search Box', 'Smush Image Optimization', 'Subversion', 'Thank You', 'Theme In WP', 'Twitter Ads', 'UTF-8', 'Vector Internet Services', 'WP GDPR Compliance', 'WordPress', 'WordPress Multisite', 'WordPress Stats', 'eLand', 'jQuery']"
actnormal.co.nz,Act Normal - Act Normal,Act Normal,,55,63,2026-09-12T15:44:50.289577021Z,"['Alternate Protocol', 'Elementor', 'EmbedPress', 'Google', 'Google Cloud CDN', 'Google Cloud DNS', 'Google Font API', 'Hello Elementor', 'LiteSpeed', 'Microdata for Google Shopping', 'PHP', 'Pagekit', 'QUIC', 'Smush Image Optimization', 'Theme In WP', 'UTF-8', 'WordPress', 'WordPress Multisite', 'jQuery']"
guidetogreatergainesville.com,Home - Guide to Greater Gainesville,,USA,75,17605,2026-09-12T15:11:08.452943943Z,"['Alternate Protocol', 'Apture Linking Platform', 'CM Commerce', 'Cloudflare', 'CoBlocks', 'Content Delivery Network', 'EmbedPress', 'GoDaddy', 'Google Analytics', 'Google My Business', 'Google Tag Manager', 'Instagram Follow Button', 'Line2', 'Microdata for Google Shopping', 'PHP', 'Pagekit', 'QUIC', 'Smush Image Optimization', 'Theme In WP', 'Twitter Ads', 'UTF-8', 'University or College', 'WPBakery', 'Wangsu', 'Website Tonight', 'Woo Themes', 'WooCommerce', 'WooCommerce Checkout', 'WordPress', 'WordPress Multisite', 'YouTube', 'eLand', 'jQuery', 'reCAPTCHA']"
edinaspanishlessons.com,Edina Spanish Lessons. Learn spanish online,Edina Spanish Lessons,PHL,87,3822,2026-09-12T14:58:48.701990724Z,"['Alternate Protocol', 'Autoptimize', 'Contact Form Plugin', 'Content Delivery Network', 'DAV', 'Divi', 'Elegant Themes', 'EmbedPress', 'Google Cloud DNS', 'Google Font API', 'Google Maps', 'Google My Business', 'Google Related Website Sites', 'Instagram Follow Button', 'LiteSpeed', 'Microdata for Google Shopping', 'NFOrce Internet', 'PHP', 'Pagekit', 'ProfilePress', 'QUIC', 'Smush Image Optimization', 'Theme In WP', 'UTF-8', 'University or College', 'WordPress', 'WordPress Multisite', 'YouTube', 'eLand', 'jQuery', 'reCAPTCHA']"
thegardenroomstudio.com,"Living & Landscape Design Studio, Poole | The Garden Room",,USA,82,3291,2026-09-12T14:58:48.683258127Z,"['Adobe Creative Cloud WebFonts', 'Alternate Protocol', 'Apture Linking Platform', 'CDN JS', 'Cloudflare', 'Cloudflare CDN', 'Contact Form Plugin', 'Elegant Themes', 'EmbedPress', 'Font Awesome', 'Google', 'Google Analytics', 'Google Cloud DNS', 'Google Font API', 'Google Tag Manager', 'Instagram Feed for WordPress', 'Instagram Follow Button', 'LiteSpeed', 'Microdata for Google Shopping', 'PHP', 'Pagekit', 'QUIC', 'Smush Image Optimization', 'Tailwind CSS', 'Theme In WP', 'UTF-8', 'WP Rocket', 'WordPress', 'WordPress Multisite', 'jQuery']"
devonshirehealthbarn.uk,"Spa in the Yorkshire Dales | The Devonshire Arms Hotel, Bolton Abbey",The Devonshire Arms Hotel,GBR,87,19450,2026-09-12T14:50:21.825604388Z,"['AWS WAF Challenge', 'Adobe Creative Cloud WebFonts', 'Alternate Protocol', 'Amazon', 'Amazon CloudFront', 'Apture Linking Platform', 'CloudFront', 'Cloudflare', 'Content Delivery Network', 'Cybot', 'EmbedPress', 'Google Analytics', 'Google Tag Manager', 'Instagram Follow Button', 'Microdata for Google Shopping', 'PHP', 'Pagekit', 'Search and Filter Pro', 'Smush Image Optimization', 'Theme In WP', 'UTF-8', 'WP Engine', 'WordPress', 'WordPress Multisite', 'YouTube', 'jQuery']"
chotuukieducation.org,Chotuu ki Education,,,50,5763,2026-09-12T14:35:28.601962956Z,"['AWS WAF Challenge', 'Alternate Protocol', 'Astra Theme', 'Cloudflare', 'Cloudflare CDN', 'Content Delivery Network', 'Elementor', 'EmbedPress', 'Google', 'Google Cloud DNS', 'Google Font API', 'Google My Business', 'Instagram Follow Button', 'LiteSpeed', 'NFOrce Internet', 'PHP', 'Pagekit', 'Salesforce Hosted', 'Smush Image Optimization', 'Theme In WP', 'UTF-8', 'Woo Themes', 'WordPress', 'WordPress Multisite', 'WordPress Related Posts', 'YouTube', 'jQuery']"
elvationusa-vet.com,Veterinary Shockwave Therapy – PiezoWave2T VET | ElvationUSA VET,ElvationUSA VET,,82,107290,2026-09-12T14:25:22.561474347Z,"['Complianz', 'DAV', 'Divi', 'Elegant Themes', 'EmbedPress', 'Ethy', 'Financial Services Guide', 'GZIP Module', 'Google Analytics', 'Google Tag Manager', 'HHVM', 'HubSpot Conversations', 'Hubspot', 'Instagram Follow Button', 'K2F', 'KVH', 'Microdata for Google Shopping', 'Nationwide Mortgage Licensing System and Registry', 'Nginx', 'No-Q', 'PHP', 'Pagekit', 'QUIC', 'SMC', 'Smush Image Optimization', 'Subversion', 'Theme In WP', 'UTF-8', 'Visx', 'W3 Total Cache', 'Woo Themes', 'WordPress', 'WordPress Multisite', 'jQuery']"
deevenasafetynets.in,Home | Deevena enterprises,,IND,77,21185,2026-09-12T14:02:59.772957338Z,"['AWS WAF Challenge', 'Alternate Protocol', 'Apache', 'Astra Theme', 'Cloudflare', 'Cloudflare CDN', 'Content Delivery Network', 'Elementor', 'EmbedPress', 'Ethy', 'Express', 'Google', 'Google Analytics', 'Google Cloud DNS', 'Google Conversion Tracking', 'Google Customer Reviews', 'Google Font API', 'Google Maps', 'Google My Business', 'Google Tag Manager', 'Instagram Follow Button', 'LiteSpeed', 'Microdata for Google Shopping', 'NFOrce Internet', 'Ntent', 'PHP', 'Pagekit', 'QUIC', 'Sitelinks Search Box', 'Smush Image Optimization', 'Tawk', 'Theme In WP', 'TrustIndex', 'Twitter Ads', 'UTF-8', 'WhatsApp Sharing', 'Woo Themes', 'WordPress', 'WordPress Multisite', 'WordPress Related Posts', 'jQuery']"
isaac-hall.com,Isaac Hall | AI Marketing for Plumbing & HVAC,,,77,55275,2026-09-12T13:53:25.717039957Z,"['Alternate Protocol', 'Amazon WAF Blocked', 'Apture Linking Platform', 'Astra Theme', 'Cloudflare', 'Cloudflare Web Analytics', 'Elementor', 'EmbedPress', 'GZIP Module', 'Google', 'Google Cloud DNS', 'Google Font API', 'Google Related Website Sites', 'Header, Footer and Blocks for Elementor', 'Instagram Follow Button', 'Lazy Load for WordPress', 'Microdata for Google Shopping', 'NFOrce Internet', 'Pagekit', 'QUIC', 'SMC', 'Sitelinks Search Box', 'Smush Image Optimization', 'The Post Grid', 'Twitter Ads', 'UTF-8', 'WP Rocket', 'Woo Themes', 'WordPress', 'WordPress Multisite', 'WordPress Related Posts', 'YouTube']"
kashmir-walks.com,Kashmir Walks – Bespoke Experiences,,IND,70,1523,2026-09-12T13:53:25.696942008Z,"['Alternate Protocol', 'Apture Linking Platform', 'Contact Form Plugin', 'Content Delivery Network', 'EmbedPress', 'Font Awesome', 'Google Cloud DNS', 'Google Font API', 'Google Maps', 'Google My Business', 'Instagram Follow Button', 'Linktree', 'LiteSpeed', 'Oddle', 'PHP', 'Pagekit', 'QUIC', 'Slider Revolution', 'Smush Image Optimization', 'Tailwind CSS', 'Theme In WP', 'UTF-8', 'WordPress', 'WordPress Multisite', 'eLand', 'jQuery']"
fmedu.org,FM Virtual University®,FMVU,,77,3240,2026-09-12T13:53:25.696808737Z,"['Alternate Protocol', 'Astra Theme', 'Click to Chat for WhatsApp', 'Contact Form Plugin', 'DAV', 'Elementor', 'ElementsKit Elementor', 'EmbedPress', 'Essential Addons for Elementor', 'Google', 'Google Analytics', 'Google Cloud DNS', 'Google Font API', 'Google Maps', 'Google My Business', 'Google Tag Manager', 'Instagram Follow Button', 'Microdata for Google Shopping', 'PHP', 'Pagekit', 'QUIC', 'Royal Elementor Addons', 'Smart Slider 3', 'Smush Image Optimization', 'The Events Calendar', 'Twitter Ads', 'UTF-8', 'University or College', 'Woo Themes', 'WooCommerce', 'WooCommerce Checkout', 'WordPress', 'WordPress Multisite', 'YouTube', 'eLand']"
ybasolicitors.com,YBA & Co. Solicitors – Solicitors and Real Estate Consultants,,NGA,70,18222,2026-09-12T13:53:25.68593804Z,"['Alternate Protocol', 'CDN JS', 'Cloudflare', 'Cloudflare CDN', 'Content Delivery Network', 'Corporate Governance and Regulatory Compliance', 'DAV', 'EmbedPress', 'Fastly', 'Fireblade', 'Font Awesome', 'Go Pricing', 'Google Cloud DNS', 'Google Font API', 'IcoMoon', 'Instagram Follow Button', 'LiteSpeed', 'PHP', 'Pagekit', 'Slider Revolution', 'Smush Image Optimization', 'Tailwind CSS', 'The7', 'Theme In WP', 'Twitter Ads', 'UTF-8', 'Visual Composer Ultimate Addons', 'WPBakery', 'WordPress', 'WordPress Multisite', 'jQuery']"
mulherontreeexperts.com,"Tree Company | Kensington, North Kensington & Bethesda, MD | Mulheron Tree Experts",Mulheron Tree Experts,,82,3484,2026-09-12T13:18:01.505037694Z,"['Alternate Protocol', 'Cloudflare', 'Content Delivery Network', 'DAV', 'Elementor', 'EmbedPress', 'Facebook CDN', 'GoDaddy', 'Google Analytics', 'Google My Business', 'Google Tag Manager', 'Hello Elementor', 'Instagram Follow Button', 'Microdata for Google Shopping', 'NFOrce Internet', 'Pagekit', 'QUIC', 'Smush Image Optimization', 'Table Addons for Elementor', 'UTF-8', 'University or College', 'WordPress', 'WordPress Multisite', 'YouTube', 'jQuery', 'reCAPTCHA']"
qldsocialenterpriseconference.com.au,Queensland Social Enterprise Conference,,,55,302,2026-09-12T13:18:01.496507224Z,"['AWS WAF Challenge', 'Alternate Protocol', 'ElementUI', 'EmbedPress', 'Font Awesome', 'Google Analytics', 'Google Cloud DNS', 'Google Font API', 'Google My Business', 'Google Tag Manager', 'LiteSpeed', 'MonsterInsights', 'PHP', 'Pagekit', 'Smush Image Optimization', 'UTF-8', 'WordPress', 'WordPress Multisite']"
fourengineers.com,Four Engineers – Engineering Solutions,,PAK,65,418,2026-09-12T13:18:01.483014227Z,"['Alternate Protocol', 'Apache', 'Apture Linking Platform', 'Astra Theme', 'Better Lead Generation Services', 'Elementor', 'EmbedPress', 'GZIP Module', 'Google Cloud DNS', 'Google Font API', 'Google Maps', 'Google My Business', 'PHP', 'Pagekit', 'QUIC', 'Smush Image Optimization', 'Table Addons for Elementor', 'Theme In WP', 'UTF-8', 'WordPress', 'WordPress Multisite', 'jQuery']"
precastmantels.com,Precast mantels | Precast fireplace surround,Precast Mantels,USA,82,29301,2026-09-12T12:55:58.376086923Z,"['Alternate Protocol', 'Apache', 'Apture Linking Platform', 'Automattic', 'CoBlocks', 'Contact Form Plugin', 'Creative Mail by Constant Contact', 'DuracellTomi Google Tag Manager for WordPress', 'EmbedPress', 'Express', 'Facebook Conversion Tracking', 'Facebook Customer Chat SDK', 'Facebook Login', 'Facebook Messenger Platform', 'Facebook Pixel', 'Facebook Reseller', 'Facebook Tag API', 'GZIP Module', 'GoDaddy', 'Google', 'Google Analytics', 'Google Cloud CDN', 'Google Cloud DNS', 'Google Font API', 'Google Tag Manager', 'IcoMoon', 'Instagram Follow Button', 'Jetpack', 'Lazy Load for WordPress', 'MailChimp', 'Microdata for Google Shopping', 'NFOrce Internet', 'Negate', 'PHP', 'Pagekit', 'Perl', 'Sitelinks Search Box', 'Slider Revolution', 'Smush Image Optimization', 'Tailwind CSS', 'Theme In WP', 'UTF-8', 'Variation Swatches for WooCommerce', 'WP Fastest Cache', 'WPBakery', 'Wangsu', 'Woo Themes', 'WordPress', 'WordPress Multisite', 'WordPress Stats', 'jQuery']"
lossoneros.co.uk,Home - Los Soneros,,GBR,60,902,2026-09-12T12:55:58.372692609Z,"['AWS WAF Challenge', 'Alternate Protocol', 'Apache', 'Cloudflare', 'Cloudflare CDN', 'Elementor', 'EmbedPress', 'GZIP Module', 'Google', 'Google Analytics', 'Google My Business', 'Google Tag Manager', 'Instagram Follow Button', 'Jetpack', 'LiteSpeed', 'Microdata for Google Shopping', 'NFOrce Internet', 'OceanWP', 'PHP', 'Pagekit', 'Smush Image Optimization', 'Theme In WP', 'TranslatePress', 'UTF-8', 'WPForms', 'Woo Themes', 'WordPress', 'WordPress Multisite', 'WordPress Stats', 'YouTube', 'jQuery', 'reCAPTCHA']"
sps.com.bd,Sales Promotion Service - SPS,,BGD,65,2525,2026-09-12T12:42:23.391076902Z,"['Alternate Protocol', 'EmbedPress', 'Google', 'Google Cloud DNS', 'Google Font API', 'LiteSpeed', 'Microdata for Google Shopping', 'PHP', 'Pagekit', 'Smush Image Optimization', 'Theme In WP', 'UTF-8', 'WordPress', 'WordPress Multisite', 'jQuery']"
abayaservices.com,Building & Commercial Property Maintenance Services | Abaya,Abaya Services,USA,92,19003,2026-09-12T12:42:23.368015048Z,"['AJAX Libraries API', 'AWS WAF Challenge', 'Alternate Protocol', 'Autoptimize', 'Cloudflare', 'Complianz', 'Content Delivery Network', 'ElementUI', 'EmbedPress', 'Fancybox for WordPress', 'Font Awesome', 'Google', 'Google Analytics', 'Google Cloud DNS', 'Google Font API', 'Google Tag Manager', 'Instagram Follow Button', 'Microdata for Google Shopping', 'Pagekit', 'QUIC', 'Sitelinks Search Box', 'Smush Image Optimization', 'UTF-8', 'WP Engine', 'WordPress', 'WordPress Multisite', 'jQuery', 'jsDelivr']"
reoldsmuseum.org,R.E. Olds Transportation Museum | Lansing Car Museum,R.E. Olds Transportation Museum,USA,77,3669,2026-09-12T12:42:23.351316Z,"['Akismet', 'Alternate Protocol', 'Amazon WAF Blocked', 'Apture Linking Platform', 'Aruba', 'BatCache', 'Content Delivery Network', 'EmbedPress', 'Events Manager for WordPress', 'Facebook CDN', 'Fastly', 'Font Awesome', 'Google Analytics', 'Google Tag Manager', 'Gravity', 'Gravity Forms', 'Instagram Follow Button', 'Jetpack', 'Microdata for Google Shopping', 'Nginx', 'PHP', 'Page-list for WordPress', 'Pagekit', 'Smush Image Optimization', 'Square', 'Theme In WP', 'UTF-8', 'WP Rocket', 'WPBakery', 'Woo Themes', 'WooCommerce Checkout', 'WordPress', 'WordPress Multisite', 'WordPress Stats', 'eLand', 'jQuery']"
fanweave.co.uk,Fanweave,,GBR,82,72232,2026-09-12T12:42:23.347318107Z,"['AWS WAF Challenge', 'Alternate Protocol', 'Apture Linking Platform', 'Automattic', 'BatCache', 'Cloudflare', 'Cloudflare CDN', 'Contact Form Plugin', 'Elementor', 'EmbedPress', 'Essential Addons for Elementor', 'Fastly', 'Google', 'Google Analytics', 'Google My Business', 'Google Tag Manager', 'Gutenberg', 'Hello Elementor', 'Instagram Follow Button', 'Jetpack', 'Jetpack Site Accelerator', 'LinkedIn Insights', 'LinkedIn Pixel', 'NFOrce Internet', 'Nginx', 'Pagekit', 'SMC', 'Smush Image Optimization', 'Table Addons for Elementor', 'Twitter Ads', 'UTF-8', 'WordPress', 'WordPress Multisite', 'WordPress Stats', 'jQuery']"
coreasdistribution.com,Home -,Coreas Distribution Limited,,45,2726,2026-09-12T12:29:43.924865721Z,"['AWS WAF Challenge', 'Alternate Protocol', 'Apache', 'BLR', 'Bulma', 'Cloudflare', 'Cloudflare CDN', 'Elementor', 'EmbedPress', 'GZIP Module', 'GitHub Hosting', 'Google', 'Google Analytics', 'Google Cloud DNS', 'Google Font API', 'Google My Business', 'Google Related Website Sites', 'Google Tag Manager', 'Hestia', 'IcoMoon', 'Instagram Feed for WordPress', 'Instagram Follow Button', 'LiteSpeed', 'Microdata for Google Shopping', 'MonsterInsights', 'Ninja Forms', 'Otter Blocks', 'PHP', 'Pagekit', 'Smush Image Optimization', 'Theme In WP', 'Tumblr', 'Twitter Ads', 'UTF-8', 'WPForms', 'Woo Themes', 'WooCommerce Checkout', 'WordPress', 'WordPress Multisite', 'YouTube', 'jQuery']"
timgreenlandscaping.com,Home - Tim Green Landscaping,Tim Green Landscaping,ZAF,82,36237,2026-09-12T12:19:47.780134322Z,"['AWS WAF Challenge', 'Alternate Protocol', 'Cloudflare', 'Cloudflare CDN', 'Content Delivery Network', 'Elementor', 'EmbedPress', 'Essential Addons for Elementor', 'GoDaddy', 'Google', 'Google Analytics', 'Google Cloud DNS', 'Google Font API', 'Google Maps', 'Google My Business', 'Google Tag Manager', 'Header, Footer and Blocks for Elementor', 'IcoMoon', 'Instagram Follow Button', 'Microdata for Google Shopping', 'MonsterInsights', 'NFOrce Internet', 'OceanWP', 'PHP', 'Pagekit', 'Smush Image Optimization', 'Tailwind CSS', 'Theme In WP', 'Twitter Ads', 'UTF-8', 'WP Mobile Menu', 'WPForms', 'Wangsu', 'Woo Themes', 'WordPress', 'WordPress Multisite', 'Yelp Badge', 'YouTube', 'jQuery']"
groundmasterscorp.com,GroundMasters Corporation – Complete Landcare Services,,,50,22476,2026-09-12T11:55:56.865103104Z,"['AWS WAF Challenge', 'Alternate Protocol', 'Amazon WAF Blocked', 'Apture Linking Platform', 'Better Lead Generation Services', 'Cloudflare', 'Cloudflare CDN', 'Cloudflare Turnstile', 'Contact Form Plugin', 'Content Delivery Network', 'DAV', 'EmbedPress', 'Event Tickets for Wordpress', 'FreeBSD', 'GoDaddy', 'Google', 'Google Cloud CDN', 'Gravity', 'Gravity Forms', 'IcoMoon', 'Instagram Feed for WordPress', 'Instagram Follow Button', 'KeyCDN', 'LayerSlider Responsive', 'PHP', 'Pagekit', 'Python', 'QUIC', 'SMC', 'Salesforce Hosted', 'Shopware', 'SiteW', 'Slider Revolution', 'Smush Image Optimization', 'The Events Calendar', 'Theme In WP', 'ThemeFusion', 'Twitter Ads', 'UTF-8', 'University or College', 'Vector Internet Services', 'WP jQuery Lightbox', 'Woo Themes', 'WordPress', 'WordPress Multisite', 'WordPress Related Posts', 'Yandex Hosting', 'jQuery', 'symfony PHP Framework']"
internationalsupplypartners.com,Home - International Supply Partners,International Supply Partners,USA,75,3995,2026-09-12T11:34:16.65509721Z,"['Alternate Protocol', 'Blog Designer Pack', 'Content Delivery Network', 'Divi', 'Elegant Themes', 'EmbedPress', 'Google', 'Google Analytics', 'Google Cloud CDN', 'Google Cloud DNS', 'Google Font API', 'Google My Business', 'Google Tag Manager', 'Instagram Follow Button', 'LiteSpeed', 'Microdata for Google Shopping', 'PHP', 'Pagekit', 'Site Kit', 'Smush Image Optimization', 'Thank You', 'Theme In WP', 'UTF-8', 'University or College', 'Woo Themes', 'WooCommerce', 'WooCommerce Checkout', 'WordPress', 'WordPress Multisite', 'jQuery', 'reCAPTCHA']"
mckeerisk.com,"McKee Risk Management – Specialized Underwriting, Claims & Risk Control",,,55,120,2026-09-12T11:23:21.347246844Z,"['Adobe Creative Cloud WebFonts', 'Alternate Protocol', 'Apache', 'CookieYes', 'EmbedPress', 'GZIP Module', 'Google Adsense', 'Google Analytics', 'Google Funding Choices', 'Google Matched Content', 'Google My Business', 'Google Reseller', 'Google Tag Manager', 'PHP', 'Pagekit', 'QUIC', 'Smush Image Optimization', 'Theme In WP', 'Twitter Ads', 'UTF-8', 'WordPress', 'WordPress Multisite', 'eLand', 'jQuery']"
dsenb.ca,Homepage - Destination Southeast,Brunswick Destination,,72,12800,2026-09-12T11:02:06.078045508Z,"['Alternate Protocol', 'Apture Linking Platform', 'Automattic', 'BatCache', 'Content Delivery Network', 'Custom Facebook Feed', 'Elementor', 'EmbedPress', 'Fastly', 'Font Awesome', 'Google', 'Google Analytics', 'Google Cloud DNS', 'Google Font API', 'Google Tag Manager', 'Gutenberg', 'Hello Elementor', 'Instagram Feed for WordPress', 'Instagram Follow Button', 'Jetpack', 'Jetpack Site Accelerator', 'Microdata for Google Shopping', 'NFOrce Internet', 'Nginx', 'PHP', 'Pagekit', 'Perl', 'Smush Image Optimization', 'The Events Calendar', 'Theme In WP', 'TranslatePress', 'UTF-8', 'Vector Internet Services', 'WordPress', 'WordPress Multisite', 'WordPress Stats', 'jQuery', 'jsDelivr', 'shadcn ui']"
sssphysiotherapy.com.au,SSS Physiotherapy | Keeping South Gippslanders Healthy,,AUS,82,5968,2026-09-12T10:50:44.050858024Z,"['Alternate Protocol', 'Cliniko', 'Content Delivery Network', 'Elementor', 'ElementsKit Elementor', 'EmbedPress', 'Essential Addons for Elementor', 'Fastly', 'GZIP Module', 'Google Analytics', 'Google Tag Manager', 'Hello Elementor', 'Instagram Feed for WordPress', 'Instagram Follow Button', 'Microdata for Google Shopping', 'NFOrce Internet', 'Nginx', 'PHP', 'Pagekit', 'Sitelinks Search Box', 'Smush Image Optimization', 'Table Addons for Elementor', 'Theme In WP', 'UTF-8', 'University or College', 'WordPress', 'WordPress Multisite', 'jQuery']"
printcenterinc.com,Print Shop for all your printing needs and more! - Print Center Inc.,Print Center Inc.,USA,82,6033,2026-09-12T10:43:09.548505287Z,"['Alternate Protocol', 'Apache', 'Elementor', 'EmbedPress', 'Essential Addons for Elementor', 'GZIP Module', 'Google', 'Google Analytics', 'Google Cloud CDN', 'Google Cloud DNS', 'Google Conversion Tracking', 'Google Font API', 'Google My Business', 'Google Related Website Sites', 'Google Tag Manager', 'Matomo Tag Manager', 'Microdata for Google Shopping', 'NFOrce Internet', 'PHP', 'Pagekit', 'QUIC', 'Slider Revolution', 'Smush Image Optimization', 'Thank You', 'Theme In WP', 'UTF-8', 'WordPress', 'WordPress Multisite', 'jQuery']"
mmhdevgroup.com,MISSING MIDDLE HOUSING – DEVELOPMENT GROUP,,USA,65,2039,2026-09-12T10:43:09.509815686Z,"['Alternate Protocol', 'Coming Soon Page', 'Elementor', 'ElementsKit Elementor', 'EmbedPress', 'Essential Addons for Elementor', 'Google Cloud DNS', 'Google Font API', 'Header, Footer and Blocks for Elementor', 'Hello Elementor', 'Instagram Follow Button', 'LiteSpeed', 'MouseWheel Smooth Scroll', 'NFOrce Internet', 'PHP', 'Pagekit', 'QUIC', 'Royal Elementor Addons', 'Smush Image Optimization', 'Theme In WP', 'UTF-8', 'WordPress', 'WordPress Multisite', 'jQuery']"
mutualcapitalinvestmentfund.com,Mutual Capital Investment Fund,Mutual Capital Services,,67,32405,2026-09-12T10:43:09.503734354Z,"['3D FlipBook', 'AWS WAF Challenge', 'All in One SEO Pack', 'Alternate Protocol', 'Apache', 'Constant Contact Wordpress Forms', 'Contact Form 7', 'Contact Form Plugin', 'EmbedPress', 'GZIP Module', 'Google Analytics', 'Google Cloud DNS', 'Google Font API', 'Google My Business', 'Google Tag Manager', 'Microdata for Google Shopping', 'PHP', 'Pagekit', 'Perl', 'Popup Maker for Wordpress', 'Slider Revolution', 'Smush Image Optimization', 'The Events Calendar', 'Theme In WP', 'UTF-8', 'WPBakery', 'Wangsu', 'Woo Themes', 'WooCommerce', 'WooCommerce Checkout', 'WordPress', 'WordPress Multisite', 'bbPress', 'eLand', 'jQuery', 'reCAPTCHA']"
alverbridgenursery.org.uk,"Alverbridge Nursery – Children's Day Care in Gosport, Hampshire",,,60,22,2026-09-12T10:18:06.4534645Z,"['Alternate Protocol', 'Apache', 'Content Delivery Network', 'EmbedPress', 'GZIP Module', 'Google Analytics', 'Google Tag Manager', 'PHP', 'Pagekit', 'Smush Image Optimization', 'The Events Calendar', 'Theme In WP', 'ThemeFusion', 'UTF-8', 'WP jQuery Lightbox', 'WordPress', 'WordPress Multisite', 'jQuery']"
yogashoal.co.uk,Yoga Classes Chichester - Yoga Therapy and Workshops from Yoga Shoal,,,67,17790,2026-09-12T10:18:06.41588963Z,"['AWS WAF Challenge', 'Alternate Protocol', 'Contact Form Plugin', 'Divi', 'Elegant Themes', 'EmbedPress', 'Express', 'FreeCSSTemplates', 'Google', 'Google Analytics', 'Google Cloud CDN', 'Google Cloud DNS', 'Google Font API', 'Google Tag Manager', 'Microdata for Google Shopping', 'Nginx', 'PHP', 'Pagekit', 'Popup Maker for Wordpress', 'Simple Share Buttons Adder', 'Smush Image Optimization', 'TablePress', 'Theme In WP', 'UTF-8', 'WordPress', 'WordPress Multisite', 'jQuery']"
abalawcollege.edu.in,A.B.A. COLLEGE OF LAW – A.B.A. COLLEGE OF LAW,,IND,65,19669,2026-09-12T09:38:28.074850022Z,"['AWS WAF Challenge', 'Alternate Protocol', 'Bunny Fonts', 'Cloudflare', 'Cloudflare CDN', 'Contact Form Plugin', 'Edubin Theme', 'Elementor', 'ElementsKit Elementor', 'EmbedPress', 'Essential Addons for Elementor', 'GZIP Module', 'Google', 'Google Analytics', 'Google Cloud DNS', 'Google Font API', 'Google My Business', 'Google Tag Manager', 'Instagram Follow Button', 'LiteSpeed', 'Microdata for Google Shopping', 'NFOrce Internet', 'Nginx', 'PHP', 'Pagekit', 'Perl', 'Popup Builder', 'Post Slider and Carousel', 'Schema Plugin', 'Slider Revolution', 'Smush Image Optimization', 'Theme In WP', 'Twitter Ads', 'UTF-8', 'University or College', 'WhatsApp Sharing', 'Woo Themes', 'WooCommerce Checkout', 'WordPress', 'WordPress Multisite', 'WordPress PopUp', 'jQuery', 'jsDelivr']"
superiorstaffit.team,"Reliable Healthcare Staffing, Rooted in Northern Ontario",,USA,72,105033,2026-09-12T09:26:18.472343384Z,"['Alternate Protocol', 'Apyl', 'BambooHR', 'Content Delivery Network', 'DAV', 'Divi', 'Elegant Themes', 'EmbedPress', 'Financial Services Guide', 'GZIP Module', 'Google', 'Google Cloud CDN', 'Google Cloud DNS', 'Google Font API', 'HHVM', 'Hexo', 'Instagram Follow Button', 'K2F', 'KVH', 'LiteSpeed', 'Nationwide Mortgage Licensing System and Registry', 'Nginx', 'No-Q', 'PHP', 'Pagekit', 'SMC', 'Silicon Valley Web Hosting', 'Smush Image Optimization', 'Subversion', 'Theme In WP', 'UTF-8', 'WordPress', 'WordPress Multisite', 'jQuery']"
homesweethomecare.com.au,In Home Nursing Care Services Sydney's Eastern Suburbs Call 1300 000 170,Home Sweet Home Nursing,USA,77,16194,2026-09-12T09:13:17.739052457Z,"['Alternate Protocol', 'Apture Linking Platform', 'BLR', 'Baidu Cloud', 'DAV', 'Divi', 'Elegant Themes', 'EmbedPress', 'Google', 'Google Analytics', 'Google Cloud CDN', 'Google Cloud DNS', 'Google Font API', 'Google My Business', 'Google Related Website Sites', 'Google Tag Manager', 'Instagram Follow Button', 'Investor Relations', 'LiteSpeed', 'Microdata for Google Shopping', 'Monarch Social Sharing Plugin For WordPress', 'PHP', 'Pagekit', 'QUIC', 'Share Link', 'Smush Image Optimization', 'Telegram', 'Theme In WP', 'Tumblr', 'Twitter Ads', 'UTF-8', 'WP Rocket', 'Woo Themes', 'WordPress', 'WordPress Multisite', 'Yelp Badge', 'YouTube', 'about.me', 'eLand', 'jQuery']"
makardental.com,HOME - Makar Dental,makardental.com,USA,77,6397,2026-09-12T09:13:17.711718808Z,"['Akismet', 'Alternate Protocol', 'Amazon WAF Blocked', 'Apache', 'Aruba', 'Contact Form Plugin', 'Easy Fancybox', 'EmbedPress', 'Ember.js', 'Express', 'GZIP Module', 'GetResponse', 'Google', 'Google Analytics', 'Google Analytics Dashboard for WordPress', 'Google Cloud DNS', 'Google Font API', 'Google My Business', 'Google Related Website Sites', 'Google Tag Manager', 'Instagram Follow Button', 'Jetpack', 'Microdata for Google Shopping', 'PHP', 'Pagekit', 'Popup Maker for Wordpress', 'QUIC', 'Schema Plugin', 'Slide Anything', 'Smush Image Optimization', 'Theme In WP', 'Twitter Ads', 'UTF-8', 'WP Fastest Cache', 'WordPress', 'WordPress Multisite', 'eLand', 'jQuery', 'jQuery Pin It Button for Images', 'reCAPTCHA']"
falkomed.de,Home - Falkomed Homecare,,,60,10378,2026-09-12T09:13:17.702041049Z,"['Alternate Protocol', 'Amazon WAF Blocked', 'CDN JS', 'Cloudflare', 'Cloudflare CDN', 'Complianz', 'Divi', 'Ektron', 'Elegant Themes', 'EmbedPress', 'Google Cloud DNS', 'Google Maps', 'Microdata for Google Shopping', 'Nginx', 'PHP', 'Pagekit', 'Parallels Plesk Panel', 'Sitelinks Search Box', 'Smush Image Optimization', 'Theme In WP', 'UTF-8', 'Woo Themes', 'WordPress', 'WordPress Multisite', 'jQuery']"
powermailersplus.com,Power Mailers – The Direct Mail Leader,,USA,65,3816,2026-09-12T09:13:17.701691852Z,"['Alternate Protocol', 'Contact Form Plugin', 'Elementor', 'ElementsKit Elementor', 'EmbedPress', 'Essential Addons for Elementor', 'GZIP Module', 'Google Cloud DNS', 'Google Font API', 'Google My Business', 'IcoMoon', 'NFOrce Internet', 'Nginx', 'Ohio Theme', 'PHP', 'Pagekit', 'Pico CSS', 'Slider Revolution', 'Smush Image Optimization', 'Theme In WP', 'UTF-8', 'Woo Themes', 'WordPress', 'WordPress Multisite', 'jQuery', 'reCAPTCHA']"
localhandymanlincoln.co.uk,Local Handyman Services Lincoln | Property Maintenance Experts,Local Handyman,,92,2604,2026-09-12T08:51:38.901119138Z,"['Apache', 'Bulma', 'Contact Form Plugin', 'Content Delivery Network', 'EmbedPress', 'Font Awesome', 'GZIP Module', 'Google Analytics', 'Google My Business', 'Google Related Website Sites', 'Google Tag Manager', 'Microdata for Google Shopping', 'PHP', 'Pagekit', 'Perl', 'QUIC', 'Site Kit', 'Smush Image Optimization', 'StatCounter', 'Tailwind CSS', 'Theme In WP', 'UTF-8', 'WordPress', 'WordPress Multisite', 'jQuery', 'jsDelivr', 'reCAPTCHA']"
transhotel.net.au,Transcontinental Hotel Brisbane Events | Functions & Venue Hire,,AUS,77,27997,2026-09-12T08:51:38.865404795Z,"['Alternate Protocol', 'Beaver Builder Lite', 'CDN JS', 'Cloudflare', 'Cloudflare CDN', 'Contento', 'EmbedPress', 'Google', 'Google Cloud DNS', 'Google Font API', 'Google My Business', 'LiteSpeed', 'Microdata for Google Shopping', 'PHP', 'Pagekit', 'QUIC', 'Schema Plugin', 'Smush Image Optimization', 'Theme In WP', 'UTF-8', 'Vimeo', 'WordPress', 'WordPress Multisite', 'jQuery']"
vetlitveterinaryservices.com,Mobile Veterinary Services Uganda | Home Vet Care - Vetlit,Vetlit Veterinary Services,UGA,77,8365,2026-09-12T08:31:52.889738554Z,"['Alternate Protocol', 'Contact Form Plugin', 'EmbedPress', 'Express', 'GZIP Module', 'Google', 'Google Adsense', 'Google Analytics', 'Google Cloud DNS', 'Google Font API', 'Google Funding Choices', 'Google Matched Content', 'Google My Business', 'Google Related Website Sites', 'Google Reseller', 'Google Tag Manager', 'Instagram Follow Button', 'Investor Relations', 'Kitco', 'LiteSpeed', 'Microdata for Google Shopping', 'PHP', 'Pagekit', 'QUIC', 'Site Kit', 'Sitelinks Search Box', 'Smush Image Optimization', 'Tailwind CSS', 'Theme In WP', 'Twitter Ads', 'UTF-8', 'University or College', 'W3 Total Cache', 'WPBakery', 'WordPress', 'WordPress Multisite', 'YouTube', 'jQuery']"
excelatgardening.com,Home - excelatgardening.com,excelatgardening.com,,65,18061,2026-09-12T08:31:52.871727062Z,"['AWS WAF Challenge', 'Alternate Protocol', 'Apache', 'Divi', 'Elegant Themes', 'EmbedPress', 'GZIP Module', 'Google', 'Google Analytics', 'Google Cloud CDN', 'Google Cloud DNS', 'Google Font API', 'Google My Business', 'Google Tag Manager', 'Microdata for Google Shopping', 'MonsterInsights', 'PHP', 'Pagekit', 'Smush Image Optimization', 'Theme In WP', 'UTF-8', 'Woo Themes', 'WordPress', 'WordPress Multisite', 'jQuery', 'wpDataTables']"
sanfernandolawfirm.com,Top Injury Attorney | Los Angeles & San Fernando Valley,,USA,87,17324,2026-09-12T08:09:30.399044236Z,"['Alternate Protocol', 'Cloudflare', 'Contact Form Plugin', 'Content Delivery Network', 'Elementor', 'EmbedPress', 'GoDaddy', 'Google Analytics', 'Google Cloud DNS', 'Google Font API', 'Google Tag Manager', 'InitiativeS', 'Instagram Follow Button', 'LiteSpeed', 'Microdata for Google Shopping', 'NFOrce Internet', 'PHP', 'Pagekit', 'QUIC', 'Site Kit', 'Smush Image Optimization', 'Theme In WP', 'UTF-8', 'Wangsu', 'WordPress', 'WordPress Multisite', 'jQuery', 'shadcn ui']"
woodruffgundogs.co.uk,"Events, Breeding & Training for Working Dogs in West Sussex",Woodruff Gundogs,CAN,92,1824,2026-09-12T07:48:55.020290523Z,"['Alternate Protocol', 'Apache', 'Content Delivery Network', 'Elementor', 'EmbedPress', 'GZIP Module', 'Google Cloud DNS', 'Google Font API', 'Hello Elementor', 'Instagram Follow Button', 'Microdata for Google Shopping', 'NFOrce Internet', 'PHP', 'Pagekit', 'Smush Image Optimization', 'Theme In WP', 'UTF-8', 'WordPress', 'WordPress Multisite', 'jQuery']"
claireandpeter.com,Home » Claire & Peter,,,57,529,2026-09-12T07:48:55.008787099Z,"['Alternate Protocol', 'Elementor', 'EmbedPress', 'GZIP Module', 'GetYourGuide', 'Google Analytics', 'Google Related Website Sites', 'Google Tag Manager', 'Hello Elementor', 'Instagram Follow Button', 'Microdata for Google Shopping', 'NFOrce Internet', 'Nginx', 'PHP', 'Pagekit', 'Sitelinks Search Box', 'Smush Image Optimization', 'Telegram', 'Theme In WP', 'UTF-8', 'WordPress', 'WordPress Multisite', 'WordPress Related Posts', 'YouTube', 'jQuery', 'jQuery Pin It Button for Images']"
pacificaircon.com.sg,"Pacific Aircon - Professional Aircon Servicing, Cleaning and Repair",Pacific Aircon,SGP,77,4140,2026-09-12T07:20:48.529371736Z,"['Agoda', 'Alternate Protocol', 'Contact Form Plugin', 'EmbedPress', 'Google', 'Google Analytics', 'Google Cloud DNS', 'Google Font API', 'Google My Business', 'Google Tag Manager', 'Gravity Forms', 'Instagram Follow Button', 'Max Mega Menu', 'Max Mega Menu Pro', 'Microdata for Google Shopping', 'Nginx', 'PHP', 'Pagekit', 'QUIC', 'QuadLayers', 'Smush Image Optimization', 'Tailwind CSS', 'Theme In WP', 'Twitter Ads', 'UTF-8', 'WP Fastest Cache', 'Woo Themes', 'WordPress', 'WordPress Multisite', 'YouTube', 'reCAPTCHA']"
latinovoicesmn.org,Home - Latino Voices of Minnesota,Latino Voices of Minnesota,,67,2183,2026-09-12T07:01:53.947630871Z,"['Alternate Protocol', 'Apache', 'Elementor', 'EmbedPress', 'GZIP Module', 'Google Analytics', 'Google Tag Manager', 'Gtranslate for Wordpress', 'Hello Elementor', 'InitiativeS', 'Microdata for Google Shopping', 'NFOrce Internet', 'PHP', 'Pagekit', 'Smush Image Optimization', 'Table Addons for Elementor', 'The Events Calendar', 'Theme In WP', 'UTF-8', 'WP Fastest Cache', 'WordPress', 'WordPress Multisite']"
islandpilatesbarbados.com,Island Pilates Barbados - Tower and Reformer Studio,,BRB,82,6418,2026-09-12T07:01:53.936032266Z,"['Alternate Protocol', 'Contact Form Plugin', 'Divi', 'Elegant Themes', 'EmbedPress', 'GZIP Module', 'Google', 'Google Cloud CDN', 'Google Cloud DNS', 'Google Font API', 'Google My Business', 'Instagram Follow Button', 'MaxCDN', 'Microdata for Google Shopping', 'Nginx', 'PHP', 'Pagekit', 'Perl', 'Sitelinks Search Box', 'SmartCrawl', 'Smush Image Optimization', 'Theme In WP', 'UTF-8', 'Woo Themes', 'WordPress', 'WordPress Multisite', 'jQuery', 'reCAPTCHA']"
franchisingcenter.nl,Home of franchising - Franchising Center,,,60,241,2026-09-12T06:39:42.410447744Z,"['Alternate Protocol', 'Apache', 'CDN JS', 'Cloudflare', 'Cloudflare CDN', 'Divi', 'Elegant Themes', 'EmbedPress', 'Google', 'Google Cloud CDN', 'Google Cloud DNS', 'Google Font API', 'Microdata for Google Shopping', 'PHP', 'Pagekit', 'Smush Image Optimization', 'Theme In WP', 'UTF-8', 'Woo Themes', 'WordPress', 'WordPress Multisite', 'eLand', 'jQuery']"
charlestonguitarclinic.com,"Charleston Guitar Clinic, LLC – Specializing in stringed instrument repairs",,USA,70,2904,2026-09-12T06:14:56.689121847Z,"['Alternate Protocol', 'Apache', 'Contact Form Plugin', 'Content ad', 'EmbedPress', 'Google Analytics', 'Google My Business', 'Google Tag Manager', 'Jupiter', 'NFOrce Internet', 'PHP', 'Pagekit', 'QUIC', 'Slider Revolution', 'Smush Image Optimization', 'Theme In WP', 'UTF-8', 'WPBakery', 'WordPress', 'WordPress Multisite', 'jQuery', 'reCAPTCHA']"
sewamobilbali.info,"Sewa Mobil Murah di Bali - 125rb/hari, Gratis Antar - Jemput.",Sewa Mobil Murah di Bali,JPN,87,1972,2026-09-12T06:14:56.658428967Z,"['Alternate Protocol', 'Book Direct', 'Content Delivery Network', 'EmbedPress', 'Google Analytics', 'Google Related Website Sites', 'Google Tag Manager', 'Line2', 'LiteSpeed', 'Microdata for Google Shopping', 'Muffin Group', 'PHP', 'Pagekit', 'QUIC', 'QUIC.cloud', 'SiteOrigin', 'Smush Image Optimization', 'Subversion', 'UTF-8', 'Vantage', 'Vimeo', 'Woo Themes', 'WordPress', 'WordPress Multisite', 'YouTube']"
wrcrecycling.co.uk,WRC Recycling: Waste Management - Skip Hire - Scotland,,GBR,82,3039,2026-09-12T06:14:56.65273353Z,"['Alternate Protocol', 'Apache', 'Contact Form Plugin', 'Content Delivery Network', 'Divi', 'EWWW Image Optimizer', 'Elegant Themes', 'EmbedPress', 'Font Awesome', 'GZIP Module', 'Google', 'Google Analytics', 'Google Cloud CDN', 'Google Cloud DNS', 'Google Font API', 'Google Tag Manager', 'Instagram Follow Button', 'Microdata for Google Shopping', 'PHP', 'Pagekit', 'QUIC', 'Smush Image Optimization', 'Supreme Modules Lite', 'Theme In WP', 'Twitter Ads', 'UTF-8', 'Woo Themes', 'WordPress', 'WordPress Multisite', 'YouTube', 'eLand', 'jQuery']"
charterhouse-bikes.com,Charterhouse Motorcycle Auction – Charterhouse Motorcycle Auction,,,55,224,2026-09-12T06:04:43.524271933Z,"['Alternate Protocol', 'Amazon WAF Blocked', 'Apache', 'Atomic Block', 'Complianz', 'DAV', 'EmbedPress', 'GZIP Module', 'Google Cloud DNS', 'Google Font API', 'Max Mega Menu', 'Max Mega Menu Pro', 'Meta Slider for WordPress', 'Neve', 'Otter Blocks', 'PHP', 'Pagekit', 'QUIC', 'Smart Slider 3', 'Smush Image Optimization', 'Theme In WP', 'Twitter Ads', 'UTF-8', 'WP Statistics', 'Woo Themes', 'WooCommerce', 'WooCommerce Checkout', 'WordPress', 'WordPress Multisite', 'YouTube', 'eLand', 'jQuery']"
ambrosialinteriors.com,"Ambrosial Interior Solutions - Fast, Superior, & Cost Effective Solutions",,KEN,82,284,2026-09-12T05:42:06.714944255Z,"['Alternate Protocol', 'Apache', 'EmbedPress', 'GZIP Module', 'Google Cloud DNS', 'Google Font API', 'Instagram Follow Button', 'Microdata for Google Shopping', 'Newsletter for Wordpress', 'PHP', 'Pagekit', 'Slider Revolution', 'Smush Image Optimization', 'Theme In WP', 'UTF-8', 'WP Super Cache', 'WPBakery', 'WordPress', 'WordPress Multisite', 'YouTube', 'jQuery']"
ahernhotel.com,Ahern Hotel Las Vegas,Ahern Hotel,GBR,87,35491,2026-09-12T05:31:07.434717571Z,"['Alternate Protocol', 'Apache', 'Apture Linking Platform', 'Clutch', 'Clutch Technologies', 'Contact Form Plugin', 'ConvertKit for Wordpress', 'DAV', 'Elementor', 'EmbedPress', 'Eventbrite', 'Financial Services Guide', 'GZIP Module', 'Gambling Content', 'Google Analytics', 'Google Maps', 'Google My Business', 'Google Related Website Sites', 'Google Tag Manager', 'Hello Elementor', 'InnRoad', 'Instagram Follow Button', 'Microdata for Google Shopping', 'NFOrce Internet', 'Ntent', 'OneTrust Domain Verification', 'PHP', 'Pagekit', 'QUIC', 'Smush Image Optimization', 'TrustIndex', 'Twitter Ads', 'UTF-8', 'W3 Total Cache', 'WordPress', 'WordPress Multisite', 'Yelp Badge', 'jQuery', 'reCAPTCHA']"
boltonabbeyescapes.com,Bolton Abbey Escapes,Bolton Abbey Escapes,,62,40038,2026-09-12T05:31:07.423932096Z,"['AWS WAF Challenge', 'Adobe Creative Cloud WebFonts', 'Alternate Protocol', 'Amazon', 'Amazon CloudFront', 'Apture Linking Platform', 'Autoptimize', 'CloudFront', 'Cloudflare', 'Content Delivery Network', 'CrazyEgg', 'Cybot', 'EmbedPress', 'Endis', 'Google Analytics', 'Google Tag Manager', 'Instagram Follow Button', 'Microdata for Google Shopping', 'PHP', 'Pagekit', 'Search and Filter Pro', 'Smush Image Optimization', 'Tailwind CSS', 'Theme In WP', 'UTF-8', 'Vector Internet Services', 'WP Engine', 'WordPress', 'WordPress Multisite', 'jQuery']"
miao-mani.com,Start - Miao Mani,Miao Mani,GRC,65,18330,2026-09-12T05:31:07.413711553Z,"['AWS WAF Challenge', 'Adult Content', 'Alternate Protocol', 'Contact Form Plugin', 'DAV', 'EmbedPress', 'GZIP Module', 'GenerateBlocks', 'GetResponse', 'Google Cloud DNS', 'Google Font API', 'Google My Business', 'IcoMoon', 'Microdata for Google Shopping', 'Newsletter for Wordpress', 'Nginx', 'PHP', 'Pagekit', 'Polylang', 'SVG Support', 'Smart Slider 3', 'Smush Image Optimization', 'Stackable Page Builder Gutenberg Blocks', 'Theme In WP', 'Twenty Twenty-One', 'UTF-8', 'WordPress', 'WordPress Multisite', 'eLand', 'jQuery', 'reCAPTCHA']"
thehallatboltonabbey.co.uk,The Hall at Bolton Abbey | English Manor House Rental,,,82,21604,2026-09-12T05:31:07.409009943Z,"['AJAX Libraries API', 'AWS WAF Challenge', 'Adobe Creative Cloud WebFonts', 'Alternate Protocol', 'CDN JS', 'Cloudflare', 'Cloudflare CDN', 'Content Delivery Network', 'ElementUI', 'EmbedPress', 'GZIP Module', 'Google', 'Google Analytics', 'Google Cloud DNS', 'Google My Business', 'Google Related Website Sites', 'Google Tag Manager', 'Instagram Follow Button', 'Microdata for Google Shopping', 'MonsterInsights', 'PHP', 'Pagekit', 'Smush Image Optimization', 'StackPath', 'Theme In WP', 'UTF-8', 'WPForms', 'WordPress', 'WordPress Multisite', 'jQuery', 'jsDelivr']"
khalilresume.com,Home - Khalil Resume,Khalil Resume,,77,2982,2026-09-12T05:19:01.156211498Z,"['Alternate Protocol', 'Apture Linking Platform', 'Astra Theme', 'Elementor', 'ElementsKit Elementor', 'EmbedPress', 'Google Analytics', 'Google My Business', 'Google Related Website Sites', 'Google Tag Manager', 'Header, Footer and Blocks for Elementor', 'Lazy Load for WordPress', 'Microdata for Google Shopping', 'NFOrce Internet', 'PHP', 'Pagekit', 'Perl', 'QuadLayers', 'Smush Image Optimization', 'Theme In WP', 'WP Rocket', 'Woo Themes', 'WordPress', 'WordPress Multisite', 'WordPress Related Posts', 'jQuery']"
lonemountainturquoiseco.com,Lone Mountain Turquoise Company | A Winfield Gallery,,,77,20597,2026-09-12T04:56:51.524886761Z,"['AWS WAF Challenge', 'Alternate Protocol', 'Astra Theme', 'Cloudflare', 'Cloudflare CDN', 'Content Delivery Network', 'Elementor', 'EmbedPress', 'Google', 'Google Cloud DNS', 'Google Font API', 'Google My Business', 'Microdata for Google Shopping', 'NFOrce Internet', 'PHP', 'Pagekit', 'Smush Image Optimization', 'Table Addons for Elementor', 'Theme In WP', 'UTF-8', 'WP Engine', 'Woo Themes', 'WordPress', 'WordPress Multisite', 'WordPress Related Posts', 'jQuery']"
ecomulticoating.com.my,Home - Eco Multi Coating,Eco Multi Coating,MYS,82,19597,2026-09-12T04:40:56.924756827Z,"['Alternate Protocol', 'Blocksy', 'Contact Form Plugin', 'Content Delivery Network', 'EmbedPress', 'Fireblade', 'Font Awesome', 'Google', 'Google Analytics', 'Google Cloud CDN', 'Google Cloud DNS', 'Google Font API', 'Google My Business', 'Google Tag Manager', 'IcoMoon', 'LiteSpeed', 'Microdata for Google Shopping', 'PHP', 'Pagekit', 'Popup Maker for Wordpress', 'QUIC', 'Slider Revolution', 'Smush Image Optimization', 'Theme In WP', 'UTF-8', 'WPBakery', 'Woo Themes', 'WooCommerce', 'WooCommerce Checkout', 'WordPress', 'WordPress Multisite', 'jQuery', 'reCAPTCHA']"
patcollinsartist.com,Sacramento-Home | Pat Collins,Pat Collins,,62,538,2026-09-12T04:40:56.911994604Z,"['Alternate Protocol', 'Content Delivery Network', 'EmbedPress', 'Google Cloud DNS', 'Google Font API', 'Instagram Follow Button', 'Jetpack', 'Make Theme', 'Microdata for Google Shopping', 'Nginx', 'PHP', 'Pagekit', 'Sitelinks Search Box', 'SmartCrawl', 'Smush Image Optimization', 'Theme In WP', 'UTF-8', 'Woo Themes', 'WooCommerce Payments', 'WordPress', 'WordPress Multisite', 'WordPress Stats', 'jQuery']"
commongroundumc.org,Join us at Common Ground : A United Methodist Community,Common Ground : A United Methodist Community,CAN,92,5854,2026-09-12T04:40:56.904591934Z,"['Alternate Protocol', 'Anti-spam for WordPress', 'CDN JS', 'CleanTalk Spam Protect', 'Cloudflare', 'Cloudflare CDN', 'Coming Soon Page', 'Content Delivery Network', 'Divi', 'Elegant Themes', 'EmbedPress', 'Event Tickets for Wordpress', 'Facebook Embedded Posts', 'Fastly', 'GZIP Module', 'Google', 'Google Cloud CDN', 'Google Cloud DNS', 'Google Font API', 'Google Maps', 'Google My Business', 'Instagram Follow Button', 'Microdata for Google Shopping', 'PHP', 'Pagekit', 'Schema Plugin', 'Sitelinks Search Box', 'Smush Image Optimization', 'The Events Calendar', 'Theme In WP', 'UTF-8', 'WPForms', 'Woo Themes', 'WordPress', 'WordPress Multisite', 'eLand', 'jQuery']"
mandy-mueller.com,Mandy Müller - Ads Expertin,,DEU,85,3926,2026-09-12T04:07:20.57863927Z,"['Alternate Protocol', 'Apache', 'Apture Linking Platform', 'Calendly', 'Coming Soon Page', 'Divi', 'Elegant Themes', 'EmbedPress', 'GZIP Module', 'Google', 'Google Analytics', 'Google Cloud DNS', 'Google Font API', 'Google Related Website Sites', 'Google Tag Manager', 'Microdata for Google Shopping', 'PHP', 'Pagekit', 'Smush Image Optimization', 'Supreme Modules Lite', 'Theme In WP', 'UTF-8', 'WP Rocket', 'Woo Themes', 'WordPress', 'WordPress Multisite', 'jQuery']"
sonoradentistry.com,"Dentist in Sonora, TX - Welcome to Sonora Dentistry","Sonora Dentistry, Texas",ZAF,82,37525,2026-09-12T03:45:52.479878427Z,"['AWS WAF Challenge', 'Alternate Protocol', 'Autoptimize', 'Cloudflare', 'Content Delivery Network', 'EmbedPress', 'Google Analytics', 'Google Cloud DNS', 'Google Font API', 'Google My Business', 'Google Tag Manager', 'Instagram Follow Button', 'KVH', 'Microdata for Google Shopping', 'PHP', 'Pagekit', 'Sitelinks Search Box', 'Smush Image Optimization', 'Tailwind CSS', 'Theme In WP', 'Twitter Ads', 'UTF-8', 'WP Engine', 'WordPress', 'WordPress Multisite', 'YouTube', 'jQuery', 'reCAPTCHA']"
homaslife.in,Homas – Healing of Minds & Souls,,IND,65,20480,2026-09-12T03:45:52.469497167Z,"['AWS WAF Challenge', 'Alternate Protocol', 'Astra Theme', 'Cloudflare', 'Cloudflare CDN', 'Elementor', 'EmbedPress', 'Essential Addons for Elementor', 'Google', 'Google Analytics', 'Google Cloud DNS', 'Google Font API', 'Google My Business', 'Google Tag Manager', 'Header, Footer and Blocks for Elementor', 'Hotjar', 'NFOrce Internet', 'PHP', 'Pagekit', 'Smush Image Optimization', 'Strong Testimonials', 'Theme In WP', 'UTF-8', 'WordPress', 'WordPress Multisite', 'jQuery']"
a9estudio.com,A9 Estudio de diseño y producción,,,50,3,2026-09-12T03:33:36.177013586Z,"['Alternate Protocol', 'Click to Chat for WhatsApp', 'Contact Form Plugin', 'EmbedPress', 'GZIP Module', 'Google Cloud DNS', 'Google Font API', 'Google Maps', 'Google My Business', 'Instagram Follow Button', 'Jetpack', 'Nginx', 'PHP', 'Pagekit', 'Smush Image Optimization', 'Theme In WP', 'UTF-8', 'Woo Themes', 'WooCommerce', 'WooCommerce Checkout', 'WordPress', 'WordPress Multisite', 'WordPress Stats', 'jQuery', 'reCAPTCHA']"
seodigitalgurus.com,"Digital Marketing Services Company in Delhi, India | Best Digital Marketing Agency – Your Targets. Our solutions.",,IND,77,34763,2026-09-12T03:33:36.174718017Z,"['AWS WAF Challenge', 'Akismet', 'Alternate Protocol', 'Better Lead Generation Services', 'Contact Form Plugin', 'EmbedPress', 'Google Cloud DNS', 'Google Font API', 'Google My Business', 'IcoMoon', 'Instagram Follow Button', 'Microdata for Google Shopping', 'On The Map', 'PHP', 'Pagekit', 'QUIC', 'Schema Plugin', 'Simple Social Icons', 'Smush Image Optimization', 'Structured Content for WordPress', 'StudioPress', 'Theme In WP', 'Twitter Ads', 'UTF-8', 'WP Fastest Cache', 'WordPress', 'WordPress Multisite', 'YouTube', 'jQuery']"
n8tv.com,N8TV – Creative Digital Media That Captivates.,N8TV,,65,8777,2026-09-12T03:20:07.486086724Z,"['Alternate Protocol', 'Amazon WAF Blocked', 'Apture Linking Platform', 'Astra Theme', 'Bunny Fonts', 'DAV', 'EmbedPress', 'Facebook Conversion Tracking', 'Facebook Login', 'Facebook Messenger Platform', 'Facebook Pixel', 'Facebook Reseller', 'Facebook Tag API', 'Instagram Follow Button', 'Lazy Load for WordPress', 'LiteSpeed', 'Microdata for Google Shopping', 'PHP', 'Pagekit', 'Perl', 'QUIC', 'RM Education', 'Smush Image Optimization', 'Typeform', 'UTF-8', 'Vimeo', 'WP Rocket', 'WP Statistics', 'WordPress', 'WordPress Multisite', 'WordPress Related Posts', 'jQuery']"
mularadio.is,Múlaradió | Rafeindaþjónusta,,,70,603,2026-09-12T02:57:55.191987404Z,"['Alternate Protocol', 'Content Delivery Network', 'DAV', 'Divi', 'Elegant Themes', 'EmbedPress', 'GZIP Module', 'Google Cloud DNS', 'Google Font API', 'Nginx', 'PHP', 'Pagekit', 'Parallels Plesk Panel', 'Smush Image Optimization', 'Theme In WP', 'UTF-8', 'WordPress', 'WordPress Multisite', 'jQuery']"
mavolo.in,Mavolo | Best Usb Charger Manufacturer in India,,IND,82,5387,2026-09-12T02:46:57.19132303Z,"['Alternate Protocol', 'Apture Linking Platform', 'Astra Theme', 'Contact Form Plugin', 'DAV', 'Elementor', 'ElementsKit Elementor', 'EmbedPress', 'Essential Addons for Elementor', 'GZIP Module', 'Google Analytics', 'Google My Business', 'Google Related Website Sites', 'Google Tag Manager', 'Hotjar', 'Instagram Follow Button', 'LiteSpeed', 'Microdata for Google Shopping', 'MonsterInsights', 'NFOrce Internet', 'PHP', 'Pagekit', 'Popup Builder', 'Premium Addons for Elementor', 'QUIC', 'Smart Slider 3', 'Smush Image Optimization', 'Theme In WP', 'Twitter Ads', 'UTF-8', 'Woo Themes', 'WordPress', 'WordPress Multisite', 'WordPress Related Posts', 'eLand', 'jQuery', 'reCAPTCHA']"
isis-marketing.com,Home · Aisis Marketing,Aisis Marketing,USA,85,19582,2026-09-12T02:11:25.542160353Z,"['AWS WAF Challenge', 'Alternate Protocol', 'ByteDance', 'Cloudflare', 'Content Delivery Network', 'Elementor', 'EmbedPress', 'Essential Addons for Elementor', 'Essential Blocks for Gutenberg', 'Facebook Conversion Tracking', 'Facebook Login', 'Facebook Messenger Platform', 'Facebook Pixel', 'Facebook Reseller', 'Facebook Tag API', 'Genesis Blocks', 'Google Analytics', 'Google Cloud DNS', 'Google Font API', 'Google My Business', 'Google Related Website Sites', 'Google Tag Manager', 'Gtranslate for Wordpress', 'Hello Elementor', 'Microdata for Google Shopping', 'NFOrce Internet', 'PHP', 'Pagekit', 'Smush Image Optimization', 'Theme In WP', 'TikTok Conversion Tracking Pixel', 'UTF-8', 'WP Engine', 'Woo Themes', 'WooCommerce', 'WooCommerce Checkout', 'WordPress', 'WordPress Multisite', 'jQuery']"
1carelv.com,1Care Hospice | Compassionate Hospice and Palliative Care in Nevada,,USA,82,63763,2026-09-12T02:11:25.528031564Z,"['Alternate Protocol', 'Autoptimize', 'CCSI', 'Cloudflare', 'Content Delivery Network', 'Elementor', 'ElementsKit Elementor', 'EmbedPress', 'Essential Addons for Elementor', 'Express', 'Facebook Login', 'Facebook Messenger Platform', 'Facebook Reseller', 'FormSubmit', 'GTranslate', 'GoDaddy', 'Google', 'Google Adsense', 'Google Analytics', 'Google Cloud CDN', 'Google Cloud DNS', 'Google Customer Reviews', 'Google Font API', 'Google Funding Choices', 'Google Matched Content', 'Google My Business', 'Google Reseller', 'Google Tag Manager', 'Hello Elementor', 'Instagram Follow Button', 'KVH', 'Kitco', 'Metform Elemento', 'Microdata for Google Shopping', 'Pagekit', 'QUIC', 'Site Kit', 'Sitelinks Search Box', 'Smush Image Optimization', 'To Top', 'UTF-8', 'University or College', 'Wangsu', 'WordPress', 'WordPress Multisite', 'jQuery']"
brteamx.com,Home - Bonita Rejuvenation,Bonita Rejuvenation,ZAF,82,17235,2026-09-12T01:50:16.753643158Z,"['AWS WAF Challenge', 'Alternate Protocol', 'Content Delivery Network', 'Elementor', 'EmbedPress', 'Essential Addons for Elementor', 'Essential Blocks for Gutenberg', 'Facebook Conversion Tracking', 'Facebook Login', 'Facebook Messenger Platform', 'Facebook Pixel', 'Facebook Reseller', 'Facebook Tag API', 'Gravity', 'Gravity Forms', 'HappyAddons', 'Hello Elementor', 'Instagram API', 'Instagram Follow Button', 'LiteSpeed', 'Microdata for Google Shopping', 'NFOrce Internet', 'PHP', 'Pagekit', 'Popup Maker for Wordpress', 'QUIC', 'Smush Image Optimization', 'Table Addons for Elementor', 'Theme In WP', 'To Top', 'UTF-8', 'WordPress', 'WordPress Multisite', 'YouTube', 'jQuery']"
afibtracker.org,"afibtracker.org – Navigate Your AFIB, Discover Your Healing Path",,,60,1041,2026-09-12T01:33:54.794349355Z,"['AFIB QR', 'AWS WAF Challenge', 'Alternate Protocol', 'Coming Soon Page', 'Content Delivery Network', 'Divi', 'Elegant Themes', 'EmbedPress', 'Fastly', 'GZIP Module', 'Google', 'Google Cloud CDN', 'Google Cloud DNS', 'Google Font API', 'Nginx', 'PHP', 'Pagekit', 'QUIC', 'Smush Image Optimization', 'Thank You', 'Theme In WP', 'UTF-8', 'Woo Themes', 'WooCommerce', 'WooCommerce Checkout', 'WordPress', 'WordPress Multisite', 'eLand', 'jQuery']"
adhikjankari.com,Best Motivational Blog In Hindi ADHIK JANKARI,,,62,40160,2026-09-12T01:33:54.793548008Z,"['AAPT', 'Add to Any', 'Alternate Protocol', 'Baidu Cloud', 'ColorMag', 'EmbedPress', 'GDPR Consent Management Platform', 'GZIP Module', 'GitHub Hosting', 'Google', 'Google Adsense', 'Google Analytics', 'Google Cloud CDN', 'Google Funding Choices', 'Google Matched Content', 'Google My Business', 'Google Related Website Sites', 'Google Reseller', 'Google Tag Manager', 'Jetpack', 'Jetpack Site Accelerator', 'Media.net', 'Microdata for Google Shopping', 'OneSignal', 'Onyx Internet', 'PHP', 'Pagekit', 'Perl', 'Smush Image Optimization', 'Theme In WP', 'UTF-8', 'WordPress', 'WordPress Multisite', 'WordPress Related Posts', 'WordPress Stats', 'Yandex Hosting', 'YouTube', 'eLand', 'jQuery']"
thegermanlanguagehaus.com,German Language Online in India | Beginner to Advanced (A1–C2),The German Language Haus,IND,92,2684,2026-09-12T01:33:54.789699571Z,"['Alternate Protocol', 'Content Delivery Network', 'Elementor', 'EmbedPress', 'Express', 'Facebook Conversion Tracking', 'Facebook Login', 'Facebook Messenger Platform', 'Facebook Pixel', 'Facebook Reseller', 'Facebook Tag API', 'FormSubmit', 'Google Analytics', 'Google Related Website Sites', 'Google Tag Manager', 'Hello Elementor', 'Instagram Follow Button', 'Instamojo', 'LiteSpeed', 'Microdata for Google Shopping', 'NFOrce Internet', 'PHP', 'Pagekit', 'QUIC', 'Site Kit', 'Smush Image Optimization', 'Theme In WP', 'UTF-8', 'WordPress', 'WordPress Multisite', 'eLand', 'jQuery']"
pgrestorations.com,Property Restoration Company in Prince George | PG Restorations,,CAN,77,1871,2026-09-12T01:26:25.678840505Z,"['Alternate Protocol', 'Elementor', 'ElementsKit Elementor', 'EmbedPress', 'Google Maps', 'Google My Business', 'Hello Elementor', 'Microdata for Google Shopping', 'NFOrce Internet', 'PHP', 'Pagekit', 'Perl', 'QUIC', 'Smush Image Optimization', 'Table Addons for Elementor', 'Theme In WP', 'UTF-8', 'WordPress', 'WordPress Multisite', 'jQuery']"
crunchylinks.com,Crunchy Links: The Revenue Obsessed Digital Marketing Agency,Crunchy Links,,65,60584,2026-09-12T01:20:04.345157203Z,"['AWS WAF Challenge', 'Alternate Protocol', 'Cloudflare', 'Cloudflare CDN', 'Clutch', 'Contact Form Plugin', 'Content Delivery Network', 'DuracellTomi Google Tag Manager for WordPress', 'Elementor', 'EmbedPress', 'Google', 'Google Analytics', 'Google Cloud DNS', 'Google Font API', 'Google My Business', 'Google Related Website Sites', 'Google Tag Manager', 'HandL UTM Grabber', 'HubSpot Conversations', 'HubSpot WordPress Plugin', 'Hubspot', 'Instagram Follow Button', 'Microdata for Google Shopping', 'NFOrce Internet', 'Pagekit', 'Prospective', 'QUIC', 'Smush Image Optimization', 'Trustpilot Reviews for WordPress', 'Twitter Ads', 'UTF-8', 'WordPress', 'WordPress Multisite', 'jQuery', 'reCAPTCHA']"
quickdcc.ae,"Business Setup | Mainland, Freezone | Corporate & PRO Services",,,57,8000,2026-09-12T00:57:16.114581124Z,"['Adult Content', 'Alternate Protocol', 'Cloudflare', 'Cloudflare CDN', 'Cloudflare Web Analytics', 'Contact Form Plugin', 'Content Delivery Network', 'Elementor', 'EmbedPress', 'Essential Addons for Elementor', 'Essential Blocks for Gutenberg', 'Fireblade', 'Google Analytics', 'Google Related Website Sites', 'Google Tag Manager', 'Gtranslate for Wordpress', 'Hello Elementor', 'Instagram Follow Button', 'LiteSpeed', 'Microdata for Google Shopping', 'NFOrce Internet', 'PHP', 'Pagekit', 'Pixabay', 'PixelYourSite', 'QUIC', 'Smush Image Optimization', 'Theme In WP', 'Truepush', 'UTF-8', 'WhatsApp Sharing', 'WordPress', 'WordPress Multisite', 'WordPress Popular Posts', 'YouTube', 'jQuery']"
linkbcit.ca,home - Link Magazine,Link Magazine,,62,2781,2026-09-12T00:05:42.722889959Z,"['Alternate Protocol', 'Coming Soon Page', 'Content Delivery Network', 'EmbedPress', 'Font Awesome', 'Google', 'Google Analytics', 'Google Cloud CDN', 'Google Cloud DNS', 'Google Font API', 'Google Tag Manager', 'Instagram Follow Button', 'LiteSpeed', 'Microdata for Google Shopping', 'PHP', 'Pagekit', 'QUIC', 'Slider Revolution', 'Smush Image Optimization', 'The7', 'Theme In WP', 'UTF-8', 'Visual Composer Ultimate Addons', 'WPBakery', 'WordPress', 'WordPress Multisite', 'YouTube', 'jQuery']"
sheahellervikfoundation.org,The Shea-Hellervik Global Foundation | Supporting Parents,Shea-Hellervik Global Foundation,USA,77,4734,2026-09-12T00:05:42.696614901Z,"['Alternate Protocol', 'Amazon Widgets', 'Apache', 'CDN JS', 'Cloudflare', 'Cloudflare CDN', 'Contact Form Plugin', 'DAV', 'EmbedPress', 'GZIP Module', 'Google', 'Google Cloud DNS', 'Google Font API', 'Google My Business', 'Google Related Website Sites', 'Microdata for Google Shopping', 'PHP', 'Pagekit', 'Smart Slider 3', 'Smush Image Optimization', 'Theme In WP', 'Twenty Seventeen', 'UTF-8', 'Vimeo', 'WordPress', 'WordPress Multisite', 'eLand', 'jQuery', 'reCAPTCHA']"
srbpodcasts.com,SRB Podcasts - SRB Podcasts,SRB Podcasts,USA,92,125,2026-09-11T23:54:28.362420783Z,"['Alternate Protocol', 'Content Delivery Network', 'DAV', 'EmbedPress', 'Google Adsense', 'Google Analytics', 'Google Cloud DNS', 'Google Font API', 'Google Funding Choices', 'Google Matched Content', 'Google My Business', 'Google Reseller', 'Google Tag Manager', 'LiteSpeed', 'Microdata for Google Shopping', 'PHP', 'Pagekit', 'QUIC', 'Smush Image Optimization', 'Theme In WP', 'UTF-8', 'WordPress', 'WordPress Multisite', 'YouTube', 'jQuery']"
djnguyen.ca,The Nguyens | Cambodia Mission,,,60,441,2026-09-11T23:27:40.594790733Z,"['AWS WAF Challenge', 'Alternate Protocol', 'Cloudflare', 'Cloudflare CDN', 'DAV', 'Divi', 'Elegant Themes', 'EmbedPress', 'Google', 'Google Cloud CDN', 'Google Cloud DNS', 'Google Font API', 'Google My Business', 'Nginx', 'PHP', 'Pagekit', 'Smush Image Optimization', 'Theme In WP', 'UTF-8', 'Woo Themes', 'WordPress', 'WordPress Multisite', 'eLand', 'jQuery']"
meath-build.co.uk,Meath Build Ltd | Building the future on strong foundations,,,50,181,2026-09-11T23:22:17.145937879Z,"['Alternate Protocol', 'Contact Form Plugin', 'Divi', 'Elegant Themes', 'EmbedPress', 'Google Analytics', 'Google Cloud DNS', 'Google Font API', 'Google Tag Manager', 'Instagram Follow Button', 'LiteSpeed', 'PHP', 'Pagekit', 'Smush Image Optimization', 'Theme In WP', 'Twitter Ads', 'UTF-8', 'University or College', 'Woo Themes', 'WordPress', 'WordPress Multisite', 'jQuery']"
mwakaziadventures.com,mwakaziadventures.com,,TZA,70,2170,2026-09-11T22:58:03.828221734Z,"['Alternate Protocol', 'Blocksy', 'DAV', 'Elementor', 'EmbedPress', 'Exclusive Addons for Elementor', 'Google Analytics', 'Google Tag Manager', 'HT Mega', 'NFOrce Internet', 'PHP', 'Pagekit', 'Site Kit', 'Smush Image Optimization', 'Theme In WP', 'UTF-8', 'Woo Themes', 'WooCommerce', 'WooCommerce Checkout', 'WordPress', 'WordPress Multisite', 'YouTube', 'jQuery']"
callsimulator.com,Enterprise AI Role-Play Training Platform | Call Simulator,Call Simulator,,72,27937,2026-09-11T22:58:03.822735945Z,"['Alternate Protocol', 'Ametys', 'Astra Theme', 'Cloudflare', 'Cloudflare Bot Manager', 'Cloudflare CDN', 'Content Delivery Network', 'CookieYes', 'DAV', 'Elementor', 'EmbedPress', 'Express', 'Financial Services Guide', 'Google', 'Google Analytics', 'Google Cloud CDN', 'Google Cloud DNS', 'Google Font API', 'Google Tag Manager', 'Header, Footer and Blocks for Elementor', 'HubSpot Conversations', 'HubSpot WordPress Plugin', 'Hubspot', 'Leady', 'LinkedIn Insights', 'LinkedIn Pixel', 'LiteSpeed', 'Microdata for Google Shopping', 'PHP', 'Pagekit', 'Smush Image Optimization', 'SproutVideo', 'Theme In WP', 'UK Cookie Consent', 'UTF-8', 'WP Accessibility', 'WebsitePolicies', 'Woo Themes', 'WordPress', 'WordPress Multisite', 'WordPress Related Posts', 'YouTube', 'jQuery']"
owatonnadivorcelawyer.com,Divorce Lawyers & Family Attorneys | Owatonna,Van Wyhe Divorce & Family Law,USA,92,21822,2026-09-11T22:52:05.947215446Z,"['Alternate Protocol', 'Cloudflare', 'Contact Form Plugin', 'Content Delivery Network', 'EmbedPress', 'Fastly', 'Fireblade', 'GZIP Module', 'Google', 'Google Analytics', 'Google Cloud CDN', 'Google Cloud DNS', 'Google Font API', 'Google My Business', 'Google Tag Manager', 'Gravity Forms', 'Microdata for Google Shopping', 'PHP', 'Pagekit', 'Perl', 'QUIC', 'Slider Revolution', 'Smush Image Optimization', 'Theme In WP', 'To Top', 'UTF-8', 'WPBakery', 'WPForms', 'Woo Themes', 'WooCommerce', 'WooCommerce Checkout', 'WordPress', 'WordPress Multisite', 'jQuery', 'reCAPTCHA']"
sommaifishingtour.com,"Fishing in Phuket - Half Day, Full Day and Overnight Fishing. Private Fishing Charters from 14900 THB (~$455) and Join-In Fishing Trips - Phuket Game Fishing, Deep Sea Fishing, Trolling, Bottom Fishing, Spinning and Jigging at great prices.","Hello Andaman Tours Co., Ltd.",THA,77,17717,2026-09-11T22:29:34.046139885Z,"['Alternate Protocol', 'Astra Theme', 'Barracuda Web App Firewall', 'Elementor', 'EmbedPress', 'Google Analytics', 'Google Cloud DNS', 'Google Font API', 'Google Related Website Sites', 'Google Tag Manager', 'Kitco', 'LiteSpeed', 'Microdata for Google Shopping', 'NFOrce Internet', 'PHP', 'Pagekit', 'Site Kit', 'Sitelinks Search Box', 'Smush Image Optimization', 'Table Addons for Elementor', 'Theme In WP', 'UTF-8', 'Woo Themes', 'WordPress', 'WordPress Multisite', 'WordPress Related Posts', 'jQuery']"
teamupevent.com.sg,Event Management Company in Singapore | Teamup Event,TEAMUP EVENT PTE LTD,SGP,82,16824,2026-09-11T22:29:34.039225672Z,"['AWS WAF Challenge', 'Alternate Protocol', 'DoubleClick Bid Manager', 'Elementor', 'EmbedPress', 'Facebook Reseller', 'Google Analytics', 'Google Cloud DNS', 'Google Font API', 'Google Tag Manager', 'Hello Elementor', 'Instagram Follow Button', 'Microdata for Google Shopping', 'NFOrce Internet', 'Nginx', 'PHP', 'Pagekit', 'Smush Image Optimization', 'UTF-8', 'WhatsApp Sharing', 'WordPress', 'WordPress Multisite', 'jQuery']"
faberchem.com,Faber Chemicals – Professional Hygiene Solutions,,TUR,77,70518,2026-09-11T22:19:20.692384137Z,"['Alternate Protocol', 'Automattic', 'Collapse-O-Matic', 'Content Delivery Network', 'ContentViews', 'DAV', 'EmbedPress', 'Ethy', 'Fireblade', 'FormSubmit', 'GTranslate', 'GenerateBlocks', 'Google My Business', 'Google Related Website Sites', 'Gutenberg', 'Instagram Follow Button', 'Investor Relations', 'Jetpack', 'Jetpack Site Accelerator', 'Nginx', 'Oracle Cloud', 'Pagekit', 'Perl', 'QUIC', 'SMC', 'Smush Image Optimization', 'Thank You', 'Twenty Twenty-Four', 'UTF-8', 'Woo Themes', 'WooCommerce', 'WooCommerce Checkout', 'WordPress', 'WordPress Multisite', 'WordPress Stats', 'jQuery']"
horseandplow.com,Home - Horse & Plow,Horse And Plow,,77,26152,2026-09-11T22:07:00.793011178Z,"['AWS WAF Challenge', 'Alternate Protocol', 'Atomic Block', 'Cloudflare', 'Content Delivery Network', 'EmbedPress', 'Font Awesome', 'Google Analytics', 'Google Cloud DNS', 'Google Font API', 'Google Tag Manager', 'Instagram Feed for WordPress', 'Instagram Follow Button', 'Microdata for Google Shopping', 'PHP', 'Pagekit', 'Perl', 'RedChirp', 'Simple Banner for Wordpress', 'Sitelinks Search Box', 'Smush Image Optimization', 'StackPath', 'Theme In WP', 'Tock', 'Twitter Ads', 'UTF-8', 'WP Engine', 'WordPress', 'WordPress Multisite', 'jQuery']"
dodderhillequestrian.co.uk,"Dodderhill Equestrian and Stud | Equestrian centre, horsemanship, arab stud and healing centre",,,55,234,2026-09-11T21:42:42.643234716Z,"['Alternate Protocol', 'Complianz', 'Divi', 'Elegant Themes', 'EmbedPress', 'Event Tickets for Wordpress', 'Google Cloud DNS', 'Google Font API', 'Instagram Follow Button', 'PHP', 'Pagekit', 'Smush Image Optimization', 'The Events Calendar', 'Theme In WP', 'UTF-8', 'Woo Themes', 'WordPress', 'WordPress Multisite', 'jQuery']"
languagelodge.co.uk,Home - Language Lodge,,,60,900,2026-09-11T21:31:19.549769168Z,"['Alternate Protocol', 'Content Delivery Network', 'Divi', 'Elegant Themes', 'EmbedPress', 'Fastly', 'GZIP Module', 'Google', 'Google Cloud CDN', 'Google Cloud DNS', 'Google Font API', 'Gravity Forms', 'Microdata for Google Shopping', 'Nginx', 'Ntent', 'PHP', 'Pagekit', 'QUIC', 'Smush Image Optimization', 'Theme In WP', 'UTF-8', 'WordPress', 'WordPress Multisite', 'YouTube', 'jQuery']"
carvalhoattorney.com,"Trusted Personal Injury Lawyers in Las Vegas, NV",,USA,92,4279,2026-09-11T21:12:26.858549626Z,"['Akismet', 'Alternate Protocol', 'Apture Linking Platform', 'CheryFramework', 'Content Delivery Network', 'Cornerstone', 'EmbedPress', 'Essential Grid', 'Fastly', 'Fontello', 'GZIP Module', 'Gambling Content', 'Google Analytics', 'Google Cloud DNS', 'Google Font API', 'Google My Business', 'Google Related Website Sites', 'Google Tag Manager', 'Gravity', 'Gravity Forms', 'Instagram Follow Button', 'Microdata for Google Shopping', 'Nginx', 'PHP', 'Pagekit', 'QUIC', 'Slider Revolution', 'Smush Image Optimization', 'Theme In WP', 'Twitter Ads', 'UTF-8', 'UberMenu', 'UserWay', 'Woo Themes', 'WordPress', 'WordPress Multisite', 'YouTube', 'jQuery']"
digitaldigiton.com,"Digital Marketing Agency in Solapur | Affordable SEO, Ads & Social Media Services",Digital Digiton – Digital Marketing Agency in Solapur,IND,77,67706,2026-09-11T21:01:33.577671753Z,"['AWS WAF Challenge', 'Alternate Protocol', 'Astra Theme', 'CDN JS', 'Click to Chat for WhatsApp', 'Cloudflare', 'Cloudflare CDN', 'Contact Form Plugin', 'Content Delivery Network', 'Elementor', 'EmbedPress', 'Google Analytics', 'Google Customer Reviews', 'Google Maps', 'Google My Business', 'Google Related Website Sites', 'Google Tag Manager', 'Header, Footer and Blocks for Elementor', 'Instagram Follow Button', 'LiteSpeed', 'Microdata for Google Shopping', 'Microsoft Clarity', 'NFOrce Internet', 'PHP', 'Pagekit', 'QUIC', 'SMC', 'Sassy Social Share', 'Smush Image Optimization', 'Telegram', 'Theme In WP', 'UTF-8', 'WhatsApp Sharing', 'Woo Themes', 'WordPress', 'WordPress Multisite', 'WordPress Related Posts', 'jQuery']"
balancedmothering.com,Home,,,62,21249,2026-09-11T21:01:33.574546845Z,"['AWS WAF Challenge', 'Add to Any', 'Alternate Protocol', 'Astra Theme', 'Automattic', 'Cloudflare', 'Cloudflare CDN', 'ConvertKit for Wordpress', 'CookieYes', 'Elementor', 'ElementsKit Elementor', 'EmbedPress', 'Essential Addons for Elementor', 'GZIP Module', 'Google', 'Google Adsense', 'Google Cloud DNS', 'Google Font API', 'Google Funding Choices', 'Google Matched Content', 'Google My Business', 'Google Reseller', 'HT Mega', 'Header, Footer and Blocks for Elementor', 'Instagram Follow Button', 'Jetpack', 'Meta Slider for WordPress', 'Microdata for Google Shopping', 'NFOrce Internet', 'Nginx', 'PHP', 'Pagekit', 'Presto Player', 'ProfilePress', 'QUIC', 'Royal Elementor Addons', 'Sitelinks Search Box', 'Smush Image Optimization', 'Tailwind CSS', 'The Post Grid', 'Theme In WP', 'UTF-8', 'Woo Themes', 'WooCommerce', 'WooCommerce Checkout', 'WooCommerce Payments', 'WordPress', 'WordPress Multisite', 'WordPress Related Posts', 'WordPress Stats', 'YouTube', 'jQuery']"
newrivercabinswv.com,Beautiful cabins and lodging just four minutes from New River Gorge WV,New River Cabins,,72,3282,2026-09-11T20:34:41.662522267Z,"['Alternate Protocol', 'Cloudflare', 'Content Delivery Network', 'Divi', 'Elegant Themes', 'EmbedPress', 'GoDaddy', 'Google', 'Google Analytics', 'Google Cloud CDN', 'Google Cloud DNS', 'Google Font API', 'Google Tag Manager', 'Microdata for Google Shopping', 'PHP', 'Pagekit', 'QUIC', 'Smush Image Optimization', 'Theme In WP', 'UTF-8', 'Woo Themes', 'WordPress', 'WordPress Multisite', 'jQuery']"
hotel-dougas.gr,Hotel Dougas – Seaside Bungalows & Traditional Taverna in Arkoudi,,GRC,92,604,2026-09-11T20:09:29.570648862Z,"['Alternate Protocol', 'Complianz', 'Content Delivery Network', 'EmbedPress', 'GZIP Module', 'Google Cloud DNS', 'Google Font API', 'Gtranslate for Wordpress', 'Microdata for Google Shopping', 'Nginx', 'PHP', 'Pagekit', 'Sitelinks Search Box', 'Smush Image Optimization', 'Tailwind CSS', 'Theme In WP', 'UTF-8', 'WP Super Cache', 'WordPress', 'WordPress Multisite', 'jQuery']"
attorneyfileevictions.com,Home - FileEvictions,FileEvictions,,67,19599,2026-09-11T19:33:03.609071762Z,"['AWS WAF Challenge', 'Adobe Creative Cloud WebFonts', 'Alternate Protocol', 'Apture Linking Platform', 'Cloudflare', 'Coming Soon Page', 'Content Delivery Network', 'CookieYes', 'Elementor', 'EmbedPress', 'Google', 'Google Analytics', 'Google Cloud DNS', 'Google Font API', 'Google Maps', 'Google Tag Manager', 'Hello Elementor', 'JetElements', 'Microdata for Google Shopping', 'PHP', 'Pagekit', 'Perl', 'QUIC', 'SVG Support', 'Smush Image Optimization', 'Twitter Ads', 'UTF-8', 'WP Engine', 'WordPress', 'WordPress Multisite', 'jQuery']"
tequilasbotanero.com,Tequila’s Botanero,Tequilas Botanero,USA,72,1172,2026-09-11T19:33:03.609795433Z,"['Alternate Protocol', 'Amazon WAF Blocked', 'Apache', 'Blocksy', 'Bunny Fonts', 'Complianz', 'DuracellTomi Google Tag Manager for WordPress', 'EmbedPress', 'Express', 'Google Analytics', 'Google My Business', 'Google Tag Manager', 'Gtranslate for Wordpress', 'Instagram Follow Button', 'LiteSpeed', 'Microdata for Google Shopping', 'PHP', 'Pagekit', 'Smush Image Optimization', 'Theme In WP', 'UTF-8', 'UserWay', 'WP Statistics', 'WordPress', 'WordPress Multisite', 'jQuery']"
talarbeli.com,Tal Arbeli | Product Designer,,,72,2137,2026-09-11T19:22:49.881273915Z,"['Alternate Protocol', 'Elementor', 'EmbedPress', 'Essential Addons for Elementor', 'Google Analytics', 'Google Related Website Sites', 'Google Tag Manager', 'Hello Elementor', 'Hotjar', 'JetElements', 'Microdata for Google Shopping', 'PHP', 'Pagekit', 'Sitelinks Search Box', 'Smush Image Optimization', 'Twitter Ads', 'UTF-8', 'WordPress', 'WordPress Multisite', 'jQuery']"
cranleighhealthtrust.org,Cranleigh Village Health Trust | CVHT,Cranleigh Village Health Trust,CAN,70,21312,2026-09-11T19:13:35.92674049Z,"['AWS WAF Challenge', 'Adult Content', 'Alternate Protocol', 'Cloudflare', 'Cloudflare CDN', 'Content Delivery Network', 'EmbedPress', 'Fastly', 'GZIP Module', 'Google', 'Google Analytics', 'Google Cloud DNS', 'Google Font API', 'Google My Business', 'Google Related Website Sites', 'Google Tag Manager', 'IcoMoon', 'Microdata for Google Shopping', 'PHP', 'Pagekit', 'ProfilePress', 'Smush Image Optimization', 'Theme In WP', 'UTF-8', 'WPBakery', 'Woo Themes', 'WordPress', 'WordPress Multisite', 'jQuery']"
solutionsbystewart.com,Solutions By Stewart | For Writers & Creatives Who Want to Earn More—Without Tech Overwhelm.,Solutions by Stewart,,67,1676,2026-09-11T18:53:14.315299258Z,"['Alternate Protocol', 'Amazon S3 CDN', 'Apache', 'EmbedPress', 'GZIP Module', 'Google Analytics', 'Google My Business', 'Google Tag Manager', 'Instagram Follow Button', 'Medium', 'Metricool', 'Microdata for Google Shopping', 'MonsterInsights', 'OceanWP', 'PHP', 'Pagekit', 'Post Slider and Carousel', 'Site Kit', 'Smush Image Optimization', 'Storyblocks', 'Tailwind CSS', 'The Post Grid', 'Theme In WP', 'Twitter Ads', 'UTF-8', 'University or College', 'WP Mobile Menu', 'WP Super Cache', 'Woo Themes', 'WordPress', 'WordPress Multisite', 'YouTube', 'jQuery']"
arrimagesdistribution.com,Accueil -,Arrimages distribution,CAN,70,4198,2026-09-11T18:27:57.307212537Z,"['Ajax Search Lite', 'Alternate Protocol', 'Apache', 'Astra Theme', 'CartFlows', 'ContentViews', 'EWWW Image Optimizer', 'EmbedPress', 'GZIP Module', 'GenerateBlocks', 'Google', 'Google Cloud DNS', 'Google Font API', 'Google Related Website Sites', 'Microdata for Google Shopping', 'PHP', 'Pagekit', 'QUIC', 'Smush Image Optimization', 'Stackable Page Builder Gutenberg Blocks', 'Theme In WP', 'UTF-8', 'Ultimate Addons for Gutenberg', 'Woo Themes', 'WooCommerce', 'WooCommerce Checkout', 'WordPress', 'WordPress Carousel', 'WordPress Multisite', 'WordPress Related Posts', 'jQuery', 'qTranslate']"
lariacareadvisors.com,Senior Placement Services - Laria Care Finder,Laria Care Finder,,67,21057,2026-09-11T18:17:34.507730786Z,"['AWS WAF Challenge', 'Alternate Protocol', 'Cloudflare', 'Cloudflare CDN', 'Content Delivery Network', 'Elementor', 'EmbedPress', 'Essential Addons for Elementor', 'GZIP Module', 'Google', 'Google Analytics', 'Google Cloud DNS', 'Google Font API', 'Google Maps', 'Google My Business', 'Google Tag Manager', 'Gravity', 'Gravity Forms', 'HappyAddons', 'Instagram Follow Button', 'ListingProWP', 'Microdata for Google Shopping', 'MonsterInsights', 'NFOrce Internet', 'Nginx', 'PHP', 'Pagekit', 'Premium Addons for Elementor', 'QUIC', 'Site Kit', 'Smush Image Optimization', 'Theme In WP', 'To Top', 'UTF-8', 'WordPress', 'WordPress Multisite', 'YouTube', 'jQuery', 'jsDelivr', 'reCAPTCHA']"
aaronlukewilson.com,Aaron Luke Wilson,,,35,722,2026-09-11T18:10:45.784836178Z,"['Alternate Protocol', 'Band Camp', 'Bulma', 'Camp', 'Contact Form Plugin', 'Content Delivery Network', 'EmbedPress', 'Google Cloud DNS', 'Google Font API', 'Google My Business', 'Instagram Follow Button', 'LiteSpeed', 'PHP', 'Pagekit', 'Slider Revolution', 'Smush Image Optimization', 'Theme In WP', 'UTF-8', 'Uncode', 'Vimeo', 'WPBakery', 'WordPress', 'WordPress Multisite', 'jQuery', 'reCAPTCHA']"
talbothumane.org,Home - Talbot Humane,Talbot Humane,GBR,80,18052,2026-09-11T18:10:45.765487562Z,"['AWS WAF Challenge', 'Alternate Protocol', 'Content Delivery Network', 'DAV', 'EmbedPress', 'Fastly', 'GZIP Module', 'Google Analytics', 'Google Tag Manager', 'Harbor', 'IcoMoon', 'Microdata for Google Shopping', 'PHP', 'Pagekit', 'Sitelinks Search Box', 'Smush Image Optimization', 'The Events Calendar', 'Theme In WP', 'Twitter Ads', 'UTF-8', 'WordPress', 'WordPress Multisite', 'jQuery']"
garydas.com,Entrepreneur | Coach & Mentor | Podcaster | Author,Gary Das,,77,19654,2026-09-11T17:46:13.009189039Z,"['AWS WAF Challenge', 'Alternate Protocol', 'Better Lead Generation Services', 'ClickFunnels', 'Content Delivery Network', 'Elementor', 'EmbedPress', 'FEEDZY RSS Feeds', 'Facebook Conversion Tracking', 'Facebook Login', 'Facebook Messenger Platform', 'Facebook Pixel', 'Facebook Reseller', 'Facebook Tag API', 'Google Analytics', 'Google Cloud DNS', 'Google Font API', 'Google Related Website Sites', 'Google Tag Manager', 'Hello Elementor', 'Instagram Follow Button', 'JetElements', 'LiteSpeed', 'Microdata for Google Shopping', 'Microsoft Clarity', 'NFOrce Internet', 'Pagekit', 'Share Link', 'Smush Image Optimization', 'Sticky Header Effects for Elementor', 'Table Addons for Elementor', 'UTF-8', 'WordPress', 'WordPress Multisite', 'YouTube', 'jQuery']"
v4pga.org,Voices for Prevention – Voices for Prevention Georgia,,USA,70,53640,2026-09-11T17:12:43.106133394Z,"['Alternate Protocol', 'Amazon WAF Blocked', 'Aruba', 'Elementor', 'EmbedPress', 'Font Awesome', 'GZIP Module', 'Google Analytics', 'Google My Business', 'Google Tag Manager', 'Gravity', 'Gravity Forms', 'Instagram Follow Button', 'Jupiter X Core', 'Microdata for Google Shopping', 'NFOrce Internet', 'Nginx', 'Pagekit', 'SMC', 'Schema Plugin', 'Smush Image Optimization', 'Tailwind CSS', 'The Events Calendar', 'UTF-8', 'Woo Themes', 'WordPress', 'WordPress Multisite', 'YouTube', 'eLand', 'reCAPTCHA']"
frisoren1912.se,Home - Frisören1912,Frisören1912,SWE,72,2017,2026-09-11T17:12:43.090945896Z,"['Alternate Protocol', 'Apache', 'Astra Theme', 'CDN JS', 'Cloudflare', 'Cloudflare CDN', 'Contact Form Plugin', 'Elementor', 'EmbedPress', 'GZIP Module', 'Google Cloud DNS', 'Google Font API', 'Google My Business', 'Header, Footer and Blocks for Elementor', 'Instagram Follow Button', 'Microdata for Google Shopping', 'PHP', 'Pagekit', 'Sitelinks Search Box', 'Smush Image Optimization', 'Theme In WP', 'UTF-8', 'WPForms', 'WordPress', 'WordPress Multisite', 'YouTube', 'eLand', 'jQuery', 'reCAPTCHA']"
gwdefence.ca,Criminal Defence Lawyers in Alberta | White & Jeet Criminal Defence,White & Jeet Law,CAN,77,18465,2026-09-11T17:12:43.087166384Z,"['AWS WAF Challenge', 'Alternate Protocol', 'CallRail', 'Cloudflare', 'Cloudflare Web Analytics', 'Coming Soon Page', 'Content Delivery Network', 'DAV', 'Element Pack Lite', 'Elementor', 'ElementsKit Elementor', 'EmbedPress', 'Essential Addons for Elementor', 'GitHub Hosting', 'Google Analytics', 'Google Cloud DNS', 'Google Customer Reviews', 'Google Font API', 'Google My Business', 'Google Tag Manager', 'Hello Elementor', 'InMotion Hosting', 'Instagram Follow Button', 'Jeg Elementor Kit', 'Microdata for Google Shopping', 'NFOrce Internet', 'PHP', 'Pagekit', 'QUIC', 'Smush Image Optimization', 'Table Addons for Elementor', 'Thank You', 'Theme In WP', 'UTF-8', 'WordPress', 'WordPress Multisite', 'YouTube', 'jQuery']"
concreteserviceselcajon.com,Concrete Companies El Cajon | Concrete Company In El Cajon,concretecontractorslincolnne,USA,82,21454,2026-09-11T16:24:37.792795219Z,"['AWS WAF Challenge', 'Adult Content', 'Alternate Protocol', 'Astra Theme', 'Cloudflare', 'Cloudflare CDN', 'Contact Form Plugin', 'Elementor', 'ElementsKit Elementor', 'EmbedPress', 'Essential Addons for Elementor', 'Google', 'Google Cloud DNS', 'Google Font API', 'Google My Business', 'Google Related Website Sites', 'Header, Footer and Blocks for Elementor', 'Microdata for Google Shopping', 'NFOrce Internet', 'PHP', 'Pagekit', 'Perl', 'QUIC', 'Smush Image Optimization', 'Theme In WP', 'UTF-8', 'Woo Themes', 'WordPress', 'WordPress Multisite', 'WordPress Related Posts', 'jQuery', 'reCAPTCHA']"
artnot4sale.com,artnot4sale – artnot4sale,,ISR,65,2664,2026-09-11T16:15:10.755245731Z,"['Alternate Protocol', 'Contact Form Plugin', 'DAV', 'EmbedPress', 'Express', 'FreeCSSTemplates', 'Google', 'Google Cloud DNS', 'Google Font API', 'PHP', 'Pagekit', 'Slider Revolution', 'Smush Image Optimization', 'Theme In WP', 'UTF-8', 'University or College', 'WPBakery', 'Woo Themes', 'WooCommerce', 'WooCommerce Checkout', 'WordPress', 'WordPress Multisite', 'YouTube', 'jQuery']"
bigtreeinnbuffalo.com,Home - Big Tree Inn Buffalo,Big Tree Inn Orchard Park NY,USA,70,3194,2026-09-11T16:05:44.055636926Z,"['Alternate Protocol', 'Content Delivery Network', 'Elementor', 'EmbedPress', 'Google Maps', 'Google My Business', 'Instagram Follow Button', 'LiteSpeed', 'Microdata for Google Shopping', 'NFOrce Internet', 'OceanWP', 'PHP', 'Pagekit', 'Smush Image Optimization', 'Theme In WP', 'Twitter Ads', 'UTF-8', 'Woo Themes', 'WordPress', 'WordPress Multisite', 'jQuery', 'reCAPTCHA']"
vizyonindustrial.us,Specialists in Industrial Safety Supply US,,,67,19962,2026-09-11T16:05:44.032823771Z,"['Alternate Protocol', 'Astra Theme', 'Elementor', 'EmbedPress', 'Fireblade', 'Google', 'Google Analytics', 'Google Cloud CDN', 'Google Cloud DNS', 'Google Font API', 'Google My Business', 'Google Related Website Sites', 'Jetpack', 'Microdata for Google Shopping', 'PHP', 'Pagekit', 'QUIC', 'Sitelinks Search Box', 'Smush Image Optimization', 'Theme In WP', 'Tidio', 'UTF-8', 'WPForms', 'Woo Themes', 'WooCommerce', 'WooCommerce Checkout', 'WordPress', 'WordPress Multisite', 'WordPress Stats', 'YouTube', 'jQuery']"
sportiquo.com.sg,Sportiquo Singapore,,,62,4987,2026-09-11T15:57:05.434171738Z,"['Alternate Protocol', 'Content Delivery Network', 'Divi', 'Elegant Themes', 'EmbedPress', 'GetResponse', 'Google', 'Google Analytics', 'Google Cloud CDN', 'Google Cloud DNS', 'Google Font API', 'Google Tag Manager', 'Gravitec', 'Line2', 'LiteSpeed', 'Microdata for Google Shopping', 'Monarch Social Sharing Plugin For WordPress', 'Nudgify', 'Optinly', 'PHP', 'Pagekit', 'QUIC', 'Sapper', 'Sitelinks Search Box', 'Smush Image Optimization', 'Theme In WP', 'UTF-8', 'Woo Themes', 'WooCommerce', 'WooCommerce Checkout', 'WordPress', 'WordPress Multisite', 'eLand', 'jQuery']"
katnaish.co.uk,Home - Kat Naish Photograhy,,,82,5961,2026-09-11T15:36:31.276475052Z,"['Alternate Protocol', 'Apache', 'Apture Linking Platform', 'Contact Form Plugin', 'Content Delivery Network', 'DAV', 'Elementor', 'EmbedPress', 'Express', 'GZIP Module', 'Google', 'Google Analytics', 'Google Cloud DNS', 'Google Font API', 'Google My Business', 'Google Tag Manager', 'Graphy', 'Instagram Follow Button', 'Microdata for Google Shopping', 'NFOrce Internet', 'PHP', 'Pagekit', 'Smush Image Optimization', 'Soledad', 'Theme In WP', 'Twitter Ads', 'UTF-8', 'WPForms', 'Woo Themes', 'WordPress', 'WordPress Multisite', 'bbPress', 'jQuery', 'reCAPTCHA']"
siam-tech.co.th,"Siam Tech & Supply Co., Ltd",,THA,70,17584,2026-09-11T14:44:55.764583945Z,"['AWS WAF Challenge', 'Alternate Protocol', 'EmbedPress', 'Fancybox for WordPress', 'Fastly', 'Google Cloud DNS', 'Google Font API', 'Illdy', 'LiteSpeed', 'PHP', 'Pagekit', 'Smush Image Optimization', 'Theme In WP', 'UTF-8', 'WPFront Scroll Top', 'WordPress', 'WordPress Multisite', 'jQuery']"
safe2godigital.com,Home | Safe2Go Digital,Safe2Go Digisolutions Private Limited,IND,77,2421,2026-09-11T14:35:43.422702195Z,"['Alternate Protocol', 'AutoComplete', 'CDN JS', 'Cloudflare', 'Cloudflare CDN', 'Contact Form Plugin', 'Content Delivery Network', 'Elementor', 'ElementsKit Elementor', 'EmbedPress', 'Essential Addons for Elementor', 'Facebook Conversion Tracking', 'Facebook Login', 'Facebook Messenger Platform', 'Facebook Pixel', 'Facebook Reseller', 'Facebook Tag API', 'Google Analytics', 'Google Cloud DNS', 'Google Font API', 'Google My Business', 'Google Related Website Sites', 'Google Tag Manager', 'Instagram Follow Button', 'LiteSpeed', 'Microdata for Google Shopping', 'MonsterInsights', 'PHP', 'Pagekit', 'Popup Maker for Wordpress', 'Premium Addons for Elementor', 'Prime Slide for Elementor', 'QUIC', 'Royal Elementor Addons', 'Schema Plugin', 'Smush Image Optimization', 'Thank You', 'Tidio', 'Twitter Ads', 'UTF-8', 'Woo Themes', 'WooCommerce', 'WooCommerce Checkout', 'WooLentor', 'WordPress', 'WordPress Multisite', 'YouTube', 'eLand', 'jQuery']"
jcdetailingandservicesllc.com,Home - J.C Steel Detailing & Services LLC,J.C Steel Detailing & Services LLC,USA,77,325,2026-09-11T14:29:37.235281602Z,"['Alternate Protocol', 'Apache', 'Contact Form Plugin', 'EmbedPress', 'GZIP Module', 'Google Analytics', 'Google Cloud DNS', 'Google Font API', 'Google My Business', 'Google Tag Manager', 'Instagram Follow Button', 'Microdata for Google Shopping', 'MonsterInsights', 'PHP', 'Pagekit', 'Smush Image Optimization', 'Theme In WP', 'UTF-8', 'WordPress', 'WordPress Multisite', 'YouTube', 'jQuery']"
artbypurnima.co.uk,Watercolour Classes Online & In-Person | Art By Purnima,Art By Purnima,GBR,82,5324,2026-09-11T13:45:13.668513246Z,"['Alternate Protocol', 'Apture Linking Platform', 'CleanTalk Spam Protect', 'Content Delivery Network', 'Elementor', 'ElementsKit Elementor', 'EmbedPress', 'Express', 'Fastly', 'Font Awesome', 'FreeCSSTemplates', 'Gravity', 'Gravity Forms', 'HappyAddons', 'Instagram Follow Button', 'LiteSpeed', 'Microdata for Google Shopping', 'NFOrce Internet', 'PHP', 'Pagekit', 'Premium Addons for Elementor', 'QUIC', 'Silverlight', 'Site Reviews for Wordpress', 'SiteW', 'Smush Image Optimization', 'Tailwind CSS', 'The Post Grid', 'Theme In WP', 'To Top', 'Tutor LMS', 'Twitter Ads', 'UTF-8', 'WP-PostViews', 'Woo Themes', 'WooCommerce', 'WooCommerce Checkout', 'WordPress', 'WordPress Multisite', 'eLand', 'jQuery']"
bestsweep.co.uk,THE only Bristol Chimney Sweep you will need; Best Sweep,Best Sweep Chimney Sweeps,GBR,82,53191,2026-09-11T13:34:58.743255975Z,"['Alternate Protocol', 'Bulma', 'Cloudflare', 'EmbedPress', 'GZIP Module', 'Google Analytics', 'Google Cloud DNS', 'Google Font API', 'Google My Business', 'Google Related Website Sites', 'Google Tag Manager', 'IcoMoon', 'Instagram Follow Button', 'Microdata for Google Shopping', 'MonsterInsights', 'Nginx', 'PHP', 'Pagekit', 'QUIC', 'SMC', 'Schema Plugin', 'Sitelinks Search Box', 'Smush Image Optimization', 'Theme In WP', 'Twitter Ads', 'UTF-8', 'WPForms', 'Woo Themes', 'WordPress', 'WordPress Multisite', 'YouTube', 'jQuery', 'reCAPTCHA']"
pipewrenchpdx.com,Plumbing Portland | Plumbing Repair Portland | PipeWrench PDX,,USA,92,17082,2026-09-11T13:25:51.118575645Z,"['Alternate Protocol', 'Call to Visit', 'Cloudflare', 'CoBlocks', 'Content Delivery Network', 'Divi', 'Elegant Themes', 'EmbedPress', 'GoDaddy', 'Google Analytics', 'Google Cloud DNS', 'Google Font API', 'Google Tag Manager', 'Instagram Follow Button', 'Microdata for Google Shopping', 'PHP', 'Pagekit', 'Perl', 'QUIC', 'Smush Image Optimization', 'Thank You', 'Theme In WP', 'UTF-8', 'Wangsu', 'Woo Themes', 'WordPress', 'WordPress Multisite', 'YouTube', 'jQuery']"
whitelioniow.co.uk,"The White Lion Pub - Home - Niton, Isle of Wight",The Chequers Inn,,50,4765,2026-09-11T13:21:38.91668353Z,"['Alternate Protocol', 'Contact Form Plugin', 'Content Delivery Network', 'Divi', 'Elegant Themes', 'EmbedPress', 'Eviivo', 'Google Analytics', 'Google Cloud DNS', 'Google Customer Reviews', 'Google Font API', 'Google My Business', 'Google Tag Manager', 'Instagram Feed for WordPress', 'Instagram Follow Button', 'Kitco', 'LiteSpeed', 'Microdata for Google Shopping', 'Ntent', 'PHP', 'Pagekit', 'QUIC', 'ResDiary', 'RoomRaccoon', 'Site Kit', 'SiteMinder', 'Smush Image Optimization', 'Theme In WP', 'TrustIndex', 'UTF-8', 'Woo Themes', 'WordPress', 'WordPress Multisite', 'eLand', 'jQuery']"
unov.be,Accueil - UNOV,UNOV,BEL,67,3951,2026-09-11T12:46:07.928769444Z,"['Alternate Protocol', 'Apache', 'Cloudflare', 'Creative Mail by Constant Contact', 'Debian', 'EmbedPress', 'Envoy', 'GZIP Module', 'Google Cloud DNS', 'Google Font API', 'Google My Business', 'Google Related Website Sites', 'IcoMoon', 'Jetpack', 'Microdata for Google Shopping', 'Newsletter for Wordpress', 'PHP', 'Pagekit', 'Rara Themes', 'Smush Image Optimization', 'Tailwind CSS', 'Theme In WP', 'TranslatePress', 'UTF-8', 'WPForms', 'Woo Themes', 'WooCommerce', 'WooCommerce Checkout', 'WooCommerce Payments', 'WordPress', 'WordPress Multisite', 'WordPress Stats', 'jQuery', 'reCAPTCHA']"
burstpouch.com,Eastern States Packaging,Eastern States Packaging,USA,82,21174,2026-09-11T12:46:07.866443304Z,"['Alternate Protocol', 'Apache', 'Contact Form Plugin', 'EmbedPress', 'Fastly', 'Fireblade', 'GZIP Module', 'Google', 'Google Analytics', 'Google Cloud CDN', 'Google My Business', 'Google Tag Manager', 'Microdata for Google Shopping', 'PHP', 'Pagekit', 'Sitelinks Search Box', 'Smush Image Optimization', 'Theme In WP', 'UTF-8', 'Ultra', 'WordPress', 'WordPress Multisite', 'YouTube', 'jQuery', 'reCAPTCHA']"
koreaunited.us,Home - Alliance for Korea United,,PRK,85,38305,2026-09-11T12:34:49.459375135Z,"['Alternate Protocol', 'Autoptimize', 'Cloudflare', 'Content Delivery Network', 'Divi', 'Elegant Themes', 'EmbedPress', 'Express', 'Financial Services Guide', 'Google', 'Google Cloud CDN', 'Google Cloud DNS', 'Google Font API', 'Instagram Follow Button', 'KVH', 'Microdata for Google Shopping', 'No-Q', 'PHP', 'Pagekit', 'Smush Image Optimization', 'Supreme Modules Lite', 'Theme In WP', 'UTF-8', 'WP Rocket', 'Wangsu', 'Woo Themes', 'WordPress', 'WordPress Multisite', 'YouTube', 'jQuery']"
sky360.com.pk,Sky360 | Transport Company in Pakistan,,PAK,77,1944,2026-09-11T12:26:21.22569131Z,"['Alternate Protocol', 'Better Lead Generation Services', 'Contact Form Plugin', 'Elementor', 'EmbedPress', 'Google Cloud DNS', 'Google Font API', 'Header, Footer and Blocks for Elementor', 'LiteSpeed', 'Microdata for Google Shopping', 'NFOrce Internet', 'PHP', 'Pagekit', 'QUIC', 'Sitelinks Search Box', 'Smush Image Optimization', 'Tailwind CSS', 'Theme In WP', 'UTF-8', 'WP Logo Showcase', 'Woo Themes', 'WooCommerce', 'WooCommerce Checkout', 'WordPress', 'WordPress Multisite', 'jQuery']"
middle8media.co.uk,"Middle 8 Media | Sync Licensing, Copywriting & Publishing",Middle 8 Media,CHN,82,24903,2026-09-11T12:09:31.045501154Z,"['Alternate Protocol', 'Content Delivery Network', 'EmbedPress', 'Endis', 'GZIP Module', 'Google Analytics', 'Google Cloud DNS', 'Google Font API', 'Google Tag Manager', 'HubSpot WordPress Plugin', 'Instagram Follow Button', 'Microdata for Google Shopping', 'Nginx', 'PHP', 'Pagekit', 'Recent Posts Widget With Thumbnails', 'Slider Revolution', 'Smush Image Optimization', 'Tailwind CSS', 'The7', 'Theme In WP', 'UTF-8', 'WPBakery', 'Woo Themes', 'WooCommerce', 'WooCommerce Checkout', 'WordPress', 'WordPress Multisite', 'jQuery']"
leonhardtmc.com,Southern New Hampshire Home Service Specialist | Masonry and Concrete Services,Masonry and Concrete Services,AUS,77,16040,2026-09-11T12:09:31.036515368Z,"['Accordion Blocks', 'Alternate Protocol', 'Amazon WAF Blocked', 'Anti-spam for WordPress', 'Apache', 'CleanTalk Spam Protect', 'Contact Form Plugin', 'Content Delivery Network', 'EmbedPress', 'Fireblade', 'GZIP Module', 'Google My Business', 'Instagram Follow Button', 'Jetpack', 'Microdata for Google Shopping', 'PHP', 'Pagekit', 'SiteOrigin', 'Sitelinks Search Box', 'SmartCrawl', 'Smush Image Optimization', 'Sydney Theme', 'Theme In WP', 'UTF-8', 'WPForms', 'Woo Themes', 'WordPress', 'WordPress Multisite', 'WordPress Stats', 'jQuery']"
folklorescotland.com,Home of Scottish Folklore- Scottish Myths & Legends - Folklore Scotland,Folklore Scotland,GBR,82,2220,2026-09-11T12:03:46.512397164Z,"['Alternate Protocol', 'Elementor', 'EmbedPress', 'Google Analytics', 'Google Cloud DNS', 'Google Font API', 'Google Tag Manager', 'Instagram Follow Button', 'Lazy Load for WordPress', 'Microdata for Google Shopping', 'NFOrce Internet', 'OceanWP', 'PHP', 'Pagekit', 'Perl', 'Smush Image Optimization', 'Theme In WP', 'Twitter Ads', 'UTF-8', 'WP Mobile Menu', 'WP Super Cache', 'Woo Themes', 'WordPress', 'WordPress Multisite', 'YouTube', 'jQuery']"
earlygirlfarm.com,Home - Early Girl Farm,,,72,31429,2026-09-11T11:35:52.013319441Z,"['3 Products', 'Alternate Protocol', 'Contact Form Plugin', 'Elementor', 'EmbedPress', 'FreeCSSTemplates', 'Google', 'Google Cloud CDN', 'Google Cloud DNS', 'Google Font API', 'IcoMoon', 'Iconz', 'Instagram Follow Button', 'Line2', 'LiteSpeed', 'MailChimp for WordPress', 'Microdata for Google Shopping', 'PHP', 'Pagekit', 'QUIC', 'RM Education', 'Sitelinks Search Box', 'Slider Revolution', 'Smush Image Optimization', 'Tailwind CSS', 'Theme In WP', 'UTF-8', 'WPBakery', 'Woo Themes', 'WooCommerce', 'WooCommerce Checkout', 'WordPress', 'WordPress Multisite', 'YouTube', 'jQuery']"
shivjyoticonventshrinathpuram.com,Shiv Jyoti Convent Shrinathpuram | Best CBSE School in Kota | Top School In Kota,,IND,92,20360,2026-09-11T11:30:41.162237498Z,"['AWS WAF Challenge', 'Alternate Protocol', 'CleanTalk Spam Protect', 'Contact Form Plugin', 'Content Delivery Network', 'DAV', 'Elementor', 'ElementsKit Elementor', 'EmbedPress', 'Facebook Conversion Tracking', 'Facebook Login', 'Facebook Messenger Platform', 'Facebook Pixel', 'Facebook Reseller', 'Facebook Tag API', 'Google', 'Google Analytics', 'Google Cloud DNS', 'Google Conversion Tracking', 'Google Font API', 'Google Tag Manager', 'Header, Footer and Blocks for Elementor', 'Instagram Follow Button', 'LiteSpeed', 'Microdata for Google Shopping', 'NFOrce Internet', 'PHP', 'Pagekit', 'Poptin', 'Premium Addons for Elementor', 'Sitelinks Search Box', 'Smush Image Optimization', 'Thank You', 'The Events Calendar', 'Theme In WP', 'UPS', 'UTF-8', 'University or College', 'Woo Themes', 'WordPress', 'WordPress Multisite', 'YouTube', 'jQuery']"
baycityinsuranceservices.com,The Best Insurance Agent & Broker in Surrey | Bay City Insurance Services,Bay City Insurance Services Ltd,CAN,77,2840,2026-09-11T10:48:37.900142554Z,"['Alternate Protocol', 'Apache', 'Apture Linking Platform', 'EmbedPress', 'Font Awesome', 'GZIP Module', 'Google Cloud DNS', 'Google Font API', 'Google My Business', 'Google Related Website Sites', 'Gravity', 'Gravity Forms', 'Gtranslate for Wordpress', 'PHP', 'Pagekit', 'QUIC', 'Sitelinks Search Box', 'Slider Revolution', 'Smush Image Optimization', 'The7', 'Theme In WP', 'UTF-8', 'Visual Composer Ultimate Addons', 'WP Rocket', 'WPBakery', 'WordPress', 'WordPress Multisite', 'jQuery', 'reCAPTCHA']"
olanduziedas.lt,Autoriniai darbai - Olandų žiedo Juvelyrika,Olandų žiedo Juvelyrika,LTU,82,5346,2026-09-11T10:48:37.886895116Z,"['Alternate Protocol', 'Astra Theme', 'Complianz', 'Content Delivery Network', 'Elementor', 'EmbedPress', 'Essential Addons for Elementor', 'Google', 'Google Analytics', 'Google Cloud DNS', 'Google Font API', 'Google Related Website Sites', 'Google Tag Manager', 'Header, Footer and Blocks for Elementor', 'LiteSpeed', 'Microdata for Google Shopping', 'NFOrce Internet', 'PHP', 'Pagekit', 'QUIC', 'Smush Image Optimization', 'Theme In WP', 'UTF-8', 'Woo Themes', 'WordPress', 'WordPress Multisite', 'WordPress Related Posts', 'jQuery']"
rtc.edu.bd,RTC | Rajibpur Technical & B.M. College,,,70,7764,2026-09-11T10:12:05.362065459Z,"['Alternate Protocol', 'Contact Form Plugin', 'Content Delivery Network', 'EmbedPress', 'Facebook Embedded Posts', 'LiteSpeed', 'PHP', 'Pagekit', 'QUIC', 'RM Education', 'Smush Image Optimization', 'Theme In WP', 'UTF-8', 'University or College', 'Woo Themes', 'WordPress', 'WordPress Multisite']"
jclglassltd.co.uk,JCL Glass | Sealed Unit Manufacturer | Glass Merchant,JCL Glass,,72,4900,2026-09-11T09:46:21.78260485Z,"['Alternate Protocol', 'Automattic', 'BatCache', 'Content Delivery Network', 'Divi', 'Elegant Themes', 'EmbedPress', 'Fastly', 'Google My Business', 'Gutenberg', 'Instagram Follow Button', 'Jetpack', 'Jetpack Site Accelerator', 'Microdata for Google Shopping', 'Nginx', 'PHP', 'Pagekit', 'Smush Image Optimization', 'Termly', 'Theme In WP', 'UTF-8', 'Vimeo', 'Woo Themes', 'WordPress', 'WordPress Multisite', 'WordPress Stats', 'YouTube', 'eLand', 'jQuery', 'reCAPTCHA']"
bgpwproject.com,Home - Bailey Gibson and Player Wills Redevelopment,,,57,63,2026-09-11T09:46:21.778863497Z,"['Alternate Protocol', 'Bulma', 'Coming Soon Page', 'Content Delivery Network', 'EmbedPress', 'GZIP Module', 'Google', 'Google Analytics', 'Google Cloud DNS', 'Google Font API', 'Google Tag Manager', 'Instagram Feed for WordPress', 'Instagram Follow Button', 'Microdata for Google Shopping', 'Nginx', 'PHP', 'Pagekit', 'Smush Image Optimization', 'Theme In WP', 'Twitter Ads', 'UTF-8', 'WordPress', 'WordPress Multisite', 'jQuery']"
addiessolicitors.co.uk,Addies Solicitors | Legal Experts in Fleetwood & Poulton-le-Fylde,Addies Solicitors,AUS,77,2682,2026-09-11T09:39:10.128585816Z,"['Alternate Protocol', 'Automattic', 'Better Lead Generation Services', 'Elementor', 'EmbedPress', 'GZIP Module', 'Hello Elementor', 'Jetpack', 'Microdata for Google Shopping', 'NFOrce Internet', 'Nginx', 'PHP', 'Pagekit', 'Parallels Plesk Panel', 'Smush Image Optimization', 'Table Addons for Elementor', 'Theme In WP', 'UTF-8', 'WP Fastest Cache', 'WordPress', 'WordPress Multisite', 'WordPress Stats', 'jQuery']"
atp.academy,Homepage - ATP Academy,ATP Academy,USA,77,27908,2026-09-11T09:29:00.421042012Z,"['AWS WAF Challenge', 'CallRail', 'Complianz', 'DAV', 'DuracellTomi Google Tag Manager for WordPress', 'EmbedPress', 'Fancybox for WordPress', 'GZIP Module', 'Google Analytics', 'Google Related Website Sites', 'Google Tag Manager', 'HubSpot Conversations', 'Hubspot', 'Instagram Follow Button', 'Microdata for Google Shopping', 'Nginx', 'Ntent', 'PHP', 'Pagekit', 'QUIC', 'Smush Image Optimization', 'Telegram', 'Theme In WP', 'TrustIndex', 'UTF-8', 'WPBakery', 'WordPress', 'WordPress Multisite', 'WordPress SEO Structured Data Schema Plugin', 'YouTube', 'jQuery']"
therealestatecorner.in,HOME - the real estate corner,the real estate corner,IND,80,169642,2026-09-11T09:18:05.50729188Z,"['Alternate Protocol', 'Astra Theme', 'Autoptimize', 'Click to Chat for WhatsApp', 'Cloudflare', 'DAV', 'Elementor', 'EmbedPress', 'Essential Addons for Elementor', 'Essential Blocks for Gutenberg', 'Font Awesome', 'FreeBSD', 'GenerateBlocks', 'Google Cloud DNS', 'Google Font API', 'Google Related Website Sites', 'Instagram Follow Button', 'KeyCDN', 'Lazy Load for WordPress', 'LiteSpeed', 'Microdata for Google Shopping', 'PHP', 'Pagekit', 'Python', 'Salesforce Hosted', 'Shopware', 'Smush Image Optimization', 'Table Addons for Elementor', 'Theme In WP', 'UTF-8', 'University or College', 'Vector Internet Services', 'WP Rocket', 'Woo Themes', 'WordPress', 'WordPress Multisite', 'WordPress Related Posts', 'Yandex Hosting', 'YouTube', 'jQuery', 'symfony PHP Framework']"
hafzallarealestate.com,Hafzalla Real Estate - Andrew & Maria Torres Hafzalla Real Estate Brokers for the Greater Seattle Area,,USA,92,18924,2026-09-11T08:52:57.216098299Z,"['AWS WAF Challenge', 'Alternate Protocol', 'Cloudflare', 'Content Delivery Network', 'EmbedPress', 'Formidable Pro Form', 'Google', 'Google Analytics', 'Google Cloud DNS', 'Google Font API', 'Google Tag Manager', 'Instagram Follow Button', 'Microdata for Google Shopping', 'PHP', 'Pagekit', 'Smush Image Optimization', 'Theme In WP', 'UTF-8', 'WP Engine', 'WordPress', 'WordPress Multisite', 'jQuery']"
georgecoller.co.uk,Home - The George Coller Memorial Fund,The George Coller Memorial Fund,,67,21625,2026-09-11T08:38:42.354004366Z,"['34SP.com', 'Alternate Protocol', 'Apache', 'Astra Theme', 'Contact Form Plugin', 'Elementor', 'EmbedPress', 'Fireblade', 'GZIP Module', 'GiveWP', 'Google', 'Google Analytics', 'Google Cloud DNS', 'Google Font API', 'Google My Business', 'Google Tag Manager', 'Header, Footer and Blocks for Elementor', 'Investor Relations', 'Max Mega Menu', 'Max Mega Menu Pro', 'Microdata for Google Shopping', 'NFOrce Internet', 'PHP', 'Pagekit', 'Parallels Plesk Panel', 'PayPal Button', 'PayPal Form', 'QUIC', 'Smush Image Optimization', 'Thank You', 'Theme In WP', 'Twitter Ads', 'UTF-8', 'University or College', 'WPFront Scroll Top', 'Woo Themes', 'WordPress', 'WordPress Multisite', 'WordPress Related Posts', 'YouTube', 'eLand', 'jQuery', 'reCAPTCHA']"
indianlakeprinting.com,"Indian Lake Printing – From Design to Delivery, Print Indian Lake.",,,70,1066,2026-09-11T07:45:20.625853538Z,"['Alternate Protocol', 'Automattic', 'Divi', 'Elegant Themes', 'EmbedPress', 'Instagram Feed for WordPress', 'Instagram Follow Button', 'Jetpack', 'Jetpack Site Accelerator', 'MailChimp for WordPress', 'Nginx', 'PHP', 'Pagekit', 'Smush Image Optimization', 'Theme In WP', 'UTF-8', 'WordPress', 'WordPress Multisite', 'WordPress Stats', 'jQuery']"
jacunartmoveisplanejados.com.br,Home - Jacunart Móveis Planejados,Jacunart Móveis Planejados,BRA,87,3635,2026-09-11T06:47:33.877514499Z,"['Alternate Protocol', 'Ametys', 'Astra Theme', 'Cloudflare', 'Content Delivery Network', 'Elementor', 'EmbedPress', 'Express', 'Google', 'Google Analytics', 'Google Cloud CDN', 'Google Cloud DNS', 'Google Font API', 'Google Maps', 'Google My Business', 'Google Tag Manager', 'Gtranslate for Wordpress', 'Header, Footer and Blocks for Elementor', 'Instagram Follow Button', 'LiteSpeed', 'Microdata for Google Shopping', 'PHP', 'Pagekit', 'Premium Addons for Elementor', 'Schema Plugin', 'Smush Image Optimization', 'Theme In WP', 'UTF-8', 'WPForms', 'Woo Themes', 'WordPress', 'WordPress Multisite', 'WordPress Related Posts', 'jQuery']"
field81.com,Field81 - Premier Venue for Memorable Events,,USA,92,5391,2026-09-11T06:18:31.218906383Z,"['Alternate Protocol', 'Automattic', 'BatCache', 'Content Delivery Network', 'Elementor', 'EmbedPress', 'Fastly', 'Google Analytics', 'Google Tag Manager', 'Instagram Follow Button', 'Jetpack', 'Jetpack Site Accelerator', 'Microdata for Google Shopping', 'MouseWheel Smooth Scroll', 'NFOrce Internet', 'Nginx', 'OceanWP', 'PHP', 'Pagekit', 'Smush Image Optimization', 'Table Addons for Elementor', 'Theme In WP', 'UTF-8', 'WPForms', 'Woo Themes', 'WooCommerce Checkout', 'WordPress', 'WordPress Multisite', 'WordPress Stats', 'jQuery']"
tourguideofhungary.com,Tour Guide of Hungary - Private Tours in Budapest and Hungary,,HUN,87,1373,2026-09-11T06:18:31.208602328Z,"['Alternate Protocol', 'Apache', 'EmbedPress', 'GZIP Module', 'Google Analytics', 'Google Cloud DNS', 'Google Font API', 'Google Maps', 'Google Related Website Sites', 'Google Tag Manager', 'IcoMoon', 'Instagram Follow Button', 'Microdata for Google Shopping', 'PHP', 'Pagekit', 'Slider Revolution', 'Smush Image Optimization', 'Subversion', 'Theme In WP', 'UTF-8', 'WPBakery', 'WordPress', 'WordPress Multisite', 'YouTube', 'jQuery']"
attlandscapedesign.com,ATT Landscape Design & Installation - Outdoor Living,,,67,37058,2026-09-11T05:58:48.768084564Z,"['Alternate Protocol', 'Apache', 'Contact Form Plugin', 'Contento', 'Custom Facebook Feed', 'EmbedPress', 'Facebook Conversion Tracking', 'Facebook Login', 'Facebook Messenger Platform', 'Facebook Pixel', 'Facebook Reseller', 'Facebook Tag API', 'Fastly', 'Font Awesome', 'FormSubmit', 'GZIP Module', 'Google Analytics', 'Google Cloud DNS', 'Google Font API', 'Google My Business', 'Google Related Website Sites', 'Google Tag Manager', 'Impreza', 'Instagram Follow Button', 'Microdata for Google Shopping', 'MonsterInsights', 'PHP', 'Pagekit', 'Perl', 'Prospective', 'QUIC', 'Slider Revolution', 'Smush Image Optimization', 'Theme In WP', 'UTF-8', 'WPBakery', 'WordPress', 'WordPress Multisite', 'YouTube', 'jQuery', 'reCAPTCHA']"
modereraspaces.com,"Moderera Spaces – Designing Dreams, Creating Realities",,USA,75,25204,2026-09-11T05:13:32.306702761Z,"['AWS WAF Challenge', 'Advanced Popups', 'Alternate Protocol', 'Cloudflare', 'Cloudflare CDN', 'Content Delivery Network', 'Elementor', 'EmbedPress', 'Facebook Conversion Tracking', 'Facebook Login', 'Facebook Messenger Platform', 'Facebook Pixel', 'Facebook Reseller', 'Facebook Tag API', 'Font Awesome', 'Fontello', 'Google', 'Google Analytics', 'Google Cloud DNS', 'Google Font API', 'Google My Business', 'Google Tag Manager', 'IcoMoon', 'Image Hotspot by DevVN', 'Instagram Feed for WordPress', 'Instagram Follow Button', 'LiteSpeed', 'NFOrce Internet', 'PHP', 'Pagekit', 'QUIC', 'Smush Image Optimization', 'TI WooCommerce Wishlist', 'The Events Calendar', 'Theme In WP', 'UTF-8', 'Vector Internet Services', 'WP GDPR Compliance', 'Woo Themes', 'WooCommerce', 'WooCommerce Checkout', 'WordPress', 'WordPress Multisite', 'eLand', 'elegro', 'jQuery']"
rohiglobalconsulting.com,Anshul Verma - Best 30X Business Coach In India,Rohi Global Consulting,IND,77,20070,2026-09-11T05:06:52.833770416Z,"['AWS WAF Challenge', 'Alternate Protocol', 'Cloudflare', 'Cloudflare CDN', 'Elementor', 'ElementsKit Elementor', 'EmbedPress', 'Google', 'Google Analytics', 'Google Cloud DNS', 'Google Font API', 'Google My Business', 'Google Related Website Sites', 'Google Tag Manager', 'Hello Elementor', 'Instagram Follow Button', 'LiteSpeed', 'Microdata for Google Shopping', 'NFOrce Internet', 'PHP', 'Pagekit', 'Royal Elementor Addons', 'Site Kit', 'Smush Image Optimization', 'Theme In WP', 'TidyCal', 'UTF-8', 'WordPress', 'WordPress Multisite', 'YouTube', 'jQuery']"
unitedyards.com,New City United Yards,,USA,70,21810,2026-09-11T04:58:23.517695108Z,"['Alternate Protocol', 'Cloudflare', 'Contact Form Plugin', 'Content Delivery Network', 'Elementor', 'EmbedPress', 'GoDaddy', 'Google', 'Google Cloud CDN', 'Google Cloud DNS', 'Google Font API', 'Google My Business', 'Gtranslate for Wordpress', 'IcoMoon', 'Microdata for Google Shopping', 'NFOrce Internet', 'PHP', 'Pagekit', 'Schema Plugin', 'Slider Revolution', 'Smush Image Optimization', 'Theme In WP', 'UTF-8', 'Wangsu', 'Woo Themes', 'WooCommerce Checkout', 'WordPress', 'WordPress Multisite', 'eLand', 'jQuery', 'reCAPTCHA']"
lotharioguitars.com,"Lothario Guitars | Custom Electric & Acoustic Guitars, Ukuleles Liverpool | 0151 222 5230 | Bespoke & Pre Made Instruments",,,65,3061,2026-09-11T04:58:23.516993411Z,"['Advanced Woo Search', 'Alternate Protocol', 'Apache', 'Aruba', 'Divi', 'Elegant Themes', 'EmbedPress', 'Google', 'Google Cloud CDN', 'Google Cloud DNS', 'Google Font API', 'Instagram Follow Button', 'PHP', 'Pagekit', 'QUIC', 'Smush Image Optimization', 'Theme In WP', 'UTF-8', 'WP Fastest Cache', 'Woo Themes', 'WooCommerce', 'WooCommerce Checkout', 'WordPress', 'WordPress Multisite', 'eLand']"
bringitdurango.com,BringIt!,,,62,5152,2026-09-11T04:51:01.079664898Z,"['Alternate Protocol', 'Amazon WAF Blocked', 'Apture Linking Platform', 'Automattic', 'Beaver Builder Lite', 'EmbedPress', 'Facebook Login', 'Facebook Messenger Platform', 'Facebook Pixel', 'Facebook Reseller', 'Google', 'Google Analytics', 'Google Cloud CDN', 'Google Cloud DNS', 'Google Font API', 'Google My Business', 'Google Related Website Sites', 'Google Tag Manager', 'Gravity', 'Instagram Feed for WordPress', 'Instagram Follow Button', 'Jetpack', 'Jetpack Site Accelerator', 'Microdata for Google Shopping', 'PHP', 'Pagekit', 'Schema Plugin', 'Smush Image Optimization', 'StudioPress', 'UTF-8', 'WP Rocket', 'Woo Themes', 'WooCommerce', 'WooCommerce Checkout', 'WordPress', 'WordPress Multisite']"
adrischildersbedrijf.nl,Adri Schildersbedrijf | Schilder in Zwolle en omstreken,Adri Schildersbedijf,NLD,67,2412,2026-09-11T04:37:31.475971754Z,"['Alternate Protocol', 'Apache', 'Elementor', 'EmbedPress', 'GZIP Module', 'Google Cloud DNS', 'Google Font API', 'Hello Elementor', 'Microdata for Google Shopping', 'NFOrce Internet', 'Ntent', 'PHP', 'Pagekit', 'Smush Image Optimization', 'Theme In WP', 'TrustIndex', 'UTF-8', 'WordPress', 'WordPress Multisite', 'jQuery']"
calumetcity.org,Home - Calumet City,,USA,87,18643,2026-09-11T04:29:30.541949198Z,"['AWS WAF Challenge', 'Alternate Protocol', 'Cloudflare', 'Cloudflare CDN', 'Cloudflare Turnstile', 'Content Delivery Network', 'DAV', 'Elementor', 'Embed Any Document', 'EmbedPress', 'Essential Addons for Elementor', 'Facebook CDN', 'FreeCSSTemplates', 'GoDaddy', 'Google Analytics', 'Google Cloud DNS', 'Google Font API', 'Google My Business', 'Google Tag Manager', 'Gtranslate for Wordpress', 'Help.com', 'JetElements', 'Max Mega Menu', 'Max Mega Menu Pro', 'Microdata for Google Shopping', 'MonsterInsights', 'NFOrce Internet', 'PHP', 'Pagekit', 'Premium Addons for Elementor', 'QUIC', 'Smush Image Optimization', 'Sucuri Cloudproxy', 'TablePress', 'The Events Calendar', 'Theme In WP', 'To Top', 'Twitter Ads', 'UTF-8', 'Website Tonight', 'WordPress', 'WordPress Multisite', 'YouTube', 'jQuery']"
blackwheelmotors.com,Black Wheel Motors | Buy Used Cars UK | Trusted Car Dealer,,GBR,82,19281,2026-09-11T04:21:09.567603896Z,"['AWS WAF Challenge', 'Alternate Protocol', 'Cloudflare', 'Cloudflare CDN', 'Content Delivery Network', 'Elementor', 'ElementsKit Elementor', 'EmbedPress', 'Google', 'Google My Business', 'Header, Footer and Blocks for Elementor', 'Hello Elementor', 'Jeg Elementor Kit', 'LiteSpeed', 'Microdata for Google Shopping', 'NFOrce Internet', 'PHP', 'Pagekit', 'QUIC', 'Schema Plugin', 'Smush Image Optimization', 'Table Addons for Elementor', 'Theme In WP', 'UTF-8', 'WordPress', 'WordPress Multisite', 'YouTube', 'jQuery']"
blakedailey.com,Home - Blake Dailey,,,70,20908,2026-09-11T03:56:57.626541733Z,"['Alternate Protocol', 'Cloudflare', 'Content Delivery Network', 'Elementor', 'ElementsKit Elementor', 'EmbedPress', 'Facebook Conversion Tracking', 'Facebook Login', 'Facebook Messenger Platform', 'Facebook Pixel', 'Facebook Reseller', 'Facebook Tag API', 'GoDaddy', 'Google Analytics', 'Google Cloud DNS', 'Google Font API', 'Google My Business', 'Google Tag Manager', 'Instagram Follow Button', 'Kajabi', 'Metricool', 'Microdata for Google Shopping', 'NFOrce Internet', 'OceanWP', 'PHP', 'Pagekit', 'QUIC', 'Smush Image Optimization', 'Theme In WP', 'UTF-8', 'WPForms', 'Wangsu', 'Woo Themes', 'WooCommerce Checkout', 'WordPress', 'WordPress Multisite', 'YouTube', 'jQuery']"
adventuredevelopments.com.au,ADVENTURE DEVELOPMENTS | TRUST IN ADVENTURE,,,65,2880,2026-09-11T03:52:51.820108269Z,"['Alternate Protocol', 'Aruba', 'Automattic', 'Cloudflare', 'Content Delivery Network', 'Divi', 'Elegant Themes', 'EmbedPress', 'GoDaddy', 'Google Cloud DNS', 'Google Font API', 'Jetpack', 'PHP', 'Pagekit', 'Perl', 'Smush Image Optimization', 'Theme In WP', 'UTF-8', 'Woo Themes', 'WooCommerce', 'WooCommerce Checkout', 'WordPress', 'WordPress Multisite', 'WordPress Stats', 'eLand', 'jQuery', 'reCAPTCHA']"
breqq.eu,breqq - Passie voor mooie producten en snelle service,breqq,NLD,77,8312,2026-09-11T03:12:04.854706078Z,"['Alternate Protocol', 'Consultio Theme', 'Contact Form Plugin', 'Content Delivery Network', 'Elementor', 'EmbedPress', 'GZIP Module', 'Google', 'Google Analytics', 'Google Cloud DNS', 'Google Font API', 'Google My Business', 'Google Related Website Sites', 'Google Tag Manager', 'Hotjar', 'Microdata for Google Shopping', 'NFOrce Internet', 'Nginx', 'PHP', 'Pagekit', 'Parallels Plesk Panel', 'Perl', 'Slider Revolution', 'Smush Image Optimization', 'Theme In WP', 'TrustIndex', 'UTF-8', 'WPO365', 'Woo Themes', 'WordPress', 'WordPress Multisite', 'jQuery', 'reCAPTCHA']"
versatilewood.co.uk,Versatile Flooring | Karndean Flooring | Amitco Floors | Luxury Tile Flooring,,,72,19381,2026-09-11T03:12:04.824933999Z,"['Alternate Protocol', 'Contact Form Plugin', 'Cookie Accept', 'Cookie Notice', 'DAV', 'Divi', 'Elegant Themes', 'EmbedPress', 'Fireblade', 'GZIP Module', 'Google', 'Google Analytics', 'Google Cloud CDN', 'Google Cloud DNS', 'Google Font API', 'Google My Business', 'Google Tag Manager', 'Instagram Feed for WordPress', 'Instagram Follow Button', 'Microdata for Google Shopping', 'Nginx', 'PHP', 'Pagekit', 'Parallels Plesk Panel', 'Smush Image Optimization', 'Theme In WP', 'UTF-8', 'Woo Themes', 'WordPress', 'WordPress Multisite', 'jQuery', 'reCAPTCHA']"
migration-displacement-culture.org,Migration Displacement Culture,Migration Displacement Culture,GBR,82,18687,2026-09-11T03:12:04.822296875Z,"['AWS WAF Challenge', 'Adobe Creative Cloud WebFonts', 'Alternate Protocol', 'Content Delivery Network', 'EmbedPress', 'Google', 'Google Analytics', 'Google Cloud CDN', 'Google Related Website Sites', 'Google Tag Manager', 'InitiativeS', 'Lazy Load for WordPress', 'LiteSpeed', 'Microdata for Google Shopping', 'PDF Embedder for Wordpress', 'PHP', 'Pagekit', 'Site Kit', 'Sitelinks Search Box', 'Smush Image Optimization', 'Theme In WP', 'UTF-8', 'Ultra', 'Underscores', 'University or College', 'WordPress', 'WordPress Multisite', 'eLand', 'jQuery']"
ablemoving.com,"Able Moving & Storage, Inc. | Moving Company | Storage | DC, MD, VA",Able Moving & Storage,USA,82,65815,2026-09-11T03:12:04.800714416Z,"['Alternate Protocol', 'Content Delivery Network', 'Elementor', 'EmbedPress', 'Facebook Reseller', 'Fastly', 'GZIP Module', 'Google Analytics', 'Google My Business', 'Google Tag Manager', 'Gravity', 'Gravity Forms', 'HHVM', 'Hello Elementor', 'HubSpot Conversations', 'Hubspot', 'Instagram Feed for WordPress', 'Instagram Follow Button', 'Microdata for Google Shopping', 'NFOrce Internet', 'Nginx', 'PDF Embedder for Wordpress', 'Pagekit', 'QUIC', 'SMC', 'Smush Image Optimization', 'UTF-8', 'WordPress', 'WordPress Multisite', 'YouTube', 'jQuery', 'reCAPTCHA']"
moneymagnetloans.com,Financial Freedom with Personal Loans - Money Magnet Loans,Money Magnet Loans,,72,18746,2026-09-11T02:43:19.297458077Z,"['AWS WAF Challenge', 'Alternate Protocol', 'Better Lead Generation Services', 'Cloudflare', 'Content Delivery Network', 'Elementor', 'EmbedPress', 'GZIP Module', 'Google', 'Google Adsense', 'Google Analytics', 'Google Cloud CDN', 'Google Cloud DNS', 'Google Conversion Tracking', 'Google Font API', 'Google Funding Choices', 'Google Matched Content', 'Google Reseller', 'Google Tag Manager', 'Gtranslate for Wordpress', 'Instagram Follow Button', 'Metform Elemento', 'Microdata for Google Shopping', 'Nginx', 'PHP', 'Pagekit', 'QUIC', 'Sitelinks Search Box', 'Slider Revolution', 'Smush Image Optimization', 'Tailwind CSS', 'Theme In WP', 'Twitter Ads', 'UTF-8', 'W3 Total Cache', 'WPForms', 'Woo Themes', 'WooCommerce', 'WooCommerce Checkout', 'WordPress', 'WordPress Multisite', 'jQuery']"
dalmontcantwell.com,Dalmont Cantwell LLC - Dalmont Cantwell Partners LLC,,USA,82,7540,2026-09-11T02:39:18.44238434Z,"['Alternate Protocol', 'Apache', 'Cisco/Arrowpoint Content Service Switch', 'Contact Form Plugin', 'EmbedPress', 'GZIP Module', 'Google Cloud DNS', 'Google Font API', 'LayerSlider Responsive', 'Lazy Load for WordPress', 'LeaseWeb', 'Microdata for Google Shopping', 'No-Q', 'PHP', 'Pagekit', 'Perl', 'Pleroma', 'QUIC', 'Slider Revolution', 'Smush Image Optimization', 'Theme In WP', 'UTF-8', 'WPBakery', 'WordPress', 'WordPress Multisite', 'eLand', 'jQuery']"
classicservicecentre.com,Home Appliances Repair - Classicservicecentre.com,,IND,82,21962,2026-09-11T02:39:18.400293016Z,"['AAPT', 'Alternate Protocol', 'Content Delivery Network', 'DAV', 'Elementor', 'EmbedPress', 'Google Analytics', 'Google Cloud DNS', 'Google Font API', 'Google Tag Manager', 'LiteSpeed', 'Microdata for Google Shopping', 'NFOrce Internet', 'Ninja Forms', 'PHP', 'Pagekit', 'Perl', 'QUIC', 'Royal Elementor Addons', 'Site Kit', 'Sitelinks Search Box', 'Smush Image Optimization', 'UTF-8', 'WordPress', 'WordPress Multisite', 'jQuery']"
caresquare.org.uk,Care square | Supported living accommodation,Care square,GBR,82,17564,2026-09-11T02:39:18.393193961Z,"['AWS WAF Challenge', 'Alternate Protocol', 'Apture Linking Platform', 'Contact Form Plugin', 'Divi', 'Elegant Themes', 'EmbedPress', 'Google My Business', 'Gtranslate for Wordpress', 'Microdata for Google Shopping', 'Nginx', 'PHP', 'Pagekit', 'Perl', 'Sitelinks Search Box', 'Smush Image Optimization', 'Supreme Modules Lite', 'Thank You', 'Theme In WP', 'Tidio', 'Twitter Ads', 'UTF-8', 'Woo Themes', 'WordPress', 'WordPress Multisite', 'jQuery', 'reCAPTCHA']"
wewia.in,Home - WeWia,,IND,65,5015,2026-09-11T02:29:45.070071746Z,"['Alternate Protocol', 'Amazon CloudFront', 'Better Lead Generation Services', 'Bulma', 'CloudFront', 'Contact Form Plugin', 'EmbedPress', 'GZIP Module', 'Google', 'Google Cloud DNS', 'Google Font API', 'Google My Business', 'Gravity Forms', 'IcoMoon', 'Instagram Follow Button', 'LiteSpeed', 'Max Mega Menu', 'Max Mega Menu Pro', 'Meta Slider for WordPress', 'PHP', 'Pagekit', 'Popup Maker for Wordpress', 'QUIC', 'Smush Image Optimization', 'Tailwind CSS', 'Theme In WP', 'Twenty Seventeen', 'UTF-8', 'WPForms', 'WordPress', 'WordPress Multisite', 'jQuery', 'reCAPTCHA']"
bismagordenmayestik.com,Home - Bisma Gorden Mayestik logo,Bisma Gorden Mayestik,IDN,75,1058,2026-09-11T02:12:01.716651096Z,"['Acme Themes', 'Alternate Protocol', 'CDN JS', 'Cloudflare', 'Cloudflare CDN', 'Contact Form Plugin', 'Content Delivery Network', 'EmbedPress', 'Google Cloud DNS', 'Google Font API', 'Gutentor', 'IcoMoon', 'Instagram Follow Button', 'Koko Analytics', 'LiteSpeed', 'Microdata for Google Shopping', 'PHP', 'Page-list for WordPress', 'Pagekit', 'Perl', 'PixelYourSite', 'Python', 'QUIC', 'Simple Lightbox', 'Smush Image Optimization', 'Theme In WP', 'Twitter Ads', 'UTF-8', 'WhatsApp Sharing', 'Woo Themes', 'WooCommerce', 'WooCommerce Checkout', 'WordPress', 'WordPress Multisite', 'jQuery']"
dc-world-consultancy.com,DC-World-Consultancy | DC World Consultancy in the datacenter world,,,62,24355,2026-09-11T01:42:13.848044412Z,"['Alternate Protocol', 'Divi', 'Elegant Themes', 'EmbedPress', 'GZIP Module', 'Google Analytics', 'Google Cloud DNS', 'Google Font API', 'Google Related Website Sites', 'Google Tag Manager', 'INETu', 'Jetpack', 'Nginx', 'PHP', 'Pagekit', 'Rack Servers', 'Smush Image Optimization', 'Theme In WP', 'UTF-8', 'W3 Total Cache', 'Woo Themes', 'WordPress', 'WordPress Multisite', 'jQuery']"
gallantfitnessequipments.com,Gfe - Gallant Fitness Equipments,,IND,70,3356,2026-09-11T01:42:13.844670008Z,"['Alternate Protocol', 'CleanTalk Spam Protect', 'Elementor', 'EmbedPress', 'Facebook Conversion Tracking', 'Facebook Login', 'Facebook Messenger Platform', 'Facebook Pixel', 'Facebook Reseller', 'Facebook Tag API', 'GoDaddy', 'Google Analytics', 'Google Cloud DNS', 'Google Font API', 'Google Related Website Sites', 'Google Tag Manager', 'Instagram Follow Button', 'LiteSpeed', 'Microdata for Google Shopping', 'NFOrce Internet', 'PHP', 'Pagekit', 'PixelYourSite', 'QUIC', 'Smush Image Optimization', 'Theme In WP', 'UTF-8', 'Woo Themes', 'WooCommerce', 'WooCommerce Checkout', 'WordPress', 'WordPress Multisite', 'YouTube', 'jQuery']"
jasoncampbellvo.com,Commercial & eLearning Voiceover | Jason Campbell Voiceover,,USA,77,2429,2026-09-11T01:42:13.840279063Z,"['Alternate Protocol', 'Apache', 'EmbedPress', 'GZIP Module', 'Google Analytics', 'Google Cloud DNS', 'Google Font API', 'Google My Business', 'Google Tag Manager', 'Gravity', 'Gravity Forms', 'Instagram Follow Button', 'Microdata for Google Shopping', 'PHP', 'Pagekit', 'Pico CSS', 'QUIC', 'Smush Image Optimization', 'StudioPress', 'Theme In WP', 'Twitter Ads', 'UTF-8', 'WPBakery', 'WordPress', 'WordPress Multisite', 'jQuery', 'reCAPTCHA']"
evocariera.ro,Evocariera,,,55,79,2026-09-11T01:22:26.069968985Z,"['3D FlipBook', 'Alternate Protocol', 'Contact Form Plugin', 'Crypto.com', 'EmbedPress', 'Google Cloud DNS', 'Google Font API', 'Instagram Follow Button', 'LiteSpeed', 'Microdata for Google Shopping', 'PHP', 'Pagekit', 'QUIC', 'Schema Plugin', 'Slider Revolution', 'Smush Image Optimization', 'Theme In WP', 'UTF-8', 'WPBakery', 'WordPress', 'WordPress Multisite', 'YouTube', 'eLand', 'jQuery']"
nithishsekar.in,Nithish Sekar | Expert Shopify Developer in Tamil Nadu & Bengaluru,,IND,82,1963,2026-09-11T00:58:02.070856507Z,"['Alternate Protocol', 'Content Delivery Network', 'Elementor', 'EmbedPress', 'Essential Addons for Elementor', 'GitHub Hosting', 'Google Cloud DNS', 'Google Font API', 'Hello Elementor', 'Instagram Follow Button', 'LiteSpeed', 'Microdata for Google Shopping', 'NFOrce Internet', 'PHP', 'Pagekit', 'QUIC', 'Smush Image Optimization', 'Sticky Header Effects for Elementor', 'The Plus Addons for Elementor', 'Theme In WP', 'Twitter Ads', 'UTF-8', 'WordPress', 'WordPress Multisite', 'jQuery']"
cjsigndesign.com,"CJ's Signs and Designs – Fort Walton Beach, FL",,USA,72,8046,2026-09-11T00:43:59.407289281Z,"['AJAX Libraries API', 'Alternate Protocol', 'Apache', 'Contact Form Plugin', 'EmbedPress', 'Formidable Pro Form', 'Google Analytics', 'Google Cloud DNS', 'Google My Business', 'Google Tag Manager', 'NFOrce Internet', 'PHP', 'Pagekit', 'QUIC', 'Smush Image Optimization', 'Theme In WP', 'ThemeFusion', 'UTF-8', 'Vector Internet Services', 'WP jQuery Lightbox', 'WordPress', 'WordPress Multisite', 'jQuery', 'reCAPTCHA']"
mrsmopsandmrdust.com,Cleaning Services North Vancouver | Mrs Mops & Mr Dust,Mrs Mops & Mr Dust,CAN,92,23217,2026-09-11T00:22:35.024686164Z,"['AWS WAF Challenge', 'Alternate Protocol', 'Automattic', 'Cloudflare', 'Cloudflare CDN', 'Elementor', 'EmbedPress', 'Google', 'Google Analytics', 'Google Cloud DNS', 'Google Font API', 'Google My Business', 'Google Tag Manager', 'Header, Footer and Blocks for Elementor', 'Instagram Follow Button', 'Jetpack', 'Jetpack Site Accelerator', 'Microdata for Google Shopping', 'Nginx', 'Pagekit', 'QUIC', 'Royal Elementor Addons', 'Smush Image Optimization', 'UTF-8', 'Vector Internet Services', 'WordPress', 'WordPress Multisite']"
sixpackrecruitingsports.com,Six Pack Recruiting Sports - Start Your Recruiting Process Today,Six Pack Recruiting Sports,CHN,82,41291,2026-09-11T00:22:35.002507235Z,"['Alternate Protocol', 'Amazon', 'Baidu Cloud', 'Cloudflare', 'Content Delivery Network', 'Divi', 'Duoban', 'Elegant Themes', 'EmbedPress', 'Express', 'Free Call', 'GoDaddy', 'Google', 'Google Analytics', 'Google Cloud CDN', 'Google Cloud DNS', 'Google Font API', 'Google Tag Manager', 'Instagram Follow Button', 'Loomly', 'Microdata for Google Shopping', 'PHP', 'Pagekit', 'Recruiting.com', 'Smush Image Optimization', 'Thank You', 'Theme In WP', 'Twitter Ads', 'UTF-8', 'University or College', 'Wangsu', 'WordPress', 'WordPress Multisite', 'Yandex Hosting', 'YouTube', 'jQuery']"
staywilder.eco,"Stay Wilder Eco-Glamping Resort | Sechelt, Sunshine Coast BC",Stay Wilder Eco Glamping Resort | Glamping with Impact,AUS,82,5173,2026-09-11T00:06:49.242425871Z,"['Alternate Protocol', 'Apache', 'Elementor', 'Elementor Custom Skin', 'EmbedPress', 'Facebook Conversion Tracking', 'Facebook Login', 'Facebook Messenger Platform', 'Facebook Pixel', 'Facebook Reseller', 'Facebook Tag API', 'Font Awesome', 'Fresha', 'GZIP Module', 'GetResponse', 'Google Analytics', 'Google Cloud DNS', 'Google Font API', 'Google My Business', 'Google Tag Manager', 'Hello Elementor', 'Hotjar', 'Instagram Feed for WordPress', 'Instagram Follow Button', 'Jetpack', 'Lazy Load for WordPress', 'Microdata for Google Shopping', 'NFOrce Internet', 'Ntent', 'PHP', 'Pagekit', 'Sitelinks Search Box', 'Smush Image Optimization', 'Table Addons for Elementor', 'The Deck', 'The Events Calendar', 'Theme In WP', 'TrustIndex', 'UTF-8', 'Woo Themes', 'WordPress', 'WordPress Multisite', 'jQuery']"
andrewkatende.com,Photographer in Uganda / Photojournalist/ Reportage,,UGA,82,19983,2026-09-11T00:02:02.031536915Z,"['Alternate Protocol', 'Apture Linking Platform', 'Content Delivery Network', 'Elementor', 'EmbedPress', 'Fireblade', 'Google Analytics', 'Google Cloud DNS', 'Google Font API', 'Google Related Website Sites', 'Google Tag Manager', 'Hello Elementor', 'InitiativeS', 'Instagram Follow Button', 'LiteSpeed', 'Microdata for Google Shopping', 'NFOrce Internet', 'PHP', 'Pagekit', 'Premium Addons for Elementor', 'QUIC', 'Qi Addons For Elementor', 'Smush Image Optimization', 'Theme In WP', 'Twitter Ads', 'UTF-8', 'WordPress', 'WordPress Multisite', 'Yandex Hosting', 'jQuery']"
optionc.co.za,Home - Option C,Option C,ZAF,65,2043,2026-09-11T00:02:02.025722556Z,"['Alternate Protocol', 'Apache', 'Better Lead Generation Services', 'Elementor', 'EmbedPress', 'Google Cloud DNS', 'Google Font API', 'Kadence WP', 'Microdata for Google Shopping', 'NFOrce Internet', 'PHP', 'Pagekit', 'Schema Plugin', 'Smush Image Optimization', 'Theme In WP', 'UTF-8', 'WordPress', 'WordPress Multisite', 'jQuery']"
newsong.net,Newsong Church – Welcome to the home of the misfits,,USA,82,3676,2026-09-11T00:02:01.992185855Z,"['Alternate Protocol', 'Amazon', 'Amazon S3 CDN', 'Apache', 'ArvanCloud', 'Bulma', 'Contact Form Plugin', 'EmbedPress', 'Font Awesome', 'GZIP Module', 'Google Analytics', 'Linktree', 'Microdata for Google Shopping', 'PHP', 'Pagekit', 'Smush Image Optimization', 'Storyblocks', 'Tailwind CSS', 'Theme In WP', 'UTF-8', 'WordPress', 'WordPress Multisite', 'jQuery', 'jsDelivr']"
rankuno.com,Outcome-Focused Marketing Agency Enhanced by AI | RankUno,,IND,77,602,2026-09-10T22:31:17.646954886Z,"['Alternate Protocol', 'Apture Linking Platform', 'CDN JS', 'Cloudflare', 'Cloudflare CDN', 'EmbedPress', 'Google Analytics', 'Google Cloud DNS', 'Google Font API', 'Google Tag Manager', 'IcoMoon', 'InitiativeS', 'Instagram Follow Button', 'LiteSpeed', 'Microdata for Google Shopping', 'PHP', 'Pagekit', 'Smush Image Optimization', 'Tailwind CSS', 'Twitter Ads', 'UTF-8', 'UberMenu', 'WordPress', 'WordPress Multisite', 'jQuery']"
gregghallmusic.com,Gregg Hall Music - Gregg Hall Music & Deece Productions,Deece Productions,,72,16851,2026-09-10T22:00:11.157366972Z,"['Alternate Protocol', 'Apture Linking Platform', 'Content Delivery Network', 'Cornerstone', 'Divi', 'Elegant Themes', 'Elementor', 'EmbedPress', 'Facebook Login', 'Facebook Messenger Platform', 'Facebook Reseller', 'GoDaddy', 'Google Analytics', 'Google Cloud DNS', 'Google Font API', 'Google My Business', 'Google Tag Manager', 'Instagram Follow Button', 'Microdata for Google Shopping', 'MonsterInsights', 'PHP', 'Pagekit', 'Smush Image Optimization', 'Sucuri Cloudproxy', 'Theme In WP', 'UTF-8', 'WP Advanced Ads', 'Wangsu', 'Woo Themes', 'WordPress', 'WordPress Ad Manager and AdSense Ads', 'WordPress Multisite', 'YouTube', 'jQuery']"
organicplantcentre.in,Home - Organic Plant Centre,,IND,82,3418,2026-09-10T21:10:27.464917654Z,"['Alternate Protocol', 'Contact Form Plugin', 'Content Delivery Network', 'Elementor', 'EmbedPress', 'Essential Addons for Elementor', 'Google Analytics', 'Google Cloud DNS', 'Google Font API', 'Google Related Website Sites', 'Google Tag Manager', 'Jetpack', 'Klarna', 'LiteSpeed', 'Microdata for Google Shopping', 'NFOrce Internet', 'PHP', 'Pagekit', 'PixelYourSite', 'QUIC', 'Sitelinks Search Box', 'Slider Revolution', 'Smart Coupons for WooCommerce', 'Smush Image Optimization', 'Telegram', 'Theme In WP', 'Twitter Ads', 'UTF-8', 'University or College', 'Woo Themes', 'WooCommerce', 'WooCommerce Checkout', 'WooFramework', 'WordPress', 'WordPress Multisite', 'WordPress Stats', 'jQuery']"
newbury-home.com,- Newbury Home,,,62,40926,2026-09-10T20:41:09.724892922Z,"['AWS WAF Challenge', 'Alternate Protocol', 'Cloudflare', 'Cloudflare CDN', 'ElementUI', 'EmbedPress', 'Font Awesome', 'GZIP Module', 'GenerateBlocks', 'Genesis Blocks', 'Google', 'Google Analytics', 'Google Cloud DNS', 'Google Font API', 'Google My Business', 'Google Tag Manager', 'IcoMoon', 'Instagram Feed for WordPress', 'Instagram Follow Button', 'Jetpack', 'KVH', 'MailPoet', 'Meta Slider for WordPress', 'Microdata for Google Shopping', 'MonsterInsights', 'Nginx', 'Ninja Forms', 'PHP', 'Pagekit', 'PixelYourSite', 'ShopStyle', 'Smush Image Optimization', 'StudioPress', 'Tailwind CSS', 'Theme In WP', 'ThirstyAffiliates', 'UTF-8', 'WP Recipe Maker', 'Woo Themes', 'WooCommerce Checkout', 'WordPress', 'WordPress Multisite', 'WordPress Popular Posts', 'WordPress Stats', 'jQuery', 'jQuery Pin It Button for Images']"
weavekindness.com,Weave Kindness – Learn. Create. Give.,,GBR,70,1309,2026-09-10T20:41:09.715910868Z,"['Alternate Protocol', 'Bulma', 'EmbedPress', 'Facebook Login', 'Facebook Messenger Platform', 'Facebook Reseller', 'Font Awesome', 'GZIP Module', 'Google Cloud DNS', 'Google Font API', 'Hestia', 'IcoMoon', 'Instagram Follow Button', 'Nginx', 'PHP', 'Pagekit', 'Simple Share Buttons Adder', 'Smush Image Optimization', 'Theme In WP', 'Twitter Ads', 'UTF-8', 'Ubuntu', 'WPForms', 'Woo Themes', 'WooCommerce', 'WooCommerce Checkout', 'WordPress', 'WordPress Multisite', 'WordPress Related Posts', 'YouTube', 'YouTube Advanced by Embed Plus', 'jQuery']"
hresevai.com,HR e-Sevai maiyam-அரசு இ-சேவை மையம்,HR E-SEVAI MAIYAM,,67,19397,2026-09-10T20:36:08.750481551Z,"['AWS WAF Challenge', 'Alternate Protocol', 'Astra Theme', 'Cloudflare', 'Cloudflare CDN', 'Content Delivery Network', 'Elementor', 'EmbedPress', 'Google', 'Google Analytics', 'Google Cloud DNS', 'Google Font API', 'Google Maps', 'Google My Business', 'Google Tag Manager', 'LiteSpeed', 'Microdata for Google Shopping', 'NFOrce Internet', 'PHP', 'Pagekit', 'Smush Image Optimization', 'Theme In WP', 'UTF-8', 'Woo Themes', 'WordPress', 'WordPress Multisite', 'WordPress Related Posts', 'jQuery']"
columbiaheritage.org,"Columbia Heritage Foundation | Columbia Heritage Foundation is a 501 (c) 3 organization restoring and preserving the Republic Plaza in West Columbia, Texas.",,,55,340,2026-09-10T20:27:55.330620456Z,"['Alternate Protocol', 'Apache', 'Blog2Social', 'Divi', 'Easy Social Icons for WordPress', 'Elegant Themes', 'EmbedPress', 'Font Awesome', 'GZIP Module', 'Google', 'Google Cloud CDN', 'Google Cloud DNS', 'Google Font API', 'Google Related Website Sites', 'Lazy Load for WordPress', 'PHP', 'Pagekit', 'Sassy Social Share', 'Smush Image Optimization', 'Theme In WP', 'UTF-8', 'Woo Themes', 'WordPress', 'WordPress Multisite', 'jQuery']"
iva.life,Life Insurance Malta | Savings and Protection Plans | IVALIFE,,MLT,82,18324,2026-09-10T20:23:22.515134199Z,"['Adult Content', 'Alternate Protocol', 'ArvanCloud', 'Better Lead Generation Services', 'Cloudflare', 'Cloudflare CDN', 'Cloudflare Web Analytics', 'Complianz', 'EmbedPress', 'Facebook Conversion Tracking', 'Facebook Login', 'Facebook Messenger Platform', 'Facebook Pixel', 'Facebook Reseller', 'Facebook Tag API', 'Fireblade', 'Google Analytics', 'Google Cloud DNS', 'Google Font API', 'Google Related Website Sites', 'Google Tag Manager', 'Hotjar', 'Mailjet Email Marketing for Wordpress', 'Mailjet Widget', 'Microdata for Google Shopping', 'PHP', 'Pagekit', 'Smush Image Optimization', 'Theme In WP', 'UTF-8', 'WordPress', 'WordPress Multisite', 'jQuery', 'jsDelivr']"
britishrallychampionship.co.uk,British Rally Championship | Home,,GBR,65,32073,2026-09-10T20:23:22.51471046Z,"['AWS WAF Challenge', 'Alternate Protocol', 'Analytify', 'Bulma', 'Contact Form Plugin', 'Cornerstone', 'EmbedPress', 'Fireblade', 'Font Awesome', 'Google Analytics', 'Google My Business', 'Google Tag Manager', 'Instagram Follow Button', 'Nginx', 'Ninja Forms', 'PHP', 'Pagekit', 'Parallels Plesk Panel', 'Smush Image Optimization', 'Tailwind CSS', 'Theme In WP', 'Twitter Ads', 'UTF-8', 'Woo Themes', 'WooCommerce Checkout', 'WordPress', 'WordPress Multisite', 'YouTube', 'jQuery', 'reCAPTCHA']"
skywayfishingtours.com,Inshore and Offshore Private Fishing Charter in Sarasota Bay,Skyway Fishing Tours LLC,PHL,92,76566,2026-09-10T20:15:09.209316522Z,"['AWS WAF Challenge', 'Alternate Protocol', 'Automattic', 'BatCache', 'Cloudflare', 'Cloudflare CDN', 'EmbedPress', 'Fastly', 'FormSubmit', 'Google', 'Google Analytics', 'Google Cloud DNS', 'Google Cloud Storage', 'Google My Business', 'Google Related Website Sites', 'Google Tag Manager', 'Gutenberg', 'Instagram Follow Button', 'Investor Relations', 'Jetpack', 'Jetpack Site Accelerator', 'Nginx', 'Oracle Cloud', 'Pagekit', 'Peek', 'Perl', 'SMC', 'Smush Image Optimization', 'Thank You', 'Twitter Ads', 'UTF-8', 'WPForms', 'WordPress', 'WordPress Multisite', 'WordPress Stats', 'Yelp Badge', 'jQuery']"
catalystenterprises.net,From Insights to Strategies,,,50,322,2026-09-10T19:47:42.304895315Z,"['Alternate Protocol', 'Apache', 'CoBlocks', 'EmbedPress', 'Font Awesome', 'GZIP Module', 'GoDaddy', 'Google Cloud DNS', 'Google Font API', 'InitiativeS', 'PHP', 'Pagekit', 'Primer', 'Smush Image Optimization', 'Theme In WP', 'UTF-8', 'University or College', 'Website Tonight', 'Woo Themes', 'WordPress', 'WordPress Multisite', 'jQuery']"
linkupcorporate.com,"Business Setup in Dubai | Company Formation in UAE, Link Up",,,52,219,2026-09-10T19:28:26.154410987Z,"['Contact Form Plugin', 'DAV', 'EmbedPress', 'Google', 'Google Analytics', 'Google Cloud DNS', 'Google Font API', 'Google Tag Manager', 'IcoMoon', 'PHP', 'Pagekit', 'Perl', 'QUIC', 'Smush Image Optimization', 'Thank You', 'Theme In WP', 'Twenty Seventeen', 'UTF-8', 'WordPress', 'WordPress Multisite']"
bridalharmony.com,Home - Bridal Harmony,,USA,75,17774,2026-09-10T19:24:23.429328566Z,"['AWS WAF Challenge', 'Alternate Protocol', 'Cloudflare', 'Cloudflare CDN', 'EmbedPress', 'GZIP Module', 'Google', 'Google Cloud DNS', 'Google Font API', 'Google My Business', 'Instagram Feed for WordPress', 'Instagram Follow Button', 'Max Mega Menu', 'Max Mega Menu Pro', 'Microdata for Google Shopping', 'Nginx', 'PHP', 'Pagekit', 'QUIC', 'Sitelinks Search Box', 'Smush Image Optimization', 'Strong Testimonials', 'Tailwind CSS', 'Theme In WP', 'UTF-8', 'University or College', 'WordPress', 'WordPress Multisite', 'jQuery']"
oana-ny.org,Home - OANA - Old Astoria Neighborhood Association,Old Astoria Neighborhood Association,GBR,75,5179,2026-09-10T19:03:26.289097657Z,"['501c3 Status Nonprofit', 'Akismet', 'Alternate Protocol', 'Contact Form Plugin', 'Content Delivery Network', 'Elementor', 'EmbedPress', 'Essential Addons for Elementor', 'Facebook Conversion Tracking', 'Facebook Login', 'Facebook Messenger Platform', 'Facebook Pixel', 'Facebook Reseller', 'Facebook Tag API', 'GTranslate', 'GZIP Module', 'Google', 'Google Analytics', 'Google Cloud CDN', 'Google Cloud DNS', 'Google Font API', 'Google My Business', 'Google Tag Manager', 'IcoMoon', 'Instagram Follow Button', 'Meta Slider for WordPress', 'Microdata for Google Shopping', 'Microsoft Clarity', 'Modern Events Calendar Lite', 'MonsterInsights', 'Nginx', 'PHP', 'Pagekit', 'QUIC', 'Slider Revolution', 'Smush Image Optimization', 'Steinway', 'Theme In WP', 'Twitter Ads', 'UTF-8', 'WP Fastest Cache', 'WordPress', 'WordPress Multisite', 'YouTube', 'eLand', 'jQuery', 'reCAPTCHA']"
amblermennonitechurch.com,Ambler Mennonite Church – Jesus. Community. Service. Peace.,,GBR,65,3417,2026-09-10T18:55:57.920431259Z,"['Alternate Protocol', 'Apture Linking Platform', 'Automattic', 'Elementor', 'EmbedPress', 'GZIP Module', 'IcoMoon', 'Jetpack', 'NFOrce Internet', 'Nginx', 'Otter Blocks', 'PHP', 'Pagekit', 'Shield Security for Wordpress', 'Smush Image Optimization', 'The Events Calendar', 'Theme In WP', 'UTF-8', 'WordPress', 'WordPress Multisite', 'WordPress Stats', 'jQuery']"
lyonsview-health.com,"Welcome to Lyonsview Health and Rehabilitation Center | Knoxville, TN",Lyonsview Health and Rehabilitation Center,,77,33205,2026-09-10T18:55:57.909078167Z,"['AWS WAF Challenge', 'Alternate Protocol', 'Apture Linking Platform', 'Cloudflare', 'Custom Facebook Feed', 'Embed Any Document', 'EmbedPress', 'Facebook CDN', 'Financial Services Guide', 'Fireblade', 'Font Awesome', 'GitHub Hosting', 'Google Analytics', 'Google My Business', 'Google Tag Manager', 'Gravity', 'Gravity Forms', 'MapPress', 'Microdata for Google Shopping', 'PHP', 'Pagekit', 'Perl', 'Smush Image Optimization', 'Subversion', 'Tawk', 'Theme In WP', 'Twitter Ads', 'UTF-8', 'University or College', 'Vimeo', 'WP Engine', 'WordPress', 'WordPress Multisite', 'jQuery', 'reCAPTCHA']"
heavenlygrace.church,Telugu Church / Indian Church - Heavenly Grace,Heavenly Grace INDIAN CHURCH,IRL,77,382,2026-09-10T18:43:06.798859939Z,"['Alternate Protocol', 'Apache', 'EmbedPress', 'Font Awesome', 'GZIP Module', 'Google Analytics', 'Google Cloud DNS', 'Google Font API', 'Google Tag Manager', 'Instagram Follow Button', 'Microdata for Google Shopping', 'PHP', 'Pagekit', 'Slider Revolution', 'Smush Image Optimization', 'The7', 'Theme In WP', 'UTF-8', 'Visual Composer Ultimate Addons', 'WP Fastest Cache', 'WPBakery', 'WordPress', 'WordPress Multisite', 'YouTube', 'YouTube Advanced by Embed Plus']"
godatirnews.com,Home,,IND,75,67592,2026-09-10T18:33:01.372663371Z,"['Alternate Protocol', 'Baidu Cloud', 'Content Delivery Network', 'DoubleClick Bid Manager', 'EmbedPress', 'Facebook Login', 'Facebook Messenger Platform', 'Facebook Pixel', 'Facebook Reseller', 'GDPR Consent Management Platform', 'GitHub Hosting', 'Google Adsense', 'Google Analytics', 'Google Cloud DNS', 'Google Font API', 'Google Funding Choices', 'Google Matched Content', 'Google My Business', 'Google Related Website Sites', 'Google Reseller', 'Google Tag Manager', 'Instagram Follow Button', 'LiteSpeed', 'Media.net', 'Microdata for Google Shopping', 'Newspaper', 'OneSignal', 'Onyx Internet', 'PHP', 'Pagekit', 'Perl', 'SMC', 'Site Kit', 'Sitelinks Search Box', 'Smush Image Optimization', 'Twitter Ads', 'UTF-8', 'WPBakery', 'Woo Themes', 'WordPress', 'WordPress Multisite', 'Yandex Hosting', 'YouTube', 'eLand', 'jQuery', 'tagDiv Cloud Library']"
hallmarklights.com,Holiday Lights in Greater Buffalo & Rochester NY | Hallmark Lights,Hallmark Lights,USA,67,19878,2026-09-10T18:08:57.362211766Z,"['Alternate Protocol', 'Amazon WAF Blocked', 'Anti-spam for WordPress', 'Aruba', 'CleanTalk Spam Protect', 'Content Delivery Network', 'CookieYes', 'DAV', 'Easy Accordio', 'EmbedPress', 'Fastly', 'Fireblade', 'GZIP Module', 'Google Analytics', 'Google Cloud DNS', 'Google Font API', 'Google Related Website Sites', 'Google Tag Manager', 'Gravity', 'Gravity Forms', 'IcoMoon', 'Instagram Follow Button', 'Investor Relations', 'Jetpack', 'Max Mega Menu', 'Max Mega Menu Pro', 'Microdata for Google Shopping', 'PHP', 'Pagekit', 'QUIC', 'Smart Slider 3', 'Smush Image Optimization', 'Theme In WP', 'Twenty Twenty-Three', 'UTF-8', 'WPFront Scroll Top', 'WordPress', 'WordPress Multisite', 'WordPress Stats', 'eLand', 'jQuery']"
rawamour.com,Raw Amour | Love Yourself,,JAM,70,28784,2026-09-10T18:00:56.820028856Z,"['Alternate Protocol', 'Apture Linking Platform', 'Automattic', 'Cisco/Arrowpoint Content Service Switch', 'Coming Soon Page', 'Content Delivery Network', 'DAV', 'Divi', 'Elegant Themes', 'ElementUI', 'EmbedPress', 'Express', 'Facebook Conversion Tracking', 'Facebook Login', 'Facebook Messenger Platform', 'Facebook Pixel', 'Facebook Reseller', 'Facebook Tag API', 'Google', 'Google Cloud CDN', 'Google Cloud DNS', 'Google Font API', 'Jetpack', 'Line2', 'LiteSpeed', 'MailChimp', 'MailChimp for WordPress', 'NFOrce Internet', 'On The Map', 'PHP', 'Pagekit', 'PayPal', 'Perl', 'Popup Maker for Wordpress', 'QUIC', 'Smush Image Optimization', 'Theme In WP', 'UTF-8', 'Vercel', 'Woo Themes', 'WordPress', 'WordPress Multisite', 'WordPress Stats', 'eLand', 'jQuery']"
raagfest.com,Raag Fest 2025 – Javed Ali Live in Bhopal | Concert Tickets Live - Raag Fest,Raag Fest,IND,87,19939,2026-09-10T17:52:30.164069934Z,"['AWS WAF Challenge', 'Alternate Protocol', 'Astra Theme', 'Bunny Fonts', 'Click to Chat for WhatsApp', 'Cloudflare', 'Cloudflare CDN', 'Contact Form Plugin', 'Content Delivery Network', 'Elementor', 'ElementsKit Elementor', 'EmbedPress', 'Essential Addons for Elementor', 'GZIP Module', 'Google', 'Google Analytics', 'Google Cloud DNS', 'Google Font API', 'Google Maps', 'Google My Business', 'Google Tag Manager', 'Header, Footer and Blocks for Elementor', 'Instagram Follow Button', 'LiteSpeed', 'Meta Slider for WordPress', 'Microdata for Google Shopping', 'NFOrce Internet', 'PHP', 'Pagekit', 'PixelYourSite', 'Premium Addons for Elementor', 'Royal Elementor Addons', 'Sign In With Google', 'Site Kit', 'Smush Image Optimization', 'Table Addons for Elementor', 'Theme In WP', 'UTF-8', 'Woo Themes', 'WordPress', 'WordPress Multisite', 'WordPress Related Posts', 'YouTube', 'jQuery']"
openpagelearning.com,"CISI Accredited Training in Jersey, C.I. | Open Page Learning",Open Page Learning,GBR,77,5857,2026-09-10T17:31:49.296301685Z,"['Alternate Protocol', 'Apache', 'CDN JS', 'Cloudflare', 'Cloudflare CDN', 'CookieYes', 'Elementor', 'EmbedPress', 'GZIP Module', 'Google', 'Google Analytics', 'Google Analytics Dashboard for WordPress', 'Google Cloud DNS', 'Google Font API', 'Google My Business', 'Google Tag Manager', 'Hello Elementor', 'Microdata for Google Shopping', 'NFOrce Internet', 'PHP', 'Page scroll to id', 'Pagekit', 'Smush Image Optimization', 'Table Addons for Elementor', 'Theme In WP', 'UTF-8', 'University or College', 'WordPress', 'WordPress Multisite', 'jQuery', 'reCAPTCHA']"
tabletop.fo,Heim - Tabletop Føroyar,Tabletop Føroyar,,60,1083,2026-09-10T17:31:49.284849632Z,"['AWS WAF Challenge', 'Alternate Protocol', 'Amazon WAF Blocked', 'Automattic', 'Cloudflare', 'Cloudflare CDN', 'Elementor', 'EmbedPress', 'Essential Addons for Elementor', 'GZIP Module', 'Google', 'Google My Business', 'Gravity', 'Gravity Forms', 'HappyAddons', 'Header, Footer and Blocks for Elementor', 'IcoMoon', 'Inspiro Theme', 'Instagram Follow Button', 'Jetpack', 'NFOrce Internet', 'Nginx', 'PHP', 'Pagekit', 'QUIC', 'Shoelace Style', 'Smush Image Optimization', 'Table Addons for Elementor', 'Theme In WP', 'To Top', 'UTF-8', 'Woo Themes', 'WordPress', 'WordPress Multisite', 'WordPress Stats', 'jQuery']"
sprog.in,Home - Sprog,Sprog.in,IND,75,34679,2026-09-10T17:31:49.283508121Z,"['AWS WAF Challenge', 'Alternate Protocol', 'Click to Chat for WhatsApp', 'Cloudflare', 'Cloudflare CDN', 'Content Delivery Network', 'DAV', 'ElementUI', 'Elementor', 'EmbedPress', 'Facebook Conversion Tracking', 'Facebook Login', 'Facebook Messenger Platform', 'Facebook Pixel', 'Facebook Reseller', 'Facebook Tag API', 'Fireblade', 'Gambling Content', 'Google', 'Google Analytics', 'Google Cloud DNS', 'Google Font API', 'Google My Business', 'Google Tag Manager', 'Instagram Follow Button', 'Jetpack', 'LiteSpeed', 'Microdata for Google Shopping', 'NFOrce Internet', 'PHP', 'Pagekit', 'Pinterest Conversion Tracking', 'QUIC', 'Smush Image Optimization', 'Theme In WP', 'Twitter Ads', 'UTF-8', 'WhatsApp Sharing', 'Woo Themes', 'WooCommerce', 'WooCommerce Checkout', 'WooFramework', 'WordPress', 'WordPress Multisite', 'WordPress Stats', 'XTemos Studio', 'jQuery']"
publicbankla.org,Home - Public Bank LA,Public Bank LA,USA,92,5708,2026-09-10T17:24:38.796905025Z,"['501c3 Status Nonprofit', 'Alternate Protocol', 'Cloudflare', 'Contact Form Plugin', 'Content Delivery Network', 'Corporate Governance and Regulatory Compliance', 'DAV', 'Elementor', 'ElementsKit Elementor', 'EmbedPress', 'Google', 'Google Cloud CDN', 'Google Cloud DNS', 'Google Cloud Storage', 'Google Font API', 'Google Forms', 'Google My Business', 'Instagram Follow Button', 'LiteSpeed', 'Microdata for Google Shopping', 'Neighborhoods', 'OceanWP', 'PHP', 'Pagekit', 'Royal Elementor Addons', 'Smart Slider 3', 'Smush Image Optimization', 'Theme In WP', 'Twitter Ads', 'UTF-8', 'WPForms', 'Woo Themes', 'WordPress', 'WordPress Multisite', 'YouTube', 'eLand', 'jQuery', 'reCAPTCHA']"
power-lite.eu,WE ENLIGHTEN THE WORLD,,,55,920,2026-09-10T17:24:38.782079443Z,"['AWS WAF Challenge', 'Alternate Protocol', 'Astra Theme', 'EmbedPress', 'Fastly', 'GZIP Module', 'KeyCDN', 'Nginx', 'PHP', 'Pagekit', 'Polylang', 'QUIC', 'Smush Image Optimization', 'Theme In WP', 'UTF-8', 'Woo Themes', 'WordPress', 'WordPress Multisite', 'WordPress Related Posts']"
oneplace.pk,OnePlace.Pk – Your One Stop Destination for Computer Hardware,,PAK,65,26023,2026-09-10T17:15:21.12934865Z,"['AWS WAF Challenge', 'Alternate Protocol', 'Cisco/Arrowpoint Content Service Switch', 'Cloudflare', 'Cloudflare CDN', 'Contact Form Plugin', 'Content Delivery Network', 'Elementor', 'ElementsKit Elementor', 'EmbedPress', 'Facebook Conversion Tracking', 'Facebook Customer Chat SDK', 'Facebook Login', 'Facebook Messenger Platform', 'Facebook Pixel', 'Facebook Reseller', 'Facebook Tag API', 'Flatsome', 'Google', 'Google Analytics', 'Google Cloud DNS', 'Google Font API', 'Google My Business', 'Google Tag Manager', 'IcoMoon', 'LiteSpeed', 'OneSignal', 'PHP', 'Pagekit', 'Smush Image Optimization', 'Tailwind CSS', 'Theme In WP', 'Twitter Ads', 'UTF-8', 'WPForms', 'Woo Themes', 'WooCommerce', 'WooCommerce Checkout', 'WooCommerce Pixel Manager by woopt', 'WordPress', 'WordPress Multisite', 'jQuery', 'shadcn ui']"
lmsgardenmaintenance.co.uk,LMS Garden Maintenance – Quality Gardening Services in Buckinghamshire,,IDN,80,44338,2026-09-10T17:15:21.126764731Z,"['Alternate Protocol', 'CCSI', 'Content Delivery Network', 'Elementor', 'EmbedPress', 'Facebook Reseller', 'Google', 'Google Analytics', 'Google Cloud DNS', 'Google Font API', 'Google Related Website Sites', 'Google Tag Manager', 'KVH', 'LiteSpeed', 'Newsletter for Wordpress', 'OceanWP', 'PHP', 'Pagekit', 'Perl', 'Smush Image Optimization', 'Theme In WP', 'UTF-8', 'WP Mobile Menu', 'WPForms', 'Woo Themes', 'WooCommerce Checkout', 'WordPress', 'WordPress Multisite', 'jQuery']"
doodle-threads.co.uk,Unique Machine Embroidery Designs by Doodle Threads,Doodle Threads,,82,2344,2026-09-10T16:55:37.347922551Z,"['Alternate Protocol', 'Apache', 'Complianz', 'Contact Form Plugin', 'DAV', 'EmbedPress', 'GZIP Module', 'Google Cloud DNS', 'Google Font API', 'Google My Business', 'IcoMoon', 'Line2', 'Microdata for Google Shopping', 'Nectar Slide Plugin', 'PHP', 'Pagekit', 'QUIC', 'Salient', 'Smush Image Optimization', 'Tailwind CSS', 'Theme In WP', 'Twitter Ads', 'UTF-8', 'WP Fastest Cache', 'WPBakery', 'Woo Themes', 'WooCommerce', 'WooCommerce Checkout', 'WordPress', 'WordPress Multisite', 'reCAPTCHA']"
hikelionshead.co.za,Hike Lion's Head,,ZAF,72,18383,2026-09-10T16:55:37.340063405Z,"['AWS WAF Challenge', 'Add to Any', 'Agoda', 'Airbnb', 'Alternate Protocol', 'Apture Linking Platform', 'Booking Affiliate', 'Contact Form Plugin', 'Divi', 'Elegant Themes', 'ElementUI', 'EmbedPress', 'Express', 'Google Analytics', 'Google Related Website Sites', 'Google Tag Manager', 'LiteSpeed', 'PHP', 'Pagekit', 'QUIC', 'Smush Image Optimization', 'TablePress', 'Theme In WP', 'UTF-8', 'University or College', 'WP Fastest Cache', 'WhatsApp Sharing', 'WordPress', 'WordPress Multisite', 'Yandex Hosting']"
selflovepodcast.com,Self Love Podcast Series - Christine Arylo,,,72,19406,2026-09-10T16:30:27.663323981Z,"['Akismet', 'Alternate Protocol', 'Contact Form Plugin', 'Content Delivery Network', 'Elementor', 'EmbedPress', 'Fireblade', 'Google', 'Google Analytics', 'Google Cloud DNS', 'Google Font API', 'Google Tag Manager', 'Hello Elementor', 'Instagram Follow Button', 'LiteSpeed', 'Microdata for Google Shopping', 'NFOrce Internet', 'PHP', 'Pagekit', 'Smush Image Optimization', 'Twitter Ads', 'UTF-8', 'WPFront Notification Bar', 'WhatsApp Sharing', 'WordPress', 'WordPress Multisite', 'YouTube', 'jQuery']"
drive4sw.net,Driver Careers - Southwest Expedited,Southwest Expedited Transportation LLC,,67,60554,2026-09-10T16:10:04.240748949Z,"['Alternate Protocol', 'Apache', 'DAV', 'Divi', 'DuracellTomi Google Tag Manager for WordPress', 'Elegant Themes', 'EmbedPress', 'Endurance Page Cache', 'Fastly', 'GZIP Module', 'Google', 'Google Analytics', 'Google Cloud CDN', 'Google Cloud DNS', 'Google Font API', 'Google Tag Manager', 'Instagram Follow Button', 'Jetpack', 'Kitco', 'Microdata for Google Shopping', 'PHP', 'Pagekit', 'SMC', 'Site Kit', 'Smush Image Optimization', 'Supreme Modules Lite', 'Theme In WP', 'UTF-8', 'Woo Themes', 'WordPress', 'WordPress Multisite', 'WordPress Stats', 'jQuery']"
karenmcnenny.com,Karen McNenny — Moving from conflict to conversation,,,67,17594,2026-09-10T16:10:04.230685188Z,"['AWS WAF Challenge', 'Alternate Protocol', 'Apache', 'EmbedPress', 'GZIP Module', 'GenerateBlocks', 'GeneratePress Company', 'Google', 'Google Analytics', 'Google Cloud DNS', 'Google Font API', 'Google Tag Manager', 'Instagram Follow Button', 'Microdata for Google Shopping', 'PHP', 'Pagekit', 'Smush Image Optimization', 'Theme In WP', 'UTF-8', 'University or College', 'WP Super Cache', 'WordPress', 'WordPress Multisite', 'YouTube']"
ghiorzitavares.com.br,GhiorziTavares Arquitetura / Florianópolis-SC,GhiorziTavares Arquitetura,BRA,67,19500,2026-09-10T16:10:04.228103531Z,"['AWS WAF Challenge', 'Alternate Protocol', 'Apache', 'Click to Chat for WhatsApp', 'Cloudflare', 'Cloudflare CDN', 'Contact Form Plugin', 'Elementor', 'EmbedPress', 'GZIP Module', 'Google', 'Google Cloud DNS', 'Google Font API', 'Google My Business', 'Instagram Feed for WordPress', 'Instagram Follow Button', 'Microdata for Google Shopping', 'NFOrce Internet', 'PHP', 'Pagekit', 'Polylang', 'Qi Addons For Elementor', 'Slider Revolution', 'Smush Image Optimization', 'Theme In WP', 'UTF-8', 'WordPress', 'WordPress Multisite', 'YouTube', 'jQuery']"
ninahancockhome.co.uk,Nina Hancock Home Wallpapers,,,67,3282,2026-09-10T16:02:06.132465323Z,"['Alternate Protocol', 'Contact Form Plugin', 'EmbedPress', 'Essential Grid', 'Fontello', 'Google', 'Google Analytics', 'Google Analytics Dashboard for WordPress', 'Google Cloud DNS', 'Google Font API', 'Google My Business', 'Google Tag Manager', 'Instagram Follow Button', 'Microdata for Google Shopping', 'Newsletter for Wordpress', 'Nginx', 'PHP', 'Pagekit', 'Parallels Plesk Panel', 'Perl', 'QUIC', 'Slider Revolution', 'Smush Image Optimization', 'Theme In WP', 'UTF-8', 'Visual Composer Ultimate Addons', 'WPBakery', 'WordPress', 'WordPress Multisite', 'jQuery']"
accelebrations.ca,AC Celebrations | Ottawa Wedding & Event Planning Experts,,CAN,87,1449,2026-09-10T16:02:06.124978621Z,"['Alternate Protocol', 'Complianz', 'Content Delivery Network', 'Divi', 'Elegant Themes', 'EmbedPress', 'Google Cloud DNS', 'Google Font API', 'Google Forms', 'Google My Business', 'Gtranslate for Wordpress', 'Instagram Follow Button', 'LiteSpeed', 'Microdata for Google Shopping', 'Ntent', 'PHP', 'Pagekit', 'QUIC', 'Sitelinks Search Box', 'Smush Image Optimization', 'Theme In WP', 'TrustIndex', 'UTF-8', 'Woo Themes', 'WordPress', 'WordPress Multisite', 'jQuery']"
impact-displays.com,"Trade Show Displays | Custom Booths, Rentals & Portable Exhibits",Impact Displays & Graphics Inc.,USA,82,36618,2026-09-10T16:02:06.122881541Z,"['501c3 Status Nonprofit', 'AWS WAF Challenge', 'Alternate Protocol', 'Amazon WAF Blocked', 'Anti-spam for WordPress', 'Cisco/Arrowpoint Content Service Switch', 'CleanTalk Spam Protect', 'Cloudflare', 'Content Delivery Network', 'Divi', 'Elegant Themes', 'EmbedPress', 'Fireblade', 'Google Analytics', 'Google Cloud DNS', 'Google Font API', 'Google Tag Manager', 'Microdata for Google Shopping', 'PHP', 'Pagekit', 'QUIC', 'Smush Image Optimization', 'Theme In WP', 'UTF-8', 'WP Engine', 'Woo Themes', 'WooCommerce', 'WooCommerce Checkout', 'WordPress', 'WordPress Multisite', 'eLand', 'jQuery']"
ervilaur.com,Ervilaur Tapissiers Paris 17 – 41 rue Dautancourt Paris 17ème – 09 80 52 09 96,,FRA,60,21,2026-09-10T15:52:51.148553767Z,"['Alternate Protocol', 'Apache', 'Contact Form Plugin', 'EmbedPress', 'GZIP Module', 'Google My Business', 'Instagram Follow Button', 'PHP', 'Pagekit', 'Smush Image Optimization', 'Theme In WP', 'UTF-8', 'WP Fastest Cache', 'WPBakery', 'WordPress', 'WordPress Multisite', 'jQuery', 'reCAPTCHA']"
maemploymentlawyers.com,MA Employment Lawyers - Worcester Employment Lawyers,MA Employment Lawyers,USA,87,37271,2026-09-10T15:52:51.139439103Z,"['AJAX Libraries API', 'AWS WAF Challenge', 'Akismet', 'Alternate Protocol', 'Amazon WAF Blocked', 'Ametys', 'Aruba', 'Cloudflare', 'Content Delivery Network', 'DAV', 'EmbedPress', 'Express', 'Fireblade', 'Google', 'Google Analytics', 'Google Analytics with Ad Tracking', 'Google Cloud DNS', 'Google Font API', 'Google My Business', 'Google Related Website Sites', 'Google Tag Manager', 'Gravity', 'Gravity Forms', 'IcoMoon', 'Microdata for Google Shopping', 'PHP', 'Pagekit', 'QUIC', 'Slider Revolution', 'Smush Image Optimization', 'StatCounter', 'Theme In WP', 'UTF-8', 'WP Engine', 'WP Rocket', 'WPBakery', 'WordPress', 'WordPress Multisite', 'Yelp Badge', 'eLand', 'jQuery', 'reCAPTCHA']"
dragonwatertechnologies.com,About Us - Dragon Water Technologies,Dragon Water Technologies Ltd,GBR,77,59690,2026-09-10T15:36:10.114966713Z,"['AWS WAF Challenge', 'Alternate Protocol', 'Apache', 'Autoptimize', 'CCSI', 'CDN JS', 'Cloudflare', 'Cloudflare CDN', 'Constant Contact Wordpress Forms', 'Elementor', 'EmbedPress', 'GZIP Module', 'Google', 'Google Cloud DNS', 'Google Font API', 'Google My Business', 'Google Related Website Sites', 'IPFS', 'Instagram Follow Button', 'Jetpack', 'KVH', 'Microdata for Google Shopping', 'PHP', 'Pagekit', 'Perl', 'Schema Plugin', 'Smush Image Optimization', 'Thank You', 'Theme In WP', 'UTF-8', 'Woo Themes', 'WooCommerce', 'WooCommerce Checkout', 'WordPress', 'WordPress Multisite', 'WordPress Stats', 'YouTube', 'ZAKRA', 'jQuery']"
vetsbuildmontana.com,"Kitchen Remodel in Hamilton, MT | Call Us for a Free Quote",Veterans Contracting Group of Montana,CAN,77,81034,2026-09-10T15:03:23.658868918Z,"['Alternate Protocol', 'Angies List', 'Astra Theme', 'Automattic', 'BatCache', 'Content Delivery Network', 'DAV', 'Elementor', 'EmbedPress', 'Facebook Embedded Posts', 'Fastly', 'Google Cloud DNS', 'Google Font API', 'Google Maps', 'Google My Business', 'Header, Footer and Blocks for Elementor', 'Jetpack', 'KVH', 'Microdata for Google Shopping', 'NFOrce Internet', 'Nginx', 'OnlineWebFonts', 'PHP', 'Pagekit', 'QUIC', 'SMC', 'Smush Image Optimization', 'Table Addons for Elementor', 'Theme In WP', 'UTF-8', 'Woo Themes', 'WordPress', 'WordPress Multisite', 'WordPress Related Posts', 'WordPress Stats', 'Yelp Badge', 'Zope', 'jQuery']"
prowrapsolutions.be,ProWrap Solutions,ProWrap Solutions,,55,14514,2026-09-10T15:03:23.623693834Z,"['Alternate Protocol', 'Apache', 'Apture Linking Platform', 'Astra Theme', 'Automattic', 'Cloudflare', 'Cloudflare Web Analytics', 'Complianz', 'Creative Mail by Constant Contact', 'Elementor', 'EmbedPress', 'Fireblade', 'GZIP Module', 'Google', 'Google Analytics', 'Google Cloud DNS', 'Google Font API', 'Google My Business', 'Google Recommendations AI', 'Google Related Website Sites', 'Google Tag Manager', 'Header, Footer and Blocks for Elementor', 'Instagram Follow Button', 'Jetpack', 'Microdata for Google Shopping', 'NFOrce Internet', 'PHP', 'Pagekit', 'RocketCDN', 'Site Kit', 'Smush Image Optimization', 'Table Addons for Elementor', 'Theme In WP', 'UTF-8', 'WP Rocket', 'WPForms', 'Woo Themes', 'WordPress', 'WordPress Multisite', 'WordPress Related Posts', 'WordPress Stats', 'jQuery']"
blygold.com,Blygold - The Global Standard in HVAC Corrosion Protection.,Blygold Nederland,NLD,77,17532,2026-09-10T13:52:07.151836979Z,"['Adobe Creative Cloud WebFonts', 'Alternate Protocol', 'Apache', 'CDN JS', 'Cloudflare', 'Cloudflare CDN', 'ElementUI', 'EmbedPress', 'Fireblade', 'GZIP Module', 'Google Analytics', 'Google Tag Manager', 'IcoMoon', 'Microdata for Google Shopping', 'NFOrce Internet', 'PHP', 'Pagekit', 'Polylang', 'Smush Image Optimization', 'Tailwind CSS', 'Theme In WP', 'UTF-8', 'WordPress', 'WordPress Multisite', 'YouTube', 'jQuery']"
decorpink.ca,Décor Pink – Couvre-planchers,Décor Pink,CAN,92,4981,2026-09-10T13:44:48.069142565Z,"['Alternate Protocol', 'Apture Linking Platform', 'Cloudflare', 'CoBlocks', 'Complianz', 'Contact Form Plugin', 'Content Delivery Network', 'EmbedPress', 'Envoy', 'Fonts Plugin', 'GoDaddy', 'Google', 'Google Analytics', 'Google Cloud CDN', 'Google Cloud DNS', 'Google Font API', 'Google My Business', 'Google Tag Manager', 'IcoMoon', 'Instagram Follow Button', 'Microdata for Google Shopping', 'PHP', 'Pagekit', 'Schema Plugin', 'Slider Revolution', 'Smush Image Optimization', 'Theme In WP', 'Twitter Ads', 'UTF-8', 'WPBakery', 'WordPress', 'WordPress Multisite', 'eLand', 'jQuery', 'reCAPTCHA']"
fishingtoursdeltaaxiou.gr,Fishing tour Delta Axiou,,,77,71512,2026-09-10T13:04:28.84915593Z,"['Alternate Protocol', 'Apture Linking Platform', 'Atlas Pickup Points', 'Autoptimize', 'CCSI', 'Content Delivery Network', 'DAV', 'Elementor', 'EmbedPress', 'Facebook CDN', 'Google Analytics', 'Google Cloud DNS', 'Google Font API', 'Google My Business', 'Google Tag Manager', 'Instagram Feed for WordPress', 'Instagram Follow Button', 'KVH', 'Kadence WP', 'LiteSpeed', 'Microdata for Google Shopping', 'Ntent', 'PHP', 'Pagekit', 'Sitelinks Search Box', 'Smush Image Optimization', 'Table Addons for Elementor', 'The Fresh', 'Theme In WP', 'TranslatePress', 'TrustIndex', 'UTF-8', 'WordPress', 'WordPress Multisite', 'YouTube', 'jQuery']"
starimpressionspr.com,"Star Impressions - bordados, uniformes corporativos y más",Star Impressions,PRI,77,26168,2026-09-10T12:21:10.31703446Z,"['Alternate Protocol', 'Colibri', 'Contento', 'EmbedPress', 'Font Awesome', 'Google Analytics', 'Google Cloud DNS', 'Google Font API', 'Google Tag Manager', 'IcoMoon', 'Instagram Follow Button', 'Jetpack', 'Microdata for Google Shopping', 'PHP', 'Pagekit', 'Pleroma', 'Smush Image Optimization', 'UTF-8', 'Woo Themes', 'WordPress', 'WordPress Multisite', 'WordPress Stats', 'jQuery', 'shadcn ui']"
khandhalamachinery.com,Ultrasonic & Plastic Machinery Spare parts Manufacturer & Supplier India - Khandhala Machinery,Khandhala@machinery,IND,82,55079,2026-09-10T11:57:53.685216126Z,"['Adult Content', 'Alternate Protocol', 'Aruba', 'CheryFramework', 'Click to Chat for WhatsApp', 'Contact Form Plugin', 'DAV', 'EmbedPress', 'GTranslate', 'Google Analytics', 'Google Cloud DNS', 'Google Font API', 'Google My Business', 'Google Related Website Sites', 'Google Tag Manager', 'Instagram Follow Button', 'Microdata for Google Shopping', 'PHP', 'Pagekit', 'Popup Maker for Wordpress', 'QUIC', 'SMC', 'Sitelinks Search Box', 'Smart Slider 3', 'Smush Image Optimization', 'Theme In WP', 'UTF-8', 'WPFront Scroll Top', 'Woo Themes', 'WooCommerce', 'WooCommerce Checkout', 'WordPress', 'WordPress Multisite', 'Yandex Hosting', 'YouTube', 'eLand', 'jQuery', 'reCAPTCHA']"
sentlhane.com,Sentlhane - Eden Hills | Botswana Wildlife Reserve & Residences | Real Estate in Gabarone,Sentlhane - Eden Hills | Botswana Wildlife Reserve & Residences | Real Estate in Gabarone,BWA,82,5052,2026-09-10T11:51:03.290082027Z,"['Alternate Protocol', 'Apache', 'Apture Linking Platform', 'Brevo', 'Elementor', 'EmbedPress', 'GZIP Module', 'Google Analytics', 'Google My Business', 'Google Related Website Sites', 'Google Tag Manager', 'Hello Elementor', 'Microdata for Google Shopping', 'NFOrce Internet', 'OpenSSL', 'PHP', 'Pagekit', 'Site Kit', 'Smush Image Optimization', 'Table Addons for Elementor', 'Theme In WP', 'Thrive Themes', 'UTF-8', 'Unix', 'Vimeo', 'WP Rocket', 'WordPress', 'WordPress Multisite', 'jQuery', 'reCAPTCHA']"
comfy23.gr,Comfy 23 | Comfortable Tiny Apartment in Thessaloniki's center,Comfy 23 Apartment,GRC,77,5103,2026-09-10T11:35:49.957341006Z,"['Alternate Protocol', 'Amazon WAF Blocked', 'Booking Affiliate', 'Elementor', 'EmbedPress', 'Formidable Pro Form', 'Google', 'Google Analytics', 'Google My Business', 'Google Related Website Sites', 'Google Tag Manager', 'LiteSpeed', 'Microdata for Google Shopping', 'NFOrce Internet', 'PHP', 'Pagekit', 'Smush Image Optimization', 'Table Addons for Elementor', 'Theme In WP', 'UTF-8', 'WordPress', 'WordPress Multisite', 'jQuery']"
dudhatexport.com,Home - Dudhat Export,DUDHAT EXPORT - FOREVER GLOBAL BUSINESS,IND,80,52403,2026-09-10T11:22:21.190893602Z,"['Alternate Protocol', 'Astra Theme', 'Click to Chat for WhatsApp', 'Content Delivery Network', 'DAV', 'Elementor', 'ElementsKit Elementor', 'EmbedPress', 'Google Analytics', 'Google Cloud DNS', 'Google Font API', 'Google My Business', 'Google Tag Manager', 'Gtranslate for Wordpress', 'Instagram Follow Button', 'LiteSpeed', 'Microdata for Google Shopping', 'NFOrce Internet', 'PHP', 'Pagekit', 'SMC', 'Sitelinks Search Box', 'Smush Image Optimization', 'Table Addons for Elementor', 'Theme In WP', 'Twitter Ads', 'UTF-8', 'Woo Themes', 'WordPress', 'WordPress Multisite', 'WordPress Related Posts', 'jQuery']"
lyfedesigners.com,Lyfe Designers | We can go farther,,,70,17122,2026-09-10T10:09:15.604934272Z,"['AWS WAF Challenge', 'Alternate Protocol', 'Cloudflare', 'Content Delivery Network', 'Divi', 'Elegant Themes', 'EmbedPress', 'Google Cloud DNS', 'Google Font API', 'PHP', 'Pagekit', 'PrestaShop', 'Python', 'QUIC', 'Smush Image Optimization', 'Theme In WP', 'UTF-8', 'University or College', 'Vimeo', 'Vimeo CDN', 'WP Engine', 'Woo Themes', 'WordPress', 'WordPress Multisite', 'eLand', 'jQuery']"
payaidpayments.com,Home - PayAid Payments,PayAid Payments,IND,77,47897,2026-09-10T09:25:29.349486803Z,"['AWS WAF Challenge', 'Alternate Protocol', 'Apache', 'Autoptimize', 'Elementor', 'ElementsKit Elementor', 'EmbedPress', 'Font Awesome', 'GZIP Module', 'Google', 'Google Analytics', 'Google Cloud DNS', 'Google Font API', 'Google My Business', 'Google Tag Manager', 'Instagram Follow Button', 'KVH', 'Microdata for Google Shopping', 'MonsterInsights', 'PHP', 'Pagekit', 'Post Views Counter', 'Prospective', 'QUIC', 'Smush Image Optimization', 'Theme In WP', 'To Top', 'Twitter Ads', 'UTF-8', 'WPForms', 'WordPress', 'WordPress Multisite', 'hCaptcha', 'jQuery', 'reCAPTCHA']"
petersimcock.com,"The Eye Expert | Cataract and Retina Surgery, Exeter",The Eye Expert,VEN,77,8982,2026-09-10T08:20:04.339887174Z,"['Alternate Protocol', 'Cisco/Arrowpoint Content Service Switch', 'Content Delivery Network', 'Divi', 'Elegant Themes', 'EmbedPress', 'Fastly', 'Google Analytics', 'Google Cloud DNS', 'Google Font API', 'Google My Business', 'Google Tag Manager', 'LiteSpeed', 'Microdata for Google Shopping', 'PHP', 'Pagekit', 'Recent Posts Widget With Thumbnails', 'Smush Image Optimization', 'Theme In WP', 'UTF-8', 'University or College', 'Woo Themes', 'WordPress', 'WordPress Multisite', 'YouTube', 'eLand', 'jQuery', 'reCAPTCHA']"
roseeldercare.com,Home - Rose Eldercare Services,Hospital At Home,CAN,77,3539,2026-09-10T08:20:04.325003476Z,"['Alternate Protocol', 'Content Delivery Network', 'Elementor', 'ElementsKit Elementor', 'EmbedPress', 'Google', 'Google Cloud CDN', 'Google Cloud DNS', 'Google Font API', 'Header, Footer and Blocks for Elementor', 'LiteSpeed', 'Metform Elemento', 'Microdata for Google Shopping', 'PHP', 'Pagekit', 'QUIC', 'Sitelinks Search Box', 'Slider Revolution', 'Smush Image Optimization', 'Table Addons for Elementor', 'ThemeFusion', 'UTF-8', 'WP Job Openings', 'WPForms', 'WordPress', 'WordPress Multisite', 'jQuery']"
woodlandsdiagnostics.com,Professional Health Care Clinic | Woodlands Diagnostic Clinic | Woodlands TX,,USA,67,338,2026-09-10T08:20:04.302551515Z,"['Alternate Protocol', 'Coming Soon Page', 'Easy Social Icons for WordPress', 'EmbedPress', 'Google Analytics', 'Google Cloud DNS', 'Google Font API', 'Google Tag Manager', 'Instagram Follow Button', 'LiteSpeed', 'Microdata for Google Shopping', 'PHP', 'Pagekit', 'QUIC', 'SiteOrigin', 'SiteOrigin Panels', 'Smush Image Optimization', 'Subversion', 'Team Members', 'Theme In WP', 'Twitter Ads', 'UTF-8', 'Vantage', 'WordPress', 'WordPress Multisite', 'jQuery']"
muslims.coach,"Connect, Grow with GAMC | Leadership Coaching by Muslims",Muslims Coach,USA,77,18530,2026-09-10T07:55:56.261312167Z,"['AWS WAF Challenge', 'Alternate Protocol', 'Aruba', 'Cornerstone', 'Corporate Governance and Regulatory Compliance', 'DuracellTomi Google Tag Manager for WordPress', 'Elementor', 'ElementsKit Elementor', 'EmbedPress', 'Google', 'Google Cloud CDN', 'Google Cloud DNS', 'Google Font API', 'Gravity', 'Gravity Forms', 'Header, Footer and Blocks for Elementor', 'Hello Elementor', 'Instagram Follow Button', 'LiteSpeed', 'Microdata for Google Shopping', 'PHP', 'Pagekit', 'Popup Builder', 'Premium Addons for Elementor', 'Sitelinks Search Box', 'Slider Revolution', 'Smush Image Optimization', 'The Events Calendar', 'Theme In WP', 'UTF-8', 'Woo Themes', 'WooCommerce', 'WooCommerce Checkout', 'WordPress', 'WordPress Multisite', 'eLand', 'jQuery']"
astypalaiagerani.gr,Gerani Studios & Restaurant – Astypalaia,,GRC,80,5302,2026-09-10T07:55:56.239568364Z,"['Alternate Protocol', 'Amazon WAF Blocked', 'Book Direct', 'Column Shortcodes', 'Contact Form Plugin', 'DAV', 'Elementor', 'EmbedPress', 'Fastly', 'Google', 'Google Cloud CDN', 'Google Cloud DNS', 'Google Font API', 'Google Maps', 'Instagram Follow Button', 'LiteSpeed', 'PHP', 'Pagekit', 'Smush Image Optimization', 'Table Addons for Elementor', 'Theme In WP', 'UTF-8', 'WPML Multilingual', 'Woo Themes', 'WooCommerce Checkout', 'WordPress', 'WordPress Multisite', 'jQuery']"
freelyformd.com,Home - Freelyformd,Freelyformd,,62,25264,2026-09-10T07:35:15.921685651Z,"['Add to Any', 'Alternate Protocol', 'Apache', 'Contact Form Plugin', 'Contento', 'Debian', 'EmbedPress', 'GZIP Module', 'Gambling Content', 'Google Analytics', 'Google Cloud DNS', 'Google Font API', 'Google Tag Manager', 'Image Hotspot by DevVN', 'Microdata for Google Shopping', 'PHP', 'Page scroll to id', 'Pagekit', 'Post Views Counter', 'Q2W3 Fixed Widget', 'QUIC', 'Schema Plugin', 'Sitelinks Search Box', 'Slider Revolution', 'Smush Image Optimization', 'Theme In WP', 'Twitter Ads', 'UTF-8', 'University or College', 'WP Video Lightbox', 'WPBakery', 'Woo Themes', 'WordPress', 'WordPress Multisite', 'YouTube', 'jQuery']"
jaxtintspecialists.com,Tint Specialists –,,USA,65,16945,2026-09-10T07:20:45.711711917Z,"['Alternate Protocol', 'Apache', 'Elementor', 'EmbedPress', 'Fireblade', 'Google Analytics', 'Google Cloud DNS', 'Google Font API', 'Google Tag Manager', 'Investor Relations', 'NFOrce Internet', 'PHP', 'Pagekit', 'Premium Addons for Elementor', 'Smush Image Optimization', 'Theme In WP', 'Twenty Twenty-One', 'UTF-8', 'WP Responsive Menu', 'WordPress', 'WordPress Multisite', 'YouTube', 'jQuery']"
hfh.ee,HFH Grupp,,EST,60,1350,2026-09-10T07:20:45.700526798Z,"['AWS WAF Challenge', 'Alternate Protocol', 'Apache', 'Contact Form Plugin', 'Elementor', 'EmbedPress', 'Font Awesome', 'Google', 'Google Cloud DNS', 'Google Font API', 'Google My Business', 'Hello Elementor', 'Matomo Tag Manager', 'NFOrce Internet', 'No-Q', 'PHP', 'Pagekit', 'QUIC', 'Smush Image Optimization', 'Table Addons for Elementor', 'Theme In WP', 'UTF-8', 'WPML Multilingual', 'WordPress', 'WordPress Multisite', 'jQuery', 'reCAPTCHA']"
abcatering.uk,Home - Catering - Fast food - Lancashire - AB Catering,abcatering,CAN,82,19184,2026-09-10T07:12:13.145081449Z,"['AWS WAF Challenge', 'Alternate Protocol', 'Cloudflare', 'Cloudflare CDN', 'Elementor', 'EmbedPress', 'Google', 'Google My Business', 'Hello Elementor', 'Microdata for Google Shopping', 'NFOrce Internet', 'Nginx', 'PHP', 'Pagekit', 'PrivacyPolicies', 'QUIC', 'Smush Image Optimization', 'Table Addons for Elementor', 'UTF-8', 'WordPress', 'WordPress Multisite', 'jQuery']"
ferrerilaw.com,Ferreri Partners - Insurance Defense Law Firm - Kentucky & Southern Indiana,Ferreri Partners - Attorneys at Law,USA,92,17708,2026-09-10T07:05:41.555943764Z,"['Alternate Protocol', 'Cloudflare', 'Content Delivery Network', 'DAV', 'DuracellTomi Google Tag Manager for WordPress', 'Element Pack Lite', 'Elementor', 'ElementsKit Elementor', 'EmbedPress', 'Essential Addons for Elementor', 'Font Awesome', 'GoDaddy', 'Google Analytics', 'Google Tag Manager', 'Hello Elementor', 'Microdata for Google Shopping', 'NFOrce Internet', 'PHP', 'Pagekit', 'Prime Slide for Elementor', 'QUIC', 'Smush Image Optimization', 'Theme In WP', 'UTF-8', 'Wangsu', 'WordPress', 'WordPress Multisite', 'jQuery']"
sujathacollegeabids.com,Home Page - Sujatha Degree College for Women,Sujatha Degree College for Women,IND,82,17586,2026-09-10T06:59:40.688738148Z,"['Alternate Protocol', 'Click to Chat for WhatsApp', 'Contact Form Plugin', 'Content Delivery Network', 'Educavo Theme', 'Elementor', 'ElementsKit Elementor', 'Embed Any Document', 'EmbedPress', 'Endis', 'Express', 'Font Awesome', 'FreeCSSTemplates', 'Google Cloud DNS', 'Google Font API', 'LiteSpeed', 'Microdata for Google Shopping', 'NFOrce Internet', 'PHP', 'Pagekit', 'QUIC', 'Sitelinks Search Box', 'Smush Image Optimization', 'TablePress', 'Theme In WP', 'UTF-8', 'University or College', 'WPForms', 'Woo Themes', 'WordPress', 'WordPress Multisite', 'jQuery']"
sensible.co.za,Sensible Solar - It's time to Go Solar! Quality Solar Power Systems,Sensible Solar,ZAF,82,24809,2026-09-10T06:40:14.393325824Z,"['Alternate Protocol', 'Better Lead Generation Services', 'CDN JS', 'Cloudflare', 'Cloudflare CDN', 'Contact Form Plugin', 'Content Delivery Network', 'EmbedPress', 'Facebook Conversion Tracking', 'Facebook Login', 'Facebook Messenger Platform', 'Facebook Pixel', 'Facebook Reseller', 'Facebook Tag API', 'Google', 'Google Analytics', 'Google Cloud CDN', 'Google Cloud DNS', 'Google Conversion Tracking', 'Google Font API', 'Google My Business', 'Google Tag Manager', 'HubSpot Conversations', 'HubSpot WordPress Plugin', 'Hubspot', 'Instagram Follow Button', 'LeadBI', 'LinkedIn Insights', 'LinkedIn Pixel', 'LiteSpeed', 'Microdata for Google Shopping', 'No-Q', 'PHP', 'Pagekit', 'Plausible Analytics', 'QUIC', 'Site Kit', 'Slider Revolution', 'Smush Image Optimization', 'Thank You', 'Theme In WP', 'Total', 'UTF-8', 'WPBakery', 'Woo Themes', 'WordPress', 'WordPress Multisite', 'jQuery', 'reCAPTCHA']"
taiwoowatemi.co.uk,Homepage - Taiwo Owatemi MP,Taiwo Owatemi MP,GBR,92,23168,2026-09-10T06:40:14.387275915Z,"['AWS WAF Challenge', 'Alternate Protocol', 'Automattic', 'BatCache', 'Cloudflare', 'Cloudflare CDN', 'Contact Form Plugin', 'Content Delivery Network', 'Cornerstone', 'DAV', 'Elementor', 'EmbedPress', 'Fastly', 'Font Awesome', 'GoDaddy', 'Google', 'Google Cloud DNS', 'Google Forms', 'Google Maps', 'Google My Business', 'Hello Elementor', 'Instagram Follow Button', 'Jetpack', 'Jetpack Site Accelerator', 'NFOrce Internet', 'Nginx', 'Pagekit', 'Parcel', 'Perl', 'QUIC', 'Smush Image Optimization', 'Table Addons for Elementor', 'Tagembed', 'UTF-8', 'WordPress', 'WordPress Multisite', 'WordPress Stats', 'YouTube', 'jQuery']"
belters.news,Belters® News | British News Agency Delivering Editorial Content,,,82,3769,2026-09-10T06:33:59.97307254Z,"['Adult Content', 'Alternate Protocol', 'Amazon WAF Blocked', 'Apache', 'Apture Linking Platform', 'Complianz', 'Contact Form Plugin', 'Content Delivery Network', 'Elementor', 'EmbedPress', 'Font Awesome', 'GZIP Module', 'Google Analytics', 'Google My Business', 'Google Tag Manager', 'IcoMoon', 'Lazy Load for WordPress', 'Microdata for Google Shopping', 'NFOrce Internet', 'PHP', 'Pagekit', 'Perl', 'Royal Elementor Addons', 'Smush Image Optimization', 'Theme In WP', 'UTF-8', 'WordPress', 'WordPress Multisite', 'jQuery', 'reCAPTCHA']"
fundhernow.org,FundHerNow · International Collective of Women's Funds 💜,,,72,1993,2026-09-10T06:33:59.960144874Z,"['Alternate Protocol', 'Amazon WAF Blocked', 'Complianz', 'Content Delivery Network', 'Content ad', 'Elementor', 'EmbedPress', 'GeneratePress Company', 'Google Analytics', 'Google My Business', 'Google Tag Manager', 'InitiativeS', 'LiteSpeed', 'Microdata for Google Shopping', 'NFOrce Internet', 'Ntent', 'PHP', 'Pagekit', 'Sign In With Google', 'Site Kit', 'Sitelinks Search Box', 'Smush Image Optimization', 'Theme In WP', 'UTF-8', 'WordPress', 'WordPress Multisite', 'jQuery']"
enterprisepropackmachines.com.ng,Home - EnterprisePro Pack Machines,EnterprisePro Pack Machines,NGA,82,17778,2026-09-10T06:17:11.724048995Z,"['AWS WAF Challenge', 'Alternate Protocol', 'Astra Theme', 'Cloudflare', 'Cloudflare CDN', 'Content Delivery Network', 'Elementor', 'EmbedPress', 'Google', 'Google My Business', 'LiteSpeed', 'Microdata for Google Shopping', 'PHP', 'Pagekit', 'QUIC', 'Sitelinks Search Box', 'Smush Image Optimization', 'Table of Contents Plus', 'Theme In WP', 'UTF-8', 'WordPress', 'WordPress Multisite', 'WordPress Related Posts', 'jQuery', 'jsDelivr']"
clingersmith.net,Clingersmith Consulting – Quality WFM Support,,,60,600,2026-09-10T06:17:11.715838234Z,"['Alternate Protocol', 'BatCache', 'Content Delivery Network', 'EmbedPress', 'Fastly', 'Google Analytics', 'Google Tag Manager', 'Jetpack', 'Nginx', 'Pagekit', 'Site Kit', 'Smush Image Optimization', 'Twenty Twenty-Four', 'UTF-8', 'WordPress', 'WordPress Multisite', 'WordPress Stats']"
brystonesecurity.com,Brystone Security – Leaders in Security Services,,,70,5391,2026-09-10T05:39:04.465457473Z,"['Alternate Protocol', 'Automattic', 'BatCache', 'Better Lead Generation Services', 'Content Delivery Network', 'Elementor', 'EmbedPress', 'Fastly', 'Jetpack', 'Jetpack Site Accelerator', 'NFOrce Internet', 'Nginx', 'OceanWP', 'PHP', 'Pagekit', 'Smush Image Optimization', 'Table Addons for Elementor', 'Theme In WP', 'UTF-8', 'WPForms', 'Woo Themes', 'WooCommerce Checkout', 'WordPress', 'WordPress Multisite', 'WordPress Stats', 'jQuery']"
idohire.co.uk,Event Decor | Event & Party Prop Hire Leeds Yorkshire - I Do Hire,,GBR,92,20220,2026-09-10T05:16:10.520561567Z,"['AWS WAF Challenge', 'Alternate Protocol', 'Bulma', 'Cloudflare', 'Contact Form Plugin', 'Content Delivery Network', 'EmbedPress', 'Google', 'Google Cloud CDN', 'Google Cloud DNS', 'Google Font API', 'Google My Business', 'Instagram Follow Button', 'LayerSlider Responsive', 'Microdata for Google Shopping', 'PHP', 'Pagekit', 'QUIC', 'Slider Revolution', 'Smush Image Optimization', 'Strong Testimonials', 'Tailwind CSS', 'Theme In WP', 'UTF-8', 'Uncode', 'WP Engine', 'WPBakery', 'Woo Themes', 'WooCommerce', 'WooCommerce Checkout', 'WordPress', 'WordPress Multisite', 'jQuery', 'reCAPTCHA']"
seattlerpc.com,Seattle Reformed Presbyterian Church,,,50,,2026-09-10T05:06:22.36732426Z,"['Alternate Protocol', 'Content Delivery Network', 'EmbedPress', 'Google My Business', 'Nginx', 'Pagekit', 'Smush Image Optimization', 'UTF-8', 'WordPress', 'WordPress Multisite']"
shadesofluna.com,Shades of Luna | Fashion for Bohemian Souls and Moonlit Spirits,Shades of Luna,GBR,77,20251,2026-09-10T04:30:48.120729621Z,"['AWS WAF Challenge', 'Alternate Protocol', 'Ashe', 'Automattic', 'Azion', 'Cloudflare', 'Cloudflare CDN', 'Content Delivery Network', 'EmbedPress', 'Express', 'Font Awesome', 'Fontello', 'Google', 'Google Analytics', 'Google Cloud DNS', 'Google Font API', 'Google My Business', 'Google No Site Links Search', 'Google Related Website Sites', 'Google Tag Manager', 'Jetpack', 'Microdata for Google Shopping', 'Nginx', 'PHP', 'Pagekit', 'Perl', 'Pinterest Conversion Tracking', 'QUIC', 'Sitelinks Search Box', 'Smush Image Optimization', 'Theme In WP', 'UTF-8', 'Woo Themes', 'WooCommerce', 'WooCommerce Checkout', 'WooCommerce Payments', 'WordPress', 'WordPress Multisite', 'WordPress Related Posts', 'WordPress Stats', 'eLand', 'jQuery']"
notjustpilates.co.uk,"Becki White - Pilates & Personal Training | Wimborne, Dorset",,,60,840,2026-09-10T03:41:13.868088841Z,"['Alternate Protocol', 'Complianz', 'Content Delivery Network', 'DAV', 'Data Tables Generator by Supsystic', 'Divi', 'Elegant Themes', 'EmbedPress', 'Google', 'Google Cloud CDN', 'Google Cloud DNS', 'Google Font API', 'LiteSpeed', 'NFOrce Internet', 'PHP', 'Pagekit', 'Smush Image Optimization', 'Tailwind CSS', 'Thank You', 'Theme In WP', 'UTF-8', 'Woo Themes', 'WordPress', 'WordPress Multisite', 'jQuery']"
thebounceclub.com,"Welcome to the Bounce Club | The Bounce Club | Powell, OH",The Bounce Club,,75,8970,2026-09-10T03:35:45.500229418Z,"['Alternate Protocol', 'Cloudflare', 'Content Delivery Network', 'Divi', 'Elegant Themes', 'EmbedPress', 'GoDaddy', 'Google', 'Google Cloud CDN', 'Google Cloud DNS', 'Google Font API', 'Google Forms', 'Google My Business', 'Instagram Follow Button', 'Microdata for Google Shopping', 'MindBody', 'Oddle', 'PHP', 'Pagekit', 'Smush Image Optimization', 'Theme In WP', 'UTF-8', 'Woo Themes', 'WordPress', 'WordPress Multisite', 'YouTube', 'eLand', 'jQuery']"
oceanshoresbrokers.com,"Real Estate Firm in Ocean Shores, WA",,USA,72,45057,2026-09-10T03:30:50.115742485Z,"['Alternate Protocol', 'Beaver Builder Lite', 'Cloudflare', 'CoBlocks', 'Content Delivery Network', 'Contento', 'EmbedPress', 'GoDaddy', 'Google', 'Google Cloud DNS', 'Google Font API', 'Harbor', 'IDX Broker', 'IDXBroker', 'Microdata for Google Shopping', 'PHP', 'Pagekit', 'Schema Plugin', 'Smush Image Optimization', 'Theme In WP', 'UTF-8', 'Wangsu', 'Website Tonight', 'WordPress', 'WordPress Multisite', 'jQuery']"
fannyvos.be,Fanny Vos – Verfinesse gegarandeerd,,BEL,65,61784,2026-09-10T03:14:39.602853644Z,"['Alternate Protocol', 'Apache', 'Apture Linking Platform', 'Elementor', 'EmbedPress', 'GZIP Module', 'Hello Elementor', 'MediaPlatform', 'NFOrce Internet', 'PHP', 'Pagekit', 'Smush Image Optimization', 'Theme In WP', 'UTF-8', 'WordPress', 'WordPress Multisite', 'jQuery']"
springboard35.com,B2B IT Business Development & Sales Experts | Springboard35,,BRA,77,187235,2026-09-10T03:14:39.599308792Z,"['AWS WAF Challenge', 'Adult Content', 'Alternate Protocol', 'Amazon WAF Blocked', 'DuracellTomi Google Tag Manager for WordPress', 'Elementor', 'EmbedPress', 'Essential Addons for Elementor', 'GeneratePress Company', 'Google', 'Google Analytics', 'Google Cloud DNS', 'Google Font API', 'Google My Business', 'Google Related Website Sites', 'Google Tag Manager', 'HT Mega', 'HubSpot WordPress Plugin', 'Kitco', 'Make Column Clickable Elementor', 'Microdata for Google Shopping', 'NFOrce Internet', 'Nginx', 'Ntent', 'PHP', 'Pagekit', 'Polylang', 'QUIC', 'SVG Support', 'Salesforce Hosted', 'Sign In With Google', 'Site Kit', 'Sitelinks Search Box', 'Smush Image Optimization', 'Table Addons for Elementor', 'Theme In WP', 'UTF-8', 'WordPress', 'WordPress Multisite', 'Yandex Hosting', 'jQuery', 'kk Star Ratings']"
priceriteroofing.com,Navy Veteran-Owned Roofing & Siding Strongsville OH | Price Rite,Price Rite Roofing & Siding,ITA,77,17546,2026-09-10T03:14:39.59302299Z,"['AWS WAF Challenge', 'Alternate Protocol', 'Divi', 'Elegant Themes', 'EmbedPress', 'Google Analytics', 'Google Analytics with Ad Tracking', 'Google Cloud DNS', 'Google Font API', 'Google My Business', 'Google Related Website Sites', 'Google Tag Manager', 'Gravity Forms', 'Jetpack', 'Microdata for Google Shopping', 'Nginx', 'Ntent', 'PHP', 'Pagekit', 'QUIC', 'Smush Image Optimization', 'Theme In WP', 'TrustIndex', 'Twitter Ads', 'UTF-8', 'WPForms', 'Woo Themes', 'WordPress', 'WordPress Multisite', 'WordPress Stats', 'jQuery']"
tryggflyttvast.se,Flyttfirma Göteborg | Trygg Flytt i Väst,Trygg flytt i väst,SWE,77,4273,2026-09-10T03:14:39.58418965Z,"['Alternate Protocol', 'Apache', 'DuracellTomi Google Tag Manager for WordPress', 'Elementor', 'Elementor Addon Elements', 'EmbedPress', 'Essential Addons for Elementor', 'Fastly', 'GZIP Module', 'Google Analytics', 'Google Tag Manager', 'Header, Footer and Blocks for Elementor', 'Hello Elementor', 'Instagram Follow Button', 'LiteSpeed', 'Microdata for Google Shopping', 'NFOrce Internet', 'PHP', 'Pagekit', 'Royal Elementor Addons', 'Smush Image Optimization', 'Table Addons for Elementor', 'UTF-8', 'WordPress', 'WordPress Multisite', 'jQuery']"
pogsolutions.com,Prometheus O&G Solutions | The Wet Sand Solution,,,60,381,2026-09-10T03:06:28.652557935Z,"['AWS WAF Challenge', 'Alternate Protocol', 'Content Delivery Network', 'Divi', 'Elegant Themes', 'EmbedPress', 'Google Cloud DNS', 'Google Font API', 'Google My Business', 'Nginx', 'PHP', 'Pagekit', 'Smush Image Optimization', 'Theme In WP', 'UTF-8', 'Woo Themes', 'WordPress', 'WordPress Multisite', 'jQuery', 'reCAPTCHA']"
ackfloors.com,"Acknowledged Hardwood Floors Serving the Littleton, CO Area",Acknowledged Hardwood Floors,ZAF,82,56291,2026-09-10T02:55:39.19900438Z,"['Alternate Protocol', 'Apache', 'Better Lead Generation Services', 'Elementor', 'EmbedPress', 'GZIP Module', 'Google', 'Google Analytics', 'Google Maps', 'Google My Business', 'Google Tag Manager', 'Hello Elementor', 'Microdata for Google Shopping', 'MonsterInsights', 'NFOrce Internet', 'Ntent', 'Pagekit', 'Perl', 'QUIC', 'SMC', 'Smush Image Optimization', 'Table Addons for Elementor', 'TrustIndex', 'UTF-8', 'WP Rocket', 'WordPress', 'WordPress Multisite', 'jQuery', 'reCAPTCHA']"
srisaisaraswathi.com,Best International School in Hyderabad | Sri Sai Saraswathi,Sri Sai Saraswathi,,67,4297,2026-09-10T02:55:39.193325428Z,"['Adult Content', 'Alternate Protocol', 'Apture Linking Platform', 'Click to Chat for WhatsApp', 'Contact Form Plugin', 'Elementor', 'EmbedPress', 'FreeCSSTemplates', 'Google', 'Google Cloud CDN', 'Google Cloud DNS', 'Google Font API', 'Google My Business', 'Google Related Website Sites', 'Header, Footer and Blocks for Elementor', 'LiteSpeed', 'Microdata for Google Shopping', 'OceanWP', 'PHP', 'Pagekit', 'Slider Revolution', 'Smush Image Optimization', 'Tailwind CSS', 'Theme In WP', 'University or College', 'WP Fastest Cache', 'WP Mobile Menu', 'WPForms', 'Woo Themes', 'WordPress', 'WordPress Multisite']"
luxuriousfloorsplus.com,Luxurious Floors Plus – Luxury from the Ground Up,,USA,70,3104,2026-09-10T02:55:39.187191481Z,"['Alternate Protocol', 'CleanTalk Spam Protect', 'Content Delivery Network', 'Elementor', 'EmbedPress', 'Facebook Conversion Tracking', 'Facebook Login', 'Facebook Messenger Platform', 'Facebook Pixel', 'Facebook Reseller', 'Facebook Tag API', 'FormSubmit', 'Google Analytics', 'Google My Business', 'Google Tag Manager', 'Header, Footer and Blocks for Elementor', 'Hello Elementor', 'LiteSpeed', 'NFOrce Internet', 'PHP', 'Pagekit', 'QUIC', 'Smush Image Optimization', 'Sticky Header Effects for Elementor', 'Subversion', 'Theme In WP', 'UTF-8', 'WordPress', 'WordPress Multisite', 'jQuery', 'reCAPTCHA']"
emmerichmodellflug.club,Aero Club Emmerich abt. Modellflug,,,55,144,2026-09-10T02:47:50.1641721Z,"['Alternate Protocol', 'Content Delivery Network', 'EmbedPress', 'GZIP Module', 'GeneratePress Company', 'Gtranslate for Wordpress', 'Instagram Follow Button', 'Nginx', 'PHP', 'Pagekit', 'Parallels Plesk Panel', 'Smush Image Optimization', 'Theme In WP', 'UTF-8', 'Ultimate Social Media', 'WordPress', 'WordPress Multisite', 'YouTube', 'jQuery']"
longchybik.com,Home - Long and Chybik,Long and Chybik,USA,77,16503,2026-09-10T02:47:50.137853603Z,"['Alternate Protocol', 'Content Delivery Network', 'Divi', 'Elegant Themes', 'EmbedPress', 'Fireblade', 'Google Cloud DNS', 'Google Font API', 'Google My Business', 'Microdata for Google Shopping', 'Nginx', 'PHP', 'Pagekit', 'Smush Image Optimization', 'Theme In WP', 'UTF-8', 'WordPress', 'WordPress Multisite', 'jQuery', 'reCAPTCHA']"
gandslogistics.com,HOME - G&S Logistics,G&S Logistics,,67,20507,2026-09-10T02:15:57.245039823Z,"['AWS WAF Challenge', 'Alternate Protocol', 'Call to Visit', 'Cloudflare', 'Content Delivery Network', 'Divi', 'Elegant Themes', 'EmbedPress', 'Facebook Conversion Tracking', 'Facebook Login', 'Facebook Messenger Platform', 'Facebook Pixel', 'Facebook Reseller', 'Facebook Tag API', 'FormSubmit', 'GoDaddy', 'Google', 'Google Analytics', 'Google Cloud CDN', 'Google Cloud DNS', 'Google Font API', 'Google Related Website Sites', 'Google Tag Manager', 'Instagram Follow Button', 'Microdata for Google Shopping', 'PHP', 'Pagekit', 'PixelYourSite', 'Smush Image Optimization', 'Theme In WP', 'UTF-8', 'Woo Themes', 'WordPress', 'WordPress Multisite', 'jQuery']"
lakeannaagents.com,Lake Anna Waterfront Properties | Long Foster Real Estate,Long & Foster Real Estate,USA,82,51931,2026-09-10T02:15:57.232824216Z,"['ASP.NET Core', 'Add to Any', 'Alternate Protocol', 'Amazon WAF Blocked', 'Apture Linking Platform', 'Beaver Builder Lite', 'Cloudflare', 'Content Delivery Network', 'Contento', 'EmbedPress', 'Express', 'Font Awesome', 'GitHub Hosting', 'GoDaddy', 'Google', 'Google Cloud DNS', 'Google Font API', 'Google My Business', 'Gravity', 'Max Mega Menu Pro', 'Microdata for Google Shopping', 'New Relic', 'PHP', 'Pagekit', 'QUIC', 'Schema Plugin', 'SiteW', 'Smush Image Optimization', 'Testimonial Tree', 'UTF-8', 'Vimeo', 'WP Rocket', 'Wangsu', 'Website Tonight', 'Woo Themes', 'WooCommerce Checkout', 'WordPress', 'WordPress Multisite', 'Yandex Hosting', 'YouTube', 'hCaptcha']"
nayitek.cn,NAYITEK,,CHN,62,15346,2026-09-10T02:15:57.22668778Z,"['Apture Linking Platform', 'BLR', 'Baidu Ads', 'Baidu Cloud', 'Contact Form Plugin', 'Download Monitor', 'EmbedPress', 'GZIP Module', 'Google', 'Google Analytics', 'Google Cloud DNS', 'Google Font API', 'Google My Business', 'Google Tag Manager', 'Instagram Follow Button', 'Jetpack', 'LiteSpeed', 'Nginx', 'PHP', 'Pagekit', 'Perl', 'Smush Image Optimization', 'Telegram', 'Thank You', 'The7', 'Theme In WP', 'Tumblr', 'Twitter Ads', 'Visual Composer Ultimate Addons', 'WP Rocket', 'WPBakery', 'WhatsApp Sharing', 'WordPress', 'WordPress Multisite', 'WordPress Related Posts', 'YouTube', 'jQuery']"
tq-excellence.com,Total Quality Excellence,Total Quality Excellence,,82,23520,2026-09-10T01:56:32.813155232Z,"['AWS WAF Challenge', 'Alternate Protocol', 'Automattic', 'BatCache', 'Cisco/Arrowpoint Content Service Switch', 'Content Delivery Network', 'Divi', 'Elegant Themes', 'EmbedPress', 'Fastly', 'Instagram Follow Button', 'Jetpack', 'Jetpack Site Accelerator', 'LiteSpeed', 'MailPoet', 'Microdata for Google Shopping', 'Nginx', 'PHP', 'Pagekit', 'Perl', 'Photo Gallery for WordPress', 'Smush Image Optimization', 'Theme In WP', 'UTF-8', 'Woo Themes', 'WordPress', 'WordPress Multisite', 'WordPress Stats', 'jQuery']"
versatilecareerabroad.com,Study Abroad - Your Trusted Aussie Consultant - Versatile Career Abroad,Versatile Career Abroad,BGD,82,134148,2026-09-10T01:56:32.78939369Z,"['Alternate Protocol', 'Apture Linking Platform', 'Bunny Fonts', 'Content Delivery Network', 'DAV', 'Elementor', 'ElementsKit Elementor', 'EmbedPress', 'Ethy', 'Financial Services Guide', 'Font Awesome', 'FreeCSSTemplates', 'Google', 'Google Analytics', 'Google Cloud CDN', 'Google Cloud DNS', 'Google Font API', 'Google My Business', 'Google Tag Manager', 'HubSpot Conversations', 'HubSpot WordPress Plugin', 'Hubspot', 'IcoMoon', 'K2F', 'KVH', 'LiteSpeed', 'Microdata for Google Shopping', 'No-Q', 'PHP', 'Pagekit', 'Perl', 'Phew', 'QUIC', 'SMC', 'Silicon Valley Web Hosting', 'Smush Image Optimization', 'Subversion', 'TablePress', 'Telegram', 'Theme In WP', 'Twitter Ads', 'UTF-8', 'University or College', 'Unix', 'WhatsApp Sharing', 'WordPress', 'WordPress Multisite', 'WordPress PopUp', 'YouTube', 'jQuery']"
nickmcn.co.uk,"Nick McNamara - Counselling & Psychotherapy in Ripon, North Yorkshire and online",,,82,15542,2026-09-10T01:45:04.752134986Z,"['AWS WAF Challenge', 'Alternate Protocol', 'Content Delivery Network', 'Cookie Accept', 'Cookie Notice', 'Divi', 'Elegant Themes', 'EmbedPress', 'Express', 'Google Analytics', 'Google My Business', 'Google Tag Manager', 'LiteSpeed', 'Microdata for Google Shopping', 'MonsterInsights', 'PHP', 'Pagekit', 'Smush Image Optimization', 'Theme In WP', 'UTF-8', 'Woo Themes', 'WordPress', 'WordPress Multisite', 'jQuery']"
thesilentdiscocompany.ae,Welcome to The Silent Disco Company,,,67,1949,2026-09-10T01:37:27.986797131Z,"['Alternate Protocol', 'Better Lead Generation Services', 'Contact Form Plugin', 'Divi', 'Elegant Themes', 'EmbedPress', 'GZIP Module', 'Google Analytics', 'Google My Business', 'Google Tag Manager', 'Gtranslate for Wordpress', 'Lazy Load for WordPress', 'Microdata for Google Shopping', 'Nginx', 'Pagekit', 'Smush Image Optimization', 'Supreme Modules Lite', 'UTF-8', 'WordPress', 'WordPress Carousel', 'WordPress Multisite', 'jsDelivr', 'reCAPTCHA']"
swf.gr,ΙΚΕ - ΧΑΤΖΗΠΑΤΕΡΕΙΟ Κ.Α.Σ.Π.,ΧΑΤΖΗΠΑΤΕΡΕΙΟ Κ.Α.Σ.Π.,,55,307,2026-09-10T01:12:05.884224584Z,"['Alternate Protocol', 'Apache', 'Cybot', 'Elementor', 'EmbedPress', 'GZIP Module', 'Google', 'Google Cloud CDN', 'Google Cloud DNS', 'Google Font API', 'Google Tag Manager', 'Hello Elementor', 'IcoMoon', 'Instagram Follow Button', 'Microdata for Google Shopping', 'PHP', 'Pagekit', 'QuadMenu', 'Slider Revolution', 'Smush Image Optimization', 'Theme In WP', 'UTF-8', 'WordPress', 'WordPress Multisite', 'YouTube', 'jQuery']"
tower.photography,Tower Photography - Scotland Wedding Photographer,Tower Photography,GBR,87,23550,2026-09-10T01:12:05.843878104Z,"['AWS WAF Challenge', 'Alternate Protocol', 'Apture Linking Platform', 'Automattic', 'Autoptimize', 'BatCache', 'Cloudflare', 'Cloudflare CDN', 'Content Delivery Network', 'DAV', 'EmbedPress', 'Express', 'Fastly', 'Google', 'Google Analytics', 'Google My Business', 'Google Tag Manager', 'Graphy', 'Gutenberg', 'Instagram Follow Button', 'Jetpack', 'Jetpack Site Accelerator', 'Microdata for Google Shopping', 'Nginx', 'Oracle Cloud', 'Pagekit', 'Smush Image Optimization', 'Trustmary', 'UTF-8', 'Woo Themes', 'WooCommerce', 'WooCommerce Checkout', 'WordPress', 'WordPress Multisite', 'WordPress Stats', 'jQuery']"
tmiconsulting.org,TMI Consulting – Information Technology and Management Consulting,,USA,80,20122,2026-09-10T00:58:44.673186403Z,"['AWS WAF Challenge', 'Alternate Protocol', 'Astra Theme', 'Cloudflare', 'Cloudflare CDN', 'Content Delivery Network', 'Elementor', 'ElementsKit Elementor', 'EmbedPress', 'GoDaddy', 'Google', 'Google Cloud DNS', 'Google Font API', 'Google My Business', 'Instagram Follow Button', 'NFOrce Internet', 'PHP', 'Pagekit', 'Slider Revolution', 'Smush Image Optimization', 'Theme In WP', 'Twitter Ads', 'UTF-8', 'Unlimited Elements For Elementor', 'Woo Themes', 'WordPress', 'WordPress Multisite', 'WordPress Related Posts', 'jQuery']"
vivaartistry.com,"ViVa Artistry – It's your Lives, your Thoughts, your Art!",,,60,63,2026-09-10T00:58:44.669839179Z,"['Alternate Protocol', 'Apache', 'Astra Theme', 'Elementor', 'EmbedPress', 'GZIP Module', 'Google', 'Google Cloud CDN', 'Google Cloud DNS', 'Google Font API', 'Header, Footer and Blocks for Elementor', 'Instagram Follow Button', 'PHP', 'Pagekit', 'QUIC', 'Smush Image Optimization', 'Theme In WP', 'UTF-8', 'Woo Themes', 'WordPress', 'WordPress Multisite', 'WordPress Related Posts', 'jQuery']"
kellyphillipsphoto.com,Home - Kelly Phillips Photography,Kelly Phillips Photography,,62,1168,2026-09-10T00:18:42.087907515Z,"['Alternate Protocol', 'Apache', 'Apture Linking Platform', 'Divi', 'Elegant Themes', 'EmbedPress', 'GZIP Module', 'Google Analytics', 'Google Cloud DNS', 'Google Font API', 'Google Tag Manager', 'Instagram Feed for WordPress', 'Instagram Follow Button', 'Meta Slider for WordPress', 'Microdata for Google Shopping', 'PHP', 'Pagekit', 'Smush Image Optimization', 'Theme In WP', 'TrustIndex', 'UTF-8', 'Woo Themes', 'WordPress', 'WordPress Multisite', 'jQuery']"
wicksmith.in,WICKSMITH INDUSTRIAL SOLUTIONS – SMART INDUSTRIAL SOLUTIONS,,IND,65,493,2026-09-10T00:18:42.073843271Z,"['Alternate Protocol', 'Content Delivery Network', 'EmbedPress', 'Google Cloud DNS', 'Google Font API', 'Gutenberg Blocks by Kadence Blocks', 'Kadence WP', 'LiteSpeed', 'PHP', 'Pagekit', 'Smush Image Optimization', 'Theme In WP', 'UTF-8', 'WordPress', 'WordPress Multisite', 'jsDelivr']"
priscillehomeopathy.co.uk,Homeopathy Bristol | Priscille Homeopathy | Effective Natural Treatment,Priscille Homeopathy,GBR,82,22656,2026-09-09T23:28:47.273207361Z,"['AAPT', 'Alternate Protocol', 'Contact Form Plugin', 'EmbedPress', 'Essential Grid', 'Fontello', 'GZIP Module', 'Google Analytics', 'Google Cloud DNS', 'Google Font API', 'Google My Business', 'Google Tag Manager', 'Gravity Forms', 'IcoMoon', 'Instagram Follow Button', 'Jetpack', 'MailChimp for WordPress', 'Microdata for Google Shopping', 'MonsterInsights', 'Nginx', 'PHP', 'Pagekit', 'Perl', 'QUIC', 'Smush Image Optimization', 'Theme In WP', 'UTF-8', 'WP Fastest Cache', 'WPBakery', 'WordPress', 'WordPress Multisite', 'WordPress Stats', 'reCAPTCHA']"
nsdlighting.com,nsdlighting.com,,CHN,70,39183,2026-09-09T22:54:39.111577943Z,"['AWS WAF Challenge', 'Alternate Protocol', 'Autoptimize', 'Blocksy', 'Cloudflare', 'Cloudflare CDN', 'Content Delivery Network', 'EmbedPress', 'Google', 'Google Cloud DNS', 'Google Font API', 'Google My Business', 'KVH', 'LiteSpeed', 'NFOrce Internet', 'PHP', 'Pagekit', 'QUIC', 'Smush Image Optimization', 'UTF-8', 'Woo Themes', 'WooCommerce', 'WooCommerce Checkout', 'WordPress', 'WordPress Multisite', 'jQuery']"
spanhead.tech,We invent tomorrow together - SpanHead,,NLD,85,382,2026-09-09T22:36:53.800053752Z,"['Alternate Protocol', 'Content Delivery Network', 'Divi', 'Elegant Themes', 'EmbedPress', 'Express', 'Google Cloud DNS', 'Google Font API', 'Instagram Follow Button', 'LiteSpeed', 'Microdata for Google Shopping', 'PHP', 'Pagekit', 'Smush Image Optimization', 'Theme In WP', 'Twitter Ads', 'UTF-8', 'Woo Themes', 'WordPress', 'WordPress Multisite', 'jQuery']"
anvelope-de-camion.ro,Anvelope camion. Vulcanizare centura Bucuresti + mobila,Primat Gold - Anvelope & Vulcanizare camion,ROU,87,2728,2026-09-09T22:05:04.171941167Z,"['Ajax Search Lite', 'Amazon WAF Blocked', 'Apache', 'CDN JS', 'Cloudflare', 'Cloudflare CDN', 'Complianz', 'Divi', 'Elegant Themes', 'EmbedPress', 'Google Analytics', 'Google Cloud DNS', 'Google Font API', 'Google Maps', 'Google My Business', 'Google Related Website Sites', 'Google Tag Manager', 'IcoMoon', 'Microdata for Google Shopping', 'PHP', 'Pagekit', 'Schema Plugin', 'Shopify', 'Shopify Collabs', 'Smush Image Optimization', 'Supreme Modules Lite', 'Theme In WP', 'UTF-8', 'WordPress', 'WordPress Multisite']"
lethbridgeprivateinvestigators.ca,Private Investigators in Lethbridge - Expert Surveillance & More,,CAN,82,1601,2026-09-09T21:22:43.1350099Z,"['Alternate Protocol', 'CheryFramework', 'Content Delivery Network', 'Cornerstone', 'DuracellTomi Google Tag Manager for WordPress', 'EmbedPress', 'GZIP Module', 'Google Analytics', 'Google Cloud DNS', 'Google Font API', 'Google My Business', 'Google Tag Manager', 'Microdata for Google Shopping', 'Nginx', 'Ninja Forms', 'PHP', 'Pagekit', 'QUIC', 'Sitelinks Search Box', 'Slider Revolution', 'Smush Image Optimization', 'Theme In WP', 'UTF-8', 'Woo Themes', 'WordPress', 'WordPress Multisite', 'jQuery', 'reCAPTCHA']"
loansfc.com.au,"Finance Broker in Melbourne | Business, Personal, and Car Loans",Loan for Choice,AUS,92,5607,2026-09-09T21:17:40.440351569Z,"['Alternate Protocol', 'Australian Credit Licence', 'Cloudflare', 'Content Delivery Network', 'Elementor', 'ElementsKit Elementor', 'EmbedPress', 'Fastly', 'GoDaddy', 'Google Analytics', 'Google Related Website Sites', 'Google Tag Manager', 'Header, Footer and Blocks for Elementor', 'Jeg Elementor Kit', 'Metform Elemento', 'Microdata for Google Shopping', 'NFOrce Internet', 'PHP', 'Pagekit', 'QUIC', 'Smush Image Optimization', 'Theme In WP', 'Twenty Twenty-One', 'UTF-8', 'WordPress', 'WordPress Multisite', 'jQuery']"
gymterior.in,Gym Design & Wellness Setup Solution in Nagpur | Gymterior,GYMTERIOR,IND,82,1853,2026-09-09T21:17:40.439172702Z,"['Alternate Protocol', 'Apture Linking Platform', 'Clockwork', 'Contact Form Plugin', 'Content Delivery Network', 'EmbedPress', 'Express', 'Google Analytics', 'Google Cloud DNS', 'Google Font API', 'Google Maps', 'Google My Business', 'Google Tag Manager', 'IcoMoon', 'Instagram Follow Button', 'LiteSpeed', 'Microdata for Google Shopping', 'PHP', 'Pagekit', 'QUIC', 'Slider Revolution', 'Smush Image Optimization', 'Theme In WP', 'UTF-8', 'WPBakery', 'WordPress', 'WordPress Multisite', 'YouTube', 'jQuery', 'reCAPTCHA']"
anjumamclasses.com,Anju Mam Classes,,IND,65,20294,2026-09-09T20:52:28.415231522Z,"['AWS WAF Challenge', 'Alternate Protocol', 'Click to Chat for WhatsApp', 'Cloudflare', 'Cloudflare CDN', 'Content Delivery Network', 'Elementor', 'EmbedPress', 'Essential Addons for Elementor', 'Google', 'Google Analytics', 'Google Cloud CDN', 'Google Cloud DNS', 'Google Customer Reviews', 'Google Font API', 'Google Maps', 'Google My Business', 'Google Tag Manager', 'Google Workspace', 'Header, Footer and Blocks for Elementor', 'Hello Elementor', 'Instagram Follow Button', 'Jeg Elementor Kit', 'LiteSpeed', 'Metform Elemento', 'NFOrce Internet', 'PHP', 'Pagekit', 'Popup Maker for Wordpress', 'Premium Addons for Elementor', 'Site Kit', 'Smush Image Optimization', 'To Top', 'UTF-8', 'University or College', 'WPForms', 'WordPress', 'WordPress Multisite', 'YouTube']"
westbendhousing.com,Home - West Bend Housing Authority,West Bend Housing Authority,,62,21720,2026-09-09T20:34:42.394922157Z,"['Ajax Search Lite', 'Alternate Protocol', 'Apache', 'Contact Form Plugin', 'Elementor', 'EmbedPress', 'Fastly', 'Fireblade', 'GZIP Module', 'Google', 'Google Cloud DNS', 'Google Font API', 'Google My Business', 'LiteSpeed', 'Microdata for Google Shopping', 'NFOrce Internet', 'PHP', 'Pagekit', 'Photo Gallery for WordPress', 'Smush Image Optimization', 'Theme In WP', 'UTF-8', 'WordPress', 'WordPress Multisite', 'eLand', 'jQuery', 'qTranslate']"
maddoxhealthcarelaw.com,"Maddox Healthcare Law | Costa Mesa, CA | Medical Lawyer",Maddox Healthcare Law,USA,82,45647,2026-09-09T19:38:02.363873753Z,"['AWS WAF Challenge', 'Alternate Protocol', 'Beaver Builder Lite', 'CDN JS', 'Cloudflare', 'Cloudflare CDN', 'Contact Form Plugin', 'Content Delivery Network', 'Contento', 'EmbedPress', 'Express', 'Google', 'Google Analytics', 'Google Cloud DNS', 'Google Font API', 'Google My Business', 'Google Tag Manager', 'Microdata for Google Shopping', 'PHP', 'Pagekit', 'Schema Plugin', 'Smush Image Optimization', 'Subversion', 'Theme In WP', 'UTF-8', 'UserWay', 'WP Engine', 'WordPress', 'WordPress Multisite', 'jQuery', 'reCAPTCHA']"
nohographics.com,NoHo Printing & Graphics – Best Quality Products,,,70,38397,2026-09-09T19:38:02.361313086Z,"['AWS WAF Challenge', 'Alternate Protocol', 'Astra Theme', 'Autoptimize', 'Bunny Fonts', 'Cloudflare', 'Cloudflare CDN', 'Content Delivery Network', 'Daily Deals', 'Elementor', 'EmbedPress', 'GoDaddy', 'Google', 'Google Cloud DNS', 'Google Font API', 'Google Maps', 'Google My Business', 'Instagram Follow Button', 'KVH', 'Microdata for Google Shopping', 'PHP', 'Pagekit', 'QUIC', 'Schema Plugin', 'Smush Image Optimization', 'Table Addons for Elementor', 'Theme In WP', 'UTF-8', 'Woo Themes', 'WooCommerce', 'WooCommerce Checkout', 'WordPress', 'WordPress Multisite', 'WordPress PopUp', 'WordPress Related Posts', 'jQuery']"
korumountains.co.nz,Home | Koru Mountains,Koru Mountains,NPL,82,4100,2026-09-09T19:38:02.360547362Z,"['Alternate Protocol', 'Cloudflare', 'Content Delivery Network', 'DAV', 'Divi', 'Elegant Themes', 'EmbedPress', 'Fonts Plugin', 'GoDaddy', 'Google', 'Google Analytics', 'Google Cloud CDN', 'Google Cloud DNS', 'Google Font API', 'Google Related Website Sites', 'Google Tag Manager', 'Instagram Follow Button', 'LiteSpeed', 'Microdata for Google Shopping', 'PHP', 'Pagekit', 'Smart Slider 3', 'Smush Image Optimization', 'Theme In WP', 'UTF-8', 'Woo Themes', 'WordPress', 'WordPress Multisite', 'eLand', 'jQuery']"
osralliance.org,OSRA,,PHL,60,1833,2026-09-09T19:26:45.090231855Z,"['Alternate Protocol', 'Amazon WAF Blocked', 'Apache', 'Apture Linking Platform', 'Aruba', 'DAV', 'Elementor', 'EmbedPress', 'Fancybox for WordPress', 'FreeCSSTemplates', 'GZIP Module', 'GitHub Hosting', 'Gravity', 'Gravity Forms', 'Hello Elementor', 'InitiativeS', 'NFOrce Internet', 'PHP', 'Pagekit', 'QUIC', 'Smush Image Optimization', 'TablePress', 'The Events Calendar', 'Twitter Ads', 'UTF-8', 'Vector Internet Services', 'WP Rocket', 'WordPress', 'WordPress Multisite', 'eLand', 'jsDelivr']"
naltsaswallcoverings.com,Wallpaper Installation in New River AZ | Naltsas Wallcoverings,Naltsas Wallcoverings,USA,82,3097,2026-09-09T19:26:45.078305164Z,"['Alternate Protocol', 'CleanTalk Spam Protect', 'Content Delivery Network', 'Elementor', 'EmbedPress', 'Essential Addons for Elementor', 'Google Analytics', 'Google My Business', 'Google Tag Manager', 'Header, Footer and Blocks for Elementor', 'Hello Elementor', 'LiteSpeed', 'Microdata for Google Shopping', 'NFOrce Internet', 'PHP', 'Pagekit', 'Royal Elementor Addons', 'Sitelinks Search Box', 'Smush Image Optimization', 'Sticky Header Effects for Elementor', 'Theme In WP', 'UTF-8', 'WordPress', 'WordPress Multisite', 'WordPress Related Posts', 'jQuery', 'reCAPTCHA']"
heartoftexasit.com,"Heart of Texas IT Services | Cyber Security | Round Rock, TX",,USA,82,21528,2026-09-09T18:54:56.590935252Z,"['AWS WAF Challenge', 'Alternate Protocol', 'CDN JS', 'Cloudflare', 'Cloudflare CDN', 'Complianz', 'Content Delivery Network', 'DAV', 'Divi', 'DuracellTomi Google Tag Manager for WordPress', 'Elegant Themes', 'EmbedPress', 'Facebook Conversion Tracking', 'Facebook Login', 'Facebook Messenger Platform', 'Facebook Pixel', 'Facebook Reseller', 'Facebook Tag API', 'FormSubmit', 'Google', 'Google Analytics', 'Google Cloud CDN', 'Google Cloud DNS', 'Google Font API', 'Google My Business', 'Google Tag Manager', 'Jetpack', 'LinkedIn Insights', 'LinkedIn Pixel', 'LiteSpeed', 'Microdata for Google Shopping', 'NFOrce Internet', 'PHP', 'Pagekit', 'Smush Image Optimization', 'Supreme Modules Lite', 'Theme In WP', 'UTF-8', 'WPForms', 'Woo Themes', 'WordPress', 'WordPress Multisite', 'WordPress Stats', 'eLand', 'jQuery', 'reCAPTCHA']"
tiberiuswebsolutions.com,Custom Web Design and Administration Services,Tiberius Web Solutions,USA,82,69907,2026-09-09T18:54:56.587385584Z,"['AWS WAF Challenge', 'Alternate Protocol', 'Astra Theme', 'Cloudflare', 'Cloudflare CDN', 'CoBlocks', 'Content Delivery Network', 'Elementor', 'EmbedPress', 'Essential Addons for Elementor', 'GoDaddy', 'Google', 'Google My Business', 'Microdata for Google Shopping', 'NFOrce Internet', 'PHP', 'Pagekit', 'SMC', 'Smush Image Optimization', 'Theme In WP', 'UTF-8', 'Woo Themes', 'WordPress', 'WordPress Multisite', 'WordPress Related Posts', 'jQuery']"
hotelgreenviewinternational.com,Hotel Green View International – Just another WordPress site,,IND,65,314,2026-09-09T18:48:08.926945373Z,"['Alternate Protocol', 'Apache', 'Elementor', 'EmbedPress', 'GZIP Module', 'GetButton.io', 'Google My Business', 'Hello Elementor', 'Pagekit', 'QUIC', 'Smush Image Optimization', 'Table Addons for Elementor', 'UTF-8', 'WordPress', 'WordPress Multisite', 'jQuery']"
lovingpet.com,LovingPet | Loving Pet,Loving Pet,,50,313,2026-09-09T18:32:22.114777111Z,"['AWS WAF Challenge', 'Alternate Protocol', 'EmbedPress', 'GZIP Module', 'Google', 'Google Cloud DNS', 'Google Font API', 'Google My Business', 'Hotjar', 'Instagram Follow Button', 'Menu Icons by ThemeIsle', 'Microdata for Google Shopping', 'Nginx', 'PHP', 'Pagekit', 'Smush Image Optimization', 'Theme In WP', 'Twenty Twenty', 'Twitter Ads', 'UTF-8', 'User Submitted Posts', 'WordPress', 'WordPress Multisite', 'YouTube', 'jQuery', 'reCAPTCHA']"
sadmantrade.com,SadmanTrade – Agricultural Machinery Solutions,,BGD,65,34704,2026-09-09T18:25:37.989279086Z,"['AWS WAF Challenge', 'Alternate Protocol', 'CartFlows', 'Cloudflare', 'Cloudflare CDN', 'Cloudflare Web Analytics', 'Contact Form Plugin', 'Content Delivery Network', 'Elementor', 'EmbedPress', 'Fireblade', 'Google', 'Google Cloud DNS', 'Google Font API', 'Google My Business', 'LiteSpeed', 'NFOrce Internet', 'PHP', 'Pagekit', 'QUIC', 'QuadLayers', 'Smush Image Optimization', 'Table Addons for Elementor', 'Theme In WP', 'UTF-8', 'Woo Themes', 'WooCommerce', 'WooCommerce Checkout', 'WooCommerce Payments', 'WordPress', 'WordPress Multisite', 'jQuery']"
motionrx.in,Best Physiotherapy Clinic in Noida - MotionRX,,IND,77,57593,2026-09-09T18:11:36.718434643Z,"['Alternate Protocol', 'Apture Linking Platform', 'Astra Theme', 'CleanTalk Spam Protect', 'Contact Form Plugin', 'Content Delivery Network', 'Elementor', 'EmbedPress', 'Essential Addons for Elementor', 'Express', 'Google Analytics', 'Google Cloud DNS', 'Google Font API', 'Google Tag Manager', 'HT Mega', 'Header, Footer and Blocks for Elementor', 'InMotion Hosting', 'Instagram Follow Button', 'Jeg Elementor Kit', 'LiteSpeed', 'Microdata for Google Shopping', 'NFOrce Internet', 'PHP', 'Pagekit', 'QUIC', 'SMC', 'SiteW', 'Sitelinks Search Box', 'Smush Image Optimization', 'Sticky Header Effects for Elementor', 'Theme In WP', 'UTF-8', 'Vector Internet Services', 'Woo Themes', 'WordPress', 'WordPress Multisite', 'WordPress Related Posts', 'YouTube', 'jQuery']"
angelfootclinic.com.au,Angel Foot Clinic,,AUS,65,4416,2026-09-09T18:11:36.716871468Z,"['Alternate Protocol', 'Astra Theme', 'Cliniko', 'Content Delivery Network', 'Elementor', 'EmbedPress', 'Essential Addons for Elementor', 'Google', 'Google Cloud CDN', 'Google Cloud DNS', 'Google Font API', 'Google Maps', 'Google My Business', 'Instagram Follow Button', 'LiteSpeed', 'PHP', 'Pagekit', 'Perl', 'Smush Image Optimization', 'Theme In WP', 'UTF-8', 'University or College', 'WordPress', 'WordPress Multisite', 'jQuery']"
resonant-architecture.com,Oxford architects for commercial & residential properties,,GBR,82,19891,2026-09-09T17:47:38.880667036Z,"['AWS WAF Challenge', 'Alternate Protocol', 'Atomic Block', 'Content Delivery Network', 'EmbedPress', 'GenerateBlocks', 'Genesis Blocks', 'Google', 'Google Analytics', 'Google Cloud DNS', 'Google Font API', 'Google My Business', 'Google Tag Manager', 'IcoMoon', 'Instagram Feed for WordPress', 'Instagram Follow Button', 'LiteSpeed', 'Microdata for Google Shopping', 'MonsterInsights', 'PHP', 'Pagekit', 'QUIC', 'Smush Image Optimization', 'Theme In WP', 'UTF-8', 'WordPress', 'WordPress Multisite', 'eLand', 'jQuery', 'reCAPTCHA']"
mustafamohamed.com,Home - Mustafa Mohamed,,KEN,82,15588,2026-09-09T17:27:51.546716114Z,"['1Password', 'AWS WAF Challenge', 'Alternate Protocol', 'Astra Theme', 'EmbedPress', 'GZIP Module', 'GenerateBlocks', 'GitHub Hosting', 'Google Cloud DNS', 'Google Font API', 'Gutenberg Blocks by Kadence Blocks', 'Microdata for Google Shopping', 'Nginx', 'Pagekit', 'Python', 'Sitelinks Search Box', 'Smush Image Optimization', 'UTF-8', 'Ubuntu', 'Ultimate Addons for Gutenberg', 'University or College', 'WordPress', 'WordPress Multisite']"
stoneyard.ie,Harding Stoneyard - Stone Supplier Ireland,Harding Stoneyard,IRL,77,2311,2026-09-09T17:21:43.386279812Z,"['Alternate Protocol', 'Content Delivery Network', 'Elementor', 'EmbedPress', 'Facebook Conversion Tracking', 'Facebook Login', 'Facebook Messenger Platform', 'Facebook Pixel', 'Facebook Reseller', 'Facebook Tag API', 'GZIP Module', 'Google Analytics', 'Google Maps', 'Google My Business', 'Google Tag Manager', 'Instagram Follow Button', 'LiteSpeed', 'Microdata for Google Shopping', 'NFOrce Internet', 'PHP', 'Pagekit', 'Shoptimizer', 'Smush Image Optimization', 'Theme In WP', 'UTF-8', 'WPForms', 'Woo Themes', 'WooCommerce', 'WooCommerce Checkout', 'WooCommerce Stripe Payment Gateway', 'WordPress', 'WordPress Multisite', 'eLand', 'jQuery']"
bearlakereserve.com,Your Luxury Home Away From Home | Bear Lake Reserve,Bear Lake Reserve,USA,92,27142,2026-09-09T17:09:00.666452518Z,"['AWS WAF Challenge', 'Adobe Creative Cloud WebFonts', 'Amazon', 'Amazon S3 CDN', 'Cloudflare', 'Content Delivery Network', 'CookieYes', 'Divi', 'Elegant Themes', 'EmbedPress', 'Font Awesome', 'Google', 'Google Analytics', 'Google Cloud CDN', 'Google Cloud DNS', 'Google Font API', 'Google My Business', 'Google Related Website Sites', 'Google Tag Manager', 'Gravity', 'Instagram Feed for WordPress', 'Instagram Follow Button', 'Kitco', 'Microdata for Google Shopping', 'Monarch Social Sharing Plugin For WordPress', 'Ntent', 'PHP', 'Pagekit', 'QUIC', 'Site Kit', 'Smush Image Optimization', 'Storyblocks', 'Theme In WP', 'UTF-8', 'WonderPush', 'Woo Themes', 'WordPress', 'WordPress Multisite', 'eLand', 'jQuery']"
ctdclearningplace.com,Community Training & Development Centre,,USA,80,5961,2026-09-09T16:55:36.871180869Z,"['Alternate Protocol', 'Astra Theme', 'Bunny Fonts', 'Cloudflare', 'Content Delivery Network', 'EmbedPress', 'Express', 'GoDaddy', 'Google Analytics', 'Google My Business', 'Google Tag Manager', 'Instagram Follow Button', 'Kitco', 'MonsterInsights', 'PHP', 'Pagekit', 'Site Kit', 'Smush Image Optimization', 'Theme In WP', 'UTF-8', 'University or College', 'WP Responsive Menu', 'WordPress', 'WordPress Multisite', 'WordPress Related Posts', 'jQuery']"
bristolclimatenature.org,Home - Bristol Climate & Nature Partnership,Bristol Climate & Nature Partnership,GBR,92,2053,2026-09-09T16:55:36.862714354Z,"['Alternate Protocol', 'Cloudflare', 'Cloudflare CDN', 'Content Delivery Network', 'DAV', 'EmbedPress', 'Google Analytics', 'Google Tag Manager', 'IcoMoon', 'Kinsta', 'Microdata for Google Shopping', 'PHP', 'Pagekit', 'Smush Image Optimization', 'Tailwind CSS', 'Theme In WP', 'UTF-8', 'University or College', 'WordPress', 'WordPress Multisite', 'YouTube']"
sprautun.is,"Bílasprautun, tjónaskoðun, sprautulökkun - Sprautun.is",Sprautun.is,ISL,77,101093,2026-09-09T16:55:36.859245788Z,"['Alternate Protocol', 'CCSI', 'EmbedPress', 'Exponent Theme', 'GZIP Module', 'Google', 'Google Cloud DNS', 'Google Font API', 'Google My Business', 'Idaq', 'Instagram Follow Button', 'K2F', 'Microdata for Google Shopping', 'Nginx', 'PHP', 'Pagekit', 'Parallels Plesk Panel', 'QUIC', 'SMC', 'Smush Image Optimization', 'Theme In WP', 'UTF-8', 'WP Rocket', 'WPForms', 'Woo Themes', 'WooCommerce Checkout', 'WordPress', 'WordPress Carousel', 'WordPress Multisite', 'WordPress Related Posts', 'jQuery']"
jonathanford.studio,Home - Jonathan Ford,Jonathan Ford,,65,33341,2026-09-09T16:55:36.851297074Z,"['AWS WAF Challenge', 'Alternate Protocol', 'Blocksy', 'Cloudflare', 'Cloudflare CDN', 'Content Delivery Network', 'EmbedPress', 'GoDaddy', 'Google', 'Google My Business', 'Instagram Follow Button', 'LiteSpeed', 'Microdata for Google Shopping', 'Newsletter for Wordpress', 'PHP', 'Pagekit', 'Simple Lightbox', 'Smush Image Optimization', 'Stackable Page Builder Gutenberg Blocks', 'Theme In WP', 'UTF-8', 'Wangsu', 'Woo Themes', 'WooCommerce', 'WooCommerce Checkout', 'WordPress', 'WordPress Multisite', 'jQuery']"
jjkohl.com,Home - JJ Kohl,JJ Kohl,,77,32369,2026-09-09T16:47:30.174944451Z,"['AWS WAF Challenge', 'Advanced Woo Search', 'Alternate Protocol', 'Amazon WAF Blocked', 'Angular', 'Anti-spam for WordPress', 'Automattic', 'CleanTalk Spam Protect', 'Cloudflare', 'Content Delivery Network', 'Divi', 'Elegant Themes', 'EmbedPress', 'Fireblade', 'Google Cloud DNS', 'Google Font API', 'Jetpack', 'Microdata for Google Shopping', 'PHP', 'Pagekit', 'Smush Image Optimization', 'Supreme Modules Lite', 'Tawk', 'Theme In WP', 'UTF-8', 'WP Engine', 'Woo Themes', 'WooCommerce', 'WooCommerce Checkout', 'WordPress', 'WordPress Multisite', 'WordPress Stats', 'jQuery']"
corecorner.online,Rotten Apple | Free Roam Zombie Shooter Down Town | Omescape,Omescape Down Town,USA,77,493,2026-09-09T16:46:26.150653473Z,"['Alternate Protocol', 'CDN JS', 'Cloudflare', 'Cloudflare CDN', 'Cloudflare Web Analytics', 'EmbedPress', 'FareHarbor', 'Google Analytics', 'Google Cloud DNS', 'Google Font API', 'Google Tag Manager', 'Gravity', 'Gravity Forms', 'Harbor', 'Instagram Follow Button', 'Microdata for Google Shopping', 'PHP', 'PWA', 'Pagekit', 'PixelYourSite', 'Simple Lightbox', 'Smush Image Optimization', 'Theme In WP', 'Twitter Ads', 'UTF-8', 'WordPress', 'WordPress Multisite', 'YouTube', 'jQuery']"
fountaincourt.uk,Fountain Court Chambers - Leading Commercial Set,Fountain Court,SGP,92,9124,2026-09-09T16:43:55.842115866Z,"['Alternate Protocol', 'ArvanCloud', 'Automattic', 'BatCache', 'Cloudflare', 'Cloudflare Bot Manager', 'Content Delivery Network', 'CookieYes', 'DoubleClick Bid Manager', 'EmbedPress', 'Fastly', 'Google', 'Google Analytics', 'Google Cloud DNS', 'Google Font API', 'Google My Business', 'Google Tag Manager', 'IcoMoon', 'Jetpack', 'Jetpack Site Accelerator', 'LiteSpeed', 'Microdata for Google Shopping', 'Microsoft Clarity', 'Nginx', 'PHP', 'Pagekit', 'Perl', 'Schema Plugin', 'Share Link', 'Smush Image Optimization', 'Tailwind CSS', 'Theme In WP', 'Twitter Ads', 'UTF-8', 'University or College', 'Vimeo', 'WordPress', 'WordPress Multisite', 'WordPress Stats', 'YouTube', 'jQuery', 'jsDelivr']"
elisecellucci.com,Elise Cellucci Food & Product Photographer | I create food photography and videography for brands and bloggers who seek gorgeous content for their business and social media.,Elise Cellucci LLC,,67,1856,2026-09-09T16:41:55.100602816Z,"['Alternate Protocol', 'Digital Ocean Spaces', 'ElementUI', 'Elementor', 'EmbedPress', 'Exclusive Addons for Elementor', 'Google Analytics', 'Google Cloud DNS', 'Google Font API', 'Google Tag Manager', 'Gutenberg Blocks by Kadence Blocks', 'Instagram Follow Button', 'Kadence WP', 'LiteSpeed', 'Microdata for Google Shopping', 'Microsoft Clarity', 'PHP', 'Pagekit', 'Premium Addons for Elementor', 'QUIC', 'Restored 316 Designs', 'Sitelinks Search Box', 'Smush Image Optimization', 'StatCounter', 'Theme In WP', 'Twitter Ads', 'UTF-8', 'WordPress', 'WordPress Multisite', 'jQuery']"
jicrane.com,Jackson Industrial Crane and Rigging | Crane Rentals and More,Jackson Industrial Crane and Rigging,PER,92,46459,2026-09-09T16:16:40.520464784Z,"['AWS WAF Challenge', 'Adult Content', 'Alternate Protocol', 'Amazon WAF Blocked', 'Cloudflare', 'Contact Form Plugin', 'Content Delivery Network', 'Contento', 'EmbedPress', 'Google', 'Google Analytics', 'Google Cloud CDN', 'Google Cloud DNS', 'Google Font API', 'Google My Business', 'Google Related Website Sites', 'Google Tag Manager', 'Gravity', 'Gravity Forms', 'IcoMoon', 'Microdata for Google Shopping', 'Muffin Group', 'PHP', 'Pagekit', 'QUIC', 'Slider Revolution', 'Smush Image Optimization', 'Theme In WP', 'UTF-8', 'WP Engine', 'Woo Themes', 'WordPress', 'WordPress Multisite', 'jQuery', 'reCAPTCHA']"
superstargypsum.com,Superstar Gypsum Pvt Ltd – Gypsum Contractor in Mumbai,,IND,70,3322,2026-09-09T15:40:03.924211351Z,"['Alternate Protocol', 'Content Delivery Network', 'DAV', 'Elementor', 'ElementsKit Elementor', 'EmbedPress', 'Google Analytics', 'Google Cloud DNS', 'Google Font API', 'Google Tag Manager', 'Header, Footer and Blocks for Elementor', 'IcoMoon', 'Instagram Follow Button', 'LiteSpeed', 'NFOrce Internet', 'Newsletter for Wordpress', 'OceanWP', 'PHP', 'Pagekit', 'QUIC', 'Smart Slider 3', 'Smush Image Optimization', 'Tailwind CSS', 'Theme In WP', 'UTF-8', 'WP Mobile Menu', 'WPForms', 'Woo Themes', 'WordPress', 'WordPress Multisite', 'eLand', 'jQuery']"
prisonersofrussia.org,Prisoners of Russia,Prisoners of Russia,EST,72,22481,2026-09-09T15:37:03.529389365Z,"['Alternate Protocol', 'Apache', 'Apture Linking Platform', 'Elementor', 'EmbedPress', 'Essential Addons for Elementor', 'Essential Blocks for Gutenberg', 'GZIP Module', 'Gambling Content', 'Google Cloud DNS', 'Google Font API', 'Header, Footer and Blocks for Elementor', 'Investor Relations', 'Lazy Load for WordPress', 'Microdata for Google Shopping', 'NFOrce Internet', 'On The Map', 'Pagekit', 'Polylang', 'Royal Elementor Addons', 'Smush Image Optimization', 'UTF-8', 'WordPress', 'WordPress Multisite', 'Yandex Hosting', 'YouTube', 'jQuery', 'jsDelivr']"
mckeonrealty.com,International CIPS TRC Geman English - McKeon Realty - United States,McKeon Realty,USA,70,1450,2026-09-09T15:34:22.377941367Z,"['Advanced iFrame', 'Alternate Protocol', 'Apache', 'Contact Form Plugin', 'EmbedPress', 'GZIP Module', 'Google Cloud DNS', 'Google Font API', 'Google Maps', 'Google My Business', 'Microdata for Google Shopping', 'PHP', 'Pagekit', 'Slider Revolution', 'Smush Image Optimization', 'The7', 'Theme In WP', 'UTF-8', 'Visual Composer Ultimate Addons', 'WPBakery', 'WordPress', 'WordPress Multisite', 'jQuery', 'reCAPTCHA']"
scooterbug.com,"Mobility, ECV Scooter, Stroller & Wheelchair Rental by ScooterBug",ScooterBug,USA,67,186173,2026-09-09T15:23:07.477730645Z,"['Alternate Protocol', 'Amazon WAF Blocked', 'BLR', 'Cloudflare', 'Contact Form 7', 'Contact Form Plugin', 'Content Delivery Network', 'DAV', 'EmbedPress', 'Ethy', 'Event Tickets for Wordpress', 'Font Awesome', 'FreeBSD', 'Google', 'Google Analytics', 'Google Cloud CDN', 'Google Cloud DNS', 'Google My Business', 'Google Tag Manager', 'Gravity', 'Gravity Forms', 'IcoMoon', 'Instagram Follow Button', 'KeyCDN', 'Microdata for Google Shopping', 'NFOrce Internet', 'PHP', 'Pagekit', 'Popup Anything', 'Popup Maker for Wordpress', 'Python', 'QUIC', 'Salesforce Hosted', 'Shopware', 'SiteW', 'Smush Image Optimization', 'Sucuri Cloudproxy', 'The Events Calendar', 'Theme In WP', 'ThemeFusion', 'Tumblr', 'Twitter Ads', 'UTF-8', 'University or College', 'Vector Internet Services', 'WP jQuery Lightbox', 'WhatsApp Sharing', 'Woo Themes', 'WordPress', 'WordPress Multisite', 'WordPress Related Posts', 'Yandex Hosting', 'Yelp Badge', 'jQuery Updater', 'reCAPTCHA', 'symfony PHP Framework']"
ftrecruiting.com,Recruiting Firm | Financial Technology Recruiting,Financial Technology Recruiting Ltd.,USA,82,18367,2026-09-09T15:21:00.958023016Z,"['Alternate Protocol', 'BunnyCDN Header', 'Content Delivery Network', 'Elementor', 'EmbedPress', 'GZIP Module', 'Google', 'Google Analytics', 'Google Cloud CDN', 'Google Cloud DNS', 'Google Font API', 'Google Tag Manager', 'Hello Elementor', 'JetElements', 'Microdata for Google Shopping', 'Pagekit', 'Recruiting.com', 'Smush Image Optimization', 'UTF-8', 'Vue.js', 'WordPress', 'WordPress Multisite', 'jQuery']"
savvy-electrical-solutions.co.uk,"Savvy Electrical Solutions | Electrician Wycombe, Marlow, Beaconsfield",,GBR,87,692,2026-09-09T15:21:00.947594583Z,"['Alternate Protocol', 'Apache', 'CDN JS', 'Cloudflare', 'Cloudflare CDN', 'EmbedPress', 'GZIP Module', 'Google Cloud DNS', 'Google Font API', 'IcoMoon', 'Instagram Follow Button', 'Microdata for Google Shopping', 'PHP', 'Pagekit', 'Smush Image Optimization', 'Theme In WP', 'UTF-8', 'W3 Total Cache', 'WordPress', 'WordPress Multisite']"
websigh.com,WEBSIGH - Branding | Marketing | Strategy | Creative Production,WEBSIGH,,67,83278,2026-09-09T14:54:48.18053199Z,"['AWS WAF Challenge', 'Alternate Protocol', 'Amazon WAF Blocked', 'Apture Linking Platform', 'Cloudflare', 'Cloudflare CDN', 'Complianz', 'Contact Form Plugin', 'Elementor', 'ElementsKit Elementor', 'EmbedPress', 'Express', 'Google', 'Google Analytics', 'Google My Business', 'Google Tag Manager', 'Header, Footer and Blocks for Elementor', 'Hello Elementor', 'Hotjar', 'Instagram Follow Button', 'Microdata for Google Shopping', 'Monster', 'MonsterInsights', 'NFOrce Internet', 'OptinMonster', 'PHP', 'Pagekit', 'Perl', 'Pico CSS', 'Python', 'Qi Addons For Elementor', 'SMC', 'Site Kit', 'Smush Image Optimization', 'Theme In WP', 'Twitter Ads', 'UTF-8', 'Vector Internet Services', 'WordPress', 'WordPress Multisite', 'eLand', 'jQuery']"
alshan.in,alshan.in – Shop the best hookah and accessory collection,,IND,65,3015,2026-09-09T14:50:49.367776059Z,"['Alternate Protocol', 'Astra Theme', 'Click to Chat for WhatsApp', 'Content Delivery Network', 'Customer Reviews for WooCommerce', 'Elementor', 'EmbedPress', 'Facebook Login', 'Facebook Messenger Platform', 'Facebook Pixel', 'Facebook Reseller', 'Google', 'Google Cloud CDN', 'Google Cloud DNS', 'Google Font API', 'Instagram Follow Button', 'LiteSpeed', 'PHP', 'Pagekit', 'Smush Image Optimization', 'Table Addons for Elementor', 'Theme In WP', 'UTF-8', 'Variation Swatches for WooCommerce', 'Woo Themes', 'WooCommerce', 'WooCommerce Checkout', 'WordPress', 'WordPress Multisite', 'WordPress Related Posts', 'YouTube', 'jQuery']"
northstarlabradoodles.com,"Labradoodle puppies in Oregon from NorthStar Labradoodles in Bend. ALAA-certified, guardian-home raised, health-tested, nationwide delivery. Reserve for $500.",NorthStar Labradoodles,USA,82,7201,2026-09-09T14:32:15.437315696Z,"['Alternate Protocol', 'Contact Form Plugin', 'Content Delivery Network', 'EmbedPress', 'Facebook Like', 'Facebook Login', 'Facebook Reseller', 'Google Analytics', 'Google Cloud DNS', 'Google Font API', 'Google Tag Manager', 'Instagram Follow Button', 'LiteSpeed', 'Microdata for Google Shopping', 'PHP', 'Pagekit', 'Prospective', 'SiteOrigin', 'SiteOrigin Panels', 'Smush Image Optimization', 'Theme In WP', 'Twitter Ads', 'UTF-8', 'WordPress', 'WordPress Multisite', 'YouTube', 'jQuery']"
honestaharvest.com,Home - Honesta Harvest,Honesta Harvest,USA,77,3673,2026-09-09T14:32:15.424036171Z,"['Alternate Protocol', 'Astra Theme', 'Automattic', 'Elementor', 'EmbedPress', 'Google', 'Google Analytics', 'Google Cloud DNS', 'Google Font API', 'Google Maps', 'Google Tag Manager', 'Instagram Follow Button', 'Jetpack', 'Microdata for Google Shopping', 'PHP', 'Pagekit', 'QUIC', 'Site Kit', 'Smush Image Optimization', 'The Plus Addons for Elementor', 'Theme In WP', 'UTF-8', 'Woo Themes', 'WooCommerce', 'WooCommerce Checkout', 'WooCommerce Payments', 'WooLentor', 'WordPress', 'WordPress Multisite', 'WordPress Related Posts', 'WordPress Stats', 'jQuery']"
elisaramon.com,Home - ELISA RAMON,ELISA RAMON,,65,24215,2026-09-09T13:44:53.433100938Z,"['AWS WAF Challenge', 'Alternate Protocol', 'Automattic', 'Cloudflare', 'Cloudflare CDN', 'Content Delivery Network', 'Element Pack Lite', 'ElementUI', 'Elementor', 'EmbedPress', 'Essential Addons for Elementor', 'Express', 'Facebook Conversion Tracking', 'Facebook Login', 'Facebook Messenger Platform', 'Facebook Pixel', 'Facebook Reseller', 'Facebook Tag API', 'Fastly', 'Font Awesome', 'Google', 'Google Cloud DNS', 'Google Font API', 'Google My Business', 'Gravity', 'Gravity Forms', 'HappyAddons', 'Instagram Feed for WordPress', 'Instagram Follow Button', 'Jetpack', 'LiteSpeed', 'Menu Icons by ThemeIsle', 'Microdata for Google Shopping', 'NFOrce Internet', 'OceanWP', 'PHP', 'Pagekit', 'Photo Gallery for WordPress', 'QUIC', 'Smush Image Optimization', 'Squarespace Online Appointment Scheduling', 'Table Addons for Elementor', 'Tailwind CSS', 'Theme In WP', 'To Top', 'UTF-8', 'University or College', 'WP Mobile Menu', 'WPForms', 'Woo Themes', 'WooCommerce', 'WooCommerce Checkout', 'WooCommerce Stripe Payment Gateway', 'WooLentor', 'WordPress', 'WordPress Multisite', 'WordPress Stats', 'YouTube', 'jQuery', 'myStickymenu']"
artdecoration.bg,Art Decoration | Art Decoration,,,65,2684,2026-09-09T13:38:02.171400137Z,"['Alternate Protocol', 'Apache', 'Contact Form Plugin', 'EmbedPress', 'GDPR Cookie Compliance', 'GZIP Module', 'Google', 'Google Cloud DNS', 'Google Font API', 'Instagram Follow Button', 'Microdata for Google Shopping', 'PHP', 'Pagekit', 'Smush Image Optimization', 'Theme In WP', 'Twenty Seventeen', 'UTF-8', 'W3 Total Cache', 'WordPress', 'WordPress Multisite', 'jQuery']"
philmfactory.org,Philm Factory – Where Visions Are Manufactured,,USA,70,61520,2026-09-09T13:20:41.337989357Z,"['AWS WAF Challenge', 'Alternate Protocol', 'Amazon', 'Amazon S3 CDN', 'Amazon Widgets', 'Cloudflare', 'Cloudflare CDN', 'Column Shortcodes', 'Coming Soon Page', 'Content Delivery Network', 'Contento', 'EmbedPress', 'GoDaddy', 'Google', 'Google Adsense', 'Google Analytics', 'Google Cloud DNS', 'Google Font API', 'Google Funding Choices', 'Google Matched Content', 'Google My Business', 'Google Reseller', 'Google Tag Manager', 'Kriesi.at', 'Line2', 'LiteSpeed', 'Pagekit', 'Popup Maker for Wordpress', 'QUIC', 'Site Kit', 'Smush Image Optimization', 'Storyblocks', 'Stripe', 'The Events Calendar', 'UTF-8', 'University or College', 'Wangsu', 'Website Tonight', 'Woo Themes', 'WooCommerce', 'WooCommerce Checkout', 'WordPress', 'WordPress Multisite', 'Zeffy', 'eLand', 'jQuery']"
edmontonanimalhospital.com,Edmonton Animal Hospital - Trusted Pet Care in the Heart of Edmonton.,Edmonton Animal Hospital,CAN,87,10582,2026-09-09T13:08:08.192663264Z,"['Adult Content', 'Alternate Protocol', 'Automattic', 'BatCache', 'Content Delivery Network', 'EmbedPress', 'Fastly', 'Font Awesome', 'Google Analytics', 'Google My Business', 'Google Tag Manager', 'Gutenberg', 'Instagram Follow Button', 'Jetpack', 'Jetpack Site Accelerator', 'Kitco', 'Microdata for Google Shopping', 'Nginx', 'Oracle Cloud', 'PHP', 'Pagekit', 'Perl', 'QUIC', 'Site Kit', 'Smush Image Optimization', 'Theme In WP', 'UTF-8', 'WordPress', 'WordPress Multisite', 'WordPress Stats', 'jQuery']"
g3multiservices.ca,G3 Multiservices - Terrassement et aménagement à Québec,G3 Multiservices,CAN,87,19734,2026-09-09T13:01:58.22670564Z,"['AWS WAF Challenge', 'Alternate Protocol', 'Cloudflare', 'Cloudflare CDN', 'CoBlocks', 'Contact Form Plugin', 'Content Delivery Network', 'Elementor', 'EmbedPress', 'Essential Addons for Elementor', 'GoDaddy', 'Google', 'Google Analytics', 'Google My Business', 'Google Tag Manager', 'LiteSpeed', 'Microdata for Google Shopping', 'NFOrce Internet', 'PHP', 'Pagekit', 'Smush Image Optimization', 'Theme In WP', 'UTF-8', 'WordPress', 'WordPress Multisite', 'jQuery']"
hit-pt.com,Personal Fitness Training Gym | Personal Training Studio HK,,CHN,82,570,2026-09-09T12:53:45.421560037Z,"['Alternate Protocol', 'Apache', 'CDN JS', 'Cloudflare', 'Cloudflare CDN', 'Divi', 'Elegant Themes', 'EmbedPress', 'GZIP Module', 'Google Analytics', 'Google Cloud DNS', 'Google Font API', 'Google Tag Manager', 'Instagram Feed for WordPress', 'Instagram Follow Button', 'Microdata for Google Shopping', 'PHP', 'Pagekit', 'Perl', 'Site Reviews for Wordpress', 'Smush Image Optimization', 'Theme In WP', 'UTF-8', 'WP Fastest Cache', 'Woo Themes', 'WordPress', 'WordPress Multisite', 'YouTube', 'jQuery']"
xn--12cf6cfld7aa0albf4a8h9bsk6aq97bia.com,ตะวันฉายคอนกรีตพิมพ์ลาย – รับทำพื้นคอนกรีตพิมพ์ลายครบวงจร ในจังหวัดเชียงใหม่ และพื้นที่ภาคเหนือ,,GBR,60,563,2026-09-09T12:31:42.596691974Z,"['Alternate Protocol', 'Apache', 'Apture Linking Platform', 'Astra Theme', 'DuracellTomi Google Tag Manager for WordPress', 'Elementor', 'ElementsKit Elementor', 'EmbedPress', 'GZIP Module', 'Google', 'Google Analytics', 'Google Cloud DNS', 'Google Font API', 'Google Maps', 'Google My Business', 'Google Tag Manager', 'Instagram Follow Button', 'NFOrce Internet', 'PHP', 'Pagekit', 'Smush Image Optimization', 'Sticky Header Effects for Elementor', 'Table Addons for Elementor', 'Theme In WP', 'UTF-8', 'Woo Themes', 'WordPress', 'WordPress Multisite', 'WordPress Related Posts', 'jQuery']"
karographics.com,Karographics.com - Pradžia - Karographics.com,,LTU,60,393,2026-09-09T12:28:33.857637973Z,"['Adult Content', 'Alternate Protocol', 'Apache', 'CDN JS', 'Cloudflare', 'Cloudflare CDN', 'Contact Form Plugin', 'EmbedPress', 'Font Awesome', 'GZIP Module', 'Google Analytics', 'Google Tag Manager', 'Instagram Follow Button', 'Microdata for Google Shopping', 'Pagekit', 'Polylang', 'Simple Lightbox', 'Smush Image Optimization', 'StackPath', 'UTF-8', 'WP Fastest Cache', 'WP Logo Showcase', 'WPBakery', 'WordPress', 'WordPress Multisite', 'jQuery']"
braselysacco.co.ke,Brasely Sacco – SOARING TOGETHER,,KEN,75,3118,2026-09-09T11:54:20.303783435Z,"['Alternate Protocol', 'Contact Form Plugin', 'Content Delivery Network', 'Download Monitor', 'Elementor', 'ElementsKit Elementor', 'EmbedPress', 'Essential Addons for Elementor', 'FreeCSSTemplates', 'Google', 'Google Cloud CDN', 'Google Cloud DNS', 'Google Font API', 'Google Maps', 'Google My Business', 'LiteSpeed', 'PHP', 'Pagekit', 'QUIC', 'Smush Image Optimization', 'TablePress', 'Theme In WP', 'UTF-8', 'WordPress', 'WordPress Download Manager', 'WordPress Multisite', 'ZAKRA', 'jQuery']"
ymcanorthtyneside.org,Home - YMCA,,CAN,70,76225,2026-09-09T11:54:20.284753052Z,"['AWS WAF Challenge', 'Alternate Protocol', 'CookieYes', 'EmbedPress', 'Google Analytics', 'Google Cloud DNS', 'Google Forms', 'Google Maps', 'Google My Business', 'Google Related Website Sites', 'Google Tag Manager', 'Gravity', 'Gravity Forms', 'Instagram Follow Button', 'LiteSpeed', 'Microdata for Google Shopping', 'OSS CDN', 'Oddle', 'PHP', 'Pagekit', 'RM Education', 'SMC', 'Smush Image Optimization', 'Tailwind CSS', 'Theme In WP', 'UTF-8', 'University or College', 'WordPress', 'WordPress Multisite', 'jQuery', 'reCAPTCHA', 'shadcn ui']"
iveryenterprises.com,Home - Ivery Enterprises Corporation,Ivery Enterprises Corporation,USA,85,37393,2026-09-09T11:54:20.279828882Z,"['AWS WAF Challenge', 'Alternate Protocol', 'Amazon', 'Cloudflare', 'Cloudflare CDN', 'CoBlocks', 'Content Delivery Network', 'Divi', 'Elegant Themes', 'EmbedPress', 'GoDaddy', 'Google', 'Google Analytics', 'Google Cloud CDN', 'Google Cloud DNS', 'Google Font API', 'Google My Business', 'Google Related Website Sites', 'Google Tag Manager', 'Google Workspace', 'IcoMoon', 'Investor Relations', 'Microdata for Google Shopping', 'Monarch Social Sharing Plugin For WordPress', 'PHP', 'Pagekit', 'Perl', 'QUIC', 'Say what', 'Share Link', 'Smush Image Optimization', 'Supreme Modules Lite', 'Theme In WP', 'Twitter Ads', 'UTF-8', 'Wangsu', 'Woo Themes', 'WooCommerce', 'WooCommerce Checkout', 'WooCommerce Payments', 'WordPress', 'WordPress Multisite', 'jQuery']"
bgcmanitowoccounty.org,Boys & Girls Club of Manitowoc County | Great Futures,,,72,18765,2026-09-09T11:02:07.139305968Z,"['AWS WAF Challenge', 'Alternate Protocol', 'Content Delivery Network', 'Donorbox', 'EmbedPress', 'Fastly', 'Formidable Pro Form', 'GZIP Module', 'Google Analytics', 'Google Cloud DNS', 'Google Font API', 'Google Tag Manager', 'Gtranslate for Wordpress', 'LayerSlider Responsive', 'Microdata for Google Shopping', 'Newsmag', 'Newspaper', 'Pagekit', 'Popup Maker for Wordpress', 'Smush Image Optimization', 'UTF-8', 'WPBakery', 'WordPress', 'WordPress Multisite', 'YouTube', 'jQuery', 'tagDiv Cloud Library']"
ignitehrllc.com,- Where cultures of winning and belonging are created.,igniteHR,,77,5483,2026-09-09T10:36:41.918278134Z,"['Alternate Protocol', 'Automattic', 'BatCache', 'EmbedPress', 'Fastly', 'Google Analytics', 'Google Tag Manager', 'Gutenberg', 'InitiativeS', 'Instagram Follow Button', 'Jetpack', 'Jetpack Site Accelerator', 'Microdata for Google Shopping', 'Nginx', 'Oracle Cloud', 'Pagekit', 'Perl', 'Smush Image Optimization', 'UTF-8', 'WordPress', 'WordPress Multisite', 'WordPress Stats']"
dotzerohairstudio.com,"DOT ZERO Hair Salon | Hair Color & Balayage Manila, Makati, QC",DOT ZERO HAIR STUDIO,PHL,87,28803,2026-09-09T10:34:15.010313178Z,"['Alternate Protocol', 'Automattic', 'BatCache', 'CoBlocks', 'Content Delivery Network', 'Contento', 'EmbedPress', 'Fastly', 'Google Analytics', 'Google Related Website Sites', 'Google Tag Manager', 'Instagram Follow Button', 'Jetpack', 'Jetpack Site Accelerator', 'Nginx', 'PHP', 'Pagekit', 'Perl', 'QUIC', 'Smush Image Optimization', 'Theme In WP', 'UTF-8', 'WordPress', 'WordPress Multisite', 'WordPress Stats', 'jQuery']"
leela.dance,Collective - Leela Dance Collective,Leela Dance Collective,CAN,60,4306,2026-09-09T10:01:57.777182883Z,"['Alternate Protocol', 'Apache', 'Bunny Fonts', 'Cisco/Arrowpoint Content Service Switch', 'Custom Facebook Feed', 'Custom Twitter Feeds', 'Divi', 'Elegant Themes', 'EmbedPress', 'Express', 'Font Awesome', 'GZIP Module', 'Google Analytics', 'Google Cloud DNS', 'Google Font API', 'Google My Business', 'Google Tag Manager', 'Gravity', 'Gravity Forms', 'Instagram Feed for WordPress', 'Instagram Follow Button', 'Kindful', 'Microdata for Google Shopping', 'MindBody', 'MonsterInsights', 'PHP', 'Pagekit', 'Sitelinks Search Box', 'Smush Image Optimization', 'Thank You', 'Theme In WP', 'Twitter Ads', 'UTF-8', 'W3 Total Cache', 'WPForms', 'WhatsApp Sharing', 'Woo Themes', 'WordPress', 'WordPress Multisite', 'WordPress PopUp', 'YouTube', 'jQuery']"
nyca.in,Best CA Firm | Financial Advisory & Tax Consultants in Jaipur,,IND,77,16037,2026-09-09T09:40:36.353974155Z,"['AWS WAF Challenge', 'Alternate Protocol', 'Bridge', 'Contact Form Plugin', 'Corporate Governance and Regulatory Compliance', 'Elementor', 'EmbedPress', 'Essential Addons for Elementor', 'Font Awesome', 'GZIP Module', 'Google Analytics', 'Google Cloud DNS', 'Google Font API', 'Google Maps', 'Google Tag Manager', 'Gtranslate for Wordpress', 'Instagram Follow Button', 'LayerSlider Responsive', 'LiteSpeed', 'MailChimp for WordPress', 'Microdata for Google Shopping', 'Nginx', 'PDF Embedder for Wordpress', 'PHP', 'Pagekit', 'QUIC', 'Sassy Social Share', 'Schema Plugin', 'Sitelinks Search Box', 'Smush Image Optimization', 'Table of Contents Plus', 'Theme In WP', 'Twitter Ads', 'UTF-8', 'WP Fastest Cache', 'WPBakery', 'WordPress', 'WordPress Multisite', 'eLand', 'jQuery']"
stoneriversolutionsllc.com,Stone River Solutions,,USA,65,2890,2026-09-09T09:40:36.334477519Z,"['Alternate Protocol', 'Content Delivery Network', 'Elementor', 'ElementsKit Elementor', 'EmbedPress', 'Google', 'Google Cloud CDN', 'Google Cloud DNS', 'Google Font API', 'Hello Elementor', 'LiteSpeed', 'PHP', 'Pagekit', 'Smush Image Optimization', 'Table Addons for Elementor', 'Theme In WP', 'UTF-8', 'Woo Themes', 'WordPress', 'WordPress Multisite', 'jQuery']"
martincookbook.com,Home - Martin Cook Book,,,62,204,2026-09-09T09:22:13.290090788Z,"['Alternate Protocol', 'Apache', 'EmbedPress', 'GZIP Module', 'Google Cloud DNS', 'Google Font API', 'Microdata for Google Shopping', 'PHP', 'Pagekit', 'Smush Image Optimization', 'Theme In WP', 'UTF-8', 'Woo Themes', 'WordPress', 'WordPress Multisite', 'jQuery']"
dj-mouz.com,DJ Mouz – DJ Mouz,,CHE,55,581,2026-09-09T09:14:55.375488283Z,"['Alternate Protocol', 'Apache', 'Contact Form Plugin', 'Elementor', 'EmbedPress', 'Essential Addons for Elementor', 'GZIP Module', 'Google Analytics', 'Google Cloud DNS', 'Google Font API', 'Google My Business', 'Google Tag Manager', 'Header, Footer and Blocks for Elementor', 'Hello Elementor', 'Instagram Follow Button', 'NFOrce Internet', 'PHP', 'Pagekit', 'Smush Image Optimization', 'Table Addons for Elementor', 'Theme In WP', 'TranslatePress', 'UTF-8', 'W3 Total Cache', 'WP Mobile Menu', 'WordPress', 'WordPress Multisite', 'jQuery', 'reCAPTCHA']"
lifemasteryjourneys.com,Clear Your Karma and Thrive with Intuitive Coaching & Healing,Life Mastery Secrets Revealed by the Mind Detective,,72,18005,2026-09-09T08:45:41.843573398Z,"['AWS WAF Challenge', 'Alternate Protocol', 'Apture Linking Platform', 'Astra Theme', 'Creative Mail by Constant Contact', 'Elementor', 'EmbedPress', 'Essential Addons for Elementor', 'GZIP Module', 'Google Analytics', 'Google My Business', 'Google Tag Manager', 'Header, Footer and Blocks for Elementor', 'Instagram Feed for WordPress', 'Instagram Follow Button', 'Jetpack', 'LiteSpeed', 'Microdata for Google Shopping', 'MonsterInsights', 'NFOrce Internet', 'PHP', 'Pagekit', 'PayPal', 'QUIC', 'Smush Image Optimization', 'Theme In WP', 'Twitter Ads', 'UTF-8', 'WP Rocket', 'WPFront Scroll Top', 'Woo Themes', 'WooCommerce Checkout', 'WooCommerce Payments', 'WordPress', 'WordPress Multisite', 'WordPress Related Posts', 'WordPress Stats', 'jQuery']"
craigdavies.com,Home - Craig Davies,,,60,378,2026-09-09T08:31:09.971585318Z,"['AWS WAF Challenge', 'Alternate Protocol', 'Automattic', 'Contact Form Plugin', 'Content Delivery Network', 'DAV', 'Divi', 'Elegant Themes', 'EmbedPress', 'Google Analytics', 'Google Tag Manager', 'Instagram Follow Button', 'Jetpack', 'Jetpack Site Accelerator', 'Microdata for Google Shopping', 'Nginx', 'PHP', 'Pagekit', 'QUIC', 'Smush Image Optimization', 'Theme In WP', 'Twitter Ads', 'UTF-8', 'Woo Themes', 'WordPress', 'WordPress Multisite', 'WordPress Stats', 'eLand', 'jQuery']"
capacitybookkeeping.com,"Expert Bookkeeping Services | Orange County, NY Bookkeepers","Capacity Bookkeeping | Orange County, NY",USA,77,22445,2026-09-09T08:20:51.296673915Z,"['AWS WAF Challenge', 'Akismet', 'Alternate Protocol', 'Bing Cashback', 'Bing Conversion Tracking', 'EmbedPress', 'Facebook Conversion Tracking', 'Facebook Login', 'Facebook Messenger Platform', 'Facebook Pixel', 'Facebook Reseller', 'Facebook Tag API', 'GZIP Module', 'Google Analytics', 'Google My Business', 'Google Related Website Sites', 'Google Tag Manager', 'Gravity', 'Gravity Forms', 'Microdata for Google Shopping', 'Microsoft 365', 'Nginx', 'PHP', 'Pagekit', 'Slider Revolution', 'Smush Image Optimization', 'Thank You', 'ThemeFusion', 'UTF-8', 'WordPress', 'WordPress Multisite', 'Yellow Book', 'eLand', 'jQuery', 'reCAPTCHA']"
homecreations-inc.com,ADU Construction Services in Los Angeles| Home Creations,Home Creations,USA,92,23759,2026-09-09T08:20:51.290225138Z,"['Alternate Protocol', 'Cloudflare', 'Content Delivery Network', 'Elementor', 'EmbedPress', 'Essential Addons for Elementor', 'Google', 'Google Analytics', 'Google Cloud CDN', 'Google Cloud DNS', 'Google Font API', 'Google Related Website Sites', 'Google Tag Manager', 'Gravity', 'Gravity Forms', 'Instagram Follow Button', 'KVH', 'MailChimp for WordPress', 'Microdata for Google Shopping', 'Pagekit', 'Site Kit', 'Smush Image Optimization', 'Twenty Twenty-Three', 'UTF-8', 'WordPress', 'WordPress Multisite', 'YouTube', 'jQuery']"
leap.com.pk,LEAP – Shaping a Sustainable Future Through Education,,PAK,82,33082,2026-09-09T08:08:32.830212165Z,"['Alternate Protocol', 'Apache', 'CDN JS', 'Cloudflare', 'Cloudflare CDN', 'Contact Form Plugin', 'Drag and Drop Multiple File Upload', 'EmbedPress', 'GZIP Module', 'Google', 'Google Cloud DNS', 'Google Font API', 'IcoMoon', 'PHP', 'Pagekit', 'Post Views Counter', 'Sassy Social Share', 'Smush Image Optimization', 'Tailwind CSS', 'The Fresh', 'Theme In WP', 'UTF-8', 'University or College', 'WP Super Cache', 'WordPress', 'WordPress Multisite', 'jQuery']"
jaysteelcorporation.co.in,"Stainless Steel, Nickel Alloy & Titanium Exporter in Mumbai, India",Jay Steel Corporation,IND,92,2864,2026-09-09T08:00:29.323904035Z,"['3 Products', 'Alternate Protocol', 'Ametys', 'Apture Linking Platform', 'Contact Form Plugin', 'EmbedPress', 'Essential Grid', 'Express', 'Fontello', 'GZIP Module', 'Google Analytics', 'Google Cloud DNS', 'Google Font API', 'Google Tag Manager', 'LiteSpeed', 'Microdata for Google Shopping', 'PHP', 'Pagekit', 'QUIC', 'Slider Revolution', 'Smush Image Optimization', 'Tailwind CSS', 'Theme In WP', 'UTF-8', 'WPBakery', 'WhatsApp Sharing', 'WordPress', 'WordPress Multisite', 'Yandex Hosting', 'eLand', 'jQuery']"
veronicarawlinson.com,Veronica Rawlinson,Veronica Rawlinson,,77,17363,2026-09-09T07:52:11.503154072Z,"['Alternate Protocol', 'Amazon Widgets', 'Cloudflare', 'Content Delivery Network', 'Elementor', 'EmbedPress', 'GoDaddy', 'Hello Elementor', 'Microdata for Google Shopping', 'NFOrce Internet', 'PHP', 'Pagekit', 'Smush Image Optimization', 'Table Addons for Elementor', 'Theme In WP', 'UTF-8', 'Wangsu', 'Woo Themes', 'WooCommerce', 'WooCommerce Checkout', 'WordPress', 'WordPress Multisite', 'jQuery']"
tnhydration.com,"IV Therapy in Mt. Juliet, TN | TN Hydration & Wellness","TN Hydration &amp; Wellness, LLC",USA,77,2281,2026-09-09T07:52:11.483307561Z,"['Accordion Blocks', 'Alternate Protocol', 'Content Delivery Network', 'EmbedPress', 'Google Analytics', 'Google Cloud DNS', 'Google Font API', 'Google My Business', 'Google Tag Manager', 'Gutenberg Blocks by Kadence Blocks', 'Instagram Follow Button', 'Kadence WP', 'Microdata for Google Shopping', 'Nginx', 'PHP', 'Pagekit', 'Perl', 'QUIC', 'SiteGround Optimizer', 'Smush Image Optimization', 'Theme In WP', 'TrustIndex', 'UTF-8', 'WordPress', 'WordPress Multisite', 'reCAPTCHA']"
contentointeractivegroup.com,Websites that Boost Your Business - Contento Interactive,Contento Interactive Group,USA,82,25528,2026-09-09T07:43:39.764288657Z,"['Alternate Protocol', 'Bulma', 'Cloudflare', 'Cloudflare CDN', 'Content Delivery Network', 'Contento', 'EmbedPress', 'Express', 'Formidable Pro Form', 'Google Analytics', 'Google Cloud DNS', 'Google Font API', 'Google My Business', 'Google Tag Manager', 'Microdata for Google Shopping', 'PHP', 'Pagekit', 'Perl', 'Post Grid', 'Smush Image Optimization', 'Tailwind CSS', 'Theme In WP', 'UTF-8', 'Ultimate Addons for Gutenberg', 'WP Bootstrap Starter', 'Woo Themes', 'WordPress', 'WordPress Multisite', 'jQuery']"
hectorslandscapingok.com,Hector’s Landscaping LLC – Welcome,,USA,65,7053,2026-09-09T07:43:39.756572459Z,"['Alternate Protocol', 'Apache', 'DC74', 'Elementor', 'ElementsKit Elementor', 'EmbedPress', 'GZIP Module', 'Hello Elementor', 'NFOrce Internet', 'PHP', 'Pagekit', 'Smush Image Optimization', 'Theme In WP', 'TranslatePress', 'UTF-8', 'WordPress', 'WordPress Multisite', 'jQuery']"
borntotraveldiaries.com,Born To Travel - diaries,,SGP,77,19064,2026-09-09T07:37:55.861444499Z,"['AWS WAF Challenge', 'Alternate Protocol', 'Apture Linking Platform', 'Bunny Fonts', 'CDN JS', 'Cloudflare', 'Cloudflare CDN', 'Content Delivery Network', 'ElementUI', 'EmbedPress', 'Express', 'GZIP Module', 'GetYourGuide', 'Google', 'Google Adsense', 'Google Analytics', 'Google Funding Choices', 'Google Matched Content', 'Google My Business', 'Google Reseller', 'Google Tag Manager', 'Instagram Follow Button', 'Microdata for Google Shopping', 'NFOrce Internet', 'Nginx', 'Pagekit', 'PayPal', 'Pinterest for Wordpress', 'SiteGround Optimizer', 'Smush Image Optimization', 'UTF-8', 'Woo Themes', 'WooCommerce', 'WooCommerce Checkout', 'WordPress', 'WordPress Multisite', 'YouTube', 'eLand', 'jQuery']"
hollandhydro.com,Home | Holland Hydroponics,Holland Hydroponics,NLD,70,3879,2026-09-09T07:37:55.844370842Z,"['Alternate Protocol', 'Content Delivery Network', 'Divi', 'Elegant Themes', 'EmbedPress', 'Font Awesome', 'Google', 'Google Cloud DNS', 'Google Font API', 'Google Related Website Sites', 'Gravity Forms', 'Microdata for Google Shopping', 'Nginx', 'PHP', 'Pagekit', 'Perl', 'Smush Image Optimization', 'Theme In WP', 'UTF-8', 'WP Rocket', 'Woo Themes', 'WordPress', 'WordPress Multisite', 'eLand', 'jQuery']"
resetiasi.ro,Reset IASI,,BEL,87,17091,2026-09-09T07:30:30.490908415Z,"['Alternate Protocol', 'Cloudflare', 'CoBlocks', 'Colibri', 'Colibri Page Builder', 'Content Delivery Network', 'Elementor', 'EmbedPress', 'Font Awesome', 'GoDaddy', 'Google Cloud DNS', 'Google Font API', 'IcoMoon', 'Icons8', 'MailChimp', 'Microdata for Google Shopping', 'PHP', 'Pagekit', 'Parcel', 'Perl', 'Pleroma', 'Smush Image Optimization', 'Twitter Ads', 'UTF-8', 'Wangsu', 'Woo Themes', 'WordPress', 'WordPress Multisite', 'YouTube', 'jQuery', 'shadcn ui']"
