domain,title,business_name,country,seo_score,tech_spend,crawled_at,technologies
tnoutdoorsportsman.com,Reel In Excitement With The Best Kentucky Lake Fishing Guide,Tennessee Fishing Excursions,USA,82,50322,2026-09-13T14:43:50.69834535Z,"['AWS WAF Challenge', 'Amazon', 'Amazon API Gateway', 'Amazon CloudFront', 'Amazon Route 53', 'Apture Linking Platform', 'CloudFront', 'Content Delivery Network', 'DoubleClick Bid Manager', 'Fastly', 'Fireblade', 'GZIP Module', 'Google Cloud DNS', 'Google Maps', 'Heap', 'Hubspot', 'Instagram Follow Button', 'Line2', 'Microdata for Google Shopping', 'Next.js', 'Pleroma', 'QUIC', 'Stripe', 'Tailwind CSS', 'UTF-8', 'Vimeo', 'YouTube']"
crossskills.in,Cross Skills,Cross Skills,,55,402,2026-09-13T14:36:10.595659539Z,"['AWS WAF Challenge', 'Alternate Protocol', 'Automattic', 'Cloudflare', 'Cloudflare CDN', 'Contact Form Plugin', 'Content Delivery Network', 'EmbedPress', 'Event Tickets for Wordpress', 'Express', 'Facebook Conversion Tracking', 'Facebook Login', 'Facebook Messenger Platform', 'Facebook Pixel', 'Facebook Reseller', 'Facebook Tag API', 'FreeCSSTemplates', 'Getwid Gutenberg Blocks', 'Google', 'Google Analytics', 'Google Cloud DNS', 'Google Font API', 'Google Forms', 'Google My Business', 'Google Related Website Sites', 'Google Tag Manager', 'HubSpot WordPress Plugin', 'Instagram Follow Button', 'Jetpack', 'LiteSpeed', 'Microdata for Google Shopping', 'PHP', 'Popup Maker for Wordpress', 'TablePress', 'Theme In WP', 'Twitter Ads', 'UTF-8', 'University or College', 'WPForms', 'Woo Themes', 'WordPress', 'WordPress Multisite', 'WordPress Stats', 'YouTube', 'jQuery']"
anchorandtrust.com,Anchor & Trust Insurance Group,,USA,75,30781,2026-09-13T14:36:10.556575349Z,"['Alternate Protocol', 'Apture Linking Platform', 'Automattic', 'Cloudflare', 'Elementor', 'EmbedPress', 'Fireblade', 'GZIP Module', 'Google', 'Google Analytics', 'Google Cloud DNS', 'Google Font API', 'Google Related Website Sites', 'Google Tag Manager', 'HubSpot WordPress Plugin', 'Instagram Follow Button', 'Jetpack', 'Max Mega Menu', 'Max Mega Menu Pro', 'Microdata for Google Shopping', 'NFOrce Internet', 'Nginx', 'PHP', 'Qi Addons For Elementor', 'Telegram', 'Theme In WP', 'UTF-8', 'WP Rocket', 'WPForms', 'Woo Themes', 'WordPress', 'WordPress Multisite', 'WordPress Related Posts', 'WordPress Stats', 'jQuery']"
astanzalaser.com,Aesthetic Laser Tattoo Equipment & Laser Hair Removal Solutions,Astanza Laser,USA,82,52200,2026-09-13T14:25:46.172837297Z,"['3 Products', 'AWS WAF Challenge', 'Alternate Protocol', 'Apture Linking Platform', 'Breezy HR', 'ClickCease', 'Cloudflare', 'Content Delivery Network', 'DAV', 'Elementor', 'ElementsKit Elementor', 'EmbedPress', 'Facebook Conversion Tracking', 'Facebook Login', 'Facebook Messenger Platform', 'Facebook Pixel', 'Facebook Reseller', 'Facebook Tag API', 'Fireblade', 'Genesis Blocks', 'Google', 'Google Analytics', 'Google Cloud CDN', 'Google Tag Manager', 'Gravity', 'Gravity Forms', 'HappyAddons', 'Hello Elementor', 'HubSpot Conversations', 'Hubspot', 'Instagram Follow Button', 'JetElements', 'Microdata for Google Shopping', 'Microsoft Clarity', 'NFOrce Internet', 'NitroPack', 'Table Addons for Elementor', 'Tailwind CSS', 'To Top', 'TrustIndex', 'UTF-8', 'Underscores', 'University or College', 'WP Engine', 'WordPress', 'WordPress Multisite', 'YouTube']"
mhi.or.tz,Mahdi Health Initiative,,TZA,65,14936,2026-09-13T14:25:46.146703717Z,"['Alternate Protocol', 'Apache', 'Contact Form Plugin', 'EmbedPress', 'Fonts Plugin', 'GZIP Module', 'Google Analytics', 'Google Cloud DNS', 'Google Font API', 'Google Tag Manager', 'HubSpot WordPress Plugin', 'Instagram Follow Button', 'PHP', 'Porto Wordpress', 'Slider Revolution', 'Tailwind CSS', 'Theme In WP', 'UTF-8', 'Vector Internet Services', 'WPBakery', 'Woo Themes', 'WooCommerce', 'WooCommerce Checkout', 'WordPress', 'WordPress Multisite', 'jQuery']"
mikesshedsstore.com,"Storage Sheds for Sale N. Clarendon, VT | Mikes Shed Store",,,62,25612,2026-09-13T14:12:34.491432127Z,"['1Password', 'Amazon S3 CDN', 'Cloudflare', 'Cloudflare CDN', 'Cloudflare Web Analytics', 'Fancybox for WordPress', 'Fireblade', 'HubSpot Conversations', 'Hubspot', 'Instagram Follow Button', 'Storyblocks', 'UTF-8', 'jsDelivr']"
ds3rxsupply.com,New Accounts | DS3 Rx,,USA,67,9889,2026-09-13T14:12:34.487607124Z,"['Alternate Protocol', 'Cloudflare', 'Content Delivery Network', 'EmbedPress', 'Font Awesome', 'Google Analytics', 'Google Tag Manager', 'HubSpot WordPress Plugin', 'Microdata for Google Shopping', 'PHP', 'Site Kit', 'ThemeFusion', 'UTF-8', 'WP Rocket', 'WordPress', 'WordPress Multisite', 'jQuery']"
teamq3adv.com,Roth IRA Conversion Planning | Q3 Advisors,,IMN,87,39198,2026-09-13T14:12:34.47451704Z,"['AWS WAF Challenge', 'Alternate Protocol', 'Amazon WAF Blocked', 'Apture Linking Platform', 'Cloudflare', 'Content Delivery Network', 'EmbedPress', 'Google', 'Google Analytics', 'Google Cloud DNS', 'Google Font API', 'Google Tag Manager', 'HubSpot WordPress Plugin', 'Hubspot', 'Investor Relations', 'Lazy Load for WordPress', 'Microdata for Google Shopping', 'Microsoft Clarity', 'PHP', 'Perl', 'QUIC', 'Sentry', 'Sitelinks Search Box', 'UTF-8', 'WP Engine', 'WP Rocket', 'Wistia', 'WordPress', 'WordPress Multisite', 'YouTube']"
celloreferrals.com,Cello | User-led growth platform for SaaS,Cello,SMR,82,38386,2026-09-13T14:04:43.845030813Z,"['Alternate Protocol', 'Apache', 'Coming Soon Page', 'Contact Form Plugin', 'CookieYes', 'EmbedPress', 'Fireblade', 'GZIP Module', 'Google Analytics', 'Google Related Website Sites', 'Google Tag Manager', 'HubSpot WordPress Plugin', 'IcoMoon', 'Microdata for Google Shopping', 'PHP', 'PartnerStack', 'Plausible Analytics', 'QUIC', 'Theme In WP', 'Twitter Ads', 'UTF-8', 'Ultimate Blocks', 'WP Super Cache', 'WordPress', 'WordPress Multisite', 'eLand']"
megr.com,Mainstay Engineering Group | Civil Engineering & Structural Engineering Solutions across all 50 States,"Mainstay Engineering Group, Inc.",,77,121899,2026-09-13T13:50:29.70262895Z,"['AWS WAF Challenge', 'Alibaba Cloud CDN', 'Alternate Protocol', 'Amazon WAF Blocked', 'Apture Linking Platform', 'Content Delivery Network', 'Cornerstone', 'DC74', 'Express', 'Fastly', 'Fastly CDN', 'GZIP Module', 'Google Analytics', 'Google Related Website Sites', 'Google Tag Manager', 'HubSpot Conversations', 'Hubspot', 'Instagram Follow Button', 'Microdata for Google Shopping', 'NFOrce Internet', 'Ntent', 'POWr', 'PWA', 'Perl', 'QUIC', 'SMC', 'Seflow Italy', 'Sentry', 'SiteW', 'UTF-8', 'University or College', 'UpContent', 'Vector Internet Services', 'Wix', 'Wix Media', 'WordPress Related Posts', 'accessiBe', 'mlcom']"
mimstech.com,Engineering Re-imagined | MIMS Tech,,SGP,67,13200,2026-09-13T13:50:29.694510912Z,"['Cloudflare', 'Content Delivery Network', 'Fastly', 'Google Analytics', 'Google Tag Manager', 'Hubspot Knowledge Base', 'UTF-8']"
tangaroablue.org,Tangaroa Blue - Tangaroa Blue Foundation,Tangaroa Blue,AUS,92,53444,2026-09-13T13:39:36.096753621Z,"['AWS WAF Challenge', 'Agoda', 'Alternate Protocol', 'Astra Theme', 'Cloudflare', 'Content Delivery Network', 'Elegant Themes', 'Elementor', 'EmbedPress', 'Fireblade', 'GiveWP', 'Google Analytics', 'Google My Business', 'Google Tag Manager', 'HubSpot Conversations', 'HubSpot WordPress Plugin', 'Hubspot', 'Instagram Feed for WordPress', 'Instagram Follow Button', 'Lazy Load for WordPress', 'LiteSpeed', 'MailChimp for WordPress', 'Microdata for Google Shopping', 'NFOrce Internet', 'PHP', 'QUIC', 'Stripe', 'Table Addons for Elementor', 'Theme In WP', 'Twitter Ads', 'UTF-8', 'WP Statistics', 'Woo Themes', 'WooCommerce', 'WooCommerce Checkout', 'WordPress', 'WordPress Multisite', 'WordPress Related Posts', 'YouTube', 'jQuery', 'reCAPTCHA']"
elitewineandwhisky.com,EW&W | Elite Wine & Whisky,Elite Wine & Whisky,GBR,77,32198,2026-09-13T13:39:36.093084838Z,"['Active Campaign', 'AdRoll', 'Adobe Creative Cloud WebFonts', 'Alternate Protocol', 'Amazon WAF Blocked', 'Bing Cashback', 'Bing Conversion Tracking', 'Elementor', 'EmbedPress', 'Font Awesome', 'GZIP Module', 'Google Analytics', 'Google Related Website Sites', 'Google Tag Manager', 'Hello Elementor', 'HubSpot Conversations', 'HubSpot WordPress Plugin', 'Hubspot', 'Instagram Follow Button', 'Microdata for Google Shopping', 'NFOrce Internet', 'Nginx', 'PHP', 'Parallels Plesk Panel', 'Pico CSS', 'Thank You', 'Trustpilot Reviews for WordPress', 'Twitter Ads', 'UTF-8', 'User Registration for Wordpress', 'Vector Internet Services', 'Woo Themes', 'WooCommerce', 'WooCommerce Checkout', 'WordPress', 'WordPress Multisite', 'jQuery']"
arylineholding.com,Aryline Holding – Agence conseil en immigration sise en Abidjan,,CIV,65,12069,2026-09-13T13:39:36.090997204Z,"['Alternate Protocol', 'Content Delivery Network', 'Elementor', 'ElementsKit Elementor', 'EmbedPress', 'Essential Addons for Elementor', 'Google Analytics', 'Google Tag Manager', 'Hello Elementor', 'HubSpot WordPress Plugin', 'IcoMoon', 'Jeg Elementor Kit', 'Metform Elemento', 'NFOrce Internet', 'PHP', 'Table Addons for Elementor', 'Theme In WP', 'UTF-8', 'WordPress', 'WordPress Multisite', 'jQuery']"
woopsamarketplace.com,Woopsa – Powered by Jamison,,,60,758,2026-09-13T13:30:34.713689618Z,"['Alternate Protocol', 'CDN JS', 'Cloudflare', 'Cloudflare CDN', 'Contact Form Plugin', 'Elementor', 'EmbedPress', 'Font Awesome', 'GZIP Module', 'Google Cloud DNS', 'Google Font API', 'HubSpot Conversations', 'HubSpot WordPress Plugin', 'Hubspot', 'IcoMoon', 'NFOrce Internet', 'Neve', 'Nginx', 'PHP', 'Popup Builder', 'QUIC', 'Theme In WP', 'UTF-8', 'Ultimate Blocks', 'WordPress', 'WordPress Multisite', 'jQuery']"
propertiesever.com,"Real Estate Agent in Chennai, Properties Ever",,IND,82,28975,2026-09-13T13:30:34.69257382Z,"['AWS WAF Challenge', 'Alternate Protocol', 'Apture Linking Platform', 'Cloudflare', 'Cloudflare CDN', 'Content Delivery Network', 'Elementor', 'EmbedPress', 'Google', 'Google Cloud CDN', 'Google Cloud DNS', 'Google Font API', 'Google My Business', 'Houzez', 'HubSpot WordPress Plugin', 'Investor Relations', 'LiteSpeed', 'Microdata for Google Shopping', 'NFOrce Internet', 'PHP', 'QUIC', 'Slider Revolution', 'Tailwind CSS', 'Thank You', 'Theme In WP', 'UTF-8', 'Woo Themes', 'WordPress', 'WordPress Multisite', 'jQuery']"
getblueivy.com,Shaping Amazing Workplaces,,,60,339,2026-09-13T12:59:13.640910452Z,"['Apache', 'Bulma', 'Corporate Governance and Regulatory Compliance', 'Font Awesome', 'GZIP Module', 'Google Analytics', 'Google Tag Manager', 'HubSpot Conversations', 'Hubspot', 'PHP', 'StackPath', 'Tailwind CSS', 'UTF-8', 'jsDelivr']"
globaltalentpr.co,Home - Global Talent PR,Global Talent PR,USA,85,38231,2026-09-13T12:59:13.59447796Z,"['Alternate Protocol', 'Cloudflare', 'Content Delivery Network', 'Elementor', 'EmbedPress', 'GoDaddy', 'Google Analytics', 'Google My Business', 'Google Tag Manager', 'Hello Elementor', 'HubSpot Conversations', 'HubSpot WordPress Plugin', 'Hubspot', 'JetElements', 'Microdata for Google Shopping', 'NFOrce Internet', 'PHP', 'QUIC', 'Site Kit', 'Table Addons for Elementor', 'Theme In WP', 'UTF-8', 'Wangsu', 'WordPress', 'WordPress Multisite', 'jQuery', 'reCAPTCHA']"
drmamajidadil.com,Dr M.A Majid adil – Diagnosis and Treatment of Urological Conditions –,,IND,80,27957,2026-09-13T12:45:57.56136395Z,"['Alternate Protocol', 'Bulma', 'Content Delivery Network', 'Elementor', 'Fastly', 'Fireblade', 'Font Awesome', 'GZIP Module', 'GitHub Hosting', 'Google Cloud DNS', 'Google Font API', 'Google My Business', 'HubSpot Conversations', 'Hubspot', 'PHP', 'UTF-8', 'WhatsApp Sharing', 'Woo Themes', 'WordPress', 'WordPress Multisite']"
twi-erypr.com,Elevate Your Delivery Game - A.I.Q,,,60,5166,2026-09-13T12:45:57.559662015Z,"['Alpine IQ', 'Amazon', 'Bulma', 'CDN JS', 'Cloudflare', 'Cloudflare CDN', 'Font Awesome', 'GZIP Module', 'Google', 'Google Analytics', 'Google Cloud CDN', 'Google Cloud DNS', 'Google My Business', 'Google Tag Manager', 'Hubspot', 'IcoMoon', 'Intercom', 'Ntent', 'Storyblocks', 'Tailwind CSS', 'UTF-8', 'Vimeo', 'YouTube', 'Zendesk Embeddables', 'jQuery', 'jsDelivr', 'reCAPTCHA']"
salonxcel.com,"Salon Xcel, Ogmante Reveni Salon De Beaute Ou Wa",,USA,72,26157,2026-09-13T12:45:57.554643404Z,"['AWS WAF Challenge', 'AdRoll', 'Aruba', 'CDN JS', 'Cloudflare', 'Cloudflare CDN', 'Cloudflare Web Analytics', 'Content Delivery Network', 'Facebook Login', 'Facebook Messenger Platform', 'Facebook Reseller', 'Font Awesome', 'Google Analytics', 'Google Cloud DNS', 'Google Font API', 'Google Tag Manager', 'HubSpot Conversations', 'Hubspot', 'No-Q', 'Pixabay', 'QUIC', 'Subscribers', 'Thank You', 'UTF-8', 'eLand']"
maxptt.com,Home - MaxPTT - Professional radio communication solutions,Max PTT,,60,606,2026-09-13T12:35:36.390143772Z,"['Alternate Protocol', 'Apache', 'Complianz', 'Contact Form Plugin', 'EmbedPress', 'Facebook Conversion Tracking', 'Facebook Login', 'Facebook Messenger Platform', 'Facebook Pixel', 'Facebook Reseller', 'Facebook Tag API', 'GTranslate', 'Google', 'Google Analytics', 'Google Cloud CDN', 'Google Cloud DNS', 'Google Font API', 'Google My Business', 'Google Tag Manager', 'HubSpot WordPress Plugin', 'IcoMoon', 'Microdata for Google Shopping', 'Microsoft Clarity', 'PHP', 'Porto Wordpress', 'QUIC', 'Slider Revolution', 'Theme In WP', 'UTF-8', 'WPBakery', 'WPML Multilingual', 'Woo Themes', 'WooCommerce', 'WooCommerce Checkout', 'WordPress', 'WordPress Multisite', 'YITH WooCommerce Compare', 'eLand', 'jQuery', 'mod_pagespeed', 'reCAPTCHA']"
motorcitysupplies.com,Restaurant & Janitorial Supplies Near You | Motor City Supplies,Motor City Supplies,USA,87,16191,2026-09-13T12:25:24.090525926Z,"['Apture Linking Platform', 'CDN JS', 'Cloudflare', 'Cloudflare CDN', 'Doofinder', 'Font Awesome', 'Google Analytics', 'Google Related Website Sites', 'Google Tag Manager', 'HubSpot Conversations', 'Hubspot', 'IcoMoon', 'Microdata for Google Shopping', 'QUIC', 'Shopify', 'Shopify Collabs', 'UTF-8', 'hCaptcha', 'jsDelivr', 'reCAPTCHA']"
eduframe.org,Eduframe - the Continuing Education SIS & Registration Platform,Drieam B.V.,CAN,92,179006,2026-09-13T12:25:24.090923925Z,"['AWS WAF Challenge', 'Alternate Protocol', 'Amazon WAF Blocked', 'Apture Linking Platform', 'Authorize.net', 'EmbedPress', 'Font Awesome', 'GZIP Module', 'Google', 'Google Analytics', 'Google Cloud CDN', 'Google Cloud DNS', 'Google Font API', 'Google Related Website Sites', 'Google Tag Manager', 'HubSpot WordPress Plugin', 'InitiativeS', 'Lazy Load for WordPress', 'Microdata for Google Shopping', 'Nginx', 'PHP', 'Parallels Plesk Panel', 'QUIC', 'Salesforce Hosted', 'Site Kit', 'SiteW', 'Slider Revolution', 'The Events Calendar', 'ThemeFusion', 'UTF-8', 'University or College', 'WP Rocket', 'WPML Multilingual', 'WordPress', 'WordPress Multisite', 'YouTube', 'eLand']"
vital-nutrients-symposium.com,Vital Nutrients Symposium,,DEU,80,14600,2026-09-13T12:25:24.025294485Z,"['CDN JS', 'Cloudflare', 'Cloudflare CDN', 'Content Delivery Network', 'Fastly', 'Hubspot Knowledge Base', 'Perl', 'UTF-8', 'University or College', 'Weezevent', 'YouTube', 'jsDelivr']"
wgc.net.in,Home - WGC - Uncomplicate Your Business !,WGC - Uncomplicate Your Business !,,60,5698,2026-09-13T12:12:41.376999254Z,"['Alternate Protocol', 'Apache', 'Contact Form Plugin', 'Elementor', 'EmbedPress', 'Endis', 'Everest Forms', 'Express', 'Flash', 'GZIP Module', 'Google', 'Google My Business', 'Google Related Website Sites', 'HubSpot WordPress Plugin', 'Microdata for Google Shopping', 'NFOrce Internet', 'PHP', 'Popup Maker for Wordpress', 'QUIC', 'Table Addons for Elementor', 'Theme In WP', 'UTF-8', 'Woo Themes', 'WordPress', 'WordPress Multisite', 'WordPress Related Posts', 'jQuery', 'reCAPTCHA']"
americanguest.com,American Guest DMC,,USA,62,18620,2026-09-13T12:12:41.354035347Z,"['AddThis for Wordpress', 'Alternate Protocol', 'Amazon S3 CDN', 'Cisco/Arrowpoint Content Service Switch', 'Content Delivery Network', 'Facebook Login', 'Facebook Messenger Platform', 'Facebook Reseller', 'Fastly', 'GZIP Module', 'Google Analytics', 'Google Related Website Sites', 'Google Tag Manager', 'HubSpot Conversations', 'Hubspot', 'Instagram Follow Button', 'Storyblocks', 'Subversion', 'Tailwind CSS', 'Tawk', 'Twitter Ads', 'UTF-8']"
humaninmotion.com,Human In Motion Robotics – Intelligent Innovation in Human Motion,,PRK,70,28550,2026-09-13T12:03:18.541463582Z,"['Alternate Protocol', 'Content Delivery Network', 'CookieYes', 'Element Pack Lite', 'Elementor', 'EmbedPress', 'GZIP Module', 'HubSpot Conversations', 'HubSpot WordPress Plugin', 'Hubspot', 'InMotion Hosting', 'Instagram Follow Button', 'Microdata for Google Shopping', 'Nginx', 'PHP', 'Parallels Plesk Panel', 'QUIC', 'RM Education', 'Schema Plugin', 'Theme In WP', 'UTF-8', 'University or College', 'WordPress', 'WordPress Multisite', 'YouTube', 'jQuery']"
gothandywritten.com,Handwrytten | Handwritten Notes Service and Card Automation,,USA,92,180045,2026-09-13T11:49:23.041278034Z,"['501c3 Status Nonprofit', 'AWS WAF Challenge', 'Adobe Creative Cloud WebFonts', 'Alternate Protocol', 'Amazon', 'Amazon CloudFront', 'Amazon Route 53', 'Apple Auto Link Maker', 'Apture Linking Platform', 'CloudFront', 'Cloudflare', 'Cloudflare CDN', 'Cloudflare Turnstile', 'Cloudflare Web Analytics', 'Contact Form Plugin', 'Content Delivery Network', 'Elementor', 'EmbedPress', 'Facebook Pixel', 'Facebook Tag API', 'GZIP Module', 'Google Analytics', 'Google My Business', 'Google Play', 'Google Tag Manager', 'Help Scout', 'HubSpot WordPress Plugin', 'IcoMoon', 'Instagram Follow Button', 'Lazy Load for WordPress', 'Microdata for Google Shopping', 'Nginx', 'PHP', 'QUIC', 'Salesforce Hosted', 'Site Kit', 'Sitelinks Search Box', 'Tailwind CSS', 'Theme In WP', 'Twitter Ads', 'UTF-8', 'WP Rocket', 'WordPress', 'WordPress Multisite', 'YouTube', 'jQuery', 'reCAPTCHA']"
edenplus.org,EDEN+ Nonprofit Fundraising Consulting,Eden Plus LLC,USA,77,91347,2026-09-13T11:22:15.51409016Z,"['Alternate Protocol', 'Aruba', 'Coming Soon Page', 'Express', 'FormSubmit', 'GZIP Module', 'Google Analytics', 'Google Tag Manager', 'HubSpot Conversations', 'Hubspot', 'Instagram Follow Button', 'Line2', 'Magento Enterprise', 'Microdata for Google Shopping', 'Newsletter for Wordpress', 'Pico CSS', 'QUIC', 'SiteW', 'Squarespace', 'UTF-8', 'Vector Internet Services', 'WordPress SEO Structured Data Schema Plugin', 'YouTube', 'eLand']"
mckenziemortgage.com,Josh McKenzie - VP of Lending | Lower Mortgage,,ZAF,70,23340,2026-09-13T11:11:21.339043547Z,"['Amazon WAF Blocked', 'Apture Linking Platform', 'Bankrate', 'Cloudflare', 'Cloudflare CDN', 'Fastly', 'Google Analytics', 'Google My Business', 'Google Tag Manager', 'HubSpot Conversations', 'Hubspot', 'Hubspot Knowledge Base', 'Instagram Follow Button', 'Investor Relations', 'Microdata for Google Shopping', 'Nationwide Mortgage Licensing System and Registry', 'QUIC', 'Tailwind CSS', 'UTF-8', 'WordPress Related Posts', 'jsDelivr']"
kingwillystudios.com,Creative Marketing Agency | King Willy,King Willy,USA,92,104376,2026-09-13T11:11:21.315742114Z,"['AJAX Libraries API', 'Alternate Protocol', 'Amazon WAF Blocked', 'Anti-spam for WordPress', 'Apture Linking Platform', 'BatCache', 'Bulma', 'CleanTalk Spam Protect', 'Contact Form Plugin', 'Content Delivery Network', 'DAV', 'EmbedPress', 'Fastly', 'Fireblade', 'GitHub Hosting', 'Google', 'Google Analytics', 'Google Cloud DNS', 'Google Related Website Sites', 'Google Tag Manager', 'Hotjar', 'HubSpot WordPress Plugin', 'Hubspot', 'IcoMoon', 'Instagram Follow Button', 'Jetpack', 'Lazy Load for WordPress', 'LottieFiles', 'Microdata for Google Shopping', 'Nginx', 'PHP', 'Popup Maker for Wordpress', 'Prospective', 'QUIC', 'SMC', 'Theme In WP', 'Twitter Ads', 'UTF-8', 'Uncode', 'Vector Internet Services', 'WP Rocket', 'WPBakery', 'Woo Themes', 'WordPress', 'WordPress Multisite', 'WordPress Stats', 'YouTube', 'eLand']"
ledgerbennett.com,"Global B2B Marketing Agency, B2B Demand Generation | Ledger Bennett",Ledger Bennett,,72,67490,2026-09-13T10:49:49.934136924Z,"['AJAX Libraries API', 'AWS WAF Challenge', 'Adult Content', 'Alternate Protocol', 'BJ Lazy Load for WordPress', 'Contact Form Plugin', 'Content Delivery Network', 'Contento', 'CookieYes', 'EmbedPress', 'Fastly', 'GZIP Module', 'GatedContent.com', 'Google', 'Google Analytics', 'Google Cloud DNS', 'Google Font API', 'Google Maps', 'Google My Business', 'Google Tag Manager', 'HubSpot Conversations', 'HubSpot WordPress Plugin', 'Hubspot', 'Lazy Load for WordPress', 'Microdata for Google Shopping', 'Nginx', 'Ntent', 'PHP', 'QUIC', 'Subversion', 'Theme In WP', 'Twitter Ads', 'UTF-8', 'Vimeo', 'WordPress', 'WordPress Multisite', 'jQuery', 'reCAPTCHA']"
kiramasonrealtor.com,"Kira Mason, Real Estate Agent - Compass",Compass,USA,77,529235,2026-09-13T10:49:49.894835596Z,"['AWS WAF Challenge', 'Active Campaign', 'Alibaba Cloud CDN', 'Amazon', 'Amazon CloudFront', 'Amazon Route 53', 'Apple Auto Link Maker', 'Apture Linking Platform', 'CDN JS', 'CloudFront', 'Cloudflare', 'Cloudflare CDN', 'Coming Soon Page', 'Content Delivery Network', 'Content Square', 'CookieConsent', 'DoubleClick Bid Manager', 'ElementUI', 'Express', 'Facebook Reseller', 'Fireblade', 'Flourish', 'FullStory', 'GitHub Hosting', 'Global Privacy Control', 'Google', 'Google Analytics', 'Google Cloud DNS', 'Google Font API', 'Google Maps', 'Google My Business', 'Google Play', 'Google Recommendations AI', 'Google Tag Manager', 'Gravity', 'Greenhouse', 'Heap', 'Homes.com CMS', 'Hubspot', 'Instagram Follow Button', 'Intercom', 'Investor Relations', 'Keller Williams Realty', 'LaunchDarkly', 'Microdata for Google Shopping', 'Nationwide Mortgage Licensing System and Registry', 'Neighborhoods', 'Parcel', 'Perl', 'Prospective', 'QUIC', 'Qualtrics Site Intercept', 'RM Education', 'Salesforce', 'Salesforce Experience Cloud', 'Salesforce Hosted', 'Segment', 'SiteW', 'Smart App Banner', 'Stripe', 'The Deck', 'Trustarc Cookie Consent', 'Twitter Ads', 'Typeform', 'UTF-8', 'University or College', 'Userpilot', 'Vimeo', 'Wistia', 'YouTube', 'cstate', 'eLand', 'jsDelivr', 'reCAPTCHA']"
kevinbaldwingolf.com,Golf Lessons in San Francisco with Kevin Baldwin,Kevin Baldwin Golf,VEN,92,49202,2026-09-13T10:38:59.106212994Z,"['Alternate Protocol', 'Apture Linking Platform', 'Astra Theme', 'Cisco/Arrowpoint Content Service Switch', 'Cloudflare', 'Content Delivery Network', 'Elementor', 'Elementor Addon Elements', 'EmbedPress', 'Essential Addons for Elementor', 'GoDaddy', 'Google Analytics', 'Google Tag Manager', 'HT Mega', 'HubSpot Conversations', 'HubSpot WordPress Plugin', 'Hubspot', 'LiteSpeed', 'Microdata for Google Shopping', 'NFOrce Internet', 'PHP', 'Paessler', 'Theme In WP', 'UTF-8', 'University or College', 'Wangsu', 'Woo Themes', 'WordPress', 'WordPress Multisite', 'WordPress Related Posts', 'jQuery']"
sskblaw.com,Top NY Personal Injury & Medical Malpractice Lawyers,,USA,82,24638,2026-09-13T10:38:59.076848579Z,"['Alternate Protocol', 'Amazon WAF Blocked', 'Cloudflare', 'Cloudflare CDN', 'Content Delivery Network', 'ElementUI', 'EmbedPress', 'Font Awesome', 'Gambling Content', 'Google', 'Google Analytics', 'Google Cloud DNS', 'Google Font API', 'Google Maps', 'Google My Business', 'Google Tag Manager', 'HubSpot Conversations', 'HubSpot WordPress Plugin', 'Hubspot', 'Instagram Follow Button', 'Metricool', 'Microdata for Google Shopping', 'Microsoft Clarity', 'Perl', 'QUIC', 'Site Kit', 'SiteW', 'Thank You', 'Twitter Ads', 'UTF-8', 'UserWay', 'WordPress', 'WordPress Multisite', 'YouTube', 'reCAPTCHA']"
masports.com,Homepage - Mid-Atlantic Sports,,USA,85,12589,2026-09-13T10:38:59.053227967Z,"['Alternate Protocol', 'Better Lead Generation Services', 'Content Delivery Network', 'EmbedPress', 'Fastly', 'GZIP Module', 'Google Analytics', 'HubSpot Conversations', 'Hubspot', 'LinkedIn Insights', 'LinkedIn Pixel', 'Microdata for Google Shopping', 'PHP', 'Tailwind CSS', 'Theme In WP', 'Twitter Ads', 'UTF-8', 'WordPress', 'WordPress Multisite', 'jQuery']"
azronet.com,Azronet - the Oracle NetSuite implementation specialist,,GBR,82,28929,2026-09-13T10:38:59.033945693Z,"['AWS WAF Challenge', 'Alternate Protocol', 'Contact Form Plugin', 'EmbedPress', 'GZIP Module', 'Google Analytics', 'Google Cloud DNS', 'Google Font API', 'Google My Business', 'HubSpot Conversations', 'Hubspot', 'Microdata for Google Shopping', 'Nginx', 'Oracle Cloud', 'PHP', 'QUIC', 'Share Link', 'Theme In WP', 'Twitter Ads', 'UTF-8', 'Ubuntu', 'WP Fastest Cache', 'WPBakery', 'Woo Themes', 'WordPress', 'WordPress Multisite', 'YouTube', 'reCAPTCHA']"
ablymedical.es,Home,,DEU,72,28200,2026-09-13T10:18:44.135042047Z,"['AWS WAF Challenge', 'Alternate Protocol', 'CDN JS', 'Cloudflare', 'Cloudflare CDN', 'Content Delivery Network', 'Fastly', 'Google Analytics', 'Google My Business', 'Google Tag Manager', 'Hubspot Knowledge Base', 'Microdata for Google Shopping', 'Tailwind CSS', 'UTF-8', 'jQuery']"
southamericafishingadventures.com,Costa Rica & Nicaragua Fishing Charters | Magical Mayhem,Magical Mayhem Fishing Advent ,NIC,77,35322,2026-09-13T09:52:09.71897664Z,"['AWS WAF Challenge', 'Amazon', 'Amazon API Gateway', 'Amazon CloudFront', 'Amazon Route 53', 'Apture Linking Platform', 'CloudFront', 'Content Delivery Network', 'DoubleClick Bid Manager', 'Fastly', 'GZIP Module', 'Google Cloud DNS', 'Google Font API', 'Google Maps', 'Heap', 'Hubspot', 'Line2', 'Microdata for Google Shopping', 'Next.js', 'PHP', 'Perl', 'Pleroma', 'QUIC', 'Stripe', 'UTF-8', 'Vimeo', 'YouTube']"
kickoffli.com,Kick-Off Classic – Long Island's End of Summer Soccer Tournament,,,55,560,2026-09-13T09:43:40.305930412Z,"['Alternate Protocol', 'Content Delivery Network', 'Elementor', 'EmbedPress', 'GZIP Module', 'Hello Elementor', 'HubSpot Conversations', 'HubSpot WordPress Plugin', 'Hubspot', 'Instagram Follow Button', 'Microsoft 365', 'NFOrce Internet', 'Nginx', 'Twitter Ads', 'UTF-8', 'Vimeo', 'WordPress', 'WordPress Multisite', 'YouTube', 'jQuery']"
duravi.com,Metal Surface Treatment & Friction Reduction — Duravi,"Duravi, Inc.",,87,102243,2026-09-13T09:43:40.294850149Z,"['Accordion Blocks', 'Accordion FAQ', 'Alternate Protocol', 'Aruba', 'Express', 'Fireblade', 'GZIP Module', 'Google Analytics', 'Google Cloud DNS', 'Google Font API', 'Google Tag Manager', 'HubSpot Conversations', 'Hubspot', 'IcoMoon', 'Instagram Follow Button', 'Line2', 'Magento Enterprise', 'Microdata for Google Shopping', 'Microsoft Clarity', 'Postimage.org', 'QUIC', 'SiteW', 'Squarespace', 'UTF-8', 'UserWay', 'WordPress SEO Structured Data Schema Plugin', 'YouTube', 'eLand', 'jsDelivr']"
jamesparishphotography.com,James Parish Photography - James Parish Photography,James Parish Photography,USA,67,12385,2026-09-13T09:43:40.293585294Z,"['Adobe Creative Cloud WebFonts', 'Aruba', 'Express', 'GZIP Module', 'Google Analytics', 'Google Related Website Sites', 'HubSpot Conversations', 'Hubspot', 'Instagram Follow Button', 'Line2', 'Microdata for Google Shopping', 'Pixieset', 'QUIC', 'SiteW', 'Squarespace', 'UTF-8', 'WordPress SEO Structured Data Schema Plugin', 'eLand']"
jmangroup.com,JMAN Group – We specialize in translating data into value for private equity funds and their portfolio companies,,IND,80,47137,2026-09-13T09:43:40.290326194Z,"['AWS WAF Challenge', 'Alternate Protocol', 'Astra Theme', 'CDN JS', 'Cloudflare', 'Cloudflare CDN', 'Complianz', 'DAV', 'Elementor', 'EmbedPress', 'Ethy', 'Font Awesome', 'GZIP Module', 'Google Analytics', 'Google My Business', 'Google Tag Manager', 'HubSpot Conversations', 'HubSpot WordPress Plugin', 'Hubspot', 'InitiativeS', 'Intervieweb', 'LinkedIn Insights', 'LinkedIn Pixel', 'Nginx', 'Vector Internet Services', 'W3 Total Cache', 'WPForms', 'Woo Themes', 'WordPress', 'WordPress Multisite', 'WordPress Related Posts', 'jsDelivr']"
luminateinsight.org,SME Strategy Consulting - Strategic planning consulting firms,,,62,79107,2026-09-13T09:43:40.276854319Z,"['AWS WAF Challenge', 'AddThis', 'AddThis for Wordpress', 'Cloudflare', 'Cloudflare CDN', 'Clutch', 'Content Delivery Network', 'CoreUI', 'Drift', 'Facebook Conversion Tracking', 'Facebook Login', 'Facebook Messenger Platform', 'Facebook Pixel', 'Facebook Reseller', 'Facebook Tag API', 'Fastly', 'Google Analytics', 'Google Tag Manager', 'HubSpot Conversations', 'Hubspot', 'Hubspot Knowledge Base', 'IcoMoon', 'Pico CSS', 'QUIC', 'Tailwind CSS', 'UTF-8', 'YouTube']"
propmap.io,Propmap.io | Next Generation Field Service Workflows,,,62,321300,2026-09-13T09:32:46.893822365Z,"['Alternate Protocol', 'App Store', 'Cloudflare', 'Cloudflare CDN', 'Content Delivery Network', 'Fastly', 'GitHub Hosting', 'Google Analytics', 'Google My Business', 'Google Play', 'Google Tag Manager', 'HubSpot Conversations', 'Hubspot', 'Hubspot Knowledge Base', 'On The Map', 'Perl', 'QUIC', 'Salesforce', 'Salesforce Experience Cloud', 'Salesforce Hosted', 'UTF-8', 'Xero']"
palmershedsales.com,"Storage Sheds for Sale Palmer, MA | Palmer Shed Sales",,,72,25612,2026-09-13T09:32:46.881928823Z,"['1Password', 'Amazon S3 CDN', 'Cloudflare', 'Cloudflare CDN', 'Fancybox for WordPress', 'Fireblade', 'HubSpot Conversations', 'Hubspot', 'Instagram Follow Button', 'Storyblocks', 'UTF-8', 'jsDelivr']"
midrange.site,Blackbeard's Treasure escape room in London Oxford Street | Escape Hunt,,,67,31619,2026-09-13T09:22:26.150973607Z,"['AWS WAF Challenge', 'Alternate Protocol', 'Amazon CloudFront', 'Bookeo', 'Cisco/Arrowpoint Content Service Switch', 'CloudFront', 'Cloudflare', 'Cloudflare CDN', 'Cloudflare Web Analytics', 'Contact Form Plugin', 'Cybot', 'DAV', 'DuracellTomi Google Tag Manager for WordPress', 'EmbedPress', 'Google Analytics', 'Google Cloud DNS', 'Google Font API', 'Google Tag Manager', 'HubSpot Conversations', 'Hubspot', 'Line2', 'Microdata for Google Shopping', 'PHP', 'Perl', 'QUIC', 'Theme In WP', 'UTF-8', 'Vercel', 'Woo Themes', 'WooCommerce', 'WooCommerce Checkout', 'WordPress', 'WordPress Multisite', 'YouTube', 'eLand', 'jQuery']"
pastimefishingadventures.com,Oregon Fishing Guide and Charter Service - Pastime Fishing Adventures,Pastime Fishing Adventures,GBR,77,20086,2026-09-13T09:20:59.484363414Z,"['Alternate Protocol', 'Divi', 'Elegant Themes', 'EmbedPress', 'GZIP Module', 'Google Analytics', 'Google Cloud DNS', 'Google Font API', 'Google Tag Manager', 'HubSpot Conversations', 'HubSpot WordPress Plugin', 'Hubspot', 'Instagram Follow Button', 'Microdata for Google Shopping', 'Nginx', 'PHP', 'Theme In WP', 'UTF-8', 'WP Video Lightbox', 'Woo Themes', 'WordPress', 'WordPress Multisite', 'YouTube', 'jQuery']"
acceleratedequityinsights.com,Accelerated Equity Insights,,USA,67,14931,2026-09-13T09:11:24.68879325Z,"['Alternate Protocol', 'Automattic', 'BatCache', 'Contact Form Plugin', 'Content Delivery Network', 'Elementor', 'EmbedPress', 'Fastly', 'Google Analytics', 'Google Tag Manager', 'Gutenberg', 'HubSpot WordPress Plugin', 'Instagram Follow Button', 'Jetpack', 'Jetpack Site Accelerator', 'NFOrce Internet', 'Nginx', 'PHP', 'SiteOrigin', 'Sydney Theme', 'Table Addons for Elementor', 'Theme In WP', 'Twitter Ads', 'UTF-8', 'University or College', 'WPForms', 'Woo Themes', 'WordPress', 'WordPress Multisite', 'WordPress Stats', 'eLand', 'jQuery']"
ocozzio.com,Marketing Strategy & Services for B2B Healthcare Companies,,USA,82,87967,2026-09-13T09:11:24.66818407Z,"['Apture Linking Platform', 'Bulma', 'Cloudflare', 'Cloudflare CDN', 'Content Delivery Network', 'Fastly', 'Font Awesome', 'Google', 'Google Analytics', 'Google Cloud DNS', 'Google Font API', 'Google Related Website Sites', 'Google Tag Manager', 'Hotjar', 'Hubspot Knowledge Base', 'IcoMoon', 'Instagram Follow Button', 'KVH', 'Microdata for Google Shopping', 'QUIC', 'SMC', 'Tailwind CSS', 'UTF-8', 'jsDelivr']"
pollcart.com,"Pollcart Social Commerce: Fire Your Marketers, Hire Your Customers",,USA,70,99788,2026-09-13T08:45:28.972785418Z,"['Apture Linking Platform', 'Automattic', 'CDN JS', 'Cart.com', 'Cloudflare', 'Cloudflare CDN', 'Cloudinary', 'Content Delivery Network', 'Fastly', 'GZIP Module', 'GitHub Hosting', 'Google Analytics', 'HubSpot Conversations', 'Hubspot', 'Instagram Follow Button', 'Ntent', 'Prospective', 'RawGit', 'Shopify', 'Twitter Ads', 'UTF-8', 'WordPress', 'YouTube', 'jsDelivr']"
gonzalandscaping.com,Homepage - Gonzalo Landscaping and constructions llc,Gonzalo Landscaping and constructions llc,,60,481,2026-09-13T08:45:28.953944473Z,"['Alternate Protocol', 'Divi', 'Elegant Themes', 'EmbedPress', 'Google Cloud DNS', 'Google Customer Reviews', 'Google Font API', 'Google My Business', 'HubSpot WordPress Plugin', 'Microdata for Google Shopping', 'Ntent', 'PHP', 'SiteGround Optimizer', 'Subversion', 'Theme In WP', 'TrustIndex', 'Twitter Ads', 'UTF-8', 'Woo Themes', 'WordPress', 'WordPress Multisite', 'jQuery']"
windsortec.com,"PCBA / Wire Harness Assembly - Rochester, NY - Windsor Technology",Windsor Technology,CAN,77,55282,2026-09-13T08:24:25.326793799Z,"['AWS WAF Challenge', 'Alternate Protocol', 'Amazon WAF Blocked', 'Anti-spam for WordPress', 'Better Lead Generation Services', 'CleanTalk Spam Protect', 'Cloudflare', 'Cloudflare CDN', 'DAV', 'EmbedPress', 'Essential Grid', 'Fastly', 'Fireblade', 'Fontello', 'Google', 'Google Analytics', 'Google Cloud CDN', 'Google Cloud DNS', 'Google Font API', 'Google My Business', 'Google Tag Manager', 'HubSpot Conversations', 'HubSpot WordPress Plugin', 'Hubspot', 'Microdata for Google Shopping', 'Nginx', 'PHP', 'QUIC', 'Schema Plugin', 'Slider Revolution', 'Theme In WP', 'UTF-8', 'WPBakery', 'WPForms', 'Woo Themes', 'WordPress', 'WordPress Multisite', 'jQuery']"
agrihub.ca,Agrihub Corporate,Agrihub Corporate,CAN,70,38632,2026-09-13T07:58:59.619840121Z,"['Alternate Protocol', 'Amazon WAF Blocked', 'Apture Linking Platform', 'Aruba', 'Divi', 'DoubleClick Bid Manager', 'Elegant Themes', 'EmbedPress', 'Endis', 'Google', 'Google Analytics', 'Google Cloud DNS', 'Google Font API', 'Google My Business', 'Google Tag Manager', 'Gravity', 'Gravity Forms', 'HubSpot WordPress Plugin', 'Hubspot', 'Lazy Load for WordPress', 'Microdata for Google Shopping', 'Nginx', 'PHP', 'Popup Maker for Wordpress', 'Tailwind CSS', 'Theme In WP', 'UTF-8', 'WP Rocket', 'WordPress', 'WordPress Multisite', 'eLand', 'jQuery', 'reCAPTCHA']"
kustomhr.com,PEO Advisory and Fractional HR Services | HR Solutions in NJ,,,82,37267,2026-09-13T07:48:14.136430942Z,"['AWS WAF Challenge', 'Alternate Protocol', 'Apture Linking Platform', 'Cloudflare', 'Content Delivery Network', 'Elementor', 'EmbedPress', 'FreeCSSTemplates', 'Google Analytics', 'Google Tag Manager', 'Hello Elementor', 'HubSpot WordPress Plugin', 'Hubspot', 'Lazy Load for WordPress', 'Microdata for Google Shopping', 'NFOrce Internet', 'PHP', 'QUIC', 'Site Kit', 'Sitelinks Search Box', 'TablePress', 'UTF-8', 'WP Engine', 'WP Rocket', 'WordPress', 'WordPress Multisite', 'jQuery']"
tru-scapes.com,Outdoor Lighting Solutions with Tru-Scapes®,Tru-scapes.com,USA,82,11908,2026-09-13T07:35:22.378506046Z,"['Alternate Protocol', 'Astra Theme', 'Elementor', 'ElementsKit Elementor', 'EmbedPress', 'FreeCSSTemplates', 'Google Analytics', 'Google My Business', 'Google Tag Manager', 'Gtranslate for Wordpress', 'HubSpot WordPress Plugin', 'Instagram Follow Button', 'LiteSpeed', 'Microdata for Google Shopping', 'Microsoft Clarity', 'NFOrce Internet', 'PHP', 'QUIC', 'Sitelinks Search Box', 'Table Addons for Elementor', 'TablePress', 'Theme In WP', 'Twitter Ads', 'UTF-8', 'Woo Themes', 'WooCommerce', 'WooCommerce Checkout', 'WordPress', 'WordPress Multisite', 'WordPress Related Posts', 'YouTube', 'jQuery']"
winatthegameofbusiness.com,"Uplevel By Design, LLC · A Fractional, Virtual, Multi-Family Office","Uplevel By Design, LLC",,77,30100,2026-09-13T07:22:50.557267049Z,"['AJAX Libraries API', 'Amazon', 'Amazon CloudFront', 'Apture Linking Platform', 'CloudFront', 'Cloudflare', 'Content Delivery Network', 'Fireblade', 'GZIP Module', 'Google', 'Google Analytics', 'Google Cloud DNS', 'Google Font API', 'Google Tag Manager', 'HubSpot Conversations', 'Hubspot', 'Instagram Follow Button', 'Microdata for Google Shopping', 'SiteW', 'Tailwind CSS', 'UTF-8', 'University or College', 'WF Cookie Consent', 'YouTube']"
takeoffgenie.com,Takeoff Genie,,,55,3448,2026-09-13T07:12:59.38183057Z,"['GitHub Hosting', 'GoDaddy', 'Google', 'Google Cloud DNS', 'Google Font API', 'HubSpot Conversations', 'Hubspot', 'Line2', 'PWA', 'UTF-8', 'Wangsu', 'Website Tonight']"
spokanewa.realestate,Home | SpokaneWA.RealEstate,,USA,65,188260,2026-09-13T06:58:10.073440047Z,"['AJAX Libraries API', 'Alternate Protocol', 'Apache', 'Beaver Builder Lite', 'Bulma', 'CDN JS', 'Cloudflare', 'Cloudflare CDN', 'Debian', 'DuracellTomi Google Tag Manager for WordPress', 'EmbedPress', 'Font Awesome', 'GZIP Module', 'Google Cloud DNS', 'Google Font API', 'Google Maps', 'Google My Business', 'HubSpot Conversations', 'Hubspot', 'MoxiWorks', 'PHP', 'Perl', 'QUIC', 'Salesforce Hosted', 'Sitelinks Search Box', 'Thank You', 'UTF-8', 'Windermere Real Estate', 'WordPress', 'WordPress Multisite', 'jQuery', 'jsDelivr', 'reCAPTCHA']"
txparolelaw.com,Houston Parole Attorney | Parole Lawyers in Texas | The Law Office of Greg Tsioros,,USA,82,44297,2026-09-13T06:58:10.068015475Z,"['AWS WAF Challenge', 'Alternate Protocol', 'Cloudflare', 'Contact Form Plugin', 'Content Delivery Network', 'EmbedPress', 'Endis', 'Google Analytics', 'Google Cloud DNS', 'Google Font API', 'HubSpot Conversations', 'Hubspot', 'IcoMoon', 'MaxCDN', 'Microdata for Google Shopping', 'PHP', 'Schema Plugin', 'Subversion', 'Theme In WP', 'Twitter Ads', 'UTF-8', 'University or College', 'WP Engine', 'WordPress', 'WordPress Multisite', 'jQuery']"
h2solo.se,Hem - H2solo,H2solo,,55,22,2026-09-13T06:58:10.038377069Z,"['Alternate Protocol', 'Apache', 'Automattic', 'EmbedPress', 'GZIP Module', 'Google Analytics', 'Google My Business', 'Google Tag Manager', 'HubSpot WordPress Plugin', 'Jetpack', 'Microdata for Google Shopping', 'MonsterInsights', 'PHP', 'Sitelinks Search Box', 'ThemeFusion', 'UTF-8', 'WordPress', 'WordPress Multisite', 'WordPress Stats', 'eLand', 'jQuery']"
sigbi.se,"SIGBI System AB - Smarta lösningar till krävande maskiner. Vi är er automationspartner när det gäller styrsystem, servomotorer och stegmotorer, allt inom automation!",,SWE,77,14418,2026-09-13T06:45:55.725137074Z,"['Alibaba Cloud CDN', 'Alternate Protocol', 'Apache', 'DAV', 'Elementor', 'EmbedPress', 'GZIP Module', 'Google', 'Google Analytics', 'Google Cloud DNS', 'Google Font API', 'Google My Business', 'Google Tag Manager', 'Hello Elementor', 'HubSpot WordPress Plugin', 'IcoMoon', 'JetElements', 'Microdata for Google Shopping', 'NFOrce Internet', 'PHP', 'Sitelinks Search Box', 'UTF-8', 'WP Rocket', 'WordPress', 'WordPress Multisite', 'WordPress Related Posts', 'YouTube', 'jQuery']"
humancrimespecialist.com,Human Crime Specialist Program — The Knoble,,,60,25984,2026-09-13T06:45:55.710349089Z,"['501c3 Status Nonprofit', 'Aruba', 'DAV', 'Express', 'GZIP Module', 'Google', 'Google Cloud DNS', 'Google Font API', 'HubSpot Conversations', 'Hubspot', 'InitiativeS', 'Line2', 'Magento Enterprise', 'Microdata for Google Shopping', 'Microsoft Clarity', 'NFOrce Internet', 'QUIC', 'SiteW', 'Squarespace', 'UTF-8', 'WordPress SEO Structured Data Schema Plugin', 'eLand']"
pushbutton.studio,☛ PUSH BUTTON ☚ Branding & Innovation Studio,,USA,67,13008,2026-09-13T06:35:28.220670737Z,"['Alternate Protocol', 'GZIP Module', 'Google Cloud', 'HubSpot Conversations', 'Hubspot', 'IcoMoon', 'Nuxt.js', 'UTF-8']"
staffingnation.com,StaffingNation – Contingent Workforce Platform,,USA,65,10496,2026-09-13T06:25:10.686271681Z,"['Alternate Protocol', 'Apache', 'Apture Linking Platform', 'Contact Form Plugin', 'EmbedPress', 'Express', 'GZIP Module', 'Google Analytics', 'Google Cloud DNS', 'Google Font API', 'Google My Business', 'Google Tag Manager', 'HubSpot WordPress Plugin', 'IcoMoon', 'MonsterInsights', 'PHP', 'Perl', 'QUIC', 'Slider Revolution', 'Theme In WP', 'UTF-8', 'University or College', 'WP Fastest Cache', 'WP PageNavi', 'WPBakery', 'Woo Themes', 'WooCommerce Checkout', 'WordPress', 'WordPress Multisite']"
mayrecreation.com,Commercial Playgrounds & Park Equipment | May Recreation,,USA,87,15840,2026-09-13T06:25:10.682772843Z,"['3 Products', 'CDN JS', 'Cloudflare', 'Cloudflare CDN', 'Content Delivery Network', 'Fastly', 'Google', 'Google Analytics', 'Google Cloud DNS', 'Google Font API', 'Google Tag Manager', 'Hubspot Knowledge Base', 'Instagram Follow Button', 'LinkedIn Insights', 'LinkedIn Pixel', 'Tailwind CSS', 'Twitter Ads', 'UTF-8', 'jsDelivr']"
totohomecare.com,Toto Homecare,,,57,972,2026-09-13T06:25:10.668035455Z,"['Cloudflare', 'Content Delivery Network', 'Fastly', 'Hubspot Knowledge Base', 'IcoMoon', 'Microdata for Google Shopping', 'Thank You', 'UTF-8']"
aicadium.ai,Computer Vision AI | Aicadium | Home,Aicadium,SGP,82,41858,2026-09-13T06:01:12.743902974Z,"['AWS WAF Challenge', 'Adobe Creative Cloud WebFonts', 'Alternate Protocol', 'Cloudflare', 'Content Delivery Network', 'Elementor', 'EmbedPress', 'GeneratePress Company', 'Google', 'Google Analytics', 'Google Analytics with Ad Tracking', 'Google Cloud DNS', 'Google Font API', 'Google Related Website Sites', 'Google Tag Manager', 'HubSpot Conversations', 'HubSpot WordPress Plugin', 'Hubspot', 'Microdata for Google Shopping', 'NFOrce Internet', 'PHP', 'Search and Filter Pro', 'Storyblocks', 'Table Addons for Elementor', 'Theme In WP', 'UTF-8', 'Vimeo', 'WP Engine', 'WordPress', 'WordPress Multisite', 'YouTube', 'jQuery']"
chathamdirecttrm.com,News & Insights | Chatham Financial,,,62,91290,2026-09-13T06:01:12.718214481Z,"['AWS WAF Challenge', 'Amazon S3 CDN', 'Appcues', 'Apture Linking Platform', 'Cisco/Arrowpoint Content Service Switch', 'Cloudflare', 'Coming Soon Page', 'Content Delivery Network', 'Cornerstone', 'Corporate Governance and Regulatory Compliance', 'DAV', 'DoubleClick Bid Manager', 'Express', 'Fastly', 'Financial Industry Regulatory Authority', 'Fireblade', 'Gambling Content', 'Google', 'Google Analytics', 'Google Cloud DNS', 'Google Font API', 'Google Matched Content', 'Google My Business', 'Google Reseller', 'Google Tag Manager', 'Hubspot', 'ID Services', 'InitiativeS', 'Instagram Follow Button', 'Investor Relations', 'LaunchDarkly', 'LinkedIn Pixel', 'NFOrce Internet', 'Negate', 'OneTrust Domain Verification', 'Onyx Internet', 'Perl', 'Prospective', 'QUIC', 'Say what', 'Storyblocks', 'Subversion', 'Tailwind CSS', 'UTF-8', 'Underscores', 'University or College', 'YouTube', 'jsDelivr', 'monday.com', 'shadcn ui']"
thinkservex-us.com,Homepage | Servex,Servex,,70,83102,2026-09-13T05:47:14.140503279Z,"['AWS WAF Challenge', 'Alternate Protocol', 'CDN JS', 'Cloudflare', 'Cloudflare CDN', 'Contact Form Plugin', 'Content Delivery Network', 'Elementor', 'Elementor Addon Elements', 'EmbedPress', 'Essential Addons for Elementor', 'GZIP Module', 'Google', 'Google Analytics', 'Google Cloud DNS', 'Google Font API', 'Google My Business', 'Google Related Website Sites', 'Google Tag Manager', 'HubSpot WordPress Plugin', 'IcoMoon', 'Instagram Follow Button', 'Kadence WP', 'Microdata for Google Shopping', 'NFOrce Internet', 'PHP', 'SMC', 'Sucuri Cloudproxy', 'Table Addons for Elementor', 'Thank You', 'Theme In WP', 'Tidio', 'TranslatePress', 'UTF-8', 'Variation Swatches for WooCommerce', 'WP Video Lightbox', 'WPForms', 'Woo Themes', 'WooCommerce', 'WooCommerce Checkout', 'WordPress', 'WordPress Multisite', 'YouTube', 'jQuery', 'reCAPTCHA']"
naska.ai,AI in Construction | Reduce risk and uncertainty in your projects,Naska,ESP,92,44096,2026-09-13T05:37:38.778279498Z,"['ADFOX', 'Alternate Protocol', 'Amazon WAF Blocked', 'Apture Linking Platform', 'Contact Form Plugin', 'Content Delivery Network', 'DAV', 'EmbedPress', 'Fastly', 'Font Awesome', 'Fontello', 'GDPR Cookie Compliance', 'GZIP Module', 'GeneratePress Company', 'Google', 'Google Analytics', 'Google Cloud DNS', 'Google Font API', 'Google Related Website Sites', 'Google Tag Manager', 'Greenhouse', 'Gutenberg Blocks by Kadence Blocks', 'HubSpot WordPress Plugin', 'Instagram Follow Button', 'Microdata for Google Shopping', 'Nginx', 'PHP', 'Pagekit', 'QUIC', 'SVG Support', 'Smush Image Optimization', 'Strong Testimonials', 'Table of Contents Plus', 'Theme In WP', 'Twitter Ads', 'UTF-8', 'WP Logo Showcase', 'WordPress', 'WordPress Multisite', 'Yandex Hosting', 'Yandex Metrika', 'YouTube', 'jQuery', 'jsDelivr']"
evolvedsettlements.com,Helping you maximize your life insurance value when you sell.,,USA,92,37528,2026-09-13T05:13:04.682141623Z,"['AWS WAF Challenge', 'Age Gate', 'Alternate Protocol', 'CheryFramework', 'Content Delivery Network', 'Cornerstone', 'EmbedPress', 'Fastly', 'Financial Industry Regulatory Authority', 'GZIP Module', 'Google Analytics', 'Google Cloud DNS', 'Google Font API', 'Google Tag Manager', 'HubSpot Conversations', 'HubSpot WordPress Plugin', 'Hubspot', 'Microdata for Google Shopping', 'PHP', 'Slider Revolution', 'Theme In WP', 'UTF-8', 'Woo Themes', 'WordPress', 'WordPress Multisite', 'jQuery']"
hylyt.co,Hylyt,Hylyt,,62,55559,2026-09-13T05:13:04.674506997Z,"['AWS WAF Challenge', 'Alternate Protocol', 'App Store', 'Astra Theme', 'Contact Form Plugin', 'Elementor', 'ElementsKit Elementor', 'EmbedPress', 'Facebook Conversion Tracking', 'Facebook Login', 'Facebook Messenger Platform', 'Facebook Pixel', 'Facebook Reseller', 'Facebook Tag API', 'Fireblade', 'Font Awesome', 'Google Analytics', 'Google Cloud DNS', 'Google Font API', 'Google My Business', 'Google Play', 'Google Related Website Sites', 'Google Tag Manager', 'Gravity', 'Gravity Forms', 'HappyAddons', 'HubSpot Conversations', 'HubSpot WordPress Plugin', 'Hubspot', 'Instagram Follow Button', 'MailerLite', 'Meta Slider for WordPress', 'Microdata for Google Shopping', 'Microsoft Clarity', 'NFOrce Internet', 'No-Q', 'PHP', 'Post Slider and Carousel', 'QUIC', 'Social Warfare', 'Theme In WP', 'Tidio', 'To Top', 'Twitter Ads', 'UTF-8', 'WhatsApp Sharing', 'Woo Themes', 'WordPress', 'WordPress Multisite', 'WordPress Related Posts', 'YouTube', 'jQuery', 'reCAPTCHA']"
kandom.es,Web Kandom - DISTRIBUCIÓN Y REFORMAS KANDOM S.L,DISTRIBUCIÓN Y REFORMAS KANDOM S.L,GBR,92,28991,2026-09-13T05:13:04.65352731Z,"['AWS WAF Challenge', 'Alternate Protocol', 'Cloudflare', 'Cloudflare CDN', 'Content Delivery Network', 'Elementor', 'ElementsKit Elementor', 'EmbedPress', 'Essential Addons for Elementor', 'Google', 'Google Analytics', 'Google My Business', 'Google Tag Manager', 'HubSpot WordPress Plugin', 'Instagram Follow Button', 'LiteSpeed', 'Metform Elemento', 'Microdata for Google Shopping', 'NFOrce Internet', 'PHP', 'QUIC', 'Qi Addons For Elementor', 'Theme In WP', 'Twenty Twenty-One', 'UTF-8', 'WordPress', 'WordPress Multisite', 'jQuery']"
donerightexteriors.net,"Done Right Exteriors | Roofing, Siding & Windows South Central PA",,USA,92,28296,2026-09-13T05:13:04.636083163Z,"['Cloudflare', 'Cloudflare CDN', 'Content Delivery Network', 'Fastly', 'Fireblade', 'FormSubmit', 'Google Analytics', 'Google My Business', 'Google Tag Manager', 'Hubspot Knowledge Base', 'Instagram Follow Button', 'Investor Relations', 'Microdata for Google Shopping', 'PWA', 'Twitter Ads', 'UTF-8', 'WordPress', 'Yelp Badge']"
pcda.org,Driving Business Growth - Putnam County Development Authority,PCDA,USA,92,29146,2026-09-13T05:01:27.547174153Z,"['Akismet', 'Alternate Protocol', 'Amazon WAF Blocked', 'Aruba', 'Automattic', 'Divi', 'Elegant Themes', 'EmbedPress', 'Fireblade', 'Google Analytics', 'Google Cloud DNS', 'Google Font API', 'Google My Business', 'Google Tag Manager', 'Gravity', 'Gravity Forms', 'HubSpot WordPress Plugin', 'Jetpack', 'Kinsta', 'Microdata for Google Shopping', 'Nginx', 'PHP', 'QUIC', 'Sitelinks Search Box', 'The Events Calendar', 'The SEO Framework', 'Theme In WP', 'UTF-8', 'Vimeo', 'WP Accessibility', 'Woo Themes', 'WordPress', 'WordPress Multisite', 'WordPress Stats', 'eLand', 'jQuery', 'reCAPTCHA']"
leavecaptaincompliancehq.info,Captain Compliance - Data Privacy Software & Compliance Management Tools,Captain Compliance,USA,92,38288,2026-09-13T04:49:51.197221998Z,"['Alternate Protocol', 'ClickCease', 'Cloudflare', 'Content Delivery Network', 'DuracellTomi Google Tag Manager for WordPress', 'Elementor', 'EmbedPress', 'Fireblade', 'FreeCSSTemplates', 'Google Analytics', 'Google My Business', 'Google Tag Manager', 'Hello Elementor', 'HubSpot Conversations', 'HubSpot WordPress Plugin', 'Hubspot', 'Microdata for Google Shopping', 'NFOrce Internet', 'PHP', 'QUIC', 'Table Addons for Elementor', 'TablePress', 'Theme In WP', 'UTF-8', 'WordPress', 'WordPress Multisite', 'jQuery']"
getglobalintermix.com,Global Intermix,Global Intermix,,45,35778,2026-09-13T04:36:55.482714997Z,"['Accordion Blocks', 'Accordion FAQ', 'Adobe Creative Cloud WebFonts', 'Amplitude', 'Aruba', 'Better Lead Generation Services', 'Contento', 'Express', 'GZIP Module', 'Google Analytics', 'Google Tag Manager', 'HubSpot Conversations', 'Hubspot', 'Line2', 'Magento Enterprise', 'Microdata for Google Shopping', 'Microsoft Clarity', 'No-Q', 'QUIC', 'SiteW', 'Squarespace', 'Twitter Ads', 'UTF-8', 'WordPress SEO Structured Data Schema Plugin', 'eLand']"
momshealheads.com,MOMS HEAL HEADS – Healing Faster Together,,,67,10971,2026-09-13T04:36:55.481507518Z,"['Alternate Protocol', 'Automattic', 'Coming Soon Page', 'Contact Form Plugin', 'Content Delivery Network', 'EmbedPress', 'Font Awesome', 'Freepik', 'Gutenberg', 'HubSpot WordPress Plugin', 'IcoMoon', 'Instagram Follow Button', 'Jetpack', 'Jetpack Site Accelerator', 'Nginx', 'PHP', 'UTF-8', 'WordPress', 'WordPress Multisite', 'WordPress Stats', 'YouTube', 'jQuery']"
moutershof.be,Herstelverblijf Moutershof – Meise,,BEL,72,10230,2026-09-13T04:23:34.573924448Z,"['Apache', 'Google Analytics', 'Google Tag Manager', 'HubSpot Conversations', 'Hubspot', 'PHP', 'RapidWeaver', 'Tailwind CSS', 'UTF-8', 'jQuery']"
horizons.net,Horizons Stewardship,Horizons Stewardship,USA,82,86113,2026-09-13T04:15:18.419176017Z,"['Aruba', 'Express', 'GZIP Module', 'Google Analytics', 'Google Tag Manager', 'HubSpot Conversations', 'Hubspot', 'Line2', 'Magento Enterprise', 'Microdata for Google Shopping', 'QUIC', 'SiteW', 'Squarespace', 'UTF-8', 'WordPress SEO Structured Data Schema Plugin', 'eLand']"
securebankingsolutions.net,SBS CyberSecurity | Your Cybersecurity Ally,SBS CyberSecurity,GBR,92,28200,2026-09-13T04:01:39.976712736Z,"['AWS WAF Challenge', 'Apture Linking Platform', 'Cloudflare', 'Cloudflare CDN', 'Content Delivery Network', 'Fastly', 'Federal Deposit Insurance Corporation', 'Google Analytics', 'Google My Business', 'Google Tag Manager', 'Hubspot Knowledge Base', 'InitiativeS', 'Microdata for Google Shopping', 'PHP', 'UTF-8', 'University or College', 'YouTube']"
capsher.com,Custom Business Software Development Company - Capsher Technology,CAPSHER,,72,28905,2026-09-13T03:50:59.950800732Z,"['AWS WAF Challenge', 'Alternate Protocol', 'Autoptimize', 'CallRail', 'Cloudflare', 'Content Delivery Network', 'CookieYes', 'Cornerstone', 'EmbedPress', 'FooBox', 'Google Analytics', 'Google Cloud DNS', 'Google Font API', 'Google My Business', 'Google Tag Manager', 'Gravity', 'Gravity Forms', 'HubSpot WordPress Plugin', 'Microdata for Google Shopping', 'PHP', 'Slider Revolution', 'UTF-8', 'University or College', 'WP Engine', 'WP Job Openings', 'Woo Themes', 'WordPress', 'WordPress Multisite', 'jQuery', 'reCAPTCHA']"
gutscheingold.de,Gutscheingold – Ein Gutschein. Unzählige Möglichkeiten.,,DEU,65,27341,2026-09-13T03:39:04.907416112Z,"['AWS WAF Challenge', 'Alternate Protocol', 'Cloudflare', 'Content Delivery Network', 'DuracellTomi Google Tag Manager for WordPress', 'EmbedPress', 'Genesis Blocks', 'Google Analytics', 'Google Cloud DNS', 'Google Font API', 'Google Tag Manager', 'Gutenberg Blocks by Kadence Blocks', 'HubSpot WordPress Plugin', 'IcoMoon', 'Instagram Follow Button', 'Neve', 'PHP', 'Photo Gallery for WordPress', 'PixelYourSite', 'Popup Maker for Wordpress', 'Site Kit', 'Theme In WP', 'UTF-8', 'WP Engine', 'WordPress', 'WordPress Multisite', 'jQuery', 'jsDelivr']"
netguru.ai,Software Development Company | Netguru,Netguru,,67,670236,2026-09-13T03:16:15.147952435Z,"['AWS WAF Challenge', 'Alternate Protocol', 'BloomReach', 'Cloudflare', 'Cloudflare CDN', 'Clutch', 'Content Delivery Network', 'DAV', 'Fastly', 'Fluent Commerce', 'GitHub Hosting', 'Google', 'Google Analytics', 'Google Cloud CDN', 'Google Cloud DNS', 'Google Font API', 'Google My Business', 'Google Tag Manager', 'Hubspot Knowledge Base', 'ID Services', 'Microdata for Google Shopping', 'Python', 'SAP', 'Twitter Ads', 'UTF-8', 'Webflow', 'Workable', 'commercetools']"
tricemedical.com,Big Ideas. Small Procedures. - Trice Medical,Trice Medical,USA,77,184760,2026-09-13T03:07:06.815073803Z,"['Adobe Creative Cloud WebFonts', 'Alternate Protocol', 'Content Delivery Network', 'CookieYes', 'Elementor', 'EmbedPress', 'Fastly', 'GZIP Module', 'Google', 'Google Analytics', 'Google Cloud CDN', 'Google Cloud DNS', 'Google Font API', 'Google Tag Manager', 'HubSpot Conversations', 'HubSpot WordPress Plugin', 'Hubspot', 'Microdata for Google Shopping', 'NFOrce Internet', 'NexHealth', 'Nginx', 'PHP', 'Salesforce Hosted', 'Slider Revolution', 'Theme In WP', 'UTF-8', 'WordPress', 'WordPress Multisite', 'YouTube', 'jQuery']"
hibyteworks.com,"Byteworks | IT Solutions, Services, and Consulting",Byteworks,USA,77,37153,2026-09-13T03:07:06.785478522Z,"['AWS WAF Challenge', 'Alternate Protocol', 'Aruba', 'AutoComplete', 'CDN JS', 'Cisco/Arrowpoint Content Service Switch', 'Cloudflare', 'Cloudflare CDN', 'Contact Form Plugin', 'Content Delivery Network', 'Elegant Themes', 'EmbedPress', 'Fastly', 'Font Awesome', 'Google Analytics', 'Google Cloud DNS', 'Google Font API', 'Google Related Website Sites', 'Google Tag Manager', 'HubSpot Conversations', 'Hubspot', 'Impreza', 'Microdata for Google Shopping', 'PHP', 'QUIC', 'Snitcher', 'Theme In WP', 'Twitter Ads', 'UTF-8', 'University or College', 'Visual Composer Ultimate Addons', 'WPBakery', 'Woo Themes', 'WordPress', 'WordPress Multisite', 'YouTube', 'accessiBe', 'jQuery']"
thenakedelk.com,Home - The Naked Elk,,GBR,82,75378,2026-09-13T02:42:34.926456362Z,"['AWS WAF Challenge', 'Alternate Protocol', 'Content Delivery Network', 'Elementor', 'EmbedPress', 'Financial Services Guide', 'GZIP Module', 'Google My Business', 'Hello Elementor', 'HubSpot WordPress Plugin', 'Iconz', 'Idaq', 'Instagram Follow Button', 'K2F', 'LiteSpeed', 'Microdata for Google Shopping', 'NFOrce Internet', 'No-Q', 'PHP', 'QUIC', 'SiteGround Optimizer', 'Sitelinks Search Box', 'Subversion', 'Table Addons for Elementor', 'UTF-8', 'WordPress', 'WordPress Multisite', 'jQuery', 'reCAPTCHA']"
axil-is.com,Waste Management & Recycling Services | Axil Integrated Services,Axil Integrated Services Limited,,82,36607,2026-09-13T02:42:34.896969759Z,"['AJAX Libraries API', 'AWS WAF Challenge', 'Alternate Protocol', 'Amazon WAF Blocked', 'Apture Linking Platform', 'Aruba', 'BatCache', 'Bing Cashback', 'CDN JS', 'Call to Visit', 'Cloudflare', 'Cloudflare Bot Manager', 'Cloudflare CDN', 'Content Delivery Network', 'EcoVadis', 'EmbedPress', 'Fastly', 'Google', 'Google Analytics', 'Google Cloud DNS', 'Google Conversion Tracking', 'Google Font API', 'Google My Business', 'Google Tag Manager', 'Gravity', 'Gravity Forms', 'Hotjar', 'HubSpot WordPress Plugin', 'IcoMoon', 'LinkedIn Insights', 'LinkedIn Pixel', 'Microdata for Google Shopping', 'Microsoft Clarity', 'Nginx', 'PHP', 'Perl', 'Tailwind CSS', 'Theme In WP', 'Twitter Ads', 'UTF-8', 'WordPress', 'WordPress Multisite', 'YouTube', 'eLand', 'jQuery', 'reCAPTCHA', 'shadcn ui']"
gripads.ro,Grip Ads | Turning Digital Marketing into Real Customers,,ROU,65,12622,2026-09-13T02:31:52.732279202Z,"['Alternate Protocol', 'Apache', 'Bridge', 'Contact Form Plugin', 'Elementor', 'EmbedPress', 'Font Awesome', 'Google', 'Google Cloud CDN', 'Google Cloud DNS', 'Google Font API', 'HubSpot WordPress Plugin', 'Instagram Follow Button', 'Metform Elemento', 'Microdata for Google Shopping', 'PHP', 'Qi Addons For Elementor', 'Schema Plugin', 'Slider Revolution', 'Theme In WP', 'UTF-8', 'WPBakery', 'WordPress', 'WordPress Multisite', 'eLand', 'jQuery']"
eyeconsultantsofmich.com,Cataract & LASIK Experts in Warren & Farmington Hills | CECOM,,USA,77,26073,2026-09-13T02:31:52.694914907Z,"['Adobe Creative Cloud WebFonts', 'Alternate Protocol', 'Aruba', 'Express', 'GZIP Module', 'Google Analytics', 'Google Related Website Sites', 'Google Tag Manager', 'HubSpot Conversations', 'Hubspot', 'Instagram Follow Button', 'Line2', 'Luma Health', 'Microdata for Google Shopping', 'QUIC', 'Squarespace', 'UTF-8', 'Vector Internet Services', 'WordPress SEO Structured Data Schema Plugin', 'eLand']"
thebronteclinic.co.uk,Aesthetic Treatments London & Surrey - The Bronte Clinic,The Bronte Clinic,GBR,77,43820,2026-09-13T02:31:52.691548986Z,"['Alternate Protocol', 'Click to Chat for WhatsApp', 'Cloudflare', 'Content Delivery Network', 'EmbedPress', 'Endis', 'Express', 'GoDaddy', 'Google', 'Google Analytics', 'Google Cloud CDN', 'Google Cloud DNS', 'Google Font API', 'Google Maps', 'Google My Business', 'Google Tag Manager', 'HubSpot Conversations', 'Hubspot', 'Microdata for Google Shopping', 'Ntent', 'PHP', 'Sitelinks Search Box', 'The SEO Framework', 'Theme In WP', 'TrustIndex', 'UTF-8', 'University or College', 'Wangsu', 'WordPress', 'WordPress Multisite', 'jQuery']"
wholebodyhealth-pt.com,"Physical Therapy in Portland, OR - Trusted Physical Therapists - Whole Body Health PT",Whole Body Health Physical Therapy,USA,87,59813,2026-09-13T02:20:22.751486704Z,"['Adobe Creative Cloud WebFonts', 'Aruba', 'Express', 'Facebook Conversion Tracking', 'Facebook Login', 'Facebook Messenger Platform', 'Facebook Pixel', 'Facebook Reseller', 'Facebook Tag API', 'Fastly', 'GZIP Module', 'Google Analytics', 'Google Customer Reviews', 'Google My Business', 'Google Related Website Sites', 'Google Tag Manager', 'HMDG', 'HubSpot Conversations', 'Hubspot', 'Instagram Follow Button', 'K2F', 'Line2', 'Microdata for Google Shopping', 'QUIC', 'SiteW', 'Squarespace', 'UTF-8', 'WordPress SEO Structured Data Schema Plugin', 'Yelp Badge', 'YouTube', 'Zoom Video Conferencing', 'eLand']"
shoppersmarket.net,"Shoppers Market - New, Used and Unique Items",Shoppers Market,,67,20590,2026-09-13T02:20:22.741015399Z,"['Alternate Protocol', 'Automattic', 'Cloudflare', 'Contact Form Plugin', 'Content Delivery Network', 'EmbedPress', 'GZIP Module', 'Google Cloud DNS', 'Google Font API', 'Google My Business', 'Harbor', 'HubSpot Conversations', 'HubSpot WordPress Plugin', 'Hubspot', 'Jetpack', 'Microdata for Google Shopping', 'PHP', 'QUIC', 'Sitelinks Search Box', 'Storefront', 'Tawk', 'The SEO Framework', 'Theme In WP', 'UTF-8', 'Woo Themes', 'WooCommerce', 'WooCommerce Checkout', 'WordPress', 'WordPress Multisite', 'WordPress Stats', 'jQuery']"
ceosoftware.co,The First CEO Platform | CEO-S Software,Khorus Software,USA,85,35784,2026-09-13T02:07:15.444889215Z,"['AWS WAF Challenge', 'Alternate Protocol', 'Amazon Widgets', 'Autoptimize', 'Cloudflare', 'Content Delivery Network', 'Elementor', 'EmbedPress', 'Essential Addons for Elementor', 'Google', 'Google Analytics', 'Google Analytics Dashboard for WordPress', 'Google Cloud CDN', 'Google Cloud DNS', 'Google Font API', 'Google My Business', 'Google Tag Manager', 'HubSpot WordPress Plugin', 'IcoMoon', 'Intercom', 'Master Slider', 'Microdata for Google Shopping', 'ProfilePress', 'Table Addons for Elementor', 'Twitter Ads', 'UTF-8', 'WP Engine', 'WPForms', 'Woo Themes', 'WordPress', 'WordPress Multisite', 'jQuery']"
buildtechnologygroup.com,Build Technology Group - Your Dream. BUILT.,Build Technology Group,USA,77,38269,2026-09-13T01:59:23.069797766Z,"['AWS WAF Challenge', 'Adobe Creative Cloud WebFonts', 'Alternate Protocol', 'Amazon Link Enchancer', 'Amazon Widgets', 'Apache', 'Cloudflare', 'Cloudflare CDN', 'EmbedPress', 'GZIP Module', 'Google', 'Google Analytics', 'Google My Business', 'Google Related Website Sites', 'Google Tag Manager', 'HubSpot Conversations', 'HubSpot WordPress Plugin', 'Hubspot', 'InitiativeS', 'Microdata for Google Shopping', 'Tailwind CSS', 'Twitter Ads', 'UTF-8', 'WordPress', 'WordPress Multisite']"
kandorsolution.com,Workday Stabilization & Post-Go-Live Support | Kandor,,USA,77,10968,2026-09-13T01:43:08.376019858Z,"['Apollo IO', 'Astro', 'Cloudflare', 'Cloudflare CDN', 'Cloudflare Web Analytics', 'Content Delivery Network', 'Google Analytics', 'Google Tag Manager', 'HubSpot Conversations', 'Hubspot', 'Microdata for Google Shopping', 'Microsoft Clarity', 'Tailwind CSS', 'shadcn ui']"
rentgrasp.com,RentGrasp - Rent Anything From Your Neighbors | Nationwide P2P Marketplace,,,72,12619,2026-09-13T01:32:04.39519979Z,"['Apture Linking Platform', 'Astro', 'Coming Soon Page', 'ElementUI', 'Google', 'Google Analytics', 'Google Cloud DNS', 'Google Font API', 'Google Tag Manager', 'HubSpot Conversations', 'Hubspot', 'Instagram Follow Button', 'LiteSpeed', 'Microdata for Google Shopping', 'Tailwind CSS']"
getclatter.com,Clatter | Sales Collateral Automation Using Approved Content & Data,,,82,36744,2026-09-13T01:05:10.468062575Z,"['AWS WAF Challenge', 'Alternate Protocol', 'Apache', 'Bing Cashback', 'Bing Conversion Tracking', 'Elementor', 'Elementor Custom Skin', 'EmbedPress', 'Facebook Conversion Tracking', 'Facebook Login', 'Facebook Messenger Platform', 'Facebook Pixel', 'Facebook Reseller', 'Facebook Tag API', 'GZIP Module', 'Google Analytics', 'Google Tag Manager', 'Hello Elementor', 'HubSpot Conversations', 'HubSpot WordPress Plugin', 'Hubspot', 'LinkedIn Insights', 'LinkedIn Pixel', 'Max Mega Menu', 'Max Mega Menu Pro', 'Menu Icons by ThemeIsle', 'Microdata for Google Shopping', 'NFOrce Internet', 'PHP', 'QUIC', 'Search and Filter Pro', 'Sitelinks Search Box', 'Table Addons for Elementor', 'Theme In WP', 'UTF-8', 'W3 Total Cache', 'WordPress', 'WordPress Multisite', 'jQuery']"
tiffinvet.com,"Veterinarian & Animal Hospital in Tiffin, OH | Animal Hos...",,USA,77,267030,2026-09-13T01:05:10.44383618Z,"['Alternate Protocol', 'Amazon', 'Amazon CloudFront', 'Amazon Route 53', 'CloudFront', 'Content Delivery Network', 'GZIP Module', 'Google', 'Google Cloud DNS', 'Google Font API', 'Google Maps', 'Google My Business', 'HubSpot Conversations', 'Hubspot', 'Instagram Follow Button', 'Microdata for Google Shopping', 'Next.js', 'Ntent', 'Pleroma', 'QUIC', 'Radix UI', 'Silicon Valley Web Hosting', 'Sitelinks Search Box', 'Tailwind CSS', 'UTF-8', 'Workday']"
execworks.ca,Home - Extraordinary Executive,Extraordinary Executive,,60,15596,2026-09-13T00:53:55.965844918Z,"['AWS WAF Challenge', 'Adobe Creative Cloud WebFonts', 'Alternate Protocol', 'Automattic', 'Calendly', 'Content Delivery Network', 'DAV', 'EmbedPress', 'FormSubmit', 'Google My Business', 'Gutenberg', 'HubSpot Conversations', 'HubSpot WordPress Plugin', 'Hubspot', 'Jetpack', 'Jetpack Site Accelerator', 'MailChimp', 'Microdata for Google Shopping', 'Nginx', 'Ntent', 'Oracle Cloud', 'Perl', 'SMC', 'Thank You', 'Twenty Twenty-Two', 'UTF-8', 'Woo Themes', 'WooCommerce', 'WooCommerce Checkout', 'WooCommerce Payments', 'WordPress', 'WordPress Multisite', 'WordPress Stats', 'jQuery']"
mcfatterinsurance.com,McFatter Insurance Agency Is Now World Insurance Associates,McFatter Insurance Agency,,87,31217,2026-09-13T00:43:42.902782217Z,"['ArvanCloud', 'CDN JS', 'Cloudflare', 'Cloudflare CDN', 'Content Delivery Network', 'CrazyEgg', 'Express', 'Fastly', 'Font Awesome', 'Google', 'Google Analytics', 'Google Cloud DNS', 'Google Flights Conversion Tracking', 'Google Font API', 'Google My Business', 'Google Tag Manager', 'HubSpot Conversations', 'Hubspot', 'Hubspot Knowledge Base', 'Instagram Follow Button', 'Microdata for Google Shopping', 'StackPath', 'Twitter Ads', 'UTF-8', 'UserWay', 'YouTube', 'jQuery', 'jsDelivr', 'reCAPTCHA']"
princesmobilecomputerrepair.com,Prince's Mobile Computer Repair | Princes Mobile Computer Repair,Prince's Mobile Computer Repair,USA,77,10534,2026-09-13T00:20:53.834536235Z,"['Alternate Protocol', 'EmbedPress', 'Financial Services Guide', 'GZIP Module', 'Google Cloud DNS', 'Google Font API', 'Google My Business', 'Google Related Website Sites', 'HubSpot WordPress Plugin', 'Instagram Follow Button', 'Microdata for Google Shopping', 'Nginx', 'PHP', 'QUIC', 'Share Link', 'SiteOrigin', 'SiteOrigin Panels', 'Thank You', 'Theme In WP', 'Twitter Ads', 'UTF-8', 'Vantage', 'WordPress', 'WordPress Multisite', 'YouTube', 'eLand', 'jQuery']"
apavsolutions.com,APAV Solutions | Audiovisual Company Orlando | United States,APAV Solutions,USA,67,104968,2026-09-13T00:05:49.75922227Z,"['Alternate Protocol', 'Amazon WAF Blocked', 'Apture Linking Platform', 'Cloudflare', 'Content Delivery Network', 'DC74', 'Express', 'Fastly', 'Fastly CDN', 'GZIP Module', 'Google Related Website Sites', 'HubSpot Conversations', 'Hubspot', 'Instagram Follow Button', 'Microdata for Google Shopping', 'NFOrce Internet', 'PWA', 'Perl', 'QUIC', 'SMC', 'Seflow Italy', 'Sentry', 'SiteW', 'UTF-8', 'Vector Internet Services', 'Wix', 'Wix Media', 'eLand', 'mlcom']"
appalachianexplorers.com,Appalachian Explorers,,USA,82,144968,2026-09-13T00:05:49.754960402Z,"['Amazon WAF Blocked', 'Apture Linking Platform', 'Content Delivery Network', 'Express', 'Facebook Conversion Tracking', 'Facebook Login', 'Facebook Messenger Platform', 'Facebook Pixel', 'Facebook Reseller', 'Facebook Tag API', 'Fastly', 'Fastly CDN', 'GZIP Module', 'Google Related Website Sites', 'HubSpot Conversations', 'Hubspot', 'Instagram Follow Button', 'K2F', 'KVH', 'Microdata for Google Shopping', 'NFOrce Internet', 'PWA', 'QUIC', 'SMC', 'Seflow Italy', 'Sentry', 'SiteW', 'Subversion', 'Twitter Ads', 'UTF-8', 'University or College', 'Vector Internet Services', 'Wix', 'Wix Media', 'YouTube', 'eLand', 'mlcom']"
premierfloridabnb.com,Vacation Homes & Studio Rentals - PremierFloridaBNB,,USA,57,1926,2026-09-13T00:05:49.751991072Z,"['Alternate Protocol', 'Amazon', 'Amazon Associates Affiliate Shop', 'Amazon WAF Blocked', 'Apture Linking Platform', 'Authorize.net', 'CDN JS', 'CartStack', 'Cloudflare', 'Cloudflare CDN', 'DoubleClick Bid Manager', 'ElementUI', 'Facebook Reseller', 'Font Awesome', 'GZIP Module', 'Gambling Content', 'GetResponse', 'GitHub Hosting', 'Google', 'Google Analytics', 'Google Cloud DNS', 'Google Font API', 'Google Maps', 'Google Matched Content', 'Google My Business', 'Google Reseller', 'Google Tag Manager', 'Harbor', 'Hubspot', 'Instagram Follow Button', 'Microdata for Google Shopping', 'New Relic', 'Next.js', 'Nginx', 'Ntent', 'Oddle', 'Pleroma', 'Social Intents', 'Stripe', 'Styled Components', 'UTF-8', 'Way']"
alliesforracialjustice.org,Allies for Racial Justice - Resurrection Church,"Resurrection, A United Methodist Church",CAN,70,44068,2026-09-13T00:05:49.746251679Z,"['AWS WAF Challenge', 'Adobe Creative Cloud WebFonts', 'Adult Content', 'Alternate Protocol', 'Cloudflare', 'Content Delivery Network', 'Elementor', 'EmbedPress', 'Essential Addons for Elementor', 'Facebook Conversion Tracking', 'Facebook Login', 'Facebook Messenger Platform', 'Facebook Pixel', 'Facebook Reseller', 'Facebook Tag API', 'Google Analytics', 'Google My Business', 'Google Tag Manager', 'Gravity', 'Gravity Forms', 'Hello Elementor', 'HubSpot Conversations', 'HubSpot WordPress Plugin', 'Hubspot', 'InitiativeS', 'Instagram Follow Button', 'JetElements', 'JetWooBuilder', 'Klaviyo', 'Microdata for Google Shopping', 'NFOrce Internet', 'PHP', 'The Events Calendar', 'Theme In WP', 'UTF-8', 'Vimeo', 'WP Engine', 'WPForms', 'Woo Themes', 'WordPress', 'WordPress Multisite', 'YouTube', 'Zendesk Guide', 'jQuery', 'reCAPTCHA']"
absolvo.eu,"Tech M&A, Growth Capital Advisory in Central and Eastern Europe | Absolvo",,HUN,72,163536,2026-09-12T23:57:18.510548299Z,"['AWS WAF Challenge', 'Alternate Protocol', 'Amazon', 'Amazon CloudFront', 'Apture Linking Platform', 'CloudFront', 'Cloudflare', 'Content Delivery Network', 'Content Square', 'Flow', 'GZIP Module', 'Google Analytics', 'Google Related Website Sites', 'Google Tag Manager', 'Gravity', 'HubSpot Conversations', 'Hubspot', 'LinkedIn Insights', 'LinkedIn Pixel', 'Taboola Direct', 'Tailwind CSS', 'UTF-8', 'Vector Internet Services', 'WF Cookie Consent', 'Webflow', 'YouTube', 'jsDelivr']"
jeremy-reeves.com,Jeremy Reeves,Jeremy Reeves,USA,70,20785,2026-09-12T23:57:18.500217194Z,"['Alternate Protocol', 'Content Delivery Network', 'EmbedPress', 'Font Awesome', 'GZIP Module', 'Google Cloud DNS', 'Google Font API', 'HubSpot Conversations', 'HubSpot WordPress Plugin', 'Hubspot', 'Microdata for Google Shopping', 'Nginx', 'One Designs', 'OnePress', 'PHP', 'Parallels Plesk Panel', 'Theme In WP', 'Twitter Ads', 'UTF-8', 'WPForms', 'WordPress', 'WordPress Multisite', 'jQuery', 'shadcn ui']"
allinonedocument.com,All In One Document - Buy Real/fake Passports and ID cards Online,All In One Document,AUS,82,32955,2026-09-12T23:45:06.99421075Z,"['Alternate Protocol', 'Apture Linking Platform', 'Cloudflare', 'Cloudflare CDN', 'Cloudflare Web Analytics', 'Content Delivery Network', 'Elementor', 'EmbedPress', 'Fireblade', 'Font Awesome', 'FreeCSSTemplates', 'Google', 'Google Cloud DNS', 'Google Font API', 'Google Related Website Sites', 'HubSpot WordPress Plugin', 'JivoSite', 'LiteSpeed', 'Microdata for Google Shopping', 'NFOrce Internet', 'Ninja Forms', 'PHP', 'Pagekit', 'Post Views Counter', 'SiteOrigin', 'Sitelinks Search Box', 'Smush Image Optimization', 'Sydney Theme', 'TablePress', 'Telegram', 'Theme In WP', 'UTF-8', 'University or College', 'WPForms', 'Woo Themes', 'WordPress', 'WordPress Multisite', 'Yandex Hosting', 'jQuery']"
openminds.com,Welcome to OPEN MINDS - OPEN MINDS,OPEN MINDS,USA,92,37380,2026-09-12T23:45:06.957059808Z,"['AWS WAF Challenge', 'Alternate Protocol', 'CDN JS', 'Cloudflare', 'Cloudflare CDN', 'Content Delivery Network', 'Cornerstone', 'Corporate Governance and Regulatory Compliance', 'DuracellTomi Google Tag Manager for WordPress', 'ElementUI', 'EmbedPress', 'Font Awesome', 'FreeCSSTemplates', 'Google Analytics', 'Google My Business', 'Google Related Website Sites', 'Google Tag Manager', 'Gravity', 'Gravity Forms', 'Harbor', 'HubSpot Conversations', 'HubSpot WordPress Plugin', 'Hubspot', 'Instagram Follow Button', 'Microdata for Google Shopping', 'PHP', 'Perl', 'QUIC', 'Soliloquy for WordPress', 'Stripe', 'TablePress', 'Tailwind CSS', 'Termly', 'The Events Calendar', 'Theme In WP', 'Twitter Ads', 'UTF-8', 'Unix', 'Woo Themes', 'WordPress', 'WordPress Multisite', 'YouTube', 'jQuery', 'reCAPTCHA']"
southeasternsportfishingms.com,Biloxi Charter Fishing: Chandeleur Islands Trout & Redfish,Southeastern Sportfishing Company,USA,82,36881,2026-09-12T23:45:06.951010843Z,"['AWS WAF Challenge', 'Amazon', 'Amazon API Gateway', 'Amazon CloudFront', 'Amazon Route 53', 'Apture Linking Platform', 'CloudFront', 'Content Delivery Network', 'Cornerstone', 'DoubleClick Bid Manager', 'Fastly', 'GZIP Module', 'Google Cloud DNS', 'Google Maps', 'Heap', 'Hubspot', 'Line2', 'Microdata for Google Shopping', 'NFOrce Internet', 'Next.js', 'Pleroma', 'QUIC', 'Stripe', 'Tailwind CSS', 'UTF-8', 'Vimeo', 'YouTube']"
apostilleservicesus.com,Houston Apostille and Translation Services - Legatille,,USA,72,103275,2026-09-12T23:33:46.529797485Z,"['AWS WAF Challenge', 'Alternate Protocol', 'Better Lead Generation Services', 'CheryFramework', 'Click to Chat for WhatsApp', 'Cloudflare', 'Cloudflare CDN', 'Clutch', 'Contact Form Plugin', 'DAV', 'EmbedPress', 'GZIP Module', 'Google', 'Google Analytics', 'Google Cloud DNS', 'Google Font API', 'Google My Business', 'Google Related Website Sites', 'Google Tag Manager', 'Hotjar', 'HubSpot Conversations', 'HubSpot WordPress Plugin', 'Hubspot', 'Instagram Follow Button', 'LiteSpeed', 'PHP', 'Perl', 'QUIC', 'ReviewsOnMyWebsite', 'SMC', 'Tailwind CSS', 'Theme In WP', 'UTF-8', 'University or College', 'WhatsApp Sharing', 'Woo Themes', 'WooCommerce', 'WooCommerce Checkout', 'WooCommerce Stripe Payment Gateway', 'WordPress', 'WordPress Multisite', 'eLand', 'jQuery', 'reCAPTCHA']"
retronix.co.uk,"Chip Recovery, Reballing, Alloy Conversion & Authenticity Testing",Retronix,,82,22674,2026-09-12T23:12:00.662671Z,"['Alternate Protocol', 'Cloudflare', 'Content Delivery Network', 'Elementor', 'EmbedPress', 'Font Awesome', 'Google', 'Google Analytics', 'Google Cloud CDN', 'Google Cloud DNS', 'Google Font API', 'Google Maps', 'Google Tag Manager', 'HubSpot Conversations', 'HubSpot WordPress Plugin', 'Hubspot', 'Max Mega Menu', 'Microdata for Google Shopping', 'Microsoft Clarity', 'PHP', 'Premium Addons for Elementor', 'Theme In WP', 'Twitter Ads', 'UTF-8', 'WP Fastest Cache', 'Woo Themes', 'WordPress', 'WordPress Multisite', 'YouTube']"
brandiva.com,Brandiva,,,57,688,2026-09-12T23:12:00.657869347Z,"['Alternate Protocol', 'Baidu Cloud', 'Better Lead Generation Services', 'Coming Soon Page', 'DAV', 'Divi', 'Duoban', 'Elegant Themes', 'EmbedPress', 'Express', 'Font Awesome', 'GZIP Module', 'Google Cloud DNS', 'Google Font API', 'HubSpot WordPress Plugin', 'Instagram Follow Button', 'Loomly', 'Nginx', 'PHP', 'Theme In WP', 'Twitter Ads', 'UTF-8', 'Woo Themes', 'WordPress', 'WordPress Multisite', 'Yandex Hosting', 'eLand', 'jQuery']"
br-dge.to,"Streamlined, leading payment orchestration solution - BR-DGE",BR-DGE,,77,37368,2026-09-12T23:12:00.602838441Z,"['AWS WAF Challenge', 'Alternate Protocol', 'Apache', 'Apture Linking Platform', 'EmbedPress', 'Express', 'GZIP Module', 'Gambling Content', 'Google', 'Google Analytics', 'Google My Business', 'Google Tag Manager', 'HubSpot WordPress Plugin', 'Hubspot', 'Instagram Follow Button', 'LottieFiles', 'Microdata for Google Shopping', 'PHP', 'Perl', 'QUIC', 'Tailwind CSS', 'Theme In WP', 'UTF-8', 'Ubuntu', 'Vimeo', 'WP Rocket', 'WordPress', 'WordPress Multisite', 'shadcn ui']"
ssusa.net,Security Solutions,Security Solutions USA,USA,70,11652,2026-09-12T23:12:00.598245924Z,"['Adobe Creative Cloud WebFonts', 'Alternate Protocol', 'Aruba', 'CanvasJS', 'Express', 'GZIP Module', 'HubSpot Conversations', 'Hubspot', 'Line2', 'Microdata for Google Shopping', 'QUIC', 'Squarespace', 'UTF-8', 'WordPress SEO Structured Data Schema Plugin', 'eLand']"
medicaldigitals.eu,Healthcare Advertising Agency for HCPs & Patients | Medical Digitals,Medial digitals,NLD,92,36723,2026-09-12T22:58:05.642165651Z,"['AWS WAF Challenge', 'Alternate Protocol', 'Apollo IO', 'Apture Linking Platform', 'Better Lead Generation Services', 'CDN JS', 'Cloudflare', 'Cloudflare CDN', 'Content Delivery Network', 'CookieYes', 'ElementUI', 'EmbedPress', 'Facebook Conversion Tracking', 'Facebook Login', 'Facebook Messenger Platform', 'Facebook Pixel', 'Facebook Reseller', 'Facebook Tag API', 'FormSubmit', 'Google', 'Google Analytics', 'Google Cloud DNS', 'Google Font API', 'Google My Business', 'Google Related Website Sites', 'Google Tag Manager', 'HubSpot WordPress Plugin', 'IcoMoon', 'LottieFiles', 'Microdata for Google Shopping', 'No-Q', 'PHP', 'Tailwind CSS', 'Theme In WP', 'UTF-8', 'Vector Internet Services', 'WPForms', 'WhatsApp Sharing', 'WordPress', 'WordPress Multisite', 'jQuery', 'reCAPTCHA']"
specbritegroup.com,Wellness & Medical Device Supplier Company in UAE – Spec Brite Group™,Spec Brite,QAT,77,80610,2026-09-12T22:48:55.912419897Z,"['AWS WAF Challenge', 'Alternate Protocol', 'Cloudflare', 'Cloudflare CDN', 'Complianz', 'Contact Form Plugin', 'Content Delivery Network', 'Elementor', 'ElementsKit Elementor', 'EmbedPress', 'Essential Addons for Elementor', 'Facebook Conversion Tracking', 'Facebook Login', 'Facebook Messenger Platform', 'Facebook Pixel', 'Facebook Reseller', 'Facebook Tag API', 'GZIP Module', 'Google', 'Google Analytics', 'Google My Business', 'Google Tag Manager', 'Header, Footer and Blocks for Elementor', 'Hello Elementor', 'HubSpot WordPress Plugin', 'Instagram Follow Button', 'LiteSpeed', 'Microdata for Google Shopping', 'Microsoft Clarity', 'NFOrce Internet', 'PHP', 'Piotnet Addons', 'Polylang', 'QUIC', 'SMC', 'Site Kit', 'Theme In WP', 'UTF-8', 'WP Job Openings', 'WordPress', 'WordPress Multisite', 'YouTube', 'jQuery', 'reCAPTCHA']"
tadpolesandmudpuddles.com,Welcome to Tadpoles and Mud Puddles! The place to go for your active kids. - Tadpoles and Mud Puddles,,GBR,77,42591,2026-09-12T22:48:55.883109922Z,"['AWS WAF Challenge', 'Add to Any', 'Alternate Protocol', 'Apache', 'Better Click To Tweet', 'Constant Contact Wordpress Forms', 'Contact Form Plugin', 'Countdown Timer Ultimate', 'EmbedPress', 'Express', 'Fireblade', 'Funding Choices', 'GZIP Module', 'Gambling Content', 'Google Adsense', 'Google Analytics', 'Google Funding Choices', 'Google Matched Content', 'Google My Business', 'Google Related Website Sites', 'Google Reseller', 'Google Tag Manager', 'HubSpot WordPress Plugin', 'Instagram Follow Button', 'MailChimp for WordPress', 'Microdata for Google Shopping', 'Nginx', 'Oddle', 'PHP', 'Perl', 'QUIC', 'Rakuten Affiliate', 'ShareThis', 'Simple Social Icons', 'Social Pug', 'Theme In WP', 'ThirstyAffiliates', 'Twitter Ads', 'UTF-8', 'University or College', 'WP GDPR Compliance', 'WP Super Cache', 'Woo Themes', 'WordPress', 'WordPress Multisite', 'WordPress Related Posts', 'YouTube', 'jQuery', 'jQuery Pin It Button for Images']"
loveararat.org,No Violence Against Women,,,60,221,2026-09-12T22:48:55.877363142Z,"['Alternate Protocol', 'Cloudflare', 'Contact Form Plugin', 'Easy Pie Chart', 'Elementor', 'EmbedPress', 'Google', 'Google Analytics', 'Google Cloud DNS', 'Google Font API', 'Graphy', 'HubSpot WordPress Plugin', 'Instagram Follow Button', 'LiteSpeed', 'Microdata for Google Shopping', 'PHP', 'Soledad', 'Theme In WP', 'UTF-8', 'WPForms', 'Woo Themes', 'WordPress', 'WordPress Multisite', 'YouTube', 'bbPress', 'jQuery']"
elsabusiness.com,Empodere o seu time com a confiança necessária para falar em inglês | Elsa Business,elsabusiness.com,GBR,77,12373,2026-09-12T22:40:26.15031949Z,"['Alternate Protocol', 'Content Delivery Network', 'Elementor', 'EmbedPress', 'Essential Addons for Elementor', 'Express', 'FormSubmit', 'Google Analytics', 'Google Tag Manager', 'Gtranslate for Wordpress', 'Header, Footer and Blocks for Elementor', 'Hello Elementor', 'HubSpot Conversations', 'Hubspot', 'LiteSpeed', 'Microdata for Google Shopping', 'NFOrce Internet', 'PHP', 'Royal Elementor Addons', 'Sitelinks Search Box', 'Theme In WP', 'UTF-8', 'WordPress', 'WordPress Multisite', 'jQuery']"
dimples.media,DIMPLES MEDIA | Social Experience Design Agency,,,70,13200,2026-09-12T22:36:18.522984718Z,"['Cloudflare', 'Content Delivery Network', 'Fastly', 'Google Forms', 'Google My Business', 'Hubspot Knowledge Base', 'Instagram Follow Button', 'Twitter Ads', 'UTF-8', 'YouTube']"
eztainer.com,"Mobile Attic Portable Storage Pods | Self Storage Containers, SC",Mobile Attic Moving and Storage,USA,82,52972,2026-09-12T22:36:18.503576538Z,"['AWS WAF Challenge', 'Adult Content', 'Alternate Protocol', 'CDN JS', 'Cloudflare', 'Cloudflare CDN', 'Content Delivery Network', 'Divi', 'Elegant Themes', 'EmbedPress', 'Facebook Conversion Tracking', 'Facebook Login', 'Facebook Messenger Platform', 'Facebook Pixel', 'Facebook Reseller', 'Facebook Tag API', 'Fireblade', 'Genesis Blocks', 'Google Analytics', 'Google Cloud DNS', 'Google Customer Reviews', 'Google Font API', 'Google My Business', 'Google Tag Manager', 'HubSpot Conversations', 'HubSpot WordPress Plugin', 'Hubspot', 'Instagram Follow Button', 'Microdata for Google Shopping', 'NitroPack', 'PHP', 'QUIC', 'Tailwind CSS', 'Theme In WP', 'Twitter Ads', 'UTF-8', 'WP Engine', 'WordPress', 'WordPress Multisite', 'YouTube', 'jQuery', 'reCAPTCHA']"
whitehousehaven.com,Home — White House Haven,,USA,60,1926,2026-09-12T22:36:18.471733262Z,"['Amazon', 'Amazon Associates Affiliate Shop', 'Amazon WAF Blocked', 'Apture Linking Platform', 'Authorize.net', 'CDN JS', 'CartStack', 'Cloudflare', 'Cloudflare CDN', 'DoubleClick Bid Manager', 'ElementUI', 'Facebook Reseller', 'Font Awesome', 'GZIP Module', 'Gambling Content', 'GetResponse', 'GitHub Hosting', 'Google', 'Google Analytics', 'Google Cloud DNS', 'Google Font API', 'Google Maps', 'Google Matched Content', 'Google My Business', 'Google Reseller', 'Google Tag Manager', 'Hubspot', 'Microdata for Google Shopping', 'New Relic', 'Next.js', 'Nginx', 'Ntent', 'Oddle', 'Pleroma', 'Social Intents', 'Stripe', 'Styled Components', 'UTF-8', 'Way']"
ccsa.org,Home | CCSA,,,62,11360,2026-09-12T22:36:18.471087408Z,"['Alternate Protocol', 'Angular', 'Cloudflare', 'Google Analytics', 'Google Related Website Sites', 'Google Tag Manager', 'Heroku', 'HubSpot Conversations', 'Hubspot', 'Instagram Follow Button', 'Nationwide Mortgage Licensing System and Registry', 'Next.js', 'Pleroma', 'Styled Components', 'Twitter Ads', 'UTF-8', 'University or College', 'YouTube']"
greatlakesvets.com,"Veterinarian & Animal Hospital in Clinton Twp, MI | Great...",,USA,82,265030,2026-09-12T22:21:50.723747174Z,"['Alternate Protocol', 'Amazon', 'Amazon CloudFront', 'Amazon Route 53', 'CloudFront', 'Content Delivery Network', 'GZIP Module', 'Google', 'Google Cloud DNS', 'Google Font API', 'Google Maps', 'Google My Business', 'HubSpot Conversations', 'Hubspot', 'Microdata for Google Shopping', 'Next.js', 'Ntent', 'Pleroma', 'QUIC', 'Radix UI', 'Sitelinks Search Box', 'Tailwind CSS', 'UTF-8', 'Workday']"
seedspace.vc,Seed Space Venture Capital: Backing the leading innovators in Financial Technology,,CHE,72,60079,2026-09-12T22:21:50.700622552Z,"['AJAX Libraries API', 'AWS WAF Challenge', 'Amazon', 'Amazon CloudFront', 'CDN JS', 'CloudFront', 'Cloudflare', 'Cloudflare CDN', 'Content Delivery Network', 'Flow', 'Font Awesome', 'GZIP Module', 'Google', 'Google Cloud DNS', 'Google Font API', 'HubSpot Conversations', 'Hubspot', 'Medium', 'Twitter Ads', 'UTF-8', 'WF Cookie Consent', 'jQuery', 'jsDelivr']"
ilyinc.com,ILY INC | ILY is the one organization catering to both your household.,,,67,49481,2026-09-12T22:11:45.412051671Z,"['Alternate Protocol', 'CheryFramework', 'Column Shortcodes', 'Coming Soon Page', 'Contact Form Plugin', 'Contento', 'EmbedPress', 'Eventbrite', 'GZIP Module', 'Google Analytics', 'Google Cloud DNS', 'Google Font API', 'Google My Business', 'Google Tag Manager', 'HubSpot Conversations', 'Hubspot', 'Instagram Follow Button', 'Kriesi.at', 'Microdata for Google Shopping', 'Nginx', 'PHP', 'Popup Anything', 'RM Education', 'Theme In WP', 'Twitter Ads', 'Typeform', 'UTF-8', 'WordPress', 'WordPress Multisite', 'ZocDoc', 'jQuery', 'reCAPTCHA']"
wrdsystems.com,WRD Systems,,,50,156,2026-09-12T22:11:45.40154981Z,"['Bulma', 'GZIP Module', 'HubSpot Conversations', 'Hubspot', 'IcoMoon', 'Nginx', 'QUIC', 'Tailwind CSS', 'UTF-8', 'University or College', 'jQuery']"
huemanpesolutions.com,Hueman Professional Recruitment | Right-Sized Recruiting,Hueman Professional Recruitment,USA,77,26459,2026-09-12T22:11:45.400089697Z,"['AJAX Libraries API', 'AWS WAF Challenge', 'Alternate Protocol', 'Cloudflare', 'Content Delivery Network', 'EmbedPress', 'GeneratePress Company', 'Google Analytics', 'Google Cloud DNS', 'Google Tag Manager', 'HubSpot Conversations', 'Hubspot', 'Instagram Follow Button', 'Microdata for Google Shopping', 'PHP', 'QUIC', 'Theme In WP', 'UTF-8', 'WP Engine', 'WordPress', 'WordPress Multisite', 'YouTube', 'jQuery']"
lifelinecharters.com,Unlock The Secrets Of Successful Fishing With Lifeline Charters,Lifeline Charters,USA,77,35322,2026-09-12T21:59:23.57713Z,"['Amazon', 'Amazon API Gateway', 'Amazon CloudFront', 'Amazon Route 53', 'Apture Linking Platform', 'CloudFront', 'Content Delivery Network', 'DAV', 'DoubleClick Bid Manager', 'Fastly', 'Fireblade', 'GZIP Module', 'Google Cloud DNS', 'Google Maps', 'Heap', 'Hubspot', 'Instagram Follow Button', 'Line2', 'Microdata for Google Shopping', 'Next.js', 'Pleroma', 'QUIC', 'Stripe', 'Tailwind CSS', 'UTF-8', 'Vimeo', 'YouTube']"
hartsvilleportablebuildings.com,"Storage Sheds for Sale Hartsville, SC | HARTSVILLE PORTABLE BUILDINGS",,,67,25612,2026-09-12T21:48:45.891382385Z,"['1Password', 'Amazon S3 CDN', 'Cloudflare', 'Cloudflare CDN', 'Cloudflare Web Analytics', 'DAV', 'Fancybox for WordPress', 'Fireblade', 'HubSpot Conversations', 'Hubspot', 'Instagram Follow Button', 'Storyblocks', 'UTF-8', 'jsDelivr']"
thepuregolfer.com,Home - thepuregolfer.com,thepuregolfer.com,AUS,82,11388,2026-09-12T21:37:11.498537265Z,"['Alternate Protocol', 'Cloudflare', 'Cloudflare CDN', 'Content Delivery Network', 'Elementor', 'EmbedPress', 'Google Analytics', 'Google Cloud DNS', 'Google Font API', 'Google Tag Manager', 'Hello Elementor', 'HubSpot WordPress Plugin', 'Microdata for Google Shopping', 'NFOrce Internet', 'PHP', 'Pure.css', 'Site Kit', 'Theme In WP', 'UTF-8', 'WordPress', 'WordPress Multisite', 'jQuery']"
vipergroupholdings.com,How To Sell My Medical Practice | Viper Partners, Viper Equity Partners ,USA,87,122665,2026-09-12T21:29:01.969389916Z,"['AJAX Libraries API', 'Aruba', 'Beehiiv', 'Calendly', 'Contento', 'DAV', 'DC74', 'Express', 'Facebook Conversion Tracking', 'Facebook Login', 'Facebook Messenger Platform', 'Facebook Pixel', 'Facebook Reseller', 'Facebook Tag API', 'FormSubmit', 'GZIP Module', 'Google Analytics', 'Google Cloud DNS', 'Google Related Website Sites', 'Google Tag Manager', 'HubSpot Conversations', 'Hubspot', 'Instagram Follow Button', 'Line2', 'LinkedIn Insights', 'LinkedIn Pixel', 'Magento Enterprise', 'Microdata for Google Shopping', 'Perl', 'QUIC', 'SiteW', 'Squarespace', 'UTF-8', 'University or College', 'Vector Internet Services', 'WordPress SEO Structured Data Schema Plugin', 'eLand', 'jQuery', 'jsDelivr']"
elayneteam.com,Settle the estate online with Elayne,,NZL,87,30876,2026-09-12T21:13:10.217279185Z,"['AJAX Libraries API', 'Amazon', 'Amazon CloudFront', 'Animate It', 'CDN JS', 'CloudFront', 'Cloudflare', 'Cloudflare CDN', 'Content Delivery Network', 'Fireblade', 'GZIP Module', 'Google', 'Google Analytics', 'Google Cloud DNS', 'Google Font API', 'Google Tag Manager', 'Heroku', 'HubSpot Conversations', 'Hubspot', 'Lucky Orange', 'Microdata for Google Shopping', 'Microsoft Clarity', 'Tailwind CSS', 'UTF-8', 'WF Cookie Consent']"
liveeventsproductions.com,Live Events - Productions And Entertainment Solutions,,USA,77,48562,2026-09-12T21:13:10.217627079Z,"['AWS WAF Challenge', 'Adobe Creative Cloud WebFonts', 'Adobe GoLive', 'Alternate Protocol', 'ApplicantStack', 'Cloudflare', 'Content Delivery Network', 'Elementor', 'EmbedPress', 'Essential Addons for Elementor', 'Font Awesome', 'Google', 'Google Analytics', 'Google Cloud DNS', 'Google Font API', 'Google Tag Manager', 'HubSpot Conversations', 'HubSpot WordPress Plugin', 'Hubspot', 'IcoMoon', 'Instagram Follow Button', 'Kitco', 'Microdata for Google Shopping', 'NFOrce Internet', 'Ohio Theme', 'PHP', 'Site Kit', 'Sitelinks Search Box', 'Theme In WP', 'Twitter Ads', 'UTF-8', 'WP Engine', 'WordPress', 'WordPress Multisite', 'jQuery']"
risevisionsignage.net,Award Winning #1 Digital Signage Software | Rise Vision,"Rise Vision, Inc.",USA,77,33428,2026-09-12T21:13:10.200126487Z,"['Adobe Creative Cloud WebFonts', 'Alternate Protocol', 'App Store', 'Apture Linking Platform', 'CDN JS', 'Cloudflare', 'Cloudflare CDN', 'Fastly', 'GitHub Hosting', 'Google', 'Google Analytics', 'Google Cloud DNS', 'Google Font API', 'Google My Business', 'Google Play', 'Google Related Website Sites', 'Google Tag Manager', 'Hubspot Knowledge Base', 'IcoMoon', 'Instagram Follow Button', 'Microdata for Google Shopping', 'Segment', 'Segment Consent Manager', 'Tailwind CSS', 'Top Rated Local', 'Twitter Ads', 'UTF-8', 'University or College', 'YouTube', 'eLand', 'elevio', 'jsDelivr', 'shadcn ui']"
logosguideservice.com,Discover Atlantic City’s Hidden Gems with Captain Bob Paxson.,Logos Guide Service,USA,77,35322,2026-09-12T21:13:10.189858644Z,"['AWS WAF Challenge', 'Amazon', 'Amazon API Gateway', 'Amazon CloudFront', 'Amazon Route 53', 'CloudFront', 'Content Delivery Network', 'DoubleClick Bid Manager', 'Express', 'Fastly', 'GZIP Module', 'Gambling Content', 'Google Cloud DNS', 'Google Maps', 'Harbor', 'Heap', 'Hubspot', 'Line2', 'Microdata for Google Shopping', 'Next.js', 'Pleroma', 'QUIC', 'Squid', 'Stripe', 'Tailwind CSS', 'UTF-8', 'Vimeo', 'YouTube']"
groundplan.com.au,Cloud Based Estimating & Takeoff Software | Groundplan,Groundplan,USA,87,13008,2026-09-12T20:28:00.006739245Z,"['Amazon', 'Amazon CloudFront', 'Animate It', 'CloudFront', 'Cloudflare', 'Content Delivery Network', 'GZIP Module', 'Google Tag Manager', 'HubSpot Conversations', 'Hubspot', 'IcoMoon', 'Instagram Follow Button', 'Microdata for Google Shopping', 'QUIC', 'Tailwind CSS', 'Twitter Ads', 'UTF-8', 'WF Cookie Consent', 'YouTube', 'jsDelivr']"
stratifiedmedicine.info,Proclarix® next generation test for prostate cancer,,,65,10180,2026-09-12T20:27:59.985662966Z,"['Create React App', 'GZIP Module', 'Google Analytics', 'Google Cloud DNS', 'Google Maps', 'Google Tag Manager', 'HubSpot Conversations', 'Hubspot', 'Nginx', 'Pleroma', 'QUIC', 'UTF-8', 'Ubuntu']"
teqmobility.com,TeqMobility – Revolutionizing Vehicle Management,,,62,13200,2026-09-12T20:27:59.973938483Z,"['Alternate Protocol', 'Cloudflare', 'Cloudflare CDN', 'Content Delivery Network', 'Fastly', 'Hubspot Knowledge Base', 'Instagram Follow Button', 'QUIC', 'UTF-8']"
aplusfire.net,Welcome | A+ Fire Protection Services,A+ Fire Protection Services,USA,82,27771,2026-09-12T20:12:37.223295652Z,"['Alternate Protocol', 'Elementor', 'ElementsKit Elementor', 'EmbedPress', 'Fireblade', 'GZIP Module', 'Google Cloud DNS', 'Google Font API', 'Google My Business', 'Google Related Website Sites', 'Header, Footer and Blocks for Elementor', 'Hello Elementor', 'HubSpot Conversations', 'Hubspot', 'Microdata for Google Shopping', 'NFOrce Internet', 'Nginx', 'PHP', 'Sitelinks Search Box', 'SmartCrawl', 'Theme In WP', 'UTF-8', 'WordPress', 'WordPress Multisite', 'jQuery']"
pagefreezerachievement.com,Pagefreezer Digital Archiving Software,Pagefreezer,NLD,77,20608,2026-09-12T20:12:37.220865019Z,"['Alternate Protocol', 'Amazon CloudFront', 'Amazon WAF Blocked', 'Apture Linking Platform', 'Bing Cashback', 'Bing Conversion Tracking', 'CloudFront', 'Cloudflare', 'Content Delivery Network', 'Divi', 'DoubleClick Bid Manager', 'Elegant Themes', 'EmbedPress', 'Express', 'Facebook Reseller', 'Financial Industry Regulatory Authority', 'Font Awesome', 'FormSubmit', 'Google', 'Google Analytics', 'Google Cloud CDN', 'Google Cloud DNS', 'Google Font API', 'Google My Business', 'Google Related Website Sites', 'Google Tag Manager', 'Hubspot', 'Instagram Follow Button', 'Jetpack', 'Lazy Load for WordPress', 'Leadfeeder', 'Microdata for Google Shopping', 'OpenAI', 'PHP', 'Perl', 'QUIC', 'Theme In WP', 'UTF-8', 'WP Rocket', 'Woo Themes', 'WordPress', 'WordPress Multisite', 'WordPress Stats', 'YouTube', 'jQuery']"
aacme.digital,Bespoke Software Development Company | AACME™,AACME™,USA,82,55615,2026-09-12T20:04:26.156599229Z,"['AWS WAF Challenge', 'Alternate Protocol', 'Amazon WAF Blocked', 'Apture Linking Platform', 'Cisco/Arrowpoint Content Service Switch', 'Dream-Theme', 'EmbedPress', 'Fireblade', 'Google', 'Google Analytics', 'Google Cloud CDN', 'Google Cloud DNS', 'Google Font API', 'Google Related Website Sites', 'Google Tag Manager', 'Gutenberg Blocks by Kadence Blocks', 'HubSpot WordPress Plugin', 'Lazy Load for WordPress', 'Microdata for Google Shopping', 'Microsoft Clarity', 'Oracle Cloud', 'PHP', 'Python', 'QUIC', 'Sitelinks Search Box', 'Theme In WP', 'Twitter Ads', 'UTF-8', 'Vector Internet Services', 'WP Rocket', 'WPML Multilingual', 'WordPress', 'WordPress Multisite']"
sm2communicate.co.uk,SM2C Home,Sm2communicate,,72,13668,2026-09-12T20:01:02.476982986Z,"['Alternate Protocol', 'Cloudflare', 'Content Delivery Network', 'Fastly', 'Google Analytics', 'Google Tag Manager', 'Hubspot Knowledge Base', 'IcoMoon', 'Instagram Follow Button', 'Microdata for Google Shopping', 'QUIC', 'UTF-8', 'University or College', 'YouTube']"
mindthe-gap.com,Home | Mind The Gap,,AUS,77,17944,2026-09-12T20:01:02.473796816Z,"['AJAX Libraries API', 'Amazon', 'Amazon CloudFront', 'CloudFront', 'Cloudflare', 'Content Delivery Network', 'GZIP Module', 'Google', 'Google Analytics', 'Google Cloud DNS', 'Google Font API', 'Google Maps', 'Google My Business', 'Google Related Website Sites', 'Google Tag Manager', 'HubSpot Conversations', 'Hubspot', 'IcoMoon', 'LinkedIn Insights', 'LinkedIn Pixel', 'Microdata for Google Shopping', 'NFOrce Internet', 'Tailwind CSS', 'UTF-8', 'WF Cookie Consent', 'Webflow']"
pro-networking.org,PROs Networking Group | Business Networking in Palm Harbor,,NZL,82,11818,2026-09-12T20:01:02.457550853Z,"['Alternate Protocol', 'Amazon CloudFront', 'CloudFront', 'DAV', 'Duda', 'GZIP Module', 'Google Analytics', 'Google Forms', 'Google My Business', 'Google Related Website Sites', 'Google Tag Manager', 'Harbor', 'HubSpot Conversations', 'Hubspot', 'Microdata for Google Shopping', 'Nginx', 'PWA', 'Tailwind CSS', 'UTF-8', 'UserWay', 'YouTube']"
ivan-us.com,Ivan Us. Senior Integrated Producer • NYC,,USA,72,42680,2026-09-12T20:01:02.456873091Z,"['ADFOX', 'Apture Linking Platform', 'Baidu Cloud', 'Cloudflare', 'Cloudflare CDN', 'Cloudflare Web Analytics', 'Fireblade', 'GitHub Hosting', 'Google Analytics', 'Google My Business', 'Google Tag Manager', 'HubSpot Conversations', 'Hubspot', 'Instagram Follow Button', 'Medium', 'Microdata for Google Shopping', 'NFOrce Internet', 'QUIC', 'Schema Plugin', 'Telegram', 'Tilda', 'Twitter Ads', 'UTF-8', 'Vector Internet Services', 'Yandex Hosting', 'YouTube']"
mazungumzo.org,Mazungumzo,,UGA,65,27996,2026-09-12T19:26:41.737990067Z,"['AWS WAF Challenge', 'Alternate Protocol', 'Apache', 'Automattic', 'Contact Form Plugin', 'EmbedPress', 'Google', 'Google Cloud CDN', 'Google Cloud DNS', 'Google Font API', 'Google No Site Links Search', 'HubSpot WordPress Plugin', 'InitiativeS', 'Instagram Follow Button', 'Microdata for Google Shopping', 'Outreach Pro', 'PHP', 'Porto Wordpress', 'QUIC', 'Slider Revolution', 'Tailwind CSS', 'Theme In WP', 'UTF-8', 'WPBakery', 'Widget Options', 'Woo Themes', 'WooCommerce', 'WooCommerce Checkout', 'WordPress', 'WordPress Multisite', 'jQuery']"
netconomy.ai,Transform for the Future | NETCONOMY,,AUT,82,26997,2026-09-12T19:26:41.714481945Z,"['AWS WAF Challenge', 'Alternate Protocol', 'Amazon WAF Blocked', 'Cloudflare', 'Cloudflare Web Analytics', 'Contact Form Plugin', 'EmbedPress', 'Facebook Conversion Tracking', 'Facebook Pixel', 'Facebook Reseller', 'Facebook Tag API', 'GDPR Cookie Compliance', 'Google Analytics', 'Google Tag Manager', 'Hubspot', 'Instagram Follow Button', 'Matomo', 'Matomo Tag Manager', 'Microdata for Google Shopping', 'PHP', 'PWA', 'Theme In WP', 'Twitter Ads', 'UTF-8', 'WordPress', 'WordPress Multisite', 'jQuery', 'jsDelivr', 'shadcn ui']"
vproofing.net,Reliable Roofing And Repairs In Lake County | VP Roofing,,,82,23989,2026-09-12T19:11:44.094062575Z,"['Alternate Protocol', 'Astra Theme', 'Brevo', 'DuracellTomi Google Tag Manager for WordPress', 'EmbedPress', 'GenerateBlocks', 'Google', 'Google Analytics', 'Google Cloud DNS', 'Google Font API', 'Google Related Website Sites', 'Google Tag Manager', 'Harbor', 'HubSpot Conversations', 'HubSpot WordPress Plugin', 'Hubspot', 'Instagram Follow Button', 'Jetpack', 'Microdata for Google Shopping', 'PHP', 'Sitelinks Search Box', 'Theme In WP', 'Ultimate Addons for Gutenberg', 'WP Fastest Cache', 'WordPress', 'WordPress Multisite', 'WordPress Related Posts', 'WordPress Stats']"
goldenoakcounseling.com,"Golden Oak Counseling: Trauma Therapy in Greater Columbus, OH",Golden Oak Counseling,USA,92,10223,2026-09-12T18:38:09.959838146Z,"['Alternate Protocol', 'Cloudflare', 'Cloudflare CDN', 'Content Delivery Network', 'EmbedPress', 'HubSpot WordPress Plugin', 'IcoMoon', 'Microdata for Google Shopping', 'PHP', 'Sitelinks Search Box', 'The SEO Framework', 'ThemeFusion', 'UTF-8', 'WordPress', 'WordPress Multisite', 'jQuery']"
tajuri.com,Tajuri,,LBN,72,25565,2026-09-12T18:24:26.58851821Z,"['Alternate Protocol', 'Animate It', 'Apache', 'Cornerstone', 'EmbedPress', 'Fireblade', 'GZIP Module', 'Google Cloud DNS', 'Google Font API', 'Google My Business', 'Google No Site Links Search', 'HubSpot WordPress Plugin', 'IcoMoon', 'Line2', 'Menu Icons by ThemeIsle', 'Microdata for Google Shopping', 'Nectar Slide Plugin', 'PHP', 'Post Grid', 'QUIC', 'Salient', 'Theme In WP', 'UTF-8', 'WPBakery', 'WordPress', 'WordPress Multisite', 'jQuery']"
grm-uk.com,Home | GRM Development Solutions,,,82,36508,2026-09-12T18:13:26.109664733Z,"['AWS WAF Challenge', 'Adobe Creative Cloud WebFonts', 'Alternate Protocol', 'Apture Linking Platform', 'Cloudflare', 'Content Delivery Network', 'DAV', 'EmbedPress', 'Google Analytics', 'Google Tag Manager', 'HubSpot Conversations', 'HubSpot WordPress Plugin', 'Hubspot', 'Microdata for Google Shopping', 'PHP', 'Revolution Theme', 'Schema Plugin', 'Theme In WP', 'Twitter Ads', 'UTF-8', 'WP Engine', 'WPBakery', 'Woo Themes', 'WooCommerce Checkout', 'WordPress', 'WordPress Multisite', 'YouTube', 'jQuery']"
123risicomanagement.nl,Risicomanagement - Risicomanagement van SuccesManagement,,,67,10320,2026-09-12T18:13:26.100646838Z,"['Alternate Protocol', 'Apache', 'GZIP Module', 'Google Analytics', 'Google Related Website Sites', 'Google Tag Manager', 'HubSpot WordPress Plugin', 'LiteSpeed', 'Microdata for Google Shopping', 'PHP', 'Sitelinks Search Box', 'Theme In WP', 'UTF-8', 'Ubuntu', 'WordPress', 'WordPress Multisite', 'jQuery']"
mysinghania.com,M Y Singhania and Company,,IND,65,100648,2026-09-12T18:03:14.080688499Z,"['Apache', 'Cart.com', 'Endis', 'GZIP Module', 'Google Cloud DNS', 'Google Font API', 'HubSpot Conversations', 'Hubspot', 'IcoMoon', 'Tailwind CSS', 'Thank You', 'Twitter Ads', 'WhatsApp Sharing', 'YouTube', 'jQuery']"
legalone.se,iManage Cloud 2025,,FIN,50,5916,2026-09-12T18:03:14.062765265Z,"['3 Products', 'Cloudflare', 'Content Delivery Network', 'Fastly', 'GitHub Hosting', 'Hubspot Knowledge Base', 'ID Services', 'K2F', 'UTF-8']"
myriadparts.com,Myriad | We Stock It. You Get It,,GBR,72,18236,2026-09-12T18:03:14.032788884Z,"['Apache', 'Astra', 'CDN JS', 'Cloudflare', 'Cloudflare CDN', 'Doofinder', 'Express', 'Facebook Conversion Tracking', 'Facebook Login', 'Facebook Messenger Platform', 'Facebook Pixel', 'Facebook Reseller', 'Facebook Tag API', 'Fancybox for WordPress', 'Google Analytics', 'Google Conversion Tracking', 'Google My Business', 'Google Tag Manager', 'HubSpot Conversations', 'Hubspot', 'Instagram Follow Button', 'Perl', 'Pico CSS', 'QUIC', 'Twitter Ads', 'UTF-8', 'Vector Internet Services', 'YouTube', 'eLand', 'reCAPTCHA']"
balticapprenticeshipsteam.com,Digital Apprenticeship Training Provider | UK Based Provider,Baltic Apprenticeships,,82,57652,2026-09-12T18:03:14.03060341Z,"['AJAX Libraries API', 'AWS WAF Challenge', 'Amazon CloudFront', 'CloudFront', 'Cloudflare', 'Content Delivery Network', 'DoubleClick Bid Manager', 'EmbedPress', 'Event Tickets for Wordpress', 'Facebook Reseller', 'Google Analytics', 'Google Cloud DNS', 'Google My Business', 'Google Recommendations AI', 'Google Tag Manager', 'HubSpot WordPress Plugin', 'IcoMoon', 'Instagram Follow Button', 'Jetpack', 'LinkedIn Insights', 'LinkedIn Pixel', 'Microdata for Google Shopping', 'PHP', 'QUIC', 'Site Kit', 'Theme In WP', 'Trustpilot Reviews for WordPress', 'Twitter Ads', 'UTF-8', 'VWO Engage', 'Visual Website Optimizer', 'WP Engine', 'Woo Themes', 'WooCommerce', 'WooCommerce Checkout', 'WooCommerce Payments', 'WooCommerce Pixel Manager by woopt', 'WordPress', 'WordPress Multisite', 'jQuery']"
mydox.io,myDox | Secure Family Document Management Made Simple,,,67,13200,2026-09-12T17:47:30.3748887Z,"['CDN JS', 'Cloudflare', 'Cloudflare CDN', 'Content Delivery Network', 'Fastly', 'Google Analytics', 'Google Tag Manager', 'Hubspot Knowledge Base', 'Instagram Follow Button', 'QUIC', 'Tailwind CSS', 'UTF-8', 'University or College', 'jQuery']"
uplevelcoworking.com,Uplevel Coworking - Madison WI Coworking Space Available,Uplevel Coworking,,67,58275,2026-09-12T17:27:28.366491001Z,"['AWS WAF Challenge', 'Alternate Protocol', 'Cloudflare', 'Cloudflare CDN', 'Complianz', 'Divi', 'Elegant Themes', 'EmbedPress', 'Event Tickets for Wordpress', 'GZIP Module', 'Google', 'Google Analytics', 'Google Cloud DNS', 'Google Font API', 'Google My Business', 'Google Tag Manager', 'HubSpot Conversations', 'HubSpot WordPress Plugin', 'Hubspot', 'Instagram Follow Button', 'Jetpack', 'Landis Holdings', 'Microdata for Google Shopping', 'MonsterInsights', 'Nginx', 'PHP', 'Simple Membership', 'Theme In WP', 'UTF-8', 'Woo Themes', 'WordPress', 'WordPress Multisite', 'WordPress Stats', 'YouTube', 'jQuery']"
triplethreeadvisors.com,Home,,USA,82,38200,2026-09-12T17:27:28.352436904Z,"['501c3 Status Nonprofit', 'AWS WAF Challenge', 'Cloudflare', 'Cloudflare CDN', 'Content Delivery Network', 'Fastly', 'GitHub Hosting', 'Google Analytics', 'Google Tag Manager', 'GroupMe', 'Hubspot Knowledge Base', 'Onyx Internet', 'Perl', 'UTF-8', 'University or College', 'YouTube']"
lalonde.dk,La Londe,,FRA,72,13668,2026-09-12T17:14:13.489234736Z,"['Cloudflare', 'Content Delivery Network', 'Fastly', 'Hubspot Knowledge Base', 'IcoMoon', 'UTF-8']"
mmaaz.com,Mingus Mountain Youth Treatment Center,,USA,75,28911,2026-09-12T17:14:13.489693877Z,"['AWS WAF Challenge', 'Alternate Protocol', 'Cloudflare', 'Contact Form Plugin', 'Content Delivery Network', 'Custom Facebook Feed', 'Custom Twitter Feeds', 'Divi', 'Elegant Themes', 'Elfsight', 'EmbedPress', 'Financial Services Guide', 'Font Awesome', 'Google Analytics', 'Google Cloud DNS', 'Google Font API', 'Google Maps', 'Google My Business', 'Google Tag Manager', 'Gtranslate for Wordpress', 'HubSpot WordPress Plugin', 'Instagram Feed for WordPress', 'Ntent', 'PHP', 'QUIC', 'Square', 'Theme In WP', 'TrustIndex', 'UTF-8', 'University or College', 'WP Engine', 'WordPress', 'WordPress Multisite', 'YouTube', 'jQuery', 'reCAPTCHA']"
scalewholesalebotanics.com,Wholesale Essential Oils | Bulk Essential Oils | Wholesale Botanics,,USA,87,62939,2026-09-12T17:14:13.46719815Z,"['Amazon', 'Amazon CloudFront', 'AnyChat', 'Apture Linking Platform', 'Aruba', 'Baidu Cloud', 'Bing Cashback', 'Bing Conversion Tracking', 'Bold Commerce', 'Care Cart', 'CloudFront', 'Cloudflare', 'Cloudflare CDN', 'ECSHOP', 'Express', 'Fera', 'Google Analytics', 'Google Related Website Sites', 'Google Tag Manager', 'Heroku', 'HubSpot Conversations', 'Hubspot', 'IcoMoon', 'Instagram Follow Button', 'Klaviyo', 'MailChimp', 'MailMunch', 'Mapp', 'Microdata for Google Shopping', 'OpenAI', 'Parcel', 'ParcelPanel Order Tracking', 'QUIC', 'Secomapp', 'Shopify', 'Shopify Collabs', 'Tailwind CSS', 'UTF-8', 'Yandex Hosting', 'eLand', 'hCaptcha', 'reCAPTCHA']"
highmatch.com,Personalized Pre-Employment Assessment | HighMatch,,USA,92,141175,2026-09-12T17:14:13.454993065Z,"['AWS WAF Challenge', 'Adult Content', 'Alternate Protocol', 'Amazon CloudFront', 'Apollo IO', 'Apture Linking Platform', 'Bing Cashback', 'Bing Conversion Tracking', 'CDN JS', 'ClickCease', 'CloudFront', 'Cloudflare', 'Cloudflare CDN', 'Complianz', 'Content Delivery Network', 'DAV', 'DoubleClick Bid Manager', 'EmbedPress', 'Google Analytics', 'Google Tag Manager', 'Hubspot', 'Microdata for Google Shopping', 'Oracle Cloud', 'PHP', 'Qualified', 'SMC', 'Theme In WP', 'UTF-8', 'WP Engine', 'WP Rocket', 'WordPress', 'WordPress Multisite', 'YouTube', 'jQuery']"
ameripol.com,Welcome to Ameripol Synpol Corporation,,,37,816,2026-09-12T17:06:07.586860982Z,"['Cloudflare', 'Cloudflare CDN', 'Content Delivery Network', 'Fastly', 'Hubspot Knowledge Base', 'UTF-8']"
lkr.si,Home - LKR,LKR,SVN,80,31347,2026-09-12T17:06:07.584817519Z,"['Alternate Protocol', 'Cornerstone', 'EmbedPress', 'GZIP Module', 'Google Analytics', 'Google Cloud DNS', 'Google Font API', 'Google Maps', 'Google My Business', 'Google Tag Manager', 'HubSpot WordPress Plugin', 'M247', 'Microdata for Google Shopping', 'Nginx', 'PHP', 'Parallels Plesk Panel', 'UTF-8', 'WPML Multilingual', 'WordPress', 'WordPress Multisite', 'YouTube', 'jQuery', 'reCAPTCHA']"
canadianfiberoptics.ca,Home — Canadian Fiber Optics,Canadian Fiber Optics,CAN,75,47412,2026-09-12T17:06:07.576572105Z,"['AWS WAF Challenge', 'Alternate Protocol', 'Apache', 'BLR', 'Coming Soon Page', 'Contact Form Plugin', 'EmbedPress', 'Fastly', 'GZIP Module', 'Google Analytics', 'Google Tag Manager', 'HubSpot Conversations', 'HubSpot WordPress Plugin', 'Hubspot', 'Instagram Follow Button', 'Microdata for Google Shopping', 'PHP', 'QUIC', 'Theme In WP', 'ThemeFusion', 'Tumblr', 'Twitter Ads', 'UTF-8', 'WP Fastest Cache', 'WP Job Openings', 'WP PageNavi', 'WP jQuery Lightbox', 'WhatsApp Sharing', 'WordPress', 'WordPress Multisite']"
springhouselbk.com,Springhouse Design Firm | Home,,USA,82,17388,2026-09-12T17:06:07.550516723Z,"['501c3 Status Nonprofit', 'Adobe Creative Cloud WebFonts', 'Amazon', 'CDN JS', 'Cloudflare', 'Cloudflare CDN', 'Content Delivery Network', 'ElementUI', 'Fastly', 'Hubspot Knowledge Base', 'Instagram Follow Button', 'Microdata for Google Shopping', 'Tailwind CSS', 'UTF-8', 'Userback', 'jsDelivr', 'shadcn ui']"
runtimesolar.com,Solar Operations and Maintenance Services | Optimizing Solar Projects | RunTime Solar,,GBR,72,40348,2026-09-12T17:06:07.542183958Z,"['AWS WAF Challenge', 'CDN JS', 'Cloudflare', 'Cloudflare CDN', 'Content Delivery Network', 'Corporate Governance and Regulatory Compliance', 'Fastly', 'Google Analytics', 'Google Cloud DNS', 'Google Font API', 'Google Tag Manager', 'HubSpot Conversations', 'Hubspot', 'Hubspot Knowledge Base', 'IcoMoon', 'Instagram Follow Button', 'NFOrce Internet', 'Thank You', 'Twitter Ads', 'UTF-8', 'University or College', 'YouTube']"
zyberum.com,Zyberum Cyber Security Firm | Germany,Zyberum,DEU,87,153821,2026-09-12T16:51:31.198798978Z,"['123FormBuilder', 'AWS WAF Challenge', 'Alternate Protocol', 'Amazon WAF Blocked', 'Apture Linking Platform', 'Content Delivery Network', 'DAV', 'DC74', 'Express', 'Fastly', 'Fastly CDN', 'Fireblade', 'GZIP Module', 'Google Related Website Sites', 'HubSpot Conversations', 'Hubspot', 'Microdata for Google Shopping', 'NFOrce Internet', 'On The Map', 'PWA', 'Perl', 'QUIC', 'SMC', 'Seflow Italy', 'Sentry', 'SiteW', 'Sitelinks Search Box', 'Thank You', 'Twitter Ads', 'UTF-8', 'Vector Internet Services', 'WP Booking Calendar', 'Wix', 'Wix Media', 'eLand', 'mlcom']"
fplaw.co,Experienced Defense Law Firm - Florida Criminal Defense Attorney,Frank Prieto Law,CHL,77,74996,2026-09-12T16:07:00.210945835Z,"['AWS WAF Challenge', 'Alternate Protocol', 'Apache', 'Column Shortcodes', 'EmbedPress', 'Express', 'GZIP Module', 'Google Analytics', 'Google Cloud DNS', 'Google Font API', 'Google My Business', 'Google Tag Manager', 'HubSpot WordPress Plugin', 'Kriesi.at', 'Microdata for Google Shopping', 'PHP', 'Pagekit', 'SMC', 'Simple Banner for Wordpress', 'Sitelinks Search Box', 'Smush Image Optimization', 'The SEO Framework', 'Theme In WP', 'UTF-8', 'WPML Multilingual', 'WordPress', 'WordPress Multisite', 'eLand', 'jQuery']"
miankhaliqeducation.com,Mian Khaliq Education Services (MKES) – Educational Services,,AUS,65,29673,2026-09-12T16:07:00.20145301Z,"['AWS WAF Challenge', 'Alternate Protocol', 'Cloudflare', 'Cloudflare CDN', 'Elementor', 'EmbedPress', 'Google', 'Google Cloud DNS', 'Google Font API', 'Google My Business', 'HubSpot WordPress Plugin', 'Instagram Follow Button', 'NFOrce Internet', 'Nginx', 'PHP', 'Parallels Plesk Panel', 'SiteOrigin', 'Sydney Theme', 'Theme In WP', 'Twitter Ads', 'UTF-8', 'WPForms', 'Woo Themes', 'WordPress', 'WordPress Multisite', 'jQuery']"
hseconsultingweb.com,CPM Scheduling Consultants | HSE Contractors,HSE Contractors,USA,87,90363,2026-09-12T15:53:52.77473088Z,"['ADFOX', 'AWS WAF Challenge', 'Alternate Protocol', 'Amazon WAF Blocked', 'Apollo IO', 'Apture Linking Platform', 'AutoConvert', 'CDN JS', 'CheryFramework', 'Cisco/Arrowpoint Content Service Switch', 'Cloudflare', 'Cloudflare CDN', 'Content Delivery Network', 'Contento', 'Cornerstone', 'DAV', 'EmbedPress', 'Express', 'Fireblade', 'Google Analytics', 'Google Conversion Tracking', 'Google Customer Reviews', 'Google Related Website Sites', 'Google Tag Manager', 'Gravity', 'HubSpot Conversations', 'Hubspot', 'Lazy Load for WordPress', 'LinkedIn Insights', 'LinkedIn Pixel', 'Microdata for Google Shopping', 'OpenAI', 'PHP', 'QUIC', 'Tailwind CSS', 'Theme In WP', 'Tidio', 'Twitter Ads', 'UTF-8', 'University or College', 'WP Rocket', 'WordPress', 'WordPress Multisite', 'Yandex Hosting', 'YouTube', 'jQuery', 'shadcn ui']"
elum-energy.com,Monitoring & Control Solutions for Solar Power Systems - Elum,Elum,FRA,67,95230,2026-09-12T15:44:50.365133896Z,"['AWS WAF Challenge', 'Alternate Protocol', 'Apture Linking Platform', 'ClickOn', 'EWWW Image Optimizer', 'Elementor', 'EmbedPress', 'Fireblade', 'GZIP Module', 'Google', 'Google Analytics', 'Google Cloud DNS', 'Google Font API', 'Google Tag Manager', 'Hello Elementor', 'Hotjar', 'HubSpot Conversations', 'HubSpot WordPress Plugin', 'Hubspot', 'Lazy Load for WordPress', 'Microdata for Google Shopping', 'NFOrce Internet', 'Nginx', 'PHP', 'SVG Support', 'Tailwind CSS', 'Theme In WP', 'UTF-8', 'Vignette OpenText', 'WPML Multilingual', 'Woo Themes', 'WordPress', 'WordPress Multisite', 'YouTube', 'jQuery']"
onlinepresencemastery.com,Home,,,72,31068,2026-09-12T15:44:50.341322766Z,"['AWS WAF Challenge', 'Amazon', 'Apture Linking Platform', 'Better Lead Generation Services', 'Cloudflare', 'Cloudflare CDN', 'Content Delivery Network', 'Fastly', 'Hubspot Knowledge Base', 'IcoMoon', 'Thank You', 'UTF-8']"
mittenstateinsurance.com,Mitten State Insurance,,PER,65,25590,2026-09-12T15:44:50.33995835Z,"['Alternate Protocol', 'Animate It', 'Apache', 'Contact Form Plugin', 'EmbedPress', 'GZIP Module', 'Google Cloud DNS', 'Google Font API', 'HubSpot Conversations', 'HubSpot WordPress Plugin', 'Hubspot', 'IcoMoon', 'Instagram Follow Button', 'Line2', 'Nectar Slide Plugin', 'PHP', 'QUIC', 'Salient', 'Theme In WP', 'UTF-8', 'Vector Internet Services', 'WPBakery', 'WordPress', 'WordPress Multisite', 'jQuery']"
poetryhomes.ca,Custom Home Builders Edmonton - Poetry Homes Edmonton,Poetry Homes,CAN,77,29031,2026-09-12T15:44:50.312484642Z,"['Alternate Protocol', 'Amazon', 'Atomic Block', 'Automattic', 'Content Delivery Network', 'Elementor', 'EmbedPress', 'Google Maps', 'Google My Business', 'Google Related Website Sites', 'Homes.com CMS', 'HubSpot Conversations', 'HubSpot WordPress Plugin', 'Hubspot', 'Instagram Follow Button', 'Jetpack', 'Jetpack Site Accelerator', 'Microdata for Google Shopping', 'NFOrce Internet', 'Nginx', 'PHP', 'Schema Plugin', 'Stackable Page Builder Gutenberg Blocks', 'Structured Content for WordPress', 'Theme In WP', 'Twitter Ads', 'UTF-8', 'WordPress', 'WordPress Multisite', 'WordPress Stats', 'YouTube', 'jQuery']"
fcc-corp.com,Home - FCC-Corp,FCC-Corp,,67,36488,2026-09-12T15:44:50.293582375Z,"['AWS WAF Challenge', 'Alternate Protocol', 'Apture Linking Platform', 'Elementor', 'EmbedPress', 'Google Analytics', 'Google Tag Manager', 'Hello Elementor', 'HubSpot Conversations', 'HubSpot WordPress Plugin', 'Hubspot', 'LiteSpeed', 'Microdata for Google Shopping', 'Microsoft Clarity', 'NFOrce Internet', 'PHP', 'QUIC', 'Theme In WP', 'UTF-8', 'WordPress', 'WordPress Multisite', 'jQuery']"
globalventures.vc,GlobalVC.com is For Sale | About Global VC | The Name Guy™,The Name Guy,,67,12778,2026-09-12T15:44:50.291197712Z,"['Alternate Protocol', 'Astra Theme', 'Beaver Builder Lite', 'CDN JS', 'Cloudflare', 'Cloudflare CDN', 'Content Delivery Network', 'EmbedPress', 'Facebook Conversion Tracking', 'Facebook Login', 'Facebook Messenger Platform', 'Facebook Pixel', 'Facebook Reseller', 'Facebook Tag API', 'FormSubmit', 'GZIP Module', 'Google Analytics', 'Google Cloud DNS', 'Google Font API', 'Google Tag Manager', 'HubSpot WordPress Plugin', 'Instagram Follow Button', 'Microdata for Google Shopping', 'Monarch Social Sharing Plugin For WordPress', 'Ninja Forms', 'PHP', 'Simple Social Icons', 'Theme In WP', 'Twitter Ads', 'Twitter Analytics', 'UTF-8', 'Woo Themes', 'WordPress', 'WordPress Multisite', 'WordPress Related Posts', 'Yandex Hosting', 'YouTube', 'jQuery']"
bygc.co,"BygC | BFSI Training Company for Banks, Colleges & Bankers",BygC,IND,77,13981,2026-09-12T15:30:26.307335963Z,"['AJAX Libraries API', 'Alternate Protocol', 'BetterDocs', 'Contact Form Plugin', 'Content Delivery Network', 'Elementor', 'ElementsKit Elementor', 'EmbedPress', 'Font Awesome', 'Google Analytics', 'Google Cloud DNS', 'Google My Business', 'Google Related Website Sites', 'Google Tag Manager', 'Hello Elementor', 'HubSpot WordPress Plugin', 'Instagram Follow Button', 'LiteSpeed', 'Metform Elemento', 'Microdata for Google Shopping', 'NFOrce Internet', 'PHP', 'Perl', 'PixelYourSite', 'QUIC', 'Table Addons for Elementor', 'Theme In WP', 'Twitter Ads', 'UTF-8', 'University or College', 'WordPress', 'WordPress Multisite', 'YouTube', 'jQuery', 'reCAPTCHA']"
aahsandiego.com,"Veterinarian & Animal Hospital in San Diego, CA | America...",,USA,82,265030,2026-09-12T15:30:26.290709259Z,"['Alternate Protocol', 'Amazon', 'Amazon CloudFront', 'Amazon Route 53', 'App Store', 'CloudFront', 'Content Delivery Network', 'DAV', 'GZIP Module', 'Google', 'Google Cloud DNS', 'Google Font API', 'Google Maps', 'Google My Business', 'Google Play', 'HubSpot Conversations', 'Hubspot', 'Microdata for Google Shopping', 'Next.js', 'Ntent', 'Pleroma', 'QUIC', 'Radix UI', 'Sitelinks Search Box', 'Tailwind CSS', 'UTF-8', 'Workday']"
foxandfriendsanimalhospital.com,"Veterinarian & Animal Hospital in Ruskin, FL | Fox & Frie...",,USA,77,265030,2026-09-12T15:30:26.28462893Z,"['Alternate Protocol', 'Amazon', 'Amazon CloudFront', 'Amazon Route 53', 'App Store', 'CloudFront', 'Content Delivery Network', 'Express', 'GZIP Module', 'Google', 'Google Cloud DNS', 'Google Font API', 'Google Maps', 'Google My Business', 'Google Play', 'HubSpot Conversations', 'Hubspot', 'Instagram Follow Button', 'Microdata for Google Shopping', 'Next.js', 'Ntent', 'Pleroma', 'QUIC', 'Radix UI', 'Sitelinks Search Box', 'Tailwind CSS', 'UTF-8', 'Workday']"
scoutcold.com,Cold Storage Investment Company - Scout Cold Logistics,Scout Cold Logistics,USA,82,54060,2026-09-12T15:20:56.480926386Z,"['AWS WAF Challenge', 'Adobe Creative Cloud WebFonts', 'Alternate Protocol', 'Apture Linking Platform', 'Beaver Builder Lite', 'Cloudflare', 'Content Delivery Network', 'Contento', 'EmbedPress', 'Google', 'Google Analytics', 'Google Cloud DNS', 'Google Font API', 'Google Related Website Sites', 'Google Tag Manager', 'HubSpot Conversations', 'Hubspot', 'Microdata for Google Shopping', 'PHP', 'Pagekit', 'QUIC', 'Schema Plugin', 'Theme In WP', 'UTF-8', 'WP Rocket', 'WordPress', 'WordPress Multisite', 'jQuery']"
api.rho.co,Business Banking and Corporate Cards for Startups and Scale-Ups | Rho,,ESP,87,30819,2026-09-12T15:20:56.449143571Z,"['Alternate Protocol', 'App Store', 'Apture Linking Platform', 'Coming Soon Page', 'Content Delivery Network', 'Federal Deposit Insurance Corporation', 'Financial Industry Regulatory Authority', 'Google Analytics', 'Google My Business', 'Google Play', 'Google Tag Manager', 'Gravity', 'HubSpot Conversations', 'Hubspot', 'Instagram Follow Button', 'LinkedIn Pixel', 'Microdata for Google Shopping', 'Next.js', 'On The Map', 'OneTrust Domain Verification', 'Pleroma', 'QUIC', 'Tolt', 'Twitter Ads', 'UTF-8', 'Vercel', 'Vimeo CDN', 'YouTube']"
findresolve.com,Act Decisively With Greater Clarity | Resolve,,,57,879,2026-09-12T15:20:56.446331276Z,"['Cloudflare', 'Cloudflare CDN', 'Content Delivery Network', 'Fastly', 'GitHub Hosting', 'Google', 'Google Analytics', 'Google Cloud DNS', 'Google Font API', 'Google Tag Manager', 'Hubspot Knowledge Base', 'Tailwind CSS', 'UTF-8', 'shadcn ui']"
academiclabspartners.com,AcademicLabs | The Early R&D Scouting & Prospecting Platform in Life Sciences,,GBR,77,194627,2026-09-12T15:11:08.480043892Z,"['AJAX Libraries API', 'AWS WAF Challenge', 'Amazon', 'Amazon CloudFront', 'Better Lead Generation Services', 'Calendly', 'CloudFront', 'Cloudflare', 'Coming Soon Page', 'Content Delivery Network', 'DC74', 'GZIP Module', 'Google', 'Google Analytics', 'Google Cloud DNS', 'Google Font API', 'Google My Business', 'Google Related Website Sites', 'Google Tag Manager', 'Hotjar', 'HubSpot Conversations', 'Hubspot', 'IcoMoon', 'Intercom', 'Microdata for Google Shopping', 'Salesforce Hosted', 'Tailwind CSS', 'Twitter Ads', 'UTF-8', 'University or College', 'WF Cookie Consent', 'YouTube', 'reCAPTCHA']"
connectproptech.com,PropTech Connect Europe | Europe's Largest Real Estate Tech Event,PropTech Connect,GBR,87,46226,2026-09-12T15:11:08.476509286Z,"['AI Log', 'AWS WAF Challenge', 'Alternate Protocol', 'Amazon Link Enchancer', 'Amazon Widgets', 'Apollo IO', 'Cisco/Arrowpoint Content Service Switch', 'Clockwork', 'Cloudflare', 'Content Delivery Network', 'DAV', 'DuracellTomi Google Tag Manager for WordPress', 'Elementor', 'Elementor Addon Elements', 'EmbedPress', 'Essential Addons for Elementor', 'GoDaddy', 'Google Analytics', 'Google Tag Manager', 'Header, Footer and Blocks for Elementor', 'Hello Elementor', 'HubSpot WordPress Plugin', 'LinkedIn Insights', 'LiteSpeed', 'Microdata for Google Shopping', 'Microsoft Clarity', 'PHP', 'Perl', 'Table Addons for Elementor', 'Theme In WP', 'UTF-8', 'Wangsu', 'WordPress', 'WordPress Multisite', 'jQuery']"
figtreegardens.com,Home - Fig Tree Gardens,My WordPress,CYP,77,13975,2026-09-12T15:11:08.471817838Z,"['Alternate Protocol', 'Content Delivery Network', 'Elementor', 'EmbedPress', 'Gambling Content', 'Google', 'Google Analytics', 'Google Cloud CDN', 'Google Cloud DNS', 'Google Font API', 'Google Maps', 'Google My Business', 'Google Tag Manager', 'Houzez', 'HubSpot WordPress Plugin', 'Instagram Follow Button', 'Microdata for Google Shopping', 'NFOrce Internet', 'Nginx', 'PHP', 'Slider Revolution', 'Theme In WP', 'UTF-8', 'Woo Themes', 'WordPress', 'WordPress Multisite', 'jQuery']"
dcmacademy.org,Certified Professional Courses & Training | DCM Academy,,,67,26046,2026-09-12T15:11:08.4610731Z,"['Apache', 'Column Shortcodes', 'Contact Form 7', 'Contact Form Plugin', 'Elfsight', 'EmbedPress', 'Fireblade', 'Font Awesome', 'Google Analytics', 'Google Cloud DNS', 'Google Conversion Tracking', 'Google Font API', 'Google Maps', 'Google Tag Manager', 'HubSpot Conversations', 'Hubspot', 'PHP', 'Slider Revolution', 'Theme In WP', 'Twitter Ads', 'UTF-8', 'Vimeo', 'Woo Themes', 'WooCommerce', 'WooCommerce Checkout', 'WordPress', 'WordPress Multisite', 'eLand', 'jQuery']"
inssimplified.com,Insurance Simplified,,USA,72,15739,2026-09-12T15:11:08.434590122Z,"['Alternate Protocol', 'Cloudflare', 'Content Delivery Network', 'Fastly', 'Font Awesome', 'Google', 'Google Analytics', 'Google Cloud DNS', 'Google Font API', 'Google Tag Manager', 'Hubspot Knowledge Base', 'UTF-8']"
talusfilms.com,Talus Films | Video Production Chicago | Storytelling & Adventure,Talus Films,USA,87,115250,2026-09-12T14:58:48.690240545Z,"['AWS WAF Challenge', 'Alternate Protocol', 'Amazon WAF Blocked', 'Apture Linking Platform', 'Content Delivery Network', 'DAV', 'Express', 'Fastly', 'Fastly CDN', 'GZIP Module', 'Google Related Website Sites', 'HubSpot Conversations', 'Hubspot', 'Instagram Follow Button', 'Microdata for Google Shopping', 'NFOrce Internet', 'POWr', 'PWA', 'Perl', 'QUIC', 'SMC', 'Seflow Italy', 'Sentry', 'SiteW', 'Termly', 'Thank You', 'UTF-8', 'Vector Internet Services', 'Wix', 'Wix Media', 'WordPress Related Posts', 'YouTube', 'eLand', 'mlcom']"
lafayetteanimalhospital.com,"Veterinarian & Animal Hospital in Portsmouth, NH | Lafaye...",,GBR,77,265030,2026-09-12T14:58:48.68990524Z,"['Alternate Protocol', 'Amazon', 'Amazon CloudFront', 'Amazon Route 53', 'CloudFront', 'Content Delivery Network', 'GZIP Module', 'Google', 'Google Cloud DNS', 'Google Font API', 'Google Maps', 'Google My Business', 'HubSpot Conversations', 'Hubspot', 'Instagram Follow Button', 'Microdata for Google Shopping', 'Next.js', 'Ntent', 'Perl', 'Pleroma', 'QUIC', 'Radix UI', 'Sitelinks Search Box', 'Tailwind CSS', 'UTF-8', 'University or College', 'Workday']"
trytopleft.com,"Visual Project Management for MSPs on ConnectWise, Autotask & HaloPSA | TopLeft",TopLeft Technologies Ltd.,,67,27468,2026-09-12T14:58:48.672628896Z,"['Alternate Protocol', 'Amazon WAF Blocked', 'Builder', 'Chargebee', 'Chatlio', 'Cloudflare', 'Cloudflare CDN', 'Content Delivery Network', 'DoubleClick Bid Manager', 'Fastly', 'Google', 'Google Analytics', 'Google Cloud DNS', 'Google Font API', 'Google Tag Manager', 'Harbor', 'Hubspot Knowledge Base', 'Microdata for Google Shopping', 'Tailwind CSS', 'UTF-8', 'Vector Internet Services', 'YouTube', 'monday.com', 'shadcn ui']"
wirelesstourguide.com,"Tour Guide Systems, Radio Rentals & Training Headsets | Implecho",Implecho,USA,77,35438,2026-09-12T14:58:48.671054694Z,"['Alternate Protocol', 'Angular', 'CallRail', 'Cloudflare', 'Cloudflare CDN', 'Content Delivery Network', 'Fastly', 'Fireblade', 'FormSubmit', 'Google Analytics', 'Google Related Website Sites', 'Google Tag Manager', 'Hubspot Knowledge Base', 'Lead Forensics', 'Lucky Orange', 'Microdata for Google Shopping', 'QUIC', 'Twitter Ads', 'UTF-8', 'University or College', 'YouTube']"
milwaukee2way.com,Critical Communication and Security Solutions | BAYCOM,BAYCOM,USA,82,31052,2026-09-12T14:50:21.89336897Z,"['AWS WAF Challenge', 'Adobe Creative Cloud WebFonts', 'Apture Linking Platform', 'Cloudflare', 'Cloudflare CDN', 'Content Delivery Network', 'Express', 'Fastly', 'FormSubmit', 'Google Analytics', 'Google Tag Manager', 'Hubspot Knowledge Base', 'Lucky Orange', 'Microdata for Google Shopping', 'NFOrce Internet', 'QUIC', 'Shifter', 'UTF-8', 'University or College', 'YouTube']"
traveltech.org,Home - Travel Tech Association,Travel Tech Association,USA,82,12576,2026-09-12T14:50:21.888054628Z,"['Add to Any', 'Alternate Protocol', 'Apture Linking Platform', 'EmbedPress', 'GZIP Module', 'Google', 'Google Analytics', 'Google Cloud DNS', 'Google Font API', 'Google Tag Manager', 'Gutenberg Blocks by Kadence Blocks', 'HubSpot WordPress Plugin', 'Kadence WP', 'Microdata for Google Shopping', 'Nginx', 'PHP', 'QUIC', 'Theme In WP', 'UTF-8', 'WP Rocket', 'WordPress', 'WordPress Multisite', 'YouTube', 'jQuery']"
makinbigbassmemories.com,Orlando FL Fishing Charter | Makin Big Bass Memories,Makin Big Bass Memories,USA,77,35322,2026-09-12T14:50:21.878806173Z,"['Amazon', 'Amazon API Gateway', 'Amazon CloudFront', 'Amazon Route 53', 'Apture Linking Platform', 'CloudFront', 'Content Delivery Network', 'DoubleClick Bid Manager', 'Fastly', 'Fireblade', 'GZIP Module', 'Google Cloud DNS', 'Google Maps', 'Heap', 'Hubspot', 'InitiativeS', 'Instagram Follow Button', 'Line2', 'Microdata for Google Shopping', 'Next.js', 'Pleroma', 'QUIC', 'Stripe', 'Tailwind CSS', 'UTF-8', 'Vimeo', 'YouTube', 'eLand']"
aka-ti.my,"AKATI Sekurity | Managed Security, Compliance & Incident Response",AKATI Sekurity,MYS,77,101153,2026-09-12T14:35:28.58264937Z,"['Alternate Protocol', 'Apture Linking Platform', 'Aruba', 'Corporate Governance and Regulatory Compliance', 'Express', 'Fireblade', 'GZIP Module', 'Google Analytics', 'Google Cloud DNS', 'Google Font API', 'Google Tag Manager', 'HubSpot Conversations', 'Hubspot', 'Instagram Follow Button', 'Line2', 'Magento Enterprise', 'Microdata for Google Shopping', 'QUIC', 'SiteW', 'Squarespace', 'UTF-8', 'WordPress SEO Structured Data Schema Plugin', 'eLand']"
fanpage.com,Fanpage NFT Marketplace –,Fanpage NFT Marketplace,,72,22564,2026-09-12T14:35:28.568664815Z,"['Alternate Protocol', 'Bulma', 'Cloudflare', 'Cloudflare CDN', 'Content Delivery Network', 'Elementor', 'EmbedPress', 'Essential Addons for Elementor', 'Google Analytics', 'Google Cloud DNS', 'Google Conversion Tracking', 'Google Font API', 'Google Tag Manager', 'Gravity', 'Gravity Forms', 'HubSpot Conversations', 'HubSpot WordPress Plugin', 'Hubspot', 'Instagram Follow Button', 'Matomo', 'Matomo Tag Manager', 'Microdata for Google Shopping', 'PHP', 'Slider Revolution', 'Theme In WP', 'Twitter Ads', 'UTF-8', 'WordPress', 'WordPress Multisite', 'jQuery']"
pleighties.com,"Pleighties - Content Creation, Drone Services, Marketing, and Advertising",Pleighties LLC,,67,43616,2026-09-12T14:25:22.583101595Z,"['AWS WAF Challenge', 'Alternate Protocol', 'Analytify', 'Cloudflare', 'Cloudflare CDN', 'Content Delivery Network', 'DuracellTomi Google Tag Manager for WordPress', 'EmbedPress', 'Facebook Conversion Tracking', 'Facebook Login', 'Facebook Messenger Platform', 'Facebook Pixel', 'Facebook Reseller', 'Facebook Tag API', 'FormSubmit', 'GoDaddy', 'Google', 'Google Analytics', 'Google Cloud DNS', 'Google Font API', 'Google My Business', 'Google Related Website Sites', 'Google Tag Manager', 'HubSpot WordPress Plugin', 'Instagram Follow Button', 'Kriesi.at', 'Microdata for Google Shopping', 'UTF-8', 'Wangsu', 'WordPress', 'WordPress Multisite', 'YouTube', 'jQuery']"
heidtvet.com,"Veterinarian & Animal Hospital in Lima, OH | Heidt Veteri...",,USA,82,265030,2026-09-12T14:25:22.567478647Z,"['Alternate Protocol', 'Amazon', 'Amazon CloudFront', 'Amazon Route 53', 'CloudFront', 'Content Delivery Network', 'GZIP Module', 'Google', 'Google Cloud DNS', 'Google Font API', 'Google Maps', 'Google My Business', 'HubSpot Conversations', 'Hubspot', 'Microdata for Google Shopping', 'Next.js', 'Ntent', 'Pleroma', 'QUIC', 'Radix UI', 'Sitelinks Search Box', 'Tailwind CSS', 'UTF-8', 'Workday']"
elvationusa-vet.com,Veterinary Shockwave Therapy – PiezoWave2T VET | ElvationUSA VET,ElvationUSA VET,,82,107290,2026-09-12T14:25:22.561474347Z,"['Complianz', 'DAV', 'Divi', 'Elegant Themes', 'EmbedPress', 'Ethy', 'Financial Services Guide', 'GZIP Module', 'Google Analytics', 'Google Tag Manager', 'HHVM', 'HubSpot Conversations', 'Hubspot', 'Instagram Follow Button', 'K2F', 'KVH', 'Microdata for Google Shopping', 'Nationwide Mortgage Licensing System and Registry', 'Nginx', 'No-Q', 'PHP', 'Pagekit', 'QUIC', 'SMC', 'Smush Image Optimization', 'Subversion', 'Theme In WP', 'UTF-8', 'Visx', 'W3 Total Cache', 'Woo Themes', 'WordPress', 'WordPress Multisite', 'jQuery']"
runsullyai.com,Sully.ai - Superhuman team of AI Employees for Hospitals,Sully.ai,USA,77,96764,2026-09-12T14:14:42.138137091Z,"['Alternate Protocol', 'AthenaHealth', 'Framer Sites', 'Google', 'Google Analytics', 'Google Cloud CDN', 'Google Tag Manager', 'HubSpot Conversations', 'Hubspot', 'KVH', 'Microdata for Google Shopping', 'Ntent', 'O2MC Dimml', 'OpenAI', 'Oracle Cloud', 'Twitter Ads', 'VWO Engage', 'Vector Internet Services', 'Visual Website Optimizer', 'Yandex Hosting', 'Zeald']"
onecontactcenter.com,"Inbound Call Center Philippines, Outsource Telemarketing Service",MAKING YOUR CUSTOMERS HAPPY IS OUR HOBBY,USA,72,14107,2026-09-12T14:14:42.113706367Z,"['AJAX Libraries API', 'Apache', 'CDN JS', 'Cloudflare', 'Cloudflare CDN', 'ElementUI', 'Font Awesome', 'GZIP Module', 'Google', 'Google Analytics', 'Google Cloud DNS', 'Google Font API', 'Google Related Website Sites', 'Google Tag Manager', 'HubSpot Conversations', 'Hubspot', 'IcoMoon', 'Instagram Follow Button', 'MailChimp', 'Microdata for Google Shopping', 'Pexels', 'Tailwind CSS', 'Twitter Ads', 'UTF-8', 'jQuery', 'jsDelivr']"
lockitupcharters.com,Key Largo Fishing Charters | Florida Keys Fishing Trips,Lock It Up Charters,USA,82,60322,2026-09-12T14:02:59.784416713Z,"['AWS WAF Challenge', 'Amazon', 'Amazon API Gateway', 'Amazon CloudFront', 'Amazon Route 53', 'Barracuda Web App Firewall', 'CloudFront', 'Content Delivery Network', 'DoubleClick Bid Manager', 'Fastly', 'Fireblade', 'GZIP Module', 'Google Cloud DNS', 'Google Maps', 'Heap', 'Hubspot', 'Instagram Follow Button', 'Line2', 'Microdata for Google Shopping', 'Next.js', 'Pleroma', 'QUIC', 'Stripe', 'Tailwind CSS', 'The Deck', 'UTF-8', 'Vimeo', 'YouTube']"
kraftinox.ro,"kraftinox – Precizie în inox: creșterea calității, îmbunătățirea vieții",,ROU,65,237511,2026-09-12T14:02:59.781896656Z,"['ADFOX', 'AWS WAF Challenge', 'Active Campaign', 'AdRoll', 'AddThis for Wordpress', 'Affiliatly', 'Afterpay', 'Alternate Protocol', 'Amazon Associates Affiliate Shop', 'Amazon WAF Blocked', 'Amped', 'Amplitude', 'Automattic', 'Bing Cashback', 'Bing Conversion Tracking', 'Blocksy', 'ByteDance', 'Calendly', 'Clicky', 'Cloudflare', 'Cloudflare CDN', 'Cloudflare Web Analytics', 'Commission Junction', 'Crisp', 'Criteo', 'Criteo Reseller', 'Crowdsignal', 'DemDex', 'Disqus Comment System for WordPress', 'DoubleClick Bid Manager', 'Drift', 'Drip', 'ETranslate', 'Elementor', 'EmbedPress', 'Facebook Embedded Posts', 'Facebook Login', 'Facebook Messenger Platform', 'Facebook Reseller', 'Fomo', 'Freshdesk Support', 'Freshworks Bot', 'GTranslate', 'Google', 'Google Analytics', 'Google Cloud CDN', 'Google Cloud DNS', 'Google Font API', 'Google Maps', 'Google Matched Content', 'Google My Business', 'Google Reseller', 'Google Tag Manager', 'Hello Bar', 'Hubspot', 'Impact', 'Inspectlet', 'Instagram Follow Button', 'Intercom', 'Jetpack', 'JustUno', 'Klarna', 'Klaviyo', 'LiveChat', 'LiveChat Monitoring', 'MailChimp', 'Matomo', 'Microsoft Clarity', 'Mixpanel', 'Monster', 'Mouseflow', 'NFOrce Internet', 'Olark', 'OptinMonster', 'Outbrain Direct', 'PHP', 'PayPal Adaptive Payments', 'Platform.sh', 'Plausible Analytics', 'Popup Maker for Wordpress', 'Popupsmart', 'Privy', 'Proof', 'RM Education', 'Rakuten Affiliate', 'Referral Candy', 'Refersion', 'Seflow Italy', 'Segment', 'ShareASale', 'ShareThis Share Buttons for WordPress', 'Simple Analytics', 'Sleeknote', 'Smart Slider 3', 'Smile IO', 'Stripe', 'Sumo', 'Swell Rewards', 'Taboola Direct', 'Taboola Reseller', 'Theme In WP', 'TradeDoubler', 'Twitter Ads', 'Twitter Analytics', 'Typeform', 'UTF-8', 'Unbounce', 'Vimeo', 'WPForms', 'Wisepops', 'Wistia', 'Woo Themes', 'WooCommerce', 'WooCommerce Checkout', 'WordPress', 'WordPress Multisite', 'WordPress Stats', 'Yandex Hosting', 'Yotpo', 'YouTube', 'eLand', 'hCaptcha', 'hCaptcha for WordPress', 'jQuery', 'reCAPTCHA', 'shadcn ui']"
bunkerdownchartersnj.com,Explore Carteret's Hidden Gems with Captain Ken Zwirko,BunkerDown Charters,USA,82,20322,2026-09-12T14:02:59.7699715Z,"['Amazon', 'Amazon API Gateway', 'Amazon CloudFront', 'Amazon Route 53', 'Apture Linking Platform', 'CloudFront', 'Content Delivery Network', 'DoubleClick Bid Manager', 'Fastly', 'GZIP Module', 'Google Cloud DNS', 'Google Maps', 'Heap', 'Hubspot', 'Instagram Follow Button', 'Line2', 'Microdata for Google Shopping', 'Next.js', 'Pleroma', 'QUIC', 'Stripe', 'Tailwind CSS', 'UTF-8', 'Vimeo', 'YouTube']"
selectkitchens.ca,"Select Kitchen – Quispamsis, Rothesay, Saint John Custom Kitchen Suppliers",,CAN,65,40162,2026-09-12T14:02:59.749751879Z,"['Alternate Protocol', 'Azure Edge', 'Content Delivery Network', 'Contento', 'Easy Fancybox', 'EmbedPress', 'GZIP Module', 'HubSpot WordPress Plugin', 'Instagram Follow Button', 'Jetpack', 'PHP', 'Sucuri Cloudproxy', 'Thank You', 'Theme In WP', 'Twitter Ads', 'UTF-8', 'WordPress', 'WordPress Multisite', 'jQuery', 'jQuery Pin It Button for Images']"
thestandardseffect.com,The Standards Effect | by Kadir Özbayram | Set the Standard—Shape Your Future.,,,77,28200,2026-09-12T13:53:25.714769115Z,"['AWS WAF Challenge', 'Amazon Widgets', 'CDN JS', 'Cloudflare', 'Cloudflare CDN', 'Content Delivery Network', 'Fastly', 'Hubspot Knowledge Base', 'Instagram Follow Button', 'UTF-8', 'YouTube']"
paintedtreetx.com,"A New Home Community in McKinney, TX | Painted Tree",,USA,82,29086,2026-09-12T13:53:25.710573856Z,"['AJAX Libraries API', 'AWS WAF Challenge', 'Alternate Protocol', 'Amazon WAF Blocked', 'Aruba', 'Cloudflare', 'Coming Soon Page', 'Content Delivery Network', 'DAV', 'EmbedPress', 'Font Awesome', 'Google Analytics', 'Google Cloud DNS', 'Google My Business', 'Google Related Website Sites', 'Google Tag Manager', 'Gravity', 'Gravity Forms', 'HubSpot Conversations', 'Hubspot', 'Instagram Follow Button', 'MediaMath', 'Microdata for Google Shopping', 'PHP', 'QUIC', 'Theme In WP', 'UTF-8', 'University or College', 'Vimeo', 'WP Engine', 'WordPress', 'WordPress Multisite', 'eLand', 'jQuery', 'reCAPTCHA']"
basecampswag.com,Basecamp Swag – Your trusted source of custom-branded Basecamp products,,,67,118683,2026-09-12T13:53:25.676944952Z,"['AJAX Libraries API', 'Adult Content', 'Alternate Protocol', 'Business Promotion', 'Cart.com', 'Content Delivery Network', 'Elementor', 'EmbedPress', 'Express', 'Google Analytics', 'Google Cloud DNS', 'Google Customer Reviews', 'Google My Business', 'Google Related Website Sites', 'Google Tag Manager', 'HubSpot Conversations', 'HubSpot WordPress Plugin', 'Hubspot', 'IcoMoon', 'LiteSpeed', 'NFOrce Internet', 'PHP', 'Shoptimizer', 'Tawk', 'Theme In WP', 'UTF-8', 'Umbler', 'Vimeo', 'WPForms', 'Woo Themes', 'WooCommerce', 'WooCommerce Checkout', 'WordPress', 'WordPress Multisite', 'YouTube', 'jQuery']"
roc-haus.co.uk,ROC haus | Chartered Surveyor & Architectural Design,ROC haus,GBR,92,38383,2026-09-12T13:39:42.409824701Z,"['Alternate Protocol', 'Contact Form Plugin', 'Content Delivery Network', 'Contento', 'EmbedPress', 'Fastly', 'Font Awesome', 'GZIP Module', 'Google Cloud DNS', 'Google Font API', 'HubSpot Conversations', 'Hubspot', 'IcoMoon', 'Microdata for Google Shopping', 'Muffin Group', 'Nginx', 'PHP', 'Page scroll to id', 'QUIC', 'Slider Revolution', 'Subversion', 'Tailwind CSS', 'Theme In WP', 'Twitter Ads', 'UTF-8', 'Woo Themes', 'WordPress', 'WordPress Multisite', 'jQuery']"
graypath.info,GRAYPATH: Quantum-Resistant VPN Alternative | Intelligent Waves,,,82,43577,2026-09-12T13:39:42.395907814Z,"['Alternate Protocol', 'Cloudflare', 'Content Delivery Network', 'DuracellTomi Google Tag Manager for WordPress', 'EmbedPress', 'Fireblade', 'Google Analytics', 'Google Cloud DNS', 'Google Font API', 'Google My Business', 'Google Related Website Sites', 'Google Tag Manager', 'Gravity', 'HubSpot Conversations', 'HubSpot WordPress Plugin', 'Hubspot', 'IcoMoon', 'Instagram Follow Button', 'Kitco', 'Microdata for Google Shopping', 'SiteGround Optimizer', 'Slider Revolution', 'The Events Calendar', 'ThemeFusion', 'UTF-8', 'WP Engine', 'WP jQuery Lightbox', 'WordPress', 'WordPress Multisite', 'eLand', 'jQuery', 'reCAPTCHA']"
imveloltd.co.uk,"Environmental Consultants Newcastle, UK | Sustainability Consultancy & ISO 14001 Training",,GBR,77,37213,2026-09-12T13:18:01.496590389Z,"['Add to Any', 'Alternate Protocol', 'Amazon CloudFront', 'CloudFront', 'Divi', 'Elegant Themes', 'EmbedPress', 'Fireblade', 'Formidable Pro Form', 'Google Analytics', 'Google Cloud DNS', 'Google Font API', 'Google My Business', 'Google Related Website Sites', 'Google Tag Manager', 'HubSpot Conversations', 'HubSpot WordPress Plugin', 'Hubspot', 'Microdata for Google Shopping', 'PHP', 'Pico CSS', 'Popup Maker for Wordpress', 'Theme In WP', 'Twitter Ads', 'UTF-8', 'WordPress', 'WordPress Multisite', 'eLand', 'jQuery', 'reCAPTCHA']"
sttscp.com,"StateScoop | State & Local Government IT News, Breaking Tech News",StateScoop,USA,77,279739,2026-09-12T13:05:09.344707527Z,"['AWS WAF Challenge', 'Adobe Creative Cloud WebFonts', 'Alternate Protocol', 'Amazon', 'Amazon CloudFront', 'Amazon Route 53', 'CloudFront', 'Content Delivery Network', 'DoubleClick Bid Manager', 'EmbedPress', 'Google Analytics', 'Google Tag Manager', 'HubSpot Conversations', 'Hubspot', 'Instagram Follow Button', 'Microdata for Google Shopping', 'NFOrce Internet', 'Nginx', 'PHP', 'Theme In WP', 'Twitter Ads', 'Tyler Technologies', 'UTF-8', 'University or College', 'Vercel', 'WordPress', 'WordPress Multisite', 'YouTube']"
advise.is,"Advise - Business Intelligence, reimagined",,ISL,77,15640,2026-09-12T13:05:09.327785359Z,"['Alternate Protocol', 'CDN JS', 'Cloudflare', 'Cloudflare CDN', 'Content Delivery Network', 'Fastly', 'Google', 'Google Analytics', 'Google Cloud DNS', 'Google Font API', 'Google Tag Manager', 'Hubspot Knowledge Base', 'Instagram Follow Button', 'Microdata for Google Shopping', 'QUIC', 'Tailwind CSS', 'UTF-8']"
ncsmultistage.com,NCS Multistage,,USA,75,46961,2026-09-12T12:42:23.361722458Z,"['AWS WAF Challenge', 'Alternate Protocol', 'Autoptimize', 'Cloudflare', 'Contact Form Plugin', 'Content Delivery Network', 'DAV', 'EmbedPress', 'Google', 'Google Analytics', 'Google Cloud CDN', 'Google Cloud DNS', 'Google Font API', 'Google Tag Manager', 'HubSpot Conversations', 'Hubspot', 'IcoMoon', 'LinkedIn Insights', 'LinkedIn Pixel', 'Microsoft Clarity', 'Oracle Cloud', 'Oracle Content Management', 'PHP', 'QUIC', 'Slider Revolution', 'Smart Slider 3', 'Tailwind CSS', 'Theme In WP', 'Twitter Ads', 'UTF-8', 'WP Engine', 'WPBakery', 'Woo Themes', 'WordPress', 'WordPress Multisite', 'WordPress Related Posts', 'YITH WooCommerce Compare', 'YouTube', 'eLand', 'jQuery']"
totalmobile.com,Field Service Management Software | Totalmobile,,GBR,77,85267,2026-09-12T12:42:23.352485962Z,"['AWS WAF Challenge', 'Adult Content', 'Alternate Protocol', 'Angular', 'Animate It', 'Apture Linking Platform', 'Bing Cashback', 'Bing Conversion Tracking', 'ClickCease', 'Cloudflare', 'Content Delivery Network', 'CookieYes', 'CrazyEgg', 'DAV', 'DoubleClick Bid Manager', 'EmbedPress', 'Fireblade', 'Font Awesome', 'FreeCSSTemplates', 'Google', 'Google Analytics', 'Google Cloud CDN', 'Google Cloud DNS', 'Google Font API', 'Google Maps', 'Google Matched Content', 'Google My Business', 'Google Reseller', 'Google Tag Manager', 'Gravity', 'Gravity Forms', 'Hubspot', 'IcoMoon', 'Intercom', 'Line2', 'LinkedIn Pixel', 'Menu Icons by ThemeIsle', 'Microsoft Clarity', 'Nectar Slide Plugin', 'NitroPack', 'PHP', 'Pardot', 'QUIC', 'Say what', 'Slider Revolution', 'Stripe', 'Structured Content for WordPress', 'TablePress', 'Tailwind CSS', 'Theme In WP', 'UTF-8', 'Vimeo', 'WPBakery', 'WordPress', 'WordPress Multisite', 'YouTube', 'jQuery']"
thearlingtonapartments.com,The Arlington Apartments,,USA,77,11566,2026-09-12T12:19:47.784432247Z,"['Alternate Protocol', 'Apache', 'Elementor', 'EmbedPress', 'Font Awesome', 'GZIP Module', 'Google Analytics', 'Google Cloud DNS', 'Google Font API', 'Google My Business', 'Google Tag Manager', 'HubSpot WordPress Plugin', 'Microdata for Google Shopping', 'NFOrce Internet', 'PHP', 'QUIC', 'Theme In WP', 'UTF-8', 'Woo Themes', 'WordPress', 'WordPress Multisite', 'jQuery']"
glassactioncharters.com,West Palm Beach Fishing Charters – Glass Action Charters,Glass Action Charters ,USA,82,75322,2026-09-12T12:19:47.713783224Z,"['AWS WAF Challenge', 'Amazon', 'Amazon API Gateway', 'Amazon CloudFront', 'Amazon Route 53', 'Apture Linking Platform', 'Barracuda Web App Firewall', 'CloudFront', 'Content Delivery Network', 'DoubleClick Bid Manager', 'Fastly', 'GZIP Module', 'Google Cloud DNS', 'Google Maps', 'Harbor', 'Heap', 'Hubspot', 'Instagram Follow Button', 'Line2', 'Microdata for Google Shopping', 'Next.js', 'Pleroma', 'QUIC', 'Stripe', 'Tailwind CSS', 'The Fresh', 'UTF-8', 'Vimeo', 'YouTube']"
businesstimesug.com,Home Page - Business Times,Business Times,UGA,77,44325,2026-09-12T12:06:46.772916551Z,"['AWS WAF Challenge', 'Adult Content', 'Alternate Protocol', 'Baidu Cloud', 'Cloudflare', 'Cloudflare CDN', 'Contact Form Plugin', 'Elementor', 'EmbedPress', 'GDPR Consent Management Platform', 'GitHub Hosting', 'Google', 'Google Analytics', 'Google Cloud DNS', 'Google Font API', 'Google My Business', 'Google Tag Manager', 'Graphy', 'HubSpot WordPress Plugin', 'LiteSpeed', 'Media.net', 'Microdata for Google Shopping', 'MonsterInsights', 'NFOrce Internet', 'Onyx Internet', 'PHP', 'Perl', 'Soledad', 'Tailwind CSS', 'Theme In WP', 'Twitter Ads', 'UTF-8', 'WPForms', 'Woo Themes', 'WordPress', 'WordPress Multisite', 'Yandex Hosting', 'bbPress', 'eLand', 'jQuery']"
trilliumdesignstudio.com,Trillium Design Studio | Graphics & Marketing Redefined,,,60,195,2026-09-12T11:47:59.300522768Z,"['Alternate Protocol', 'Automattic', 'CheryFramework', 'Content Delivery Network', 'Cornerstone', 'EmbedPress', 'Essential Grid', 'Fontello', 'Google', 'Google Cloud CDN', 'Google Cloud DNS', 'Google Font API', 'Gutenberg', 'HubSpot Conversations', 'HubSpot WordPress Plugin', 'Hubspot', 'Jetpack', 'LayerSlider Responsive', 'LiteSpeed', 'PHP', 'Slider Revolution', 'Theme In WP', 'UTF-8', 'University or College', 'WordPress', 'WordPress Multisite', 'WordPress Stats', 'jQuery']"
mra-construction.com,Home - MRA Construction,MRA Construction,USA,70,23585,2026-09-12T11:34:16.654578849Z,"['Alternate Protocol', 'Better Lead Generation Services', 'Content Delivery Network', 'Custom Facebook Feed', 'Divi', 'Elegant Themes', 'EmbedPress', 'Express', 'Facebook Login', 'Facebook Messenger Platform', 'Facebook Reseller', 'Fastly', 'Font Awesome', 'FooBox', 'GZIP Module', 'Google Cloud DNS', 'Google Font API', 'Google Related Website Sites', 'HubSpot Conversations', 'HubSpot WordPress Plugin', 'Hubspot', 'Instagram Follow Button', 'Microdata for Google Shopping', 'Microsoft Clarity', 'Nginx', 'PHP', 'Photo Gallery by FooGallery', 'Theme In WP', 'UTF-8', 'Woo Themes', 'WordPress', 'WordPress Multisite', 'jQuery']"
bellwetherchurchsolutions.com,Bellwether Church Solutions| Simplifying Your Life,,USA,82,19237,2026-09-12T11:34:16.648954623Z,"['Alternate Protocol', 'Amazon WAF Blocked', 'Aruba', 'ClickUp', 'Content Delivery Network', 'Dext', 'Fastly', 'GZIP Module', 'Google Analytics', 'Google Cloud DNS', 'Google Font API', 'Google Maps', 'Google My Business', 'Google Related Website Sites', 'Google Tag Manager', 'Gravity', 'Gravity Forms', 'Gusto', 'HubSpot Conversations', 'Hubspot', 'Jetpack', 'Microdata for Google Shopping', 'Nginx', 'PHP', 'QUIC', 'QuickBooks Online', 'UTF-8', 'WordPress', 'WordPress Multisite', 'WordPress Stats', 'Xero', 'eLand', 'jQuery', 'reCAPTCHA']"
wealthpointadv.com,WealthPoint Advisors | Allworth Financial,,USA,72,16640,2026-09-12T11:34:16.640976201Z,"['Amazon', 'CDN JS', 'Cloudflare', 'Cloudflare CDN', 'Content Delivery Network', 'Eventbrite', 'Express', 'Fastly', 'Financial Industry Regulatory Authority', 'Google Analytics', 'Google Cloud DNS', 'Google Font API', 'Google Tag Manager', 'Hubspot Knowledge Base', 'Twitter Ads', 'UTF-8', 'YouTube']"
greenfieldpark.ie,Greenfield Park Residents Association,amunnelly.com,,87,13299,2026-09-12T11:13:09.157018051Z,"['Alternate Protocol', 'Cloudflare', 'Cloudflare CDN', 'Content Delivery Network', 'Fastly', 'Font Awesome', 'Hubspot Knowledge Base', 'Instagram Follow Button', 'Microdata for Google Shopping', 'UTF-8']"
esandiegorealty.com,eSan Diego Realty: 1% Listing Fee / 60% Buyer Rebate,,PRI,82,12125,2026-09-12T11:13:09.15085717Z,"['Alternate Protocol', 'Beaver Builder Lite', 'Cloudflare', 'CoBlocks', 'Coming Soon Page', 'Content Delivery Network', 'Elegant Themes', 'EmbedPress', 'FreeCSSTemplates', 'GoDaddy', 'Google Analytics', 'Google Cloud DNS', 'Google Font API', 'Google Related Website Sites', 'Google Tag Manager', 'Harbor', 'HubSpot WordPress Plugin', 'IcoMoon', 'Inspiro Theme', 'Instagram Follow Button', 'Microdata for Google Shopping', 'Microsoft Clarity', 'PHP', 'Perl', 'Sitelinks Search Box', 'Tailwind CSS', 'Theme In WP', 'Twitter Ads', 'UTF-8', 'University or College', 'Vimeo', 'W3.CSS', 'Woo Themes', 'WordPress', 'WordPress Multisite', 'YouTube', 'jQuery']"
oxipas.fr,Oxypas | Safety Jogger,,,77,45596,2026-09-12T11:13:09.125913168Z,"['Adobe Creative Cloud WebFonts', 'Alternate Protocol', 'Apache', 'Fireblade', 'FormSubmit', 'Google Analytics', 'Google Tag Manager', 'HubSpot Conversations', 'Hubspot', 'Imperva Bot Detection and Mitigation', 'Incapsula CDN', 'Instagram Follow Button', 'Microdata for Google Shopping', 'PWA', 'Tailwind CSS', 'YouTube']"
calliehealth.com,Callie Health | Health care for everyone,,USA,77,14980,2026-09-12T10:50:44.045413267Z,"['Better Lead Generation Services', 'Content Delivery Network', 'Fastly', 'Google', 'Google Cloud DNS', 'Google Font API', 'HubSpot Conversations', 'Hubspot', 'UTF-8']"
godlan.com,Manufacturing ERP Software | Godlan,"Godlan, Inc.",,67,68252,2026-09-12T10:43:09.541181333Z,"['AWS WAF Challenge', 'Alternate Protocol', 'Amazon WAF Blocked', 'Apollo IO', 'Apture Linking Platform', 'Aruba', 'Astra Theme', 'Content Delivery Network', 'Elementor', 'ElementsKit Elementor', 'EmbedPress', 'Font Awesome', 'Google', 'Google Analytics', 'Google Cloud CDN', 'Google Cloud DNS', 'Google Font API', 'Google My Business', 'Google Tag Manager', 'Gravity', 'Gravity Forms', 'HubSpot Conversations', 'HubSpot WordPress Plugin', 'Hubspot', 'Microdata for Google Shopping', 'NFOrce Internet', 'Navattic', 'Nginx', 'Oracle Cloud', 'PHP', 'QUIC', 'SiteGround Optimizer', 'Table Addons for Elementor', 'The Events Calendar', 'Theme In WP', 'Twitter Ads', 'UTF-8', 'Woo Themes', 'WordPress', 'WordPress Multisite', 'WordPress Related Posts', 'YouTube', 'eLand', 'jQuery', 'jsDelivr', 'reCAPTCHA', 'wpDataTables']"
chooseinbound281.com,Metro Detroit Digital Marketing Agency | Inbound Marketing Agency,Inbound 281,USA,77,35047,2026-09-12T10:43:09.532701907Z,"['AWS WAF Challenge', 'AdRoll', 'Alternate Protocol', 'Cloudflare', 'Cloudflare CDN', 'Content Delivery Network', 'Facebook Conversion Tracking', 'Facebook Login', 'Facebook Messenger Platform', 'Facebook Pixel', 'Facebook Reseller', 'Facebook Tag API', 'Fastly', 'Font Awesome', 'Google Analytics', 'Google Tag Manager', 'Hotjar', 'Hubspot Knowledge Base', 'IcoMoon', 'Lead Forensics', 'LinkedIn Insights', 'LinkedIn Pixel', 'Microdata for Google Shopping', 'Microsoft Clarity', 'QUIC', 'Tailwind CSS', 'Twitter Ads', 'UTF-8', 'University or College', 'Vimeo', 'YouTube']"
planesense.org,PlaneSense | Fly Private with Fractional Jet Ownership,PlaneSense,GBR,77,132315,2026-09-12T10:28:31.063259668Z,"['Alternate Protocol', 'BatCache', 'CCSI', 'Content Delivery Network', 'Contento', 'DoubleClick Bid Manager', 'EmbedPress', 'Fastly', 'Google', 'Google Analytics', 'Google Cloud CDN', 'Google Cloud DNS', 'Google Font API', 'Google Related Website Sites', 'Google Tag Manager', 'Gravity', 'Gravity Forms', 'HubSpot Conversations', 'Hubspot', 'IcoMoon', 'Instagram Follow Button', 'KVH', 'Microdata for Google Shopping', 'Muffin Group', 'Nginx', 'PHP', 'Perfmatters', 'Popup Maker for Wordpress', 'SMC', 'SiteW', 'Slider Revolution', 'Subversion', 'Theme In WP', 'Twitter Ads', 'UTF-8', 'UserWay', 'Woo Themes', 'WordPress', 'WordPress Multisite', 'WordPress Related Posts', 'YouTube', 'jQuery']"
thronis.com,Home - Thronis,Thronis,,60,6667,2026-09-12T10:28:31.031817218Z,"['AAPT', 'AWS WAF Challenge', 'Alternate Protocol', 'Apache', 'Coming Soon Page', 'Contact Form Plugin', 'DC74', 'Debian', 'ElementUI', 'Elementor', 'EmbedPress', 'Express', 'Facebook Conversion Tracking', 'Facebook Login', 'Facebook Messenger Platform', 'Facebook Pixel', 'Facebook Reseller', 'Facebook Tag API', 'GZIP Module', 'Google', 'Google Analytics', 'Google Cloud CDN', 'Google Cloud DNS', 'Google Font API', 'Google My Business', 'Google Tag Manager', 'HubSpot WordPress Plugin', 'Instagram Follow Button', 'Line2', 'LinkedIn Insights', 'LinkedIn Pixel', 'Microdata for Google Shopping', 'PHP', 'Site Kit', 'Slider Revolution', 'Theme In WP', 'UTF-8', 'Woo Themes', 'WooCommerce', 'WooCommerce Checkout', 'WordPress', 'WordPress Multisite', 'YouTube', 'jQuery', 'reCAPTCHA']"
gener8torupskilling.com,gener8tor Skills Accelerator — gener8tor,,USA,87,143612,2026-09-12T10:28:31.023858856Z,"['Accelevents', 'Aruba', 'ArvanCloud', 'CDN JS', 'Cloudflare', 'Cloudflare CDN', 'Contento', 'Corporate Governance and Regulatory Compliance', 'Express', 'Facebook Login', 'Facebook Messenger Platform', 'Facebook Pixel', 'Facebook Reseller', 'Facebook Tag API', 'Font Awesome', 'GZIP Module', 'Google Analytics', 'Google Tag Manager', 'Greenhouse', 'HubSpot Conversations', 'Hubspot', 'Instagram Follow Button', 'Line2', 'Magento Enterprise', 'Microdata for Google Shopping', 'NFOrce Internet', 'QUIC', 'SiteW', 'Squarespace', 'Twitter Ads', 'UTF-8', 'Vector Internet Services', 'Vimeo', 'WordPress SEO Structured Data Schema Plugin', 'eLand', 'jsDelivr']"
refinedmarketing.co.uk,Refined Marketing | Creative Branding in Liverpool & Lancashire,Refined Marketing,SYC,82,23101,2026-09-12T10:28:31.015539791Z,"['Alternate Protocol', 'Apture Linking Platform', 'Automattic', 'Contact Form Plugin', 'Content Delivery Network', 'EmbedPress', 'Google Analytics', 'Google My Business', 'Google Related Website Sites', 'Google Tag Manager', 'HubSpot Conversations', 'HubSpot WordPress Plugin', 'Hubspot', 'Instagram Follow Button', 'Jetpack', 'Jetpack Site Accelerator', 'LayerSlider Responsive', 'Microdata for Google Shopping', 'Nginx', 'PHP', 'QUIC', 'Thank You', 'The Events Calendar', 'Theme In WP', 'ThemeFusion', 'Tidio', 'UTF-8', 'WP jQuery Lightbox', 'WordPress', 'WordPress Multisite', 'WordPress Stats', 'jQuery', 'reCAPTCHA']"
archcapital.ventures,Arch Capital Ventures – Private Equity Firm That Specializes in Real Estate,,USA,65,20146,2026-09-12T10:18:06.435071179Z,"['Alternate Protocol', 'Apache', 'CheryFramework', 'Coming Soon Page', 'Contact Form Plugin', 'Elementor', 'EmbedPress', 'GZIP Module', 'Google Cloud DNS', 'Google Font API', 'HubSpot Conversations', 'HubSpot WordPress Plugin', 'Hubspot', 'Instagram Follow Button', 'PHP', 'Theme In WP', 'UTF-8', 'Woo Themes', 'WooCommerce Checkout', 'WordPress', 'WordPress Multisite', 'YouTube', 'eLand', 'jQuery']"
biomedican.com,Biomedican – A Biotech Company | Growing Pure High-Value Compounds,Biomedican,USA,82,34834,2026-09-12T10:09:32.932704022Z,"['ADFOX', 'Alternate Protocol', 'Autoptimize', 'Cloudflare', 'Content Delivery Network', 'EmbedPress', 'FormSubmit', 'Gambling Content', 'Google Analytics', 'Google Cloud DNS', 'Google Font API', 'Google Tag Manager', 'HubSpot Conversations', 'Hubspot', 'Microdata for Google Shopping', 'Perl', 'QUIC', 'Twitter Ads', 'UTF-8', 'WPBakery', 'Wangsu', 'Wistia', 'Woo Themes', 'WordPress', 'WordPress Multisite', 'Xtra Theme', 'Yandex Hosting', 'Yandex Metrika', 'YouTube', 'jQuery']"
publicationadvisors.co.uk,Home | Publication Advisors,,GBR,77,27679,2026-09-12T10:09:32.914325388Z,"['AWS WAF Challenge', 'Apache', 'Better Lead Generation Services', 'CDN JS', 'Cloudflare', 'Cloudflare CDN', 'Fancybox for WordPress', 'Font Awesome', 'GZIP Module', 'Google', 'Google Analytics', 'Google Cloud CDN', 'Google Cloud DNS', 'Google Font API', 'Google My Business', 'Google Tag Manager', 'HubSpot Conversations', 'Hubspot', 'Instagram Follow Button', 'PHP', 'QUIC', 'Tailwind CSS', 'Tawk', 'Twitter Ads', 'UTF-8', 'WhatsApp Sharing']"
kicktag.com,Kicktag - Win More Projects with Better Dashboards,,,72,28640,2026-09-12T09:59:02.306877239Z,"['Cloudflare', 'Cloudflare CDN', 'Coming Soon Page', 'Cybot', 'Fireblade', 'FormSubmit', 'Google Analytics', 'Google Cloud DNS', 'Google Font API', 'Google Tag Manager', 'HubSpot Conversations', 'Hubspot', 'Microsoft Azure', 'Visual Studio']"
digitalsero.com,Digitalsero | Fastest Way to Access Digital Marketing Assets,Digitalsero,,67,39231,2026-09-12T09:59:02.266267711Z,"['AJAX Libraries API', 'Alternate Protocol', 'Apture Linking Platform', 'Cloudflare', 'Cloudflare CDN', 'CookieYes', 'Elementor', 'ElementsKit Elementor', 'EmbedPress', 'Facebook Conversion Tracking', 'Facebook Login', 'Facebook Messenger Platform', 'Facebook Pixel', 'Facebook Reseller', 'Facebook Tag API', 'Fireblade', 'FormSubmit', 'Google', 'Google Analytics', 'Google Cloud CDN', 'Google Cloud DNS', 'Google Conversion Tracking', 'Google Font API', 'Google Related Website Sites', 'Google Tag Manager', 'Hello Elementor', 'HubSpot WordPress Plugin', 'IcoMoon', 'Instagram Follow Button', 'Kitco', 'LinkedIn Insights', 'LinkedIn Pixel', 'Microdata for Google Shopping', 'PHP', 'Parallels Plesk Panel', 'Perl', 'Premium Addons for Elementor', 'QUIC', 'Site Kit', 'Table Addons for Elementor', 'Tailwind CSS', 'UTF-8', 'Vector Internet Services', 'WordPress', 'WordPress Multisite', 'jQuery']"
brewcreative.co.uk,Home - Brew Creative,Brew Creative,,67,30249,2026-09-12T09:59:02.263703298Z,"['AWS WAF Challenge', 'Akismet', 'Alternate Protocol', 'Automattic', 'Bridge', 'Cloudflare', 'Cloudflare CDN', 'Contact Form Plugin', 'Content Delivery Network', 'Elementor', 'EmbedPress', 'Font Awesome', 'Google', 'Google Analytics', 'Google My Business', 'Google Tag Manager', 'Gutenberg', 'HubSpot WordPress Plugin', 'Instagram Follow Button', 'Jetpack', 'Jetpack Site Accelerator', 'LayerSlider Responsive', 'Microdata for Google Shopping', 'MonsterInsights', 'NFOrce Internet', 'Nginx', 'No-Q', 'Qi Addons For Elementor', 'Schema Plugin', 'Slider Revolution', 'Twitter Ads', 'UTF-8', 'WPBakery', 'WordPress', 'WordPress Multisite', 'WordPress Stats', 'eLand', 'jQuery']"
rayvnagent.global,Critical Event Management Software | RAYVN,,NOR,77,76233,2026-09-12T09:59:02.260926717Z,"['AWS WAF Challenge', 'Alternate Protocol', 'Ametys', 'App Store', 'CheryFramework', 'Cloudflare', 'Cloudflare Bot Manager', 'Cloudflare CDN', 'Collapse-O-Matic', 'Content Delivery Network', 'CookieYes', 'Cornerstone', 'Corporate Governance and Regulatory Compliance', 'DoubleClick Bid Manager', 'EmbedPress', 'Font Awesome', 'Google Analytics', 'Google My Business', 'Google Tag Manager', 'Hubspot', 'Instagram Follow Button', 'Kitco', 'Landis Holdings', 'Lazy Load for WordPress', 'LinkedIn Insights', 'LinkedIn Pixel', 'M247', 'Microdata for Google Shopping', 'PHP', 'QUIC', 'Shopify', 'Site Kit', 'Sitelinks Search Box', 'Theme In WP', 'Twitter Ads', 'UK Cookie Consent', 'UTF-8', 'University or College', 'Weglot', 'Woo Themes', 'WordPress', 'WordPress Multisite', 'YouTube', 'YouTube Advanced by Embed Plus', 'jQuery']"
atomic-tv.com,"Atomic-TV | Live Events, Trade Shows & Broadcast in Vegas",Atomic Television,USA,82,32789,2026-09-12T09:59:02.259834351Z,"['Alternate Protocol', 'Apache', 'Contact Form Plugin', 'Elementor', 'EmbedPress', 'GZIP Module', 'Google Analytics', 'Google Customer Reviews', 'Google Related Website Sites', 'Google Tag Manager', 'HubSpot WordPress Plugin', 'IcoMoon', 'KVH', 'Lazy Load for WordPress', 'Microdata for Google Shopping', 'NFOrce Internet', 'PHP', 'Perfmatters', 'QUIC', 'Qi Addons For Elementor', 'Sitelinks Search Box', 'Table Addons for Elementor', 'Twitter Ads', 'UTF-8', 'WP Rocket', 'Woo Themes', 'WordPress', 'WordPress Multisite']"
nobspropertymgmt.com,Home,,,45,1926,2026-09-12T09:46:55.246315173Z,"['Amazon', 'Amazon Associates Affiliate Shop', 'Amazon WAF Blocked', 'Apture Linking Platform', 'Authorize.net', 'CDN JS', 'CartStack', 'Cloudflare', 'Cloudflare CDN', 'DoubleClick Bid Manager', 'ElementUI', 'Facebook Reseller', 'Font Awesome', 'GZIP Module', 'Gambling Content', 'GetResponse', 'GitHub Hosting', 'Google', 'Google Analytics', 'Google Cloud DNS', 'Google Font API', 'Google Maps', 'Google Matched Content', 'Google My Business', 'Google Reseller', 'Google Tag Manager', 'Hubspot', 'Microdata for Google Shopping', 'New Relic', 'Next.js', 'Nginx', 'Ntent', 'Oddle', 'Pleroma', 'Social Intents', 'Stripe', 'Styled Components', 'UTF-8', 'Way']"
labeledagency.com,LABELED,,CAN,77,46196,2026-09-12T09:38:28.085874672Z,"['Adobe Creative Cloud WebFonts', 'Alternate Protocol', 'Apache', 'CDN JS', 'Cloudflare', 'Cloudflare CDN', 'Endis', 'GZIP Module', 'HubSpot Conversations', 'Hubspot', 'IcoMoon', 'Instagram Follow Button', 'M247', 'Microdata for Google Shopping', 'Netlify', 'Twitter Ads', 'University or College', 'jsDelivr']"
vermontvets.com,"Veterinarian & Animal Hospital in St. Johnsbury, VT | Kin...",,USA,82,265030,2026-09-12T09:13:17.738290719Z,"['Alternate Protocol', 'Amazon', 'Amazon CloudFront', 'Amazon Route 53', 'App Store', 'CloudFront', 'Content Delivery Network', 'Express', 'GZIP Module', 'Google', 'Google Cloud DNS', 'Google Font API', 'Google Maps', 'Google My Business', 'Google Play', 'HubSpot Conversations', 'Hubspot', 'Microdata for Google Shopping', 'Next.js', 'Ntent', 'Pleroma', 'QUIC', 'Radix UI', 'Sitelinks Search Box', 'Tailwind CSS', 'UTF-8', 'Workday']"
uni-print.se,Uni-print,,SWE,52,915,2026-09-12T09:13:17.72092043Z,"['Cloudflare', 'Content Delivery Network', 'Fastly', 'Font Awesome', 'Hubspot Knowledge Base', 'UTF-8', 'jQuery']"
rebeltherapies.com,Screen Addiction Courses & Therapy | Rebel Therapies,Rebel Therapies,,82,31714,2026-09-12T09:13:17.705842475Z,"['AWS WAF Challenge', 'Alternate Protocol', 'Astra Theme', 'Cloudflare', 'Cloudflare CDN', 'Content Delivery Network', 'CookieYes', 'Elementor', 'Elfsight', 'EmbedPress', 'Fastly', 'GZIP Module', 'Google', 'Google Analytics', 'Google Cloud DNS', 'Google Font API', 'Google My Business', 'Google Related Website Sites', 'Google Tag Manager', 'HubSpot Conversations', 'Hubspot', 'Instagram Follow Button', 'Microdata for Google Shopping', 'Nginx', 'QUIC', 'UTF-8', 'University or College', 'Woo Themes', 'WooCommerce Checkout', 'WordPress', 'WordPress Multisite', 'WordPress Related Posts', 'YouTube']"
crittercarevet.com,"Animal Hospital & Veterinarian in Laredo, TX | Critter Ca...",,USA,82,290030,2026-09-12T09:04:46.505128724Z,"['Alternate Protocol', 'Amazon', 'Amazon CloudFront', 'Amazon Route 53', 'CloudFront', 'Content Delivery Network', 'GZIP Module', 'Google', 'Google Cloud DNS', 'Google Font API', 'Google Maps', 'Google My Business', 'HubSpot Conversations', 'Hubspot', 'K2F', 'Microdata for Google Shopping', 'Next.js', 'Ntent', 'Pleroma', 'QUIC', 'Radix UI', 'Sitelinks Search Box', 'Tailwind CSS', 'UTF-8', 'Workday']"
nrgglobal.com.au,NRG GLOBAL,,,55,122,2026-09-12T09:04:46.50398383Z,"['AJAX Libraries API', 'Alternate Protocol', 'Content Delivery Network', 'EmbedPress', 'Google Cloud DNS', 'Google Font API', 'HubSpot Conversations', 'HubSpot WordPress Plugin', 'Hubspot', 'LiteSpeed', 'PHP', 'Slider Revolution', 'Theme In WP', 'UTF-8', 'WP Job Manager', 'WP Job Openings', 'WPBakery', 'Woo Themes', 'WordPress', 'WordPress Multisite', 'jQuery']"
momentumamp.com,AI-Powered Insurance Agency Management Platform | Momentum AMP,Momentum AMP,USA,77,13869,2026-09-12T08:51:38.8956769Z,"['Better Lead Generation Services', 'Cloudflare', 'Cloudflare CDN', 'CoreUI', 'Fastly', 'Google Analytics', 'Google My Business', 'Google Tag Manager', 'Hubspot Knowledge Base', 'Instagram Follow Button', 'Microdata for Google Shopping', 'QUIC', 'Twitter Ads', 'UTF-8', 'University or College', 'YouTube', 'Zoom', 'Zoom Video Conferencing']"
peinturecardinal.ca,Peintres en batiment,,,67,23200,2026-09-12T08:51:38.866676491Z,"['CDN JS', 'Cloudflare', 'Cloudflare CDN', 'Content Delivery Network', 'Fastly', 'GitHub Hosting', 'GroupMe', 'Hubspot Knowledge Base', 'Instagram Follow Button', 'Onyx Internet', 'Perl', 'Thank You', 'Twitter Ads', 'UTF-8', 'jsDelivr']"
personcenteredsw.com,Person Centred Software | Care management software,Person Centered Software,GBR,77,13299,2026-09-12T08:51:38.847311303Z,"['Alternate Protocol', 'Bulma', 'CDN JS', 'Cloudflare', 'Cloudflare CDN', 'Fastly', 'Font Awesome', 'Google Analytics', 'Google Tag Manager', 'Hubspot Knowledge Base', 'Microdata for Google Shopping', 'QUIC', 'Tailwind CSS', 'Twitter Ads', 'UTF-8', 'jsDelivr']"
hamiltonah.com,"Veterinarian & Animal Hospital in Roslyn, PA | Hamilton A...",,CAN,77,265030,2026-09-12T08:40:06.840354316Z,"['Alternate Protocol', 'Amazon', 'Amazon CloudFront', 'Amazon Route 53', 'App Store', 'CloudFront', 'Content Delivery Network', 'GZIP Module', 'Google', 'Google Cloud DNS', 'Google Font API', 'Google Maps', 'Google My Business', 'Google Play', 'HubSpot Conversations', 'Hubspot', 'Microdata for Google Shopping', 'Next.js', 'Ntent', 'Pleroma', 'QUIC', 'Radix UI', 'Sitelinks Search Box', 'Tailwind CSS', 'UTF-8', 'Workday']"
chrysalis.world,Home | Chrysalis,EZ Vidya Pvt Ltd,IND,75,115281,2026-09-12T08:31:52.874817472Z,"['AWS WAF Challenge', 'Alternate Protocol', 'Amazon WAF Blocked', 'Apture Linking Platform', 'Content Delivery Network', 'DAV', 'Express', 'Fastly', 'Fastly CDN', 'Financial Services Guide', 'GZIP Module', 'Google Analytics', 'Google Related Website Sites', 'Google Tag Manager', 'HubSpot Conversations', 'Hubspot', 'InitiativeS', 'Instagram Follow Button', 'Microdata for Google Shopping', 'NFOrce Internet', 'PWA', 'Perl', 'QUIC', 'SMC', 'Seflow Italy', 'Sentry', 'Share Link', 'SiteW', 'Thank You', 'Twitter Ads', 'UTF-8', 'Vector Internet Services', 'WP Booking Calendar', 'Wix', 'Wix Media', 'YouTube', 'eLand', 'mlcom']"
carcollect.com,CarCollect - The all-in-one automotive platform,,NLD,87,15267,2026-09-12T08:20:49.661919377Z,"['Alternate Protocol', 'App Store', 'Apture Linking Platform', 'Cloudflare', 'Coming Soon Page', 'Content Delivery Network', 'Ethy', 'Fastly', 'Google Analytics', 'Google My Business', 'Google Play', 'Google Tag Manager', 'Hexo', 'Hubspot Knowledge Base', 'IcoMoon', 'LottieFiles', 'QUIC', 'UTF-8', 'YouTube']"
prolificprofiles.com,"Background Checks, Employment & Drug Screening Services - Prolific Profiles",,USA,72,17789,2026-09-12T08:20:49.608008807Z,"['Albacross', 'Apache', 'Authorize.net', 'BJ Lazy Load for WordPress', 'Contact Form 7', 'GZIP Module', 'Google Analytics', 'Google Cloud DNS', 'Google Maps', 'Google My Business', 'Google Tag Manager', 'Hubspot', 'Lazy Load for WordPress', 'Netlify', 'OSS CDN', 'QUIC', 'RM Education', 'Tailwind CSS', 'UTF-8', 'WPBakery', 'jQuery']"
boundary.agency,Boundary | Predictable growth for hyphen-tech brands,Marketing with Boundary,,67,34907,2026-09-12T08:09:30.41992364Z,"['Alternate Protocol', 'Content Delivery Network', 'Elementor', 'EmbedPress', 'Google Analytics', 'Google Tag Manager', 'Hub Theme', 'Hubspot', 'Instagram Follow Button', 'KVH', 'LiteSpeed', 'Microdata for Google Shopping', 'Nginx', 'Schema Plugin', 'UTF-8', 'Vector Internet Services', 'WordPress', 'WordPress Multisite', 'jQuery']"
strategiesforlearning.com,About - Strategies for Learning,,USA,82,42944,2026-09-12T07:48:55.030836984Z,"['AWS WAF Challenge', 'Alternate Protocol', 'Apache', 'Automattic', 'Cisco/Arrowpoint Content Service Switch', 'ContentViews', 'DAV', 'Elementor', 'EmbedPress', 'FreeCSSTemplates', 'GZIP Module', 'Google Analytics', 'Google My Business', 'Google Tag Manager', 'HubSpot Conversations', 'HubSpot WordPress Plugin', 'Hubspot', 'Instagram Follow Button', 'Jetpack', 'Jetpack Site Accelerator', 'Jupiter X Core', 'Line2', 'Microdata for Google Shopping', 'MonsterInsights', 'NFOrce Internet', 'PHP', 'Perl', 'QUIC', 'Sitelinks Search Box', 'Social Media Widget', 'Table Addons for Elementor', 'TablePress', 'Team Members', 'Theme In WP', 'UTF-8', 'University or College', 'Vercel', 'WP Fastest Cache', 'WP Statistics', 'Woo Themes', 'WooCommerce', 'WooCommerce Checkout', 'WooCommerce Payments', 'WordPress', 'WordPress Multisite', 'WordPress Stats', 'YouTube', 'eLand', 'jQuery']"
andrewsvetclinic.com,"Animal Hospital & Veterinarian in Andrews, TX | Andrews V...",,AUT,82,265030,2026-09-12T07:48:55.020467249Z,"['Alternate Protocol', 'Amazon', 'Amazon CloudFront', 'Amazon Route 53', 'CloudFront', 'Content Delivery Network', 'DAV', 'GZIP Module', 'Google', 'Google Cloud DNS', 'Google Font API', 'Google Maps', 'Google My Business', 'HubSpot Conversations', 'Hubspot', 'Microdata for Google Shopping', 'Next.js', 'Ntent', 'Pleroma', 'QUIC', 'Radix UI', 'Sitelinks Search Box', 'Tailwind CSS', 'UTF-8', 'Workday']"
companionvetnh.com,"Veterinarian & Animal Hospital in Chichester, NH | Compan...",,USA,77,265030,2026-09-12T07:48:55.020043491Z,"['Alternate Protocol', 'Amazon', 'Amazon CloudFront', 'Amazon Route 53', 'CloudFront', 'Content Delivery Network', 'GZIP Module', 'Google', 'Google Cloud DNS', 'Google Font API', 'Google Maps', 'Google My Business', 'HubSpot Conversations', 'Hubspot', 'Microdata for Google Shopping', 'Next.js', 'Ntent', 'Pleroma', 'QUIC', 'Radix UI', 'Sitelinks Search Box', 'Tailwind CSS', 'UTF-8', 'Workday']"
cottagepethospital.com,"Veterinarian & Animal Hospital in Anaheim, CA | Cottage P...",,USA,82,265030,2026-09-12T07:48:55.019596498Z,"['Alternate Protocol', 'Amazon', 'Amazon CloudFront', 'Amazon Route 53', 'CloudFront', 'Content Delivery Network', 'Express', 'GZIP Module', 'Google', 'Google Cloud DNS', 'Google Font API', 'Google Maps', 'Google My Business', 'Harbor', 'HubSpot Conversations', 'Hubspot', 'Instagram Follow Button', 'Microdata for Google Shopping', 'Next.js', 'Ntent', 'Pleroma', 'QUIC', 'Radix UI', 'Sitelinks Search Box', 'Tailwind CSS', 'UTF-8', 'University or College', 'Workday']"
cmoforgrowth.co,Fractional or Part Time Chief Marketing Officer for Marketing Strategy,,,67,28200,2026-09-12T07:01:53.963102689Z,"['AWS WAF Challenge', 'Alternate Protocol', 'Better Lead Generation Services', 'Cloudflare', 'Cloudflare CDN', 'Content Delivery Network', 'Fastly', 'Google Analytics', 'Google Tag Manager', 'Hubspot Knowledge Base', 'InitiativeS', 'Thank You', 'UTF-8']"
parkersmoving.ca,Parker's Moving | Trusted Toronto Movers,Parkers Moving,CAN,77,86569,2026-09-12T07:01:53.957548485Z,"['Adobe Creative Cloud WebFonts', 'Adult Content', 'Aruba', 'DAV', 'Express', 'Facebook Login', 'Facebook Messenger Platform', 'Facebook Pixel', 'Facebook Reseller', 'Facebook Tag API', 'FormSubmit', 'GZIP Module', 'Google Analytics', 'Google Conversion Tracking', 'Google Tag Manager', 'HubSpot Conversations', 'Hubspot', 'Instagram Follow Button', 'Line2', 'Magento Enterprise', 'Microdata for Google Shopping', 'Perl', 'QUIC', 'SiteW', 'Squarespace', 'UTF-8', 'WordPress SEO Structured Data Schema Plugin', 'eLand']"
littlelegacyportraits.com,"Little Legacy Portraits | Portrait Photography Studio | Montclair, NJ",Little Legacy Portraits,USA,67,118281,2026-09-12T06:51:22.645299137Z,"['Alternate Protocol', 'Amazon WAF Blocked', 'Apture Linking Platform', 'Content Delivery Network', 'DAV', 'Express', 'Fastly', 'Fastly CDN', 'GZIP Module', 'Google Related Website Sites', 'HubSpot Conversations', 'Hubspot', 'Instagram Follow Button', 'Microdata for Google Shopping', 'NFOrce Internet', 'On The Map', 'PWA', 'Perl', 'QUIC', 'SMC', 'Seflow Italy', 'Sentry', 'SiteW', 'Thank You', 'UTF-8', 'Vector Internet Services', 'WP Booking Calendar', 'Wix', 'Wix Media', 'mlcom']"
signsforless.ca,Signs Company Calgary | Custom Signage | Signs For Less,,CAN,82,16709,2026-09-12T06:39:42.445062337Z,"['Alternate Protocol', 'Content Delivery Network', 'DAV', 'Divi', 'Elegant Themes', 'EmbedPress', 'Fastly', 'GZIP Module', 'GetResponse', 'Google', 'Google Analytics', 'Google Cloud CDN', 'Google Cloud DNS', 'Google Font API', 'Google Tag Manager', 'Gravity', 'HubSpot Conversations', 'Hubspot', 'Line2', 'Microdata for Google Shopping', 'Newsletter for Wordpress', 'Nginx', 'PHP', 'Theme In WP', 'UTF-8', 'WP PageNavi', 'Woo Themes', 'WooCommerce', 'WooCommerce Checkout', 'WordPress', 'WordPress Multisite', 'eLand', 'jQuery']"
tevaesolutions.com,I/DD Provider Consulting & Support: Tevae Solutions,Tevae Solutions,,82,29203,2026-09-12T06:39:42.412967089Z,"['AWS WAF Challenge', 'Alternate Protocol', 'Cloudflare', 'Content Delivery Network', 'EmbedPress', 'Genesis Blocks', 'Google', 'Google Analytics', 'Google Cloud CDN', 'Google Cloud DNS', 'Google Font API', 'Google Tag Manager', 'HubSpot WordPress Plugin', 'IcoMoon', 'LayerSlider Responsive', 'Microdata for Google Shopping', 'PHP', 'Site Kit', 'Slider Revolution', 'ThemeFusion', 'UTF-8', 'WP Engine', 'WordPress', 'WordPress Multisite', 'jQuery']"
islandtreesveterinaryhospital.com,"Veterinarian & Animal Hospital in Hicksville, NY | Island...",,PER,77,280030,2026-09-12T06:24:52.086761441Z,"['Alternate Protocol', 'Amazon', 'Amazon CloudFront', 'Amazon Route 53', 'CloudFront', 'Content Delivery Network', 'Fireblade', 'GZIP Module', 'Google', 'Google Cloud DNS', 'Google Font API', 'Google Maps', 'Google My Business', 'HubSpot Conversations', 'Hubspot', 'Microdata for Google Shopping', 'Next.js', 'Ntent', 'Pleroma', 'QUIC', 'Radix UI', 'Sitelinks Search Box', 'Tailwind CSS', 'UTF-8', 'Workday']"
beachparkanimalclinic.com,"Veterinarian & Animal Hospital in Tampa, FL | Beach Park ...",,USA,77,265030,2026-09-12T06:24:52.083330892Z,"['Alternate Protocol', 'Amazon', 'Amazon CloudFront', 'Amazon Route 53', 'App Store', 'CloudFront', 'Content Delivery Network', 'GZIP Module', 'Google', 'Google Cloud DNS', 'Google Font API', 'Google Maps', 'Google My Business', 'Google Play', 'HubSpot Conversations', 'Hubspot', 'Microdata for Google Shopping', 'Next.js', 'Ntent', 'Pleroma', 'QUIC', 'Radix UI', 'Sitelinks Search Box', 'Tailwind CSS', 'UTF-8', 'Workday']"
cubematch.in,CubeMatch Technologies Pvt. Ltd.,,IND,77,29460,2026-09-12T06:14:56.684970506Z,"['AWS WAF Challenge', 'Apache', 'Better Lead Generation Services', 'CookieConsent', 'Fastly', 'GZIP Module', 'Google Analytics', 'Google My Business', 'Google Related Website Sites', 'Google Tag Manager', 'HubSpot Conversations', 'Hubspot', 'Subversion', 'Tailwind CSS', 'Thank You', 'Twitter Ads', 'Ubuntu', 'YouTube', 'eLand', 'reCAPTCHA']"
anmeegam.com,Anmeegam – Do Pooja’s at the ease.,Anmeegam,IND,82,93962,2026-09-12T06:04:43.580073907Z,"['AWS WAF Challenge', 'Accordion Blocks', 'Add to Any', 'Adult Content', 'Alternate Protocol', 'Amazon WAF Blocked', 'Astra Theme', 'Beaver Builder Lite', 'Cloudflare', 'Cloudflare CDN', 'Convertful', 'DC74', 'Easy Accordio', 'EmbedPress', 'Font Awesome', 'GDPR Cookie Compliance', 'Google', 'Google Adsense', 'Google Analytics', 'Google Cloud DNS', 'Google Font API', 'Google Funding Choices', 'Google Matched Content', 'Google My Business', 'Google Reseller', 'Google Tag Manager', 'Gtranslate for Wordpress', 'HubSpot Conversations', 'HubSpot WordPress Plugin', 'Hubspot', 'Instagram Follow Button', 'Microdata for Google Shopping', 'Microsoft Authentication Library for JavaScript', 'PHP', 'QUIC', 'SMC', 'Schema Plugin', 'Shipping Rates Calculator', 'Side Cart Woocommerce', 'Tailwind CSS', 'Theme In WP', 'UTF-8', 'Woo Themes', 'WooCommerce', 'WooCommerce Checkout', 'WordPress', 'WordPress Multisite', 'WordPress Related Posts', 'jQuery', 'myStickymenu', 'shadcn ui']"
invixo.com,INVIXO | Get Help With Hybrid Integration and Data Solutions,INVIXO Consulting Group A/S,DNK,82,29841,2026-09-12T06:04:43.549938113Z,"['AWS WAF Challenge', 'Alternate Protocol', 'Apture Linking Platform', 'Astra Theme', 'Automattic', 'Elementor', 'EmbedPress', 'GitHub Hosting', 'Google', 'Google Cloud CDN', 'Google Cloud DNS', 'Google Font API', 'HubSpot Conversations', 'Hubspot', 'InitiativeS', 'Lazy Load for WordPress', 'LiteSpeed', 'Make Column Clickable Elementor', 'Microdata for Google Shopping', 'NFOrce Internet', 'PHP', 'QUIC', 'Sticky Header Effects for Elementor', 'Table Addons for Elementor', 'Theme In WP', 'UTF-8', 'WP Rocket', 'WordPress', 'WordPress Multisite', 'jQuery']"
chainvey.com,Reliable Tubular Chain Conveyors by Chain-Vey,Modern Process Equipment,DEU,77,48606,2026-09-12T06:04:43.530385665Z,"['Accordion Blocks', 'Add to Any', 'Alternate Protocol', 'Angular', 'Apture Linking Platform', 'CallRail', 'Contact Form Plugin', 'Content Delivery Network', 'DAV', 'ETranslate', 'EmbedPress', 'Facebook Conversion Tracking', 'Facebook Login', 'Facebook Messenger Platform', 'Facebook Pixel', 'Facebook Reseller', 'Facebook Tag API', 'Fireblade', 'FooBox', 'GTranslate', 'GZIP Module', 'Google', 'Google Analytics', 'Google Cloud CDN', 'Google My Business', 'Google Related Website Sites', 'Google Tag Manager', 'HubSpot Conversations', 'HubSpot WordPress Plugin', 'Hubspot', 'Kitco', 'LinkedIn Insights', 'LinkedIn Pixel', 'Max Mega Menu', 'Max Mega Menu Pro', 'Microdata for Google Shopping', 'Microsoft Clarity', 'PHP', 'Page scroll to id', 'Perfmatters', 'Photo Gallery by FooGallery', 'Sapper', 'Site Kit', 'Slider Revolution', 'Store Locator WordPress', 'Taxonomy Images', 'Theme In WP', 'Twitter Ads', 'UTF-8', 'Vimeo', 'WPML Multilingual', 'Woo Themes', 'WooCommerce', 'WooCommerce Checkout', 'WordPress', 'WordPress Multisite', 'jQuery', 'jsDelivr', 'reCAPTCHA']"
suddenlysimpleorganizing.com,Suddenly Simple Professional Organizing,Suddenly Simple Professional Organizing,USA,77,16353,2026-09-12T05:52:52.160171179Z,"['Adobe Creative Cloud WebFonts', 'Alternate Protocol', 'Aruba', 'DC74', 'Express', 'GZIP Module', 'Google Analytics', 'Google Tag Manager', 'HubSpot Conversations', 'Hubspot', 'Instagram Follow Button', 'Line2', 'Microdata for Google Shopping', 'QUIC', 'Squarespace', 'UTF-8', 'University or College', 'WordPress SEO Structured Data Schema Plugin', 'eLand']"
nanopowersemi.com,Nanopower | Home,,NLD,72,28585,2026-09-12T05:52:52.13688791Z,"['AWS WAF Challenge', 'Cloudflare', 'Content Delivery Network', 'Cybot', 'Fastly', 'Google Analytics', 'Google Tag Manager', 'Hubspot Knowledge Base', 'Investor Relations', 'UTF-8', 'YouTube']"
rset.com,Home - RSET,RSET,,67,75400,2026-09-12T05:31:07.441341767Z,"['Alibaba Cloud CDN', 'Alternate Protocol', 'Apture Linking Platform', 'Coming Soon Page', 'Contact Form Plugin', 'Elementor', 'EmbedPress', 'Express', 'Fastly', 'Financial Services Guide', 'GTranslate', 'GZIP Module', 'Google Analytics', 'Google Cloud DNS', 'Google Font API', 'Google My Business', 'Google Tag Manager', 'Gravity', 'Gravity Forms', 'HappyAddons', 'Hello Elementor', 'HubSpot Conversations', 'HubSpot WordPress Plugin', 'Hubspot', 'Menu Icons by ThemeIsle', 'Microdata for Google Shopping', 'MonsterInsights', 'NFOrce Internet', 'Nginx', 'No-Q', 'PHP', 'Post Views Counter', 'QUIC', 'SMC', 'The Post Grid', 'Theme In WP', 'To Top', 'UTF-8', 'WPForms', 'WordPress', 'WordPress Multisite', 'YouTube', 'jQuery']"
yell.is,Nathanael Yellis writes a weekly essay on technology and simplicity.,,GBR,67,31320,2026-09-12T04:56:51.53531469Z,"['AWS WAF Challenge', 'Amazon', 'Cloudflare', 'Cloudflare CDN', 'Content Delivery Network', 'Fastly', 'GitHub Hosting', 'Google Related Website Sites', 'Hubspot Knowledge Base', 'UTF-8']"
sashworks.co.uk,Timber Sash & Heritage Window Restoration | Ventrolla,,GBR,67,34534,2026-09-12T04:56:51.533394978Z,"['AWS WAF Challenge', 'Adult Content', 'Alternate Protocol', 'Amazon WAF Blocked', 'Apture Linking Platform', 'Cloudflare', 'Content Delivery Network', 'Corporate Governance and Regulatory Compliance', 'DAV', 'EmbedPress', 'Google Analytics', 'Google Tag Manager', 'HubSpot Conversations', 'Hubspot', 'Instagram Follow Button', 'Microdata for Google Shopping', 'NitroPack', 'Pico CSS', 'QUIC', 'Tailwind CSS', 'Trustpilot Reviews for WordPress', 'UTF-8', 'Vector Internet Services', 'Vimeo', 'WP Engine', 'WordPress', 'WordPress Multisite', 'YouTube']"
johnpmayhugh.org,John P Mayhugh Foundation,John P Mayhugh Foundation,USA,75,12548,2026-09-12T04:56:51.498142975Z,"['501c3 Status Nonprofit', 'Adobe Creative Cloud WebFonts', 'Alternate Protocol', 'Amazon Widgets', 'Aruba', 'Eventbrite', 'Express', 'Facebook Login', 'Facebook Messenger Platform', 'Facebook Pixel', 'Facebook Reseller', 'Facebook Tag API', 'FormSubmit', 'GZIP Module', 'HubSpot Conversations', 'Hubspot', 'Instagram Follow Button', 'Line2', 'Microdata for Google Shopping', 'Newsletter for Wordpress', 'Pico CSS', 'QUIC', 'Squarespace', 'Twitter Ads', 'UTF-8', 'WordPress SEO Structured Data Schema Plugin', 'YouTube', 'eLand']"
inlighted.ai,Inlighted - Gain insight from the information chaos,,GBR,67,13668,2026-09-12T04:40:56.888563021Z,"['Apture Linking Platform', 'Cloudflare', 'Content Delivery Network', 'Fastly', 'Hubspot Knowledge Base', 'IcoMoon', 'Investor Relations', 'UTF-8', 'jsDelivr']"
zalomarketing.com,akaBiz Zalo - Phần mềm gửi tin nhắn và kết bạn zalo hàng loạt - akaBiz Zalo,akaBIZ,,67,112491,2026-09-12T04:29:43.240597385Z,"['Alternate Protocol', 'Autoptimize', 'CCSI', 'CDN JS', 'Cloudflare', 'Cloudflare CDN', 'Contact Form Plugin', 'Content Delivery Network', 'EmbedPress', 'Financial Services Guide', 'Flatsome', 'Google Analytics', 'Google Cloud DNS', 'Google Font API', 'Google My Business', 'Google Related Website Sites', 'Google Tag Manager', 'HubSpot Conversations', 'HubSpot WordPress Plugin', 'Hubspot', 'IcoMoon', 'KVH', 'LiteSpeed', 'Microdata for Google Shopping', 'PHP', 'Popup Maker for Wordpress', 'Q2W3 Fixed Widget', 'SMC', 'Subversion', 'Tailwind CSS', 'UTF-8', 'Widget Options', 'Woo Themes', 'WooCommerce Checkout', 'WordPress', 'WordPress Multisite', 'YouTube', 'jQuery', 'reCAPTCHA']"
risutec.fi,Risutec – Builds the Forest,,,55,802,2026-09-12T04:19:38.162329584Z,"['AWS WAF Challenge', 'Alternate Protocol', 'Better Lead Generation Services', 'Cloudflare', 'Cloudflare CDN', 'Elementor', 'EmbedPress', 'Google', 'Google Analytics', 'Google Cloud DNS', 'Google Font API', 'Google My Business', 'Google Tag Manager', 'Hello Elementor', 'HubSpot Conversations', 'HubSpot WordPress Plugin', 'Hubspot', 'Instagram Follow Button', 'NFOrce Internet', 'PHP', 'QUIC', 'Table Addons for Elementor', 'Twitter Ads', 'UTF-8', 'WPML Multilingual', 'Woo Themes', 'WooCommerce', 'WooCommerce Checkout', 'WordPress', 'WordPress Multisite', 'YouTube', 'jQuery']"
flivvdevelopers.com,Flivv Developers,,IND,67,10179,2026-09-12T03:45:52.471424601Z,"['Coming Soon Page', 'Content Delivery Network', 'Facebook Conversion Tracking', 'Facebook Login', 'Facebook Messenger Platform', 'Facebook Pixel', 'Facebook Reseller', 'Facebook Tag API', 'GZIP Module', 'Google Analytics', 'Google Tag Manager', 'HubSpot Conversations', 'Hubspot', 'Instagram Follow Button', 'Microsoft Clarity', 'Next.js', 'Nginx', 'Pleroma', 'QUIC', 'Tailwind CSS', 'UTF-8', 'Ubuntu']"
boatbusters.co.uk,"Nationwide Boat Sales - Boats for Sale - Buy, Sell, Broker",,,57,646,2026-09-12T02:57:55.204672441Z,"['Alternate Protocol', 'CDN JS', 'Cloudflare', 'Cloudflare CDN', 'Contact Form Plugin', 'Content Delivery Network', 'Cookie Accept', 'Cookie Notice', 'Ditty News Ticker', 'DuracellTomi Google Tag Manager for WordPress', 'EmbedPress', 'Font Awesome', 'Formidable Pro Form', 'GZIP Module', 'Google', 'Google Analytics', 'Google Cloud CDN', 'Google Cloud DNS', 'Google Font API', 'Google My Business', 'Google Tag Manager', 'HubSpot Conversations', 'HubSpot WordPress Plugin', 'Hubspot', 'IcoMoon', 'Instagram Follow Button', 'LiteSpeed', 'MailChimp', 'Max Mega Menu', 'Max Mega Menu Pro', 'Microdata for Google Shopping', 'PHP', 'Pleroma', 'QUIC', 'Slider Revolution', 'The7', 'Theme In WP', 'UTF-8', 'Visual Composer Ultimate Addons', 'WPBakery', 'Widget Options', 'Woo Themes', 'WooCommerce', 'WooCommerce Checkout', 'WordPress', 'WordPress Multisite', 'YouTube', 'jQuery', 'reCAPTCHA']"
decisionspot.com,Decision Spot | Supply Chain Design & Optimization Software,,,67,19120,2026-09-12T02:57:55.165676481Z,"['Alternate Protocol', 'Framer Sites', 'Google', 'Google Analytics', 'Google Cloud CDN', 'Google Tag Manager', 'HubSpot Conversations', 'Hubspot', 'LinkedIn Insights', 'LinkedIn Pixel', 'Ntent', 'QUIC', 'Yandex Hosting', 'Zeald']"
easternshorepainting.com,Eastern Shore Painters | Commercial and Residential Painters in Delaware and Maryland,,,50,7681,2026-09-12T02:46:57.230277709Z,"['Alternate Protocol', 'Content Delivery Network', 'Divi', 'Elegant Themes', 'EmbedPress', 'Fireblade', 'GZIP Module', 'Google Analytics', 'Google Cloud DNS', 'Google Font API', 'Google Maps', 'HubSpot WordPress Plugin', 'Nginx', 'PHP', 'Photo Gallery for WordPress', 'Theme In WP', 'UTF-8', 'WordPress', 'WordPress Multisite', 'jQuery']"
giasure.com,"Commercial Truck Insurance in the USA | GIA Group, LLC",,USA,82,51412,2026-09-12T02:25:44.80312424Z,"['1Password', 'AWS WAF Challenge', 'Alternate Protocol', 'Better Lead Generation Services', 'D3 JS', 'Fireblade', 'Fontshare', 'Framer Sites', 'Google Analytics', 'Google My Business', 'Google Tag Manager', 'Hubspot', 'Instagram Follow Button', 'Interchange', 'Microdata for Google Shopping', 'Microsoft Clarity', 'Ntent', 'QUIC', 'Subversion', 'Termly', 'Vector Internet Services', 'Yandex Hosting', 'Zeald', 'jsDelivr']"
wordsmith.site,Hillary Lyons | Copywriter & Brand Therapist | Wordsmith,,USA,82,13552,2026-09-12T02:00:57.983369769Z,"['Adult Content', 'Alternate Protocol', 'Apture Linking Platform', 'Calendly', 'Contact Form Plugin', 'Content Delivery Network', 'DAV', 'EmbedPress', 'Express', 'GZIP Module', 'Google', 'Google Analytics', 'Google Cloud CDN', 'Google Cloud DNS', 'Google Font API', 'Google Tag Manager', 'HubSpot Conversations', 'Hubspot', 'Instagram Follow Button', 'Jetpack', 'Line2', 'Menu Icons by ThemeIsle', 'Microdata for Google Shopping', 'Nectar Slide Plugin', 'Nginx', 'NitroPack', 'QUIC', 'Salient', 'UTF-8', 'WPBakery', 'Woo Themes', 'WordPress', 'WordPress Multisite']"
mshappypants.com,Customer Service Speaker | Barbara Khozam,,USA,77,14245,2026-09-12T02:00:57.980451703Z,"['Alternate Protocol', 'Amazon WAF Blocked', 'Apache', 'Apture Linking Platform', 'Divi', 'Elegant Themes', 'EmbedPress', 'GZIP Module', 'Google Analytics', 'Google Cloud DNS', 'Google My Business', 'Google Related Website Sites', 'Google Tag Manager', 'HubSpot WordPress Plugin', 'Infusionsoft', 'Instagram Follow Button', 'Lazy Load for WordPress', 'MailOptin for Wordpress', 'Microdata for Google Shopping', 'MonsterInsights', 'PHP', 'PixelYourSite', 'PrivacyPolicies', 'Supreme Modules Lite', 'UTF-8', 'WP Rocket', 'Woo Themes', 'WooCommerce', 'WooCommerce Checkout', 'WordPress', 'WordPress Multisite', 'YouTube', 'eLand']"
stratalign.co.za,StratAlign Management Consultants South Africa and Internationally.,Stratalign,ZAF,77,55552,2026-09-12T02:00:57.980631704Z,"['AWS WAF Challenge', 'Alternate Protocol', 'Apache', 'Contento', 'Cornerstone', 'DAV', 'EmbedPress', 'Express', 'Font Awesome', 'GZIP Module', 'Google', 'Google Cloud CDN', 'Google Cloud DNS', 'Google Font API', 'Google My Business', 'Google Related Website Sites', 'Gravity Forms', 'HubSpot Conversations', 'Hubspot', 'IcoMoon', 'Instagram Follow Button', 'Microdata for Google Shopping', 'Muffin Group', 'Perl', 'QUIC', 'ShareThis', 'Smart Slider 3', 'Subversion', 'Tailwind CSS', 'Twitter Ads', 'UTF-8', 'University or College', 'WPBakery', 'Woo Themes', 'WordPress', 'WordPress Multisite', 'eLand', 'reCAPTCHA']"
averonllc.io,Averon,,,60,25701,2026-09-12T01:42:34.535799812Z,"['Alternate Protocol', 'Contact Form Plugin', 'Content Delivery Network', 'DAV', 'Elementor', 'EmbedPress', 'Financial Services Guide', 'Google Cloud DNS', 'Google Font API', 'HubSpot WordPress Plugin', 'Instagram Follow Button', 'K2F', 'KVH', 'LiteSpeed', 'NFOrce Internet', 'No-Q', 'PHP', 'SMC', 'Theme In WP', 'UTF-8', 'WordPress', 'WordPress Multisite', 'eLand', 'jQuery']"
crunchylinks.com,Crunchy Links: The Revenue Obsessed Digital Marketing Agency,Crunchy Links,,65,60584,2026-09-12T01:20:04.345157203Z,"['AWS WAF Challenge', 'Alternate Protocol', 'Cloudflare', 'Cloudflare CDN', 'Clutch', 'Contact Form Plugin', 'Content Delivery Network', 'DuracellTomi Google Tag Manager for WordPress', 'Elementor', 'EmbedPress', 'Google', 'Google Analytics', 'Google Cloud DNS', 'Google Font API', 'Google My Business', 'Google Related Website Sites', 'Google Tag Manager', 'HandL UTM Grabber', 'HubSpot Conversations', 'HubSpot WordPress Plugin', 'Hubspot', 'Instagram Follow Button', 'Microdata for Google Shopping', 'NFOrce Internet', 'Pagekit', 'Prospective', 'QUIC', 'Smush Image Optimization', 'Trustpilot Reviews for WordPress', 'Twitter Ads', 'UTF-8', 'WordPress', 'WordPress Multisite', 'jQuery', 'reCAPTCHA']"
avaligntechnologies.healthcare,Avalign Technologies | Medical Instruments Original Equipment Manufacturers,,,60,756,2026-09-12T01:13:07.035426535Z,"['Apache', 'CookieYes', 'ETranslate', 'GTranslate', 'GZIP Module', 'Google Analytics', 'Google Maps', 'Google My Business', 'Google Related Website Sites', 'Google Tag Manager', 'HubSpot Conversations', 'Hubspot', 'IcoMoon', 'PHP', 'QUIC', 'Subversion', 'Tailwind CSS', 'UTF-8', 'jQuery']"
redearthmarketing.com,Red Earth Marketing – Home Builder & Developer Services,,USA,72,21012,2026-09-12T01:13:07.023461875Z,"['Adobe Creative Cloud WebFonts', 'Alternate Protocol', 'Apache', 'EmbedPress', 'Facebook Conversion Tracking', 'Facebook Login', 'Facebook Messenger Platform', 'Facebook Pixel', 'Facebook Reseller', 'Facebook Tag API', 'Font Awesome', 'FormSubmit', 'GZIP Module', 'Google Analytics', 'Google Cloud DNS', 'Google Font API', 'Google Tag Manager', 'HubSpot Conversations', 'HubSpot WordPress Plugin', 'Hubspot', 'IcoMoon', 'Instagram Feed for WordPress', 'Instagram Follow Button', 'LinkedIn Insights', 'LinkedIn Pixel', 'PHP', 'Site Kit', 'Slider Revolution', 'ThemeFusion', 'UTF-8', 'WordPress', 'WordPress Multisite', 'YouTube', 'jQuery']"
redroom.com.tw,Red Room Rendezvous Taipei - Home,,CHN,67,15640,2026-09-12T01:13:07.006141326Z,"['Alternate Protocol', 'Cloudflare', 'Content Delivery Network', 'Express', 'Fastly', 'Google', 'Google Analytics', 'Google Cloud DNS', 'Google Font API', 'Google Tag Manager', 'Hubspot Knowledge Base', 'UTF-8']"
happytoo.app,"HappyToo | Eat whatever you want, wherever you want.",,AUS,67,12919,2026-09-12T01:02:51.842749895Z,"['Apache', 'Apple Auto Link Maker', 'Facebook Conversion Tracking', 'Facebook Login', 'Facebook Messenger Platform', 'Facebook Pixel', 'Facebook Reseller', 'Facebook Tag API', 'Font Awesome', 'GZIP Module', 'Google Analytics', 'Google Cloud DNS', 'Google Font API', 'Google My Business', 'Google Play', 'Google Tag Manager', 'HubSpot Conversations', 'Hubspot', 'Instagram Follow Button', 'MailChimp', 'QUIC', 'StackPath', 'YouTube', 'jsDelivr']"
thevitalx.com,VitalX | HIPAA-Compliant Medical Courier & Logistics,,USA,92,29461,2026-09-12T00:57:16.130254658Z,"['Alternate Protocol', 'Apture Linking Platform', 'Astra Theme', 'Cloudflare', 'CoBlocks', 'Content Delivery Network', 'DAV', 'Elementor', 'EmbedPress', 'Express', 'GoDaddy', 'Google', 'Google Analytics', 'Google Cloud DNS', 'Google Font API', 'Google Maps', 'Google My Business', 'Google Tag Manager', 'HubSpot WordPress Plugin', 'Instagram Follow Button', 'Microdata for Google Shopping', 'NFOrce Internet', 'PHP', 'QUIC', 'Site Kit', 'Theme In WP', 'UTF-8', 'Wangsu', 'Woo Themes', 'WordPress', 'WordPress Multisite', 'WordPress Related Posts', 'jQuery']"
ownkokaneesprings.com,Kokanee Springs Resort | Best Golf Course in the Kootenays,Kokanee Springs Resort,ZAF,87,120226,2026-09-12T00:47:48.273938667Z,"['Alternate Protocol', 'Amazon WAF Blocked', 'Apture Linking Platform', 'Content Delivery Network', 'DC74', 'Express', 'Fastly', 'Fastly CDN', 'Fireblade', 'FormSubmit', 'GZIP Module', 'GitHub Hosting', 'Google Analytics', 'Google Conversion Tracking', 'Google Related Website Sites', 'Google Tag Manager', 'HubSpot Conversations', 'Hubspot', 'Instagram Follow Button', 'Microdata for Google Shopping', 'NFOrce Internet', 'POWr', 'PWA', 'Pico CSS', 'QUIC', 'SMC', 'Seflow Italy', 'Sentry', 'SiteW', 'UTF-8', 'Vector Internet Services', 'Wix', 'Wix Media', 'eLand', 'mlcom']"
avonrisk.com,AvonRisk | Nationwide TPA and Specialty Claims Services,,,67,15096,2026-09-12T00:47:48.264322228Z,"['Cloudflare', 'Cloudflare CDN', 'Content Delivery Network', 'Fastly', 'Google Analytics', 'Google Tag Manager', 'Hubspot Knowledge Base', 'IcoMoon', 'QUIC', 'UTF-8', 'Userback', 'jQuery']"
bhoomispices.in,Home - BHOOMI SPICES,,IND,70,62871,2026-09-12T00:47:48.26191976Z,"['Alternate Protocol', 'Angular', 'Apture Linking Platform', 'Astra Theme', 'CleanTalk Spam Protect', 'Content Delivery Network', 'DAV', 'Elementor', 'ElementsKit Elementor', 'EmbedPress', 'FreeCSSTemplates', 'GiveWP', 'Google', 'Google Cloud DNS', 'Google Font API', 'HubSpot WordPress Plugin', 'LiteSpeed', 'Microdata for Google Shopping', 'PHP', 'SMC', 'Smart Slider 3', 'Theme In WP', 'UTF-8', 'Woo Themes', 'WordPress', 'WordPress Multisite', 'WordPress Related Posts', 'eLand', 'jQuery']"
apricottreepress.com,Apricot Tree Press,,USA,80,89341,2026-09-12T00:39:30.840515643Z,"['Adobe Creative Cloud WebFonts', 'Amazon', 'Aruba', 'Express', 'GZIP Module', 'HubSpot Conversations', 'Hubspot', 'IcoMoon', 'Instagram Follow Button', 'Line2', 'Magento Enterprise', 'Microdata for Google Shopping', 'QUIC', 'SiteW', 'Squarespace', 'UTF-8', 'WordPress SEO Structured Data Schema Plugin', 'eLand']"
hellosailor.dk,Home - Hello Sailor,,,55,992,2026-09-12T00:39:30.839511892Z,"['AWS WAF Challenge', 'Alternate Protocol', 'Cloudflare', 'Cloudflare CDN', 'EmbedPress', 'Fastly', 'GZIP Module', 'Google', 'Google Cloud DNS', 'Google Font API', 'Google My Business', 'Google Related Website Sites', 'HubSpot WordPress Plugin', 'Jetpack', 'Microdata for Google Shopping', 'Nginx', 'Oxygen', 'Oxygen Builder', 'UTF-8', 'WordPress', 'WordPress Multisite', 'WordPress Stats', 'jQuery']"
groceriestogofeedback.com,Martin's Groceries to go,,,35,30000,2026-09-12T00:30:49.287720005Z,"['GZIP Module', 'HubSpot Conversations', 'Hubspot', 'Pico CSS', 'Salesforce Experience Cloud', 'UTF-8']"
mahindraag.com.au,Mahindra Agriculture | Award Winning Tractors,Mahindra Tractors Australia,,55,10110,2026-09-11T23:54:28.41303427Z,"['Alternate Protocol', 'Bulma', 'Cloudflare', 'Crowdsignal', 'Drip', 'EmbedPress', 'Financial Services Guide', 'Fireblade', 'GZIP Module', 'Google Analytics', 'Google Cloud DNS', 'Google Font API', 'Google My Business', 'Google Tag Manager', 'Gravity', 'Gravity Forms', 'HubSpot Conversations', 'Hubspot', 'Instagram Follow Button', 'LiteSpeed', 'Microdata for Google Shopping', 'PHP', 'PWA', 'RM Education', 'Sitelinks Search Box', 'The SEO Framework', 'Theme In WP', 'Twitter Ads', 'UTF-8', 'Vimeo', 'WordPress', 'WordPress Multisite', 'YouTube', 'jQuery', 'reCAPTCHA']"
juancantabella.com,PORTFOLIO JUAN CANTABELLA,,ESP,62,13908,2026-09-11T23:54:28.400458114Z,"['Cloudflare', 'Content Delivery Network', 'Fastly', 'Hubspot Knowledge Base', 'IcoMoon', 'Instagram Follow Button', 'UTF-8', 'Vimeo', 'YouTube']"
sfp-dealer.com,Smartoptics - Connecting people around the globe,Smartoptics,NOR,87,33616,2026-09-11T23:54:28.394801192Z,"['AWS WAF Challenge', 'Adobe Creative Cloud WebFonts', 'Alternate Protocol', 'Amazon', 'Amazon CloudFront', 'Amazon Route 53', 'Amazon WAF Blocked', 'Cisco/Arrowpoint Content Service Switch', 'CloudFront', 'Content Delivery Network', 'DoubleClick Bid Manager', 'EmbedPress', 'Facebook Reseller', 'Font Awesome', 'Google Analytics', 'Google Cloud DNS', 'Google Maps', 'Google Tag Manager', 'HubSpot Conversations', 'Hubspot', 'Interchange', 'Investor Relations', 'Lazy Load for WordPress', 'LinkedIn Pixel', 'LiteSpeed', 'Microdata for Google Shopping', 'Microsoft Clarity', 'PHP', 'Polylang', 'QUIC', 'Tailwind CSS', 'Theme In WP', 'Twitter Ads', 'UTF-8', 'Vimeo', 'WP Rocket', 'WordPress', 'WordPress Multisite', 'jQuery']"
ateliercircle.io,Atelier Circle - Science & Software,,,55,5801,2026-09-11T23:54:28.363496233Z,"['Content Delivery Network', 'Endis', 'Fastly', 'Font Awesome', 'Formspree', 'GZIP Module', 'GitHub Hosting', 'Google Cloud DNS', 'Google Font API', 'HubSpot Conversations', 'Hubspot', 'QUIC', 'Tailwind CSS', 'Twitter Ads', 'UTF-8', 'jQuery']"
sandiegopropertymanagement.com,San Diego Property Management | Harland Property Management,Harland Property Management,USA,77,31697,2026-09-11T23:54:28.357131575Z,"['ArvanCloud', 'CDN JS', 'Cloudflare', 'Cloudflare CDN', 'Fireblade', 'Font Awesome', 'GZIP Module', 'Google', 'Google Analytics', 'Google Cloud CDN', 'Google Cloud DNS', 'Google Font API', 'Google Maps', 'Google My Business', 'Google Tag Manager', 'HubSpot Conversations', 'Hubspot', 'IcoMoon', 'Instagram Follow Button', 'Microdata for Google Shopping', 'Microsoft Clarity', 'Neighborhoods', 'Nginx', 'PostcardMania', 'Schema Plugin', 'Tailwind CSS', 'UTF-8', 'Ubuntu', 'University or College', 'UserWay', 'YouTube', 'jQuery', 'jsDelivr', 'reCAPTCHA']"
danielgtaylor.com,Home | Daniel G. Taylor,Daniel G. Taylor Copywriting Services,,60,5500,2026-09-11T23:41:45.498058628Z,"['Add to Any', 'Alternate Protocol', 'Apture Linking Platform', 'Better Lead Generation Services', 'DAV', 'Elementor', 'ElementsKit Elementor', 'EmbedPress', 'Endis', 'GZIP Module', 'Google Analytics', 'Google My Business', 'Google Tag Manager', 'Header, Footer and Blocks for Elementor', 'Hello Elementor', 'HubSpot WordPress Plugin', 'Instagram Follow Button', 'Microdata for Google Shopping', 'NFOrce Internet', 'Nginx', 'PHP', 'QUIC', 'Theme In WP', 'UTF-8', 'Woo Themes', 'WordPress', 'WordPress Multisite']"
clearwaterwealth.ca,"Clearwater Wealth Management - Kelowna, BC",Clearwater Wealth Management,CAN,77,180938,2026-09-11T23:37:36.122928149Z,"['AWS WAF Challenge', 'Akamai Global Host', 'Amazon', 'Amazon CloudFront', 'Amazon Route 53', 'Barchart', 'Bizo', 'Calendly', 'CloudFront', 'DoubleClick Bid Manager', 'Eloqua', 'Facebook Reseller', 'Fastly CDN', 'Fireblade', 'GZIP Module', 'Global Privacy Control', 'Google', 'Google Analytics', 'Google Cloud DNS', 'Google Font API', 'Google Maps', 'Google My Business', 'Google Tag Manager', 'Hubspot', 'Kaltura', 'Line2', 'Microdata for Google Shopping', 'Ping Identity', 'ScheduleOnce', 'Storyblocks', 'Twitter Ads', 'UTF-8', 'Unsplash', 'Vimeo CDN', 'WF Cookie Consent', 'YouTube', 'jQuery']"
goldenpiedmontlabs.com,Golden Piedmont Labs -Premier Virginia Extraction Company,Golden Piedmont Labs,USA,82,86473,2026-09-11T23:10:43.783497072Z,"['Adobe Creative Cloud WebFonts', 'Aruba', 'Corporate Governance and Regulatory Compliance', 'Express', 'GZIP Module', 'Google Analytics', 'Google Tag Manager', 'HubSpot Conversations', 'Hubspot', 'Line2', 'Magento Enterprise', 'Microdata for Google Shopping', 'QUIC', 'SiteW', 'Squarespace', 'UTF-8', 'WordPress SEO Structured Data Schema Plugin', 'YouTube', 'eLand']"
janover.io,Commercial Mortgage Capital Markets | Janover Capital,,USA,87,12540,2026-09-11T23:10:43.773149426Z,"['Alternate Protocol', 'Apture Linking Platform', 'Better Lead Generation Services', 'Cloudflare', 'Cloudflare CDN', 'Cloudflare Web Analytics', 'Google', 'Google Cloud CDN', 'Google Customer Reviews', 'HubSpot Conversations', 'Hubspot', 'Microdata for Google Shopping', 'UTF-8', 'eLand']"
wbtc-uk.com,WBTC Homepage - West Berkshire Training Consortium,,SYC,75,12089,2026-09-11T23:10:43.771614353Z,"['Alternate Protocol', 'EmbedPress', 'Google', 'Google Analytics', 'Google Cloud DNS', 'Google Font API', 'Google Tag Manager', 'HubSpot WordPress Plugin', 'LiteSpeed', 'Microdata for Google Shopping', 'PHP', 'QUIC', 'Site Kit', 'Tailwind CSS', 'Theme In WP', 'UTF-8', 'University or College', 'WordPress', 'WordPress Multisite', 'jQuery']"
scaleupfinance.co.uk,Scaleup Finance - Your Fractional CFO for growing companies,,GBR,87,68305,2026-09-11T22:58:03.832649561Z,"['Alternate Protocol', 'Amazon', 'Amazon CloudFront', 'Animate It', 'ArvanCloud', 'Better Lead Generation Services', 'CDN JS', 'Calendly', 'CloudFront', 'Cloudflare', 'Cloudflare CDN', 'Content Delivery Network', 'Cookie Information', 'DAV', 'Financial Services Guide', 'GZIP Module', 'Gandi', 'Google Analytics', 'Google Related Website Sites', 'Google Tag Manager', 'HubSpot Conversations', 'Hubspot', 'IcoMoon', 'Interchange', 'Intercom', 'K2F', 'KVH', 'Microdata for Google Shopping', 'No-Q', 'QUIC', 'Sleeknote', 'Subversion', 'Tailwind CSS', 'UTF-8', 'WF Cookie Consent', 'Webflow', 'jsDelivr']"
callsimulator.com,Enterprise AI Role-Play Training Platform | Call Simulator,Call Simulator,,72,27937,2026-09-11T22:58:03.822735945Z,"['Alternate Protocol', 'Ametys', 'Astra Theme', 'Cloudflare', 'Cloudflare Bot Manager', 'Cloudflare CDN', 'Content Delivery Network', 'CookieYes', 'DAV', 'Elementor', 'EmbedPress', 'Express', 'Financial Services Guide', 'Google', 'Google Analytics', 'Google Cloud CDN', 'Google Cloud DNS', 'Google Font API', 'Google Tag Manager', 'Header, Footer and Blocks for Elementor', 'HubSpot Conversations', 'HubSpot WordPress Plugin', 'Hubspot', 'Leady', 'LinkedIn Insights', 'LinkedIn Pixel', 'LiteSpeed', 'Microdata for Google Shopping', 'PHP', 'Pagekit', 'Smush Image Optimization', 'SproutVideo', 'Theme In WP', 'UK Cookie Consent', 'UTF-8', 'WP Accessibility', 'WebsitePolicies', 'Woo Themes', 'WordPress', 'WordPress Multisite', 'WordPress Related Posts', 'YouTube', 'jQuery']"
montva.com,"Montgomery County, VA",,USA,70,130315,2026-09-11T22:41:13.546153578Z,"['Accelerated Mobile Pages', 'Azure Edge', 'BLR', 'CDN JS', 'Cloudflare', 'Cloudflare CDN', 'Eloqua', 'Express', 'Facebook Reseller', 'FormSubmit', 'Google', 'Google Analytics', 'Google Calendar', 'Google Cloud DNS', 'Google Maps', 'Google My Business', 'Google Recommendations AI', 'Google Tag Manager', 'Hubspot', 'Marketo', 'MaxCDN', 'Microsoft Ajax Content Delivery Network', 'Microsoft Azure', 'Microsoft IIS', 'Monsido', 'Telerik CDN', 'Telerik Controls', 'Tumblr', 'Twitter Ads', 'Twitter CDN', 'UTF-8', 'Vimeo', 'Visual Studio', 'Webcall', 'YouTube']"
hashtag44.com,MODERN WEBSITE DESIGN | O365 SOLUTIONS - hashtag44,hashtag44,,72,41806,2026-09-11T22:29:34.028618223Z,"['AWS WAF Challenge', 'Alternate Protocol', 'Better Lead Generation Services', 'Bookly', 'CheryFramework', 'Cloudflare', 'Cloudflare CDN', 'Cloudflare Web Analytics', 'Contact Form Plugin', 'EmbedPress', 'Facebook Login', 'Facebook Messenger Platform', 'Facebook Reseller', 'Fireblade', 'Google Analytics', 'Google Cloud DNS', 'Google Font API', 'Google My Business', 'Google Related Website Sites', 'Google Tag Manager', 'HubSpot WordPress Plugin', 'Kallyas', 'Microdata for Google Shopping', 'PHP', 'Slider Revolution', 'Subversion', 'Tailwind CSS', 'Theme In WP', 'UTF-8', 'WP Fastest Cache', 'WordPress', 'WordPress Multisite', 'reCAPTCHA']"
mednetinsurance.com,MedNET Financial | World Insurance Associates,,USA,87,46217,2026-09-11T22:07:00.773836491Z,"['ArvanCloud', 'CDN JS', 'Cloudflare', 'Cloudflare CDN', 'Content Delivery Network', 'CrazyEgg', 'DAV', 'Express', 'Fastly', 'Fireblade', 'Font Awesome', 'Google', 'Google Analytics', 'Google Cloud DNS', 'Google Flights Conversion Tracking', 'Google Font API', 'Google My Business', 'Google Tag Manager', 'HubSpot Conversations', 'Hubspot', 'Hubspot Knowledge Base', 'Instagram Follow Button', 'Microdata for Google Shopping', 'StackPath', 'Twitter Ads', 'UTF-8', 'UserWay', 'jQuery', 'jsDelivr', 'reCAPTCHA']"
futureproofshipping.eu,Future Proof Shipping – Creating a zero-emissions shipping world,,NOR,55,260,2026-09-11T21:57:01.141148238Z,"['Alternate Protocol', 'Elementor', 'EmbedPress', 'Google Cloud DNS', 'Google Font API', 'Google My Business', 'HubSpot WordPress Plugin', 'IcoMoon', 'Instagram Follow Button', 'Nectar Slide Plugin', 'Ninja Forms', 'PHP', 'QUIC', 'Recent Posts Widget With Thumbnails', 'Salient', 'Theme In WP', 'UTF-8', 'WPBakery', 'WordPress', 'WordPress Multisite', 'YouTube', 'jQuery']"
mongoosecadence.com,Mongoose AI Engagement Platform: Every Conversation Matters,,ARG,87,201521,2026-09-11T21:57:01.124685475Z,"['AWS WAF Challenge', 'Alternate Protocol', 'Apture Linking Platform', 'Cloudflare', 'Content Delivery Network', 'CookieYes', 'DoubleClick Bid Manager', 'EmbedPress', 'Fireblade', 'Global Privacy Control', 'Google Analytics', 'Google Related Website Sites', 'Google Tag Manager', 'Gravity', 'HubSpot WordPress Plugin', 'Hubspot', 'Lazy Load for WordPress', 'Microdata for Google Shopping', 'PHP', 'PWA', 'QUIC', 'Salesforce Hosted', 'Theme In WP', 'UTF-8', 'University or College', 'WP Engine', 'WP Rocket', 'WordPress', 'WordPress Multisite', 'jQuery']"
tacpoint.com,Tacpoint | UI/UX Solutions,,USA,72,45332,2026-09-11T21:57:01.122122033Z,"['ADFOX', 'AJAX Libraries API', 'AWS WAF Challenge', 'Amazon', 'Amazon CloudFront', 'Calendly', 'Cisco/Arrowpoint Content Service Switch', 'CloudFront', 'Cloudflare', 'Content Delivery Network', 'GZIP Module', 'Google', 'Google Analytics', 'Google Cloud DNS', 'Google Font API', 'Google Related Website Sites', 'Google Tag Manager', 'Hotjar', 'HubSpot Conversations', 'Hubspot', 'Instagram Follow Button', 'Medium', 'QUIC', 'Tailwind CSS', 'UTF-8', 'WF Cookie Consent', 'Yandex Hosting', 'YouTube']"
devdat.io,"DEVDAT — Custom Software Development Agency in Tampa, FL",,USA,82,199508,2026-09-11T21:50:09.847150465Z,"['AWS WAF Challenge', 'Alternate Protocol', 'Better Lead Generation Services', 'Cisco/Arrowpoint Content Service Switch', 'Clutch', 'Content Delivery Network', 'Google', 'Google Cloud CDN', 'Google Cloud DNS', 'Google Font API', 'Google My Business', 'Heroku', 'HubSpot Conversations', 'Hubspot', 'Instagram Follow Button', 'Microdata for Google Shopping', 'Netlify', 'Next.js', 'Pleroma', 'Python', 'Salesforce Hosted', 'Tailwind CSS', 'Thank You', 'Twitter Ads', 'UTF-8', 'Vector Internet Services', 'reCAPTCHA', 'shadcn ui']"
legacypublication.net,"Legacy Publication, INC – Empowering Authors, Amplifying Stories",,,65,22767,2026-09-11T21:50:09.843434567Z,"['Alternate Protocol', 'Apache', 'Astra Theme', 'Automattic', 'Cloudflare', 'Debian', 'Elementor', 'EmbedPress', 'GZIP Module', 'Google Cloud DNS', 'Google Font API', 'HubSpot Conversations', 'HubSpot WordPress Plugin', 'Hubspot', 'Instagram Follow Button', 'Jetpack', 'NFOrce Internet', 'PHP', 'Theme In WP', 'UTF-8', 'Ultimate Addons for Gutenberg', 'WPForms', 'Woo Themes', 'WordPress', 'WordPress Multisite', 'WordPress Related Posts', 'WordPress Stats', 'YouTube', 'jQuery']"
animalhealthlink.ca,Teletriage Service | Animal HealthLink | Canada,,CAN,77,123139,2026-09-11T21:42:42.67167771Z,"['Alternate Protocol', 'Amazon WAF Blocked', 'Apture Linking Platform', 'Aruba', 'Content Delivery Network', 'DAV', 'DC74', 'Express', 'Fastly', 'Fastly CDN', 'Fireblade', 'FormSubmit', 'GZIP Module', 'Google Conversion Tracking', 'Google Related Website Sites', 'HubSpot Conversations', 'Hubspot', 'Instagram Follow Button', 'Microdata for Google Shopping', 'Microsoft Azure', 'NFOrce Internet', 'POWr', 'PWA', 'Perl', 'Pico CSS', 'QUIC', 'SMC', 'Seflow Italy', 'Sentry', 'SiteW', 'Subversion', 'Thank You', 'UTF-8', 'Vector Internet Services', 'WP Booking Calendar', 'Wix', 'Wix Media', 'eLand', 'mlcom']"
meridiancosmetic.com,Meridian Cosmetic By Dr Ron DeMeo,Meridian Cosmetic,USA,82,21410,2026-09-11T21:42:42.667801349Z,"['Alternate Protocol', 'CheryFramework', 'Contact Form Plugin', 'Content Delivery Network', 'EmbedPress', 'GZIP Module', 'Google Analytics', 'Google Cloud DNS', 'Google Font API', 'Google Tag Manager', 'HubSpot Conversations', 'HubSpot WordPress Plugin', 'Hubspot', 'Instagram Feed for WordPress', 'Instagram Follow Button', 'LayerSlider Responsive', 'Microdata for Google Shopping', 'Nginx', 'PHP', 'Slider Revolution', 'The Events Calendar', 'Theme In WP', 'UTF-8', 'University or College', 'Visual Composer Ultimate Addons', 'WP Engine', 'WPBakery', 'Woo Themes', 'WooCommerce Checkout', 'WordPress', 'WordPress Multisite', 'jQuery']"
citizenservice-digital.sws.de,SWS Citizenservice Digital – SWS Computersysteme AG,,DEU,80,48200,2026-09-11T21:42:42.637850795Z,"['AWS WAF Challenge', 'Cisco/Arrowpoint Content Service Switch', 'Cloudflare', 'Content Delivery Network', 'Fastly', 'Fireblade', 'Google Analytics', 'Google Tag Manager', 'Gravity', 'Hubspot Knowledge Base', 'Microsoft Authentication Library for JavaScript', 'QUIC', 'Tailwind CSS', 'UTF-8', 'shadcn ui']"
careconnectagency.com,Value-Based Care - Care Connect Agency,Care Connect Agency,,72,22540,2026-09-11T21:31:19.568208476Z,"['Alternate Protocol', 'Beaver Builder Lite', 'Blocksy', 'Content Delivery Network', 'EmbedPress', 'Fastly', 'GZIP Module', 'Google Cloud DNS', 'Google Font API', 'HubSpot Conversations', 'HubSpot WordPress Plugin', 'Hubspot', 'Microdata for Google Shopping', 'Nginx', 'PHP', 'Page scroll to id', 'Theme In WP', 'UTF-8', 'WordPress', 'WordPress Multisite', 'jQuery']"
pauljosephdp.com,Paul Joseph — DP & Cinematographer | Dubai & Kochi,,IND,77,14317,2026-09-11T21:31:19.550678437Z,"['Adult Content', 'Alternate Protocol', 'Apollo IO', 'Apture Linking Platform', 'Cloudflare', 'Cloudflare CDN', 'DAV', 'EmbedPress', 'Google Analytics', 'Google Tag Manager', 'HubSpot WordPress Plugin', 'Instagram Follow Button', 'Microdata for Google Shopping', 'Microsoft 365', 'Site Kit', 'Sitelinks Search Box', 'UTF-8', 'Vimeo', 'WordPress', 'WordPress Multisite', 'jQuery']"
cutboardstudio.com,Best Documentary-Style Video Production in Spokane | CutBoard Studio,CutBoard Studio,USA,82,26603,2026-09-11T21:17:18.295934522Z,"['Alternate Protocol', 'Amazon WAF Blocked', 'Apture Linking Platform', 'Calendly', 'Cloudflare', 'Content Delivery Network', 'Elementor', 'EmbedPress', 'Font Awesome', 'GoDaddy', 'Google', 'Google Analytics', 'Google Cloud CDN', 'Google Cloud DNS', 'Google Font API', 'Google Related Website Sites', 'Google Tag Manager', 'Gravity', 'Gravity Forms', 'HubSpot Conversations', 'HubSpot WordPress Plugin', 'Hubspot', 'IcoMoon', 'Instagram Follow Button', 'Lazy Load for WordPress', 'Microdata for Google Shopping', 'NFOrce Internet', 'PHP', 'QUIC', 'UTF-8', 'Vimeo', 'WP Rocket', 'WPZOOM', 'Woo Themes', 'WordPress', 'WordPress Multisite', 'YouTube']"
kennisplein.nl,"Boekhouden, Financieel Beheer en Automatisering | SnelStart",SnelStart,NLD,87,18867,2026-09-11T21:12:26.907027052Z,"['Bulma', 'Cloudflare', 'Cloudflare CDN', 'Content Delivery Network', 'Fastly', 'Font Awesome', 'Funnelytics', 'Google', 'Google Analytics', 'Google Cloud DNS', 'Google Font API', 'Google Related Website Sites', 'Google Tag Manager', 'Hotjar', 'Hubspot Knowledge Base', 'IcoMoon', 'Instagram Follow Button', 'LinkedIn Insights', 'LinkedIn Pixel', 'Microdata for Google Shopping', 'Twitter Ads', 'UTF-8']"
mcsiengineering.com,MCSI Plastic Processing Equipment,,,77,23947,2026-09-11T21:12:26.867158435Z,"['AJAX Libraries API', 'Cloudflare', 'Cloudflare CDN', 'Content Delivery Network', 'Fastly', 'Font Awesome', 'Google Analytics', 'Google Cloud DNS', 'Google Tag Manager', 'HubSpot Conversations', 'Hubspot', 'Hubspot Knowledge Base', 'IcoMoon', 'Microdata for Google Shopping', 'QUIC', 'Schema Plugin', 'UTF-8', 'University or College', 'jQuery']"
rdfx.ca,Red Fox Growth Strategies,,CAN,87,28707,2026-09-11T21:01:33.607651836Z,"['AWS WAF Challenge', 'Cloudflare', 'Cloudflare CDN', 'Coming Soon Page', 'Content Delivery Network', 'Fastly', 'Hubspot Knowledge Base', 'IcoMoon', 'InitiativeS', 'Instagram Follow Button', 'QUIC', 'Thank You', 'UTF-8']"
roave.com,Roave offers expertise in developing web applications using PHP and other modern technologies,,USA,77,28780,2026-09-11T20:49:01.877991581Z,"['AJAX Libraries API', 'AWS WAF Challenge', 'Adobe Creative Cloud WebFonts', 'Alternate Protocol', 'CDN JS', 'Cloudflare', 'Cloudflare CDN', 'Content Delivery Network', 'ElementUI', 'Google Analytics', 'Google Cloud DNS', 'Google Related Website Sites', 'Google Tag Manager', 'HubSpot WordPress Plugin', 'Iubenda', 'LiteSpeed', 'LottieFiles', 'Microdata for Google Shopping', 'Oracle Cloud', 'PHP', 'Tailwind CSS', 'Theme In WP', 'UTF-8', 'WordPress', 'WordPress Multisite', 'jQuery']"
stratonik.com,Stratonik - development and consulting,Stratonik,,67,25157,2026-09-11T20:41:49.968365221Z,"['CDN JS', 'Cloudflare', 'Cloudflare CDN', 'Cloudflare Web Analytics', 'Contact Form Plugin', 'Content Delivery Network', 'EmbedPress', 'Fireblade', 'Google Cloud DNS', 'Google Font API', 'HubSpot WordPress Plugin', 'IcoMoon', 'LiteSpeed', 'Materialize CSS', 'Microdata for Google Shopping', 'PHP', 'Theme In WP', 'UTF-8', 'WordPress', 'WordPress Multisite', 'jQuery']"
qprcostcontrol.eu,CostPerform - Tackle Your Cost Allocations,CostPerform,USA,77,23713,2026-09-11T20:34:41.65354846Z,"['AI Log', 'Active Campaign', 'Alternate Protocol', 'Apache', 'Bing Cashback', 'Bing Conversion Tracking', 'Cybot', 'DoubleClick Bid Manager', 'Elementor', 'EmbedPress', 'Express', 'GZIP Module', 'Google', 'Google Analytics', 'Google My Business', 'Google Related Website Sites', 'Google Reseller', 'Google Tag Manager', 'Hello Elementor', 'HubSpot WordPress Plugin', 'Microdata for Google Shopping', 'Microsoft Clarity', 'NFOrce Internet', 'QUIC', 'RM Education', 'The Trade Desk Direct', 'UTF-8', 'WordPress', 'WordPress Multisite', 'YouTube', 'jQuery']"
canstaracademy.com,Home - Can-Star Academy,CanStar CSA TopUniversitiesPrep.com,CHN,75,27963,2026-09-11T20:34:41.640373585Z,"['Alternate Protocol', 'Amazon WAF Blocked', 'Anti-spam for WordPress', 'CleanTalk Spam Protect', 'Elementor', 'EmbedPress', 'Financial Services Guide', 'Fireblade', 'Google', 'Google Analytics', 'Google Cloud CDN', 'Google Cloud DNS', 'Google Conversion Tracking', 'Google Font API', 'Google Tag Manager', 'HubSpot Conversations', 'Hubspot', 'Instagram Follow Button', 'LiteSpeed', 'Microdata for Google Shopping', 'PHP', 'Theme In WP', 'UTF-8', 'University or College', 'WP Super Cache', 'WPML Multilingual', 'WordPress', 'WordPress Multisite', 'jQuery']"
rivet.work,Workforce Management Software for MEP Contractors | RIVET,RIVET,USA,77,20957,2026-09-11T20:25:00.375807208Z,"['AJAX Libraries API', 'Alternate Protocol', 'Amazon', 'Amazon CloudFront', 'CloudFront', 'Cloudflare', 'Content Delivery Network', 'CookieYes', 'DAV', 'GZIP Module', 'Google', 'Google Analytics', 'Google Cloud DNS', 'Google Font API', 'Google Tag Manager', 'HubSpot Conversations', 'Hubspot', 'IcoMoon', 'Instagram Follow Button', 'Microdata for Google Shopping', 'QUIC', 'Tailwind CSS', 'UTF-8', 'Vector Internet Services', 'WF Cookie Consent', 'Webflow', 'YouTube']"
associationconferencegroup.com,Partnering for Growth,,,60,1097,2026-09-11T20:25:00.367877519Z,"['501c3 Status Nonprofit', 'AWS WAF Challenge', 'Alternate Protocol', 'CrazyEgg', 'DAV', 'Elementor', 'EmbedPress', 'GZIP Module', 'Google Analytics', 'Google Tag Manager', 'Hello Elementor', 'HubSpot Conversations', 'HubSpot WordPress Plugin', 'Hubspot', 'Instagram Follow Button', 'Jetpack', 'Microsoft Clarity', 'NFOrce Internet', 'Nginx', 'QUIC', 'Table Addons for Elementor', 'UTF-8', 'Unlimited Elements For Elementor', 'WordPress', 'WordPress Multisite', 'WordPress Stats', 'jQuery']"
shopwhereilive.com,Shop Where I Live – Local e-commerce marketplace websites for communities,,,62,32431,2026-09-11T20:25:00.342143637Z,"['Akismet', 'Alternate Protocol', 'Content Delivery Network', 'DAV', 'EmbedPress', 'GZIP Module', 'Google Cloud DNS', 'Google Font API', 'Gravity', 'Gravity Forms', 'HubSpot Conversations', 'Hubspot', 'Instagram Follow Button', 'KVH', 'PHP', 'QUIC', 'Smart Slider 3', 'StatCounter', 'StudioPress', 'Sucuri Cloudproxy', 'Thank You', 'Theme In WP', 'UTF-8', 'WordPress', 'WordPress Multisite', 'YouTube', 'Zoho SalesIQ', 'eLand', 'jQuery']"
actioncoach.com,Business Coaching | ActionCOACH,,GBR,72,35640,2026-09-11T20:15:41.566974341Z,"['AWS WAF Challenge', 'Apache', 'Bulma', 'Cloudflare', 'Cloudflare CDN', 'Content Delivery Network', 'DAV', 'Express', 'Fastly', 'Google', 'Google Analytics', 'Google Cloud DNS', 'Google Font API', 'Google Tag Manager', 'Hubspot Knowledge Base', 'Instagram Follow Button', 'QUIC', 'Tailwind CSS', 'UTF-8', 'Vector Internet Services', 'YouTube', 'jsDelivr']"
operationshouse.com,Operations House,Operations House,USA,82,91324,2026-09-11T20:09:29.560351821Z,"['Accordion Blocks', 'Accordion FAQ', 'Aruba', 'Express', 'Facebook Conversion Tracking', 'Facebook Login', 'Facebook Messenger Platform', 'Facebook Pixel', 'Facebook Reseller', 'Facebook Tag API', 'Font Awesome', 'GZIP Module', 'Google Analytics', 'Google Tag Manager', 'HubSpot Conversations', 'Hubspot', 'Instagram Follow Button', 'Line2', 'Magento Enterprise', 'Microdata for Google Shopping', 'QUIC', 'SiteW', 'Squarespace', 'UTF-8', 'Vector Internet Services', 'WordPress SEO Structured Data Schema Plugin', 'YouTube', 'eLand']"
gilmorespub.com,"Gilmore's Pub | Cedar Falls, IA Restaurant – Burgers, Craft Beer",Gilmore's Pub,GBR,77,95073,2026-09-11T19:59:14.700101869Z,"['Adobe Creative Cloud WebFonts', 'Aruba', 'Express', 'GZIP Module', 'Google Analytics', 'Google My Business', 'Google Tag Manager', 'HubSpot Conversations', 'Hubspot', 'Instagram Follow Button', 'Line2', 'Magento Enterprise', 'Microdata for Google Shopping', 'QUIC', 'SiteW', 'Squarespace', 'Subsplash', 'Tock', 'UTF-8', 'WordPress SEO Structured Data Schema Plugin', 'eLand']"
marketing-arribatec.com,Arribatec Group - Simplify Complexity,,NOR,82,28458,2026-09-11T19:59:14.686051729Z,"['AWS WAF Challenge', 'Alternate Protocol', 'Amazon WAF Blocked', 'Complianz', 'Elementor', 'EmbedPress', 'Google Analytics', 'Google Cloud DNS', 'Google Font API', 'Google Related Website Sites', 'Google Tag Manager', 'HubSpot WordPress Plugin', 'Instagram Follow Button', 'Investor Relations', 'Max Mega Menu', 'Max Mega Menu Pro', 'Microdata for Google Shopping', 'NFOrce Internet', 'Newsletter for Wordpress', 'Nginx', 'OceanWP', 'PHP', 'QUIC', 'SVG Support', 'SearchWP', 'Sitelinks Search Box', 'Theme In WP', 'UTF-8', 'University or College', 'WP Mobile Menu', 'WPForms', 'Woo Themes', 'WooCommerce Checkout', 'WordPress', 'WordPress Multisite', 'jQuery']"
pariznoir.com,Pariz Noir | new music,Pariz Noir,,57,26985,2026-09-11T19:43:50.08581151Z,"['Alternate Protocol', 'Amazon WAF Blocked', 'Apple Auto Link Maker', 'Apture Linking Platform', 'Content Delivery Network', 'DAV', 'Express', 'Fastly', 'Fastly CDN', 'GZIP Module', 'Google Related Website Sites', 'HubSpot Conversations', 'Hubspot', 'Instagram Follow Button', 'Microdata for Google Shopping', 'NFOrce Internet', 'PWA', 'Perl', 'QUIC', 'Quantcast Direct', 'SMC', 'Seflow Italy', 'Sentry', 'SiteW', 'Thank You', 'Twitter Ads', 'UTF-8', 'Vector Internet Services', 'WP Booking Calendar', 'Wix', 'Wix Media', 'YouTube', 'mlcom']"
perpetualthinking.co.uk,Creative Digital Marketing Agency in Manchester & Leeds | STM Agency,,GBR,72,36000,2026-09-11T19:43:50.061583656Z,"['AWS WAF Challenge', 'Adobe Creative Cloud WebFonts', 'Cloudflare', 'Content Delivery Network', 'Fastly', 'Google', 'Google Analytics', 'Google Cloud DNS', 'Google Font API', 'Google Tag Manager', 'Hubspot Knowledge Base', 'Instagram Follow Button', 'Tailwind CSS', 'UTF-8', 'Vector Internet Services', 'eLand', 'shadcn ui']"
1907.management,1907 Capital | Investing in Timeless Lodging Assets,15275 Collier Blvd. Suite 201-305,,67,136812,2026-09-11T19:33:03.60750517Z,"['Adobe Creative Cloud WebFonts', 'Aruba', 'Express', 'GZIP Module', 'Google Analytics', 'Google Tag Manager', 'HubSpot Conversations', 'Hubspot', 'Juniper Square', 'Line2', 'Magento Enterprise', 'MailChimp', 'Microdata for Google Shopping', 'Newsletter for Wordpress', 'Pico CSS', 'QUIC', 'SiteW', 'Squarespace', 'UTF-8', 'WordPress SEO Structured Data Schema Plugin', 'eLand']"
adukan.in,આપણી દુકાન – આપણી દુકાન એટલે ભાવેણાવાસીની પોતાની દુકાન,,IND,87,21349,2026-09-11T19:33:03.586146719Z,"['Alternate Protocol', 'Apture Linking Platform', 'Cisco/Arrowpoint Content Service Switch', 'DoubleClick Bid Manager', 'Elementor', 'EmbedPress', 'Google', 'Google Adsense', 'Google Analytics', 'Google Cloud DNS', 'Google Font API', 'Google Funding Choices', 'Google Matched Content', 'Google My Business', 'Google Related Website Sites', 'Google Reseller', 'Google Tag Manager', 'HubSpot WordPress Plugin', 'IcoMoon', 'Instagram Follow Button', 'Lazy Load for WordPress', 'MailChimp', 'MailPoet', 'Mastodon', 'Microdata for Google Shopping', 'NFOrce Internet', 'Newsletter for Wordpress', 'Ntent', 'OceanWP', 'PHP', 'QUIC', 'Sign In With Google', 'Site Kit', 'Tailwind CSS', 'UTF-8', 'WP Mobile Menu', 'WP Rocket', 'WPForms', 'Woo Themes', 'WooCommerce', 'WooCommerce Checkout', 'WordPress', 'WordPress Multisite', 'YouTube', 'jQuery']"
foodunionhaarlem.nl,Professionele keuken huren Haarlem - Rotterdam | Food Union,FoodUnion,NLD,82,11516,2026-09-11T19:33:03.583929866Z,"['Alternate Protocol', 'Apache', 'Contact Form Plugin', 'EmbedPress', 'Formidable Pro Form', 'GZIP Module', 'Google Analytics', 'Google My Business', 'Google Tag Manager', 'HubSpot WordPress Plugin', 'IcoMoon', 'Instagram Follow Button', 'Microdata for Google Shopping', 'PHP', 'Pico CSS', 'QUIC', 'Tailwind CSS', 'Theme In WP', 'UTF-8', 'WordPress', 'WordPress Multisite', 'jQuery', 'reCAPTCHA']"
trythis-turftank.com,Turf Tank - Autonomous robotic field painter for all sports,Turf Tank,,67,294729,2026-09-11T19:22:49.883876885Z,"['AWS WAF Challenge', 'Adobe Creative Cloud WebFonts', 'Alternate Protocol', 'Cloudflare', 'Column Shortcodes', 'Content Delivery Network', 'Contento', 'Cybot', 'DAV', 'EmbedPress', 'Font Awesome', 'FreeBSD', 'Google', 'Google Tag Manager', 'HubSpot Conversations', 'Hubspot', 'Impreza', 'Instagram Follow Button', 'KeyCDN', 'Line2', 'Microdata for Google Shopping', 'PHP', 'Pagekit', 'Python', 'SMC', 'Salesforce Hosted', 'Shopware', 'Sleeknote', 'Theme In WP', 'Twitter Ads', 'UTF-8', 'University or College', 'Vector Internet Services', 'WP Engine', 'WP Rocket', 'WPBakery', 'WPML Multilingual', 'Waveform Technology', 'Woo Themes', 'WordPress', 'WordPress Multisite', 'Yandex Hosting', 'YouTube', 'jQuery', 'symfony PHP Framework']"
staffcodirect.com,StaffCo Direct,,GBR,67,12930,2026-09-11T19:13:35.943288984Z,"['CookieYes', 'Elegant Themes', 'FormSubmit', 'GZIP Module', 'GetResponse', 'Google Analytics', 'Google Cloud DNS', 'Google Font API', 'Google My Business', 'Google Tag Manager', 'HubSpot Conversations', 'Hubspot', 'Nginx', 'QUIC', 'UTF-8', 'jQuery', 'reCAPTCHA']"
nbttour.com,Home - The Next Best Thing: A Media Tour,The Next Best Thing: A Media Tour,,57,763,2026-09-11T18:53:14.335322854Z,"['AWS WAF Challenge', 'Alternate Protocol', 'Astra Theme', 'Cloudflare', 'Cloudflare CDN', 'Elementor', 'EmbedPress', 'Essential Addons for Elementor', 'Facebook Embedded Posts', 'GZIP Module', 'Google', 'Google Analytics', 'Google Cloud DNS', 'Google Font API', 'Google My Business', 'Google Tag Manager', 'HubSpot Conversations', 'HubSpot WordPress Plugin', 'Hubspot', 'Jetpack', 'Microdata for Google Shopping', 'MonsterInsights', 'NFOrce Internet', 'Nginx', 'PHP', 'Theme In WP', 'UTF-8', 'Woo Themes', 'WordPress', 'WordPress Multisite', 'WordPress Related Posts', 'jQuery']"
code3outfitters.com,Unlock Fishing Secrets With Expert Guides In Corpus Christi,Code 3 Guide Services,USA,77,20322,2026-09-11T18:53:14.32964958Z,"['Amazon', 'Amazon API Gateway', 'Amazon CloudFront', 'Amazon Route 53', 'CloudFront', 'Content Delivery Network', 'DAV', 'DoubleClick Bid Manager', 'Fastly', 'GZIP Module', 'Google Cloud DNS', 'Google Maps', 'Harbor', 'Heap', 'Hubspot', 'Instagram Follow Button', 'Line2', 'Microdata for Google Shopping', 'Next.js', 'Pleroma', 'QUIC', 'Stripe', 'Tailwind CSS', 'UTF-8', 'Vimeo', 'YouTube']"
vo-group.be,Communication group - VO,VO,BEL,92,30106,2026-09-11T18:45:23.190673824Z,"['AWS WAF Challenge', 'Alibaba Cloud CDN', 'Alternate Protocol', 'Apache', 'Apture Linking Platform', 'Debian', 'DuracellTomi Google Tag Manager for WordPress', 'Elementor', 'EmbedPress', 'GZIP Module', 'Google Analytics', 'Google Tag Manager', 'Header, Footer and Blocks for Elementor', 'Hello Elementor', 'HubSpot WordPress Plugin', 'Instagram Follow Button', 'Lazy Load for WordPress', 'LinkedIn Insights', 'LinkedIn Pixel', 'Microdata for Google Shopping', 'PHP', 'Polylang', 'Search and Filter Pro', 'Theme In WP', 'UTF-8', 'Vector Internet Services', 'WP Rocket', 'WordPress', 'WordPress Multisite', 'YouTube', 'jQuery']"
innfinitysystems.com,Innfinity - Optimizing Crew Logistics for Oil & Gas Operations,,CAN,72,32008,2026-09-11T18:38:12.33315987Z,"['AJAX Libraries API', 'AWS WAF Challenge', 'Amazon', 'Amazon CloudFront', 'Apollo IO', 'CDN JS', 'CloudFront', 'Cloudflare', 'Cloudflare CDN', 'Content Delivery Network', 'GZIP Module', 'Google', 'Google Analytics', 'Google Cloud DNS', 'Google Font API', 'Google My Business', 'Google Tag Manager', 'HubSpot Conversations', 'Hubspot', 'LinkedIn Insights', 'LinkedIn Pixel', 'Tailwind CSS', 'UTF-8', 'WF Cookie Consent', 'YouTube', 'jsDelivr', 'reCAPTCHA']"
elitedrivingschoolofli.com,"Elite Driving School of Selden, Long Island","Elite Driving School of Selden, Long Island",USA,77,44897,2026-09-11T18:27:57.302047804Z,"['AWS WAF Challenge', 'Alternate Protocol', 'Apache', 'ClickCease', 'EmbedPress', 'GZIP Module', 'Google', 'Google Analytics', 'Google Cloud DNS', 'Google Font API', 'Google Related Website Sites', 'Google Tag Manager', 'HubSpot WordPress Plugin', 'Microdata for Google Shopping', 'PHP', 'Schema Plugin', 'Share Link', 'Tagembed', 'Tailwind CSS', 'Theme In WP', 'UTF-8', 'University or College', 'Wangsu', 'WordPress', 'WordPress Multisite']"
ttn0478.nl,"TTN0478 - 100% dekkend, gratis, open en toegankelijk Lorawan Netwerk",ttn0478.nl,,62,24670,2026-09-11T18:04:30.039155765Z,"['Alternate Protocol', 'Apache', 'Contact Form Plugin', 'EmbedPress', 'Fireblade', 'FreeCSSTemplates', 'HubSpot WordPress Plugin', 'Microdata for Google Shopping', 'PHP', 'TablePress', 'Tailwind CSS', 'Theme In WP', 'UTF-8', 'WPBakery', 'WordPress', 'WordPress Multisite', 'jQuery']"
fireflyeventsandconcierge.com,"Firefly Events, Travel and Concierge",,GBR,82,115281,2026-09-11T17:29:07.253900259Z,"['AWS WAF Challenge', 'Amazon WAF Blocked', 'Apture Linking Platform', 'Content Delivery Network', 'DAV', 'Express', 'Fastly', 'Fastly CDN', 'GZIP Module', 'Google Related Website Sites', 'HubSpot Conversations', 'Hubspot', 'NFOrce Internet', 'PWA', 'Perl', 'QUIC', 'SMC', 'Seflow Italy', 'Sentry', 'SiteW', 'UTF-8', 'Vector Internet Services', 'WP Booking Calendar', 'Wix', 'Wix Media', 'eLand', 'mlcom']"
knuckeys.com.au,Knuckeys - Agricultural Equipment Dealer & Manufacturing Victoria,Knuckeys Agriculture,,67,30140,2026-09-11T17:29:07.245287568Z,"['Adult Content', 'Alternate Protocol', 'CDN JS', 'Cloudflare', 'Cloudflare CDN', 'Contact Form Plugin', 'ElementUI', 'Elementor', 'ElementsKit Elementor', 'EmbedPress', 'Facebook Conversion Tracking', 'Facebook Login', 'Facebook Messenger Platform', 'Facebook Pixel', 'Facebook Reseller', 'Facebook Tag API', 'FormSubmit', 'GZIP Module', 'Google Analytics', 'Google Cloud DNS', 'Google Font API', 'Google My Business', 'Google Related Website Sites', 'Google Tag Manager', 'HubSpot Conversations', 'HubSpot WordPress Plugin', 'Hubspot', 'Instagram Follow Button', 'Mailster WordPress Newsletter Plugin', 'Microdata for Google Shopping', 'NFOrce Internet', 'Nginx', 'QUIC', 'RM Education', 'Twitter Ads', 'UTF-8', 'Woo Themes', 'WordPress', 'WordPress Multisite', 'jQuery']"
educatorsrising.org,Home - Educators Rising - Educators Rising,Educators Rising,USA,75,24686,2026-09-11T17:21:51.368302111Z,"['Alternate Protocol', 'CDN JS', 'Cloudflare', 'Cloudflare CDN', 'Contact Form Plugin', 'Divi', 'Elegant Themes', 'EmbedPress', 'Fastly', 'Google Analytics', 'Google Cloud DNS', 'Google Font API', 'Google Tag Manager', 'HubSpot Conversations', 'HubSpot WordPress Plugin', 'Hubspot', 'InitiativeS', 'Instagram Follow Button', 'KeyCDN', 'Microdata for Google Shopping', 'Nginx', 'PHP', 'Perl', 'Tawk', 'Theme In WP', 'Twitter Ads', 'UTF-8', 'University or College', 'Woo Themes', 'WordPress', 'WordPress Multisite', 'YouTube', 'eLand', 'jQuery', 'reCAPTCHA']"
onlineeffect.com.au,Online Effect Perth,Online Effect,AUS,67,11353,2026-09-11T17:12:43.076861672Z,"['Adobe Creative Cloud WebFonts', 'Alternate Protocol', 'Aruba', 'Express', 'Facebook Login', 'Facebook Messenger Platform', 'Facebook Pixel', 'Facebook Reseller', 'Facebook Tag API', 'GZIP Module', 'Google Analytics', 'Google Tag Manager', 'HubSpot Conversations', 'Hubspot', 'Line2', 'Microdata for Google Shopping', 'QUIC', 'Squarespace', 'UTF-8', 'WordPress SEO Structured Data Schema Plugin', 'YouTube', 'eLand']"
aimtal.com,Aimtal | A global integrated marketing agency,Home,USA,77,19980,2026-09-11T17:04:26.974172679Z,"['501c3 Status Nonprofit', 'AJAX Libraries API', 'Amazon', 'Amazon CloudFront', 'Amazon WAF Blocked', 'Animate It', 'Better Lead Generation Services', 'Cisco/Arrowpoint Content Service Switch', 'CloudFront', 'Cloudflare', 'Content Delivery Network', 'DAV', 'Express', 'Fundraise Up', 'GZIP Module', 'Google', 'Google Analytics', 'Google Cloud DNS', 'Google Font API', 'Google Tag Manager', 'HubSpot Conversations', 'Hubspot', 'InitiativeS', 'Instagram Follow Button', 'Microdata for Google Shopping', 'QUIC', 'UTF-8', 'WF Cookie Consent', 'YouTube', 'jsDelivr']"
whereboysthrive.org,Home - The Fenn School,,,77,26295,2026-09-11T17:04:26.955560171Z,"['AWS WAF Challenge', 'Cloudflare', 'Cloudflare Web Analytics', 'Content Delivery Network', 'CrazyEgg', 'Google Analytics', 'Google My Business', 'Google Tag Manager', 'HubSpot Conversations', 'Hubspot', 'Instagram Follow Button', 'Juicer DMP', 'Microdata for Google Shopping', 'PHP', 'QUIC', 'Ruby on Rails', 'Schema Plugin', 'UTF-8', 'University or College', 'Vimeo', 'WoWonder']"
rogersjs.com,Homepage | WorkDone.AI,WorkDone.AI - Corporate Memory,USA,75,49479,2026-09-11T16:47:17.356234132Z,"['AI Log', 'AWS WAF Challenge', 'Akismet', 'Alternate Protocol', 'Amazon WAF Blocked', 'Ametys', 'Apture Linking Platform', 'Aruba', 'Calendly', 'Cloudflare', 'Cloudflare CDN', 'Content Delivery Network', 'Elementor', 'EmbedPress', 'Express', 'Google My Business', 'Google Related Website Sites', 'Gravity', 'Gravity Forms', 'Hello Elementor', 'HubSpot Conversations', 'Hubspot', 'InitiativeS', 'LiteSpeed', 'M247', 'Microdata for Google Shopping', 'NFOrce Internet', 'PHP', 'QUIC', 'Sticky Header Effects for Elementor', 'Theme In WP', 'Twitter Ads', 'UTF-8', 'WordPress', 'WordPress Multisite', 'YouTube', 'eLand', 'jQuery', 'reCAPTCHA']"
carolinacatsitting.com,Book Cat Sitters Near You With 5-Star Reviews | Meowtel,"The #1 Cat Sitting App - Book a Local, Loving Cat Sitter",USA,82,41260,2026-09-11T16:33:12.710594612Z,"['AWS WAF Challenge', 'App Store', 'Apture Linking Platform', 'Bing Cashback', 'Bing Conversion Tracking', 'ByteDance', 'Checkout.com', 'Cisco/Arrowpoint Content Service Switch', 'Cloudflare', 'Cloudflare CDN', 'Cloudflare Turnstile', 'DoubleClick Bid Manager', 'Express', 'Facebook Login', 'Facebook Messenger Platform', 'Facebook Reseller', 'Firebase', 'GetResponse', 'Google', 'Google Analytics', 'Google Cloud CDN', 'Google Cloud DNS', 'Google My Business', 'Google Play', 'Google Reseller', 'Google Tag Manager', 'HubSpot Conversations', 'Hubspot', 'IcoMoon', 'Instagram Follow Button', 'Kinsta', 'Microdata for Google Shopping', 'Nginx', 'Ntent', 'Pico CSS', 'Sentry', 'Sign In With Google', 'SmartyStreets', 'Tailwind CSS', 'UTF-8', 'University or College', 'Unix', 'Vimeo', 'Vimeo CDN', 'YouTube', 'reCAPTCHA', 'shadcn ui']"
mkleads.nl,MK Leads Training and consultancy firm,,NLD,75,9936,2026-09-11T16:15:10.762901585Z,"['Alternate Protocol', 'Apache', 'Contact Form Plugin', 'EmbedPress', 'FreeCSSTemplates', 'GZIP Module', 'Google Cloud DNS', 'Google Font API', 'HubSpot WordPress Plugin', 'PHP', 'Polylang', 'Site Reviews for Wordpress', 'Slider Revolution', 'TablePress', 'Theme In WP', 'UTF-8', 'WordPress', 'WordPress Multisite', 'jQuery']"
stonersociety.com,"stonersociety.com | Stoner Society | Strains, Seshes & Cannabis Culture in the 707",,,77,129973,2026-09-11T16:05:44.069479029Z,"['Adult Content', 'Alternate Protocol', 'Bridge', 'Brightspot', 'Complianz', 'Contact Form Plugin', 'Content Delivery Network', 'Drag and Drop Multiple File Upload', 'Elementor', 'EmbedPress', 'Express', 'Font Awesome', 'Google Analytics', 'Google Cloud DNS', 'Google Font API', 'Google Tag Manager', 'HubSpot WordPress Plugin', 'Instagram Follow Button', 'LiteSpeed', 'Microdata for Google Shopping', 'NFOrce Internet', 'On The Map', 'PHP', 'Qi Addons For Elementor', 'Schema Plugin', 'Slider Revolution', 'The Fresh', 'Theme In WP', 'UTF-8', 'W3 Total Cache', 'WPBakery', 'WordPress', 'WordPress Multisite', 'eLand', 'jQuery']"
estillvoice.com,Estill Voice International | Voice Training for Speaking & Singing,Estill Voice International,USA,77,32983,2026-09-11T16:05:44.045355479Z,"['AWS WAF Challenge', 'Alternate Protocol', 'App Store', 'Cloudflare', 'Cloudflare CDN', 'Constant Contact Wordpress Forms', 'Contact Form Plugin', 'Content Delivery Network', 'Cookie Accept', 'Cookie Notice', 'EmbedPress', 'Facebook Conversion Tracking', 'Facebook Login', 'Facebook Messenger Platform', 'Facebook Pixel', 'Facebook Reseller', 'Facebook Tag API', 'Fastly', 'Font Awesome', 'FormSubmit', 'GZIP Module', 'Google', 'Google Analytics', 'Google My Business', 'Google Play', 'Google Tag Manager', 'HubSpot WordPress Plugin', 'IcoMoon', 'Instagram Follow Button', 'Microdata for Google Shopping', 'Nginx', 'PHP', 'SVG Support', 'Shopify', 'Sitelinks Search Box', 'SmartCrawl', 'ThemeFusion', 'Twitter Ads', 'UTF-8', 'WP-Members', 'WordPress', 'WordPress Multisite', 'jQuery', 'reCAPTCHA']"
legacycsfirm.com,"Legacy Consulting Firm – Crafting the Pillars of Legacy, One Strategic Solution at a Time",,USA,70,45837,2026-09-11T16:05:44.04197033Z,"['AWS WAF Challenge', 'Alternate Protocol', 'Apache', 'Automattic', 'BetterDocs', 'Cloudflare', 'Cloudflare CDN', 'Contact Form Plugin', 'Debian', 'EmbedPress', 'Essential Blocks for Gutenberg', 'GZIP Module', 'Google', 'Google My Business', 'Gravity', 'HubSpot Conversations', 'HubSpot WordPress Plugin', 'Hubspot', 'Instagram Follow Button', 'Jetpack', 'LearnPress', 'LiteSpeed', 'PHP', 'RM Education', 'Theme In WP', 'UTF-8', 'University or College', 'WPFront Scroll Top', 'Woo Themes', 'WooCommerce', 'WooCommerce Checkout', 'WordPress', 'WordPress Multisite', 'WordPress Stats', 'YouTube', 'jQuery', 'jsDelivr']"
dealbargain.co.za,"Deal Bargain – ""Unlock Amazing Discounts – Shop Your Favorites Now!""",,,55,8016,2026-09-11T16:05:44.030929718Z,"['Alternate Protocol', 'Automattic', 'Cloudflare', 'Cloudflare CDN', 'Customer Reviews for WooCommerce', 'EmbedPress', 'Fireblade', 'Flatsome', 'Google Analytics', 'Google Related Website Sites', 'Google Tag Manager', 'HubSpot Conversations', 'HubSpot WordPress Plugin', 'Hubspot', 'IcoMoon', 'Jetpack', 'Matomo', 'Matomo Tag Manager', 'PHP', 'Site Kit', 'Tailwind CSS', 'Theme In WP', 'UTF-8', 'Woo Themes', 'WooCommerce', 'WooCommerce Checkout', 'WordPress', 'WordPress Multisite', 'WordPress Stats', 'jQuery']"
benzne.com,"NextAgile: Agile, AI, OKRs, Leadership Consulting & Workforce Development Solutions",NextAgile Consulting,IND,77,41087,2026-09-11T15:57:05.425033038Z,"['AWS WAF Challenge', 'Alternate Protocol', 'Apture Linking Platform', 'Astra Theme', 'Calendly', 'Clutch', 'DAV', 'Elementor', 'ElementsKit Elementor', 'EmbedPress', 'Express', 'GZIP Module', 'Google Analytics', 'Google Cloud DNS', 'Google Font API', 'Google Tag Manager', 'HubSpot Conversations', 'Hubspot', 'LoftLoader', 'Metform Elemento', 'Microdata for Google Shopping', 'NFOrce Internet', 'PHP', 'Pingdom RUM', 'Premium Addons for Elementor', 'Sitelinks Search Box', 'Smart Slider 3', 'Subversion', 'Table Addons for Elementor', 'Theme In WP', 'Trustpilot Reviews for WordPress', 'Twitter Ads', 'UTF-8', 'WP Job Openings', 'WordPress', 'WordPress Multisite', 'YouTube', 'jQuery']"
phxholdings.com,"PHX Holdings | PHX Holdings, LLC actively manages a family of contract manufacturing and manufacturing services businesses.",,,50,1045,2026-09-11T15:57:05.388382586Z,"['Alternate Protocol', 'Content Delivery Network', 'Divi', 'Elegant Themes', 'EmbedPress', 'Fastly', 'Google Cloud DNS', 'Google Font API', 'HubSpot Conversations', 'Hubspot', 'KeyCDN', 'Nginx', 'PHP', 'Parallels Plesk Panel', 'Theme In WP', 'UTF-8', 'Woo Themes', 'WordPress', 'WordPress Multisite', 'jQuery']"
homebrewrepublic.co.nz,Home Brew Republic - Shop Homebrew Online - Fast Delivery,,NZL,77,26460,2026-09-11T15:57:05.387959859Z,"['Alternate Protocol', 'Aruba', 'Automattic', 'CrazyEgg', 'DuracellTomi Google Tag Manager for WordPress', 'ElementUI', 'Elementor', 'Facebook Conversion Tracking', 'Facebook Login', 'Facebook Messenger Platform', 'Facebook Pixel', 'Facebook Reseller', 'Facebook Tag API', 'Google Analytics', 'Google Related Website Sites', 'Google Tag Manager', 'HubSpot Conversations', 'HubSpot WordPress Plugin', 'Hubspot', 'Jetpack', 'Microdata for Google Shopping', 'NFOrce Internet', 'Nginx', 'PHP', 'QUIC', 'Sitelinks Search Box', 'TI WooCommerce Wishlist', 'Theme In WP', 'Trustpilot Reviews for WordPress', 'UTF-8', 'WP Super Cache', 'Woo Themes', 'WordPress', 'WordPress Multisite', 'WordPress Stats', 'YouTube', 'eLand', 'jQuery']"
equiposdebombasydragados.pe,equipos de dragado y bombas industriales,Perú - Equipos de Bombas y dragados,,72,36097,2026-09-11T15:47:21.670773016Z,"['Alternate Protocol', 'Amazon WAF Blocked', 'Apture Linking Platform', 'Cloudflare', 'Cloudflare CDN', 'Content Delivery Network', 'Elementor', 'EmbedPress', 'GeneratePress Company', 'Google Analytics', 'Google My Business', 'Google Recommendations AI', 'Google Tag Manager', 'HubSpot WordPress Plugin', 'Hubspot', 'Lazy Load for WordPress', 'Microdata for Google Shopping', 'NFOrce Internet', 'PHP', 'UTF-8', 'WP Rocket', 'WordPress', 'WordPress Multisite', 'jQuery']"
4atc.com,IT Consulting for Mid-Market & Enterprise Firms | ATC,Advanced Technology Consulting,USA,82,52086,2026-09-11T15:47:21.667110758Z,"['AWS WAF Challenge', 'Alternate Protocol', 'Apture Linking Platform', 'CDN JS', 'Cisco/Arrowpoint Content Service Switch', 'Cloudflare', 'Cloudflare CDN', 'Content Delivery Network', 'DAV', 'DuracellTomi Google Tag Manager for WordPress', 'Elementor', 'EmbedPress', 'Express', 'Fireblade', 'Google', 'Google Analytics', 'Google My Business', 'Google Tag Manager', 'Hello Elementor', 'HubSpot Conversations', 'Hubspot', 'InitiativeS', 'Instagram Follow Button', 'Microdata for Google Shopping', 'NFOrce Internet', 'PDF Embedder for Wordpress', 'PHP', 'Pagekit', 'The Events Calendar', 'Theme In WP', 'Twitter Ads', 'UTF-8', 'University or College', 'WP Rocket', 'WPForms', 'WordPress', 'WordPress Multisite', 'YouTube', 'Zendesk Guide', 'iPromote', 'jQuery', 'reCAPTCHA']"
ontherighttrack.com,On The Right Track Cubicle Curtains,,USA,92,11905,2026-09-11T15:47:21.663578526Z,"['Adobe Creative Cloud WebFonts', 'Aruba', 'Calendly', 'Express', 'GZIP Module', 'Google Analytics', 'Google Tag Manager', 'HubSpot Conversations', 'Hubspot', 'Line2', 'LinkedIn Insights', 'LinkedIn Pixel', 'Microdata for Google Shopping', 'QUIC', 'SiteW', 'Squarespace', 'UTF-8', 'Vimeo', 'WordPress SEO Structured Data Schema Plugin', 'eLand']"
speakoutsafe.co.uk,home,,,57,8316,2026-09-11T15:22:19.257957629Z,"['Cloudflare', 'Content Delivery Network', 'DAV', 'Fastly', 'Fireblade', 'GitHub Hosting', 'Hubspot Knowledge Base', 'UTF-8']"
igpr.com,Marketing Communications Company | The Impact Group,The Impact Group,GBR,77,35590,2026-09-11T15:01:55.650788994Z,"['AWS WAF Challenge', 'Alternate Protocol', 'Content Delivery Network', 'DAV', 'Elfsight', 'Facebook Reseller', 'GZIP Module', 'Google Analytics', 'Google Tag Manager', 'HubSpot Conversations', 'HubSpot WordPress Plugin', 'Hubspot', 'IcoMoon', 'InitiativeS', 'Instagram Follow Button', 'Lazy Load for WordPress', 'LinkedIn Insights', 'LinkedIn Pixel', 'Microdata for Google Shopping', 'Nginx', 'PHP', 'ThemeFusion', 'Twitter Ads', 'UTF-8', 'WordPress', 'WordPress Multisite', 'YouTube']"
wolfehomes.com,"Custom Home Builders & Remodelers in Greensboro, NC | Wolfe Homes",,USA,92,32308,2026-09-11T15:01:55.629526709Z,"['AWS WAF Challenge', 'CDN JS', 'Cloudflare', 'Cloudflare CDN', 'Content Delivery Network', 'Fastly', 'Google Analytics', 'Google Cloud DNS', 'Google Font API', 'Google My Business', 'Google Tag Manager', 'Homes.com CMS', 'Hubspot Knowledge Base', 'IcoMoon', 'Instagram Follow Button', 'Microdata for Google Shopping', 'QUIC', 'UTF-8', 'WordPress']"
subtrux.com,SubTrux - Potential. Delivered.,SubTrux,AUS,77,48939,2026-09-11T15:01:55.615324716Z,"['AWS WAF Challenge', 'Alternate Protocol', 'App Store', 'Better Lead Generation Services', 'Contact Form Plugin', 'Elementor', 'EmbedPress', 'Express', 'Facebook Conversion Tracking', 'Facebook Login', 'Facebook Messenger Platform', 'Facebook Pixel', 'Facebook Reseller', 'Facebook Tag API', 'Formidable Pro Form', 'GZIP Module', 'Google Analytics', 'Google Cloud DNS', 'Google Font API', 'Google My Business', 'Google Play', 'Google Tag Manager', 'Hotjar', 'HubSpot Conversations', 'Hubspot', 'IcoMoon', 'Instagram Feed for WordPress', 'Instagram Follow Button', 'KVH', 'Lazy Load for WordPress', 'LinkedIn Insights', 'LinkedIn Pixel', 'Microdata for Google Shopping', 'Nginx', 'PHP', 'Perl', 'Pico CSS', 'Popup Maker for Wordpress', 'QUIC', 'Tailwind CSS', 'Theme In WP', 'UTF-8', 'Vimeo', 'W3 Total Cache', 'Woo Themes', 'WordPress', 'WordPress Multisite', 'eLand', 'jQuery', 'reCAPTCHA']"
bestarabictranslation.com,Best Arabic Translation,,,60,903,2026-09-11T15:01:55.614245799Z,"['Adult Content', 'Agoda', 'Alternate Protocol', 'Better Lead Generation Services', 'Calendly', 'Elementor', 'EmbedPress', 'GS Logo Slider', 'Hello Bar', 'HubSpot Conversations', 'Hubspot', 'Line2', 'LiteSpeed', 'PHP', 'Poptin', 'Popup Maker for Wordpress', 'QUIC', 'QUIC.cloud', 'UTF-8', 'Woo Themes', 'WordPress', 'WordPress Multisite']"
leantomato.com,Welcome to LeanTomato,,,67,28300,2026-09-11T14:35:43.429867524Z,"['AWS WAF Challenge', 'Content Delivery Network', 'Fastly', 'GZIP Module', 'GitHub Hosting', 'Google Cloud DNS', 'Google Font API', 'Google Related Website Sites', 'HubSpot Conversations', 'Hubspot', 'Medium', 'UTF-8']"
usewellifiy.com,White-Label Patient App & Care Management Platform | Wellifiy,Wellifiy,AUS,82,36713,2026-09-11T14:35:43.424747697Z,"['AJAX Libraries API', 'Amazon', 'Amazon CloudFront', 'App Store', 'CloudFront', 'Cloudflare', 'Content Delivery Network', 'CookieYes', 'Fireblade', 'GZIP Module', 'Google', 'Google Analytics', 'Google Cloud DNS', 'Google Font API', 'Google My Business', 'Google Play', 'Google Tag Manager', 'HubSpot Conversations', 'Hubspot', 'Microdata for Google Shopping', 'NFOrce Internet', 'QUIC', 'Tailwind CSS', 'UTF-8', 'University or College', 'Vector Internet Services', 'WF Cookie Consent']"
gethooked-fishingcharters.com,Discover The Best Fishing Charters In Detroit For An Adventure,Get Hooked Fishing Charters Detroit,USA,82,30322,2026-09-11T13:34:58.732568845Z,"['Amazon', 'Amazon API Gateway', 'Amazon CloudFront', 'Amazon Route 53', 'Apture Linking Platform', 'Cisco/Arrowpoint Content Service Switch', 'CloudFront', 'Content Delivery Network', 'DC74', 'DoubleClick Bid Manager', 'Fastly', 'GZIP Module', 'Google Cloud DNS', 'Google Maps', 'Heap', 'Hubspot', 'Line2', 'Microdata for Google Shopping', 'Next.js', 'Pleroma', 'QUIC', 'Stripe', 'Tailwind CSS', 'UTF-8', 'Vimeo', 'YouTube']"
globalteacherscareer.com,Global Teachers Career | Best in Teacher Training,,USA,65,10362,2026-09-11T13:21:38.971616013Z,"['Alternate Protocol', 'Bridge', 'Click to Chat for WhatsApp', 'Contact Form Plugin', 'Elementor', 'EmbedPress', 'Express', 'Font Awesome', 'FormSubmit', 'Google Cloud DNS', 'Google Font API', 'HubSpot WordPress Plugin', 'LayerSlider Responsive', 'Metform Elemento', 'Microdata for Google Shopping', 'PHP', 'Qi Addons For Elementor', 'Schema Plugin', 'Slider Revolution', 'Theme In WP', 'UTF-8', 'WPBakery', 'WordPress', 'WordPress Multisite', 'eLand', 'jQuery']"
cornercorner.com,Homepage - Corner Corner,Corner Corner Corner Corner,GBR,77,62800,2026-09-11T13:21:38.9659043Z,"['Alternate Protocol', 'Amazon', 'Cloudflare', 'Cloudflare CDN', 'FormSubmit', 'Google Analytics', 'Google My Business', 'Google Tag Manager', 'HubSpot WordPress Plugin', 'Instagram Follow Button', 'Metricool', 'Microdata for Google Shopping', 'PHP', 'SMC', 'UK Cookie Consent', 'UTF-8', 'WordPress', 'WordPress Multisite', 'YouTube']"
onsagers.uk,Acapo Onsagers,Acapo Onsagers,NOR,82,28240,2026-09-11T13:09:18.28628808Z,"['Alternate Protocol', 'Cloudflare', 'Content Delivery Network', 'Fastly', 'Fireblade', 'Google Analytics', 'Google Cloud DNS', 'Google Font API', 'Google Tag Manager', 'Hubspot Knowledge Base', 'Microdata for Google Shopping', 'Tailwind CSS', 'UTF-8', 'jsDelivr']"
gotspeedwork.com,Speedwork | LinkedIn Marketing Agency For B2B Lead Generation,Speedwork Social,USA,92,11246,2026-09-11T13:05:47.003619651Z,"['Adobe Creative Cloud WebFonts', 'Alternate Protocol', 'Better Lead Generation Services', 'CheryFramework', 'Content Delivery Network', 'Cornerstone', 'EmbedPress', 'GZIP Module', 'Google Analytics', 'Google Cloud DNS', 'Google Font API', 'Google Related Website Sites', 'Google Tag Manager', 'HubSpot WordPress Plugin', 'Microdata for Google Shopping', 'PHP', 'Slider Revolution', 'Sucuri Cloudproxy', 'Theme In WP', 'UTF-8', 'Woo Themes', 'WordPress', 'WordPress Multisite', 'YouTube', 'eLand', 'jQuery', 'shadcn ui']"
flycyberhub.com,Global Cybersecurity Service Provider - CyberGlobal,CyberGlobal,,77,49660,2026-09-11T13:05:46.961464126Z,"['AWS WAF Challenge', 'Alternate Protocol', 'Apture Linking Platform', 'Cloudflare', 'Content Delivery Network', 'CookieYes', 'Corporate Governance and Regulatory Compliance', 'DuracellTomi Google Tag Manager for WordPress', 'Elementor', 'ElementsKit Elementor', 'EmbedPress', 'Essential Addons for Elementor', 'Express', 'Fireblade', 'FormSubmit', 'Google', 'Google Analytics', 'Google Tag Manager', 'Hello Elementor', 'HubSpot WordPress Plugin', 'Instagram Follow Button', 'Jeg Elementor Kit', 'Kitco', 'Metform Elemento', 'Microdata for Google Shopping', 'NFOrce Internet', 'No-Q', 'PHP', 'Schema Plugin', 'Site Kit', 'Table Addons for Elementor', 'Theme In WP', 'UTF-8', 'WordPress', 'WordPress Multisite', 'YouTube', 'jQuery']"
alliedelectronicscorporation.com,Altron - Take On Tomorrow,,ZAF,82,28960,2026-09-11T12:50:54.256960262Z,"['AWS WAF Challenge', 'Cloudflare', 'Content Delivery Network', 'ElementUI', 'Fastly', 'Google Analytics', 'Google Cloud DNS', 'Google Font API', 'Google Related Website Sites', 'Google Tag Manager', 'Hubspot Knowledge Base', 'InitiativeS', 'Investor Relations', 'QUIC', 'Twitter Ads', 'UTF-8', 'WordPress', 'jsDelivr']"
arcanian.ai,Arcanian Consulting: Digital Marketing for D2C Ecommerce in Hungary,,HUN,65,25548,2026-09-11T12:34:49.470544497Z,"['10Web', 'AWS WAF Challenge', 'Alternate Protocol', 'Amazon S3 CDN', 'Content Delivery Network', 'DuracellTomi Google Tag Manager for WordPress', 'Elementor', 'EmbedPress', 'Google Analytics', 'Google Cloud DNS', 'Google Font API', 'Google Tag Manager', 'HubSpot WordPress Plugin', 'Nginx', 'PHP', 'Storyblocks', 'Theme In WP', 'UTF-8', 'WordPress', 'WordPress Multisite', 'jQuery']"
oddbee.com,Oddbee | Digital Hive,,CAN,75,10389,2026-09-11T12:34:49.458645596Z,"['Alternate Protocol', 'CDN JS', 'Cloudflare', 'Cloudflare CDN', 'Content Delivery Network', 'EmbedPress', 'Google Analytics', 'Google Tag Manager', 'HubSpot Conversations', 'Hubspot', 'Instagram Follow Button', 'LiteSpeed', 'Microdata for Google Shopping', 'MyFonts', 'PHP', 'Tailwind CSS', 'Theme In WP', 'UTF-8', 'WordPress', 'WordPress Multisite', 'jQuery']"
risetechadvisors.com,RISE Technology Advisors – Elevate Your Business With Next-Generation Technology,,,67,105808,2026-09-11T12:34:49.453792903Z,"['AWS WAF Challenge', 'Alternate Protocol', 'Amazon WAF Blocked', 'Aruba', 'BatCache', 'Cloudflare', 'Content Delivery Network', 'Dialpad', 'EmbedPress', 'Endis', 'Expedient', 'Fastly', 'Fireblade', 'Font Awesome', 'GenerateBlocks', 'Genesis Blocks', 'Google Analytics', 'Google Cloud DNS', 'Google Font API', 'Google My Business', 'Google Tag Manager', 'Gravity', 'Gravity Forms', 'HubSpot Conversations', 'HubSpot WordPress Plugin', 'Hubspot', 'Jetpack', 'Nginx', 'PHP', 'Rackspace Cloud Servers', 'Simple Social Icons', 'StudioPress', 'Theme In WP', 'UTF-8', 'WordPress', 'WordPress Multisite', 'WordPress Stats', 'eLand', 'jQuery', 'reCAPTCHA']"
jazzleadershipproject.com,360º Collaborative Leadership - The Jazz Leadership Project,The jazz leadership project (MP-243758),,67,18728,2026-09-11T12:17:57.474021511Z,"['Alternate Protocol', 'Amazon', 'Amazon CloudFront', 'CloudFront', 'Content Delivery Network', 'DAV', 'GZIP Module', 'Google Related Website Sites', 'HubSpot Conversations', 'Hubspot', 'IcoMoon', 'LinkedIn Insights', 'LinkedIn Pixel', 'Microdata for Google Shopping', 'Mopro', 'Tailwind CSS', 'UTF-8', 'YouTube']"
tattersallsclub.com.au,Tattersalls Club - Welcome to Tatts,Tattersalls Club,AUS,70,59257,2026-09-11T12:09:31.059016613Z,"['AJAX Libraries API', 'AWS WAF Challenge', 'Alternate Protocol', 'Fastly', 'Font Awesome', 'GZIP Module', 'Gambling Content', 'Google Analytics', 'Google Cloud DNS', 'Google Font API', 'Google Maps', 'Google My Business', 'Google Tag Manager', 'Gravity Forms', 'HubSpot WordPress Plugin', 'IcoMoon', 'Instagram Follow Button', 'Material Design Icons', 'Microdata for Google Shopping', 'Nectar Slide Plugin', 'Nginx', 'PHP', 'Popup Maker for Wordpress', 'QUIC', 'Sitelinks Search Box', 'The Fresh', 'The SEO Framework', 'UTF-8', 'University or College', 'WPBakery', 'Woo Themes', 'WooCommerce Checkout', 'WordPress', 'WordPress Multisite', 'WordPress Related Posts', 'eLand', 'jQuery', 'reCAPTCHA']"
admrl.io,Admiral: The Visitor Relationship Management Company,Admiral,,82,13320,2026-09-11T12:09:31.049738847Z,"['Alternate Protocol', 'Amazon WAF Blocked', 'CDN JS', 'Cloudflare', 'Cloudflare CDN', 'Content Delivery Network', 'ContentBox', 'Fastly', 'GDPR Consent Management Platform', 'GZIP Module', 'Google Analytics', 'Google Tag Manager', 'Hubspot Knowledge Base', 'LinkedIn Insights', 'LinkedIn Pixel', 'Microdata for Google Shopping', 'Microsoft Clarity', 'QUIC', 'SiteW', 'Twitter Ads', 'UTF-8']"
middle8media.co.uk,"Middle 8 Media | Sync Licensing, Copywriting & Publishing",Middle 8 Media,CHN,82,24903,2026-09-11T12:09:31.045501154Z,"['Alternate Protocol', 'Content Delivery Network', 'EmbedPress', 'Endis', 'GZIP Module', 'Google Analytics', 'Google Cloud DNS', 'Google Font API', 'Google Tag Manager', 'HubSpot WordPress Plugin', 'Instagram Follow Button', 'Microdata for Google Shopping', 'Nginx', 'PHP', 'Pagekit', 'Recent Posts Widget With Thumbnails', 'Slider Revolution', 'Smush Image Optimization', 'Tailwind CSS', 'The7', 'Theme In WP', 'UTF-8', 'WPBakery', 'Woo Themes', 'WooCommerce', 'WooCommerce Checkout', 'WordPress', 'WordPress Multisite', 'jQuery']"
inevent.ca,InEvent - Event Management Software,InEvent,ESP,77,196380,2026-09-11T11:52:40.490699324Z,"['AWS WAF Challenge', 'Alternate Protocol', 'Apture Linking Platform', 'Cisco/Arrowpoint Content Service Switch', 'Cloudflare', 'Cloudflare CDN', 'Cloudflare Turnstile', 'Corporate Governance and Regulatory Compliance', 'Fireblade', 'GZIP Module', 'Gambling Content', 'Google Analytics', 'Google Cloud DNS', 'Google Font API', 'Google Tag Manager', 'HubSpot Conversations', 'Hubspot', 'Instagram Follow Button', 'Investor Relations', 'LinkedIn Insights', 'LinkedIn Pixel', 'Microdata for Google Shopping', 'OpenResty', 'Perl', 'QUIC', 'Salesforce Hosted', 'Tailwind CSS', 'Twitter Ads', 'UTF-8', 'University or College', 'YouTube', 'reCAPTCHA']"
oak-meadows.org,Senior Living Community in Oakdale | Oak Meadows,Oak Meadows Senior Living,,72,130535,2026-09-11T11:45:06.717915897Z,"['AWS WAF Challenge', 'Alternate Protocol', 'Beaver Builder Lite', 'Boxzilla', 'Content Delivery Network', 'Contento', 'Cornerstone', 'EmbedPress', 'Fastly', 'Font Awesome', 'GZIP Module', 'Google', 'Google Analytics', 'Google Cloud DNS', 'Google Font API', 'Google Tag Manager', 'Gravity', 'HubSpot Conversations', 'Hubspot', 'Microdata for Google Shopping', 'PHP', 'Schema Plugin', 'Tealium', 'Theme In WP', 'UTF-8', 'WordPress', 'WordPress Multisite', 'YouTube', 'eLand', 'jQuery']"
transmonqa.com,Transmon - Simplify-CX- Operations,Transmon,IND,70,52945,2026-09-11T11:45:06.707865365Z,"['Contento', 'Fireblade', 'Google Analytics', 'Google Cloud DNS', 'Google Font API', 'Google My Business', 'Google Related Website Sites', 'Google Tag Manager', 'HubSpot Conversations', 'Hubspot', 'IcoMoon', 'Instagram Follow Button', 'Jetpack', 'PHP', 'QUIC', 'UTF-8', 'Woo Themes', 'WordPress Stats', 'jQuery', 'reCAPTCHA']"
oak.support,OAK.SUPPORT | Pre-Settlement Financial Services,,USA,82,99968,2026-09-11T11:30:41.134149635Z,"['Alternate Protocol', 'Amazon WAF Blocked', 'Apture Linking Platform', 'Content Delivery Network', 'Express', 'Fastly', 'Fastly CDN', 'GZIP Module', 'Google Related Website Sites', 'HubSpot Conversations', 'Hubspot', 'Instagram Follow Button', 'Microdata for Google Shopping', 'NFOrce Internet', 'PWA', 'QUIC', 'SMC', 'Seflow Italy', 'Sentry', 'SiteW', 'Sitelinks Search Box', 'UTF-8', 'Vector Internet Services', 'Wix', 'Wix Media', 'YouTube', 'eLand', 'mlcom']"
reachmr.com,Home | Reach Market Research,REACH Market Research,,67,39274,2026-09-11T11:22:55.740647029Z,"['AWS WAF Challenge', 'Alternate Protocol', 'Cloudflare', 'Cloudflare CDN', 'Contact Form Plugin', 'DAV', 'DuracellTomi Google Tag Manager for WordPress', 'EmbedPress', 'GZIP Module', 'Google', 'Google Analytics', 'Google Cloud DNS', 'Google Font API', 'Google My Business', 'Google Related Website Sites', 'Google Tag Manager', 'HubSpot Conversations', 'HubSpot WordPress Plugin', 'Hubspot', 'Jetpack', 'Meta Slider for WordPress', 'Microdata for Google Shopping', 'Nginx', 'PHP', 'Poptin', 'Rate my Post', 'Theme In WP', 'ThemeFusion', 'UTF-8', 'WP Responsive Menu', 'WP jQuery Lightbox', 'WordPress', 'WordPress Multisite', 'WordPress Stats', 'jQuery']"
thenautilusmarketing.com,"Nautilus Marketing | Digital Marketing Agency London, UK",Nautilus Marketing,GBR,87,58013,2026-09-11T11:15:02.27596848Z,"['AWS WAF Challenge', 'Agoda', 'Alternate Protocol', 'Apollo IO', 'Apture Linking Platform', 'Aruba', 'CDN JS', 'Calendly', 'Cisco/Arrowpoint Content Service Switch', 'ClickCease', 'Cloudflare', 'Cloudflare CDN', 'Contact Form Plugin', 'Content Delivery Network', 'CookieYes', 'DAV', 'Easy Table of Contents', 'EmbedPress', 'Fireblade', 'GoDaddy', 'Google', 'Google Analytics', 'Google Cloud CDN', 'Google Maps', 'Google My Business', 'Google Partners Badge', 'Google Related Website Sites', 'Google Tag Manager', 'HubSpot Conversations', 'Hubspot', 'Instagram Follow Button', 'Max Mega Menu', 'Max Mega Menu Pro', 'Microdata for Google Shopping', 'Nginx', 'NitroPack', 'Ntent', 'PHP', 'Parallels Plesk Panel', 'Perl', 'QUIC', 'Twenty Twelve', 'Twitter Ads', 'UTF-8', 'Vector Internet Services', 'Vercel', 'Woo Themes', 'WooCommerce', 'WooCommerce Checkout', 'WordPress', 'WordPress Multisite', 'YouTube', 'eLand', 'jsDelivr']"
cdadrywall.com,CDA DRYWALL & INSULATIONS – Construction Company,,,60,62,2026-09-11T11:15:02.270264424Z,"['AddThis', 'AddThis for Wordpress', 'Alternate Protocol', 'Apache', 'Better Lead Generation Services', 'EmbedPress', 'Free Call', 'Google Analytics', 'Google Cloud DNS', 'Google Font API', 'Google Tag Manager', 'HubSpot WordPress Plugin', 'Instagram Follow Button', 'Microdata for Google Shopping', 'PHP', 'Perl', 'Sitelinks Search Box', 'Theme In WP', 'Twitter Ads', 'UTF-8', 'Ultra', 'WordPress', 'WordPress Multisite', 'YouTube', 'eLand', 'jQuery']"
victorystructuresco.com,"Storage Buildings for Sale Florence, Colorado | Victory Structures-Florence",,,62,27692,2026-09-11T11:15:02.259386141Z,"['1Password', 'Cloudflare', 'Cloudflare CDN', 'Cloudflare Web Analytics', 'Fancybox for WordPress', 'Fireblade', 'Google', 'Google Cloud DNS', 'Google Font API', 'HubSpot Conversations', 'Hubspot', 'Instagram Follow Button', 'Thank You', 'UTF-8', 'YouTube', 'jsDelivr']"
enhancehaircare.com,Enhance Hair Care – Enhance Your Beauty with Haircare!,,USA,50,2906,2026-09-11T11:06:30.882519203Z,"['AWS WAF Challenge', 'Alternate Protocol', 'Astra Theme', 'Automattic', 'Cloudflare', 'Cloudflare CDN', 'Contact Form Plugin', 'Creative Mail by Constant Contact', 'Elementor', 'EmbedPress', 'GZIP Module', 'Google', 'Google Cloud DNS', 'Google Font API', 'Google My Business', 'Header, Footer and Blocks for Elementor', 'HubSpot Conversations', 'HubSpot WordPress Plugin', 'Hubspot', 'Instagram Follow Button', 'Jetpack', 'NFOrce Internet', 'Nginx', 'PHP', 'RM Education', 'Tagembed', 'Theme In WP', 'UTF-8', 'WPForms', 'Woo Themes', 'WooCommerce Checkout', 'WooCommerce Payments', 'WordPress', 'WordPress Multisite', 'WordPress Stats', 'YouTube', 'jQuery']"
bakerproperties.co,Home,,USA,55,816,2026-09-11T10:56:55.442538674Z,"['Cloudflare', 'Cloudflare CDN', 'Content Delivery Network', 'Fastly', 'Hubspot Knowledge Base', 'UTF-8']"
d365licenses.com,Dynamics 365 License Experts | D365 Licensing Help,D365 Licenses,USA,82,73682,2026-09-11T10:48:37.910299646Z,"['AWS WAF Challenge', 'Alternate Protocol', 'Elementor', 'Elementor Custom Skin', 'EmbedPress', 'GZIP Module', 'Google Analytics', 'Google Conversion Tracking', 'Google My Business', 'Google Related Website Sites', 'Google Tag Manager', 'Hello Elementor', 'HubSpot Conversations', 'HubSpot WordPress Plugin', 'Hubspot', 'Kitco', 'Microdata for Google Shopping', 'Microsoft Dynamics 365 Marketing', 'NFOrce Internet', 'Nginx', 'PHP', 'Pico CSS', 'Popup Maker for Wordpress', 'QUIC', 'Site Kit', 'Sitelinks Search Box', 'Theme In WP', 'UTF-8', 'Variation Swatches for WooCommerce', 'Woo Themes', 'WooCommerce', 'WooCommerce Checkout', 'WordPress', 'WordPress Multisite', 'jQuery', 'reCAPTCHA']"
pedelec-sqb.com,Home - pedelec-sqb.com,pedelec-sqb.com,USA,70,63602,2026-09-11T10:40:48.575141651Z,"['Alternate Protocol', 'Amazon CloudFront', 'Autoptimize', 'Calendly', 'CloudFront', 'Content Delivery Network', 'DAV', 'Ecwid Ecommerce Shopping Cart', 'Elementor', 'EmbedPress', 'GZIP Module', 'Google', 'Google Analytics', 'Google Cloud CDN', 'Google Cloud DNS', 'Google Font API', 'Google My Business', 'Google Tag Manager', 'Hello Elementor', 'HubSpot Conversations', 'Hubspot', 'Microdata for Google Shopping', 'Nginx', 'PHP', 'QUIC', 'SMC', 'Theme In WP', 'UTF-8', 'Woo Themes', 'WooCommerce', 'WooCommerce Checkout', 'WordPress', 'WordPress Multisite', 'jQuery']"
efiedan.com,EfieDan | Design & Construction in Ghana & West Africa,,,67,61992,2026-09-11T10:31:21.804253907Z,"['AWS WAF Challenge', 'Alternate Protocol', 'Automattic', 'BatCache', 'Cloudflare', 'Cloudflare CDN', 'Contact Form Plugin', 'Elementor', 'EmbedPress', 'Fastly', 'Google', 'Google Analytics', 'Google My Business', 'Google Tag Manager', 'Gutenberg', 'HubSpot Conversations', 'HubSpot WordPress Plugin', 'Hubspot', 'Jetpack', 'Jetpack Site Accelerator', 'KVH', 'LiteSpeed', 'MailChimp for WordPress', 'Microdata for Google Shopping', 'NFOrce Internet', 'Nginx', 'Site Kit', 'Sitelinks Search Box', 'UTF-8', 'WordPress', 'WordPress Multisite', 'WordPress Stats', 'eLand', 'jQuery']"
kurdistanmcf.com,KMCF – Kurdistan Mountaineering & Climbing Federation,,IRQ,77,37868,2026-09-11T10:22:16.567957935Z,"['Alternate Protocol', 'Contact Form Plugin', 'Contento', 'EmbedPress', 'Endurance Page Cache', 'Fastly', 'Font Awesome', 'GZIP Module', 'Google Cloud DNS', 'Google Font API', 'HubSpot WordPress Plugin', 'IcoMoon', 'Instagram Follow Button', 'LayerSlider Responsive', 'Muffin Group', 'Nginx', 'PHP', 'QUIC', 'Slider Revolution', 'Theme In WP', 'University or College', 'Woo Themes', 'WordPress', 'WordPress Multisite', 'jQuery']"
jacquimyslinski.com,Productivity Nerd,,,57,2471,2026-09-11T10:12:05.378873647Z,"['AWS WAF Challenge', 'Apollo IO', 'CDN JS', 'Clockwork', 'Cloudflare', 'Cloudflare CDN', 'Content Delivery Network', 'Fastly', 'Google Analytics', 'Google Cloud DNS', 'Google Font API', 'Google Tag Manager', 'Hubspot Knowledge Base', 'IcoMoon', 'ScoreApp', 'StackPath', 'UTF-8', 'YouTube', 'jQuery']"
lyan.digital,Lyan Digital – Do Real Marketing,,IND,75,13993,2026-09-11T10:12:05.372749812Z,"['Alternate Protocol', 'Astra Theme', 'Better Lead Generation Services', 'Calendly', 'ConvertKit for Wordpress', 'Elementor', 'EmbedPress', 'Facebook Conversion Tracking', 'Facebook Login', 'Facebook Messenger Platform', 'Facebook Pixel', 'Facebook Reseller', 'Facebook Tag API', 'Google', 'Google Analytics', 'Google Cloud CDN', 'Google Cloud DNS', 'Google Font API', 'Google My Business', 'Google Tag Manager', 'Hotjar', 'HubSpot WordPress Plugin', 'Microdata for Google Shopping', 'PHP', 'Theme In WP', 'UTF-8', 'Woo Themes', 'WordPress', 'WordPress Multisite', 'WordPress Related Posts', 'YouTube', 'jQuery']"
zhoolstone.com,Zhoolstone – Zhoolstone is a stone supplier in Iraq,,IRQ,65,48088,2026-09-11T10:12:05.371273879Z,"['Alternate Protocol', 'Contact Form Plugin', 'Contento', 'EmbedPress', 'Endurance Page Cache', 'Fastly', 'GZIP Module', 'Google Cloud DNS', 'Google Font API', 'HubSpot WordPress Plugin', 'IcoMoon', 'Instagram Follow Button', 'Investor Relations', 'Jetpack', 'LayerSlider Responsive', 'Muffin Group', 'Nginx', 'Onyx Internet', 'PHP', 'QUIC', 'Slider Revolution', 'Tailwind CSS', 'Theme In WP', 'WPBakery', 'Woo Themes', 'WooCommerce', 'WooCommerce Checkout', 'WooCommerce Payments', 'WordPress', 'WordPress Multisite', 'WordPress Stats', 'jQuery']"
wildernessadventuresmaine.com,Maine Guided Fishing and Hunting Trips | Guide Jason Cyr,Wilderness Adventures Outfitters &amp; Guide Service,CAN,77,50322,2026-09-11T10:03:40.403509784Z,"['AWS WAF Challenge', 'Amazon', 'Amazon API Gateway', 'Amazon CloudFront', 'Amazon Route 53', 'Apture Linking Platform', 'CloudFront', 'Content Delivery Network', 'DoubleClick Bid Manager', 'Fastly', 'Fireblade', 'GZIP Module', 'Google Cloud DNS', 'Google Maps', 'Heap', 'Hubspot', 'Line2', 'Microdata for Google Shopping', 'Next.js', 'Pleroma', 'QUIC', 'Stripe', 'Tailwind CSS', 'UTF-8', 'Vimeo', 'YouTube']"
columbiaroad.nl,Columbia Road - The Nordic digital sales consultancy,Columbia Road,FIN,77,185039,2026-09-11T10:03:40.400213629Z,"['AJAX Libraries API', 'AWS WAF Challenge', 'Better Lead Generation Services', 'Cloudflare', 'Cloudflare CDN', 'Content Delivery Network', 'CoreUI', 'DAV', 'Fastly', 'Google Analytics', 'Google Cloud DNS', 'Google My Business', 'Google Tag Manager', 'Hubspot Knowledge Base', 'Instagram Follow Button', 'Microdata for Google Shopping', 'NFOrce Internet', 'Salesforce Hosted', 'Twitter Ads', 'UTF-8', 'Vector Internet Services', 'YouTube', 'jQuery', 'jsDelivr', 'shadcn ui']"
aomanagers.com,Chlorination System | Chlorine Gas Equipment | Savannah GA,"Associated Operators &amp; Managers, LLC",GBR,77,23460,2026-09-11T10:03:40.381360992Z,"['Alternate Protocol', 'Astra Theme', 'Coming Soon Page', 'Elementor', 'EmbedPress', 'GZIP Module', 'Google Analytics', 'Google Cloud DNS', 'Google Font API', 'Google Related Website Sites', 'Google Tag Manager', 'Header, Footer and Blocks for Elementor', 'HubSpot Conversations', 'HubSpot WordPress Plugin', 'Hubspot', 'Matomo Tag Manager', 'Microdata for Google Shopping', 'NFOrce Internet', 'Nginx', 'PHP', 'QUIC', 'Theme In WP', 'UTF-8', 'Woo Themes', 'WooCommerce', 'WooCommerce Checkout', 'WordPress', 'WordPress Multisite', 'WordPress Related Posts', 'jQuery']"
yaqrbrand.com,YAQR – Stylish & Affordable Wear for All Ages,YAQR Brand Best Fashion Wear Garments,IND,77,13913,2026-09-11T09:55:55.618506348Z,"['Alternate Protocol', 'Elementor', 'EmbedPress', 'FiboSearch', 'GZIP Module', 'Google', 'Google Cloud CDN', 'Google Cloud DNS', 'Google Font API', 'Google Related Website Sites', 'HubSpot Conversations', 'Hubspot', 'Instagram Follow Button', 'LiteSpeed', 'Microdata for Google Shopping', 'PHP', 'Pagekit', 'QUIC', 'QuadLayers', 'Sitelinks Search Box', 'Slider Revolution', 'Tailwind CSS', 'UTF-8', 'Woo Themes', 'WordPress', 'WordPress Multisite', 'XStore']"
accusaltsystems.com,AccuSalt Systems – Salt and Material Application Monitor,,USA,65,21865,2026-09-11T09:55:55.595720901Z,"['Akismet', 'Alternate Protocol', 'Apache', 'Automattic', 'Contact Form Plugin', 'EmbedPress', 'GZIP Module', 'Google Analytics', 'Google Cloud DNS', 'Google Font API', 'Google My Business', 'Google Tag Manager', 'HubSpot Conversations', 'HubSpot WordPress Plugin', 'Hubspot', 'Jetpack', 'Jetpack Site Accelerator', 'PHP', 'Slider Revolution', 'The7', 'Theme In WP', 'UTF-8', 'Ubuntu', 'Visual Composer Ultimate Addons', 'WPBakery', 'WordPress', 'WordPress Multisite', 'WordPress Stats', 'YouTube', 'jQuery', 'reCAPTCHA']"
atp.academy,Homepage - ATP Academy,ATP Academy,USA,77,27908,2026-09-11T09:29:00.421042012Z,"['AWS WAF Challenge', 'CallRail', 'Complianz', 'DAV', 'DuracellTomi Google Tag Manager for WordPress', 'EmbedPress', 'Fancybox for WordPress', 'GZIP Module', 'Google Analytics', 'Google Related Website Sites', 'Google Tag Manager', 'HubSpot Conversations', 'Hubspot', 'Instagram Follow Button', 'Microdata for Google Shopping', 'Nginx', 'Ntent', 'PHP', 'Pagekit', 'QUIC', 'Smush Image Optimization', 'Telegram', 'Theme In WP', 'TrustIndex', 'UTF-8', 'WPBakery', 'WordPress', 'WordPress Multisite', 'WordPress SEO Structured Data Schema Plugin', 'YouTube', 'jQuery']"
windowsight.com,Stream digital art everywhere with ease | WindowSight,WindowSight | Art &amp; Photography for TVs,ESP,82,37073,2026-09-11T09:18:05.510783809Z,"['Alternate Protocol', 'Amazon WAF Blocked', 'Apache', 'App Store', 'Cisco/Arrowpoint Content Service Switch', 'Coming Soon Page', 'Complianz', 'Content ad', 'DAV', 'Elementor', 'EmbedPress', 'Essential Addons for Elementor', 'Essential Blocks for Gutenberg', 'Fireblade', 'GZIP Module', 'Google Analytics', 'Google Cloud DNS', 'Google Font API', 'Google My Business', 'Google Play', 'Google Tag Manager', 'Hello Elementor', 'Hotjar', 'HubSpot Conversations', 'Hubspot', 'Idaq', 'Instagram Follow Button', 'Lazy Load for WordPress', 'Microdata for Google Shopping', 'NFOrce Internet', 'Premium Addons for Elementor', 'SVG Support', 'Smart Slider 3', 'Thank You', 'UTF-8', 'Ubuntu', 'WP Super Cache', 'WordPress', 'WordPress Multisite', 'YouTube', 'eLand', 'jQuery', 'reCAPTCHA']"
firmtechco.com,FIRMTECH | Piling & HDD Hard Rock Tools | Professional Factory,"Cangzhou Firmtech Drilling Equipment Co., Ltd.",CHN,77,11398,2026-09-11T09:07:17.621842664Z,"['Alternate Protocol', 'Content Delivery Network', 'Elementor', 'EmbedPress', 'Essential Addons for Elementor', 'Google Analytics', 'Google Tag Manager', 'Hello Elementor', 'HubSpot WordPress Plugin', 'Instagram Follow Button', 'LiteSpeed', 'Microdata for Google Shopping', 'NFOrce Internet', 'PHP', 'Table Addons for Elementor', 'Twitter Ads', 'UTF-8', 'WordPress', 'WordPress Multisite', 'YouTube', 'jQuery']"
klarian.com,Klarian | Pipeline Intelligence for Performance and Risk | Klarian,,GBR,82,26268,2026-09-11T09:00:23.828864471Z,"['AWS WAF Challenge', 'Content Delivery Network', 'Gatsby JS', 'Google Analytics', 'Google Related Website Sites', 'Google Tag Manager', 'HubSpot Conversations', 'Hubspot', 'LinkedIn Insights', 'Netlify', 'Prismic', 'QUIC', 'UTF-8']"
sls-lighting.com,SLS Group Industries Inc.,,CAN,77,27076,2026-09-11T08:46:04.825770509Z,"['AWS WAF Challenge', 'Apache', 'Curator', 'GZIP Module', 'Google Analytics', 'Google Cloud DNS', 'Google Font API', 'Google My Business', 'Google Related Website Sites', 'Google Tag Manager', 'HubSpot Conversations', 'Hubspot', 'IcoMoon', 'Instagram Follow Button', 'Tailwind CSS', 'Twitter Ads', 'University or College', 'WordPress', 'jQuery']"
simsy.io,AI Venture Studio Operating System | Simsy AI,Simsy AI,USA,77,10532,2026-09-11T08:46:04.818795792Z,"['Alternate Protocol', 'Calendly', 'GTranslate', 'Google Analytics', 'Google Tag Manager', 'HubSpot Conversations', 'Hubspot', 'Instagram Follow Button', 'Investor Relations', 'LiteSpeed', 'Microdata for Google Shopping', 'Microsoft Clarity', 'PHP', 'Tailwind CSS', 'UTF-8', 'University or College', 'YouTube']"
gci.com.my,BMI Malaysia | Roofing Systems Company | Flat & Pitched Roofing Services In Malaysia,BMI Group Malaysia,MYS,77,208254,2026-09-11T08:20:51.832697839Z,"['AAPT', 'Alternate Protocol', 'Amazon', 'Azure Edge', 'CDN JS', 'Cloudflare', 'Cloudflare CDN', 'Content Delivery Network', 'DAV', 'DoubleClick Bid Manager', 'Facebook Reseller', 'Financial Services Guide', 'Fireblade', 'GOV.UK Design System', 'Gatsby JS', 'Google', 'Google Analytics', 'Google Cloud CDN', 'Google Cloud DNS', 'Google Font API', 'Google Matched Content', 'Google My Business', 'Google Reseller', 'Google Tag Manager', 'HMDG', 'Hubspot', 'Idaq', 'Instagram Follow Button', 'K2F', 'KVH', 'LinkedIn Pixel', 'Material-UI', 'Microsoft Azure', 'Mopinion', 'Mouseflow', 'Netlify', 'No-Q', 'Ntent', 'OneTrust Domain Verification', 'Outbrain Direct', 'Perl', 'Phew', 'QUIC', 'SMC', 'Seflow Italy', 'SpeedCurve', 'Storyblocks', 'Subversion', 'SurveyAnyplace', 'Twitter Ads', 'UTF-8', 'Vello', 'Walls.io', 'YouTube', 'eLand', 'reCAPTCHA']"
ultimatebathrooms.ca,Home - Ultimate Bath Rooms,Ultimate Bath Rooms,CAN,75,87909,2026-09-11T08:20:51.800541593Z,"['AWS WAF Challenge', 'Alternate Protocol', 'Cloudflare', 'Cloudflare CDN', 'ElementUI', 'EmbedPress', 'GZIP Module', 'Google', 'Google Analytics', 'Google Cloud CDN', 'Google Cloud DNS', 'Google Font API', 'Google My Business', 'Google Tag Manager', 'HubSpot Conversations', 'HubSpot WordPress Plugin', 'Hubspot', 'Instagram Follow Button', 'Microdata for Google Shopping', 'MonsterInsights', 'Nginx', 'Ntent', 'PHP', 'Pagekit', 'Paperform', 'SMC', 'Theme In WP', 'UTF-8', 'WordPress', 'WordPress Multisite', 'jQuery']"
caboexperiencetours.com,Cabo Experience Tours – Best Activities and Tours in Los Cabos,,MEX,75,35641,2026-09-11T08:11:29.84347031Z,"['Alternate Protocol', 'Automattic', 'Contact Form Plugin', 'Content Delivery Network', 'EmbedPress', 'Google Cloud DNS', 'Google Font API', 'Google Maps', 'Google My Business', 'Google Recommendations AI', 'HubSpot Conversations', 'HubSpot WordPress Plugin', 'Hubspot', 'Instagram Follow Button', 'Jetpack', 'LiteSpeed', 'Microdata for Google Shopping', 'PHP', 'Schema Plugin', 'Slider Revolution', 'Startit', 'Theme In WP', 'Twitter Ads', 'UTF-8', 'WPBakery', 'Woo Themes', 'WooCommerce', 'WooCommerce Checkout', 'WordPress', 'WordPress Multisite', 'WordPress Stats', 'YouTube', 'eLand', 'jQuery']"
auteuragency.com,We collaborate with global brands & startups to deliver big ideas that unlock consumer connections & drive growth.,Auteur Agency,,72,86473,2026-09-11T08:06:27.430368541Z,"['Adobe Creative Cloud WebFonts', 'Adult Content', 'Aruba', 'Express', 'GZIP Module', 'HubSpot Conversations', 'Hubspot', 'Line2', 'Magento Enterprise', 'Microdata for Google Shopping', 'QUIC', 'SiteW', 'Squarespace', 'UTF-8', 'WordPress SEO Structured Data Schema Plugin', 'eLand']"
monarchisc.com,Cybersecurity Consulting & CMMC Assessment | Monarch ISC,Monarch ISC,USA,92,58533,2026-09-11T07:45:20.646346471Z,"['AWS WAF Challenge', 'Alternate Protocol', 'Cloudflare', 'Content Delivery Network', 'Elementor', 'EmbedPress', 'Event Tickets for Wordpress', 'Fireblade', 'Google Analytics', 'Google Tag Manager', 'Gravity Forms', 'HubSpot Conversations', 'HubSpot WordPress Plugin', 'Hubspot', 'LoftLoader', 'Microdata for Google Shopping', 'NFOrce Internet', 'PHP', 'The Events Calendar', 'Theme In WP', 'UTF-8', 'Vector Internet Services', 'WP Engine', 'WPForms', 'Woo Themes', 'WooCommerce', 'WooCommerce Checkout', 'WordPress', 'WordPress Multisite', 'jQuery', 'jsDelivr']"
workly.app,HR lösningar för små och medelstora företag - Workly,Workly,,77,35870,2026-09-11T07:36:43.087089197Z,"['Alternate Protocol', 'Amazon WAF Blocked', 'Ametys', 'Angular', 'Apture Linking Platform', 'Calendly', 'Cloudflare', 'Cloudflare Bot Manager', 'Cloudflare CDN', 'Content Delivery Network', 'CookieYes', 'DoubleClick Bid Manager', 'Elementor', 'EmbedPress', 'Fireblade', 'Font Awesome', 'FormSubmit', 'Google Analytics', 'Google Related Website Sites', 'Google Tag Manager', 'Hello Elementor', 'Hubspot', 'Instagram Follow Button', 'Kitco', 'Lazy Load for WordPress', 'Microdata for Google Shopping', 'NFOrce Internet', 'Nginx', 'PHP', 'Perfmatters', 'Perl', 'Poptin', 'QUIC', 'RocketCDN', 'Schema Plugin', 'Site Kit', 'Table Addons for Elementor', 'UK Cookie Consent', 'UTF-8', 'WP Rocket', 'WordPress', 'WordPress Multisite']"
viollierip.com,"Viollier IP | Trusted Trademark Attorneys in USA, EU & South Africa",Viollier IP,USA,77,29415,2026-09-11T07:36:43.086063812Z,"['AJAX Libraries API', 'AWS WAF Challenge', 'Alternate Protocol', 'Apache', 'CDN JS', 'Calendly', 'Cloudflare', 'Cloudflare CDN', 'Contact Form Plugin', 'EmbedPress', 'GZIP Module', 'GenerateBlocks', 'GeneratePress Company', 'Google', 'Google Cloud DNS', 'Google Font API', 'Google My Business', 'HubSpot WordPress Plugin', 'Instagram Follow Button', 'Microdata for Google Shopping', 'NFOrce Internet', 'PHP', 'Popup Maker for Wordpress', 'Telegram', 'Theme In WP', 'UTF-8', 'WPForms', 'Woo Themes', 'WooCommerce Checkout', 'WordPress', 'WordPress Multisite', 'jQuery', 'jsDelivr']"
eclipsefinancing.com,Eclipse Financing,,,55,860,2026-09-11T07:05:37.572684121Z,"['AWS WAF Challenge', 'Alternate Protocol', 'Automattic', 'BatCache', 'Content Delivery Network', 'EmbedPress', 'Fastly', 'Google Analytics', 'Google Tag Manager', 'Gutenberg', 'HubSpot Conversations', 'HubSpot WordPress Plugin', 'Hubspot', 'Jetpack', 'Jetpack Site Accelerator', 'Nginx', 'Oracle Cloud', 'Perl', 'Site Kit', 'UTF-8', 'WordPress', 'WordPress Multisite', 'WordPress Stats']"
a-r-t-center.com,"A.R.T. Center – Enjoy 1,200+ courses ONLINE!",,VEN,70,18418,2026-09-11T06:47:33.866472848Z,"['Alternate Protocol', 'Cisco/Arrowpoint Content Service Switch', 'Contact Form Plugin', 'Eduma', 'Elementor', 'EmbedPress', 'GZIP Module', 'Google', 'Google Cloud CDN', 'Google Cloud DNS', 'Google Customer Reviews', 'Google Font API', 'Gravity', 'HubSpot WordPress Plugin', 'IcoMoon', 'LearnPress', 'MailChimp for WordPress', 'Microdata for Google Shopping', 'Nginx', 'PHP', 'SiteW', 'Slider Revolution', 'Theme In WP', 'UTF-8', 'University or College', 'W3 Total Cache', 'Woo Themes', 'WooCommerce', 'WooCommerce Checkout', 'WordPress', 'WordPress Multisite', 'jQuery', 'shadcn ui']"
unsist.com,UNSIST Data Science,,USA,67,12718,2026-09-11T06:39:52.861177892Z,"['Apture Linking Platform', 'CDN JS', 'Cloudflare', 'Cloudflare CDN', 'Coming Soon Page', 'Content Delivery Network', 'DAV', 'Fastly', 'Font Awesome', 'GZIP Module', 'GitHub Hosting', 'Google Analytics', 'Google Cloud DNS', 'Google Font API', 'HubSpot Conversations', 'Hubspot', 'Medium', 'QUIC', 'Tailwind CSS', 'Twitter Ads', 'UTF-8', 'jQuery']"
charly.green,charly – black. but green.,,DEU,70,26994,2026-09-11T06:39:52.839235905Z,"['AWS WAF Challenge', 'Alternate Protocol', 'Calendly', 'Content Delivery Network', 'CookieYes', 'Elementor', 'EmbedPress', 'Google Maps', 'Google My Business', 'Hello Elementor', 'HubSpot WordPress Plugin', 'LiteSpeed', 'NFOrce Internet', 'PHP', 'Royal Elementor Addons', 'Table Addons for Elementor', 'Theme In WP', 'TranslatePress', 'UTF-8', 'WordPress', 'WordPress Multisite', 'jQuery']"
philipellisestateagents.co.uk,Estate Agents Bury | Prestwich | Manchester | Whitefield | Lettings | Estate Agents Manchester,,GBR,77,50812,2026-09-11T06:07:12.558003063Z,"['Amazon S3 CDN', 'App Store', 'ChatBot', 'Cloudflare', 'Cloudinary', 'Facebook CDN', 'Facebook Conversion Tracking', 'Facebook Embedded Posts', 'Facebook Login', 'Facebook Messenger Platform', 'Facebook Pixel', 'Facebook Reseller', 'Facebook Tag API', 'Feefo', 'Fireblade', 'Fontello', 'GNBproperty', 'GZIP Module', 'Google', 'Google Analytics', 'Google Cloud CDN', 'Google Cloud DNS', 'Google My Business', 'Google Play', 'Google Tag Manager', 'HubSpot Conversations', 'Hubspot', 'IcoMoon', 'Instagram Follow Button', 'Jetpack', 'Jetpack Site Accelerator', 'Nginx', 'Ntent', 'Slider Revolution', 'Storyblocks', 'Thank You', 'Twitter Ads', 'UTF-8', 'Woo Themes', 'WordPress', 'WordPress Related Posts', 'WordPress Stats', 'YouTube', 'jQuery', 'reCAPTCHA']"
esgprocurementconference.com.au,Home,,AUS,67,28200,2026-09-11T05:58:48.772200226Z,"['AWS WAF Challenge', 'Cloudflare', 'Cloudflare CDN', 'Content Delivery Network', 'Corporate Governance and Regulatory Compliance', 'Fastly', 'Google Analytics', 'Google Tag Manager', 'Hubspot Knowledge Base', 'InitiativeS', 'QUIC', 'Tailwind CSS', 'UTF-8', 'YouTube']"
emasconsultors.com,Strategic Consulting - EmasConsultors,EmasConsultors,ESP,77,23551,2026-09-11T05:49:55.228562067Z,"['Alternate Protocol', 'Apache', 'Astra Theme', 'DAV', 'DuracellTomi Google Tag Manager for WordPress', 'EcoVadis', 'Elementor', 'EmbedPress', 'GZIP Module', 'Google Analytics', 'Google Customer Reviews', 'Google My Business', 'Google Related Website Sites', 'Google Tag Manager', 'HubSpot Conversations', 'HubSpot WordPress Plugin', 'Hubspot', 'Microdata for Google Shopping', 'MonsterInsights', 'NFOrce Internet', 'Ntent', 'PHP', 'Polylang', 'QUIC', 'Site Kit', 'Theme In WP', 'UTF-8', 'Woo Themes', 'WordPress', 'WordPress Multisite', 'WordPress Related Posts', 'jQuery']"
visalounge.ro,Visa Lounge Australia - Discover Your Pathway To Australia,,AUS,77,21234,2026-09-11T05:39:46.35727972Z,"['Alternate Protocol', 'Content Delivery Network', 'Corporate Governance and Regulatory Compliance', 'Elementor', 'Elfsight', 'EmbedPress', 'Express', 'Google Analytics', 'Google My Business', 'Google Related Website Sites', 'Google Tag Manager', 'HappyAddons', 'Hello Elementor', 'Hubspot', 'Instagram Follow Button', 'LiteSpeed', 'Microdata for Google Shopping', 'NFOrce Internet', 'PHP', 'Pico CSS', 'Prospective', 'QUIC', 'QUIC.cloud', 'Sitelinks Search Box', 'Table Addons for Elementor', 'Tailwind CSS', 'Twitter Ads', 'UTF-8', 'WhatsApp Sharing', 'WordPress', 'WordPress Multisite', 'YouTube', 'jQuery', 'reCAPTCHA']"
pro-taxes.net,Home - Professional Tax & Consulting Services,,,67,31653,2026-09-11T05:32:43.52199256Z,"['AWS WAF Challenge', 'Alternate Protocol', 'Apache', 'Astra Theme', 'Cloudflare', 'Cloudflare CDN', 'Elementor', 'EmbedPress', 'Essential Addons for Elementor', 'GZIP Module', 'Gambling Content', 'Google', 'Google Cloud DNS', 'Google Font API', 'Google Maps', 'Google My Business', 'HostGator', 'HubSpot WordPress Plugin', 'Jetpack', 'Microdata for Google Shopping', 'NFOrce Internet', 'PHP', 'Sitelinks Search Box', 'Theme In WP', 'UTF-8', 'University or College', 'WP Live Chat Support', 'WPForms', 'Woo Themes', 'WordPress', 'WordPress Multisite', 'WordPress Related Posts', 'Yelp Badge', 'accessiBe', 'jQuery']"
uwdakspecialist.be,Dakwerken & Asbestverwijdering in Vlaanderen | Uw Dakspecialist,UwDakSpecialist,,82,11261,2026-09-11T05:06:52.826381566Z,"['Alternate Protocol', 'Amazon WAF Blocked', 'Astra Theme', 'Contact Form Plugin', 'Elementor', 'EmbedPress', 'GZIP Module', 'Google Analytics', 'Google Cloud DNS', 'Google Maps', 'Google My Business', 'Google Tag Manager', 'HubSpot WordPress Plugin', 'Instagram Follow Button', 'Microdata for Google Shopping', 'Nginx', 'PHP', 'Theme In WP', 'UTF-8', 'Woo Themes', 'WordPress', 'WordPress Multisite', 'WordPress Related Posts', 'jQuery', 'reCAPTCHA']"
edifybrokers.com,Edify Insurance Brokers | Expert Corporate Risk & Employee Insurance Solutions,Edify Brokers,,57,8203,2026-09-11T04:58:23.500755179Z,"['AWS WAF Challenge', 'Alternate Protocol', 'Contact Form Plugin', 'Elementor', 'EmbedPress', 'Fireblade', 'Google Analytics', 'Google Cloud DNS', 'Google Font API', 'Google Related Website Sites', 'Google Tag Manager', 'HubSpot Conversations', 'HubSpot WordPress Plugin', 'Hubspot', 'Microdata for Google Shopping', 'Microsoft Clarity', 'NFOrce Internet', 'Nginx', 'PHP', 'QUIC', 'Share Link', 'Theme In WP', 'UTF-8', 'WordPress', 'WordPress Multisite', 'jQuery']"
mnair.com,Home - Minnesota Air,Minnesota Air,USA,80,27613,2026-09-11T04:41:54.491099581Z,"['Alternate Protocol', 'Astra Theme', 'CDN JS', 'Cloudflare', 'Cloudflare CDN', 'Content Delivery Network', 'ElementUI', 'Elementor', 'EmbedPress', 'Essential Addons for Elementor', 'Facebook Conversion Tracking', 'Facebook Login', 'Facebook Messenger Platform', 'Facebook Pixel', 'Facebook Reseller', 'Facebook Tag API', 'Fastly', 'Font Awesome', 'GZIP Module', 'Google Analytics', 'Google My Business', 'Google Tag Manager', 'Gravity Forms', 'HubSpot Conversations', 'HubSpot WordPress Plugin', 'Hubspot', 'Instagram Follow Button', 'Max Mega Menu', 'Max Mega Menu Pro', 'Meta Slider for WordPress', 'Microdata for Google Shopping', 'MyFonts', 'NFOrce Internet', 'Nginx', 'PHP', 'Pantheon', 'Perl', 'Popup Maker for Wordpress', 'Store Locator WordPress', 'Tailwind CSS', 'Theme In WP', 'Twitter Ads', 'UTF-8', 'WPForms', 'WordPress', 'WordPress Multisite', 'YouTube', 'jQuery', 'jsDelivr', 'reCAPTCHA']"
vestbee.com,"Vestbee | All-In-One Platform Connecting Startups, Investors, Accelerators & Corporates",,,62,54168,2026-09-11T04:37:31.456289655Z,"['AWS WAF Challenge', 'Amazon S3 CDN', 'Apture Linking Platform', 'Checkout.com', 'Cloudinary', 'Fireblade', 'Google Cloud DNS', 'Google Font API', 'Headless UI', 'HubSpot Conversations', 'Hubspot', 'InitiativeS', 'Netlify', 'Nuxt.js', 'QUIC', 'RM Education', 'Storyblocks', 'Twitter Ads', 'Typeform', 'UTF-8', 'Underscores', 'Yahoo Finance Widget', 'shadcn ui']"
prime8ktv.com,Home 1 - Prime 8K IPTV,Prime 8K IPTV,,65,14558,2026-09-11T04:37:31.450319562Z,"['Alternate Protocol', 'Content Delivery Network', 'Elementor', 'EmbedPress', 'Essential Addons for Elementor', 'Express', 'Google', 'Google Cloud DNS', 'Google Font API', 'Google Related Website Sites', 'HubSpot WordPress Plugin', 'LiteSpeed', 'Microdata for Google Shopping', 'NFOrce Internet', 'PHP', 'Table Addons for Elementor', 'Tailwind CSS', 'UTF-8', 'WordPress', 'WordPress Multisite', 'jQuery']"
brendancoutts.com,Brendan Coutts - Photography and Video Production,,CAN,72,14201,2026-09-11T04:37:31.447617943Z,"['Alternate Protocol', 'Elementor', 'EmbedPress', 'GZIP Module', 'Google', 'Google Analytics', 'Google Cloud CDN', 'Google Related Website Sites', 'Google Tag Manager', 'HubSpot WordPress Plugin', 'Instagram Follow Button', 'LiteSpeed', 'Microdata for Google Shopping', 'Newsletter for Wordpress', 'OceanWP', 'PHP', 'Sitelinks Search Box', 'Tailwind CSS', 'Theme In WP', 'UTF-8', 'Vimeo', 'W3 Total Cache', 'WP Mobile Menu', 'WPForms', 'Woo Themes', 'WooCommerce Checkout', 'WordPress', 'WordPress Multisite', 'jQuery']"
argusenterprises.com,HOME | Argus Enterprise,,,65,99248,2026-09-11T04:21:09.573722323Z,"['Alternate Protocol', 'Amazon WAF Blocked', 'Apture Linking Platform', 'Content Delivery Network', 'Express', 'Fastly', 'Fastly CDN', 'GZIP Module', 'HubSpot Conversations', 'Hubspot', 'Microdata for Google Shopping', 'NFOrce Internet', 'PWA', 'QUIC', 'SMC', 'Seflow Italy', 'Sentry', 'SiteW', 'UTF-8', 'Vector Internet Services', 'Wix', 'Wix Media', 'YouTube', 'eLand', 'mlcom']"
zealwayproperties.com,Zeal Way Real Estate » Your Trusted Real Estate Partner,,GBR,75,15067,2026-09-11T04:21:09.57268468Z,"['Alternate Protocol', 'Apache', 'Apture Linking Platform', 'Aruba', 'Contact Form Plugin', 'Creative Mail by Constant Contact', 'Elementor', 'Elementor Custom Skin', 'ElementsKit Elementor', 'EmbedPress', 'Essential Addons for Elementor', 'GZIP Module', 'Google', 'Google Analytics', 'Google Cloud CDN', 'Google Cloud DNS', 'Google Font API', 'Google Tag Manager', 'Houzez', 'HubSpot WordPress Plugin', 'Instagram Follow Button', 'Jetpack', 'LoftLoader', 'MailChimp for WordPress', 'Microdata for Google Shopping', 'NFOrce Internet', 'PHP', 'Site Kit', 'Slider Revolution', 'Table Addons for Elementor', 'Tailwind CSS', 'Thank You', 'Theme In WP', 'Woo Themes', 'WordPress', 'WordPress Multisite', 'WordPress Stats', 'YouTube', 'eLand', 'jQuery', 'shadcn ui']"
eversglobal.com,Strategy Education and Content Consultant - Evers Global,Evers Global,PHL,82,23264,2026-09-11T03:52:51.82969326Z,"['Alternate Protocol', 'Calendly', 'CleanTalk Spam Protect', 'Content Delivery Network', 'Elementor', 'EmbedPress', 'Essential Addons for Elementor', 'Google Analytics', 'Google My Business', 'Google Tag Manager', 'Header, Footer and Blocks for Elementor', 'Hello Elementor', 'HubSpot Conversations', 'HubSpot WordPress Plugin', 'Hubspot', 'Line2', 'LiteSpeed', 'Microdata for Google Shopping', 'NFOrce Internet', 'PHP', 'Premium Addons for Elementor', 'QUIC', 'Theme In WP', 'UTF-8', 'WhatsApp Sharing', 'Woo Themes', 'WooCommerce', 'WooCommerce Checkout', 'WordPress', 'WordPress Multisite', 'YouTube', 'jQuery', 'reCAPTCHA']"
8thgoodmayes.org.uk,8th Goodmayes Scouts Group,,GBR,87,41800,2026-09-11T03:43:46.178435859Z,"['AWS WAF Challenge', 'CDN JS', 'Cloudflare', 'Cloudflare CDN', 'Content Delivery Network', 'Fastly', 'GitHub Hosting', 'GroupMe', 'Hubspot Knowledge Base', 'Instagram Follow Button', 'Microsoft 365', 'Onyx Internet', 'Perl', 'UTF-8', 'jsDelivr']"
smokiestosea.com,"Smokies to Sea | Family-Owned Vacation Rentals in the Smoky Mountains, Tri-Cities TN & Myrtle Beach",,USA,72,23247,2026-09-11T03:43:46.151192027Z,"['Amazon', 'Amazon Associates Affiliate Shop', 'Amazon WAF Blocked', 'Apture Linking Platform', 'Authorize.net', 'CDN JS', 'CartStack', 'Cloudflare', 'Cloudflare CDN', 'DoubleClick Bid Manager', 'ElementUI', 'Facebook Reseller', 'Font Awesome', 'GZIP Module', 'Gambling Content', 'GetResponse', 'GitHub Hosting', 'Google', 'Google Analytics', 'Google Cloud DNS', 'Google Font API', 'Google Maps', 'Google Matched Content', 'Google My Business', 'Google Reseller', 'Google Tag Manager', 'Hubspot', 'Microdata for Google Shopping', 'New Relic', 'Next.js', 'Nginx', 'Ntent', 'Oddle', 'Pleroma', 'Social Intents', 'Stripe', 'Styled Components', 'UTF-8', 'Way']"
emaginelb.me,Emagine — Shopify Partner Agency · Lebanon · KSA · UAE,emagine,LBN,77,33756,2026-09-11T03:31:55.490422206Z,"['AWS WAF Challenge', 'Alternate Protocol', 'Amazon', 'Amazon WAF Blocked', 'Apture Linking Platform', 'Cloudflare', 'Content Delivery Network', 'Elementor', 'EmbedPress', 'Facebook Conversion Tracking', 'Facebook Login', 'Facebook Messenger Platform', 'Facebook Pixel', 'Facebook Reseller', 'Facebook Tag API', 'Google', 'Google Analytics', 'Google Cloud DNS', 'Google Font API', 'Google Tag Manager', 'Hello Elementor', 'Hotjar', 'HubSpot WordPress Plugin', 'Microdata for Google Shopping', 'NFOrce Internet', 'PHP', 'PixelYourSite', 'Table Addons for Elementor', 'UTF-8', 'WP Engine', 'WP Rocket', 'WordPress', 'WordPress Multisite', 'jQuery']"
belaydiagnostics.com,Belay Diagnostics | CSF Liquid Biopsy for CNS Cancer,Belay Diagnostics,USA,82,25279,2026-09-11T03:25:27.616513121Z,"['Alternate Protocol', 'BetterDocs', 'Content Delivery Network', 'CookieConsent', 'Crisp', 'Elementor', 'EmbedPress', 'Fastly', 'GZIP Module', 'Google Analytics', 'Google Tag Manager', 'Gravity', 'HubSpot Conversations', 'HubSpot WordPress Plugin', 'Hubspot', 'Instagram Follow Button', 'Lazy Load for WordPress', 'Microdata for Google Shopping', 'NFOrce Internet', 'Nginx', 'PHP', 'Sitelinks Search Box', 'Theme In WP', 'UTF-8', 'Woo Themes', 'WordPress', 'WordPress Multisite', 'jQuery']"
trioliet.biz,"Feed mixers, diet feeders and feeding robots | TRIOLIET",,NLD,62,11420,2026-09-11T03:19:01.638333114Z,"['Alternate Protocol', 'Facebook Conversion Tracking', 'Facebook Login', 'Facebook Messenger Platform', 'Facebook Pixel', 'Facebook Reseller', 'Facebook Tag API', 'GZIP Module', 'Google Analytics', 'Google Tag Manager', 'Hotjar', 'HubSpot Conversations', 'Hubspot', 'Instagram Follow Button', 'Microdata for Google Shopping', 'Nginx', 'Schema Plugin', 'UTF-8', 'Vimeo', 'YouTube', 'eLand']"
zietz.se,ZiETZ | Get your communication moving,ZiETZ,SWE,77,14748,2026-09-11T03:12:04.84668329Z,"['Alternate Protocol', 'Crisp', 'Elementor', 'EmbedPress', 'Essential Addons for Elementor', 'Google Analytics', 'Google Cloud DNS', 'Google Font API', 'Google My Business', 'Google Related Website Sites', 'Google Tag Manager', 'Hello Elementor', 'HubSpot WordPress Plugin', 'Instagram Follow Button', 'LoftLoader', 'Microdata for Google Shopping', 'NFOrce Internet', 'Nginx', 'OoohBoi Steroids for Elementor', 'PHP', 'Perl', 'UTF-8', 'Vimeo', 'WordPress', 'WordPress Multisite', 'YouTube', 'eLand', 'jQuery', 'reCAPTCHA']"
ablemoving.com,"Able Moving & Storage, Inc. | Moving Company | Storage | DC, MD, VA",Able Moving & Storage,USA,82,65815,2026-09-11T03:12:04.800714416Z,"['Alternate Protocol', 'Content Delivery Network', 'Elementor', 'EmbedPress', 'Facebook Reseller', 'Fastly', 'GZIP Module', 'Google Analytics', 'Google My Business', 'Google Tag Manager', 'Gravity', 'Gravity Forms', 'HHVM', 'Hello Elementor', 'HubSpot Conversations', 'Hubspot', 'Instagram Feed for WordPress', 'Instagram Follow Button', 'Microdata for Google Shopping', 'NFOrce Internet', 'Nginx', 'PDF Embedder for Wordpress', 'Pagekit', 'QUIC', 'SMC', 'Smush Image Optimization', 'UTF-8', 'WordPress', 'WordPress Multisite', 'YouTube', 'jQuery', 'reCAPTCHA']"
ovhorticulture.com,Home - Veritiv Visual Horticulture,Veritiv,,67,42419,2026-09-11T03:12:04.799300225Z,"['AWS WAF Challenge', 'Algolia', 'Alternate Protocol', 'Cloudflare', 'Content Delivery Network', 'Elementor', 'EmbedPress', 'Essential Addons for Elementor', 'Essential Blocks for Gutenberg', 'Google Analytics', 'Google Tag Manager', 'Hello Elementor', 'HubSpot Conversations', 'HubSpot WordPress Plugin', 'Hubspot', 'Microdata for Google Shopping', 'NFOrce Internet', 'PHP', 'Theme In WP', 'Trustarc Cookie Consent', 'UTF-8', 'WP Engine', 'WordPress', 'WordPress Multisite', 'YouTube', 'jQuery']"
nahypothyroidism.org,Home - NAHIS,NAHIS,FRA,72,30305,2026-09-11T02:58:10.699296259Z,"['Alternate Protocol', 'Amazon WAF Blocked', 'Anti-spam for WordPress', 'Apache', 'Aruba', 'Autoptimize', 'Bulma', 'CleanTalk Spam Protect', 'DAV', 'Elementor', 'EmbedPress', 'Fireblade', 'Font Awesome', 'GZIP Module', 'Google', 'Google Analytics', 'Google Cloud DNS', 'Google Font API', 'Google Tag Manager', 'Gravity', 'Gravity Forms', 'HubSpot Conversations', 'Hubspot', 'Instagram Follow Button', 'Microdata for Google Shopping', 'NFOrce Internet', 'PHP', 'Perl', 'QUIC', 'Slider Revolution', 'Stripe', 'Theme In WP', 'UTF-8', 'Vercel', 'WP Super Cache', 'WP-Members', 'Woo Themes', 'WordPress', 'WordPress Multisite', 'YouTube', 'eLand', 'jQuery']"
thepremiumpackage.com,Premium Package Inc – Healthcare Solutions Team,,,55,111,2026-09-11T02:43:19.294623868Z,"['Alternate Protocol', 'Apache', 'Better Lead Generation Services', 'CheryFramework', 'EmbedPress', 'Facebook Login', 'Facebook Messenger Platform', 'Facebook Reseller', 'GZIP Module', 'Google Cloud DNS', 'Google Font API', 'HubSpot Conversations', 'HubSpot WordPress Plugin', 'Hubspot', 'Kallyas', 'PHP', 'Sapper', 'Slider Revolution', 'Subversion', 'Thank You', 'Theme In WP', 'UTF-8', 'Woo Themes', 'WooCommerce', 'WooCommerce Checkout', 'WordPress', 'WordPress Multisite', 'bbPress', 'jQuery']"
womeninminingsummit.com.au,Home,,CAN,67,13200,2026-09-11T02:22:43.150429558Z,"['Cloudflare', 'Cloudflare CDN', 'Content Delivery Network', 'Fastly', 'Google Analytics', 'Google Tag Manager', 'Hubspot Knowledge Base', 'InitiativeS', 'QUIC', 'UTF-8', 'YouTube']"
securityasi.com,ASI Security | Home Security System Installers Battle Creek MI,,USA,72,19956,2026-09-11T02:12:01.711174219Z,"['Alternate Protocol', 'Ametys', 'Apache', 'Contact Form Plugin', 'Elementor', 'EmbedPress', 'GZIP Module', 'Google Analytics', 'Google Tag Manager', 'HubSpot Conversations', 'Hubspot', 'IcoMoon', 'Investor Relations', 'NFOrce Internet', 'PHP', 'RM Education', 'Theme In WP', 'UTF-8', 'WordPress', 'WordPress Multisite', 'YouTube', 'jQuery', 'jsDelivr']"
barrywilliamsplumbing.com,Brunswick Co. Treatment Plant -,barrywilliamsplumbing.com,,75,10045,2026-09-11T02:12:01.699562315Z,"['Alternate Protocol', 'Bing Cashback', 'Cloudflare', 'Content Delivery Network', 'Custom Twitter Feeds', 'Divi', 'DuracellTomi Google Tag Manager for WordPress', 'Elegant Themes', 'EmbedPress', 'Facebook Conversion Tracking', 'Facebook Login', 'Facebook Messenger Platform', 'Facebook Pixel', 'Facebook Reseller', 'Facebook Tag API', 'Google Analytics', 'Google Cloud DNS', 'Google Font API', 'Google My Business', 'Google Tag Manager', 'HubSpot WordPress Plugin', 'Microdata for Google Shopping', 'PHP', 'Theme In WP', 'UTF-8', 'WP Featherlight', 'Woo Themes', 'WordPress', 'WordPress Multisite', 'jQuery']"
onenought.one,One Nought One | Algorithm Marketing for Brands,One Nought One,IND,67,120281,2026-09-11T02:06:22.590194229Z,"['AWS WAF Challenge', 'Alternate Protocol', 'Amazon WAF Blocked', 'Apture Linking Platform', 'Content Delivery Network', 'DAV', 'DC74', 'Express', 'Facebook Customer Chat SDK', 'Facebook Login', 'Facebook Reseller', 'Fastly', 'Fastly CDN', 'GZIP Module', 'Google Related Website Sites', 'HubSpot Conversations', 'Hubspot', 'Instagram Follow Button', 'Microdata for Google Shopping', 'NFOrce Internet', 'PWA', 'Perl', 'QUIC', 'SMC', 'Seflow Italy', 'Sentry', 'SiteW', 'Sitelinks Search Box', 'Thank You', 'UTF-8', 'Vector Internet Services', 'WP Booking Calendar', 'Wix', 'Wix Media', 'mlcom']"
paustenbachandassociates.com,Strategic Health Sciences - TRC Companies,,USA,92,59592,2026-09-11T01:52:58.58407998Z,"['AWS WAF Challenge', 'Alternate Protocol', 'Amazon WAF Blocked', 'Apture Linking Platform', 'Aruba', 'Cloudflare', 'Cloudflare CDN', 'Content Delivery Network', 'Corporate Governance and Regulatory Compliance', 'CrazyEgg', 'Cybot', 'DAV', 'DoubleClick Bid Manager', 'EmbedPress', 'Ethy', 'Facebook Reseller', 'Fireblade', 'GitHub Hosting', 'Google', 'Google Analytics', 'Google Cloud CDN', 'Google Cloud DNS', 'Google Font API', 'Google My Business', 'Google Related Website Sites', 'Google Tag Manager', 'Gravity', 'Gravity Forms', 'Hubspot', 'IcoMoon', 'Instagram Follow Button', 'Lazy Load for WordPress', 'Microdata for Google Shopping', 'Microsoft Clarity', 'Oktopost', 'PHP', 'Popup Maker for Wordpress', 'QUIC', 'SearchWP', 'Subversion', 'Theme In WP', 'UTF-8', 'WP PageNavi', 'WP Rocket', 'WPML Multilingual', 'Woo Themes', 'WordPress', 'WordPress Multisite', 'eLand', 'jQuery', 'reCAPTCHA']"
amplified-credit.com,Amplified Credit USA,,,50,763,2026-09-11T01:52:58.568503287Z,"['AWS WAF Challenge', 'Alternate Protocol', 'CDN JS', 'Cloudflare', 'Cloudflare CDN', 'Contact Form Plugin', 'Elementor', 'EmbedPress', 'Google', 'Google Analytics', 'Google Cloud DNS', 'Google Font API', 'Google My Business', 'Google Tag Manager', 'HubSpot Conversations', 'HubSpot WordPress Plugin', 'Hubspot', 'LiteSpeed', 'NFOrce Internet', 'Nationwide Mortgage Licensing System and Registry', 'PHP', 'Theme In WP', 'UTF-8', 'WordPress', 'WordPress Multisite', 'jQuery']"
goodstoryvillage.com,Home,,,50,1926,2026-09-11T01:42:13.818868355Z,"['Amazon', 'Amazon Associates Affiliate Shop', 'Amazon WAF Blocked', 'Apture Linking Platform', 'Authorize.net', 'CDN JS', 'CartStack', 'Cloudflare', 'Cloudflare CDN', 'DoubleClick Bid Manager', 'ElementUI', 'Facebook Reseller', 'Font Awesome', 'GZIP Module', 'Gambling Content', 'GetResponse', 'GitHub Hosting', 'Google', 'Google Analytics', 'Google Cloud DNS', 'Google Font API', 'Google Maps', 'Google Matched Content', 'Google My Business', 'Google Reseller', 'Google Tag Manager', 'Hubspot', 'Microdata for Google Shopping', 'New Relic', 'Next.js', 'Nginx', 'Ntent', 'Oddle', 'Pleroma', 'Social Intents', 'Stripe', 'Styled Components', 'UTF-8', 'Way']"
miaplatform.eu,Mia-Platform: The AI-Native Developer Platform,Mia-Platform,ITA,87,19200,2026-09-11T01:42:13.811407614Z,"['Alternate Protocol', 'Automattic', 'Azion', 'BatCache', 'Content Delivery Network', 'Corporate Governance and Regulatory Compliance', 'EmbedPress', 'Fastly', 'GitHub Hosting', 'Google', 'Google Analytics', 'Google Cloud DNS', 'Google Font API', 'Google Related Website Sites', 'Google Tag Manager', 'HubSpot WordPress Plugin', 'IcoMoon', 'Instagram Follow Button', 'Jetpack', 'Jetpack Site Accelerator', 'Microdata for Google Shopping', 'NFOrce Internet', 'Nginx', 'PHP', 'Sitelinks Search Box', 'Structured Content for WordPress', 'Tailwind CSS', 'Theme In WP', 'Twitter Ads', 'UTF-8', 'WPML Multilingual', 'WordPress', 'WordPress Multisite', 'WordPress Stats', 'YouTube']"
conduitpower.net,Conduit Power,,USA,72,86833,2026-09-11T01:22:26.061249548Z,"['Apture Linking Platform', 'Aruba', 'Express', 'GZIP Module', 'Google Analytics', 'Google Related Website Sites', 'Google Tag Manager', 'HubSpot Conversations', 'Hubspot', 'Line2', 'Magento Enterprise', 'Microdata for Google Shopping', 'QUIC', 'SiteW', 'Squarespace', 'UTF-8', 'WordPress SEO Structured Data Schema Plugin', 'eLand']"
sanvishealth.com,Sanvis Health,,AUS,65,29634,2026-09-11T01:06:57.040459106Z,"['AWS WAF Challenge', 'Alternate Protocol', 'Apture Linking Platform', 'Content Delivery Network', 'Cornerstone', 'Corporate Governance and Regulatory Compliance', 'DAV', 'EmbedPress', 'GZIP Module', 'Google', 'Google Analytics', 'Google Cloud CDN', 'Google Cloud DNS', 'Google Font API', 'Google Tag Manager', 'HubSpot Conversations', 'Hubspot', 'IcoMoon', 'LiteSpeed', 'Ninja Forms', 'NitroPack', 'PHP', 'Popup Maker for Wordpress', 'QUIC', 'Shopify', 'Slider Revolution', 'Twitter Ads', 'UTF-8', 'WPBakery', 'Woo Themes', 'WordPress', 'WordPress Multisite']"
dr-reuter.clinic,Holistic Medical Care Dubai | Integrated Health and Wellness,,SYC,77,55049,2026-09-11T00:58:02.078758132Z,"['AWS WAF Challenge', 'Alternate Protocol', 'Call to Visit', 'Contento', 'EmbedPress', 'Google', 'Google Analytics', 'Google Cloud DNS', 'Google Customer Reviews', 'Google Font API', 'Google My Business', 'Google Related Website Sites', 'Google Tag Manager', 'Hotjar', 'HubSpot WordPress Plugin', 'Instagram Follow Button', 'LiteSpeed', 'Microdata for Google Shopping', 'Ntent', 'PHP', 'QUIC', 'Sitelinks Search Box', 'Tailwind CSS', 'Theme In WP', 'UTF-8', 'WordPress', 'WordPress Multisite', 'jQuery']"
delvify.ai,AI-Powered Material Sourcing for Fashion | Delvify,Delvify,,82,35446,2026-09-11T00:49:12.170437785Z,"['Alternate Protocol', 'Automattic', 'BatCache', 'Content Delivery Network', 'Elementor', 'EmbedPress', 'Fastly', 'FreeCSSTemplates', 'Google Analytics', 'Google Related Website Sites', 'Google Tag Manager', 'Gutenberg', 'Hello Elementor', 'HubSpot Conversations', 'HubSpot WordPress Plugin', 'Hubspot', 'Instagram Follow Button', 'Jetpack', 'Jetpack Site Accelerator', 'MailChimp', 'Microdata for Google Shopping', 'NFOrce Internet', 'Nginx', 'Onyx Internet', 'QUIC', 'Site Kit', 'Sitelinks Search Box', 'Table Addons for Elementor', 'TablePress', 'Twitter Ads', 'UTF-8', 'WordPress', 'WordPress Multisite', 'WordPress Stats', 'jQuery']"
agchoice.com,Your Agricultural Lending Company | Horizon Farm Credit,,USA,82,28356,2026-09-11T00:43:59.426366324Z,"['Content Delivery Network', 'Drupal', 'Fancybox for WordPress', 'Fastly', 'Fireblade', 'FormSubmit', 'GZIP Module', 'Google Analytics', 'Google Related Website Sites', 'Google Tag Manager', 'HubSpot Conversations', 'Hubspot', 'Instagram Follow Button', 'Microdata for Google Shopping', 'Nationwide Mortgage Licensing System and Registry', 'Nginx', 'Schema Plugin', 'Twitter Ads', 'UTF-8', 'YouTube', 'jQuery']"
united-telecoms.co.uk,Business PABX/PBX Switchboard Phone Systems Supplier | UK's One Stop Business Telecoms Superstore,United Telecoms,GBR,82,27032,2026-09-11T00:34:52.250345993Z,"['AWS WAF Challenge', 'Alternate Protocol', 'Amazon WAF Blocked', 'Apture Linking Platform', 'Aruba', 'Better Lead Generation Services', 'Cloudflare', 'Content Delivery Network', 'EmbedPress', 'Flatsome', 'Font Awesome', 'Google Analytics', 'Google Customer Reviews', 'Google Tag Manager', 'Gravity', 'Gravity Forms', 'HubSpot WordPress Plugin', 'IcoMoon', 'Lazy Load for WordPress', 'Microdata for Google Shopping', 'PHP', 'Tailwind CSS', 'Theme In WP', 'UTF-8', 'WP Engine', 'WP Rocket', 'Woo Themes', 'WooCommerce', 'WooCommerce Checkout', 'WooCommerce Payments', 'WordPress', 'WordPress Multisite', 'eLand', 'jQuery']"
erigo.com.au,"Residential aged care, home care consultants",Erigo,,72,45160,2026-09-11T00:31:10.339366151Z,"['AWS WAF Challenge', 'Adult Content', 'Alternate Protocol', 'Automattic', 'BatCache', 'Content Delivery Network', 'Creative Mail by Constant Contact', 'Crowdsignal', 'EmbedPress', 'Fastly', 'Google Related Website Sites', 'Gravity Forms', 'Gutenberg', 'HubSpot Conversations', 'HubSpot WordPress Plugin', 'Hubspot', 'Instagram Follow Button', 'Ixion', 'Jetpack', 'Jetpack Site Accelerator', 'MailChimp for WordPress', 'Microdata for Google Shopping', 'Nginx', 'PHP', 'Schema Plugin', 'Theme In WP', 'UTF-8', 'Ultimate Blocks', 'Vector Internet Services', 'WPForms', 'Woo Themes', 'WordPress', 'WordPress Multisite', 'WordPress Stats', 'YouTube', 'jQuery', 'myStickymenu']"
used4sale.com,Used4Sale – UAE used store,,,70,16250,2026-09-11T00:31:10.3337965Z,"['Alternate Protocol', 'App Store', 'Contact Form Plugin', 'Elementor', 'EmbedPress', 'Fastly', 'GZIP Module', 'Google', 'Google Cloud CDN', 'Google Cloud DNS', 'Google Font API', 'Google My Business', 'Google Play', 'Google Related Website Sites', 'HubSpot WordPress Plugin', 'IcoMoon', 'LiteSpeed', 'Nginx', 'PHP', 'QUIC', 'Slider Revolution', 'Theme In WP', 'UTF-8', 'WP Job Manager', 'WPBakery', 'Woo Themes', 'WooCommerce', 'WooCommerce Checkout', 'WordPress', 'WordPress Multisite', 'YITH WooCommerce Compare', 'jQuery']"
ascrsmarketing.org,EyeWorld | ASCRS Marketing & Sales Partnerships,ASCRS Marketing & Sales Partnerships,,57,1083,2026-09-11T00:31:10.319743847Z,"['AWS WAF Challenge', 'Alternate Protocol', 'Cloudflare', 'Cloudflare CDN', 'EmbedPress', 'Fastly', 'Google', 'Google Analytics', 'Google Cloud DNS', 'Google Font API', 'Google My Business', 'Google Tag Manager', 'HubSpot Conversations', 'HubSpot WordPress Plugin', 'Hubspot', 'Instagram Follow Button', 'Microdata for Google Shopping', 'Newsletter for Wordpress', 'Nginx', 'OceanWP', 'PHP', 'Tailwind CSS', 'Theme In WP', 'UTF-8', 'WP Mobile Menu', 'WPForms', 'Woo Themes', 'WooCommerce Checkout', 'WordPress', 'WordPress Multisite', 'YouTube', 'jQuery']"
rominaday.com,Romina Day,,,57,1011,2026-09-11T00:22:34.979937216Z,"['AJAX Libraries API', 'Amazon', 'Amazon CloudFront', 'Animate It', 'Apollo IO', 'Apture Linking Platform', 'ArvanCloud', 'CloudFront', 'Cloudflare', 'Content Delivery Network', 'ElementUI', 'GZIP Module', 'Google', 'Google Analytics', 'Google Cloud DNS', 'Google Font API', 'Google Tag Manager', 'HubSpot Conversations', 'Hubspot', 'Instagram Follow Button', 'LinkedIn Insights', 'LinkedIn Pixel', 'QUIC', 'Tailwind CSS', 'UTF-8', 'WF Cookie Consent', 'Webflow', 'jsDelivr']"
john.vn,JOHN Academy - Học viện Thực hành Quản trị Mục tiêu,JOHN Academy - Học viện Thực hành Quản trị Mục tiêu,JPN,77,9918,2026-09-11T00:06:49.248710897Z,"['AJAX Libraries API', 'Alternate Protocol', 'CDN JS', 'Cloudflare', 'Cloudflare CDN', 'Contact Form Plugin', 'Elementor', 'EmbedPress', 'Facebook Customer Chat SDK', 'Facebook Login', 'Facebook Reseller', 'Fancybox for WordPress', 'GZIP Module', 'GeneratePress Company', 'Google Analytics', 'Google Cloud DNS', 'Google Tag Manager', 'HubSpot WordPress Plugin', 'Microdata for Google Shopping', 'Nginx', 'PHP', 'Theme In WP', 'UTF-8', 'WP PageNavi', 'WordPress', 'WordPress Multisite', 'YouTube', 'jQuery', 'jsDelivr']"
praktijktestament.nl,home -,,,65,53921,2026-09-11T00:02:02.039053148Z,"['AWS WAF Challenge', 'Alternate Protocol', 'Astra Theme', 'Cloudflare', 'Cloudflare CDN', 'Ektron', 'Elementor', 'EmbedPress', 'GZIP Module', 'Google', 'Google My Business', 'HubSpot WordPress Plugin', 'Microdata for Google Shopping', 'NFOrce Internet', 'Nginx', 'PHP', 'SiteGround Optimizer', 'Theme In WP', 'UTF-8', 'Woo Themes', 'WordPress', 'WordPress Multisite', 'WordPress Related Posts', 'jQuery']"
proterragenetics.com,Proterraglobal,,,50,3416,2026-09-11T00:02:01.968886986Z,"['AWS WAF Challenge', 'Cloudflare', 'Cloudflare CDN', 'Content Delivery Network', 'Fastly', 'GitHub Hosting', 'GroupMe', 'Hubspot Knowledge Base', 'Onyx Internet', 'Perl', 'QUIC', 'UTF-8', 'YouTube']"
ukitservice.co.uk,IT Support London - UK IT Service,UK IT Service,GBR,87,39881,2026-09-10T23:44:00.40966817Z,"['AWS WAF Challenge', 'Alternate Protocol', 'Better Lead Generation Services', 'Cloudflare', 'Cloudflare CDN', 'Contact Form Plugin', 'Content Delivery Network', 'EmbedPress', 'Facebook Login', 'Facebook Messenger Platform', 'Facebook Reseller', 'Fastly', 'GZIP Module', 'Google', 'Google Analytics', 'Google Cloud DNS', 'Google Font API', 'Google My Business', 'Google Tag Manager', 'HubSpot Conversations', 'HubSpot WordPress Plugin', 'Hubspot', 'Max Mega Menu', 'Max Mega Menu Pro', 'Microdata for Google Shopping', 'Nginx', 'Oxygen', 'Oxygen Builder', 'QUIC', 'Twenty Twenty-Three', 'Twitter Ads', 'UTF-8', 'Ultimate Social Media', 'WordPress', 'WordPress Multisite', 'jQuery']"
mountfoodji.com,Restaurant,,USA,67,60761,2026-09-10T23:30:14.70507233Z,"['Alternate Protocol', 'Apache', 'Click to Chat for WhatsApp', 'EmbedPress', 'Facebook Conversion Tracking', 'Facebook Login', 'Facebook Messenger Platform', 'Facebook Pixel', 'Facebook Reseller', 'Facebook Tag API', 'FormSubmit', 'GZIP Module', 'Google Adsense', 'Google Analytics', 'Google Funding Choices', 'Google Matched Content', 'Google My Business', 'Google Reseller', 'Google Tag Manager', 'HubSpot WordPress Plugin', 'IcoMoon', 'Instagram Follow Button', 'Jetpack', 'PHP', 'PixelYourSite', 'SMC', 'Simple Social Icons', 'ThemeFusion', 'Twitter Ads', 'UTF-8', 'WordPress', 'WordPress Multisite', 'WordPress Stats', 'YouTube', 'jQuery']"
tectonicteam.com,"Event Solution Specialists | TECTONIC | Event Management, Staffing",TectonicTeam,USA,77,21418,2026-09-10T23:26:39.054911308Z,"['Alternate Protocol', 'Calendly', 'Elementor', 'GitHub Hosting', 'Google Cloud DNS', 'Google Font API', 'Google Related Website Sites', 'HubSpot Conversations', 'HubSpot WordPress Plugin', 'Hubspot', 'Instagram Follow Button', 'Max Mega Menu Pro', 'Microdata for Google Shopping', 'PHP', 'Share Link', 'Twitter Ads', 'UTF-8', 'WPForms', 'Woo Themes', 'WordPress', 'WordPress Multisite', 'jQuery']"
bigomics.ch,Omics Analysis Software | BigOmics Analytics,BigOmics Analytics,CHE,82,19618,2026-09-10T22:52:08.591476471Z,"['Alternate Protocol', 'Automattic', 'Content Delivery Network', 'Custom Twitter Feeds', 'DAV', 'Elementor', 'EmbedPress', 'Essential Addons for Elementor', 'Essential Blocks for Gutenberg', 'Ethy', 'Express', 'GS Logo Slider', 'GitHub Hosting', 'Google', 'Google Analytics', 'Google Cloud DNS', 'Google Font API', 'Google My Business', 'Google Related Website Sites', 'Google Tag Manager', 'HubSpot WordPress Plugin', 'Jetpack', 'Jetpack Site Accelerator', 'Mouseflow', 'NFOrce Internet', 'Nginx', 'One Designs', 'OnePress', 'PHP', 'Royal Elementor Addons', 'Seflow Italy', 'Theme In WP', 'To Top', 'Twitter Ads', 'UTF-8', 'University or College', 'WPForms', 'WordPress', 'WordPress Multisite', 'WordPress Stats', 'YouTube', 'jQuery', 'shadcn ui']"
get-stable.com,Stable | Business Address Service & Virtual Mailbox | AI-Powered Mail Management,,VEN,77,57432,2026-09-10T22:44:04.14355959Z,"['AJAX Libraries API', 'Alternate Protocol', 'Amazon', 'Amazon CloudFront', 'Apture Linking Platform', 'Cisco/Arrowpoint Content Service Switch', 'CloudFront', 'Cloudflare', 'Content Delivery Network', 'Flow', 'GZIP Module', 'Google', 'Google Analytics', 'Google Cloud DNS', 'Google Font API', 'Google Related Website Sites', 'Google Tag Manager', 'HubSpot Conversations', 'Hubspot', 'IcoMoon', 'Intercom', 'Microdata for Google Shopping', 'Perl', 'QUIC', 'Tailwind CSS', 'UTF-8', 'WF Cookie Consent', 'Webflow', 'YouTube']"
i-media-group.net,Digital Music Distribution - Sell Your Music Online - sharqiproduction,,IND,77,54920,2026-09-10T22:42:29.279424469Z,"['AWS WAF Challenge', 'Alternate Protocol', 'Apache', 'Facebook Login', 'Facebook Messenger Platform', 'Facebook Pixel', 'Facebook Reseller', 'Fireblade', 'GZIP Module', 'Google Related Website Sites', 'HubSpot WordPress Plugin', 'Hubspot', 'Instagram Follow Button', 'Microdata for Google Shopping', 'Tailwind CSS', 'Twitter Ads', 'Vector Internet Services', 'WordPress', 'WordPress Multisite', 'YouTube', 'shadcn ui']"
insulatepipe.com,PermaTherm Pipe Insulation | Complete Cold Pipe Insulation systems: Closed Cell Rigid Foam such as Polyurethane (Polyisocyanurate) and Polystyrene (XPS & EPS); high Thermal Resistance & Strength; delivered ready to install,,,55,15241,2026-09-10T22:21:22.219355797Z,"['Alternate Protocol', 'Divi', 'Elegant Themes', 'EmbedPress', 'Google', 'Google Analytics', 'Google Cloud CDN', 'Google Cloud DNS', 'Google Font API', 'Google Tag Manager', 'HubSpot Conversations', 'HubSpot WordPress Plugin', 'Hubspot', 'Nginx', 'PHP', 'Pardot for WordPress', 'Theme In WP', 'UTF-8', 'Woo Themes', 'WordPress', 'WordPress Multisite', 'dc.js', 'eLand', 'jQuery']"
b247d.ink,IPC North | Indianapolis Pickleball Club,,USA,60,26985,2026-09-10T22:13:50.534452939Z,"['Amazon WAF Blocked', 'Apture Linking Platform', 'Commoninja', 'Content Delivery Network', 'DAV', 'Express', 'Fastly', 'Fastly CDN', 'GZIP Module', 'Google Analytics', 'Google Customer Reviews', 'Google Related Website Sites', 'Google Tag Manager', 'HubSpot Conversations', 'Hubspot', 'Instagram Follow Button', 'NFOrce Internet', 'PWA', 'Perl', 'Pico CSS', 'QUIC', 'SMC', 'Seflow Italy', 'Sentry', 'SiteW', 'Subversion', 'Thank You', 'UTF-8', 'Vector Internet Services', 'WP Booking Calendar', 'Wix', 'Wix Media', 'YouTube', 'eLand', 'mlcom']"
plumbernearallenpark.com,Home,,USA,67,68200,2026-09-10T22:13:50.533235535Z,"['CDN JS', 'Cloudflare', 'Cloudflare CDN', 'Content Delivery Network', 'Fastly', 'Fireblade', 'Hubspot Knowledge Base', 'ON24', 'QUIC', 'UTF-8']"
donaninafishingtours.com,Dominican Republic Fishing Charters | Expert Guided Trips,Dona Nina Fishing Tours,DOM,82,75361,2026-09-10T22:10:47.212221225Z,"['AWS WAF Challenge', 'Amazon', 'Amazon API Gateway', 'Amazon CloudFront', 'Amazon Route 53', 'Apture Linking Platform', 'Barracuda Web App Firewall', 'CloudFront', 'Coming Soon Page', 'Content Delivery Network', 'DoubleClick Bid Manager', 'Fastly', 'GZIP Module', 'Google Cloud DNS', 'Google Maps', 'Heap', 'Hubspot', 'Instagram Follow Button', 'Line2', 'Microdata for Google Shopping', 'Next.js', 'Pleroma', 'QUIC', 'Stripe', 'Tailwind CSS', 'The Fresh', 'UTF-8', 'Vimeo', 'YouTube']"
hookedupllc.com,Leech Lake Fishing Guides | Walker to Cass Lake Charters,Hooked Up LLC ,USA,77,20322,2026-09-10T22:10:47.210861157Z,"['Amazon', 'Amazon API Gateway', 'Amazon CloudFront', 'Amazon Route 53', 'Apture Linking Platform', 'CloudFront', 'Content Delivery Network', 'DoubleClick Bid Manager', 'Fastly', 'GZIP Module', 'Google Cloud DNS', 'Google Maps', 'Heap', 'Hubspot', 'Line2', 'Microdata for Google Shopping', 'Next.js', 'Pleroma', 'QUIC', 'Stripe', 'Tailwind CSS', 'UTF-8', 'Vimeo', 'YouTube']"
meriplextelecom.com,"Managed IT, Professional and Cybersecurity Services by Meriplex",Meriplex,USA,77,63764,2026-09-10T22:00:11.159774588Z,"['AWS WAF Challenge', 'Alternate Protocol', 'Apture Linking Platform', 'Aruba', 'Cisco/Arrowpoint Content Service Switch', 'Cloudflare', 'Content Delivery Network', 'Corporate Governance and Regulatory Compliance', 'Elementor', 'ElementsKit Elementor', 'EmbedPress', 'Fireblade', 'FreeCSSTemplates', 'GZIP Module', 'GeneratePress Company', 'Google Analytics', 'Google My Business', 'Google Related Website Sites', 'Google Tag Manager', 'HubSpot Conversations', 'HubSpot WordPress Plugin', 'Hubspot', 'Microdata for Google Shopping', 'NFOrce Internet', 'PHP', 'Perl', 'Premium Addons for Elementor', 'Site Kit', 'Table Addons for Elementor', 'TablePress', 'Theme In WP', 'Twitter Ads', 'UTF-8', 'Vector Internet Services', 'WP Engine', 'WordPress', 'WordPress Multisite', 'YouTube', 'jQuery']"
frontera.health,Autism ABA Software & Behavioral Health Technology | Frontera,Frontera Health,USA,92,50877,2026-09-10T21:53:09.645859794Z,"['AWS WAF Challenge', 'Alternate Protocol', 'Amazon WAF Blocked', 'Apture Linking Platform', 'Cloudflare', 'Content Delivery Network', 'Elementor', 'EmbedPress', 'Google Analytics', 'Google My Business', 'Google Tag Manager', 'Greenhouse', 'Hello Elementor', 'HubSpot Conversations', 'Hubspot', 'Instagram Follow Button', 'Microdata for Google Shopping', 'NFOrce Internet', 'Ninja Forms', 'QUIC', 'UTF-8', 'WP Engine', 'WordPress', 'WordPress Multisite', 'accessiBe', 'reCAPTCHA']"
moraviayachting.mc,Superyacht Brokerage | Monaco Yacht Brokerage,,MCO,77,16419,2026-09-10T21:43:23.487830041Z,"['Alternate Protocol', 'Apache', 'CookieYes', 'EmbedPress', 'Essential Addons for Elementor', 'Essential Blocks for Gutenberg', 'Facebook Reseller', 'Fastly', 'Google', 'Google Analytics', 'Google My Business', 'Google Tag Manager', 'Gravity', 'Gravity Forms', 'HubSpot WordPress Plugin', 'Instagram Follow Button', 'LiteSpeed', 'Microdata for Google Shopping', 'PHP', 'Premium Addons for Elementor', 'QUIC', 'Site Kit', 'Tailwind CSS', 'Theme In WP', 'UTF-8', 'Vimeo', 'WordPress', 'WordPress Multisite', 'jQuery', 'jsDelivr', 'reCAPTCHA']"
dayandage.com,Home - Day&Age,Day—Age,,62,12589,2026-09-10T21:34:37.213255074Z,"['Alternate Protocol', 'Content Delivery Network', 'EmbedPress', 'Fastly', 'GZIP Module', 'Google Analytics', 'Google Tag Manager', 'HubSpot Conversations', 'Hubspot', 'Instagram Follow Button', 'Microdata for Google Shopping', 'PHP', 'Theme In WP', 'UTF-8', 'WordPress', 'WordPress Multisite', 'eLand', 'jQuery']"
innvestio.gr,Innovative solutions about printing and packaging | Innvestio Hellas,,,67,12283,2026-09-10T21:34:37.205478034Z,"['Cybot', 'Facebook Conversion Tracking', 'Facebook Login', 'Facebook Messenger Platform', 'Facebook Pixel', 'Facebook Reseller', 'Facebook Tag API', 'GZIP Module', 'Google Analytics', 'Google Cloud DNS', 'Google Font API', 'Google Tag Manager', 'GrandNode', 'HubSpot Conversations', 'Hubspot', 'PHP', 'UTF-8', 'WoWonder', 'YouTube', 'jQuery', 'nopCommerce']"
